domain,cell_id,cell_mae,method
CALB,CALB/CALB_0_B182,0.07003014673903026,pointwise_tube
CALB,CALB/CALB_0_B183,0.05770406334881683,pointwise_tube
CALB,CALB/CALB_0_B184,0.041911582019399186,pointwise_tube
CALB,CALB/CALB_0_B185,0.04306061688227798,pointwise_tube
CALB,CALB/CALB_0_B187,0.041567288756802205,pointwise_tube
CALB,CALB/CALB_0_B188,0.042964248531523114,pointwise_tube
CALB,CALB/CALB_0_B189,0.03763322389519368,pointwise_tube
CALB,CALB/CALB_0_B190,0.06578534815835356,pointwise_tube
CALB,CALB/CALB_25_T25-1,0.016036315093587317,pointwise_tube
CALB,CALB/CALB_25_T25-2,0.020837987328008303,pointwise_tube
CALB,CALB/CALB_35_B173,0.021462324566620897,pointwise_tube
CALB,CALB/CALB_35_B174,0.023853043654186855,pointwise_tube
CALB,CALB/CALB_35_B175,0.0254695509229138,pointwise_tube
CALB,CALB/CALB_35_B222,0.0222521733398143,pointwise_tube
CALB,CALB/CALB_35_B223,0.02088901944807743,pointwise_tube
CALB,CALB/CALB_35_B224,0.02060874554834509,pointwise_tube
CALB,CALB/CALB_35_B227,0.022058733367756406,pointwise_tube
CALB,CALB/CALB_35_B228,0.024909936998452814,pointwise_tube
CALB,CALB/CALB_35_B229,0.022223286857123044,pointwise_tube
CALB,CALB/CALB_35_B230,0.021807123015082794,pointwise_tube
CALB,CALB/CALB_35_B247,0.26446724160021295,pointwise_tube
CALB,CALB/CALB_35_B248,0.02389266888742181,pointwise_tube
CALB,CALB/CALB_35_B249,0.023141412972176187,pointwise_tube
CALB,CALB/CALB_35_B250,0.021498502492424604,pointwise_tube
CALB,CALB/CALB_45_B253,0.02988940194040863,pointwise_tube
CALB,CALB/CALB_45_B255,0.03277358257657285,pointwise_tube
CALB,CALB/CALB_45_B256,0.03353566913628378,pointwise_tube
CALCE,CALCE/CALCE_CS2_33,0.07718726036646992,pointwise_tube
CALCE,CALCE/CALCE_CS2_34,0.03657154875765516,pointwise_tube
CALCE,CALCE/CALCE_CS2_35,0.07427306870630282,pointwise_tube
CALCE,CALCE/CALCE_CS2_36,0.09676527393287662,pointwise_tube
CALCE,CALCE/CALCE_CS2_37,0.08079425001702614,pointwise_tube
CALCE,CALCE/CALCE_CS2_38,0.07516621995712286,pointwise_tube
CALCE,CALCE/CALCE_CX2_16,0.04982080170105299,pointwise_tube
CALCE,CALCE/CALCE_CX2_33,0.024267090145431852,pointwise_tube
CALCE,CALCE/CALCE_CX2_34,0.046470245000995954,pointwise_tube
CALCE,CALCE/CALCE_CX2_35,0.028863222158836264,pointwise_tube
CALCE,CALCE/CALCE_CX2_36,0.055469114841801254,pointwise_tube
CALCE,CALCE/CALCE_CX2_37,0.03447869464199904,pointwise_tube
CALCE,CALCE/CALCE_CX2_38,0.0659593982326984,pointwise_tube
HNEI,HNEI/HNEI_18650_NMC_LCO_25C_0-100_0.5-1.5C_a,0.18862977147320223,pointwise_tube
HNEI,HNEI/HNEI_18650_NMC_LCO_25C_0-100_0.5-1.5C_b,0.03571460952887295,pointwise_tube
HNEI,HNEI/HNEI_18650_NMC_LCO_25C_0-100_0.5-1.5C_c,0.04805105140617627,pointwise_tube
HNEI,HNEI/HNEI_18650_NMC_LCO_25C_0-100_0.5-1.5C_d,0.049901768505615264,pointwise_tube
HNEI,HNEI/HNEI_18650_NMC_LCO_25C_0-100_0.5-1.5C_e,0.04953246773352623,pointwise_tube
HNEI,HNEI/HNEI_18650_NMC_LCO_25C_0-100_0.5-1.5C_f,0.06612258754843434,pointwise_tube
HNEI,HNEI/HNEI_18650_NMC_LCO_25C_0-100_0.5-1.5C_g,0.06522910818190157,pointwise_tube
HNEI,HNEI/HNEI_18650_NMC_LCO_25C_0-100_0.5-1.5C_j,0.050238246761740296,pointwise_tube
HNEI,HNEI/HNEI_18650_NMC_LCO_25C_0-100_0.5-1.5C_l,0.05814045548141376,pointwise_tube
HNEI,HNEI/HNEI_18650_NMC_LCO_25C_0-100_0.5-1.5C_n,0.04549654004608351,pointwise_tube
HNEI,HNEI/HNEI_18650_NMC_LCO_25C_0-100_0.5-1.5C_o,0.02094339977602932,pointwise_tube
HNEI,HNEI/HNEI_18650_NMC_LCO_25C_0-100_0.5-1.5C_p,0.01750909451098026,pointwise_tube
HNEI,HNEI/HNEI_18650_NMC_LCO_25C_0-100_0.5-1.5C_s,0.04963114031896801,pointwise_tube
HNEI,HNEI/HNEI_18650_NMC_LCO_25C_0-100_0.5-1.5C_t,0.049960405216711655,pointwise_tube
HUST,HUST/HUST_1-1,0.019409985834957497,pointwise_tube
HUST,HUST/HUST_1-2,0.029641626510248233,pointwise_tube
HUST,HUST/HUST_1-3,0.03701967732233645,pointwise_tube
HUST,HUST/HUST_1-4,0.03520809145528211,pointwise_tube
HUST,HUST/HUST_1-5,0.03783046122813412,pointwise_tube
HUST,HUST/HUST_1-6,0.04253313547668395,pointwise_tube
HUST,HUST/HUST_1-7,0.020968813596550166,pointwise_tube
HUST,HUST/HUST_1-8,0.02448099417172253,pointwise_tube
HUST,HUST/HUST_10-1,0.02436742663656262,pointwise_tube
HUST,HUST/HUST_10-2,0.0392237617300994,pointwise_tube
HUST,HUST/HUST_10-3,0.031096247497649335,pointwise_tube
HUST,HUST/HUST_10-4,0.03182327713091121,pointwise_tube
HUST,HUST/HUST_10-5,0.03525617069280877,pointwise_tube
HUST,HUST/HUST_10-6,0.03293045698673867,pointwise_tube
HUST,HUST/HUST_10-7,0.03365790739431832,pointwise_tube
HUST,HUST/HUST_10-8,0.025676730915132347,pointwise_tube
HUST,HUST/HUST_2-2,0.033737419649740155,pointwise_tube
HUST,HUST/HUST_2-3,0.0351944538511014,pointwise_tube
HUST,HUST/HUST_2-4,0.022207418947798284,pointwise_tube
HUST,HUST/HUST_2-5,0.034580865494097356,pointwise_tube
HUST,HUST/HUST_2-6,0.03290873599344572,pointwise_tube
HUST,HUST/HUST_2-7,0.03377894718137243,pointwise_tube
HUST,HUST/HUST_2-8,0.026425313253362576,pointwise_tube
HUST,HUST/HUST_3-1,0.03704830722641257,pointwise_tube
HUST,HUST/HUST_3-2,0.03895315077007138,pointwise_tube
HUST,HUST/HUST_3-3,0.035507730978765834,pointwise_tube
HUST,HUST/HUST_3-4,0.029815218341954705,pointwise_tube
HUST,HUST/HUST_3-5,0.04089352145300144,pointwise_tube
HUST,HUST/HUST_3-6,0.03718068741424701,pointwise_tube
HUST,HUST/HUST_3-7,0.03117033762479484,pointwise_tube
HUST,HUST/HUST_3-8,0.038161583006481516,pointwise_tube
HUST,HUST/HUST_4-1,0.03741576002628832,pointwise_tube
HUST,HUST/HUST_4-2,0.0314358705012996,pointwise_tube
HUST,HUST/HUST_4-3,0.021091556789604116,pointwise_tube
HUST,HUST/HUST_4-4,0.020716392434381437,pointwise_tube
HUST,HUST/HUST_4-5,0.0276359318279693,pointwise_tube
HUST,HUST/HUST_4-6,0.02875084412605643,pointwise_tube
HUST,HUST/HUST_4-7,0.030810178643127246,pointwise_tube
HUST,HUST/HUST_4-8,0.03382850357513996,pointwise_tube
HUST,HUST/HUST_5-1,0.029407749635255533,pointwise_tube
HUST,HUST/HUST_5-2,0.035009081625831266,pointwise_tube
HUST,HUST/HUST_5-3,0.02895734220058331,pointwise_tube
HUST,HUST/HUST_5-4,0.022111339143283882,pointwise_tube
HUST,HUST/HUST_5-5,0.036124690959282425,pointwise_tube
HUST,HUST/HUST_5-6,0.02854239173186112,pointwise_tube
HUST,HUST/HUST_5-7,0.019830698759218286,pointwise_tube
HUST,HUST/HUST_6-1,0.019935417515192688,pointwise_tube
HUST,HUST/HUST_6-2,0.0387998165394557,pointwise_tube
HUST,HUST/HUST_6-3,0.03446785674150727,pointwise_tube
HUST,HUST/HUST_6-4,0.023993578559221625,pointwise_tube
HUST,HUST/HUST_6-5,0.025088154888173127,pointwise_tube
HUST,HUST/HUST_6-6,0.0419766331835594,pointwise_tube
HUST,HUST/HUST_6-8,0.043593755897955874,pointwise_tube
HUST,HUST/HUST_7-1,0.033221697159701004,pointwise_tube
HUST,HUST/HUST_7-2,0.038428892734874875,pointwise_tube
HUST,HUST/HUST_7-3,0.019809751881281264,pointwise_tube
HUST,HUST/HUST_7-4,0.02040009047573194,pointwise_tube
HUST,HUST/HUST_7-5,0.03153292241459733,pointwise_tube
HUST,HUST/HUST_7-6,0.01999721117851166,pointwise_tube
HUST,HUST/HUST_7-7,0.020698707254038343,pointwise_tube
HUST,HUST/HUST_7-8,0.032069704191962006,pointwise_tube
HUST,HUST/HUST_8-1,0.019760720068465604,pointwise_tube
HUST,HUST/HUST_8-2,0.024429436181414285,pointwise_tube
HUST,HUST/HUST_8-3,0.034145315167841535,pointwise_tube
HUST,HUST/HUST_8-4,0.021029438809962928,pointwise_tube
HUST,HUST/HUST_8-5,0.02112567151685113,pointwise_tube
HUST,HUST/HUST_8-6,0.02794418288188245,pointwise_tube
HUST,HUST/HUST_8-7,0.0262421245291701,pointwise_tube
HUST,HUST/HUST_8-8,0.034486513140943184,pointwise_tube
HUST,HUST/HUST_9-1,0.04029929955897132,pointwise_tube
HUST,HUST/HUST_9-2,0.03502278848736458,pointwise_tube
HUST,HUST/HUST_9-3,0.036199223235197246,pointwise_tube
HUST,HUST/HUST_9-4,0.03791183751691712,pointwise_tube
HUST,HUST/HUST_9-5,0.03703322935973562,pointwise_tube
HUST,HUST/HUST_9-6,0.03775998488804531,pointwise_tube
HUST,HUST/HUST_9-7,0.033740300694865596,pointwise_tube
HUST,HUST/HUST_9-8,0.03557945597677367,pointwise_tube
MATR,MATR/MATR_b1c0,0.03692214475794206,pointwise_tube
MATR,MATR/MATR_b1c1,0.04466009103384144,pointwise_tube
MATR,MATR/MATR_b1c11,0.06120056079695975,pointwise_tube
MATR,MATR/MATR_b1c14,0.06166547281358398,pointwise_tube
MATR,MATR/MATR_b1c15,0.05658174632923495,pointwise_tube
MATR,MATR/MATR_b1c16,0.05022735190699213,pointwise_tube
MATR,MATR/MATR_b1c17,0.05073712969129658,pointwise_tube
MATR,MATR/MATR_b1c18,0.04223710987117038,pointwise_tube
MATR,MATR/MATR_b1c19,0.04715353221396145,pointwise_tube
MATR,MATR/MATR_b1c2,0.043903902459998555,pointwise_tube
MATR,MATR/MATR_b1c20,0.029678597823859787,pointwise_tube
MATR,MATR/MATR_b1c21,0.04012817273548039,pointwise_tube
MATR,MATR/MATR_b1c23,0.0665172734822234,pointwise_tube
MATR,MATR/MATR_b1c24,0.08228408481103079,pointwise_tube
MATR,MATR/MATR_b1c25,0.0746118025403916,pointwise_tube
MATR,MATR/MATR_b1c26,0.054321546491410945,pointwise_tube
MATR,MATR/MATR_b1c27,0.058704734824815356,pointwise_tube
MATR,MATR/MATR_b1c28,0.07356497955609999,pointwise_tube
MATR,MATR/MATR_b1c29,0.0763178228209273,pointwise_tube
MATR,MATR/MATR_b1c3,0.044956134806760015,pointwise_tube
MATR,MATR/MATR_b1c30,0.0538755888398334,pointwise_tube
MATR,MATR/MATR_b1c31,0.05722984610758584,pointwise_tube
MATR,MATR/MATR_b1c32,0.06329185712587578,pointwise_tube
MATR,MATR/MATR_b1c33,0.06279241464351738,pointwise_tube
MATR,MATR/MATR_b1c34,0.06886457359789541,pointwise_tube
MATR,MATR/MATR_b1c35,0.06570178259269396,pointwise_tube
MATR,MATR/MATR_b1c36,0.0711835949374,pointwise_tube
MATR,MATR/MATR_b1c37,0.0674602124450214,pointwise_tube
MATR,MATR/MATR_b1c38,0.05410669698597262,pointwise_tube
MATR,MATR/MATR_b1c39,0.05444099228364341,pointwise_tube
MATR,MATR/MATR_b1c4,0.046935067351574634,pointwise_tube
MATR,MATR/MATR_b1c40,0.0751116329549069,pointwise_tube
MATR,MATR/MATR_b1c41,0.08069710211549616,pointwise_tube
MATR,MATR/MATR_b1c42,0.05778675669817559,pointwise_tube
MATR,MATR/MATR_b1c43,0.05493596943863649,pointwise_tube
MATR,MATR/MATR_b1c44,0.0555093816558619,pointwise_tube
MATR,MATR/MATR_b1c45,0.055237137735346255,pointwise_tube
MATR,MATR/MATR_b1c5,0.04025490700155775,pointwise_tube
MATR,MATR/MATR_b1c6,0.030928797852032005,pointwise_tube
MATR,MATR/MATR_b1c7,0.043626495380153736,pointwise_tube
MATR,MATR/MATR_b1c9,0.05594658052112145,pointwise_tube
MATR,MATR/MATR_b2c0,0.028415514281796783,pointwise_tube
MATR,MATR/MATR_b2c1,0.0476207469205236,pointwise_tube
MATR,MATR/MATR_b2c10,0.026650175860391725,pointwise_tube
MATR,MATR/MATR_b2c11,0.02775269484153328,pointwise_tube
MATR,MATR/MATR_b2c12,0.02306930401999451,pointwise_tube
MATR,MATR/MATR_b2c13,0.02862336248394365,pointwise_tube
MATR,MATR/MATR_b2c14,0.0337579752187888,pointwise_tube
MATR,MATR/MATR_b2c17,0.03550759291477391,pointwise_tube
MATR,MATR/MATR_b2c18,0.0258305923080807,pointwise_tube
MATR,MATR/MATR_b2c19,0.017177915250734012,pointwise_tube
MATR,MATR/MATR_b2c2,0.04515700345333169,pointwise_tube
MATR,MATR/MATR_b2c20,0.0333814663751304,pointwise_tube
MATR,MATR/MATR_b2c21,0.02764546102667773,pointwise_tube
MATR,MATR/MATR_b2c22,0.034152765806137485,pointwise_tube
MATR,MATR/MATR_b2c23,0.031069560701086414,pointwise_tube
MATR,MATR/MATR_b2c24,0.03198545662785701,pointwise_tube
MATR,MATR/MATR_b2c25,0.023983444079900565,pointwise_tube
MATR,MATR/MATR_b2c26,0.026357314390814478,pointwise_tube
MATR,MATR/MATR_b2c27,0.03241192414555971,pointwise_tube
MATR,MATR/MATR_b2c28,0.035078927946858705,pointwise_tube
MATR,MATR/MATR_b2c29,0.04001964967492943,pointwise_tube
MATR,MATR/MATR_b2c3,0.029216888023168793,pointwise_tube
MATR,MATR/MATR_b2c30,0.03335997208269693,pointwise_tube
MATR,MATR/MATR_b2c31,0.034546454442906625,pointwise_tube
MATR,MATR/MATR_b2c32,0.03734152501165925,pointwise_tube
MATR,MATR/MATR_b2c33,0.04077817166353261,pointwise_tube
MATR,MATR/MATR_b2c34,0.03965260136690015,pointwise_tube
MATR,MATR/MATR_b2c35,0.036312591621862046,pointwise_tube
MATR,MATR/MATR_b2c36,0.03980735568201709,pointwise_tube
MATR,MATR/MATR_b2c37,0.04221010802953463,pointwise_tube
MATR,MATR/MATR_b2c38,0.03872844756934137,pointwise_tube
MATR,MATR/MATR_b2c39,0.042255303358730095,pointwise_tube
MATR,MATR/MATR_b2c4,0.02550632329553079,pointwise_tube
MATR,MATR/MATR_b2c40,0.02800966601906176,pointwise_tube
MATR,MATR/MATR_b2c41,0.033425058437073524,pointwise_tube
MATR,MATR/MATR_b2c42,0.03425958353922509,pointwise_tube
MATR,MATR/MATR_b2c43,0.03558209978362186,pointwise_tube
MATR,MATR/MATR_b2c44,0.03806793758638066,pointwise_tube
MATR,MATR/MATR_b2c45,0.033438289409245786,pointwise_tube
MATR,MATR/MATR_b2c46,0.03714146304350481,pointwise_tube
MATR,MATR/MATR_b2c47,0.03317181963196435,pointwise_tube
MATR,MATR/MATR_b2c5,0.034518108531831126,pointwise_tube
MATR,MATR/MATR_b2c6,0.01952691262486095,pointwise_tube
MATR,MATR/MATR_b3c0,0.02926710823744692,pointwise_tube
MATR,MATR/MATR_b3c1,0.03631162446377389,pointwise_tube
MATR,MATR/MATR_b3c10,0.027670882476569313,pointwise_tube
MATR,MATR/MATR_b3c11,0.025669991150725876,pointwise_tube
MATR,MATR/MATR_b3c12,0.03444601512624389,pointwise_tube
MATR,MATR/MATR_b3c13,0.023783294230671083,pointwise_tube
MATR,MATR/MATR_b3c14,0.0316612889590498,pointwise_tube
MATR,MATR/MATR_b3c15,0.027318384951260776,pointwise_tube
MATR,MATR/MATR_b3c16,0.03599201186229558,pointwise_tube
MATR,MATR/MATR_b3c17,0.03799348471324337,pointwise_tube
MATR,MATR/MATR_b3c18,0.02921527809527336,pointwise_tube
MATR,MATR/MATR_b3c19,0.03058838939700467,pointwise_tube
MATR,MATR/MATR_b3c20,0.027609098757790454,pointwise_tube
MATR,MATR/MATR_b3c21,0.02008099682798805,pointwise_tube
MATR,MATR/MATR_b3c22,0.05782494954033946,pointwise_tube
MATR,MATR/MATR_b3c24,0.0256974211413731,pointwise_tube
MATR,MATR/MATR_b3c25,0.03566331062618427,pointwise_tube
MATR,MATR/MATR_b3c26,0.030195572325245616,pointwise_tube
MATR,MATR/MATR_b3c27,0.03038445706000398,pointwise_tube
MATR,MATR/MATR_b3c28,0.014029537483674972,pointwise_tube
MATR,MATR/MATR_b3c29,0.0261397988581154,pointwise_tube
MATR,MATR/MATR_b3c3,0.03909205724842101,pointwise_tube
MATR,MATR/MATR_b3c30,0.032893189143223686,pointwise_tube
MATR,MATR/MATR_b3c31,0.04261699424096018,pointwise_tube
MATR,MATR/MATR_b3c33,0.02981052483144921,pointwise_tube
MATR,MATR/MATR_b3c34,0.0316752045407423,pointwise_tube
MATR,MATR/MATR_b3c35,0.0272448975529974,pointwise_tube
MATR,MATR/MATR_b3c36,0.03344264986016646,pointwise_tube
MATR,MATR/MATR_b3c38,0.040621646812727265,pointwise_tube
MATR,MATR/MATR_b3c39,0.0378020421540077,pointwise_tube
MATR,MATR/MATR_b3c4,0.02707911791137372,pointwise_tube
MATR,MATR/MATR_b3c40,0.024122265375037876,pointwise_tube
MATR,MATR/MATR_b3c41,0.03019626593752187,pointwise_tube
MATR,MATR/MATR_b3c44,0.037095208496810195,pointwise_tube
MATR,MATR/MATR_b3c45,0.03908239030486973,pointwise_tube
MATR,MATR/MATR_b3c5,0.027299619417206978,pointwise_tube
MATR,MATR/MATR_b3c6,0.013751246251649158,pointwise_tube
MATR,MATR/MATR_b3c7,0.04090995626554119,pointwise_tube
MATR,MATR/MATR_b3c8,0.026984627396173657,pointwise_tube
MATR,MATR/MATR_b3c9,0.04303786699715812,pointwise_tube
MATR,MATR/MATR_b4c0,0.038474302867077335,pointwise_tube
MATR,MATR/MATR_b4c1,0.04188941175063321,pointwise_tube
MATR,MATR/MATR_b4c10,0.06800699712403108,pointwise_tube
MATR,MATR/MATR_b4c11,0.03885723089919057,pointwise_tube
MATR,MATR/MATR_b4c12,0.04826876795750737,pointwise_tube
MATR,MATR/MATR_b4c13,0.05190900013208997,pointwise_tube
MATR,MATR/MATR_b4c14,0.08088122254225187,pointwise_tube
MATR,MATR/MATR_b4c15,0.09255679904564003,pointwise_tube
MATR,MATR/MATR_b4c16,0.06766911098747802,pointwise_tube
MATR,MATR/MATR_b4c17,0.0630604948915293,pointwise_tube
MATR,MATR/MATR_b4c18,0.05657933545440955,pointwise_tube
MATR,MATR/MATR_b4c19,0.07187255427485735,pointwise_tube
MATR,MATR/MATR_b4c2,0.03787067257627507,pointwise_tube
MATR,MATR/MATR_b4c20,0.03320460848614024,pointwise_tube
MATR,MATR/MATR_b4c21,0.0509637373349226,pointwise_tube
MATR,MATR/MATR_b4c22,0.06480448310606475,pointwise_tube
MATR,MATR/MATR_b4c23,0.051769118675621555,pointwise_tube
MATR,MATR/MATR_b4c24,0.04605441900497089,pointwise_tube
MATR,MATR/MATR_b4c25,0.08160579424921915,pointwise_tube
MATR,MATR/MATR_b4c26,0.07994224340641937,pointwise_tube
MATR,MATR/MATR_b4c27,0.061569890976059624,pointwise_tube
MATR,MATR/MATR_b4c28,0.04754239313165683,pointwise_tube
MATR,MATR/MATR_b4c29,0.03884263146292625,pointwise_tube
MATR,MATR/MATR_b4c3,0.0709601547614827,pointwise_tube
MATR,MATR/MATR_b4c30,0.042579970839973044,pointwise_tube
MATR,MATR/MATR_b4c31,0.14989830012274818,pointwise_tube
MATR,MATR/MATR_b4c32,0.06568159298447311,pointwise_tube
MATR,MATR/MATR_b4c33,0.05933723771208619,pointwise_tube
MATR,MATR/MATR_b4c34,0.038559232656724125,pointwise_tube
MATR,MATR/MATR_b4c35,0.037405102370391255,pointwise_tube
MATR,MATR/MATR_b4c36,0.08030345587413508,pointwise_tube
MATR,MATR/MATR_b4c37,0.06874391412517393,pointwise_tube
MATR,MATR/MATR_b4c38,0.041744667645207775,pointwise_tube
MATR,MATR/MATR_b4c39,0.06314931293452292,pointwise_tube
MATR,MATR/MATR_b4c4,0.13788530331320414,pointwise_tube
MATR,MATR/MATR_b4c40,0.03873696988971478,pointwise_tube
MATR,MATR/MATR_b4c41,0.06346594208443082,pointwise_tube
MATR,MATR/MATR_b4c42,0.05652560486864952,pointwise_tube
MATR,MATR/MATR_b4c43,0.06972640509743029,pointwise_tube
MATR,MATR/MATR_b4c44,0.05665550607018079,pointwise_tube
MATR,MATR/MATR_b4c5,0.05160104721724942,pointwise_tube
MATR,MATR/MATR_b4c6,0.05942395408745885,pointwise_tube
MATR,MATR/MATR_b4c7,0.062371173722852946,pointwise_tube
MATR,MATR/MATR_b4c8,0.032702179710612914,pointwise_tube
MATR,MATR/MATR_b4c9,0.06887039769484649,pointwise_tube
MICH,MICH/MICH_BLForm10_pouch_NMC_25C_0-100_1-1C_j,0.109418136950087,pointwise_tube
MICH,MICH/MICH_BLForm11_pouch_NMC_25C_0-100_1-1C_a,0.06417617138406015,pointwise_tube
MICH,MICH/MICH_BLForm12_pouch_NMC_25C_0-100_1-1C_b,0.08403902852387098,pointwise_tube
MICH,MICH/MICH_BLForm13_pouch_NMC_25C_0-100_1-1C_c,0.10049636892440918,pointwise_tube
MICH,MICH/MICH_BLForm14_pouch_NMC_25C_0-100_1-1C_d,0.07530816437364947,pointwise_tube
MICH,MICH/MICH_BLForm15_pouch_NMC_25C_0-100_1-1C_e,0.09974955450335944,pointwise_tube
MICH,MICH/MICH_BLForm16_pouch_NMC_25C_0-100_1-1C_f,0.0957367979332544,pointwise_tube
MICH,MICH/MICH_BLForm17_pouch_NMC_25C_0-100_1-1C_g,0.13496461420726136,pointwise_tube
MICH,MICH/MICH_BLForm18_pouch_NMC_25C_0-100_1-1C_h,0.11203907742768625,pointwise_tube
MICH,MICH/MICH_BLForm19_pouch_NMC_25C_0-100_1-1C_i,0.0939357474450861,pointwise_tube
MICH,MICH/MICH_BLForm1_pouch_NMC_45C_0-100_1-1C_a,0.15357563016059836,pointwise_tube
MICH,MICH/MICH_BLForm20_pouch_NMC_25C_0-100_1-1C_j,0.1284622798383532,pointwise_tube
MICH,MICH/MICH_BLForm2_pouch_NMC_45C_0-100_1-1C_b,0.1478247492816084,pointwise_tube
MICH,MICH/MICH_BLForm3_pouch_NMC_45C_0-100_1-1C_c,0.07521697824052011,pointwise_tube
MICH,MICH/MICH_BLForm4_pouch_NMC_45C_0-100_1-1C_d,0.15714573176005497,pointwise_tube
MICH,MICH/MICH_BLForm5_pouch_NMC_45C_0-100_1-1C_e,0.1508068825172068,pointwise_tube
MICH,MICH/MICH_BLForm6_pouch_NMC_45C_0-100_1-1C_f,0.09689635553904921,pointwise_tube
MICH,MICH/MICH_BLForm7_pouch_NMC_45C_0-100_1-1C_g,0.12097305311844676,pointwise_tube
MICH,MICH/MICH_BLForm8_pouch_NMC_45C_0-100_1-1C_h,0.14943920176221795,pointwise_tube
MICH,MICH/MICH_BLForm9_pouch_NMC_45C_0-100_1-1C_i,0.2832617105959473,pointwise_tube
MICH,MICH/MICH_MCForm21_pouch_NMC_25C_0-100_1-1C_a,0.05641297783608319,pointwise_tube
MICH,MICH/MICH_MCForm22_pouch_NMC_25C_0-100_1-1C_b,0.12588699753095745,pointwise_tube
MICH,MICH/MICH_MCForm23_pouch_NMC_25C_0-100_1-1C_c,0.06542221822324461,pointwise_tube
MICH,MICH/MICH_MCForm24_pouch_NMC_25C_0-100_1-1C_d,0.0752591421198488,pointwise_tube
MICH,MICH/MICH_MCForm25_pouch_NMC_25C_0-100_1-1C_e,0.07518764183999353,pointwise_tube
MICH,MICH/MICH_MCForm26_pouch_NMC_25C_0-100_1-1C_f,0.06620436468599493,pointwise_tube
MICH,MICH/MICH_MCForm27_pouch_NMC_25C_0-100_1-1C_g,0.06622508407353588,pointwise_tube
MICH,MICH/MICH_MCForm28_pouch_NMC_25C_0-100_1-1C_h,0.0825354430014693,pointwise_tube
MICH,MICH/MICH_MCForm29_pouch_NMC_25C_0-100_1-1C_i,0.09950414225803418,pointwise_tube
MICH,MICH/MICH_MCForm30_pouch_NMC_25C_0-100_1-1C_j,0.06601672315967833,pointwise_tube
MICH,MICH/MICH_MCForm31_pouch_NMC_45C_0-100_1-1C_a,0.08875575781661432,pointwise_tube
MICH,MICH/MICH_MCForm32_pouch_NMC_45C_0-100_1-1C_b,0.05321402352621194,pointwise_tube
MICH,MICH/MICH_MCForm33_pouch_NMC_45C_0-100_1-1C_c,0.06918009578518253,pointwise_tube
MICH,MICH/MICH_MCForm34_pouch_NMC_45C_0-100_1-1C_d,0.04297294811646838,pointwise_tube
MICH,MICH/MICH_MCForm35_pouch_NMC_45C_0-100_1-1C_e,0.053155245910916055,pointwise_tube
MICH,MICH/MICH_MCForm36_pouch_NMC_45C_0-100_1-1C_f,0.07909954390660955,pointwise_tube
MICH,MICH/MICH_MCForm37_pouch_NMC_45C_0-100_1-1C_g,0.05841690736947105,pointwise_tube
MICH,MICH/MICH_MCForm38_pouch_NMC_45C_0-100_1-1C_h,0.0917623120006919,pointwise_tube
MICH,MICH/MICH_MCForm39_pouch_NMC_45C_0-100_1-1C_i,0.0727207408564788,pointwise_tube
MICH,MICH/MICH_MCForm40_pouch_NMC_45C_0-100_1-1C_j,0.055657486009840586,pointwise_tube
MICH_EXP,MICH_EXP/MICH_01R_pouch_NMC_25C_0-100_0.2-0.2C,0.0764936040184325,pointwise_tube
MICH_EXP,MICH_EXP/MICH_02C_pouch_NMC_-5C_0-100_0.2-0.2C,0.013253316951478678,pointwise_tube
MICH_EXP,MICH_EXP/MICH_03H_pouch_NMC_45C_0-100_0.2-0.2C,0.0430743058617703,pointwise_tube
MICH_EXP,MICH_EXP/MICH_04R_pouch_NMC_25C_0-100_1.5-1.5C,0.09295225790868228,pointwise_tube
MICH_EXP,MICH_EXP/MICH_05C_pouch_NMC_-5C_0-100_1.5-1.5C,0.042832924741434755,pointwise_tube
MICH_EXP,MICH_EXP/MICH_06H_pouch_NMC_45C_0-100_1.5-1.5C,0.08785666416034318,pointwise_tube
MICH_EXP,MICH_EXP/MICH_07R_pouch_NMC_25C_0-100_2-2C,0.1641458290109016,pointwise_tube
MICH_EXP,MICH_EXP/MICH_08C_pouch_NMC_-5C_0-100_2-2C,0.017419619733149535,pointwise_tube
MICH_EXP,MICH_EXP/MICH_09H_pouch_NMC_45C_0-100_2-2C,0.146202962544859,pointwise_tube
MICH_EXP,MICH_EXP/MICH_10R_pouch_NMC_25C_0-100_0.2-1.5C,0.04384861823596317,pointwise_tube
MICH_EXP,MICH_EXP/MICH_11C_pouch_NMC_-5C_0-100_0.2-1.5C,0.043158473899547134,pointwise_tube
MICH_EXP,MICH_EXP/MICH_12H_pouch_NMC_45C_0-100_0.2-1.5C,0.11050605339280477,pointwise_tube
MICH_EXP,MICH_EXP/MICH_13R_pouch_NMC_25C_50-100_0.2-0.2C,0.1213850275918377,pointwise_tube
MICH_EXP,MICH_EXP/MICH_14C_pouch_NMC_-5C_50-100_0.2-0.2C,0.11508227524634053,pointwise_tube
MICH_EXP,MICH_EXP/MICH_15H_pouch_NMC_45C_50-100_0.2-0.2C,0.0642329099793846,pointwise_tube
MICH_EXP,MICH_EXP/MICH_16R_pouch_NMC_25C_50-100_0.2-1.5C,0.11985849338847968,pointwise_tube
MICH_EXP,MICH_EXP/MICH_17C_pouch_NMC_-5C_50-100_0.2-1.5C,0.11513730333280192,pointwise_tube
MICH_EXP,MICH_EXP/MICH_18H_pouch_NMC_45C_50-100_0.2-1.5C,0.0884102497893093,pointwise_tube
RWTH,RWTH/RWTH_002,0.17397969317326897,pointwise_tube
RWTH,RWTH/RWTH_003,0.1651724300106522,pointwise_tube
RWTH,RWTH/RWTH_004,0.16554186406183916,pointwise_tube
RWTH,RWTH/RWTH_005,0.16379481739702662,pointwise_tube
RWTH,RWTH/RWTH_006,0.15933375053675808,pointwise_tube
RWTH,RWTH/RWTH_007,0.16427750314056766,pointwise_tube
RWTH,RWTH/RWTH_008,0.16952410330866619,pointwise_tube
RWTH,RWTH/RWTH_009,0.15152530397358366,pointwise_tube
RWTH,RWTH/RWTH_010,0.16366159693060067,pointwise_tube
RWTH,RWTH/RWTH_011,0.16037126703560914,pointwise_tube
RWTH,RWTH/RWTH_012,0.1516831854346395,pointwise_tube
RWTH,RWTH/RWTH_013,0.16130781381817974,pointwise_tube
RWTH,RWTH/RWTH_014,0.16732913141824043,pointwise_tube
RWTH,RWTH/RWTH_015,0.15255445611211998,pointwise_tube
RWTH,RWTH/RWTH_016,0.15169255796640163,pointwise_tube
RWTH,RWTH/RWTH_017,0.1690369687305185,pointwise_tube
RWTH,RWTH/RWTH_018,0.15723872036474104,pointwise_tube
RWTH,RWTH/RWTH_019,0.16318264631385287,pointwise_tube
RWTH,RWTH/RWTH_020,0.16201789370687095,pointwise_tube
RWTH,RWTH/RWTH_021,0.16916082809850744,pointwise_tube
RWTH,RWTH/RWTH_022,0.15567665388853238,pointwise_tube
RWTH,RWTH/RWTH_023,0.13600577294271277,pointwise_tube
RWTH,RWTH/RWTH_024,0.14452848298658877,pointwise_tube
RWTH,RWTH/RWTH_025,0.16193233104087987,pointwise_tube
RWTH,RWTH/RWTH_026,0.13702425234563442,pointwise_tube
RWTH,RWTH/RWTH_027,0.14112587638366147,pointwise_tube
RWTH,RWTH/RWTH_028,0.15272349753944253,pointwise_tube
RWTH,RWTH/RWTH_029,0.13715514749842078,pointwise_tube
RWTH,RWTH/RWTH_030,0.07014380336748546,pointwise_tube
RWTH,RWTH/RWTH_031,0.1480787491908717,pointwise_tube
RWTH,RWTH/RWTH_032,0.16715410747734655,pointwise_tube
RWTH,RWTH/RWTH_033,0.18298946703661956,pointwise_tube
RWTH,RWTH/RWTH_034,0.11390788667609866,pointwise_tube
RWTH,RWTH/RWTH_035,0.1102292436018519,pointwise_tube
RWTH,RWTH/RWTH_036,0.1352660443383183,pointwise_tube
RWTH,RWTH/RWTH_037,0.1496113206631466,pointwise_tube
RWTH,RWTH/RWTH_038,0.10625712002456773,pointwise_tube
RWTH,RWTH/RWTH_039,0.11196854308644649,pointwise_tube
RWTH,RWTH/RWTH_040,0.11841332839607817,pointwise_tube
RWTH,RWTH/RWTH_041,0.1259398724823641,pointwise_tube
RWTH,RWTH/RWTH_042,0.11694499722014333,pointwise_tube
RWTH,RWTH/RWTH_043,0.1032669399337782,pointwise_tube
RWTH,RWTH/RWTH_044,0.11772568444732064,pointwise_tube
RWTH,RWTH/RWTH_045,0.11432607132037503,pointwise_tube
RWTH,RWTH/RWTH_046,0.1456165383563901,pointwise_tube
RWTH,RWTH/RWTH_047,0.14774322003298762,pointwise_tube
RWTH,RWTH/RWTH_048,0.14125588394946173,pointwise_tube
RWTH,RWTH/RWTH_049,0.13936139036905693,pointwise_tube
SDU,SDU/SDU_Battery_1,0.06799854639772601,pointwise_tube
SDU,SDU/SDU_Battery_10,0.03933606271246235,pointwise_tube
SDU,SDU/SDU_Battery_11,0.056694829318720656,pointwise_tube
SDU,SDU/SDU_Battery_12,0.04964199277543408,pointwise_tube
SDU,SDU/SDU_Battery_13,0.050427926269907566,pointwise_tube
SDU,SDU/SDU_Battery_14,0.04716170649548196,pointwise_tube
SDU,SDU/SDU_Battery_15,0.0601343381424176,pointwise_tube
SDU,SDU/SDU_Battery_16,0.05382127538466788,pointwise_tube
SDU,SDU/SDU_Battery_17,0.050503865847312784,pointwise_tube
SDU,SDU/SDU_Battery_18,0.05193252849321849,pointwise_tube
SDU,SDU/SDU_Battery_19,0.0456945896103003,pointwise_tube
SDU,SDU/SDU_Battery_2,0.07098426024446051,pointwise_tube
SDU,SDU/SDU_Battery_20,0.04664940445878471,pointwise_tube
SDU,SDU/SDU_Battery_21,0.035635522243390484,pointwise_tube
SDU,SDU/SDU_Battery_22,0.0524172078254954,pointwise_tube
SDU,SDU/SDU_Battery_23,0.07432286677735694,pointwise_tube
SDU,SDU/SDU_Battery_24,0.05910947628192204,pointwise_tube
SDU,SDU/SDU_Battery_25,0.057750066131875534,pointwise_tube
SDU,SDU/SDU_Battery_26,0.0971965303280924,pointwise_tube
SDU,SDU/SDU_Battery_27,0.07353350842793284,pointwise_tube
SDU,SDU/SDU_Battery_28,0.06413990261846708,pointwise_tube
SDU,SDU/SDU_Battery_29,0.06505546500718346,pointwise_tube
SDU,SDU/SDU_Battery_3,0.05042977338796319,pointwise_tube
SDU,SDU/SDU_Battery_30,0.05613120674606178,pointwise_tube
SDU,SDU/SDU_Battery_31,0.05136124804180366,pointwise_tube
SDU,SDU/SDU_Battery_32,0.06087096672829604,pointwise_tube
SDU,SDU/SDU_Battery_33,0.04715626894416523,pointwise_tube
SDU,SDU/SDU_Battery_34,0.057119760253069356,pointwise_tube
SDU,SDU/SDU_Battery_35,0.06010556029015358,pointwise_tube
SDU,SDU/SDU_Battery_36,0.05837016103432263,pointwise_tube
SDU,SDU/SDU_Battery_37,0.05679109721625968,pointwise_tube
SDU,SDU/SDU_Battery_38,0.053660340732654264,pointwise_tube
SDU,SDU/SDU_Battery_39,0.07447082099545362,pointwise_tube
SDU,SDU/SDU_Battery_4,0.06451636005406576,pointwise_tube
SDU,SDU/SDU_Battery_40,0.07316125720793809,pointwise_tube
SDU,SDU/SDU_Battery_41,0.06707278476857247,pointwise_tube
SDU,SDU/SDU_Battery_42,0.06794043908236029,pointwise_tube
SDU,SDU/SDU_Battery_43,0.07474131443828659,pointwise_tube
SDU,SDU/SDU_Battery_44,0.06889534584769919,pointwise_tube
SDU,SDU/SDU_Battery_45,0.0740769776803906,pointwise_tube
SDU,SDU/SDU_Battery_46,0.07082184275103304,pointwise_tube
SDU,SDU/SDU_Battery_47,0.07560206302745892,pointwise_tube
SDU,SDU/SDU_Battery_48,0.06946613745341045,pointwise_tube
SDU,SDU/SDU_Battery_49,0.07468370496978148,pointwise_tube
SDU,SDU/SDU_Battery_5,0.0590446900458268,pointwise_tube
SDU,SDU/SDU_Battery_50,0.07666309684980402,pointwise_tube
SDU,SDU/SDU_Battery_51,0.07394788930683108,pointwise_tube
SDU,SDU/SDU_Battery_52,0.07036550894636287,pointwise_tube
SDU,SDU/SDU_Battery_53,0.05271126249956952,pointwise_tube
SDU,SDU/SDU_Battery_54,0.044757608946253774,pointwise_tube
SDU,SDU/SDU_Battery_55,0.05152706235453108,pointwise_tube
SDU,SDU/SDU_Battery_56,0.0517495648919433,pointwise_tube
SDU,SDU/SDU_Battery_57,0.05083282115668822,pointwise_tube
SDU,SDU/SDU_Battery_58,0.06422741130082517,pointwise_tube
SDU,SDU/SDU_Battery_59,0.05471736801301353,pointwise_tube
SDU,SDU/SDU_Battery_6,0.07102456307022881,pointwise_tube
SDU,SDU/SDU_Battery_60,0.05314308456045462,pointwise_tube
SDU,SDU/SDU_Battery_61,0.06914496008083007,pointwise_tube
SDU,SDU/SDU_Battery_62,0.07235169721379231,pointwise_tube
SDU,SDU/SDU_Battery_63,0.03566949773821714,pointwise_tube
SDU,SDU/SDU_Battery_64,0.06233017003606086,pointwise_tube
SDU,SDU/SDU_Battery_65,0.030234048700407346,pointwise_tube
SDU,SDU/SDU_Battery_66,0.019863375746837813,pointwise_tube
SDU,SDU/SDU_Battery_67,0.047014663508464824,pointwise_tube
SDU,SDU/SDU_Battery_68,0.04505618145837835,pointwise_tube
SDU,SDU/SDU_Battery_69,0.07071329094877578,pointwise_tube
SDU,SDU/SDU_Battery_7,0.07426167280662269,pointwise_tube
SDU,SDU/SDU_Battery_70,0.06240059316796434,pointwise_tube
SDU,SDU/SDU_Battery_71,0.07643174962141679,pointwise_tube
SDU,SDU/SDU_Battery_72,0.07661078137753677,pointwise_tube
SDU,SDU/SDU_Battery_73,0.09825101919592823,pointwise_tube
SDU,SDU/SDU_Battery_74,0.10423371076649791,pointwise_tube
SDU,SDU/SDU_Battery_75,0.09442200337791998,pointwise_tube
SDU,SDU/SDU_Battery_76,0.08583148411125138,pointwise_tube
SDU,SDU/SDU_Battery_77,0.08342675048712493,pointwise_tube
SDU,SDU/SDU_Battery_78,0.08082649871785216,pointwise_tube
SDU,SDU/SDU_Battery_79,0.08742928014482178,pointwise_tube
SDU,SDU/SDU_Battery_8,0.045681046301843505,pointwise_tube
SDU,SDU/SDU_Battery_80,0.08393673421256054,pointwise_tube
SDU,SDU/SDU_Battery_81,0.09099817194894443,pointwise_tube
SDU,SDU/SDU_Battery_82,0.08687894156447772,pointwise_tube
SDU,SDU/SDU_Battery_83,0.08257374481574063,pointwise_tube
SDU,SDU/SDU_Battery_84,0.07922259991557337,pointwise_tube
SDU,SDU/SDU_Battery_85,0.09064865184672588,pointwise_tube
SDU,SDU/SDU_Battery_86,0.08084722097091578,pointwise_tube
SDU,SDU/SDU_Battery_9,0.032773560274528435,pointwise_tube
SNL,SNL/SNL_18650_LFP_15C_0-100_0.5-2C_b,0.05760378664626356,pointwise_tube
SNL,SNL/SNL_18650_LFP_25C_0-100_0.5-0.5C_a,0.04641385954711524,pointwise_tube
SNL,SNL/SNL_18650_LFP_25C_0-100_0.5-1C_a,0.06298348333795013,pointwise_tube
SNL,SNL/SNL_18650_LFP_25C_0-100_0.5-1C_b,0.06196400011669062,pointwise_tube
SNL,SNL/SNL_18650_LFP_25C_0-100_0.5-1C_c,0.06590705035292467,pointwise_tube
SNL,SNL/SNL_18650_LFP_25C_0-100_0.5-1C_d,0.06622231848783833,pointwise_tube
SNL,SNL/SNL_18650_LFP_25C_0-100_0.5-2C_a,0.05493347914435038,pointwise_tube
SNL,SNL/SNL_18650_LFP_25C_0-100_0.5-2C_b,0.06419745276231838,pointwise_tube
SNL,SNL/SNL_18650_LFP_25C_0-100_0.5-3C_a,0.044459333416997156,pointwise_tube
SNL,SNL/SNL_18650_LFP_25C_0-100_0.5-3C_b,0.04140051739834275,pointwise_tube
SNL,SNL/SNL_18650_LFP_25C_0-100_0.5-3C_c,0.04396951765112143,pointwise_tube
SNL,SNL/SNL_18650_LFP_25C_0-100_0.5-3C_d,0.040987583104333654,pointwise_tube
SNL,SNL/SNL_18650_LFP_35C_0-100_0.5-1C_a,0.017899218050552942,pointwise_tube
SNL,SNL/SNL_18650_LFP_35C_0-100_0.5-1C_b,0.01762236326962214,pointwise_tube
SNL,SNL/SNL_18650_LFP_35C_0-100_0.5-1C_c,0.014670886440808054,pointwise_tube
SNL,SNL/SNL_18650_LFP_35C_0-100_0.5-1C_d,0.02274710281829405,pointwise_tube
SNL,SNL/SNL_18650_LFP_35C_0-100_0.5-2C_a,0.02226748447261503,pointwise_tube
SNL,SNL/SNL_18650_LFP_35C_0-100_0.5-2C_b,0.021562096999717062,pointwise_tube
SNL,SNL/SNL_18650_NCA_15C_0-100_0.5-1C_a,0.08476193883824096,pointwise_tube
SNL,SNL/SNL_18650_NCA_15C_0-100_0.5-1C_b,0.044382069384312266,pointwise_tube
SNL,SNL/SNL_18650_NCA_15C_0-100_0.5-2C_a,0.14280679184045145,pointwise_tube
SNL,SNL/SNL_18650_NCA_15C_0-100_0.5-2C_b,0.11887008629896205,pointwise_tube
SNL,SNL/SNL_18650_NCA_25C_0-100_0.5-0.5C_a,0.08954822109454062,pointwise_tube
SNL,SNL/SNL_18650_NCA_25C_0-100_0.5-0.5C_b,0.2501695430509894,pointwise_tube
SNL,SNL/SNL_18650_NCA_25C_0-100_0.5-1C_a,0.05691025986175765,pointwise_tube
SNL,SNL/SNL_18650_NCA_25C_0-100_0.5-1C_b,0.08490886299020609,pointwise_tube
SNL,SNL/SNL_18650_NCA_25C_0-100_0.5-1C_c,0.08978251010566525,pointwise_tube
SNL,SNL/SNL_18650_NCA_25C_0-100_0.5-1C_d,0.07695107024753631,pointwise_tube
SNL,SNL/SNL_18650_NCA_25C_0-100_0.5-2C_a,0.1036149858545034,pointwise_tube
SNL,SNL/SNL_18650_NCA_25C_0-100_0.5-2C_b,0.07717588450521833,pointwise_tube
SNL,SNL/SNL_18650_NCA_25C_20-80_0.5-0.5C_a,0.08694882836019406,pointwise_tube
SNL,SNL/SNL_18650_NCA_25C_20-80_0.5-0.5C_b,0.05796321377578459,pointwise_tube
SNL,SNL/SNL_18650_NCA_25C_20-80_0.5-0.5C_c,0.0793249144636304,pointwise_tube
SNL,SNL/SNL_18650_NCA_25C_20-80_0.5-0.5C_d,0.09393462231428959,pointwise_tube
SNL,SNL/SNL_18650_NCA_35C_0-100_0.5-1C_a,0.06938641069080849,pointwise_tube
SNL,SNL/SNL_18650_NCA_35C_0-100_0.5-1C_b,0.07317951806913359,pointwise_tube
SNL,SNL/SNL_18650_NCA_35C_0-100_0.5-1C_c,0.04091007507801686,pointwise_tube
SNL,SNL/SNL_18650_NCA_35C_0-100_0.5-1C_d,0.07054477495384004,pointwise_tube
SNL,SNL/SNL_18650_NCA_35C_0-100_0.5-2C_a,0.12027329998353055,pointwise_tube
SNL,SNL/SNL_18650_NCA_35C_0-100_0.5-2C_b,0.11352492966475666,pointwise_tube
SNL,SNL/SNL_18650_NMC_15C_0-100_0.5-1C_a,0.16760150292576828,pointwise_tube
SNL,SNL/SNL_18650_NMC_15C_0-100_0.5-1C_b,0.12352248858541087,pointwise_tube
SNL,SNL/SNL_18650_NMC_15C_0-100_0.5-2C_a,0.1589914906131729,pointwise_tube
SNL,SNL/SNL_18650_NMC_15C_0-100_0.5-2C_b,0.14856197854170491,pointwise_tube
SNL,SNL/SNL_18650_NMC_25C_0-100_0.5-0.5C_b,0.07849806113958328,pointwise_tube
SNL,SNL/SNL_18650_NMC_25C_0-100_0.5-1C_a,0.046316639431824236,pointwise_tube
SNL,SNL/SNL_18650_NMC_25C_0-100_0.5-1C_b,0.042279553176506106,pointwise_tube
SNL,SNL/SNL_18650_NMC_25C_0-100_0.5-1C_c,0.07616360202832025,pointwise_tube
SNL,SNL/SNL_18650_NMC_25C_0-100_0.5-1C_d,0.05081812452501905,pointwise_tube
SNL,SNL/SNL_18650_NMC_25C_0-100_0.5-2C_a,0.07673733538050274,pointwise_tube
SNL,SNL/SNL_18650_NMC_25C_0-100_0.5-2C_b,0.06425861256897179,pointwise_tube
SNL,SNL/SNL_18650_NMC_25C_0-100_0.5-3C_a,0.049076037337659736,pointwise_tube
SNL,SNL/SNL_18650_NMC_25C_0-100_0.5-3C_b,0.02563179753904388,pointwise_tube
SNL,SNL/SNL_18650_NMC_25C_0-100_0.5-3C_c,0.030596948092319352,pointwise_tube
SNL,SNL/SNL_18650_NMC_25C_0-100_0.5-3C_d,0.027427338116802757,pointwise_tube
SNL,SNL/SNL_18650_NMC_35C_0-100_0.5-1C_a,0.01855705990398537,pointwise_tube
SNL,SNL/SNL_18650_NMC_35C_0-100_0.5-1C_b,0.019774936360327143,pointwise_tube
SNL,SNL/SNL_18650_NMC_35C_0-100_0.5-1C_c,0.014537508366628767,pointwise_tube
SNL,SNL/SNL_18650_NMC_35C_0-100_0.5-1C_d,0.01732931935596805,pointwise_tube
SNL,SNL/SNL_18650_NMC_35C_0-100_0.5-2C_a,0.0393978678798135,pointwise_tube
SNL,SNL/SNL_18650_NMC_35C_0-100_0.5-2C_b,0.01691804679489429,pointwise_tube
UL_PUR,UL_PUR/UL-PUR_N10-EX9_18650_NCA_23C_0-100_0.5-0.5C_i,0.060620914388823006,pointwise_tube
UL_PUR,UL_PUR/UL-PUR_N10-NA7_18650_NCA_23C_0-100_0.5-0.5C_g,0.0172213591674484,pointwise_tube
UL_PUR,UL_PUR/UL-PUR_N10-OV8_18650_NCA_23C_0-100_0.5-0.5C_h,0.06534891297060035,pointwise_tube
UL_PUR,UL_PUR/UL-PUR_N15-EX4_18650_NCA_23C_0-100_0.5-0.5C_d,0.04015759426500606,pointwise_tube
UL_PUR,UL_PUR/UL-PUR_N15-NA10_18650_NCA_23C_0-100_0.5-0.5C_j,0.016153240062953236,pointwise_tube
UL_PUR,UL_PUR/UL-PUR_N15-OV3_18650_NCA_23C_0-100_0.5-0.5C_c,0.026505027767700313,pointwise_tube
UL_PUR,UL_PUR/UL-PUR_N20-EX2_18650_NCA_23C_0-100_0.5-0.5C_b,0.020221023301414648,pointwise_tube
UL_PUR,UL_PUR/UL-PUR_N20-NA5_18650_NCA_23C_0-100_0.5-0.5C_e,0.04815139409328201,pointwise_tube
UL_PUR,UL_PUR/UL-PUR_N20-NA6_18650_NCA_23C_0-100_0.5-0.5C_f,0.053597044210353044,pointwise_tube
UL_PUR,UL_PUR/UL-PUR_N20-OV1_18650_NCA_23C_0-100_0.5-0.5C_a,0.022113150512026246,pointwise_tube
XJTU,XJTU/XJTU_2C_battery-1,0.13051016717134464,pointwise_tube
XJTU,XJTU/XJTU_2C_battery-2,0.13016421811228873,pointwise_tube
XJTU,XJTU/XJTU_2C_battery-3,0.1256150485331902,pointwise_tube
XJTU,XJTU/XJTU_2C_battery-4,0.13232818163064516,pointwise_tube
XJTU,XJTU/XJTU_2C_battery-5,0.10844879390199923,pointwise_tube
XJTU,XJTU/XJTU_2C_battery-6,0.11827497380087929,pointwise_tube
XJTU,XJTU/XJTU_2C_battery-7,0.08796192529234587,pointwise_tube
XJTU,XJTU/XJTU_2C_battery-8,0.11909319612563099,pointwise_tube
XJTU,XJTU/XJTU_3C_battery-1,0.12018504868743944,pointwise_tube
XJTU,XJTU/XJTU_3C_battery-10,0.09788313793772843,pointwise_tube
XJTU,XJTU/XJTU_3C_battery-11,0.08975700178829168,pointwise_tube
XJTU,XJTU/XJTU_3C_battery-12,0.12111395793267976,pointwise_tube
XJTU,XJTU/XJTU_3C_battery-13,0.12382026988045866,pointwise_tube
XJTU,XJTU/XJTU_3C_battery-14,0.09711280532141012,pointwise_tube
XJTU,XJTU/XJTU_3C_battery-15,0.10056785901229219,pointwise_tube
XJTU,XJTU/XJTU_3C_battery-2,0.11944941065524545,pointwise_tube
XJTU,XJTU/XJTU_3C_battery-3,0.1214027930648787,pointwise_tube
XJTU,XJTU/XJTU_3C_battery-4,0.11418275084179633,pointwise_tube
XJTU,XJTU/XJTU_3C_battery-5,0.11565902886427414,pointwise_tube
XJTU,XJTU/XJTU_3C_battery-6,0.12491866632925086,pointwise_tube
XJTU,XJTU/XJTU_3C_battery-7,0.12498953281471822,pointwise_tube
XJTU,XJTU/XJTU_3C_battery-8,0.12163444659919988,pointwise_tube
XJTU,XJTU/XJTU_3C_battery-9,0.12692684617590388,pointwise_tube
CALB,CALB/CALB_0_B182,0.07003014673903026,strict_monotone
CALB,CALB/CALB_0_B183,0.05770406334881683,strict_monotone
CALB,CALB/CALB_0_B184,0.041911582019399186,strict_monotone
CALB,CALB/CALB_0_B185,0.04306061688227798,strict_monotone
CALB,CALB/CALB_0_B187,0.041567288756802205,strict_monotone
CALB,CALB/CALB_0_B188,0.0429808877905068,strict_monotone
CALB,CALB/CALB_0_B189,0.03763322389519368,strict_monotone
CALB,CALB/CALB_0_B190,0.06578534815835356,strict_monotone
CALB,CALB/CALB_25_T25-1,0.01606502386344885,strict_monotone
CALB,CALB/CALB_25_T25-2,0.020837987328008303,strict_monotone
CALB,CALB/CALB_35_B173,0.021462324566620897,strict_monotone
CALB,CALB/CALB_35_B174,0.023853043654186855,strict_monotone
CALB,CALB/CALB_35_B175,0.0254695509229138,strict_monotone
CALB,CALB/CALB_35_B222,0.0222521733398143,strict_monotone
CALB,CALB/CALB_35_B223,0.02088901944807743,strict_monotone
CALB,CALB/CALB_35_B224,0.02060874554834509,strict_monotone
CALB,CALB/CALB_35_B227,0.022058733367756406,strict_monotone
CALB,CALB/CALB_35_B228,0.024909936998452814,strict_monotone
CALB,CALB/CALB_35_B229,0.022223286857123044,strict_monotone
CALB,CALB/CALB_35_B230,0.021807123015082794,strict_monotone
CALB,CALB/CALB_35_B247,0.26446724160021295,strict_monotone
CALB,CALB/CALB_35_B248,0.02389266888742181,strict_monotone
CALB,CALB/CALB_35_B249,0.023141412972176187,strict_monotone
CALB,CALB/CALB_35_B250,0.021498502492424604,strict_monotone
CALB,CALB/CALB_45_B253,0.02988940194040863,strict_monotone
CALB,CALB/CALB_45_B255,0.03277358257657285,strict_monotone
CALB,CALB/CALB_45_B256,0.03353566913628378,strict_monotone
CALCE,CALCE/CALCE_CS2_33,0.07376492171129159,strict_monotone
CALCE,CALCE/CALCE_CS2_34,0.03492539423555545,strict_monotone
CALCE,CALCE/CALCE_CS2_35,0.06915408810097455,strict_monotone
CALCE,CALCE/CALCE_CS2_36,0.0914648536184324,strict_monotone
CALCE,CALCE/CALCE_CS2_37,0.0758602253100844,strict_monotone
CALCE,CALCE/CALCE_CS2_38,0.06941753375357121,strict_monotone
CALCE,CALCE/CALCE_CX2_16,0.05869905169603193,strict_monotone
CALCE,CALCE/CALCE_CX2_33,0.0327769009580337,strict_monotone
CALCE,CALCE/CALCE_CX2_34,0.038177494127525996,strict_monotone
CALCE,CALCE/CALCE_CX2_35,0.030563204927019583,strict_monotone
CALCE,CALCE/CALCE_CX2_36,0.04525576826907221,strict_monotone
CALCE,CALCE/CALCE_CX2_37,0.027004815245319294,strict_monotone
CALCE,CALCE/CALCE_CX2_38,0.06102861419696096,strict_monotone
HNEI,HNEI/HNEI_18650_NMC_LCO_25C_0-100_0.5-1.5C_a,0.1950198232796921,strict_monotone
HNEI,HNEI/HNEI_18650_NMC_LCO_25C_0-100_0.5-1.5C_b,0.0363179659179355,strict_monotone
HNEI,HNEI/HNEI_18650_NMC_LCO_25C_0-100_0.5-1.5C_c,0.04801908523774518,strict_monotone
HNEI,HNEI/HNEI_18650_NMC_LCO_25C_0-100_0.5-1.5C_d,0.04986470110894942,strict_monotone
HNEI,HNEI/HNEI_18650_NMC_LCO_25C_0-100_0.5-1.5C_e,0.049485105549845074,strict_monotone
HNEI,HNEI/HNEI_18650_NMC_LCO_25C_0-100_0.5-1.5C_f,0.06608543612018546,strict_monotone
HNEI,HNEI/HNEI_18650_NMC_LCO_25C_0-100_0.5-1.5C_g,0.06522661194844741,strict_monotone
HNEI,HNEI/HNEI_18650_NMC_LCO_25C_0-100_0.5-1.5C_j,0.05020447738064435,strict_monotone
HNEI,HNEI/HNEI_18650_NMC_LCO_25C_0-100_0.5-1.5C_l,0.05807625731751218,strict_monotone
HNEI,HNEI/HNEI_18650_NMC_LCO_25C_0-100_0.5-1.5C_n,0.0454223919858696,strict_monotone
HNEI,HNEI/HNEI_18650_NMC_LCO_25C_0-100_0.5-1.5C_o,0.018467847401187648,strict_monotone
HNEI,HNEI/HNEI_18650_NMC_LCO_25C_0-100_0.5-1.5C_p,0.017449436138717044,strict_monotone
HNEI,HNEI/HNEI_18650_NMC_LCO_25C_0-100_0.5-1.5C_s,0.0495773206776847,strict_monotone
HNEI,HNEI/HNEI_18650_NMC_LCO_25C_0-100_0.5-1.5C_t,0.04878635549788121,strict_monotone
HUST,HUST/HUST_1-1,0.019474125475966043,strict_monotone
HUST,HUST/HUST_1-2,0.029370141617554458,strict_monotone
HUST,HUST/HUST_1-3,0.03701967732233645,strict_monotone
HUST,HUST/HUST_1-4,0.03520809145528211,strict_monotone
HUST,HUST/HUST_1-5,0.03783046122813412,strict_monotone
HUST,HUST/HUST_1-6,0.04210134755776292,strict_monotone
HUST,HUST/HUST_1-7,0.020680559428905596,strict_monotone
HUST,HUST/HUST_1-8,0.02411547995210911,strict_monotone
HUST,HUST/HUST_10-1,0.02425402401105305,strict_monotone
HUST,HUST/HUST_10-2,0.03917534976135978,strict_monotone
HUST,HUST/HUST_10-3,0.030776358124737307,strict_monotone
HUST,HUST/HUST_10-4,0.03170556817237273,strict_monotone
HUST,HUST/HUST_10-5,0.035134689239256216,strict_monotone
HUST,HUST/HUST_10-6,0.03257165026645294,strict_monotone
HUST,HUST/HUST_10-7,0.033643036406185066,strict_monotone
HUST,HUST/HUST_10-8,0.025446430234526016,strict_monotone
HUST,HUST/HUST_2-2,0.033417667299609884,strict_monotone
HUST,HUST/HUST_2-3,0.03516696558099517,strict_monotone
HUST,HUST/HUST_2-4,0.021781078028267405,strict_monotone
HUST,HUST/HUST_2-5,0.034580865494097356,strict_monotone
HUST,HUST/HUST_2-6,0.03282038994726383,strict_monotone
HUST,HUST/HUST_2-7,0.03377785156554424,strict_monotone
HUST,HUST/HUST_2-8,0.026022882484258974,strict_monotone
HUST,HUST/HUST_3-1,0.03697300702619711,strict_monotone
HUST,HUST/HUST_3-2,0.03892919506717479,strict_monotone
HUST,HUST/HUST_3-3,0.03550143926400727,strict_monotone
HUST,HUST/HUST_3-4,0.029603665147959573,strict_monotone
HUST,HUST/HUST_3-5,0.040532319745839346,strict_monotone
HUST,HUST/HUST_3-6,0.037118952202722356,strict_monotone
HUST,HUST/HUST_3-7,0.03057627824152903,strict_monotone
HUST,HUST/HUST_3-8,0.038142938698734793,strict_monotone
HUST,HUST/HUST_4-1,0.03702978578033674,strict_monotone
HUST,HUST/HUST_4-2,0.03132607015974308,strict_monotone
HUST,HUST/HUST_4-3,0.021192489083255404,strict_monotone
HUST,HUST/HUST_4-4,0.02064210805316333,strict_monotone
HUST,HUST/HUST_4-5,0.027538954049736292,strict_monotone
HUST,HUST/HUST_4-6,0.02863910006553207,strict_monotone
HUST,HUST/HUST_4-7,0.030497787417878102,strict_monotone
HUST,HUST/HUST_4-8,0.033736300441508334,strict_monotone
HUST,HUST/HUST_5-1,0.029141959171513042,strict_monotone
HUST,HUST/HUST_5-2,0.0349713753503075,strict_monotone
HUST,HUST/HUST_5-3,0.02873697079120961,strict_monotone
HUST,HUST/HUST_5-4,0.022479848503240883,strict_monotone
HUST,HUST/HUST_5-5,0.036124690959282425,strict_monotone
HUST,HUST/HUST_5-6,0.028204631283036827,strict_monotone
HUST,HUST/HUST_5-7,0.019247724579031664,strict_monotone
HUST,HUST/HUST_6-1,0.019741697358358058,strict_monotone
HUST,HUST/HUST_6-2,0.0387454414196901,strict_monotone
HUST,HUST/HUST_6-3,0.03446785674150727,strict_monotone
HUST,HUST/HUST_6-4,0.0233248241487102,strict_monotone
HUST,HUST/HUST_6-5,0.02479078858112993,strict_monotone
HUST,HUST/HUST_6-6,0.0419766331835594,strict_monotone
HUST,HUST/HUST_6-8,0.04331099307002203,strict_monotone
HUST,HUST/HUST_7-1,0.032825805813564465,strict_monotone
HUST,HUST/HUST_7-2,0.037983438713629566,strict_monotone
HUST,HUST/HUST_7-3,0.020122883573876493,strict_monotone
HUST,HUST/HUST_7-4,0.020631073251819707,strict_monotone
HUST,HUST/HUST_7-5,0.03130191198198069,strict_monotone
HUST,HUST/HUST_7-6,0.02000655761065971,strict_monotone
HUST,HUST/HUST_7-7,0.02074794586487313,strict_monotone
HUST,HUST/HUST_7-8,0.03197979623586947,strict_monotone
HUST,HUST/HUST_8-1,0.019805282218613426,strict_monotone
HUST,HUST/HUST_8-2,0.023719088072863232,strict_monotone
HUST,HUST/HUST_8-3,0.034062175355185915,strict_monotone
HUST,HUST/HUST_8-4,0.021006544592528754,strict_monotone
HUST,HUST/HUST_8-5,0.02131148294903656,strict_monotone
HUST,HUST/HUST_8-6,0.027568226226404834,strict_monotone
HUST,HUST/HUST_8-7,0.026629439809891662,strict_monotone
HUST,HUST/HUST_8-8,0.03437805777844297,strict_monotone
HUST,HUST/HUST_9-1,0.04028638608952062,strict_monotone
HUST,HUST/HUST_9-2,0.034834943473622905,strict_monotone
HUST,HUST/HUST_9-3,0.035918243335539335,strict_monotone
HUST,HUST/HUST_9-4,0.037839549591145376,strict_monotone
HUST,HUST/HUST_9-5,0.03691989249319253,strict_monotone
HUST,HUST/HUST_9-6,0.03775998488804531,strict_monotone
HUST,HUST/HUST_9-7,0.03344600349772047,strict_monotone
HUST,HUST/HUST_9-8,0.035493989699931484,strict_monotone
MATR,MATR/MATR_b1c0,0.03783431312229049,strict_monotone
MATR,MATR/MATR_b1c1,0.04473556563903398,strict_monotone
MATR,MATR/MATR_b1c11,0.06116104118281973,strict_monotone
MATR,MATR/MATR_b1c14,0.061646223249616994,strict_monotone
MATR,MATR/MATR_b1c15,0.05654094674579168,strict_monotone
MATR,MATR/MATR_b1c16,0.05039185650491511,strict_monotone
MATR,MATR/MATR_b1c17,0.052899267873416714,strict_monotone
MATR,MATR/MATR_b1c18,0.04845035783144688,strict_monotone
MATR,MATR/MATR_b1c19,0.047296731551243885,strict_monotone
MATR,MATR/MATR_b1c2,0.04441589067438418,strict_monotone
MATR,MATR/MATR_b1c20,0.029696043865376328,strict_monotone
MATR,MATR/MATR_b1c21,0.04014915164492385,strict_monotone
MATR,MATR/MATR_b1c23,0.0665741287964693,strict_monotone
MATR,MATR/MATR_b1c24,0.08228408481103079,strict_monotone
MATR,MATR/MATR_b1c25,0.0746419852222763,strict_monotone
MATR,MATR/MATR_b1c26,0.05439850560389538,strict_monotone
MATR,MATR/MATR_b1c27,0.0587417934228307,strict_monotone
MATR,MATR/MATR_b1c28,0.07460404674196273,strict_monotone
MATR,MATR/MATR_b1c29,0.07712221941889402,strict_monotone
MATR,MATR/MATR_b1c3,0.04536482937799961,strict_monotone
MATR,MATR/MATR_b1c30,0.054554645714410405,strict_monotone
MATR,MATR/MATR_b1c31,0.05888822648131867,strict_monotone
MATR,MATR/MATR_b1c32,0.0668748151729901,strict_monotone
MATR,MATR/MATR_b1c33,0.06607223028359141,strict_monotone
MATR,MATR/MATR_b1c34,0.06961411659919187,strict_monotone
MATR,MATR/MATR_b1c35,0.06639484978280247,strict_monotone
MATR,MATR/MATR_b1c36,0.07251330712375334,strict_monotone
MATR,MATR/MATR_b1c37,0.06966379058898169,strict_monotone
MATR,MATR/MATR_b1c38,0.05465740111778828,strict_monotone
MATR,MATR/MATR_b1c39,0.05544710162202979,strict_monotone
MATR,MATR/MATR_b1c4,0.04637896872995926,strict_monotone
MATR,MATR/MATR_b1c40,0.07537998501134426,strict_monotone
MATR,MATR/MATR_b1c41,0.08084994192569964,strict_monotone
MATR,MATR/MATR_b1c42,0.059967348260901755,strict_monotone
MATR,MATR/MATR_b1c43,0.055908409135361554,strict_monotone
MATR,MATR/MATR_b1c44,0.06341130294529151,strict_monotone
MATR,MATR/MATR_b1c45,0.06109420436733965,strict_monotone
MATR,MATR/MATR_b1c5,0.04323269717975681,strict_monotone
MATR,MATR/MATR_b1c6,0.03319523974893047,strict_monotone
MATR,MATR/MATR_b1c7,0.04763258575655791,strict_monotone
MATR,MATR/MATR_b1c9,0.05631307967171307,strict_monotone
MATR,MATR/MATR_b2c0,0.02905958727848922,strict_monotone
MATR,MATR/MATR_b2c1,0.04709714108813123,strict_monotone
MATR,MATR/MATR_b2c10,0.029273411317756272,strict_monotone
MATR,MATR/MATR_b2c11,0.029900472210005236,strict_monotone
MATR,MATR/MATR_b2c12,0.023178458724088438,strict_monotone
MATR,MATR/MATR_b2c13,0.028757596783347727,strict_monotone
MATR,MATR/MATR_b2c14,0.034750420468030827,strict_monotone
MATR,MATR/MATR_b2c17,0.03769799074501401,strict_monotone
MATR,MATR/MATR_b2c18,0.02638032443704289,strict_monotone
MATR,MATR/MATR_b2c19,0.017457614662974456,strict_monotone
MATR,MATR/MATR_b2c2,0.04580950001210569,strict_monotone
MATR,MATR/MATR_b2c20,0.03450630526777791,strict_monotone
MATR,MATR/MATR_b2c21,0.02808390750409568,strict_monotone
MATR,MATR/MATR_b2c22,0.034316105173755995,strict_monotone
MATR,MATR/MATR_b2c23,0.031580529156613385,strict_monotone
MATR,MATR/MATR_b2c24,0.033024576289711276,strict_monotone
MATR,MATR/MATR_b2c25,0.02436331091541155,strict_monotone
MATR,MATR/MATR_b2c26,0.027091277501704626,strict_monotone
MATR,MATR/MATR_b2c27,0.033225691715229745,strict_monotone
MATR,MATR/MATR_b2c28,0.03787120472758889,strict_monotone
MATR,MATR/MATR_b2c29,0.04057303042091753,strict_monotone
MATR,MATR/MATR_b2c3,0.030282173143998187,strict_monotone
MATR,MATR/MATR_b2c30,0.03463181367753151,strict_monotone
MATR,MATR/MATR_b2c31,0.03670757443445562,strict_monotone
MATR,MATR/MATR_b2c32,0.03924006944467208,strict_monotone
MATR,MATR/MATR_b2c33,0.04141358618196879,strict_monotone
MATR,MATR/MATR_b2c34,0.04229075324309165,strict_monotone
MATR,MATR/MATR_b2c35,0.03736272308087869,strict_monotone
MATR,MATR/MATR_b2c36,0.040150177237492146,strict_monotone
MATR,MATR/MATR_b2c37,0.0424054686414035,strict_monotone
MATR,MATR/MATR_b2c38,0.03918615734823115,strict_monotone
MATR,MATR/MATR_b2c39,0.043053981647670964,strict_monotone
MATR,MATR/MATR_b2c4,0.025604160333641705,strict_monotone
MATR,MATR/MATR_b2c40,0.029998106316826256,strict_monotone
MATR,MATR/MATR_b2c41,0.036127771496761905,strict_monotone
MATR,MATR/MATR_b2c42,0.03515868461230907,strict_monotone
MATR,MATR/MATR_b2c43,0.03631114625966191,strict_monotone
MATR,MATR/MATR_b2c44,0.03927198669418309,strict_monotone
MATR,MATR/MATR_b2c45,0.03402083602654143,strict_monotone
MATR,MATR/MATR_b2c46,0.03921090772868474,strict_monotone
MATR,MATR/MATR_b2c47,0.03846128903403208,strict_monotone
MATR,MATR/MATR_b2c5,0.03479638229831793,strict_monotone
MATR,MATR/MATR_b2c6,0.019911834287609047,strict_monotone
MATR,MATR/MATR_b3c0,0.03787403854657453,strict_monotone
MATR,MATR/MATR_b3c1,0.048043501055310446,strict_monotone
MATR,MATR/MATR_b3c10,0.0323063682779979,strict_monotone
MATR,MATR/MATR_b3c11,0.03254923100175751,strict_monotone
MATR,MATR/MATR_b3c12,0.04422741443402182,strict_monotone
MATR,MATR/MATR_b3c13,0.032397205540460286,strict_monotone
MATR,MATR/MATR_b3c14,0.04112157972967337,strict_monotone
MATR,MATR/MATR_b3c15,0.036268421899763,strict_monotone
MATR,MATR/MATR_b3c16,0.037099564870413174,strict_monotone
MATR,MATR/MATR_b3c17,0.050596746538543826,strict_monotone
MATR,MATR/MATR_b3c18,0.04020762028781762,strict_monotone
MATR,MATR/MATR_b3c19,0.04284052640669051,strict_monotone
MATR,MATR/MATR_b3c20,0.033100145692723466,strict_monotone
MATR,MATR/MATR_b3c21,0.024846558229385737,strict_monotone
MATR,MATR/MATR_b3c22,0.07064832913658961,strict_monotone
MATR,MATR/MATR_b3c24,0.03299909697807971,strict_monotone
MATR,MATR/MATR_b3c25,0.045183232817813716,strict_monotone
MATR,MATR/MATR_b3c26,0.03984772396910369,strict_monotone
MATR,MATR/MATR_b3c27,0.04023512411979588,strict_monotone
MATR,MATR/MATR_b3c28,0.017983027908012726,strict_monotone
MATR,MATR/MATR_b3c29,0.03706234087477438,strict_monotone
MATR,MATR/MATR_b3c3,0.04929393168037781,strict_monotone
MATR,MATR/MATR_b3c30,0.04554220645749708,strict_monotone
MATR,MATR/MATR_b3c31,0.048642428008659644,strict_monotone
MATR,MATR/MATR_b3c33,0.04151937410333436,strict_monotone
MATR,MATR/MATR_b3c34,0.04557566117933632,strict_monotone
MATR,MATR/MATR_b3c35,0.035734462440210495,strict_monotone
MATR,MATR/MATR_b3c36,0.044098938350517335,strict_monotone
MATR,MATR/MATR_b3c38,0.05379532367211975,strict_monotone
MATR,MATR/MATR_b3c39,0.05185890001779177,strict_monotone
MATR,MATR/MATR_b3c4,0.036358781024568756,strict_monotone
MATR,MATR/MATR_b3c40,0.03296816542232979,strict_monotone
MATR,MATR/MATR_b3c41,0.04061697459348138,strict_monotone
MATR,MATR/MATR_b3c44,0.04984969570772727,strict_monotone
MATR,MATR/MATR_b3c45,0.04044546556762615,strict_monotone
MATR,MATR/MATR_b3c5,0.03767066856082038,strict_monotone
MATR,MATR/MATR_b3c6,0.01716976056950488,strict_monotone
MATR,MATR/MATR_b3c7,0.042147607259443554,strict_monotone
MATR,MATR/MATR_b3c8,0.03367749382999975,strict_monotone
MATR,MATR/MATR_b3c9,0.05388850257432813,strict_monotone
MATR,MATR/MATR_b4c0,0.04144140648282444,strict_monotone
MATR,MATR/MATR_b4c1,0.04254379872840294,strict_monotone
MATR,MATR/MATR_b4c10,0.0725134121896,strict_monotone
MATR,MATR/MATR_b4c11,0.04715133796506342,strict_monotone
MATR,MATR/MATR_b4c12,0.05045592630578387,strict_monotone
MATR,MATR/MATR_b4c13,0.05454610217722621,strict_monotone
MATR,MATR/MATR_b4c14,0.08622010003917534,strict_monotone
MATR,MATR/MATR_b4c15,0.09456406209752535,strict_monotone
MATR,MATR/MATR_b4c16,0.07279017960240555,strict_monotone
MATR,MATR/MATR_b4c17,0.06644529287959192,strict_monotone
MATR,MATR/MATR_b4c18,0.06138374008395212,strict_monotone
MATR,MATR/MATR_b4c19,0.07414364284919628,strict_monotone
MATR,MATR/MATR_b4c2,0.04019885978832218,strict_monotone
MATR,MATR/MATR_b4c20,0.037580123822086316,strict_monotone
MATR,MATR/MATR_b4c21,0.05531382469467242,strict_monotone
MATR,MATR/MATR_b4c22,0.06992343145602602,strict_monotone
MATR,MATR/MATR_b4c23,0.05913728918468441,strict_monotone
MATR,MATR/MATR_b4c24,0.04727338048504608,strict_monotone
MATR,MATR/MATR_b4c25,0.08547414380551586,strict_monotone
MATR,MATR/MATR_b4c26,0.08202923366942586,strict_monotone
MATR,MATR/MATR_b4c27,0.06364643364698455,strict_monotone
MATR,MATR/MATR_b4c28,0.050604791814017454,strict_monotone
MATR,MATR/MATR_b4c29,0.044415959416324716,strict_monotone
MATR,MATR/MATR_b4c3,0.07260897436308593,strict_monotone
MATR,MATR/MATR_b4c30,0.044651929240822105,strict_monotone
MATR,MATR/MATR_b4c31,0.1520479185360799,strict_monotone
MATR,MATR/MATR_b4c32,0.06864813945929162,strict_monotone
MATR,MATR/MATR_b4c33,0.06507003541576462,strict_monotone
MATR,MATR/MATR_b4c34,0.04206627088204375,strict_monotone
MATR,MATR/MATR_b4c35,0.04131328349530758,strict_monotone
MATR,MATR/MATR_b4c36,0.08355609130712358,strict_monotone
MATR,MATR/MATR_b4c37,0.07313676144070436,strict_monotone
MATR,MATR/MATR_b4c38,0.04770627196322246,strict_monotone
MATR,MATR/MATR_b4c39,0.07000038862043502,strict_monotone
MATR,MATR/MATR_b4c4,0.13968867437109717,strict_monotone
MATR,MATR/MATR_b4c40,0.041819180849266384,strict_monotone
MATR,MATR/MATR_b4c41,0.0672143313296524,strict_monotone
MATR,MATR/MATR_b4c42,0.062150419917051995,strict_monotone
MATR,MATR/MATR_b4c43,0.0717918330301921,strict_monotone
MATR,MATR/MATR_b4c44,0.06322124748684987,strict_monotone
MATR,MATR/MATR_b4c5,0.05836594145332358,strict_monotone
MATR,MATR/MATR_b4c6,0.06559635186766238,strict_monotone
MATR,MATR/MATR_b4c7,0.06871969667745428,strict_monotone
MATR,MATR/MATR_b4c8,0.03725321923898353,strict_monotone
MATR,MATR/MATR_b4c9,0.06907067632646097,strict_monotone
MICH,MICH/MICH_BLForm10_pouch_NMC_25C_0-100_1-1C_j,0.10945190098650623,strict_monotone
MICH,MICH/MICH_BLForm11_pouch_NMC_25C_0-100_1-1C_a,0.0644072177326638,strict_monotone
MICH,MICH/MICH_BLForm12_pouch_NMC_25C_0-100_1-1C_b,0.08435217432751461,strict_monotone
MICH,MICH/MICH_BLForm13_pouch_NMC_25C_0-100_1-1C_c,0.10086413936006801,strict_monotone
MICH,MICH/MICH_BLForm14_pouch_NMC_25C_0-100_1-1C_d,0.07532731184000101,strict_monotone
MICH,MICH/MICH_BLForm15_pouch_NMC_25C_0-100_1-1C_e,0.09993901472193642,strict_monotone
MICH,MICH/MICH_BLForm16_pouch_NMC_25C_0-100_1-1C_f,0.09585697990843813,strict_monotone
MICH,MICH/MICH_BLForm17_pouch_NMC_25C_0-100_1-1C_g,0.1351531518001151,strict_monotone
MICH,MICH/MICH_BLForm18_pouch_NMC_25C_0-100_1-1C_h,0.11225559668868476,strict_monotone
MICH,MICH/MICH_BLForm19_pouch_NMC_25C_0-100_1-1C_i,0.09403270839963461,strict_monotone
MICH,MICH/MICH_BLForm1_pouch_NMC_45C_0-100_1-1C_a,0.1536321139364533,strict_monotone
MICH,MICH/MICH_BLForm20_pouch_NMC_25C_0-100_1-1C_j,0.12860856840778132,strict_monotone
MICH,MICH/MICH_BLForm2_pouch_NMC_45C_0-100_1-1C_b,0.14787170904328928,strict_monotone
MICH,MICH/MICH_BLForm3_pouch_NMC_45C_0-100_1-1C_c,0.0752401457145522,strict_monotone
MICH,MICH/MICH_BLForm4_pouch_NMC_45C_0-100_1-1C_d,0.15717080861057858,strict_monotone
MICH,MICH/MICH_BLForm5_pouch_NMC_45C_0-100_1-1C_e,0.150893640763005,strict_monotone
MICH,MICH/MICH_BLForm6_pouch_NMC_45C_0-100_1-1C_f,0.09694294918239169,strict_monotone
MICH,MICH/MICH_BLForm7_pouch_NMC_45C_0-100_1-1C_g,0.12102327040785203,strict_monotone
MICH,MICH/MICH_BLForm8_pouch_NMC_45C_0-100_1-1C_h,0.14948514636106464,strict_monotone
MICH,MICH/MICH_BLForm9_pouch_NMC_45C_0-100_1-1C_i,0.2833153985767015,strict_monotone
MICH,MICH/MICH_MCForm21_pouch_NMC_25C_0-100_1-1C_a,0.05653207371626923,strict_monotone
MICH,MICH/MICH_MCForm22_pouch_NMC_25C_0-100_1-1C_b,0.12604565855293542,strict_monotone
MICH,MICH/MICH_MCForm23_pouch_NMC_25C_0-100_1-1C_c,0.06534117975326764,strict_monotone
MICH,MICH/MICH_MCForm24_pouch_NMC_25C_0-100_1-1C_d,0.0753425343149547,strict_monotone
MICH,MICH/MICH_MCForm25_pouch_NMC_25C_0-100_1-1C_e,0.0753003685942698,strict_monotone
MICH,MICH/MICH_MCForm26_pouch_NMC_25C_0-100_1-1C_f,0.06625199335555212,strict_monotone
MICH,MICH/MICH_MCForm27_pouch_NMC_25C_0-100_1-1C_g,0.06607329182287654,strict_monotone
MICH,MICH/MICH_MCForm28_pouch_NMC_25C_0-100_1-1C_h,0.0824870024853848,strict_monotone
MICH,MICH/MICH_MCForm29_pouch_NMC_25C_0-100_1-1C_i,0.09978428747494963,strict_monotone
MICH,MICH/MICH_MCForm30_pouch_NMC_25C_0-100_1-1C_j,0.06592922404259882,strict_monotone
MICH,MICH/MICH_MCForm31_pouch_NMC_45C_0-100_1-1C_a,0.08877691748633618,strict_monotone
MICH,MICH/MICH_MCForm32_pouch_NMC_45C_0-100_1-1C_b,0.05306536457048395,strict_monotone
MICH,MICH/MICH_MCForm33_pouch_NMC_45C_0-100_1-1C_c,0.06915107833346285,strict_monotone
MICH,MICH/MICH_MCForm34_pouch_NMC_45C_0-100_1-1C_d,0.04296537538767226,strict_monotone
MICH,MICH/MICH_MCForm35_pouch_NMC_45C_0-100_1-1C_e,0.05320254730177918,strict_monotone
MICH,MICH/MICH_MCForm36_pouch_NMC_45C_0-100_1-1C_f,0.0789756747558979,strict_monotone
MICH,MICH/MICH_MCForm37_pouch_NMC_45C_0-100_1-1C_g,0.05832504926205228,strict_monotone
MICH,MICH/MICH_MCForm38_pouch_NMC_45C_0-100_1-1C_h,0.0917641741371514,strict_monotone
MICH,MICH/MICH_MCForm39_pouch_NMC_45C_0-100_1-1C_i,0.07264716939667715,strict_monotone
MICH,MICH/MICH_MCForm40_pouch_NMC_45C_0-100_1-1C_j,0.05561354999137181,strict_monotone
MICH_EXP,MICH_EXP/MICH_01R_pouch_NMC_25C_0-100_0.2-0.2C,0.07638841786657623,strict_monotone
MICH_EXP,MICH_EXP/MICH_02C_pouch_NMC_-5C_0-100_0.2-0.2C,0.013493108509634123,strict_monotone
MICH_EXP,MICH_EXP/MICH_03H_pouch_NMC_45C_0-100_0.2-0.2C,0.0430743058617703,strict_monotone
MICH_EXP,MICH_EXP/MICH_04R_pouch_NMC_25C_0-100_1.5-1.5C,0.0916689215854347,strict_monotone
MICH_EXP,MICH_EXP/MICH_05C_pouch_NMC_-5C_0-100_1.5-1.5C,0.04323525931806747,strict_monotone
MICH_EXP,MICH_EXP/MICH_06H_pouch_NMC_45C_0-100_1.5-1.5C,0.08785666416034318,strict_monotone
MICH_EXP,MICH_EXP/MICH_07R_pouch_NMC_25C_0-100_2-2C,0.1641458290109016,strict_monotone
MICH_EXP,MICH_EXP/MICH_08C_pouch_NMC_-5C_0-100_2-2C,0.01730881744167049,strict_monotone
MICH_EXP,MICH_EXP/MICH_09H_pouch_NMC_45C_0-100_2-2C,0.146202962544859,strict_monotone
MICH_EXP,MICH_EXP/MICH_10R_pouch_NMC_25C_0-100_0.2-1.5C,0.0436181552402421,strict_monotone
MICH_EXP,MICH_EXP/MICH_11C_pouch_NMC_-5C_0-100_0.2-1.5C,0.04316398436964537,strict_monotone
MICH_EXP,MICH_EXP/MICH_12H_pouch_NMC_45C_0-100_0.2-1.5C,0.11049597810772335,strict_monotone
MICH_EXP,MICH_EXP/MICH_13R_pouch_NMC_25C_50-100_0.2-0.2C,0.12774127028766818,strict_monotone
MICH_EXP,MICH_EXP/MICH_14C_pouch_NMC_-5C_50-100_0.2-0.2C,0.11635926620275419,strict_monotone
MICH_EXP,MICH_EXP/MICH_15H_pouch_NMC_45C_50-100_0.2-0.2C,0.06806950164776264,strict_monotone
MICH_EXP,MICH_EXP/MICH_16R_pouch_NMC_25C_50-100_0.2-1.5C,0.1240773070232973,strict_monotone
MICH_EXP,MICH_EXP/MICH_17C_pouch_NMC_-5C_50-100_0.2-1.5C,0.1166674766935037,strict_monotone
MICH_EXP,MICH_EXP/MICH_18H_pouch_NMC_45C_50-100_0.2-1.5C,0.09012172641009417,strict_monotone
RWTH,RWTH/RWTH_002,0.17397969317326897,strict_monotone
RWTH,RWTH/RWTH_003,0.1651724300106522,strict_monotone
RWTH,RWTH/RWTH_004,0.16554186406183916,strict_monotone
RWTH,RWTH/RWTH_005,0.16379481739702662,strict_monotone
RWTH,RWTH/RWTH_006,0.15933375053675808,strict_monotone
RWTH,RWTH/RWTH_007,0.16427750314056766,strict_monotone
RWTH,RWTH/RWTH_008,0.16952410330866619,strict_monotone
RWTH,RWTH/RWTH_009,0.15152530397358366,strict_monotone
RWTH,RWTH/RWTH_010,0.16366159693060067,strict_monotone
RWTH,RWTH/RWTH_011,0.16037126703560914,strict_monotone
RWTH,RWTH/RWTH_012,0.1516831854346395,strict_monotone
RWTH,RWTH/RWTH_013,0.16130781381817974,strict_monotone
RWTH,RWTH/RWTH_014,0.16732913141824043,strict_monotone
RWTH,RWTH/RWTH_015,0.15255445611211998,strict_monotone
RWTH,RWTH/RWTH_016,0.15169255796640163,strict_monotone
RWTH,RWTH/RWTH_017,0.1690369687305185,strict_monotone
RWTH,RWTH/RWTH_018,0.15723872036474104,strict_monotone
RWTH,RWTH/RWTH_019,0.16318264631385287,strict_monotone
RWTH,RWTH/RWTH_020,0.16201789370687095,strict_monotone
RWTH,RWTH/RWTH_021,0.16916082809850744,strict_monotone
RWTH,RWTH/RWTH_022,0.15567665388853238,strict_monotone
RWTH,RWTH/RWTH_023,0.13600577294271277,strict_monotone
RWTH,RWTH/RWTH_024,0.14452848298658877,strict_monotone
RWTH,RWTH/RWTH_025,0.16193233104087987,strict_monotone
RWTH,RWTH/RWTH_026,0.13702425234563442,strict_monotone
RWTH,RWTH/RWTH_027,0.14112587638366147,strict_monotone
RWTH,RWTH/RWTH_028,0.15272349753944253,strict_monotone
RWTH,RWTH/RWTH_029,0.13715514749842078,strict_monotone
RWTH,RWTH/RWTH_030,0.07014380336748546,strict_monotone
RWTH,RWTH/RWTH_031,0.1480787491908717,strict_monotone
RWTH,RWTH/RWTH_032,0.16715410747734655,strict_monotone
RWTH,RWTH/RWTH_033,0.18298946703661956,strict_monotone
RWTH,RWTH/RWTH_034,0.11390788667609866,strict_monotone
RWTH,RWTH/RWTH_035,0.1102292436018519,strict_monotone
RWTH,RWTH/RWTH_036,0.1352660443383183,strict_monotone
RWTH,RWTH/RWTH_037,0.1496113206631466,strict_monotone
RWTH,RWTH/RWTH_038,0.10625712002456773,strict_monotone
RWTH,RWTH/RWTH_039,0.11196854308644649,strict_monotone
RWTH,RWTH/RWTH_040,0.11841332839607817,strict_monotone
RWTH,RWTH/RWTH_041,0.1259398724823641,strict_monotone
RWTH,RWTH/RWTH_042,0.11694499722014333,strict_monotone
RWTH,RWTH/RWTH_043,0.1032669399337782,strict_monotone
RWTH,RWTH/RWTH_044,0.11772568444732064,strict_monotone
RWTH,RWTH/RWTH_045,0.11432607132037503,strict_monotone
RWTH,RWTH/RWTH_046,0.1456165383563901,strict_monotone
RWTH,RWTH/RWTH_047,0.14774322003298762,strict_monotone
RWTH,RWTH/RWTH_048,0.14125588394946173,strict_monotone
RWTH,RWTH/RWTH_049,0.13936139036905693,strict_monotone
SDU,SDU/SDU_Battery_1,0.06921318614294625,strict_monotone
SDU,SDU/SDU_Battery_10,0.043117850089700004,strict_monotone
SDU,SDU/SDU_Battery_11,0.06371502406217033,strict_monotone
SDU,SDU/SDU_Battery_12,0.05312039792691311,strict_monotone
SDU,SDU/SDU_Battery_13,0.05317243790615978,strict_monotone
SDU,SDU/SDU_Battery_14,0.04929928026195735,strict_monotone
SDU,SDU/SDU_Battery_15,0.06320259765925194,strict_monotone
SDU,SDU/SDU_Battery_16,0.05756871951910684,strict_monotone
SDU,SDU/SDU_Battery_17,0.05191106020722114,strict_monotone
SDU,SDU/SDU_Battery_18,0.052780449790780094,strict_monotone
SDU,SDU/SDU_Battery_19,0.04677618851587448,strict_monotone
SDU,SDU/SDU_Battery_2,0.07203582962474112,strict_monotone
SDU,SDU/SDU_Battery_20,0.047711248319388715,strict_monotone
SDU,SDU/SDU_Battery_21,0.035888220624730134,strict_monotone
SDU,SDU/SDU_Battery_22,0.05294490211378632,strict_monotone
SDU,SDU/SDU_Battery_23,0.07523698734812236,strict_monotone
SDU,SDU/SDU_Battery_24,0.06011334014532964,strict_monotone
SDU,SDU/SDU_Battery_25,0.05892672113497601,strict_monotone
SDU,SDU/SDU_Battery_26,0.09825494511389525,strict_monotone
SDU,SDU/SDU_Battery_27,0.0745151703598128,strict_monotone
SDU,SDU/SDU_Battery_28,0.06527855695315608,strict_monotone
SDU,SDU/SDU_Battery_29,0.06641678983566367,strict_monotone
SDU,SDU/SDU_Battery_3,0.052996798186177856,strict_monotone
SDU,SDU/SDU_Battery_30,0.05732304267144061,strict_monotone
SDU,SDU/SDU_Battery_31,0.051945987763463375,strict_monotone
SDU,SDU/SDU_Battery_32,0.061404363363660036,strict_monotone
SDU,SDU/SDU_Battery_33,0.0477788251179132,strict_monotone
SDU,SDU/SDU_Battery_34,0.057638028811389366,strict_monotone
SDU,SDU/SDU_Battery_35,0.06050135345558963,strict_monotone
SDU,SDU/SDU_Battery_36,0.05878065144008121,strict_monotone
SDU,SDU/SDU_Battery_37,0.057184720411964644,strict_monotone
SDU,SDU/SDU_Battery_38,0.053976427217977976,strict_monotone
SDU,SDU/SDU_Battery_39,0.0749149057999399,strict_monotone
SDU,SDU/SDU_Battery_4,0.06577494703549543,strict_monotone
SDU,SDU/SDU_Battery_40,0.07360029440833352,strict_monotone
SDU,SDU/SDU_Battery_41,0.06751474001805717,strict_monotone
SDU,SDU/SDU_Battery_42,0.06836646846719431,strict_monotone
SDU,SDU/SDU_Battery_43,0.07506793615845865,strict_monotone
SDU,SDU/SDU_Battery_44,0.06936506696685556,strict_monotone
SDU,SDU/SDU_Battery_45,0.07783430407014304,strict_monotone
SDU,SDU/SDU_Battery_46,0.0747053732123192,strict_monotone
SDU,SDU/SDU_Battery_47,0.07962757984305686,strict_monotone
SDU,SDU/SDU_Battery_48,0.07361186253592299,strict_monotone
SDU,SDU/SDU_Battery_49,0.07705648669133189,strict_monotone
SDU,SDU/SDU_Battery_5,0.061516622142536344,strict_monotone
SDU,SDU/SDU_Battery_50,0.07987671967284611,strict_monotone
SDU,SDU/SDU_Battery_51,0.07704664206015768,strict_monotone
SDU,SDU/SDU_Battery_52,0.07402479410917301,strict_monotone
SDU,SDU/SDU_Battery_53,0.05271126249956952,strict_monotone
SDU,SDU/SDU_Battery_54,0.044936338785877494,strict_monotone
SDU,SDU/SDU_Battery_55,0.05179574783268725,strict_monotone
SDU,SDU/SDU_Battery_56,0.05182764337398897,strict_monotone
SDU,SDU/SDU_Battery_57,0.051137123968936805,strict_monotone
SDU,SDU/SDU_Battery_58,0.06440403023556071,strict_monotone
SDU,SDU/SDU_Battery_59,0.05480860150057268,strict_monotone
SDU,SDU/SDU_Battery_6,0.07257999071865068,strict_monotone
SDU,SDU/SDU_Battery_60,0.05330044172113499,strict_monotone
SDU,SDU/SDU_Battery_61,0.07111370108976073,strict_monotone
SDU,SDU/SDU_Battery_62,0.07663424784967801,strict_monotone
SDU,SDU/SDU_Battery_63,0.037032922642446404,strict_monotone
SDU,SDU/SDU_Battery_64,0.0642468445786859,strict_monotone
SDU,SDU/SDU_Battery_65,0.030576664325312704,strict_monotone
SDU,SDU/SDU_Battery_66,0.02014649936458739,strict_monotone
SDU,SDU/SDU_Battery_67,0.04725517951835622,strict_monotone
SDU,SDU/SDU_Battery_68,0.0452781331644534,strict_monotone
SDU,SDU/SDU_Battery_69,0.07056549918933645,strict_monotone
SDU,SDU/SDU_Battery_7,0.07523200466315468,strict_monotone
SDU,SDU/SDU_Battery_70,0.06258605684037889,strict_monotone
SDU,SDU/SDU_Battery_71,0.07654268183631711,strict_monotone
SDU,SDU/SDU_Battery_72,0.07651439557831669,strict_monotone
SDU,SDU/SDU_Battery_73,0.09865986657508691,strict_monotone
SDU,SDU/SDU_Battery_74,0.10426434262152441,strict_monotone
SDU,SDU/SDU_Battery_75,0.09665844825795195,strict_monotone
SDU,SDU/SDU_Battery_76,0.08603460320502813,strict_monotone
SDU,SDU/SDU_Battery_77,0.08375071456486997,strict_monotone
SDU,SDU/SDU_Battery_78,0.08119369022104435,strict_monotone
SDU,SDU/SDU_Battery_79,0.0881315629305398,strict_monotone
SDU,SDU/SDU_Battery_8,0.04731390197340091,strict_monotone
SDU,SDU/SDU_Battery_80,0.08419954246557931,strict_monotone
SDU,SDU/SDU_Battery_81,0.09112682816846839,strict_monotone
SDU,SDU/SDU_Battery_82,0.08696968519306718,strict_monotone
SDU,SDU/SDU_Battery_83,0.08356211899331016,strict_monotone
SDU,SDU/SDU_Battery_84,0.08123219959482322,strict_monotone
SDU,SDU/SDU_Battery_85,0.09137250874355055,strict_monotone
SDU,SDU/SDU_Battery_86,0.08239008389665128,strict_monotone
SDU,SDU/SDU_Battery_9,0.03596488398956472,strict_monotone
SNL,SNL/SNL_18650_LFP_15C_0-100_0.5-2C_b,0.057606478882822824,strict_monotone
SNL,SNL/SNL_18650_LFP_25C_0-100_0.5-0.5C_a,0.047222988533730054,strict_monotone
SNL,SNL/SNL_18650_LFP_25C_0-100_0.5-1C_a,0.06299958424622223,strict_monotone
SNL,SNL/SNL_18650_LFP_25C_0-100_0.5-1C_b,0.06730835793905206,strict_monotone
SNL,SNL/SNL_18650_LFP_25C_0-100_0.5-1C_c,0.06591455325081157,strict_monotone
SNL,SNL/SNL_18650_LFP_25C_0-100_0.5-1C_d,0.06625574417230709,strict_monotone
SNL,SNL/SNL_18650_LFP_25C_0-100_0.5-2C_a,0.054940608968347605,strict_monotone
SNL,SNL/SNL_18650_LFP_25C_0-100_0.5-2C_b,0.0656027284751356,strict_monotone
SNL,SNL/SNL_18650_LFP_25C_0-100_0.5-3C_a,0.0464817738745256,strict_monotone
SNL,SNL/SNL_18650_LFP_25C_0-100_0.5-3C_b,0.042103589163649174,strict_monotone
SNL,SNL/SNL_18650_LFP_25C_0-100_0.5-3C_c,0.04463499830244313,strict_monotone
SNL,SNL/SNL_18650_LFP_25C_0-100_0.5-3C_d,0.04166619919403289,strict_monotone
SNL,SNL/SNL_18650_LFP_35C_0-100_0.5-1C_a,0.022407285371303824,strict_monotone
SNL,SNL/SNL_18650_LFP_35C_0-100_0.5-1C_b,0.020743136263329947,strict_monotone
SNL,SNL/SNL_18650_LFP_35C_0-100_0.5-1C_c,0.025769203618680306,strict_monotone
SNL,SNL/SNL_18650_LFP_35C_0-100_0.5-1C_d,0.026378056861383746,strict_monotone
SNL,SNL/SNL_18650_LFP_35C_0-100_0.5-2C_a,0.024959680901179664,strict_monotone
SNL,SNL/SNL_18650_LFP_35C_0-100_0.5-2C_b,0.024640353956865844,strict_monotone
SNL,SNL/SNL_18650_NCA_15C_0-100_0.5-1C_a,0.084730205928853,strict_monotone
SNL,SNL/SNL_18650_NCA_15C_0-100_0.5-1C_b,0.04438173700929103,strict_monotone
SNL,SNL/SNL_18650_NCA_15C_0-100_0.5-2C_a,0.14133058359993833,strict_monotone
SNL,SNL/SNL_18650_NCA_15C_0-100_0.5-2C_b,0.11645823602363457,strict_monotone
SNL,SNL/SNL_18650_NCA_25C_0-100_0.5-0.5C_a,0.0893091488547208,strict_monotone
SNL,SNL/SNL_18650_NCA_25C_0-100_0.5-0.5C_b,0.2501275609389053,strict_monotone
SNL,SNL/SNL_18650_NCA_25C_0-100_0.5-1C_a,0.056784039010178616,strict_monotone
SNL,SNL/SNL_18650_NCA_25C_0-100_0.5-1C_b,0.08472829297827146,strict_monotone
SNL,SNL/SNL_18650_NCA_25C_0-100_0.5-1C_c,0.08759411271559403,strict_monotone
SNL,SNL/SNL_18650_NCA_25C_0-100_0.5-1C_d,0.07677778761888274,strict_monotone
SNL,SNL/SNL_18650_NCA_25C_0-100_0.5-2C_a,0.10252322705411748,strict_monotone
SNL,SNL/SNL_18650_NCA_25C_0-100_0.5-2C_b,0.07723609365625368,strict_monotone
SNL,SNL/SNL_18650_NCA_25C_20-80_0.5-0.5C_a,0.08680692523783361,strict_monotone
SNL,SNL/SNL_18650_NCA_25C_20-80_0.5-0.5C_b,0.05778678040646158,strict_monotone
SNL,SNL/SNL_18650_NCA_25C_20-80_0.5-0.5C_c,0.07778394075264615,strict_monotone
SNL,SNL/SNL_18650_NCA_25C_20-80_0.5-0.5C_d,0.09379784052578281,strict_monotone
SNL,SNL/SNL_18650_NCA_35C_0-100_0.5-1C_a,0.06757132752620491,strict_monotone
SNL,SNL/SNL_18650_NCA_35C_0-100_0.5-1C_b,0.07231124668913898,strict_monotone
SNL,SNL/SNL_18650_NCA_35C_0-100_0.5-1C_c,0.04163381594394624,strict_monotone
SNL,SNL/SNL_18650_NCA_35C_0-100_0.5-1C_d,0.07027268994258866,strict_monotone
SNL,SNL/SNL_18650_NCA_35C_0-100_0.5-2C_a,0.11923576920265332,strict_monotone
SNL,SNL/SNL_18650_NCA_35C_0-100_0.5-2C_b,0.11279753943214998,strict_monotone
SNL,SNL/SNL_18650_NMC_15C_0-100_0.5-1C_a,0.167597710749051,strict_monotone
SNL,SNL/SNL_18650_NMC_15C_0-100_0.5-1C_b,0.12340414195247694,strict_monotone
SNL,SNL/SNL_18650_NMC_15C_0-100_0.5-2C_a,0.1589885944061353,strict_monotone
SNL,SNL/SNL_18650_NMC_15C_0-100_0.5-2C_b,0.14856016826953292,strict_monotone
SNL,SNL/SNL_18650_NMC_25C_0-100_0.5-0.5C_b,0.07840131126975045,strict_monotone
SNL,SNL/SNL_18650_NMC_25C_0-100_0.5-1C_a,0.04389137108516624,strict_monotone
SNL,SNL/SNL_18650_NMC_25C_0-100_0.5-1C_b,0.0409210724215796,strict_monotone
SNL,SNL/SNL_18650_NMC_25C_0-100_0.5-1C_c,0.07438074956913343,strict_monotone
SNL,SNL/SNL_18650_NMC_25C_0-100_0.5-1C_d,0.04943779497410216,strict_monotone
SNL,SNL/SNL_18650_NMC_25C_0-100_0.5-2C_a,0.07634352190807081,strict_monotone
SNL,SNL/SNL_18650_NMC_25C_0-100_0.5-2C_b,0.060208209344309024,strict_monotone
SNL,SNL/SNL_18650_NMC_25C_0-100_0.5-3C_a,0.045522430176987094,strict_monotone
SNL,SNL/SNL_18650_NMC_25C_0-100_0.5-3C_b,0.02350709158810104,strict_monotone
SNL,SNL/SNL_18650_NMC_25C_0-100_0.5-3C_c,0.029550039846790718,strict_monotone
SNL,SNL/SNL_18650_NMC_25C_0-100_0.5-3C_d,0.02671683424728187,strict_monotone
SNL,SNL/SNL_18650_NMC_35C_0-100_0.5-1C_a,0.01332274200755518,strict_monotone
SNL,SNL/SNL_18650_NMC_35C_0-100_0.5-1C_b,0.01628931085851089,strict_monotone
SNL,SNL/SNL_18650_NMC_35C_0-100_0.5-1C_c,0.012658395871523466,strict_monotone
SNL,SNL/SNL_18650_NMC_35C_0-100_0.5-1C_d,0.015183358241067462,strict_monotone
SNL,SNL/SNL_18650_NMC_35C_0-100_0.5-2C_a,0.03027767185517191,strict_monotone
SNL,SNL/SNL_18650_NMC_35C_0-100_0.5-2C_b,0.013168436340345714,strict_monotone
UL_PUR,UL_PUR/UL-PUR_N10-EX9_18650_NCA_23C_0-100_0.5-0.5C_i,0.06098136565045113,strict_monotone
UL_PUR,UL_PUR/UL-PUR_N10-NA7_18650_NCA_23C_0-100_0.5-0.5C_g,0.0172213591674484,strict_monotone
UL_PUR,UL_PUR/UL-PUR_N10-OV8_18650_NCA_23C_0-100_0.5-0.5C_h,0.06566385423143085,strict_monotone
UL_PUR,UL_PUR/UL-PUR_N15-EX4_18650_NCA_23C_0-100_0.5-0.5C_d,0.04019873099978436,strict_monotone
UL_PUR,UL_PUR/UL-PUR_N15-NA10_18650_NCA_23C_0-100_0.5-0.5C_j,0.01635917759496228,strict_monotone
UL_PUR,UL_PUR/UL-PUR_N15-OV3_18650_NCA_23C_0-100_0.5-0.5C_c,0.02650927976538381,strict_monotone
UL_PUR,UL_PUR/UL-PUR_N20-EX2_18650_NCA_23C_0-100_0.5-0.5C_b,0.02042217700714425,strict_monotone
UL_PUR,UL_PUR/UL-PUR_N20-NA5_18650_NCA_23C_0-100_0.5-0.5C_e,0.04819847899647346,strict_monotone
UL_PUR,UL_PUR/UL-PUR_N20-NA6_18650_NCA_23C_0-100_0.5-0.5C_f,0.053700902471022445,strict_monotone
UL_PUR,UL_PUR/UL-PUR_N20-OV1_18650_NCA_23C_0-100_0.5-0.5C_a,0.022246882198462638,strict_monotone
XJTU,XJTU/XJTU_2C_battery-1,0.13051016717134464,strict_monotone
XJTU,XJTU/XJTU_2C_battery-2,0.13016421811228873,strict_monotone
XJTU,XJTU/XJTU_2C_battery-3,0.1256150485331902,strict_monotone
XJTU,XJTU/XJTU_2C_battery-4,0.13232818163064516,strict_monotone
XJTU,XJTU/XJTU_2C_battery-5,0.10844879390199923,strict_monotone
XJTU,XJTU/XJTU_2C_battery-6,0.11827497380087929,strict_monotone
XJTU,XJTU/XJTU_2C_battery-7,0.08830073541992915,strict_monotone
XJTU,XJTU/XJTU_2C_battery-8,0.11909319612563099,strict_monotone
XJTU,XJTU/XJTU_3C_battery-1,0.12025664426187097,strict_monotone
XJTU,XJTU/XJTU_3C_battery-10,0.09788313793772843,strict_monotone
XJTU,XJTU/XJTU_3C_battery-11,0.08978565252438751,strict_monotone
XJTU,XJTU/XJTU_3C_battery-12,0.12111395793267976,strict_monotone
XJTU,XJTU/XJTU_3C_battery-13,0.12382026988045866,strict_monotone
XJTU,XJTU/XJTU_3C_battery-14,0.09711280532141012,strict_monotone
XJTU,XJTU/XJTU_3C_battery-15,0.10056785901229219,strict_monotone
XJTU,XJTU/XJTU_3C_battery-2,0.11944941065524545,strict_monotone
XJTU,XJTU/XJTU_3C_battery-3,0.12147579157180657,strict_monotone
XJTU,XJTU/XJTU_3C_battery-4,0.11436527933343026,strict_monotone
XJTU,XJTU/XJTU_3C_battery-5,0.11573803520028364,strict_monotone
XJTU,XJTU/XJTU_3C_battery-6,0.12495509757335152,strict_monotone
XJTU,XJTU/XJTU_3C_battery-7,0.1250822276972987,strict_monotone
XJTU,XJTU/XJTU_3C_battery-8,0.12163444659919988,strict_monotone
XJTU,XJTU/XJTU_3C_battery-9,0.12692684617590388,strict_monotone
CALB,CALB/CALB_0_B182,0.0672378425601073,bounded_recovery
CALB,CALB/CALB_0_B183,0.04568146710281128,bounded_recovery
CALB,CALB/CALB_0_B184,0.034274663644711885,bounded_recovery
CALB,CALB/CALB_0_B185,0.03755123967173948,bounded_recovery
CALB,CALB/CALB_0_B187,0.0357408049990829,bounded_recovery
CALB,CALB/CALB_0_B188,0.034273713561992554,bounded_recovery
CALB,CALB/CALB_0_B189,0.03436626665432596,bounded_recovery
CALB,CALB/CALB_0_B190,0.05169090147872581,bounded_recovery
CALB,CALB/CALB_25_T25-1,0.016036315093587317,bounded_recovery
CALB,CALB/CALB_25_T25-2,0.01877715505173278,bounded_recovery
CALB,CALB/CALB_35_B173,0.02076056190230676,bounded_recovery
CALB,CALB/CALB_35_B174,0.023853043654186855,bounded_recovery
CALB,CALB/CALB_35_B175,0.024920636886371896,bounded_recovery
CALB,CALB/CALB_35_B222,0.0222521733398143,bounded_recovery
CALB,CALB/CALB_35_B223,0.02049434813656391,bounded_recovery
CALB,CALB/CALB_35_B224,0.02060874554834509,bounded_recovery
CALB,CALB/CALB_35_B227,0.022058733367756406,bounded_recovery
CALB,CALB/CALB_35_B228,0.02429628033712084,bounded_recovery
CALB,CALB/CALB_35_B229,0.022084824751555,bounded_recovery
CALB,CALB/CALB_35_B230,0.02111156780937938,bounded_recovery
CALB,CALB/CALB_35_B247,0.2608470893869837,bounded_recovery
CALB,CALB/CALB_35_B248,0.02213709913129532,bounded_recovery
CALB,CALB/CALB_35_B249,0.023141412972176187,bounded_recovery
CALB,CALB/CALB_35_B250,0.021498502492424604,bounded_recovery
CALB,CALB/CALB_45_B253,0.02988940194040863,bounded_recovery
CALB,CALB/CALB_45_B255,0.03223443491558633,bounded_recovery
CALB,CALB/CALB_45_B256,0.03349471939971594,bounded_recovery
CALCE,CALCE/CALCE_CS2_33,0.07671988460714262,bounded_recovery
CALCE,CALCE/CALCE_CS2_34,0.036512854341740356,bounded_recovery
CALCE,CALCE/CALCE_CS2_35,0.07399992002439652,bounded_recovery
CALCE,CALCE/CALCE_CS2_36,0.0960670697764052,bounded_recovery
CALCE,CALCE/CALCE_CS2_37,0.08041461734100336,bounded_recovery
CALCE,CALCE/CALCE_CS2_38,0.07455123359855316,bounded_recovery
CALCE,CALCE/CALCE_CX2_16,0.050041525890667585,bounded_recovery
CALCE,CALCE/CALCE_CX2_33,0.025151994730119948,bounded_recovery
CALCE,CALCE/CALCE_CX2_34,0.04863590948256327,bounded_recovery
CALCE,CALCE/CALCE_CX2_35,0.030825080953051125,bounded_recovery
CALCE,CALCE/CALCE_CX2_36,0.05809376302839681,bounded_recovery
CALCE,CALCE/CALCE_CX2_37,0.03439523750835484,bounded_recovery
CALCE,CALCE/CALCE_CX2_38,0.06562329119756195,bounded_recovery
HNEI,HNEI/HNEI_18650_NMC_LCO_25C_0-100_0.5-1.5C_a,0.07602611064262452,bounded_recovery
HNEI,HNEI/HNEI_18650_NMC_LCO_25C_0-100_0.5-1.5C_b,0.03665333537000122,bounded_recovery
HNEI,HNEI/HNEI_18650_NMC_LCO_25C_0-100_0.5-1.5C_c,0.04802763554903791,bounded_recovery
HNEI,HNEI/HNEI_18650_NMC_LCO_25C_0-100_0.5-1.5C_d,0.04987864162939551,bounded_recovery
HNEI,HNEI/HNEI_18650_NMC_LCO_25C_0-100_0.5-1.5C_e,0.04985425104430578,bounded_recovery
HNEI,HNEI/HNEI_18650_NMC_LCO_25C_0-100_0.5-1.5C_f,0.06609479065713589,bounded_recovery
HNEI,HNEI/HNEI_18650_NMC_LCO_25C_0-100_0.5-1.5C_g,0.06522910818190157,bounded_recovery
HNEI,HNEI/HNEI_18650_NMC_LCO_25C_0-100_0.5-1.5C_j,0.0502180585615509,bounded_recovery
HNEI,HNEI/HNEI_18650_NMC_LCO_25C_0-100_0.5-1.5C_l,0.05846490125735391,bounded_recovery
HNEI,HNEI/HNEI_18650_NMC_LCO_25C_0-100_0.5-1.5C_n,0.04712604406986953,bounded_recovery
HNEI,HNEI/HNEI_18650_NMC_LCO_25C_0-100_0.5-1.5C_o,0.021772249556418145,bounded_recovery
HNEI,HNEI/HNEI_18650_NMC_LCO_25C_0-100_0.5-1.5C_p,0.019003166247732198,bounded_recovery
HNEI,HNEI/HNEI_18650_NMC_LCO_25C_0-100_0.5-1.5C_s,0.04960355324321452,bounded_recovery
HNEI,HNEI/HNEI_18650_NMC_LCO_25C_0-100_0.5-1.5C_t,0.049858333660518964,bounded_recovery
HUST,HUST/HUST_1-1,0.02080918581159607,bounded_recovery
HUST,HUST/HUST_1-2,0.03098957255950267,bounded_recovery
HUST,HUST/HUST_1-3,0.037394650856423295,bounded_recovery
HUST,HUST/HUST_1-4,0.03524904737860119,bounded_recovery
HUST,HUST/HUST_1-5,0.03874400696346966,bounded_recovery
HUST,HUST/HUST_1-6,0.04379094903433783,bounded_recovery
HUST,HUST/HUST_1-7,0.021861482399114684,bounded_recovery
HUST,HUST/HUST_1-8,0.02556509377331987,bounded_recovery
HUST,HUST/HUST_10-1,0.024538627168357523,bounded_recovery
HUST,HUST/HUST_10-2,0.03919910941497646,bounded_recovery
HUST,HUST/HUST_10-3,0.03111343342166607,bounded_recovery
HUST,HUST/HUST_10-4,0.03209899975179671,bounded_recovery
HUST,HUST/HUST_10-5,0.0354059975045559,bounded_recovery
HUST,HUST/HUST_10-6,0.03384709072871909,bounded_recovery
HUST,HUST/HUST_10-7,0.03354389427914409,bounded_recovery
HUST,HUST/HUST_10-8,0.02629946023125164,bounded_recovery
HUST,HUST/HUST_2-2,0.03427336210410615,bounded_recovery
HUST,HUST/HUST_2-3,0.035002786171568503,bounded_recovery
HUST,HUST/HUST_2-4,0.023470883372848552,bounded_recovery
HUST,HUST/HUST_2-5,0.03458884060972745,bounded_recovery
HUST,HUST/HUST_2-6,0.03255061375744332,bounded_recovery
HUST,HUST/HUST_2-7,0.0337418820918347,bounded_recovery
HUST,HUST/HUST_2-8,0.026617169447503482,bounded_recovery
HUST,HUST/HUST_3-1,0.037055886880602566,bounded_recovery
HUST,HUST/HUST_3-2,0.03901944969226436,bounded_recovery
HUST,HUST/HUST_3-3,0.035420677717969334,bounded_recovery
HUST,HUST/HUST_3-4,0.029883101714713617,bounded_recovery
HUST,HUST/HUST_3-5,0.0416913950574399,bounded_recovery
HUST,HUST/HUST_3-6,0.03713165273717546,bounded_recovery
HUST,HUST/HUST_3-7,0.031186791376660857,bounded_recovery
HUST,HUST/HUST_3-8,0.03810914190225913,bounded_recovery
HUST,HUST/HUST_4-1,0.03749366864963668,bounded_recovery
HUST,HUST/HUST_4-2,0.031777601689969376,bounded_recovery
HUST,HUST/HUST_4-3,0.02164310805276003,bounded_recovery
HUST,HUST/HUST_4-4,0.021327830492403742,bounded_recovery
HUST,HUST/HUST_4-5,0.02829283958252008,bounded_recovery
HUST,HUST/HUST_4-6,0.029258762828863485,bounded_recovery
HUST,HUST/HUST_4-7,0.03212721675044375,bounded_recovery
HUST,HUST/HUST_4-8,0.03384191692375329,bounded_recovery
HUST,HUST/HUST_5-1,0.03074616802861488,bounded_recovery
HUST,HUST/HUST_5-2,0.034765425776946295,bounded_recovery
HUST,HUST/HUST_5-3,0.030112065225027768,bounded_recovery
HUST,HUST/HUST_5-4,0.023296309562342632,bounded_recovery
HUST,HUST/HUST_5-5,0.036687653577229695,bounded_recovery
HUST,HUST/HUST_5-6,0.030168305797188013,bounded_recovery
HUST,HUST/HUST_5-7,0.020737574183574303,bounded_recovery
HUST,HUST/HUST_6-1,0.021402328349839916,bounded_recovery
HUST,HUST/HUST_6-2,0.039214371573298816,bounded_recovery
HUST,HUST/HUST_6-3,0.034537476513490435,bounded_recovery
HUST,HUST/HUST_6-4,0.024758307644813043,bounded_recovery
HUST,HUST/HUST_6-5,0.026803613985674817,bounded_recovery
HUST,HUST/HUST_6-6,0.04236809615293699,bounded_recovery
HUST,HUST/HUST_6-8,0.04411926960429062,bounded_recovery
HUST,HUST/HUST_7-1,0.03323561428781415,bounded_recovery
HUST,HUST/HUST_7-2,0.03859978423435853,bounded_recovery
HUST,HUST/HUST_7-3,0.020511455242835406,bounded_recovery
HUST,HUST/HUST_7-4,0.020968630969790104,bounded_recovery
HUST,HUST/HUST_7-5,0.03181585799929079,bounded_recovery
HUST,HUST/HUST_7-6,0.020646027840723582,bounded_recovery
HUST,HUST/HUST_7-7,0.021020271547248993,bounded_recovery
HUST,HUST/HUST_7-8,0.03241933338125858,bounded_recovery
HUST,HUST/HUST_8-1,0.02053493915531286,bounded_recovery
HUST,HUST/HUST_8-2,0.02543403644269546,bounded_recovery
HUST,HUST/HUST_8-3,0.034230349976526485,bounded_recovery
HUST,HUST/HUST_8-4,0.021526282541758816,bounded_recovery
HUST,HUST/HUST_8-5,0.021999827091245826,bounded_recovery
HUST,HUST/HUST_8-6,0.02891211220542687,bounded_recovery
HUST,HUST/HUST_8-7,0.026929973137511828,bounded_recovery
HUST,HUST/HUST_8-8,0.03443500726088942,bounded_recovery
HUST,HUST/HUST_9-1,0.0405715721454944,bounded_recovery
HUST,HUST/HUST_9-2,0.03538976651360877,bounded_recovery
HUST,HUST/HUST_9-3,0.03652372460504475,bounded_recovery
HUST,HUST/HUST_9-4,0.038012887066257856,bounded_recovery
HUST,HUST/HUST_9-5,0.0371791169474419,bounded_recovery
HUST,HUST/HUST_9-6,0.0376083868544365,bounded_recovery
HUST,HUST/HUST_9-7,0.033976803618726216,bounded_recovery
HUST,HUST/HUST_9-8,0.035389159128898395,bounded_recovery
MATR,MATR/MATR_b1c0,0.03671725994666318,bounded_recovery
MATR,MATR/MATR_b1c1,0.0441907249091672,bounded_recovery
MATR,MATR/MATR_b1c11,0.05968492876532616,bounded_recovery
MATR,MATR/MATR_b1c14,0.05901238273113318,bounded_recovery
MATR,MATR/MATR_b1c15,0.05589395117928466,bounded_recovery
MATR,MATR/MATR_b1c16,0.049716038406314736,bounded_recovery
MATR,MATR/MATR_b1c17,0.05040765771692089,bounded_recovery
MATR,MATR/MATR_b1c18,0.041604953195564155,bounded_recovery
MATR,MATR/MATR_b1c19,0.04671234181841179,bounded_recovery
MATR,MATR/MATR_b1c2,0.043203174985270314,bounded_recovery
MATR,MATR/MATR_b1c20,0.02889558730943773,bounded_recovery
MATR,MATR/MATR_b1c21,0.03886494437017316,bounded_recovery
MATR,MATR/MATR_b1c23,0.06615356875965273,bounded_recovery
MATR,MATR/MATR_b1c24,0.07907682725731072,bounded_recovery
MATR,MATR/MATR_b1c25,0.0743627185536794,bounded_recovery
MATR,MATR/MATR_b1c26,0.046056153258186044,bounded_recovery
MATR,MATR/MATR_b1c27,0.058340078230456734,bounded_recovery
MATR,MATR/MATR_b1c28,0.07363209677486729,bounded_recovery
MATR,MATR/MATR_b1c29,0.07592508466825289,bounded_recovery
MATR,MATR/MATR_b1c3,0.04152605813340072,bounded_recovery
MATR,MATR/MATR_b1c30,0.052918211005885944,bounded_recovery
MATR,MATR/MATR_b1c31,0.05628380661555721,bounded_recovery
MATR,MATR/MATR_b1c32,0.0633857100388716,bounded_recovery
MATR,MATR/MATR_b1c33,0.06280515878117392,bounded_recovery
MATR,MATR/MATR_b1c34,0.06915901791866266,bounded_recovery
MATR,MATR/MATR_b1c35,0.06601973801219777,bounded_recovery
MATR,MATR/MATR_b1c36,0.07109442779284554,bounded_recovery
MATR,MATR/MATR_b1c37,0.06755710616112084,bounded_recovery
MATR,MATR/MATR_b1c38,0.053642515537465546,bounded_recovery
MATR,MATR/MATR_b1c39,0.05467681556820806,bounded_recovery
MATR,MATR/MATR_b1c4,0.044892802926373175,bounded_recovery
MATR,MATR/MATR_b1c40,0.07507400246841815,bounded_recovery
MATR,MATR/MATR_b1c41,0.0807063835977112,bounded_recovery
MATR,MATR/MATR_b1c42,0.05845187520454022,bounded_recovery
MATR,MATR/MATR_b1c43,0.05531916314167909,bounded_recovery
MATR,MATR/MATR_b1c44,0.05845380565819551,bounded_recovery
MATR,MATR/MATR_b1c45,0.05743370841874885,bounded_recovery
MATR,MATR/MATR_b1c5,0.03856085246615724,bounded_recovery
MATR,MATR/MATR_b1c6,0.03032197089755853,bounded_recovery
MATR,MATR/MATR_b1c7,0.03490334220323055,bounded_recovery
MATR,MATR/MATR_b1c9,0.05526799320819588,bounded_recovery
MATR,MATR/MATR_b2c0,0.028326474606380835,bounded_recovery
MATR,MATR/MATR_b2c1,0.047658221260764834,bounded_recovery
MATR,MATR/MATR_b2c10,0.02671873725811717,bounded_recovery
MATR,MATR/MATR_b2c11,0.027805703788345074,bounded_recovery
MATR,MATR/MATR_b2c12,0.02306516238593461,bounded_recovery
MATR,MATR/MATR_b2c13,0.02843154332734589,bounded_recovery
MATR,MATR/MATR_b2c14,0.03332380038917318,bounded_recovery
MATR,MATR/MATR_b2c17,0.03013782864400939,bounded_recovery
MATR,MATR/MATR_b2c18,0.025793007651176664,bounded_recovery
MATR,MATR/MATR_b2c19,0.016810388107616456,bounded_recovery
MATR,MATR/MATR_b2c2,0.04481898222147629,bounded_recovery
MATR,MATR/MATR_b2c20,0.0332047626623908,bounded_recovery
MATR,MATR/MATR_b2c21,0.027650496176288116,bounded_recovery
MATR,MATR/MATR_b2c22,0.03408132076398501,bounded_recovery
MATR,MATR/MATR_b2c23,0.031016241397681176,bounded_recovery
MATR,MATR/MATR_b2c24,0.031307414637357374,bounded_recovery
MATR,MATR/MATR_b2c25,0.02291034276454425,bounded_recovery
MATR,MATR/MATR_b2c26,0.025790494801409384,bounded_recovery
MATR,MATR/MATR_b2c27,0.03236664462387058,bounded_recovery
MATR,MATR/MATR_b2c28,0.03016160429579862,bounded_recovery
MATR,MATR/MATR_b2c29,0.03978267572997096,bounded_recovery
MATR,MATR/MATR_b2c3,0.025373516554905225,bounded_recovery
MATR,MATR/MATR_b2c30,0.03258979527416944,bounded_recovery
MATR,MATR/MATR_b2c31,0.03431567130384829,bounded_recovery
MATR,MATR/MATR_b2c32,0.030409431649723786,bounded_recovery
MATR,MATR/MATR_b2c33,0.04059983905893911,bounded_recovery
MATR,MATR/MATR_b2c34,0.03879787838341924,bounded_recovery
MATR,MATR/MATR_b2c35,0.035087012349655486,bounded_recovery
MATR,MATR/MATR_b2c36,0.03980884148487763,bounded_recovery
MATR,MATR/MATR_b2c37,0.04173800344778087,bounded_recovery
MATR,MATR/MATR_b2c38,0.038488505354490096,bounded_recovery
MATR,MATR/MATR_b2c39,0.04194876063911992,bounded_recovery
MATR,MATR/MATR_b2c4,0.02530428863503703,bounded_recovery
MATR,MATR/MATR_b2c40,0.023623352885875352,bounded_recovery
MATR,MATR/MATR_b2c41,0.03285740772012186,bounded_recovery
MATR,MATR/MATR_b2c42,0.03387524074795021,bounded_recovery
MATR,MATR/MATR_b2c43,0.03444068338394824,bounded_recovery
MATR,MATR/MATR_b2c44,0.03740270252188332,bounded_recovery
MATR,MATR/MATR_b2c45,0.033350360453691975,bounded_recovery
MATR,MATR/MATR_b2c46,0.036625140439835537,bounded_recovery
MATR,MATR/MATR_b2c47,0.03170817354305922,bounded_recovery
MATR,MATR/MATR_b2c5,0.034462823397649466,bounded_recovery
MATR,MATR/MATR_b2c6,0.01938149501949966,bounded_recovery
MATR,MATR/MATR_b3c0,0.03191073296317089,bounded_recovery
MATR,MATR/MATR_b3c1,0.03347082933595361,bounded_recovery
MATR,MATR/MATR_b3c10,0.027811063272705598,bounded_recovery
MATR,MATR/MATR_b3c11,0.02582283580495092,bounded_recovery
MATR,MATR/MATR_b3c12,0.03497972230683008,bounded_recovery
MATR,MATR/MATR_b3c13,0.02326040408644605,bounded_recovery
MATR,MATR/MATR_b3c14,0.031315900446457524,bounded_recovery
MATR,MATR/MATR_b3c15,0.028082844476564176,bounded_recovery
MATR,MATR/MATR_b3c16,0.03585941811849079,bounded_recovery
MATR,MATR/MATR_b3c17,0.03516390229165954,bounded_recovery
MATR,MATR/MATR_b3c18,0.028334562643133287,bounded_recovery
MATR,MATR/MATR_b3c19,0.02909688963522867,bounded_recovery
MATR,MATR/MATR_b3c20,0.028657836626941772,bounded_recovery
MATR,MATR/MATR_b3c21,0.020203480863265223,bounded_recovery
MATR,MATR/MATR_b3c22,0.056076732447026115,bounded_recovery
MATR,MATR/MATR_b3c24,0.02751883010515665,bounded_recovery
MATR,MATR/MATR_b3c25,0.033285252193970515,bounded_recovery
MATR,MATR/MATR_b3c26,0.029916175599233215,bounded_recovery
MATR,MATR/MATR_b3c27,0.028776134349981542,bounded_recovery
MATR,MATR/MATR_b3c28,0.015188848862941291,bounded_recovery
MATR,MATR/MATR_b3c29,0.02625295668326237,bounded_recovery
MATR,MATR/MATR_b3c3,0.038799877605125106,bounded_recovery
MATR,MATR/MATR_b3c30,0.030544220571431167,bounded_recovery
MATR,MATR/MATR_b3c31,0.041728570496283854,bounded_recovery
MATR,MATR/MATR_b3c33,0.030425727635361267,bounded_recovery
MATR,MATR/MATR_b3c34,0.02708374792656051,bounded_recovery
MATR,MATR/MATR_b3c35,0.026571484612195995,bounded_recovery
MATR,MATR/MATR_b3c36,0.03251242862111132,bounded_recovery
MATR,MATR/MATR_b3c38,0.04094412252556628,bounded_recovery
MATR,MATR/MATR_b3c39,0.03208876949101329,bounded_recovery
MATR,MATR/MATR_b3c4,0.0262838896394943,bounded_recovery
MATR,MATR/MATR_b3c40,0.024867698362417884,bounded_recovery
MATR,MATR/MATR_b3c41,0.030839877236745108,bounded_recovery
MATR,MATR/MATR_b3c44,0.03443739606514773,bounded_recovery
MATR,MATR/MATR_b3c45,0.0387481125023661,bounded_recovery
MATR,MATR/MATR_b3c5,0.024512347717779295,bounded_recovery
MATR,MATR/MATR_b3c6,0.014205383357930151,bounded_recovery
MATR,MATR/MATR_b3c7,0.040568487154666384,bounded_recovery
MATR,MATR/MATR_b3c8,0.027755847962371648,bounded_recovery
MATR,MATR/MATR_b3c9,0.03949123804209017,bounded_recovery
MATR,MATR/MATR_b4c0,0.037150475470673856,bounded_recovery
MATR,MATR/MATR_b4c1,0.04172252752275839,bounded_recovery
MATR,MATR/MATR_b4c10,0.06661528417015698,bounded_recovery
MATR,MATR/MATR_b4c11,0.03855987581723691,bounded_recovery
MATR,MATR/MATR_b4c12,0.04771214395970789,bounded_recovery
MATR,MATR/MATR_b4c13,0.051339377168116686,bounded_recovery
MATR,MATR/MATR_b4c14,0.0806916085641201,bounded_recovery
MATR,MATR/MATR_b4c15,0.09206022112250527,bounded_recovery
MATR,MATR/MATR_b4c16,0.06748367493154243,bounded_recovery
MATR,MATR/MATR_b4c17,0.06273164331394349,bounded_recovery
MATR,MATR/MATR_b4c18,0.055781091914691744,bounded_recovery
MATR,MATR/MATR_b4c19,0.07082587473954195,bounded_recovery
MATR,MATR/MATR_b4c2,0.03687047533889054,bounded_recovery
MATR,MATR/MATR_b4c20,0.032834775224375036,bounded_recovery
MATR,MATR/MATR_b4c21,0.0498132840434042,bounded_recovery
MATR,MATR/MATR_b4c22,0.06421665436307579,bounded_recovery
MATR,MATR/MATR_b4c23,0.0503871160092458,bounded_recovery
MATR,MATR/MATR_b4c24,0.043248114875981715,bounded_recovery
MATR,MATR/MATR_b4c25,0.08118384643748339,bounded_recovery
MATR,MATR/MATR_b4c26,0.07867500117179234,bounded_recovery
MATR,MATR/MATR_b4c27,0.06030853607598711,bounded_recovery
MATR,MATR/MATR_b4c28,0.04614666598759335,bounded_recovery
MATR,MATR/MATR_b4c29,0.03696368103132264,bounded_recovery
MATR,MATR/MATR_b4c3,0.068077535519718,bounded_recovery
MATR,MATR/MATR_b4c30,0.042093891920348736,bounded_recovery
MATR,MATR/MATR_b4c31,0.1496006458399957,bounded_recovery
MATR,MATR/MATR_b4c32,0.06457403911013551,bounded_recovery
MATR,MATR/MATR_b4c33,0.05881601067646815,bounded_recovery
MATR,MATR/MATR_b4c34,0.03721367257453439,bounded_recovery
MATR,MATR/MATR_b4c35,0.03471452258529814,bounded_recovery
MATR,MATR/MATR_b4c36,0.07934410406437628,bounded_recovery
MATR,MATR/MATR_b4c37,0.06767602942379455,bounded_recovery
MATR,MATR/MATR_b4c38,0.03847944002531114,bounded_recovery
MATR,MATR/MATR_b4c39,0.062906345537152,bounded_recovery
MATR,MATR/MATR_b4c4,0.13732055385616299,bounded_recovery
MATR,MATR/MATR_b4c40,0.035780136428362155,bounded_recovery
MATR,MATR/MATR_b4c41,0.05959053101019939,bounded_recovery
MATR,MATR/MATR_b4c42,0.05424303259904228,bounded_recovery
MATR,MATR/MATR_b4c43,0.06833343069858729,bounded_recovery
MATR,MATR/MATR_b4c44,0.055745719489380764,bounded_recovery
MATR,MATR/MATR_b4c5,0.04887245077415042,bounded_recovery
MATR,MATR/MATR_b4c6,0.05899484860562486,bounded_recovery
MATR,MATR/MATR_b4c7,0.06136973026226041,bounded_recovery
MATR,MATR/MATR_b4c8,0.0327083567487007,bounded_recovery
MATR,MATR/MATR_b4c9,0.06774160953735377,bounded_recovery
MICH,MICH/MICH_BLForm10_pouch_NMC_25C_0-100_1-1C_j,0.10972688166707786,bounded_recovery
MICH,MICH/MICH_BLForm11_pouch_NMC_25C_0-100_1-1C_a,0.0657333055547046,bounded_recovery
MICH,MICH/MICH_BLForm12_pouch_NMC_25C_0-100_1-1C_b,0.0856104757014915,bounded_recovery
MICH,MICH/MICH_BLForm13_pouch_NMC_25C_0-100_1-1C_c,0.10208463353851427,bounded_recovery
MICH,MICH/MICH_BLForm14_pouch_NMC_25C_0-100_1-1C_d,0.07756853533592104,bounded_recovery
MICH,MICH/MICH_BLForm15_pouch_NMC_25C_0-100_1-1C_e,0.10146833631687288,bounded_recovery
MICH,MICH/MICH_BLForm16_pouch_NMC_25C_0-100_1-1C_f,0.09715618723538798,bounded_recovery
MICH,MICH/MICH_BLForm17_pouch_NMC_25C_0-100_1-1C_g,0.13593030810019568,bounded_recovery
MICH,MICH/MICH_BLForm18_pouch_NMC_25C_0-100_1-1C_h,0.1131546477968488,bounded_recovery
MICH,MICH/MICH_BLForm19_pouch_NMC_25C_0-100_1-1C_i,0.095685291866363,bounded_recovery
MICH,MICH/MICH_BLForm1_pouch_NMC_45C_0-100_1-1C_a,0.15500143281629156,bounded_recovery
MICH,MICH/MICH_BLForm20_pouch_NMC_25C_0-100_1-1C_j,0.12947091264728172,bounded_recovery
MICH,MICH/MICH_BLForm2_pouch_NMC_45C_0-100_1-1C_b,0.14844680917334752,bounded_recovery
MICH,MICH/MICH_BLForm3_pouch_NMC_45C_0-100_1-1C_c,0.07531675508124477,bounded_recovery
MICH,MICH/MICH_BLForm4_pouch_NMC_45C_0-100_1-1C_d,0.15872962410768368,bounded_recovery
MICH,MICH/MICH_BLForm5_pouch_NMC_45C_0-100_1-1C_e,0.15232539722655378,bounded_recovery
MICH,MICH/MICH_BLForm6_pouch_NMC_45C_0-100_1-1C_f,0.09736923095626401,bounded_recovery
MICH,MICH/MICH_BLForm7_pouch_NMC_45C_0-100_1-1C_g,0.12204274250600938,bounded_recovery
MICH,MICH/MICH_BLForm8_pouch_NMC_45C_0-100_1-1C_h,0.15092223104428074,bounded_recovery
MICH,MICH/MICH_BLForm9_pouch_NMC_45C_0-100_1-1C_i,0.2837264359210023,bounded_recovery
MICH,MICH/MICH_MCForm21_pouch_NMC_25C_0-100_1-1C_a,0.057435823661082706,bounded_recovery
MICH,MICH/MICH_MCForm22_pouch_NMC_25C_0-100_1-1C_b,0.12700577500805926,bounded_recovery
MICH,MICH/MICH_MCForm23_pouch_NMC_25C_0-100_1-1C_c,0.06596260559757638,bounded_recovery
MICH,MICH/MICH_MCForm24_pouch_NMC_25C_0-100_1-1C_d,0.07747208627830812,bounded_recovery
MICH,MICH/MICH_MCForm25_pouch_NMC_25C_0-100_1-1C_e,0.07606934608074357,bounded_recovery
MICH,MICH/MICH_MCForm26_pouch_NMC_25C_0-100_1-1C_f,0.06753510794341205,bounded_recovery
MICH,MICH/MICH_MCForm27_pouch_NMC_25C_0-100_1-1C_g,0.06661755506404608,bounded_recovery
MICH,MICH/MICH_MCForm28_pouch_NMC_25C_0-100_1-1C_h,0.08303749620457022,bounded_recovery
MICH,MICH/MICH_MCForm29_pouch_NMC_25C_0-100_1-1C_i,0.1005974287454028,bounded_recovery
MICH,MICH/MICH_MCForm30_pouch_NMC_25C_0-100_1-1C_j,0.06671008809523825,bounded_recovery
MICH,MICH/MICH_MCForm31_pouch_NMC_45C_0-100_1-1C_a,0.0890594917725081,bounded_recovery
MICH,MICH/MICH_MCForm32_pouch_NMC_45C_0-100_1-1C_b,0.05341426459675532,bounded_recovery
MICH,MICH/MICH_MCForm33_pouch_NMC_45C_0-100_1-1C_c,0.06956592406394596,bounded_recovery
MICH,MICH/MICH_MCForm34_pouch_NMC_45C_0-100_1-1C_d,0.04309893113194573,bounded_recovery
MICH,MICH/MICH_MCForm35_pouch_NMC_45C_0-100_1-1C_e,0.05338595452261086,bounded_recovery
MICH,MICH/MICH_MCForm36_pouch_NMC_45C_0-100_1-1C_f,0.0793719440934381,bounded_recovery
MICH,MICH/MICH_MCForm37_pouch_NMC_45C_0-100_1-1C_g,0.05884638585447775,bounded_recovery
MICH,MICH/MICH_MCForm38_pouch_NMC_45C_0-100_1-1C_h,0.09203801179050404,bounded_recovery
MICH,MICH/MICH_MCForm39_pouch_NMC_45C_0-100_1-1C_i,0.07304677484878648,bounded_recovery
MICH,MICH/MICH_MCForm40_pouch_NMC_45C_0-100_1-1C_j,0.056142442175679826,bounded_recovery
MICH_EXP,MICH_EXP/MICH_01R_pouch_NMC_25C_0-100_0.2-0.2C,0.07649855432648352,bounded_recovery
MICH_EXP,MICH_EXP/MICH_02C_pouch_NMC_-5C_0-100_0.2-0.2C,0.013253316951478678,bounded_recovery
MICH_EXP,MICH_EXP/MICH_03H_pouch_NMC_45C_0-100_0.2-0.2C,0.0430743058617703,bounded_recovery
MICH_EXP,MICH_EXP/MICH_04R_pouch_NMC_25C_0-100_1.5-1.5C,0.09301991973614054,bounded_recovery
MICH_EXP,MICH_EXP/MICH_05C_pouch_NMC_-5C_0-100_1.5-1.5C,0.042718868761474876,bounded_recovery
MICH_EXP,MICH_EXP/MICH_06H_pouch_NMC_45C_0-100_1.5-1.5C,0.0881598307619304,bounded_recovery
MICH_EXP,MICH_EXP/MICH_07R_pouch_NMC_25C_0-100_2-2C,0.16546654170502825,bounded_recovery
MICH_EXP,MICH_EXP/MICH_08C_pouch_NMC_-5C_0-100_2-2C,0.019222183969756546,bounded_recovery
MICH_EXP,MICH_EXP/MICH_09H_pouch_NMC_45C_0-100_2-2C,0.15678756742402306,bounded_recovery
MICH_EXP,MICH_EXP/MICH_10R_pouch_NMC_25C_0-100_0.2-1.5C,0.0438662470120163,bounded_recovery
MICH_EXP,MICH_EXP/MICH_11C_pouch_NMC_-5C_0-100_0.2-1.5C,0.04315590145832038,bounded_recovery
MICH_EXP,MICH_EXP/MICH_12H_pouch_NMC_45C_0-100_0.2-1.5C,0.11050605339280477,bounded_recovery
MICH_EXP,MICH_EXP/MICH_13R_pouch_NMC_25C_50-100_0.2-0.2C,0.11363082914453589,bounded_recovery
MICH_EXP,MICH_EXP/MICH_14C_pouch_NMC_-5C_50-100_0.2-0.2C,0.10482545734248093,bounded_recovery
MICH_EXP,MICH_EXP/MICH_15H_pouch_NMC_45C_50-100_0.2-0.2C,0.056828428818863526,bounded_recovery
MICH_EXP,MICH_EXP/MICH_16R_pouch_NMC_25C_50-100_0.2-1.5C,0.11258365994558753,bounded_recovery
MICH_EXP,MICH_EXP/MICH_17C_pouch_NMC_-5C_50-100_0.2-1.5C,0.10833261510930259,bounded_recovery
MICH_EXP,MICH_EXP/MICH_18H_pouch_NMC_45C_50-100_0.2-1.5C,0.08184934066104307,bounded_recovery
RWTH,RWTH/RWTH_002,0.17949557412135012,bounded_recovery
RWTH,RWTH/RWTH_003,0.17140364421285306,bounded_recovery
RWTH,RWTH/RWTH_004,0.17144232280971053,bounded_recovery
RWTH,RWTH/RWTH_005,0.16930394815955271,bounded_recovery
RWTH,RWTH/RWTH_006,0.16460795515127763,bounded_recovery
RWTH,RWTH/RWTH_007,0.16994737585236763,bounded_recovery
RWTH,RWTH/RWTH_008,0.17575216294577442,bounded_recovery
RWTH,RWTH/RWTH_009,0.1571530466620557,bounded_recovery
RWTH,RWTH/RWTH_010,0.16982762135766516,bounded_recovery
RWTH,RWTH/RWTH_011,0.16620270846236904,bounded_recovery
RWTH,RWTH/RWTH_012,0.1569445170140664,bounded_recovery
RWTH,RWTH/RWTH_013,0.16653191232630965,bounded_recovery
RWTH,RWTH/RWTH_014,0.17352693436901065,bounded_recovery
RWTH,RWTH/RWTH_015,0.1580690369148245,bounded_recovery
RWTH,RWTH/RWTH_016,0.15721935478412974,bounded_recovery
RWTH,RWTH/RWTH_017,0.17557735326451068,bounded_recovery
RWTH,RWTH/RWTH_018,0.1621012388793539,bounded_recovery
RWTH,RWTH/RWTH_019,0.16920051676529235,bounded_recovery
RWTH,RWTH/RWTH_020,0.16718540171375726,bounded_recovery
RWTH,RWTH/RWTH_021,0.17578121862363,bounded_recovery
RWTH,RWTH/RWTH_022,0.16136484625764042,bounded_recovery
RWTH,RWTH/RWTH_023,0.13920248243223887,bounded_recovery
RWTH,RWTH/RWTH_024,0.14822996817708914,bounded_recovery
RWTH,RWTH/RWTH_025,0.16750861707260464,bounded_recovery
RWTH,RWTH/RWTH_026,0.14040491197596583,bounded_recovery
RWTH,RWTH/RWTH_027,0.14457294171558333,bounded_recovery
RWTH,RWTH/RWTH_028,0.15696670196521784,bounded_recovery
RWTH,RWTH/RWTH_029,0.14053997053678066,bounded_recovery
RWTH,RWTH/RWTH_030,0.07030977153109277,bounded_recovery
RWTH,RWTH/RWTH_031,0.1534337381572927,bounded_recovery
RWTH,RWTH/RWTH_032,0.17384803018844477,bounded_recovery
RWTH,RWTH/RWTH_033,0.18842926613847572,bounded_recovery
RWTH,RWTH/RWTH_034,0.11641656546468111,bounded_recovery
RWTH,RWTH/RWTH_035,0.11284742039631719,bounded_recovery
RWTH,RWTH/RWTH_036,0.13811806763720355,bounded_recovery
RWTH,RWTH/RWTH_037,0.15389972130789026,bounded_recovery
RWTH,RWTH/RWTH_038,0.108055525655598,bounded_recovery
RWTH,RWTH/RWTH_039,0.1142696119619908,bounded_recovery
RWTH,RWTH/RWTH_040,0.1212444350390383,bounded_recovery
RWTH,RWTH/RWTH_041,0.12960655740600016,bounded_recovery
RWTH,RWTH/RWTH_042,0.11851010420713695,bounded_recovery
RWTH,RWTH/RWTH_043,0.1038854849210182,bounded_recovery
RWTH,RWTH/RWTH_044,0.11910847191013618,bounded_recovery
RWTH,RWTH/RWTH_045,0.11542510966780782,bounded_recovery
RWTH,RWTH/RWTH_046,0.1510652070649192,bounded_recovery
RWTH,RWTH/RWTH_047,0.15317727586623908,bounded_recovery
RWTH,RWTH/RWTH_048,0.14577694808926112,bounded_recovery
RWTH,RWTH/RWTH_049,0.14393060835111915,bounded_recovery
SDU,SDU/SDU_Battery_1,0.06814199098238824,bounded_recovery
SDU,SDU/SDU_Battery_10,0.040098044747710095,bounded_recovery
SDU,SDU/SDU_Battery_11,0.05875574838450446,bounded_recovery
SDU,SDU/SDU_Battery_12,0.05045605358579022,bounded_recovery
SDU,SDU/SDU_Battery_13,0.051209857029848045,bounded_recovery
SDU,SDU/SDU_Battery_14,0.04775727519309256,bounded_recovery
SDU,SDU/SDU_Battery_15,0.06097868768085935,bounded_recovery
SDU,SDU/SDU_Battery_16,0.05494314065777579,bounded_recovery
SDU,SDU/SDU_Battery_17,0.05110785923041815,bounded_recovery
SDU,SDU/SDU_Battery_18,0.05226515916934325,bounded_recovery
SDU,SDU/SDU_Battery_19,0.04576024507751451,bounded_recovery
SDU,SDU/SDU_Battery_2,0.07143199175458359,bounded_recovery
SDU,SDU/SDU_Battery_20,0.04686106786141696,bounded_recovery
SDU,SDU/SDU_Battery_21,0.03475807036998292,bounded_recovery
SDU,SDU/SDU_Battery_22,0.05194242099204342,bounded_recovery
SDU,SDU/SDU_Battery_23,0.07479329317180607,bounded_recovery
SDU,SDU/SDU_Battery_24,0.05961912326753191,bounded_recovery
SDU,SDU/SDU_Battery_25,0.05840812831942364,bounded_recovery
SDU,SDU/SDU_Battery_26,0.0978904841180396,bounded_recovery
SDU,SDU/SDU_Battery_27,0.07416236245905429,bounded_recovery
SDU,SDU/SDU_Battery_28,0.06486821830927453,bounded_recovery
SDU,SDU/SDU_Battery_29,0.06575405364217532,bounded_recovery
SDU,SDU/SDU_Battery_3,0.051228809975151744,bounded_recovery
SDU,SDU/SDU_Battery_30,0.05689101476443806,bounded_recovery
SDU,SDU/SDU_Battery_31,0.051119232151399824,bounded_recovery
SDU,SDU/SDU_Battery_32,0.06074633012690601,bounded_recovery
SDU,SDU/SDU_Battery_33,0.0470394353899391,bounded_recovery
SDU,SDU/SDU_Battery_34,0.05711032590905843,bounded_recovery
SDU,SDU/SDU_Battery_35,0.06021184716110551,bounded_recovery
SDU,SDU/SDU_Battery_36,0.05858142292881397,bounded_recovery
SDU,SDU/SDU_Battery_37,0.057037663958958956,bounded_recovery
SDU,SDU/SDU_Battery_38,0.0538282577499033,bounded_recovery
SDU,SDU/SDU_Battery_39,0.07853482020800882,bounded_recovery
SDU,SDU/SDU_Battery_4,0.06489263035932989,bounded_recovery
SDU,SDU/SDU_Battery_40,0.07599905696081993,bounded_recovery
SDU,SDU/SDU_Battery_41,0.07224521615900352,bounded_recovery
SDU,SDU/SDU_Battery_42,0.07275918768144564,bounded_recovery
SDU,SDU/SDU_Battery_43,0.07732638819770431,bounded_recovery
SDU,SDU/SDU_Battery_44,0.07198869032625378,bounded_recovery
SDU,SDU/SDU_Battery_45,0.06958549605239218,bounded_recovery
SDU,SDU/SDU_Battery_46,0.0670359709327065,bounded_recovery
SDU,SDU/SDU_Battery_47,0.07176321335801862,bounded_recovery
SDU,SDU/SDU_Battery_48,0.06361615993857232,bounded_recovery
SDU,SDU/SDU_Battery_49,0.06956547353716835,bounded_recovery
SDU,SDU/SDU_Battery_5,0.058819440166742495,bounded_recovery
SDU,SDU/SDU_Battery_50,0.07291441341910682,bounded_recovery
SDU,SDU/SDU_Battery_51,0.07017132918330254,bounded_recovery
SDU,SDU/SDU_Battery_52,0.0650594704280381,bounded_recovery
SDU,SDU/SDU_Battery_53,0.052445207182252464,bounded_recovery
SDU,SDU/SDU_Battery_54,0.044232838461978154,bounded_recovery
SDU,SDU/SDU_Battery_55,0.051062129135962545,bounded_recovery
SDU,SDU/SDU_Battery_56,0.05080139223757983,bounded_recovery
SDU,SDU/SDU_Battery_57,0.050145321145060075,bounded_recovery
SDU,SDU/SDU_Battery_58,0.06432798024372308,bounded_recovery
SDU,SDU/SDU_Battery_59,0.05478541640607664,bounded_recovery
SDU,SDU/SDU_Battery_6,0.06991738703745287,bounded_recovery
SDU,SDU/SDU_Battery_60,0.05322252895660798,bounded_recovery
SDU,SDU/SDU_Battery_61,0.06955763869803355,bounded_recovery
SDU,SDU/SDU_Battery_62,0.07336583333927228,bounded_recovery
SDU,SDU/SDU_Battery_63,0.03608540675567916,bounded_recovery
SDU,SDU/SDU_Battery_64,0.06277927140473032,bounded_recovery
SDU,SDU/SDU_Battery_65,0.030447224860178878,bounded_recovery
SDU,SDU/SDU_Battery_66,0.01909779780441743,bounded_recovery
SDU,SDU/SDU_Battery_67,0.04697595323908107,bounded_recovery
SDU,SDU/SDU_Battery_68,0.045071433694056515,bounded_recovery
SDU,SDU/SDU_Battery_69,0.07368026198919932,bounded_recovery
SDU,SDU/SDU_Battery_7,0.0741784498333749,bounded_recovery
SDU,SDU/SDU_Battery_70,0.06295991877419599,bounded_recovery
SDU,SDU/SDU_Battery_71,0.08175542117397716,bounded_recovery
SDU,SDU/SDU_Battery_72,0.0819981594984986,bounded_recovery
SDU,SDU/SDU_Battery_73,0.09826717591730795,bounded_recovery
SDU,SDU/SDU_Battery_74,0.10422871741860337,bounded_recovery
SDU,SDU/SDU_Battery_75,0.09471258737731968,bounded_recovery
SDU,SDU/SDU_Battery_76,0.0856420581726486,bounded_recovery
SDU,SDU/SDU_Battery_77,0.08323949169287373,bounded_recovery
SDU,SDU/SDU_Battery_78,0.08072936786875302,bounded_recovery
SDU,SDU/SDU_Battery_79,0.08733762148104093,bounded_recovery
SDU,SDU/SDU_Battery_8,0.04621741500482059,bounded_recovery
SDU,SDU/SDU_Battery_80,0.08378136026969225,bounded_recovery
SDU,SDU/SDU_Battery_81,0.09100774124051983,bounded_recovery
SDU,SDU/SDU_Battery_82,0.08668843636101276,bounded_recovery
SDU,SDU/SDU_Battery_83,0.077516932510272,bounded_recovery
SDU,SDU/SDU_Battery_84,0.07213971864369573,bounded_recovery
SDU,SDU/SDU_Battery_85,0.0884289975573753,bounded_recovery
SDU,SDU/SDU_Battery_86,0.07758916921539821,bounded_recovery
SDU,SDU/SDU_Battery_9,0.03365197885180862,bounded_recovery
SNL,SNL/SNL_18650_LFP_15C_0-100_0.5-2C_b,0.05591517215604885,bounded_recovery
SNL,SNL/SNL_18650_LFP_25C_0-100_0.5-0.5C_a,0.04572008536272484,bounded_recovery
SNL,SNL/SNL_18650_LFP_25C_0-100_0.5-1C_a,0.06205818649427892,bounded_recovery
SNL,SNL/SNL_18650_LFP_25C_0-100_0.5-1C_b,0.061006607231286966,bounded_recovery
SNL,SNL/SNL_18650_LFP_25C_0-100_0.5-1C_c,0.06506519528793905,bounded_recovery
SNL,SNL/SNL_18650_LFP_25C_0-100_0.5-1C_d,0.06537584556245467,bounded_recovery
SNL,SNL/SNL_18650_LFP_25C_0-100_0.5-2C_a,0.05376198132424276,bounded_recovery
SNL,SNL/SNL_18650_LFP_25C_0-100_0.5-2C_b,0.06251379829777454,bounded_recovery
SNL,SNL/SNL_18650_LFP_25C_0-100_0.5-3C_a,0.044245312797496904,bounded_recovery
SNL,SNL/SNL_18650_LFP_25C_0-100_0.5-3C_b,0.04124293532073985,bounded_recovery
SNL,SNL/SNL_18650_LFP_25C_0-100_0.5-3C_c,0.043863400630453166,bounded_recovery
SNL,SNL/SNL_18650_LFP_25C_0-100_0.5-3C_d,0.04070922542866062,bounded_recovery
SNL,SNL/SNL_18650_LFP_35C_0-100_0.5-1C_a,0.018346191937439815,bounded_recovery
SNL,SNL/SNL_18650_LFP_35C_0-100_0.5-1C_b,0.019066968231745897,bounded_recovery
SNL,SNL/SNL_18650_LFP_35C_0-100_0.5-1C_c,0.015297807653709366,bounded_recovery
SNL,SNL/SNL_18650_LFP_35C_0-100_0.5-1C_d,0.024325939518540993,bounded_recovery
SNL,SNL/SNL_18650_LFP_35C_0-100_0.5-2C_a,0.025664641285209733,bounded_recovery
SNL,SNL/SNL_18650_LFP_35C_0-100_0.5-2C_b,0.02504138220324818,bounded_recovery
SNL,SNL/SNL_18650_NCA_15C_0-100_0.5-1C_a,0.08476193883824096,bounded_recovery
SNL,SNL/SNL_18650_NCA_15C_0-100_0.5-1C_b,0.04492031433348739,bounded_recovery
SNL,SNL/SNL_18650_NCA_15C_0-100_0.5-2C_a,0.1473226420585731,bounded_recovery
SNL,SNL/SNL_18650_NCA_15C_0-100_0.5-2C_b,0.12393651090607868,bounded_recovery
SNL,SNL/SNL_18650_NCA_25C_0-100_0.5-0.5C_a,0.08954650336438283,bounded_recovery
SNL,SNL/SNL_18650_NCA_25C_0-100_0.5-0.5C_b,0.2504083302131519,bounded_recovery
SNL,SNL/SNL_18650_NCA_25C_0-100_0.5-1C_a,0.06160067283427962,bounded_recovery
SNL,SNL/SNL_18650_NCA_25C_0-100_0.5-1C_b,0.08526920573237472,bounded_recovery
SNL,SNL/SNL_18650_NCA_25C_0-100_0.5-1C_c,0.09168895121826873,bounded_recovery
SNL,SNL/SNL_18650_NCA_25C_0-100_0.5-1C_d,0.07982284419413026,bounded_recovery
SNL,SNL/SNL_18650_NCA_25C_0-100_0.5-2C_a,0.11112684070903502,bounded_recovery
SNL,SNL/SNL_18650_NCA_25C_0-100_0.5-2C_b,0.08662837951056597,bounded_recovery
SNL,SNL/SNL_18650_NCA_25C_20-80_0.5-0.5C_a,0.08859397526018988,bounded_recovery
SNL,SNL/SNL_18650_NCA_25C_20-80_0.5-0.5C_b,0.060696669700850005,bounded_recovery
SNL,SNL/SNL_18650_NCA_25C_20-80_0.5-0.5C_c,0.08216051390569638,bounded_recovery
SNL,SNL/SNL_18650_NCA_25C_20-80_0.5-0.5C_d,0.09646648592590704,bounded_recovery
SNL,SNL/SNL_18650_NCA_35C_0-100_0.5-1C_a,0.0693671552364649,bounded_recovery
SNL,SNL/SNL_18650_NCA_35C_0-100_0.5-1C_b,0.07317074169844,bounded_recovery
SNL,SNL/SNL_18650_NCA_35C_0-100_0.5-1C_c,0.04228275983893829,bounded_recovery
SNL,SNL/SNL_18650_NCA_35C_0-100_0.5-1C_d,0.07317086205445861,bounded_recovery
SNL,SNL/SNL_18650_NCA_35C_0-100_0.5-2C_a,0.12828225148509118,bounded_recovery
SNL,SNL/SNL_18650_NCA_35C_0-100_0.5-2C_b,0.12301996272958608,bounded_recovery
SNL,SNL/SNL_18650_NMC_15C_0-100_0.5-1C_a,0.16760150292576828,bounded_recovery
SNL,SNL/SNL_18650_NMC_15C_0-100_0.5-1C_b,0.1236238645744476,bounded_recovery
SNL,SNL/SNL_18650_NMC_15C_0-100_0.5-2C_a,0.1589914906131729,bounded_recovery
SNL,SNL/SNL_18650_NMC_15C_0-100_0.5-2C_b,0.14856197854170491,bounded_recovery
SNL,SNL/SNL_18650_NMC_25C_0-100_0.5-0.5C_b,0.08579978198234002,bounded_recovery
SNL,SNL/SNL_18650_NMC_25C_0-100_0.5-1C_a,0.0486573301093741,bounded_recovery
SNL,SNL/SNL_18650_NMC_25C_0-100_0.5-1C_b,0.042933270784862025,bounded_recovery
SNL,SNL/SNL_18650_NMC_25C_0-100_0.5-1C_c,0.07667277904259219,bounded_recovery
SNL,SNL/SNL_18650_NMC_25C_0-100_0.5-1C_d,0.05569667590581147,bounded_recovery
SNL,SNL/SNL_18650_NMC_25C_0-100_0.5-2C_a,0.08309105915463812,bounded_recovery
SNL,SNL/SNL_18650_NMC_25C_0-100_0.5-2C_b,0.06778555438536413,bounded_recovery
SNL,SNL/SNL_18650_NMC_25C_0-100_0.5-3C_a,0.05069420824617611,bounded_recovery
SNL,SNL/SNL_18650_NMC_25C_0-100_0.5-3C_b,0.02852745820939782,bounded_recovery
SNL,SNL/SNL_18650_NMC_25C_0-100_0.5-3C_c,0.032982953743162395,bounded_recovery
SNL,SNL/SNL_18650_NMC_25C_0-100_0.5-3C_d,0.02982343982839652,bounded_recovery
SNL,SNL/SNL_18650_NMC_35C_0-100_0.5-1C_a,0.02097746561865013,bounded_recovery
SNL,SNL/SNL_18650_NMC_35C_0-100_0.5-1C_b,0.021324343511181947,bounded_recovery
SNL,SNL/SNL_18650_NMC_35C_0-100_0.5-1C_c,0.01706792127002216,bounded_recovery
SNL,SNL/SNL_18650_NMC_35C_0-100_0.5-1C_d,0.01949870566021606,bounded_recovery
SNL,SNL/SNL_18650_NMC_35C_0-100_0.5-2C_a,0.04053379943826782,bounded_recovery
SNL,SNL/SNL_18650_NMC_35C_0-100_0.5-2C_b,0.019694383372206005,bounded_recovery
UL_PUR,UL_PUR/UL-PUR_N10-EX9_18650_NCA_23C_0-100_0.5-0.5C_i,0.060620914388823006,bounded_recovery
UL_PUR,UL_PUR/UL-PUR_N10-NA7_18650_NCA_23C_0-100_0.5-0.5C_g,0.0172213591674484,bounded_recovery
UL_PUR,UL_PUR/UL-PUR_N10-OV8_18650_NCA_23C_0-100_0.5-0.5C_h,0.06535497234080025,bounded_recovery
UL_PUR,UL_PUR/UL-PUR_N15-EX4_18650_NCA_23C_0-100_0.5-0.5C_d,0.04015759426500606,bounded_recovery
UL_PUR,UL_PUR/UL-PUR_N15-NA10_18650_NCA_23C_0-100_0.5-0.5C_j,0.016161112886779423,bounded_recovery
UL_PUR,UL_PUR/UL-PUR_N15-OV3_18650_NCA_23C_0-100_0.5-0.5C_c,0.026505027767700313,bounded_recovery
UL_PUR,UL_PUR/UL-PUR_N20-EX2_18650_NCA_23C_0-100_0.5-0.5C_b,0.02024441275054396,bounded_recovery
UL_PUR,UL_PUR/UL-PUR_N20-NA5_18650_NCA_23C_0-100_0.5-0.5C_e,0.04815139409328201,bounded_recovery
UL_PUR,UL_PUR/UL-PUR_N20-NA6_18650_NCA_23C_0-100_0.5-0.5C_f,0.053597044210353044,bounded_recovery
UL_PUR,UL_PUR/UL-PUR_N20-OV1_18650_NCA_23C_0-100_0.5-0.5C_a,0.02212959185863495,bounded_recovery
XJTU,XJTU/XJTU_2C_battery-1,0.12626899144410217,bounded_recovery
XJTU,XJTU/XJTU_2C_battery-2,0.12575861704515295,bounded_recovery
XJTU,XJTU/XJTU_2C_battery-3,0.12110100758484879,bounded_recovery
XJTU,XJTU/XJTU_2C_battery-4,0.12739562724665635,bounded_recovery
XJTU,XJTU/XJTU_2C_battery-5,0.10726696026868156,bounded_recovery
XJTU,XJTU/XJTU_2C_battery-6,0.11642645987921688,bounded_recovery
XJTU,XJTU/XJTU_2C_battery-7,0.08698397073618017,bounded_recovery
XJTU,XJTU/XJTU_2C_battery-8,0.11814044833487893,bounded_recovery
XJTU,XJTU/XJTU_3C_battery-1,0.11900784771630495,bounded_recovery
XJTU,XJTU/XJTU_3C_battery-10,0.09721697718320256,bounded_recovery
XJTU,XJTU/XJTU_3C_battery-11,0.08975700178829168,bounded_recovery
XJTU,XJTU/XJTU_3C_battery-12,0.12111395793267976,bounded_recovery
XJTU,XJTU/XJTU_3C_battery-13,0.12382026988045866,bounded_recovery
XJTU,XJTU/XJTU_3C_battery-14,0.09686906814947875,bounded_recovery
XJTU,XJTU/XJTU_3C_battery-15,0.09848511075822741,bounded_recovery
XJTU,XJTU/XJTU_3C_battery-2,0.117930205712809,bounded_recovery
XJTU,XJTU/XJTU_3C_battery-3,0.12107749890300055,bounded_recovery
XJTU,XJTU/XJTU_3C_battery-4,0.11337526549229923,bounded_recovery
XJTU,XJTU/XJTU_3C_battery-5,0.11521115100882345,bounded_recovery
XJTU,XJTU/XJTU_3C_battery-6,0.12299142593735111,bounded_recovery
XJTU,XJTU/XJTU_3C_battery-7,0.12472875833044353,bounded_recovery
XJTU,XJTU/XJTU_3C_battery-8,0.12057451494115427,bounded_recovery
XJTU,XJTU/XJTU_3C_battery-9,0.1261230800476991,bounded_recovery
