domain,cell_id,method,rows,mae,rmse,trajectory_increase_fraction,maximum_predicted_increase
CALB,CALB/CALB_0_B182,raw_pooled,94,0.09545185528367822,0.09561332072242436,0.17204301075268819,0.009492785757945543
CALB,CALB/CALB_0_B183,raw_pooled,94,0.07293772966748366,0.07311745704429318,0.21505376344086022,0.007015047614788883
CALB,CALB/CALB_0_B184,raw_pooled,94,0.05669209531281183,0.05688568708360778,0.22580645161290322,0.00699773440870044
CALB,CALB/CALB_0_B185,raw_pooled,94,0.0575080066656398,0.0577438155806775,0.16129032258064516,0.006771364297785354
CALB,CALB/CALB_0_B187,raw_pooled,94,0.0576870339383487,0.057965836644125954,0.20430107526881722,0.009349467214316731
CALB,CALB/CALB_0_B188,raw_pooled,202,0.08592125298904676,0.08684549801750065,0.13432835820895522,0.007231896126456805
CALB,CALB/CALB_0_B189,raw_pooled,94,0.058349583688422864,0.05848666096589871,0.15053763440860216,0.009682049163401096
CALB,CALB/CALB_0_B190,raw_pooled,94,0.07975118385416737,0.07993753703747794,0.25806451612903225,0.0075245737895237585
CALB,CALB/CALB_25_T25-1,raw_pooled,93,0.04013710978647079,0.040809432244261236,0.07608695652173914,0.0032800083060098295
CALB,CALB/CALB_25_T25-2,raw_pooled,93,0.04188500405750067,0.04250110814189961,0.14130434782608695,0.004948388384750757
CALB,CALB/CALB_35_B173,raw_pooled,93,0.04549517253458662,0.04716367414283606,0.33695652173913043,0.005041146159447285
CALB,CALB/CALB_35_B174,raw_pooled,93,0.04793825472807665,0.049440284381381996,0.32608695652173914,0.005367600679337059
CALB,CALB/CALB_35_B175,raw_pooled,93,0.048459463390908626,0.04985199300001529,0.3804347826086957,0.006310653435003921
CALB,CALB/CALB_35_B222,raw_pooled,93,0.045978925502133165,0.04739639419008087,0.40217391304347827,0.004979466695743895
CALB,CALB/CALB_35_B223,raw_pooled,93,0.045315694013920424,0.04691359852345699,0.33695652173913043,0.005601346468658175
CALB,CALB/CALB_35_B224,raw_pooled,93,0.04530798299850097,0.046829463620554325,0.2826086956521739,0.007937986525045293
CALB,CALB/CALB_35_B227,raw_pooled,93,0.04621551279542144,0.047764794099900566,0.40217391304347827,0.004979466695743562
CALB,CALB/CALB_35_B228,raw_pooled,93,0.048003587015371954,0.049765018769710276,0.40217391304347827,0.005553589823180771
CALB,CALB/CALB_35_B229,raw_pooled,93,0.04672596765356994,0.048501034644975814,0.45652173913043476,0.006189734128482449
CALB,CALB/CALB_35_B230,raw_pooled,93,0.04591339651817291,0.04766484273305777,0.33695652173913043,0.00559833162881207
CALB,CALB/CALB_35_B247,raw_pooled,93,0.285302664577378,0.28541785558464106,0.391304347826087,0.01616527308775284
CALB,CALB/CALB_35_B248,raw_pooled,93,0.04642280501296664,0.04807447948198055,0.358695652173913,0.005142978386668107
CALB,CALB/CALB_35_B249,raw_pooled,93,0.04779392217805069,0.04902706470039695,0.391304347826087,0.005577377058860855
CALB,CALB/CALB_35_B250,raw_pooled,93,0.04610464242318823,0.04760044183407373,0.358695652173913,0.005871301521119365
CALB,CALB/CALB_45_B253,raw_pooled,94,0.05395411596961978,0.05536300263510298,0.16129032258064516,0.0010595685075162065
CALB,CALB/CALB_45_B255,raw_pooled,94,0.05484094887224822,0.05621507909169008,0.12903225806451613,0.002516989517573953
CALB,CALB/CALB_45_B256,raw_pooled,93,0.05694593334349529,0.05835248731267257,0.13043478260869565,0.0007495763076909023
CALCE,CALCE/CALCE_CS2_33,raw_pooled,655,0.040618471194930374,0.060343139089392935,0.37003058103975534,0.6124330703096207
CALCE,CALCE/CALCE_CS2_34,raw_pooled,627,0.06212682653176231,0.07785870108256455,0.3801916932907348,0.6199554198185434
CALCE,CALCE/CALCE_CS2_35,raw_pooled,775,0.04256850103847359,0.055377177767339775,0.3682170542635659,0.41176300111068925
CALCE,CALCE/CALCE_CS2_36,raw_pooled,827,0.048730085973772666,0.06843778211882603,0.3619854721549637,0.6814735641597176
CALCE,CALCE/CALCE_CS2_37,raw_pooled,900,0.04495639923795488,0.06695104090506049,0.3781979977753059,0.6919224764929087
CALCE,CALCE/CALCE_CS2_38,raw_pooled,898,0.04396356865519774,0.067755494964526,0.38127090301003347,0.6854682869900146
CALCE,CALCE/CALCE_CX2_16,raw_pooled,1274,0.09333372835028488,0.11317469884760938,0.42105263157894735,0.5375623171007835
CALCE,CALCE/CALCE_CX2_33,raw_pooled,1266,0.06078228149166912,0.07287713698346698,0.4150197628458498,0.5450373255106261
CALCE,CALCE/CALCE_CX2_34,raw_pooled,1358,0.03730052914923167,0.05144851386771016,0.3831982313927782,0.6972780842694708
CALCE,CALCE/CALCE_CX2_35,raw_pooled,1449,0.0480640741338534,0.06725625770309183,0.41091160220994477,0.6818732592756049
CALCE,CALCE/CALCE_CX2_36,raw_pooled,1563,0.035164187342577584,0.04984981480984185,0.40973111395646605,0.5913637083456678
CALCE,CALCE/CALCE_CX2_37,raw_pooled,1067,0.03406741705671065,0.05419347233104547,0.3602251407129456,0.655697339759663
CALCE,CALCE/CALCE_CX2_38,raw_pooled,1574,0.03798749389229722,0.0514922869686427,0.37380801017164655,0.675133630588303
HNEI,HNEI/HNEI_18650_NMC_LCO_25C_0-100_0.5-1.5C_a,raw_pooled,1081,0.03452361886141525,0.05313457312877958,0.21296296296296297,0.6491049698307604
HNEI,HNEI/HNEI_18650_NMC_LCO_25C_0-100_0.5-1.5C_b,raw_pooled,1074,0.059181634417533935,0.0719344266590778,0.20503261882572227,0.33241874139923044
HNEI,HNEI/HNEI_18650_NMC_LCO_25C_0-100_0.5-1.5C_c,raw_pooled,1076,0.03449860734329795,0.05109193202760918,0.2158139534883721,0.6678503407557801
HNEI,HNEI/HNEI_18650_NMC_LCO_25C_0-100_0.5-1.5C_d,raw_pooled,1076,0.03278565044129072,0.050608923470278636,0.19906976744186047,0.6591841192269339
HNEI,HNEI/HNEI_18650_NMC_LCO_25C_0-100_0.5-1.5C_e,raw_pooled,1101,0.03429297727229103,0.04733522371730503,0.19,0.5924842865299537
HNEI,HNEI/HNEI_18650_NMC_LCO_25C_0-100_0.5-1.5C_f,raw_pooled,1069,0.033538005206118826,0.05461835422403617,0.20599250936329588,0.5620168347988976
HNEI,HNEI/HNEI_18650_NMC_LCO_25C_0-100_0.5-1.5C_g,raw_pooled,1076,0.03378193951109592,0.04839835346514482,0.17767441860465116,0.6528598956813043
HNEI,HNEI/HNEI_18650_NMC_LCO_25C_0-100_0.5-1.5C_j,raw_pooled,1070,0.030420243974037812,0.04118964466331552,0.205799812909261,0.35516944242689596
HNEI,HNEI/HNEI_18650_NMC_LCO_25C_0-100_0.5-1.5C_l,raw_pooled,1076,0.03537460555843554,0.053119183925615446,0.2055813953488372,0.5889564824578852
HNEI,HNEI/HNEI_18650_NMC_LCO_25C_0-100_0.5-1.5C_n,raw_pooled,1076,0.039934700569094685,0.05915600850049619,0.18511627906976744,0.554333686318588
HNEI,HNEI/HNEI_18650_NMC_LCO_25C_0-100_0.5-1.5C_o,raw_pooled,1076,0.06555272657747829,0.08384895404670595,0.1786046511627907,0.565513038478783
HNEI,HNEI/HNEI_18650_NMC_LCO_25C_0-100_0.5-1.5C_p,raw_pooled,1074,0.06427765640971883,0.08282238825234851,0.18173345759552656,0.580189756306863
HNEI,HNEI/HNEI_18650_NMC_LCO_25C_0-100_0.5-1.5C_s,raw_pooled,1082,0.03765828191103904,0.052355282430092964,0.17853839037927843,0.4857123780632815
HNEI,HNEI/HNEI_18650_NMC_LCO_25C_0-100_0.5-1.5C_t,raw_pooled,1078,0.04526690187526052,0.06003968758740152,0.18012999071494892,0.5032103930640859
HUST,HUST/HUST_1-1,raw_pooled,1499,0.028445907743656768,0.04085191929900727,0.16822429906542055,0.0086972636978212
HUST,HUST/HUST_1-2,raw_pooled,2673,0.035972765674320874,0.05135939783677164,0.19461077844311378,0.007614756637994602
HUST,HUST/HUST_1-3,raw_pooled,1853,0.043727986302539414,0.04898960930008822,0.265658747300216,0.006880647999472522
HUST,HUST/HUST_1-4,raw_pooled,1495,0.04137768440858774,0.0472286222498396,0.2215528781793842,0.00406665562219799
HUST,HUST/HUST_1-5,raw_pooled,1966,0.04486315230769092,0.049891938128239374,0.24580152671755726,0.006593228489011338
HUST,HUST/HUST_1-6,raw_pooled,1138,0.031992579205976646,0.05102480726074647,0.24450307827616535,0.009304263647354483
HUST,HUST/HUST_1-7,raw_pooled,1673,0.02894756471397216,0.043786128990924336,0.17045454545454544,0.006545569979203969
HUST,HUST/HUST_1-8,raw_pooled,2280,0.03360982041006782,0.048224413761595246,0.1636682755594559,0.006084360016959778
HUST,HUST/HUST_10-1,raw_pooled,1697,0.029286494693163686,0.043228902480758606,0.14445754716981132,0.006003829913500458
HUST,HUST/HUST_10-2,raw_pooled,1692,0.03896845803903958,0.0521724302785812,0.23477232406859846,0.005437985770415987
HUST,HUST/HUST_10-3,raw_pooled,1843,0.03285354429687362,0.04942086988725379,0.21878393051031486,0.005714367806204601
HUST,HUST/HUST_10-4,raw_pooled,1806,0.0359718493697253,0.04423634224253031,0.29584487534626036,0.011931348747765691
HUST,HUST/HUST_10-5,raw_pooled,2025,0.03805944033217204,0.04619117200230855,0.266304347826087,0.005284455595679471
HUST,HUST/HUST_10-6,raw_pooled,2280,0.03842256509454989,0.05703335458711187,0.19745502413339183,0.00571436780620449
HUST,HUST/HUST_10-7,raw_pooled,1778,0.03675862248395727,0.04651957333644176,0.2684299380979178,0.006061525105335974
HUST,HUST/HUST_10-8,raw_pooled,1395,0.028007540987628685,0.04443699817211563,0.18220946915351507,0.005933798525830647
HUST,HUST/HUST_2-2,raw_pooled,2646,0.03374803542525186,0.05083856731790603,0.16257088846880907,0.005137225804996648
HUST,HUST/HUST_2-3,raw_pooled,1746,0.041332304534590775,0.046490934732628025,0.22750716332378224,0.0058656683513163
HUST,HUST/HUST_2-4,raw_pooled,1494,0.028221685516820583,0.044351246186315064,0.2217012726054923,0.006624091593354531
HUST,HUST/HUST_2-5,raw_pooled,1381,0.04258066863344735,0.047097539159845776,0.2826086956521739,0.009811408515879694
HUST,HUST/HUST_2-6,raw_pooled,1567,0.036647621438668,0.044311945584484536,0.2656449553001277,0.005801989233436
HUST,HUST/HUST_2-7,raw_pooled,2197,0.03764520927105485,0.04469191841707505,0.319672131147541,0.005571856030784361
HUST,HUST/HUST_2-8,raw_pooled,1476,0.03060502734523835,0.04684217081412644,0.2088135593220339,0.011571128219980409
HUST,HUST/HUST_3-1,raw_pooled,1933,0.038315909339244815,0.047131179016831413,0.2463768115942029,0.005600330800288544
HUST,HUST/HUST_3-2,raw_pooled,2278,0.03953616741519748,0.04869995171842876,0.31357048748353095,0.00509844409900595
HUST,HUST/HUST_3-3,raw_pooled,1644,0.03619651944103185,0.04607691589193408,0.2282410225197809,0.00874252958392674
HUST,HUST/HUST_3-4,raw_pooled,1761,0.03127938586238485,0.04491947098913612,0.2375,0.006339770450775939
HUST,HUST/HUST_3-5,raw_pooled,2652,0.04292314444825505,0.0624197483285063,0.17163334590720483,0.006661914861210483
HUST,HUST/HUST_3-6,raw_pooled,2486,0.03857186940279377,0.047101214447539064,0.2370221327967807,0.005910169342165372
HUST,HUST/HUST_3-7,raw_pooled,2474,0.036660573920766305,0.049915241143674766,0.17711281843914276,0.005737246801307383
HUST,HUST/HUST_3-8,raw_pooled,2337,0.03874811520453093,0.048883590687508166,0.2482876712328767,0.0034757609889123353
HUST,HUST/HUST_4-1,raw_pooled,2212,0.03507323698566056,0.05243742491207481,0.24694708276797828,0.005124075460742006
HUST,HUST/HUST_4-2,raw_pooled,1777,0.03540595021481903,0.04324729364531123,0.32376126126126126,0.008868002193482383
HUST,HUST/HUST_4-3,raw_pooled,1137,0.023583710730131387,0.03931905020673131,0.2051056338028169,0.006044642546049972
HUST,HUST/HUST_4-4,raw_pooled,1486,0.026627703260789913,0.0406786367394443,0.13602693602693602,0.00680098041302013
HUST,HUST/HUST_4-5,raw_pooled,1556,0.030505894026762275,0.046970531227484444,0.17234726688102894,0.007350386005400056
HUST,HUST/HUST_4-6,raw_pooled,1375,0.028736578517330517,0.04366166275085081,0.19868995633187772,0.006545569979203969
HUST,HUST/HUST_4-7,raw_pooled,2211,0.0376739416585347,0.055755223047060654,0.2529411764705882,0.009304263647354372
HUST,HUST/HUST_4-8,raw_pooled,1701,0.03838313049499195,0.04677395454865296,0.3247058823529412,0.008037770044348691
HUST,HUST/HUST_5-1,raw_pooled,2502,0.036581948654535706,0.050677867644164404,0.25589764094362255,0.006814663502389684
HUST,HUST/HUST_5-2,raw_pooled,1921,0.04026504913449082,0.04689378702353487,0.303125,0.006139543787768376
HUST,HUST/HUST_5-3,raw_pooled,2684,0.03517891142575813,0.04944299616088093,0.26984718598583673,0.009684742379733824
HUST,HUST/HUST_5-4,raw_pooled,1957,0.03376471011418439,0.044680311226381955,0.22597137014314927,0.00959032715807362
HUST,HUST/HUST_5-5,raw_pooled,1578,0.04435196268920722,0.04853988908936983,0.33861762840837034,0.008908630607757928
HUST,HUST/HUST_5-6,raw_pooled,2455,0.03648055022052541,0.05080152171800185,0.2893235533822331,0.007229510584824905
HUST,HUST/HUST_5-7,raw_pooled,1443,0.026306995282622203,0.0408419450930649,0.23092926490984744,0.007421844840365899
HUST,HUST/HUST_6-1,raw_pooled,1604,0.02932296564942435,0.04183543894951267,0.23393636930754835,0.010363033898540652
HUST,HUST/HUST_6-2,raw_pooled,1903,0.04534433854510321,0.05027707342850832,0.3391167192429022,0.007893745073154546
HUST,HUST/HUST_6-3,raw_pooled,1799,0.038627748844469366,0.04736843310334522,0.2875417130144605,0.006888119018714001
HUST,HUST/HUST_6-4,raw_pooled,1712,0.02851451431039306,0.043833133877359994,0.1940385739333723,0.006545569979203858
HUST,HUST/HUST_6-5,raw_pooled,2173,0.034893901284632274,0.04660680784212388,0.24953959484346225,0.008385574066085644
HUST,HUST/HUST_6-6,raw_pooled,2463,0.049467135934332745,0.053890567373448425,0.3643379366368806,0.008579532055883687
HUST,HUST/HUST_6-8,raw_pooled,2445,0.0385552429852098,0.05695493264237191,0.2684124386252046,0.005969778240020762
HUST,HUST/HUST_7-1,raw_pooled,1685,0.03442746591029966,0.0505659990140424,0.21852731591448932,0.006350506149430224
HUST,HUST/HUST_7-2,raw_pooled,2025,0.03894366555601626,0.05441907010758697,0.29150197628458496,0.00692178644565844
HUST,HUST/HUST_7-3,raw_pooled,1290,0.02447578491238756,0.037702756103776366,0.23584173778122575,0.009546591407423755
HUST,HUST/HUST_7-4,raw_pooled,1388,0.025487272350185084,0.03713425610020452,0.1780821917808219,0.008445694497720369
HUST,HUST/HUST_7-5,raw_pooled,1868,0.03512296168797222,0.04535671626685296,0.2635243706480985,0.010642833751373537
HUST,HUST/HUST_7-6,raw_pooled,1414,0.025393454603793705,0.03961656161462329,0.1910828025477707,0.007257178346296911
HUST,HUST/HUST_7-7,raw_pooled,1680,0.02818328120476021,0.04155949258634074,0.2495533055390113,0.005021942509738975
HUST,HUST/HUST_7-8,raw_pooled,1933,0.03696613775026803,0.04389886721705741,0.2463768115942029,0.012692945971055969
HUST,HUST/HUST_8-1,raw_pooled,1303,0.025454051624881832,0.038744541827004035,0.17434715821812596,0.008445694497720369
HUST,HUST/HUST_8-2,raw_pooled,2036,0.030336591252431582,0.04807690705923519,0.23636363636363636,0.006668051061519686
HUST,HUST/HUST_8-3,raw_pooled,2285,0.03785150987056805,0.04653945390040041,0.2587565674255692,0.006593228489011338
HUST,HUST/HUST_8-4,raw_pooled,1880,0.029746508498664108,0.0429369729322526,0.21128259712613093,0.006084360016959778
HUST,HUST/HUST_8-5,raw_pooled,1343,0.026468068668143777,0.03915608357855776,0.23770491803278687,0.010363033898540541
HUST,HUST/HUST_8-6,raw_pooled,2360,0.034655962577821074,0.052607842364681905,0.2607036880033913,0.006084360016959556
HUST,HUST/HUST_8-7,raw_pooled,2042,0.0331177281119398,0.04524418715122927,0.21999020088192062,0.008938555582122087
HUST,HUST/HUST_8-8,raw_pooled,1674,0.037011467138791734,0.04680918626003218,0.2857142857142857,0.006953773622480175
HUST,HUST/HUST_9-1,raw_pooled,2052,0.04089166970645723,0.05298687429985729,0.28473915163334956,0.006940314540445636
HUST,HUST/HUST_9-2,raw_pooled,2138,0.03743644956477751,0.04564108692797891,0.3205428170332241,0.008425303950551744
HUST,HUST/HUST_9-3,raw_pooled,1900,0.03946960379543155,0.04953625962269439,0.21642969984202212,0.006661914861210261
HUST,HUST/HUST_9-4,raw_pooled,1970,0.03956501581794412,0.05006002001962155,0.22905027932960895,0.00631286074438564
HUST,HUST/HUST_9-5,raw_pooled,2163,0.03809603997128008,0.047949218145125816,0.27474560592044406,0.006724026833638153
HUST,HUST/HUST_9-6,raw_pooled,1737,0.03670046138778669,0.04916355200601854,0.3485023041474654,0.005437705126687065
HUST,HUST/HUST_9-7,raw_pooled,2007,0.03781442945802735,0.04675336499923994,0.28614157527417744,0.005649193606736547
HUST,HUST/HUST_9-8,raw_pooled,2303,0.03900169797863478,0.04639517117214901,0.26629018245004343,0.007428978661710217
MATR,MATR/MATR_b1c0,raw_pooled,1843,0.04831723612125451,0.05393009257771421,0.46905537459283386,0.017017144284527164
MATR,MATR/MATR_b1c1,raw_pooled,2153,0.05654596466407622,0.061552237269291384,0.44191449814126393,0.010803136585154416
MATR,MATR/MATR_b1c11,raw_pooled,781,0.08065035469381383,0.08588145040286024,0.31153846153846154,0.0227706487547904
MATR,MATR/MATR_b1c14,raw_pooled,873,0.07952041253816426,0.0855107654660396,0.3761467889908257,0.02713049670582479
MATR,MATR/MATR_b1c15,raw_pooled,712,0.07604769509132003,0.08119577529517935,0.37412095639943743,0.02416432860335349
MATR,MATR/MATR_b1c16,raw_pooled,855,0.06599283502622826,0.07081259345271011,0.3770491803278688,0.020641752474984676
MATR,MATR/MATR_b1c17,raw_pooled,850,0.06631654066281494,0.07125647958347066,0.3945818610129564,0.021409875237205944
MATR,MATR/MATR_b1c18,raw_pooled,683,0.05261468424212503,0.05534557792610045,0.4560117302052786,0.035252598964197746
MATR,MATR/MATR_b1c19,raw_pooled,781,0.06537869622656951,0.06967023923291034,0.41025641025641024,0.02082336018666564
MATR,MATR/MATR_b1c2,raw_pooled,2229,0.0558473426760935,0.06099413454525171,0.44614003590664275,0.00957958213771748
MATR,MATR/MATR_b1c20,raw_pooled,526,0.03280842074970629,0.036777199899351486,0.44,0.02030891512834354
MATR,MATR/MATR_b1c21,raw_pooled,552,0.04492398223937239,0.047782614930367874,0.4355716878402904,0.022190733866594314
MATR,MATR/MATR_b1c23,raw_pooled,1007,0.08496983827717472,0.09027527632091618,0.36779324055666,0.01628853913574635
MATR,MATR/MATR_b1c24,raw_pooled,1010,0.09953280962852973,0.10433288413846792,0.41526263627353815,0.01709827784190543
MATR,MATR/MATR_b1c25,raw_pooled,847,0.0932447561030268,0.09871755952170583,0.31796690307328607,0.00883959224553199
MATR,MATR/MATR_b1c26,raw_pooled,863,0.07026637183620732,0.07599193344713613,0.4385150812064965,0.03660742691188157
MATR,MATR/MATR_b1c27,raw_pooled,835,0.07748316639130488,0.08219959713823363,0.37410071942446044,0.025380659250120452
MATR,MATR/MATR_b1c28,raw_pooled,853,0.09063692933851422,0.0962178075461459,0.4025821596244131,0.012705545614970726
MATR,MATR/MATR_b1c29,raw_pooled,910,0.09327788697894288,0.0984842721067073,0.41694169416941695,0.016159703439146966
MATR,MATR/MATR_b1c3,raw_pooled,1427,0.05754106873179329,0.06285197650007097,0.4074333800841515,0.021081057994747465
MATR,MATR/MATR_b1c30,raw_pooled,701,0.07146968309266395,0.07556597028960142,0.4114285714285714,0.03952607176387668
MATR,MATR/MATR_b1c31,raw_pooled,869,0.07465686278182844,0.07940628478475503,0.4573732718894009,0.028550711084779024
MATR,MATR/MATR_b1c32,raw_pooled,724,0.08011853346916327,0.08431346156169156,0.41770401106500693,0.013205166064605756
MATR,MATR/MATR_b1c33,raw_pooled,750,0.07888978066962771,0.08338128322649774,0.4098798397863818,0.011914145517473274
MATR,MATR/MATR_b1c34,raw_pooled,735,0.08800587645328356,0.09290947788085083,0.38419618528610355,0.006223933653252134
MATR,MATR/MATR_b1c35,raw_pooled,695,0.08508882175672991,0.090182068484297,0.39481268011527376,0.007557822555709359
MATR,MATR/MATR_b1c36,raw_pooled,697,0.08903247398983104,0.09454546403387984,0.3864942528735632,0.013832524401777513
MATR,MATR/MATR_b1c37,raw_pooled,640,0.08618853834591059,0.09097299726446412,0.38184663536776214,0.01677044988402665
MATR,MATR/MATR_b1c38,raw_pooled,610,0.0716819472341514,0.07530651682092497,0.39080459770114945,0.02229565644965259
MATR,MATR/MATR_b1c39,raw_pooled,618,0.07234204753568378,0.07643974759381535,0.2479740680713128,0.015274843771519886
MATR,MATR/MATR_b1c4,raw_pooled,1702,0.05955170824664895,0.06465911934571794,0.42680776014109345,0.019836439998108135
MATR,MATR/MATR_b1c40,raw_pooled,959,0.09306955243576674,0.09878244910515521,0.35803757828810023,0.006875845146751325
MATR,MATR/MATR_b1c41,raw_pooled,1044,0.09744096673637034,0.10252891910014804,0.3566634707574305,0.007107119502934078
MATR,MATR/MATR_b1c42,raw_pooled,695,0.07535722710425098,0.08060787584988545,0.3400576368876081,0.01153618891088981
MATR,MATR/MATR_b1c43,raw_pooled,644,0.07416807985543507,0.07854622999600679,0.3343701399688958,0.01375632065212784
MATR,MATR/MATR_b1c44,raw_pooled,608,0.06876164428964839,0.07429644821580265,0.4085667215815486,0.02996744862120848
MATR,MATR/MATR_b1c45,raw_pooled,592,0.06915371892173715,0.07450216279704835,0.33671742808798644,0.03134227187844074
MATR,MATR/MATR_b1c5,raw_pooled,1067,0.056520263659569116,0.06050924006967113,0.4090056285178236,0.02512933057379363
MATR,MATR/MATR_b1c6,raw_pooled,629,0.04382328614134985,0.046348238976720114,0.445859872611465,0.03050370797809865
MATR,MATR/MATR_b1c7,raw_pooled,863,0.0428438575859431,0.04740335026804574,0.4709976798143852,0.04089110258475326
MATR,MATR/MATR_b1c9,raw_pooled,1046,0.07319463746803127,0.078638750975921,0.3866028708133971,0.01809532563947369
MATR,MATR/MATR_b2c0,raw_pooled,320,0.032612829244415074,0.0387723217300474,0.43260188087774293,0.012004039323058713
MATR,MATR/MATR_b2c1,raw_pooled,164,0.047759853385837006,0.0633934073557723,0.3803680981595092,0.006301651086801696
MATR,MATR/MATR_b2c10,raw_pooled,590,0.0322415905451442,0.037318999190989306,0.4397283531409168,0.00832754589110729
MATR,MATR/MATR_b2c11,raw_pooled,499,0.03321730949899227,0.03883145895358484,0.3614457831325301,0.004217043218684324
MATR,MATR/MATR_b2c12,raw_pooled,484,0.028424402592278596,0.03775399957365041,0.33954451345755693,0.0053238340318906285
MATR,MATR/MATR_b2c13,raw_pooled,514,0.03458040788164037,0.04302353090541379,0.34502923976608185,0.005562971935598404
MATR,MATR/MATR_b2c14,raw_pooled,503,0.04011110528943875,0.04407021730375666,0.3565737051792829,0.007563331974712706
MATR,MATR/MATR_b2c17,raw_pooled,519,0.034983471242446426,0.04043416743950495,0.4768339768339768,0.030788385416660402
MATR,MATR/MATR_b2c18,raw_pooled,517,0.030563527348738365,0.03596896355610306,0.47093023255813954,0.006261526415192287
MATR,MATR/MATR_b2c19,raw_pooled,483,0.020807685182475468,0.02812252530839517,0.43568464730290457,0.007439100219124639
MATR,MATR/MATR_b2c2,raw_pooled,458,0.05004147024918287,0.0534551535164401,0.42669584245076586,0.02725961019434353
MATR,MATR/MATR_b2c20,raw_pooled,525,0.03981320017046537,0.04448414859986797,0.4541984732824427,0.021020107649096786
MATR,MATR/MATR_b2c21,raw_pooled,514,0.031872479426584624,0.03777684109113787,0.45614035087719296,0.010400334935692923
MATR,MATR/MATR_b2c22,raw_pooled,534,0.03826399177903716,0.04243734854587318,0.425891181988743,0.0049714787718777576
MATR,MATR/MATR_b2c23,raw_pooled,556,0.03325442423539444,0.038062782938779766,0.42342342342342343,0.01987669331773534
MATR,MATR/MATR_b2c24,raw_pooled,518,0.035411996278268486,0.039254411905466885,0.44680851063829785,0.01922919386516886
MATR,MATR/MATR_b2c25,raw_pooled,481,0.02719098440877083,0.03347472301598437,0.4583333333333333,0.026618152058117128
MATR,MATR/MATR_b2c26,raw_pooled,492,0.03074306538393511,0.03687931207037986,0.4256619144602851,0.023239194911223504
MATR,MATR/MATR_b2c27,raw_pooled,489,0.038353994513922,0.04210621301115079,0.4323770491803279,0.007184551869254818
MATR,MATR/MATR_b2c28,raw_pooled,535,0.03629785803738265,0.04154813546583374,0.47191011235955055,0.03464157673622703
MATR,MATR/MATR_b2c29,raw_pooled,516,0.04596545722842889,0.049555483751165544,0.42135922330097086,0.05241416061195914
MATR,MATR/MATR_b2c3,raw_pooled,355,0.025780641238106628,0.0362689468519169,0.4661016949152542,0.03802179522609839
MATR,MATR/MATR_b2c30,raw_pooled,501,0.04021463675560596,0.043186179991943734,0.384,0.028507293857525817
MATR,MATR/MATR_b2c31,raw_pooled,513,0.04238685063678187,0.045660355690782264,0.4453125,0.03272470565801233
MATR,MATR/MATR_b2c32,raw_pooled,538,0.040559366154584046,0.04470327023429912,0.46368715083798884,0.03665996717633957
MATR,MATR/MATR_b2c33,raw_pooled,540,0.048153088700197626,0.05164817172611111,0.4007421150278293,0.008124094220711475
MATR,MATR/MATR_b2c34,raw_pooled,520,0.04948587730734899,0.05219423996755292,0.42196531791907516,0.018230649708829483
MATR,MATR/MATR_b2c35,raw_pooled,480,0.044627766029871715,0.04745237519823171,0.36325678496868474,0.024961164669489166
MATR,MATR/MATR_b2c36,raw_pooled,554,0.04608580968937272,0.048902995417105556,0.3887884267631103,0.005588042161772444
MATR,MATR/MATR_b2c37,raw_pooled,496,0.04836817635513588,0.05159079990956415,0.3656565656565657,0.016333781352412813
MATR,MATR/MATR_b2c38,raw_pooled,481,0.0477669915611291,0.050183856818869596,0.36875,0.004487649979650787
MATR,MATR/MATR_b2c39,raw_pooled,474,0.05196397012245996,0.05464390439090189,0.41226215644820297,0.013880539880611442
MATR,MATR/MATR_b2c4,raw_pooled,465,0.030933995250978986,0.03879169617330026,0.3642241379310345,0.006506322864820557
MATR,MATR/MATR_b2c40,raw_pooled,524,0.03201206691221445,0.03691780079204136,0.4875717017208413,0.03658986811842979
MATR,MATR/MATR_b2c41,raw_pooled,446,0.03726312679352371,0.04026498713457419,0.44719101123595506,0.02221738527698891
MATR,MATR/MATR_b2c42,raw_pooled,486,0.04015991115576954,0.04242948053555097,0.422680412371134,0.010884840955705077
MATR,MATR/MATR_b2c43,raw_pooled,481,0.041811671797054084,0.043973584632793807,0.425,0.012077721534359376
MATR,MATR/MATR_b2c44,raw_pooled,472,0.044911422861402164,0.0474070163731638,0.416135881104034,0.011497552351653395
MATR,MATR/MATR_b2c45,raw_pooled,508,0.04112854350623533,0.0436800934532282,0.39644970414201186,0.007607852704790141
MATR,MATR/MATR_b2c46,raw_pooled,443,0.043203516551223856,0.04506966329937586,0.4638009049773756,0.010391810754556086
MATR,MATR/MATR_b2c47,raw_pooled,739,0.04037027441566668,0.04296541146632986,0.453929539295393,0.026780004092631038
MATR,MATR/MATR_b2c5,raw_pooled,501,0.04100632461899035,0.044554931508198115,0.386,0.01366791629244024
MATR,MATR/MATR_b2c6,raw_pooled,539,0.02135559239865059,0.029918370712051653,0.4646840148698885,0.012752675027774107
MATR,MATR/MATR_b3c0,raw_pooled,1002,0.03430753753723851,0.038369665146174084,0.4805194805194805,0.034748302243545304
MATR,MATR/MATR_b3c1,raw_pooled,1056,0.044245024768190366,0.0483246338033036,0.48056872037914694,0.037641783972674814
MATR,MATR/MATR_b3c10,raw_pooled,1071,0.04135188228314337,0.045524866978258687,0.38691588785046727,0.017185018311869582
MATR,MATR/MATR_b3c11,raw_pooled,810,0.030299041838844337,0.033530180712637685,0.4783683559950556,0.03504465072971441
MATR,MATR/MATR_b3c12,raw_pooled,925,0.04292654842969478,0.04655925843472032,0.4837662337662338,0.03424999017745345
MATR,MATR/MATR_b3c13,raw_pooled,809,0.02871518366686155,0.03175489148943261,0.48514851485148514,0.02966447716434284
MATR,MATR/MATR_b3c14,raw_pooled,851,0.03854800296509379,0.04195933860859305,0.47058823529411764,0.03637784075214279
MATR,MATR/MATR_b3c15,raw_pooled,869,0.036287803506889385,0.039524035473202955,0.4769585253456221,0.036148668237339976
MATR,MATR/MATR_b3c16,raw_pooled,1631,0.048600853501679905,0.05349909860796342,0.3539877300613497,0.012691992780596073
MATR,MATR/MATR_b3c17,raw_pooled,1308,0.046504170089751155,0.051069566407032765,0.4797245600612089,0.03738879721527211
MATR,MATR/MATR_b3c18,raw_pooled,1139,0.03692361188619888,0.04096051503009115,0.47539543057996486,0.03532617355489842
MATR,MATR/MATR_b3c19,raw_pooled,1148,0.042604216481429216,0.046684902413388796,0.46556233653007845,0.02999227238269031
MATR,MATR/MATR_b3c20,raw_pooled,806,0.029960066014515587,0.033526464712186406,0.4795031055900621,0.033099232674813406
MATR,MATR/MATR_b3c21,raw_pooled,765,0.0233683943675967,0.025157356437156178,0.4790575916230366,0.020138925851902023
MATR,MATR/MATR_b3c22,raw_pooled,995,0.07243535100894709,0.075930580683233,0.49899396378269617,0.02488907492216008
MATR,MATR/MATR_b3c24,raw_pooled,818,0.03033047741873796,0.0335082626142736,0.4749082007343941,0.037088631536872585
MATR,MATR/MATR_b3c25,raw_pooled,982,0.046113401840965684,0.0501601828965698,0.47910295616717635,0.03614242845532578
MATR,MATR/MATR_b3c26,raw_pooled,1021,0.03987382204513869,0.04397349807125542,0.48137254901960785,0.0347223307154394
MATR,MATR/MATR_b3c27,raw_pooled,843,0.03735432993131672,0.04099856431169327,0.48693586698337293,0.030179216056212987
MATR,MATR/MATR_b3c28,raw_pooled,534,0.018664605099112434,0.021684064135788217,0.45590994371482174,0.019213552302416614
MATR,MATR/MATR_b3c29,raw_pooled,851,0.03608190573018293,0.039492148858403825,0.4764705882352941,0.03317703084044332
MATR,MATR/MATR_b3c3,raw_pooled,1108,0.04601260951923727,0.04989173139821795,0.48870822041553746,0.035605231414529426
MATR,MATR/MATR_b3c30,raw_pooled,928,0.043127700433203034,0.04741501285120312,0.4854368932038835,0.04046508658262482
MATR,MATR/MATR_b3c31,raw_pooled,724,0.057257709808510485,0.06129549287236961,0.4896265560165975,0.02356846196173701
MATR,MATR/MATR_b3c33,raw_pooled,1277,0.040103700119894725,0.044522311438488546,0.45846394984326017,0.03423248305065463
MATR,MATR/MATR_b3c34,raw_pooled,1151,0.04288932557383378,0.04701175716701067,0.48695652173913045,0.03349844310430161
MATR,MATR/MATR_b3c35,raw_pooled,1086,0.036080717710801784,0.04008976558588084,0.4737327188940092,0.030015399341470017
MATR,MATR/MATR_b3c36,raw_pooled,916,0.04131338818915384,0.04424544603296286,0.4743169398907104,0.03153252648384208
MATR,MATR/MATR_b3c38,raw_pooled,1928,0.048942238261866236,0.053447450662348295,0.46756616502335235,0.036254362884069025
MATR,MATR/MATR_b3c39,raw_pooled,1149,0.048431262276509575,0.05232341741923617,0.4729965156794425,0.035630355447027084
MATR,MATR/MATR_b3c4,raw_pooled,1041,0.03676324365475915,0.04117236635626677,0.4721153846153846,0.0370010505766738
MATR,MATR/MATR_b3c40,raw_pooled,789,0.030285906967139693,0.0332523578616873,0.4720812182741117,0.03711461310259456
MATR,MATR/MATR_b3c41,raw_pooled,779,0.04065002598678263,0.044259550891015464,0.4704370179948586,0.02865983433692032
MATR,MATR/MATR_b3c44,raw_pooled,933,0.045723197325774755,0.04982239204393394,0.490343347639485,0.03576373436398861
MATR,MATR/MATR_b3c45,raw_pooled,1794,0.051578303564204446,0.056608700407158034,0.37311767986614613,0.019552794542827434
MATR,MATR/MATR_b3c5,raw_pooled,821,0.03612270371013931,0.039224205326243905,0.49146341463414633,0.037390651622418836
MATR,MATR/MATR_b3c6,raw_pooled,660,0.01693760659520998,0.020342607588906804,0.48406676783004554,0.018922388914983546
MATR,MATR/MATR_b3c7,raw_pooled,1829,0.05386883388125424,0.059244552835256224,0.3938730853391685,0.0169871322798002
MATR,MATR/MATR_b3c8,raw_pooled,821,0.029186696198438954,0.0326589858547912,0.4817073170731707,0.03561118581578315
MATR,MATR/MATR_b3c9,raw_pooled,1032,0.04917727248140526,0.053703581328166425,0.49466537342386036,0.038664389568771385
MATR,MATR/MATR_b4c0,raw_pooled,977,0.049384036279337754,0.0627230875072322,0.4805327868852459,0.023896708469885453
MATR,MATR/MATR_b4c1,raw_pooled,856,0.050716724354147306,0.06383448807675668,0.4666666666666667,0.017104766126534
MATR,MATR/MATR_b4c10,raw_pooled,1077,0.07651692289662197,0.10580596495579629,0.46654275092936803,0.02317468371385223
MATR,MATR/MATR_b4c11,raw_pooled,925,0.0509772764055349,0.054781592999756115,0.47835497835497837,0.02383972035668014
MATR,MATR/MATR_b4c12,raw_pooled,893,0.0613641502049673,0.06592461464794443,0.47197309417040356,0.02883611578759937
MATR,MATR/MATR_b4c13,raw_pooled,864,0.06418292208024115,0.07144527628324035,0.48667439165701043,0.022936632857920247
MATR,MATR/MATR_b4c14,raw_pooled,762,0.09279260142677416,0.1110258345992977,0.45466491458607095,0.022846002211078575
MATR,MATR/MATR_b4c15,raw_pooled,866,0.10464552450732081,0.13391333646698245,0.4277456647398844,0.012352158873366381
MATR,MATR/MATR_b4c16,raw_pooled,978,0.08296446846787717,0.08732982196797504,0.46673490276356194,0.01504999704450427
MATR,MATR/MATR_b4c17,raw_pooled,925,0.07825991502532181,0.08222846865174206,0.4675324675324675,0.01700595835685126
MATR,MATR/MATR_b4c18,raw_pooled,1052,0.06855180691482486,0.08107653594967175,0.4681255946717412,0.022871615978298898
MATR,MATR/MATR_b4c19,raw_pooled,1106,0.08654362424998296,0.09132973392305546,0.45429864253393665,0.01769683896972707
MATR,MATR/MATR_b4c2,raw_pooled,779,0.05135146633984451,0.05556854594695405,0.4665809768637532,0.023350063066315485
MATR,MATR/MATR_b4c20,raw_pooled,799,0.04478978462348342,0.048629908721574,0.46867167919799496,0.021630811112095416
MATR,MATR/MATR_b4c21,raw_pooled,898,0.06034253297215842,0.07844849086625726,0.47045707915273133,0.021108577144186014
MATR,MATR/MATR_b4c22,raw_pooled,740,0.07852464070024191,0.08225098612319685,0.4479025710419486,0.016732253979884204
MATR,MATR/MATR_b4c23,raw_pooled,1089,0.06675747945352449,0.07143552202243456,0.484375,0.03344635373163851
MATR,MATR/MATR_b4c24,raw_pooled,1110,0.057863427995391896,0.06662787723988707,0.49413886384129846,0.025043377004904
MATR,MATR/MATR_b4c25,raw_pooled,562,0.09085917608245957,0.10525815465288786,0.46880570409982175,0.011883539252286135
MATR,MATR/MATR_b4c26,raw_pooled,574,0.0889622143073604,0.10294559384395771,0.43804537521815007,0.009248933717311836
MATR,MATR/MATR_b4c27,raw_pooled,558,0.07365556078637744,0.07767106813264932,0.4578096947935368,0.014453107481515737
MATR,MATR/MATR_b4c28,raw_pooled,877,0.06098471376789376,0.06521170312772254,0.5,0.034015851900589866
MATR,MATR/MATR_b4c29,raw_pooled,951,0.05049738180001045,0.054853979116959745,0.4610526315789474,0.027202044594493824
MATR,MATR/MATR_b4c3,raw_pooled,906,0.08519192059325545,0.09569208537200097,0.4453038674033149,0.06346987140138083
MATR,MATR/MATR_b4c30,raw_pooled,714,0.053478252895190904,0.06721355727586716,0.47685834502103785,0.017806439562253473
MATR,MATR/MATR_b4c31,raw_pooled,827,0.15919537366554343,0.22296674172862313,0.4430992736077482,0.016006820128597665
MATR,MATR/MATR_b4c32,raw_pooled,834,0.08087136350665708,0.08511525667311735,0.4777911164465786,0.016979533135130898
MATR,MATR/MATR_b4c33,raw_pooled,525,0.07248241619398052,0.07574718718704966,0.4541984732824427,0.013801593773068666
MATR,MATR/MATR_b4c34,raw_pooled,992,0.04978845326608164,0.053924279016843345,0.4783047426841574,0.019585675169114358
MATR,MATR/MATR_b4c35,raw_pooled,1126,0.051178189234117946,0.05469055511802895,0.48977777777777776,0.031107391852164823
MATR,MATR/MATR_b4c36,raw_pooled,708,0.09133943860382371,0.10296857496625456,0.45403111739745405,0.00943367292154329
MATR,MATR/MATR_b4c37,raw_pooled,1000,0.08272917245695695,0.0886610589674626,0.4574574574574575,0.018703862231215007
MATR,MATR/MATR_b4c38,raw_pooled,1225,0.054493203358690866,0.058273668274843336,0.47875816993464054,0.024873091045612306
MATR,MATR/MATR_b4c39,raw_pooled,756,0.07910746087885359,0.08267341534921441,0.45298013245033114,0.015843305727189616
MATR,MATR/MATR_b4c4,raw_pooled,907,0.14866105504474728,0.2064181405682322,0.4359823399558499,0.013351706515003392
MATR,MATR/MATR_b4c40,raw_pooled,1117,0.051538118352072684,0.05553573355658414,0.4722222222222222,0.027461151534911465
MATR,MATR/MATR_b4c41,raw_pooled,992,0.0719014620626151,0.09974695884853015,0.4692230070635722,0.03981538442656429
MATR,MATR/MATR_b4c42,raw_pooled,910,0.06275542331182425,0.08078582212129462,0.48184818481848185,0.036506364564540705
MATR,MATR/MATR_b4c43,raw_pooled,946,0.07844904065255678,0.11280581688868392,0.4740740740740741,0.0234530759265954
MATR,MATR/MATR_b4c44,raw_pooled,1072,0.07002724557140481,0.07602069352134536,0.46405228758169936,0.031788980802478384
MATR,MATR/MATR_b4c5,raw_pooled,1062,0.06260968592222968,0.07449371130040539,0.471253534401508,0.030401917385661448
MATR,MATR/MATR_b4c6,raw_pooled,772,0.07494448577447954,0.07832505049623692,0.47341115434500647,0.014192127208791816
MATR,MATR/MATR_b4c7,raw_pooled,557,0.0757963320425283,0.0784624608309074,0.44964028776978415,0.009084623086814902
MATR,MATR/MATR_b4c8,raw_pooled,713,0.043104975297461275,0.04679910780387012,0.48314606741573035,0.039287358437142705
MATR,MATR/MATR_b4c9,raw_pooled,524,0.07753853405381403,0.08436340791209761,0.45315487571701724,0.009339560397846669
MICH,MICH/MICH_BLForm10_pouch_NMC_25C_0-100_1-1C_j,raw_pooled,454,0.09330724113208407,0.13609363864190926,0.34216335540838855,0.022925550478427426
MICH,MICH/MICH_BLForm11_pouch_NMC_25C_0-100_1-1C_a,raw_pooled,420,0.0782093995532694,0.1068760148144166,0.36992840095465396,0.01279231755633925
MICH,MICH/MICH_BLForm12_pouch_NMC_25C_0-100_1-1C_b,raw_pooled,427,0.09155925419380077,0.12448972992616963,0.3403755868544601,0.08874264422823974
MICH,MICH/MICH_BLForm13_pouch_NMC_25C_0-100_1-1C_c,raw_pooled,432,0.1043143931351897,0.1431345282572084,0.33178654292343385,0.07068212182323708
MICH,MICH/MICH_BLForm14_pouch_NMC_25C_0-100_1-1C_d,raw_pooled,471,0.08294797547739065,0.11300329889951923,0.3553191489361702,0.02096956209032652
MICH,MICH/MICH_BLForm15_pouch_NMC_25C_0-100_1-1C_e,raw_pooled,437,0.09879109868457306,0.13660303245503094,0.34174311926605505,0.06930174275867573
MICH,MICH/MICH_BLForm16_pouch_NMC_25C_0-100_1-1C_f,raw_pooled,437,0.09334395445668822,0.13201501017729947,0.33715596330275227,0.02440365449841453
MICH,MICH/MICH_BLForm17_pouch_NMC_25C_0-100_1-1C_g,raw_pooled,437,0.11729278725178958,0.15807809729317354,0.32798165137614677,0.03496172276104548
MICH,MICH/MICH_BLForm18_pouch_NMC_25C_0-100_1-1C_h,raw_pooled,433,0.10629621717461277,0.14333002652921933,0.35648148148148145,0.08823464383269686
MICH,MICH/MICH_BLForm19_pouch_NMC_25C_0-100_1-1C_i,raw_pooled,437,0.09788003992192147,0.13186097940459277,0.3394495412844037,0.04975621560432553
MICH,MICH/MICH_BLForm1_pouch_NMC_45C_0-100_1-1C_a,raw_pooled,487,0.11543072013811627,0.16266877844112437,0.29835390946502055,0.011862517820987517
MICH,MICH/MICH_BLForm20_pouch_NMC_25C_0-100_1-1C_j,raw_pooled,437,0.11525388076574769,0.15402490409626665,0.3165137614678899,0.047837525663600666
MICH,MICH/MICH_BLForm2_pouch_NMC_45C_0-100_1-1C_b,raw_pooled,459,0.12113356515173548,0.17136502550124297,0.29694323144104806,0.01667553924469284
MICH,MICH/MICH_BLForm3_pouch_NMC_45C_0-100_1-1C_c,raw_pooled,507,0.0746722836851197,0.1110543539244074,0.308300395256917,0.011496022888393909
MICH,MICH/MICH_BLForm4_pouch_NMC_45C_0-100_1-1C_d,raw_pooled,487,0.11707473473071042,0.1622537722856013,0.3148148148148148,0.01155035849299546
MICH,MICH/MICH_BLForm5_pouch_NMC_45C_0-100_1-1C_e,raw_pooled,487,0.11504064344520146,0.16481036280579747,0.32098765432098764,0.018518233147492347
MICH,MICH/MICH_BLForm6_pouch_NMC_45C_0-100_1-1C_f,raw_pooled,449,0.0823971809926609,0.12359867838388383,0.32142857142857145,0.050632440699493964
MICH,MICH/MICH_BLForm7_pouch_NMC_45C_0-100_1-1C_g,raw_pooled,452,0.10059213290448736,0.14949071948967627,0.3237250554323725,0.0179000794407726
MICH,MICH/MICH_BLForm8_pouch_NMC_45C_0-100_1-1C_h,raw_pooled,487,0.11467918189531898,0.16493322544593758,0.3065843621399177,0.010566359156943539
MICH,MICH/MICH_BLForm9_pouch_NMC_45C_0-100_1-1C_i,raw_pooled,569,0.23511366130560168,0.2769672846985366,0.21654929577464788,0.01092081867034761
MICH,MICH/MICH_MCForm21_pouch_NMC_25C_0-100_1-1C_a,raw_pooled,471,0.0694090570114135,0.09672800369922566,0.35106382978723405,0.009491263900220925
MICH,MICH/MICH_MCForm22_pouch_NMC_25C_0-100_1-1C_b,raw_pooled,486,0.10841139506566078,0.1478419701034386,0.32783505154639175,0.048922989916067916
MICH,MICH/MICH_MCForm23_pouch_NMC_25C_0-100_1-1C_c,raw_pooled,535,0.07587800552289684,0.10319161776349782,0.40636704119850187,0.010632140655281175
MICH,MICH/MICH_MCForm24_pouch_NMC_25C_0-100_1-1C_d,raw_pooled,471,0.08328096253993454,0.1159855101973172,0.35319148936170214,0.059364924534753505
MICH,MICH/MICH_MCForm25_pouch_NMC_25C_0-100_1-1C_e,raw_pooled,584,0.083643415182554,0.1111952488759112,0.3602058319039451,0.04106286097415224
MICH,MICH/MICH_MCForm26_pouch_NMC_25C_0-100_1-1C_f,raw_pooled,584,0.07839315437506361,0.1041151280671184,0.33104631217838765,0.019363782175667255
MICH,MICH/MICH_MCForm27_pouch_NMC_25C_0-100_1-1C_g,raw_pooled,535,0.07828274576614458,0.10524392772747246,0.38202247191011235,0.009917097703425193
MICH,MICH/MICH_MCForm28_pouch_NMC_25C_0-100_1-1C_h,raw_pooled,584,0.08672910672774808,0.11571310693215253,0.35506003430531735,0.03155337183470264
MICH,MICH/MICH_MCForm29_pouch_NMC_25C_0-100_1-1C_i,raw_pooled,547,0.08875967173467482,0.1185184193312067,0.33882783882783885,0.043645517007259826
MICH,MICH/MICH_MCForm30_pouch_NMC_25C_0-100_1-1C_j,raw_pooled,535,0.07849419682369584,0.10421218598836172,0.39325842696629215,0.028577537110919593
MICH,MICH/MICH_MCForm31_pouch_NMC_45C_0-100_1-1C_a,raw_pooled,506,0.07774502947977496,0.11616470185096277,0.32475247524752476,0.010809437025751656
MICH,MICH/MICH_MCForm32_pouch_NMC_45C_0-100_1-1C_b,raw_pooled,487,0.062282797919951165,0.09339824094628055,0.31069958847736623,0.006952273651701368
MICH,MICH/MICH_MCForm33_pouch_NMC_45C_0-100_1-1C_c,raw_pooled,496,0.0695377695227115,0.10643268157292846,0.32525252525252524,0.011421716284777839
MICH,MICH/MICH_MCForm34_pouch_NMC_45C_0-100_1-1C_d,raw_pooled,575,0.05535559682464925,0.0760570395334139,0.3397212543554007,0.010921550023092919
MICH,MICH/MICH_MCForm35_pouch_NMC_45C_0-100_1-1C_e,raw_pooled,440,0.0638158227415188,0.09665792959248598,0.3325740318906606,0.013986821975310093
MICH,MICH/MICH_MCForm36_pouch_NMC_45C_0-100_1-1C_f,raw_pooled,536,0.07750772331577628,0.11215346912065895,0.29906542056074764,0.014861702303952451
MICH,MICH/MICH_MCForm37_pouch_NMC_45C_0-100_1-1C_g,raw_pooled,536,0.06403903752781875,0.09607457711958044,0.33084112149532713,0.008104301317864548
MICH,MICH/MICH_MCForm38_pouch_NMC_45C_0-100_1-1C_h,raw_pooled,497,0.07991636214481448,0.11575776455345828,0.29838709677419356,0.051794621757100145
MICH,MICH/MICH_MCForm39_pouch_NMC_45C_0-100_1-1C_i,raw_pooled,536,0.07000372278773476,0.10383538954579863,0.31588785046728973,0.010761237104896959
MICH,MICH/MICH_MCForm40_pouch_NMC_45C_0-100_1-1C_j,raw_pooled,534,0.06533021307031239,0.09115823435524933,0.3151969981238274,0.00952036434670711
MICH_EXP,MICH_EXP/MICH_01R_pouch_NMC_25C_0-100_0.2-0.2C,raw_pooled,374,0.07004057010297621,0.09421357773775692,0.19839142091152814,0.7144924880849134
MICH_EXP,MICH_EXP/MICH_02C_pouch_NMC_-5C_0-100_0.2-0.2C,raw_pooled,288,0.024969048539601444,0.02788207156012383,0.2961672473867596,0.003813392360708434
MICH_EXP,MICH_EXP/MICH_03H_pouch_NMC_45C_0-100_0.2-0.2C,raw_pooled,98,0.04032858084108474,0.04893938476172954,0.17525773195876287,0.04226246929932864
MICH_EXP,MICH_EXP/MICH_04R_pouch_NMC_25C_0-100_1.5-1.5C,raw_pooled,322,0.06646640540166135,0.08190296642151874,0.19003115264797507,0.005223833520931254
MICH_EXP,MICH_EXP/MICH_05C_pouch_NMC_-5C_0-100_1.5-1.5C,raw_pooled,568,0.09783159358653222,0.10241772790155207,0.25749559082892415,0.020155067115612935
MICH_EXP,MICH_EXP/MICH_06H_pouch_NMC_45C_0-100_1.5-1.5C,raw_pooled,172,0.07954061667027269,0.09069544698052102,0.2046783625730994,0.004176154136698362
MICH_EXP,MICH_EXP/MICH_07R_pouch_NMC_25C_0-100_2-2C,raw_pooled,240,0.1432922242473935,0.1622390797893103,0.19665271966527198,0.007939449351531902
MICH_EXP,MICH_EXP/MICH_08C_pouch_NMC_-5C_0-100_2-2C,raw_pooled,568,0.09222373704921243,0.09812823189015699,0.23633156966490299,0.2149000446092988
MICH_EXP,MICH_EXP/MICH_09H_pouch_NMC_45C_0-100_2-2C,raw_pooled,170,0.14230408669623432,0.15560676233845003,0.23076923076923078,0.0034124304316291987
MICH_EXP,MICH_EXP/MICH_10R_pouch_NMC_25C_0-100_0.2-1.5C,raw_pooled,434,0.04032553993482113,0.04956128923840219,0.28868360277136257,0.11283631663151472
MICH_EXP,MICH_EXP/MICH_11C_pouch_NMC_-5C_0-100_0.2-1.5C,raw_pooled,535,0.04496139200674089,0.052167973170170495,0.3089887640449438,0.006812194190495169
MICH_EXP,MICH_EXP/MICH_12H_pouch_NMC_45C_0-100_0.2-1.5C,raw_pooled,177,0.09659302687486532,0.11379763922624858,0.17613636363636365,0.0026750477605919087
MICH_EXP,MICH_EXP/MICH_13R_pouch_NMC_25C_50-100_0.2-0.2C,raw_pooled,527,0.1538016305232899,0.1599639427117201,0.20342205323193915,0.4028198079571407
MICH_EXP,MICH_EXP/MICH_14C_pouch_NMC_-5C_50-100_0.2-0.2C,raw_pooled,447,0.15165127408319154,0.15940449446117386,0.21973094170403587,0.6526113186734104
MICH_EXP,MICH_EXP/MICH_15H_pouch_NMC_45C_50-100_0.2-0.2C,raw_pooled,166,0.10705840199211554,0.12128554519626532,0.15151515151515152,0.5921509537279117
MICH_EXP,MICH_EXP/MICH_16R_pouch_NMC_25C_50-100_0.2-1.5C,raw_pooled,527,0.1525007039979171,0.1589306941202964,0.21673003802281368,0.5156097794540822
MICH_EXP,MICH_EXP/MICH_17C_pouch_NMC_-5C_50-100_0.2-1.5C,raw_pooled,552,0.14672843703494254,0.15315685327350836,0.37568058076225047,0.6424379384344089
MICH_EXP,MICH_EXP/MICH_18H_pouch_NMC_45C_50-100_0.2-1.5C,raw_pooled,290,0.13204841447950338,0.13815780860705237,0.24567474048442905,0.08296711228565723
RWTH,RWTH/RWTH_002,raw_pooled,2406,0.1806742541330525,0.2295967424427665,0.3812889812889813,0.01374856213804887
RWTH,RWTH/RWTH_003,raw_pooled,2432,0.17174973042323996,0.2139836827642731,0.40682846565199504,0.016836962487931872
RWTH,RWTH/RWTH_004,raw_pooled,2410,0.17299893204622305,0.21736610182721794,0.4155251141552511,0.023612983696420398
RWTH,RWTH/RWTH_005,raw_pooled,2390,0.17165547949876023,0.21884324643895334,0.3909585600669736,0.016446612604644417
RWTH,RWTH/RWTH_006,raw_pooled,2413,0.16763746284650433,0.21458136832809022,0.4398839137645108,0.022318981659355752
RWTH,RWTH/RWTH_007,raw_pooled,2409,0.17277899984718734,0.2202897722379883,0.38372093023255816,0.014554369558723357
RWTH,RWTH/RWTH_008,raw_pooled,2409,0.17691318626810504,0.2193054820836512,0.4007475083056478,0.017192803264114653
RWTH,RWTH/RWTH_009,raw_pooled,2392,0.16040000810129063,0.20104268181207263,0.3805938937682978,0.02398422514698928
RWTH,RWTH/RWTH_010,raw_pooled,2436,0.17123879890243052,0.21317986636241448,0.41478439425051333,0.02332097853831372
RWTH,RWTH/RWTH_011,raw_pooled,2432,0.16816865301996378,0.20972663646798206,0.409296585767174,0.016476003989090438
RWTH,RWTH/RWTH_012,raw_pooled,2442,0.1603450412908031,0.20502654731447684,0.42974190905366655,0.02817359074207404
RWTH,RWTH/RWTH_013,raw_pooled,2442,0.1693947986141928,0.21723299438721327,0.44817697664891437,0.02467125346272203
RWTH,RWTH/RWTH_014,raw_pooled,2303,0.17417251185888877,0.21803705734010811,0.3509991311902693,0.015004268501030427
RWTH,RWTH/RWTH_015,raw_pooled,2282,0.16011745277854084,0.2037303982721557,0.37790442788250767,0.023567399546949197
RWTH,RWTH/RWTH_016,raw_pooled,2281,0.15953836618653813,0.20459202408272023,0.4236842105263158,0.02140691297967734
RWTH,RWTH/RWTH_017,raw_pooled,2274,0.17571000260315295,0.22000286658660742,0.3484381874175099,0.013423734134679344
RWTH,RWTH/RWTH_018,raw_pooled,2239,0.16543319885596414,0.20717778609465085,0.43967828418230565,0.017010478397333828
RWTH,RWTH/RWTH_019,raw_pooled,2282,0.16951008900291603,0.2134877469038999,0.43708899605436213,0.01485487021877363
RWTH,RWTH/RWTH_020,raw_pooled,2232,0.17043044433947901,0.21182106019079502,0.42223218287763337,0.013358479560334091
RWTH,RWTH/RWTH_021,raw_pooled,2278,0.17575891120485457,0.22071524029325282,0.35617039964866054,0.017035159530118693
RWTH,RWTH/RWTH_022,raw_pooled,2277,0.16171285527022153,0.20115199569494638,0.3655536028119508,0.019053357264111614
RWTH,RWTH/RWTH_023,raw_pooled,2316,0.1442004793323771,0.18137052672689333,0.4444924406047516,0.013880346065544336
RWTH,RWTH/RWTH_024,raw_pooled,2315,0.15301407989429883,0.19022741919569988,0.41097666378565256,0.009821053070929953
RWTH,RWTH/RWTH_025,raw_pooled,2304,0.16973145080245158,0.21717367088308046,0.4515848892748589,0.020200077953690943
RWTH,RWTH/RWTH_026,raw_pooled,2002,0.14402678624496645,0.17833387310188245,0.34832583708145926,0.015994028255888915
RWTH,RWTH/RWTH_027,raw_pooled,2006,0.14775514639274767,0.18348056332819088,0.39301745635910224,0.010739991446604535
RWTH,RWTH/RWTH_028,raw_pooled,2005,0.16006240602111477,0.19894372855163533,0.3902195608782435,0.00896692741044558
RWTH,RWTH/RWTH_029,raw_pooled,2006,0.14450921583264867,0.18305915504228948,0.3685785536159601,0.012221125786352705
RWTH,RWTH/RWTH_030,raw_pooled,1483,0.08145236887005361,0.09016454360655622,0.38798920377867746,0.023448893669731352
RWTH,RWTH/RWTH_031,raw_pooled,2259,0.15607533661989745,0.20193532510647846,0.4220549158547387,0.03217747400511006
RWTH,RWTH/RWTH_032,raw_pooled,2277,0.17388351537645438,0.2168077836539249,0.43233743409490333,0.02299441792870527
RWTH,RWTH/RWTH_033,raw_pooled,2254,0.1898191869133425,0.24236190209196937,0.39369729249889035,0.016509822359433435
RWTH,RWTH/RWTH_034,raw_pooled,2121,0.1197173003888963,0.1447846507201459,0.3900943396226415,0.028650571520143497
RWTH,RWTH/RWTH_035,raw_pooled,2147,0.11742961209614329,0.14428980961479884,0.4123951537744641,0.04232069797633231
RWTH,RWTH/RWTH_036,raw_pooled,2144,0.14318227861652644,0.18000229647293386,0.37610825944937004,0.010903522156524681
RWTH,RWTH/RWTH_037,raw_pooled,2162,0.1577700125980489,0.1967603370907887,0.3933364183248496,0.014797225611059228
RWTH,RWTH/RWTH_038,raw_pooled,1959,0.11262223723184446,0.14020955252279313,0.424923391215526,0.027410984251941883
RWTH,RWTH/RWTH_039,raw_pooled,1943,0.1168407742238855,0.14428845543652669,0.4083419155509784,0.020518569503766293
RWTH,RWTH/RWTH_040,raw_pooled,1939,0.1234511862166883,0.1518316263431972,0.43962848297213625,0.030514249588491693
RWTH,RWTH/RWTH_041,raw_pooled,1939,0.13257042403638167,0.1677822575324102,0.3797729618163055,0.028527812251530005
RWTH,RWTH/RWTH_042,raw_pooled,1891,0.12283052340809772,0.15186122379731096,0.4211640211640212,0.014317411182027007
RWTH,RWTH/RWTH_043,raw_pooled,1890,0.11126068315443602,0.13883491685139207,0.3689782953943886,0.011189752091023353
RWTH,RWTH/RWTH_044,raw_pooled,1889,0.1240045740836486,0.15659810368070734,0.3644067796610169,0.015822794043700683
RWTH,RWTH/RWTH_045,raw_pooled,1890,0.11930772086903521,0.14661628105597135,0.3636844891476972,0.015972290498378783
RWTH,RWTH/RWTH_046,raw_pooled,2131,0.1528658694056957,0.19223943802096632,0.4309859154929577,0.021999739575484956
RWTH,RWTH/RWTH_047,raw_pooled,2146,0.15462344810791995,0.1940719654502173,0.3184149184149184,0.025334361096920888
RWTH,RWTH/RWTH_048,raw_pooled,2131,0.14807633692612707,0.1834743341441666,0.4187793427230047,0.021960946720369412
RWTH,RWTH/RWTH_049,raw_pooled,2130,0.146593379552156,0.1862799770683066,0.39689995302959136,0.023594072995671622
SDU,SDU/SDU_Battery_1,raw_pooled,956,0.09995437239520241,0.10460891716838361,0.2753926701570681,0.05576586710750853
SDU,SDU/SDU_Battery_10,raw_pooled,431,0.07678907586703525,0.084462324384388,0.30465116279069765,0.01759391550905065
SDU,SDU/SDU_Battery_11,raw_pooled,550,0.09383681258503987,0.09926387302078173,0.2987249544626594,0.03884472159679031
SDU,SDU/SDU_Battery_12,raw_pooled,481,0.08711544739681527,0.09291327481785326,0.3145833333333333,0.0230750191622483
SDU,SDU/SDU_Battery_13,raw_pooled,516,0.08620734518333553,0.09138650856778742,0.32815533980582523,0.01759390235459468
SDU,SDU/SDU_Battery_14,raw_pooled,506,0.08370692969822344,0.08856451946150856,0.30495049504950494,0.01736492281629376
SDU,SDU/SDU_Battery_15,raw_pooled,581,0.09377715242854993,0.09984541102155577,0.35,0.016602192277206274
SDU,SDU/SDU_Battery_16,raw_pooled,581,0.08678476626233589,0.09188391402751037,0.3086206896551724,0.018461398751878688
SDU,SDU/SDU_Battery_17,raw_pooled,405,0.09206056908200388,0.0979181060141128,0.297029702970297,0.042736054459316386
SDU,SDU/SDU_Battery_18,raw_pooled,436,0.09464062840446992,0.10016036779046458,0.28735632183908044,0.018160353452874478
SDU,SDU/SDU_Battery_19,raw_pooled,411,0.08456312262059401,0.09094536489050678,0.3048780487804878,0.027285104341951638
SDU,SDU/SDU_Battery_2,raw_pooled,890,0.10386701942228872,0.10902355478535386,0.2879640044994376,0.04119664565721903
SDU,SDU/SDU_Battery_20,raw_pooled,411,0.08784164483073728,0.09326781002161481,0.3024390243902439,0.01880665817916416
SDU,SDU/SDU_Battery_21,raw_pooled,481,0.07737989046845348,0.0825318453542684,0.2916666666666667,0.026917043041005284
SDU,SDU/SDU_Battery_22,raw_pooled,486,0.0957362065634657,0.10088142936648083,0.30103092783505153,0.028117654604236986
SDU,SDU/SDU_Battery_23,raw_pooled,481,0.14783226332955426,0.1618874353831646,0.32916666666666666,0.06586380788274337
SDU,SDU/SDU_Battery_24,raw_pooled,436,0.1315544302703773,0.14556665283105827,0.31264367816091954,0.06845264407730367
SDU,SDU/SDU_Battery_25,raw_pooled,436,0.12863935369362545,0.14226504158931494,0.30114942528735633,0.06242084862432784
SDU,SDU/SDU_Battery_26,raw_pooled,541,0.16430576646981632,0.17890941250114298,0.3055555555555556,0.04588393894603682
SDU,SDU/SDU_Battery_27,raw_pooled,486,0.14670680487272877,0.16155133146462367,0.2948453608247423,0.06324464693288057
SDU,SDU/SDU_Battery_28,raw_pooled,456,0.1371138791014174,0.1529836778707433,0.3120879120879121,0.06923181086985519
SDU,SDU/SDU_Battery_29,raw_pooled,486,0.13759259606785482,0.1522476399038352,0.311340206185567,0.06668784419009777
SDU,SDU/SDU_Battery_3,raw_pooled,851,0.08079332393530818,0.08332514325419645,0.28823529411764703,0.05930442964075866
SDU,SDU/SDU_Battery_30,raw_pooled,441,0.13026856995070427,0.14374480919833005,0.32954545454545453,0.06515464719798758
SDU,SDU/SDU_Battery_31,raw_pooled,176,0.04803352395560514,0.052477582682648474,0.3028571428571429,0.051633088435341645
SDU,SDU/SDU_Battery_32,raw_pooled,121,0.055614144165198935,0.05957620618436989,0.35,0.05068611749846208
SDU,SDU/SDU_Battery_33,raw_pooled,191,0.04839095564004863,0.05293545484374396,0.32105263157894737,0.043468893127961206
SDU,SDU/SDU_Battery_34,raw_pooled,161,0.05529513303582065,0.05892095073359451,0.30625,0.03621107271483348
SDU,SDU/SDU_Battery_35,raw_pooled,151,0.0542853454403915,0.058122668693349214,0.3,0.03137468579881131
SDU,SDU/SDU_Battery_36,raw_pooled,136,0.0540650577990318,0.05773883444752585,0.2814814814814815,0.030018037574802148
SDU,SDU/SDU_Battery_37,raw_pooled,146,0.053460952096810746,0.057577249215046714,0.32413793103448274,0.03864314029820226
SDU,SDU/SDU_Battery_38,raw_pooled,106,0.05399324015024275,0.058798028380391394,0.3142857142857143,0.01793996575466239
SDU,SDU/SDU_Battery_39,raw_pooled,71,0.05213834792090778,0.06462786099151303,0.32857142857142857,0.017803337618139126
SDU,SDU/SDU_Battery_4,raw_pooled,881,0.09699521086664219,0.10163643598345518,0.2806818181818182,0.05762950046178583
SDU,SDU/SDU_Battery_40,raw_pooled,66,0.05383386811270288,0.0667264839558248,0.27692307692307694,0.01415535986750116
SDU,SDU/SDU_Battery_41,raw_pooled,86,0.05015294148418652,0.06478754999006442,0.2823529411764706,0.013440226829368518
SDU,SDU/SDU_Battery_42,raw_pooled,71,0.05146823371052088,0.06459056018559424,0.32857142857142857,0.011504586284901142
SDU,SDU/SDU_Battery_43,raw_pooled,71,0.05435432130548804,0.06691997081194537,0.3,0.009085894281733231
SDU,SDU/SDU_Battery_44,raw_pooled,61,0.04889049237365158,0.05993400881488613,0.31666666666666665,0.013007779303657485
SDU,SDU/SDU_Battery_45,raw_pooled,1116,0.09709552942910542,0.10357327961194332,0.2968609865470852,0.15913301607998454
SDU,SDU/SDU_Battery_46,raw_pooled,1071,0.09505855294515247,0.10054383383714759,0.29813084112149535,0.0851915698879473
SDU,SDU/SDU_Battery_47,raw_pooled,1121,0.09847793157849827,0.10430444713346691,0.3169642857142857,0.07909471254730471
SDU,SDU/SDU_Battery_48,raw_pooled,1054,0.0919403433371267,0.09697297700422794,0.30484330484330485,0.08235166539208172
SDU,SDU/SDU_Battery_49,raw_pooled,1346,0.09626340586414858,0.10473217796394947,0.3412639405204461,0.07502384707503862
SDU,SDU/SDU_Battery_5,raw_pooled,1051,0.09043731355782694,0.0955458088808228,0.2923809523809524,0.062113534805067316
SDU,SDU/SDU_Battery_50,raw_pooled,1409,0.09590114645794769,0.10358657567772095,0.3309659090909091,0.07931021423429896
SDU,SDU/SDU_Battery_51,raw_pooled,1421,0.09284357883558227,0.10092992530765738,0.36408450704225354,0.07736617808004465
SDU,SDU/SDU_Battery_52,raw_pooled,1246,0.09150537941291864,0.09823903767586385,0.3421686746987952,0.07778970938658214
SDU,SDU/SDU_Battery_53,raw_pooled,121,0.055802771895021586,0.06211293799986576,0.3416666666666667,0.015286692297083793
SDU,SDU/SDU_Battery_54,raw_pooled,191,0.048713802040802216,0.05520117886213339,0.3368421052631579,0.020477808148035237
SDU,SDU/SDU_Battery_55,raw_pooled,126,0.05543730722774711,0.060999116441800415,0.352,0.025260923722631445
SDU,SDU/SDU_Battery_56,raw_pooled,141,0.05303839313333642,0.05823696090775197,0.35,0.026594662918434486
SDU,SDU/SDU_Battery_57,raw_pooled,86,0.053801802905980994,0.05848535436068265,0.3411764705882353,0.019298969322587012
SDU,SDU/SDU_Battery_58,raw_pooled,71,0.05313418022363993,0.05682384792557574,0.35714285714285715,0.030292525697103168
SDU,SDU/SDU_Battery_59,raw_pooled,86,0.050019600143517785,0.05467517057605474,0.36470588235294116,0.01874620827793494
SDU,SDU/SDU_Battery_6,raw_pooled,1111,0.10162530043728771,0.10700538563230558,0.30180180180180183,0.055494667054269975
SDU,SDU/SDU_Battery_60,raw_pooled,81,0.051200447566404225,0.056227229277509914,0.35,0.020028457473792893
SDU,SDU/SDU_Battery_61,raw_pooled,391,0.13255133589619938,0.14769476853403582,0.33076923076923076,0.04750585949504804
SDU,SDU/SDU_Battery_62,raw_pooled,431,0.1393984464799155,0.15276835595411248,0.3,0.03982904644212526
SDU,SDU/SDU_Battery_63,raw_pooled,361,0.10173795854899026,0.11919262901324088,0.28888888888888886,0.058604705277860325
SDU,SDU/SDU_Battery_64,raw_pooled,411,0.1278511061916347,0.1468506811439178,0.2804878048780488,0.034483381686904235
SDU,SDU/SDU_Battery_65,raw_pooled,230,0.060014425744337914,0.061268316695462385,0.31877729257641924,0.06028211476888701
SDU,SDU/SDU_Battery_66,raw_pooled,271,0.06934743777929363,0.0741518105225623,0.3074074074074074,0.056842045668079044
SDU,SDU/SDU_Battery_67,raw_pooled,181,0.019546349823064496,0.024576946931213227,0.28888888888888886,0.07044758496176651
SDU,SDU/SDU_Battery_68,raw_pooled,191,0.019406376238355085,0.02439659205372855,0.3,0.06338189953245987
SDU,SDU/SDU_Battery_69,raw_pooled,71,0.05132914501150771,0.061262912105798414,0.3,0.024764633190452634
SDU,SDU/SDU_Battery_7,raw_pooled,1041,0.10550289265028567,0.11072945653272863,0.2980769230769231,0.0512748109723421
SDU,SDU/SDU_Battery_70,raw_pooled,106,0.04599999209652513,0.05944785236787604,0.26666666666666666,0.034092156264358686
SDU,SDU/SDU_Battery_71,raw_pooled,81,0.056369410826937257,0.06874988149450424,0.3,0.029747514491330507
SDU,SDU/SDU_Battery_72,raw_pooled,81,0.05712949584658591,0.06823555076764015,0.2875,0.031230458191739197
SDU,SDU/SDU_Battery_73,raw_pooled,1175,0.1293652489326665,0.13434737037297362,0.303236797274276,0.009612251764804292
SDU,SDU/SDU_Battery_74,raw_pooled,1315,0.13392195325111184,0.13861480344436264,0.3051750380517504,0.01445218535350834
SDU,SDU/SDU_Battery_75,raw_pooled,950,0.12322727246019016,0.12917553681075028,0.3087460484720759,0.013421305796318839
SDU,SDU/SDU_Battery_76,raw_pooled,1120,0.11598391753456508,0.12161001402426626,0.2940125111706881,0.01045089070034444
SDU,SDU/SDU_Battery_77,raw_pooled,1066,0.11361105202823449,0.11886390158445274,0.3032863849765258,0.016390816362097826
SDU,SDU/SDU_Battery_78,raw_pooled,1021,0.11012567268465867,0.11507551048238718,0.2901960784313726,0.018679702062835757
SDU,SDU/SDU_Battery_79,raw_pooled,1076,0.11802120506814634,0.12322895186446725,0.29209302325581393,0.0363863163721182
SDU,SDU/SDU_Battery_8,raw_pooled,706,0.08184781192438356,0.0857689736238422,0.3021276595744681,0.033281381559363554
SDU,SDU/SDU_Battery_80,raw_pooled,1060,0.11418276693588467,0.11944422186254826,0.2757318224740321,0.0167850952187808
SDU,SDU/SDU_Battery_81,raw_pooled,1186,0.12093397998441849,0.1260520821384529,0.2708860759493671,0.013349319657702585
SDU,SDU/SDU_Battery_82,raw_pooled,1140,0.1173703541249637,0.12262950055287433,0.28270412642669007,0.010219287157178347
SDU,SDU/SDU_Battery_83,raw_pooled,1195,0.11167982668607374,0.11691492759871748,0.26800670016750416,0.06221403591124386
SDU,SDU/SDU_Battery_84,raw_pooled,1131,0.10647016896782968,0.11197490584872308,0.28053097345132744,0.07297288791574308
SDU,SDU/SDU_Battery_85,raw_pooled,1201,0.12032848447748987,0.12487109480992373,0.2866666666666667,0.05373070117244305
SDU,SDU/SDU_Battery_86,raw_pooled,1036,0.11193091027756732,0.11651228449068096,0.3072463768115942,0.06889489015397465
SDU,SDU/SDU_Battery_9,raw_pooled,411,0.0707576428605473,0.0775816318958392,0.29024390243902437,0.017815892490010254
SNL,SNL/SNL_18650_LFP_15C_0-100_0.5-2C_b,raw_pooled,3749,0.07004260384420619,0.07315937149900079,0.13073639274279616,0.014213956390790261
SNL,SNL/SNL_18650_LFP_25C_0-100_0.5-0.5C_a,raw_pooled,3045,0.06008096394954544,0.0614316797347406,0.20203679369250985,0.010941157449341099
SNL,SNL/SNL_18650_LFP_25C_0-100_0.5-1C_a,raw_pooled,3540,0.07604695793140095,0.07770681433083464,0.1556936987849675,0.014322586671202231
SNL,SNL/SNL_18650_LFP_25C_0-100_0.5-1C_b,raw_pooled,3541,0.07495048155160206,0.07726177621613042,0.2556497175141243,0.027976149615724033
SNL,SNL/SNL_18650_LFP_25C_0-100_0.5-1C_c,raw_pooled,3033,0.07957249959812394,0.080845249333719,0.14610817941952506,0.013756293722945734
SNL,SNL/SNL_18650_LFP_25C_0-100_0.5-1C_d,raw_pooled,3033,0.07983034487291689,0.0810868908321201,0.266820580474934,0.013103420211045824
SNL,SNL/SNL_18650_LFP_25C_0-100_0.5-2C_a,raw_pooled,3539,0.06790904984807004,0.06912881621665927,0.19078575466365177,0.014322586671202231
SNL,SNL/SNL_18650_LFP_25C_0-100_0.5-2C_b,raw_pooled,4045,0.07587428416163244,0.07758417468730996,0.1476261127596439,0.022510124420400013
SNL,SNL/SNL_18650_LFP_25C_0-100_0.5-3C_a,raw_pooled,4564,0.04938592667238059,0.05542234984022546,0.04930966469428008,0.008595438178007897
SNL,SNL/SNL_18650_LFP_25C_0-100_0.5-3C_b,raw_pooled,4057,0.046424284541499786,0.05190156833677725,0.19625246548323472,0.008982265031258208
SNL,SNL/SNL_18650_LFP_25C_0-100_0.5-3C_c,raw_pooled,3550,0.04770123369225177,0.056135796691528045,0.2296421527190758,0.0113063127009434
SNL,SNL/SNL_18650_LFP_25C_0-100_0.5-3C_d,raw_pooled,4057,0.045987312392948294,0.05176156905198612,0.04881656804733728,0.008595438178007897
SNL,SNL/SNL_18650_LFP_35C_0-100_0.5-1C_a,raw_pooled,3151,0.027457958623253058,0.03207229253041706,0.22984126984126985,0.011221899398245916
SNL,SNL/SNL_18650_LFP_35C_0-100_0.5-1C_b,raw_pooled,3337,0.026410618279878968,0.03128835492488785,0.22122302158273383,0.012924525957858868
SNL,SNL/SNL_18650_LFP_35C_0-100_0.5-1C_c,raw_pooled,3337,0.023059141088785304,0.026788688502878657,0.21672661870503598,0.014948340953210182
SNL,SNL/SNL_18650_LFP_35C_0-100_0.5-1C_d,raw_pooled,3793,0.03139847276747404,0.0361465772870962,0.21149789029535865,0.011070547715507861
SNL,SNL/SNL_18650_LFP_35C_0-100_0.5-2C_a,raw_pooled,3851,0.03201116116779279,0.03545297071786129,0.20077922077922078,0.012972047643699192
SNL,SNL/SNL_18650_LFP_35C_0-100_0.5-2C_b,raw_pooled,3593,0.03170781082217807,0.03553368082549136,0.23775055679287305,0.03513376483167141
SNL,SNL/SNL_18650_NCA_15C_0-100_0.5-1C_a,raw_pooled,517,0.0681872218686705,0.07413326328137936,0.3372093023255814,0.03367183660089368
SNL,SNL/SNL_18650_NCA_15C_0-100_0.5-1C_b,raw_pooled,913,0.036579231342914645,0.03869570889629796,0.3366228070175439,0.04162990761542218
SNL,SNL/SNL_18650_NCA_15C_0-100_0.5-2C_a,raw_pooled,911,0.09859543579685894,0.12229900677559162,0.3384615384615385,0.19172719143726275
SNL,SNL/SNL_18650_NCA_15C_0-100_0.5-2C_b,raw_pooled,779,0.08586691019600409,0.09507186792981327,0.37532133676092544,0.0711195807653402
SNL,SNL/SNL_18650_NCA_25C_0-100_0.5-0.5C_a,raw_pooled,508,0.07888593297971139,0.09007668495479101,0.398422090729783,0.006945549534366102
SNL,SNL/SNL_18650_NCA_25C_0-100_0.5-0.5C_b,raw_pooled,910,0.18982916437434663,0.21641653108233608,0.2816281628162816,0.05000718221368361
SNL,SNL/SNL_18650_NCA_25C_0-100_0.5-1C_a,raw_pooled,649,0.05269624420986804,0.06323433994952701,0.3117283950617284,0.03462108402210595
SNL,SNL/SNL_18650_NCA_25C_0-100_0.5-1C_b,raw_pooled,517,0.07880342102394618,0.08576472562971087,0.3817829457364341,0.04882624687451376
SNL,SNL/SNL_18650_NCA_25C_0-100_0.5-1C_c,raw_pooled,517,0.0716786628149706,0.08383088220146556,0.3023255813953488,0.03375304630721099
SNL,SNL/SNL_18650_NCA_25C_0-100_0.5-1C_d,raw_pooled,649,0.07114472913460462,0.08002491610706049,0.3950617283950617,0.03448543025597117
SNL,SNL/SNL_18650_NCA_25C_0-100_0.5-2C_a,raw_pooled,781,0.08753125106458058,0.09887261055736045,0.39487179487179486,0.09651356684453483
SNL,SNL/SNL_18650_NCA_25C_0-100_0.5-2C_b,raw_pooled,781,0.06559135525038841,0.0807290455085788,0.3192307692307692,0.07691682262748467
SNL,SNL/SNL_18650_NCA_25C_20-80_0.5-0.5C_a,raw_pooled,1117,0.08937731706362033,0.10766948399563807,0.31810035842293904,0.010578116590593045
SNL,SNL/SNL_18650_NCA_25C_20-80_0.5-0.5C_b,raw_pooled,1244,0.060847139920326386,0.07725424008999504,0.3250201126307321,0.010715699223587505
SNL,SNL/SNL_18650_NCA_25C_20-80_0.5-0.5C_c,raw_pooled,1245,0.08003264575618994,0.09983294083862007,0.31109324758842444,0.012111475636620739
SNL,SNL/SNL_18650_NCA_25C_20-80_0.5-0.5C_d,raw_pooled,1503,0.09801803786832743,0.12574761404727708,0.30892143808255657,0.01807576434401259
SNL,SNL/SNL_18650_NCA_35C_0-100_0.5-1C_a,raw_pooled,510,0.04715884996751848,0.062264874044728205,0.36738703339882123,0.029599938343675913
SNL,SNL/SNL_18650_NCA_35C_0-100_0.5-1C_b,raw_pooled,459,0.05303075326862824,0.07560287559099259,0.3537117903930131,0.014838210459789614
SNL,SNL/SNL_18650_NCA_35C_0-100_0.5-1C_c,raw_pooled,510,0.041804257036574505,0.051407507995157746,0.37721021611001965,0.02408058434788085
SNL,SNL/SNL_18650_NCA_35C_0-100_0.5-1C_d,raw_pooled,649,0.060607763591752004,0.07391729722470539,0.36882716049382713,0.03980718181819465
SNL,SNL/SNL_18650_NCA_35C_0-100_0.5-2C_a,raw_pooled,649,0.10034459937245276,0.11963235292815191,0.4058641975308642,0.1723000031476014
SNL,SNL/SNL_18650_NCA_35C_0-100_0.5-2C_b,raw_pooled,781,0.10031557917722847,0.11697409073336171,0.4166666666666667,0.14534221112567436
SNL,SNL/SNL_18650_NMC_15C_0-100_0.5-1C_a,raw_pooled,508,0.15199048398513962,0.15896636376674542,0.2583826429980276,0.015980568794514816
SNL,SNL/SNL_18650_NMC_15C_0-100_0.5-1C_b,raw_pooled,508,0.10701415870065376,0.11632208494268038,0.27613412228796846,0.02143987055137453
SNL,SNL/SNL_18650_NMC_15C_0-100_0.5-2C_a,raw_pooled,384,0.1502138630605985,0.1588293083889561,0.25326370757180156,0.011369777787618607
SNL,SNL/SNL_18650_NMC_15C_0-100_0.5-2C_b,raw_pooled,384,0.137699737199334,0.14663716397077678,0.27676240208877284,0.01686050451138177
SNL,SNL/SNL_18650_NMC_25C_0-100_0.5-0.5C_b,raw_pooled,674,0.08069384809495143,0.08940691444561574,0.35958395245170877,0.04123296802823517
SNL,SNL/SNL_18650_NMC_25C_0-100_0.5-1C_a,raw_pooled,516,0.034939766566037894,0.045112219344724085,0.2796116504854369,0.01835784096350579
SNL,SNL/SNL_18650_NMC_25C_0-100_0.5-1C_b,raw_pooled,780,0.028771723395267353,0.03524040868865866,0.34017971758664955,0.018432964776312177
SNL,SNL/SNL_18650_NMC_25C_0-100_0.5-1C_c,raw_pooled,392,0.05956541639141697,0.06663426727632145,0.3350383631713555,0.02105505146663822
SNL,SNL/SNL_18650_NMC_25C_0-100_0.5-1C_d,raw_pooled,524,0.043199690270171884,0.05828269951894294,0.3193116634799235,0.04398224147516672
SNL,SNL/SNL_18650_NMC_25C_0-100_0.5-2C_a,raw_pooled,656,0.06955659749816248,0.07618276630850264,0.28091603053435116,0.04160593776012478
SNL,SNL/SNL_18650_NMC_25C_0-100_0.5-2C_b,raw_pooled,1316,0.05136673790451229,0.05470131399619044,0.19847908745247148,0.037861645358457374
SNL,SNL/SNL_18650_NMC_25C_0-100_0.5-3C_a,raw_pooled,725,0.03323887041743617,0.03866159113218081,0.31077348066298344,0.04156032790298492
SNL,SNL/SNL_18650_NMC_25C_0-100_0.5-3C_b,raw_pooled,547,0.01623344341911481,0.02012520757541711,0.326007326007326,0.027822781128374885
SNL,SNL/SNL_18650_NMC_25C_0-100_0.5-3C_c,raw_pooled,693,0.012451099869531183,0.014389739420090057,0.2615606936416185,0.03167044054914847
SNL,SNL/SNL_18650_NMC_25C_0-100_0.5-3C_d,raw_pooled,900,0.01930092320522105,0.0239929478049903,0.2324805339265851,0.04079186686777425
SNL,SNL/SNL_18650_NMC_35C_0-100_0.5-1C_a,raw_pooled,781,0.020415360923566432,0.022320722021579576,0.3038461538461538,0.04571182043985211
SNL,SNL/SNL_18650_NMC_35C_0-100_0.5-1C_b,raw_pooled,781,0.016271548022626887,0.01863422423608854,0.31794871794871793,0.038025950304442335
SNL,SNL/SNL_18650_NMC_35C_0-100_0.5-1C_c,raw_pooled,780,0.02168112364651699,0.024553146532696534,0.2862644415917843,0.05984591842680076
SNL,SNL/SNL_18650_NMC_35C_0-100_0.5-1C_d,raw_pooled,781,0.022102954898879743,0.02531232121557792,0.2987179487179487,0.0305265155245511
SNL,SNL/SNL_18650_NMC_35C_0-100_0.5-2C_a,raw_pooled,781,0.023332860548099004,0.030166279114014594,0.3525641025641026,0.037286113752394434
SNL,SNL/SNL_18650_NMC_35C_0-100_0.5-2C_b,raw_pooled,767,0.019473162190251993,0.021898641626640784,0.29112271540469975,0.04245172734299274
UL_PUR,UL_PUR/UL-PUR_N10-EX9_18650_NCA_23C_0-100_0.5-0.5C_i,raw_pooled,189,0.05085721959474845,0.05368776231417308,0.2925531914893617,0.009146085592090736
UL_PUR,UL_PUR/UL-PUR_N10-NA7_18650_NCA_23C_0-100_0.5-0.5C_g,raw_pooled,159,0.01232494929395587,0.01415814833070438,0.3860759493670886,0.004448125641793976
UL_PUR,UL_PUR/UL-PUR_N10-OV8_18650_NCA_23C_0-100_0.5-0.5C_h,raw_pooled,186,0.0560729354195943,0.060548323277095153,0.34594594594594597,0.008500398394632347
UL_PUR,UL_PUR/UL-PUR_N15-EX4_18650_NCA_23C_0-100_0.5-0.5C_d,raw_pooled,219,0.04212299208007379,0.04862907698925748,0.2981651376146789,0.011680706895417559
UL_PUR,UL_PUR/UL-PUR_N15-NA10_18650_NCA_23C_0-100_0.5-0.5C_j,raw_pooled,254,0.021848662443574477,0.02356724928779214,0.3438735177865613,0.0203275337979556
UL_PUR,UL_PUR/UL-PUR_N15-OV3_18650_NCA_23C_0-100_0.5-0.5C_c,raw_pooled,186,0.03510120083184063,0.04050469843534212,0.3675675675675676,0.007611663658013801
UL_PUR,UL_PUR/UL-PUR_N20-EX2_18650_NCA_23C_0-100_0.5-0.5C_b,raw_pooled,304,0.016650344950522894,0.029639884823660523,0.36633663366336633,0.014065504913353677
UL_PUR,UL_PUR/UL-PUR_N20-NA5_18650_NCA_23C_0-100_0.5-0.5C_e,raw_pooled,207,0.046951237284713676,0.0648607896468673,0.34951456310679613,0.014448705003129114
UL_PUR,UL_PUR/UL-PUR_N20-NA6_18650_NCA_23C_0-100_0.5-0.5C_f,raw_pooled,206,0.04912184196164593,0.07147887112455956,0.34146341463414637,0.005552685386458811
UL_PUR,UL_PUR/UL-PUR_N20-OV1_18650_NCA_23C_0-100_0.5-0.5C_a,raw_pooled,285,0.01833272702532032,0.032527472257481024,0.3767605633802817,0.018708522498746327
XJTU,XJTU/XJTU_2C_battery-1,raw_pooled,384,0.18103064317839612,0.18411052011702042,0.23759791122715404,0.008288870310852903
XJTU,XJTU/XJTU_2C_battery-2,raw_pooled,401,0.1804607261974792,0.18354464416215666,0.2775,0.013525625747910497
XJTU,XJTU/XJTU_2C_battery-3,raw_pooled,387,0.17555929143752028,0.17835646579291226,0.2538860103626943,0.009543992488299846
XJTU,XJTU/XJTU_2C_battery-4,raw_pooled,390,0.18165758207690955,0.18505962297610448,0.26735218508997427,0.011294197211496382
XJTU,XJTU/XJTU_2C_battery-5,raw_pooled,397,0.16226262121609364,0.1658970030527329,0.29292929292929293,0.007363945241337766
XJTU,XJTU/XJTU_2C_battery-6,raw_pooled,402,0.1732873719475203,0.17765740885178213,0.28428927680798005,0.010746938524582195
XJTU,XJTU/XJTU_2C_battery-7,raw_pooled,396,0.14312702789558407,0.1469236425598873,0.2379746835443038,0.008630448276119473
XJTU,XJTU/XJTU_2C_battery-8,raw_pooled,414,0.17261504347110587,0.17667056224890404,0.26634382566585957,0.009179049969466724
XJTU,XJTU/XJTU_3C_battery-1,raw_pooled,293,0.16123380021791942,0.16830970894169955,0.25,0.011990667675466415
XJTU,XJTU/XJTU_3C_battery-10,raw_pooled,158,0.1452709608456718,0.14861306587202394,0.3057324840764331,0.013441568690725547
XJTU,XJTU/XJTU_3C_battery-11,raw_pooled,125,0.13351848823545603,0.13677027576925008,0.31451612903225806,0.01172994588783427
XJTU,XJTU/XJTU_3C_battery-12,raw_pooled,206,0.17008290037445734,0.17468093141942181,0.2975609756097561,0.01232472662967421
XJTU,XJTU/XJTU_3C_battery-13,raw_pooled,220,0.17100980297466323,0.17609559625239019,0.3287671232876712,0.011846969398453422
XJTU,XJTU/XJTU_3C_battery-14,raw_pooled,141,0.1430407695364237,0.14627017272953685,0.30714285714285716,0.010641744691871513
XJTU,XJTU/XJTU_3C_battery-15,raw_pooled,162,0.14697883602230596,0.15012516113507854,0.2857142857142857,0.015762618415956275
XJTU,XJTU/XJTU_3C_battery-2,raw_pooled,286,0.1605743118249677,0.16803818063604603,0.2771929824561403,0.011242732832873803
XJTU,XJTU/XJTU_3C_battery-3,raw_pooled,280,0.162365143097758,0.17018181487404493,0.2724014336917563,0.015802399262661693
XJTU,XJTU/XJTU_3C_battery-4,raw_pooled,316,0.15217884362343817,0.1585026948652864,0.22857142857142856,0.01208797904973924
XJTU,XJTU/XJTU_3C_battery-5,raw_pooled,291,0.15595801573642112,0.1629847517501812,0.24482758620689654,0.01049974343218707
XJTU,XJTU/XJTU_3C_battery-6,raw_pooled,316,0.16383589134503013,0.17111816473787314,0.28888888888888886,0.011648805685335883
XJTU,XJTU/XJTU_3C_battery-7,raw_pooled,313,0.16474417588259957,0.17302647402404794,0.2724358974358974,0.014740161783485917
XJTU,XJTU/XJTU_3C_battery-8,raw_pooled,264,0.16987115132814568,0.17602851420835214,0.2889733840304182,0.01491423820370763
XJTU,XJTU/XJTU_3C_battery-9,raw_pooled,281,0.16992537561884521,0.1756487263541294,0.24642857142857144,0.013607696822997672
CALB,CALB/CALB_0_B182,change_domain_equal,94,0.008320122200158063,0.011645956637679773,0.25806451612903225,0.010780042323101813
CALB,CALB/CALB_0_B183,change_domain_equal,94,0.007264532421448635,0.008741230669817173,0.27956989247311825,0.0036049014847747696
CALB,CALB/CALB_0_B184,change_domain_equal,94,0.00651851298342744,0.007056542101155473,0.3225806451612903,0.00357902991128467
CALB,CALB/CALB_0_B185,change_domain_equal,94,0.0038200244827707335,0.004593153663546972,0.25806451612903225,0.0024535227459701048
CALB,CALB/CALB_0_B187,change_domain_equal,94,0.003834874523434393,0.004512520146412472,0.27956989247311825,0.00687461909499798
CALB,CALB/CALB_0_B188,change_domain_equal,202,0.009458777028462841,0.018471157251159116,0.22885572139303484,0.011342413030143383
CALB,CALB/CALB_0_B189,change_domain_equal,94,0.0019727654042836352,0.003256306635598227,0.27956989247311825,0.0036028975606163804
CALB,CALB/CALB_0_B190,change_domain_equal,94,0.006968035263566436,0.008596483297018334,0.3333333333333333,0.00434901755883399
CALB,CALB/CALB_25_T25-1,change_domain_equal,93,0.014463127809620517,0.014960848676752367,0.17391304347826086,0.008665425408758254
CALB,CALB/CALB_25_T25-2,change_domain_equal,93,0.012710677491739274,0.013206987899406513,0.16304347826086957,0.0004973063076995077
CALB,CALB/CALB_35_B173,change_domain_equal,93,0.00927688911764991,0.010059959225956988,0.2826086956521739,0.000772640828109239
CALB,CALB/CALB_35_B174,change_domain_equal,93,0.008996371493288455,0.009626042745071011,0.30434782608695654,0.0008264971666100962
CALB,CALB/CALB_35_B175,change_domain_equal,93,0.008057099722908028,0.008474901363619804,0.358695652173913,0.0015525723232705513
CALB,CALB/CALB_35_B222,change_domain_equal,93,0.008310859610602007,0.008912385059596609,0.2826086956521739,0.0012180613646393113
CALB,CALB/CALB_35_B223,change_domain_equal,93,0.007442057573189118,0.008123991164392587,0.33695652173913043,0.0077671797028811
CALB,CALB/CALB_35_B224,change_domain_equal,93,0.007806907387240058,0.00868866998122622,0.31521739130434784,0.010860961786615442
CALB,CALB/CALB_35_B227,change_domain_equal,93,0.008758179409221146,0.009366514849238207,0.31521739130434784,0.0011866063954318884
CALB,CALB/CALB_35_B228,change_domain_equal,93,0.01024078338863404,0.011296424659021904,0.31521739130434784,0.0029470232022621445
CALB,CALB/CALB_35_B229,change_domain_equal,93,0.010042971511068982,0.010912477074536376,0.33695652173913043,0.0008550188660979563
CALB,CALB/CALB_35_B230,change_domain_equal,93,0.010297679406141838,0.011237420280177919,0.32608695652173914,0.0007842548225333035
CALB,CALB/CALB_35_B247,change_domain_equal,93,0.1295197912098876,0.12958433573230346,0.4891304347826087,0.010141541692988865
CALB,CALB/CALB_35_B248,change_domain_equal,93,0.008352847638362639,0.008918709413001727,0.358695652173913,0.0007610472854733263
CALB,CALB/CALB_35_B249,change_domain_equal,93,0.007705341337958362,0.008229934647774446,0.40217391304347827,0.002809537798230566
CALB,CALB/CALB_35_B250,change_domain_equal,93,0.007937229850556062,0.0088017130229734,0.29347826086956524,0.006278412042648451
CALB,CALB/CALB_45_B253,change_domain_equal,94,0.02191686590549215,0.022736857571639717,0.24731182795698925,0.0011809936929577658
CALB,CALB/CALB_45_B255,change_domain_equal,94,0.021850582371056623,0.02273434787345109,0.2903225806451613,0.0038788538988793198
CALB,CALB/CALB_45_B256,change_domain_equal,93,0.02426852254608041,0.02534244415976467,0.2826086956521739,0.004735399606146995
CALCE,CALCE/CALCE_CS2_33,change_domain_equal,655,0.032010372898979005,0.0737373580187725,0.4938837920489297,0.4180670358098435
CALCE,CALCE/CALCE_CS2_34,change_domain_equal,627,0.04218899636241808,0.05598808113260612,0.46006389776357826,0.43913590187910984
CALCE,CALCE/CALCE_CS2_35,change_domain_equal,775,0.047250641766283935,0.058624427446015336,0.458656330749354,0.38541315409135857
CALCE,CALCE/CALCE_CS2_36,change_domain_equal,827,0.06196807132552946,0.09167585228804473,0.4515738498789346,0.4507212863497194
CALCE,CALCE/CALCE_CS2_37,change_domain_equal,900,0.05849237901919895,0.08023631054563354,0.4771968854282536,0.44977231947027096
CALCE,CALCE/CALCE_CS2_38,change_domain_equal,898,0.060024826657984365,0.07313743591546293,0.45707915273132665,0.4972323763686021
CALCE,CALCE/CALCE_CX2_16,change_domain_equal,1274,0.03710139444537054,0.05968212247629657,0.48153967007069914,0.45214397959486696
CALCE,CALCE/CALCE_CX2_33,change_domain_equal,1266,0.04064505690976269,0.05618398682814229,0.43952569169960476,0.44575783238258326
CALCE,CALCE/CALCE_CX2_34,change_domain_equal,1358,0.06293723755987857,0.0692359013750581,0.4355195283714075,0.4321869296039561
CALCE,CALCE/CALCE_CX2_35,change_domain_equal,1449,0.03235510819231321,0.05011408861159137,0.468232044198895,0.454358301773171
CALCE,CALCE/CALCE_CX2_36,change_domain_equal,1563,0.0848766415682953,0.09336076748726602,0.48079385403329067,0.48127685096729017
CALCE,CALCE/CALCE_CX2_37,change_domain_equal,1067,0.048882649415650715,0.05667437728022691,0.4399624765478424,0.4644050347554163
CALCE,CALCE/CALCE_CX2_38,change_domain_equal,1574,0.06600506584487269,0.07457131860898289,0.4418308963763509,0.47979061857448146
HNEI,HNEI/HNEI_18650_NMC_LCO_25C_0-100_0.5-1.5C_a,change_domain_equal,1081,0.23327183504948806,0.2674114284807399,0.2222222222222222,0.6414019754356197
HNEI,HNEI/HNEI_18650_NMC_LCO_25C_0-100_0.5-1.5C_b,change_domain_equal,1074,0.02304529205498319,0.034930514633400335,0.20689655172413793,0.3453939069374805
HNEI,HNEI/HNEI_18650_NMC_LCO_25C_0-100_0.5-1.5C_c,change_domain_equal,1076,0.02300373976195154,0.043907802635806355,0.22697674418604652,0.6929409060875703
HNEI,HNEI/HNEI_18650_NMC_LCO_25C_0-100_0.5-1.5C_d,change_domain_equal,1076,0.020922539957688644,0.042093319937631345,0.21674418604651163,0.6682338472027949
HNEI,HNEI/HNEI_18650_NMC_LCO_25C_0-100_0.5-1.5C_e,change_domain_equal,1101,0.019868146887111072,0.03399679516002892,0.19454545454545455,0.6203167446322668
HNEI,HNEI/HNEI_18650_NMC_LCO_25C_0-100_0.5-1.5C_f,change_domain_equal,1069,0.03105369300245541,0.052101858826493715,0.19194756554307116,0.5735788923348868
HNEI,HNEI/HNEI_18650_NMC_LCO_25C_0-100_0.5-1.5C_g,change_domain_equal,1076,0.030401213963810902,0.04368530015324255,0.1841860465116279,0.6650065183329723
HNEI,HNEI/HNEI_18650_NMC_LCO_25C_0-100_0.5-1.5C_j,change_domain_equal,1070,0.018503877035260262,0.027535213439347207,0.19831618334892423,0.3165267381703776
HNEI,HNEI/HNEI_18650_NMC_LCO_25C_0-100_0.5-1.5C_l,change_domain_equal,1076,0.030205114409021776,0.04772506088829938,0.21209302325581394,0.6063058809895571
HNEI,HNEI/HNEI_18650_NMC_LCO_25C_0-100_0.5-1.5C_n,change_domain_equal,1076,0.02328337402241294,0.045437815726119365,0.16744186046511628,0.6067007066714003
HNEI,HNEI/HNEI_18650_NMC_LCO_25C_0-100_0.5-1.5C_o,change_domain_equal,1076,0.034298547103831165,0.05291351539467764,0.17488372093023255,0.6185043870723718
HNEI,HNEI/HNEI_18650_NMC_LCO_25C_0-100_0.5-1.5C_p,change_domain_equal,1074,0.032044762732302244,0.050962742575271516,0.18080149114631874,0.6300517838438722
HNEI,HNEI/HNEI_18650_NMC_LCO_25C_0-100_0.5-1.5C_s,change_domain_equal,1082,0.02575721244650856,0.041625050174695734,0.18131359851988899,0.5248276289500295
HNEI,HNEI/HNEI_18650_NMC_LCO_25C_0-100_0.5-1.5C_t,change_domain_equal,1078,0.029299718481888743,0.0417459993839399,0.20148560817084493,0.5497618789959101
HUST,HUST/HUST_1-1,change_domain_equal,1499,0.015344792633905526,0.024412001386481853,0.3484646194926569,0.005280793316076671
HUST,HUST/HUST_1-2,change_domain_equal,2673,0.03557960886306781,0.04723757799803801,0.35404191616766467,0.00485411740586672
HUST,HUST/HUST_1-3,change_domain_equal,1853,0.04014098894527923,0.05802874551863982,0.4011879049676026,0.007021333921414463
HUST,HUST/HUST_1-4,change_domain_equal,1495,0.04567673309150454,0.06531587148278972,0.3232931726907631,0.004181358054277107
HUST,HUST/HUST_1-5,change_domain_equal,1966,0.04724119576147597,0.06078817533647014,0.32111959287531805,0.011076287440876187
HUST,HUST/HUST_1-6,change_domain_equal,1138,0.04087121771366053,0.0469749665961217,0.3482849604221636,0.005127576173807991
HUST,HUST/HUST_1-7,change_domain_equal,1673,0.0175284100843581,0.03003354877177495,0.3492822966507177,0.005567813064062066
HUST,HUST/HUST_1-8,change_domain_equal,2280,0.022398667975135445,0.03637668475843759,0.37472575691092586,0.005625689551594482
HUST,HUST/HUST_10-1,change_domain_equal,1697,0.0232358645855716,0.03496033869825689,0.3803066037735849,0.006393397629490316
HUST,HUST/HUST_10-2,change_domain_equal,1692,0.0484555245240433,0.06557093721000404,0.41395623891188643,0.00731109459155499
HUST,HUST/HUST_10-3,change_domain_equal,1843,0.027980826214693198,0.040051479877013955,0.44842562432138977,0.007437330935880615
HUST,HUST/HUST_10-4,change_domain_equal,1806,0.03171368922245486,0.046048446930483135,0.464819944598338,0.01062580613456543
HUST,HUST/HUST_10-5,change_domain_equal,2025,0.037016251728560115,0.05404002799656848,0.4076086956521739,0.005973872423168047
HUST,HUST/HUST_10-6,change_domain_equal,2280,0.03277390696787275,0.047876297576236536,0.4023694602896007,0.00514679505719684
HUST,HUST/HUST_10-7,change_domain_equal,1778,0.04200900179436207,0.05909087745920492,0.41755768148565,0.00852150525005746
HUST,HUST/HUST_10-8,change_domain_equal,1395,0.021095667409853715,0.032961272050851316,0.38737446197991393,0.005397694810052811
HUST,HUST/HUST_2-2,change_domain_equal,2646,0.038081072289179244,0.050560632152061406,0.35387523629489603,0.005893212012751281
HUST,HUST/HUST_2-3,change_domain_equal,1746,0.03708325185037605,0.05368659690132254,0.39369627507163324,0.00826576671977608
HUST,HUST/HUST_2-4,change_domain_equal,1494,0.018694472248372913,0.030671153336959796,0.4132618888144675,0.005627641574871389
HUST,HUST/HUST_2-5,change_domain_equal,1381,0.04420104613776108,0.0580876726647388,0.39492753623188404,0.0063105884565008985
HUST,HUST/HUST_2-6,change_domain_equal,1567,0.03890629649223854,0.05721004711683784,0.37547892720306514,0.005242143734804139
HUST,HUST/HUST_2-7,change_domain_equal,2197,0.04166034310370577,0.05845086052360965,0.4266848816029144,0.010666510518042904
HUST,HUST/HUST_2-8,change_domain_equal,1476,0.013027242345863003,0.023043018818687717,0.41152542372881357,0.011231108120978828
HUST,HUST/HUST_3-1,change_domain_equal,1933,0.04105704802467053,0.057535924092896845,0.38095238095238093,0.005911847506270829
HUST,HUST/HUST_3-2,change_domain_equal,2278,0.04678080626634585,0.0651936663962724,0.4396135265700483,0.011668705847852734
HUST,HUST/HUST_3-3,change_domain_equal,1644,0.04459049668059053,0.062351348711256166,0.3414485696895922,0.004532390083772597
HUST,HUST/HUST_3-4,change_domain_equal,1761,0.030821604830623513,0.041166871545145235,0.40852272727272726,0.008078535336593973
HUST,HUST/HUST_3-5,change_domain_equal,2652,0.04479410257214595,0.057367561856265174,0.3757072802715956,0.004840355597948376
HUST,HUST/HUST_3-6,change_domain_equal,2486,0.041694358260248025,0.05943441968419097,0.3879275653923541,0.006015910225650956
HUST,HUST/HUST_3-7,change_domain_equal,2474,0.03246095434658326,0.04681594935470879,0.4067933683784877,0.0042343189663314185
HUST,HUST/HUST_3-8,change_domain_equal,2337,0.04834456834192936,0.06688065851104559,0.3711472602739726,0.007165294411102141
HUST,HUST/HUST_4-1,change_domain_equal,2212,0.03998969192051236,0.05092908708961865,0.48213478064224335,0.00703639841674375
HUST,HUST/HUST_4-2,change_domain_equal,1777,0.030039820202153227,0.042157010383721424,0.4329954954954955,0.0071180413850360225
HUST,HUST/HUST_4-3,change_domain_equal,1137,0.013646389346559314,0.02175355997611666,0.36619718309859156,0.007025660806544876
HUST,HUST/HUST_4-4,change_domain_equal,1486,0.015311018897205176,0.027113490841699624,0.3488215488215488,0.007493561495942047
HUST,HUST/HUST_4-5,change_domain_equal,1556,0.025050759079072497,0.03574456772133149,0.34340836012861736,0.005154052006795418
HUST,HUST/HUST_4-6,change_domain_equal,1375,0.02595618587592711,0.0356380447877824,0.3777292576419214,0.005397694810052922
HUST,HUST/HUST_4-7,change_domain_equal,2211,0.02752557471856474,0.04140229730257865,0.3932126696832579,0.007752078445655286
HUST,HUST/HUST_4-8,change_domain_equal,1701,0.036612760449079816,0.05393867017141341,0.4511764705882353,0.007768749421330656
HUST,HUST/HUST_5-1,change_domain_equal,2502,0.03722656254099297,0.04931323682674497,0.40423830467812877,0.006742920070613279
HUST,HUST/HUST_5-2,change_domain_equal,1921,0.0355515176140752,0.05290551687302628,0.4296875,0.00879313292937256
HUST,HUST/HUST_5-3,change_domain_equal,2684,0.03747801134101133,0.049927121919564846,0.4263883712262393,0.009984446842572381
HUST,HUST/HUST_5-4,change_domain_equal,1957,0.016888695557465184,0.026073951919694825,0.3997955010224949,0.004852800784661548
HUST,HUST/HUST_5-5,change_domain_equal,1578,0.04283086793034451,0.05516783800694959,0.4102726696258719,0.00662944033014945
HUST,HUST/HUST_5-6,change_domain_equal,2455,0.03413257824767737,0.047434251561592096,0.4531377343113284,0.007458349335976444
HUST,HUST/HUST_5-7,change_domain_equal,1443,0.01927106406192464,0.03136607598735534,0.4147018030513176,0.006873813989993205
HUST,HUST/HUST_6-1,change_domain_equal,1604,0.020915831497753515,0.029750683847562943,0.396756082345602,0.007015213500255024
HUST,HUST/HUST_6-2,change_domain_equal,1903,0.040954579133117945,0.05598247017123886,0.42113564668769715,0.009082591287233877
HUST,HUST/HUST_6-3,change_domain_equal,1799,0.04600801408194235,0.06339228820845644,0.43047830923248054,0.00658169698518396
HUST,HUST/HUST_6-4,change_domain_equal,1712,0.02447760059413112,0.035960806871815236,0.40561075394506135,0.006077363845718886
HUST,HUST/HUST_6-5,change_domain_equal,2173,0.024713796727651855,0.03846190668687465,0.43370165745856354,0.00640733481029121
HUST,HUST/HUST_6-6,change_domain_equal,2463,0.03402488595836124,0.046971641227123336,0.43744922826969945,0.009113717543443256
HUST,HUST/HUST_6-8,change_domain_equal,2445,0.053565870529727944,0.0652945786561273,0.43657937806873975,0.007114967950766493
HUST,HUST/HUST_7-1,change_domain_equal,1685,0.02822785236373901,0.0398692018323201,0.4328978622327791,0.006020476890372994
HUST,HUST/HUST_7-2,change_domain_equal,2025,0.04745738597593322,0.06278087237647444,0.475296442687747,0.010778525129409133
HUST,HUST/HUST_7-3,change_domain_equal,1290,0.013357797261935152,0.01929418470736856,0.4034134988363072,0.008305563481709188
HUST,HUST/HUST_7-4,change_domain_equal,1388,0.01567889714377847,0.022642425781200425,0.3705839942321557,0.0057295035582329845
HUST,HUST/HUST_7-5,change_domain_equal,1868,0.033453607756991244,0.04675215027879191,0.44563470808784145,0.007137109757222038
HUST,HUST/HUST_7-6,change_domain_equal,1414,0.014499379848884504,0.025849529030063146,0.4048124557678698,0.005462227738226133
HUST,HUST/HUST_7-7,change_domain_equal,1680,0.015318729157987291,0.028937739315715156,0.4383561643835616,0.006469659678033701
HUST,HUST/HUST_7-8,change_domain_equal,1933,0.029632031543235075,0.04297774677474175,0.42080745341614906,0.00797183319277961
HUST,HUST/HUST_8-1,change_domain_equal,1303,0.014973785200347922,0.02478562437140541,0.3602150537634409,0.006231297303491146
HUST,HUST/HUST_8-2,change_domain_equal,2036,0.022640121614397244,0.03799491770281613,0.41375921375921376,0.005366507862445302
HUST,HUST/HUST_8-3,change_domain_equal,2285,0.03563404017155752,0.0522675119121333,0.4238178633975482,0.008644705870218261
HUST,HUST/HUST_8-4,change_domain_equal,1880,0.0174435048882052,0.031962493888693246,0.4252261841405003,0.005337260470601457
HUST,HUST/HUST_8-5,change_domain_equal,1343,0.014764032421638918,0.020806283538149884,0.3919523099850969,0.007088012303699265
HUST,HUST/HUST_8-6,change_domain_equal,2360,0.025760638395302828,0.04125966150092568,0.4116150911403137,0.006137689243192135
HUST,HUST/HUST_8-7,change_domain_equal,2042,0.020816444138400895,0.029777234908790445,0.42038216560509556,0.00629275848584554
HUST,HUST/HUST_8-8,change_domain_equal,1674,0.04204290181248041,0.06013558558179012,0.4303646144650329,0.006751084151639164
HUST,HUST/HUST_9-1,change_domain_equal,2052,0.047338675186662196,0.06566845566311788,0.44661140906874697,0.008364733827774806
HUST,HUST/HUST_9-2,change_domain_equal,2138,0.03640683960612255,0.05022780967826003,0.46700982686008424,0.010045315507270836
HUST,HUST/HUST_9-3,change_domain_equal,1900,0.03603058260480355,0.05136658383791046,0.4207477619799895,0.005272764526462526
HUST,HUST/HUST_9-4,change_domain_equal,1970,0.04151899680433266,0.058586314058411325,0.39664804469273746,0.005786783789996752
HUST,HUST/HUST_9-5,change_domain_equal,2163,0.04283070684244867,0.06032292550732886,0.4269195189639223,0.008176755907647326
HUST,HUST/HUST_9-6,change_domain_equal,1737,0.05420076931364529,0.0723212712446762,0.4544930875576037,0.006648100258390022
HUST,HUST/HUST_9-7,change_domain_equal,2007,0.03112743045449888,0.043940993261816434,0.4546360917248255,0.004563909395323251
HUST,HUST/HUST_9-8,change_domain_equal,2303,0.03546260125934842,0.05117272337611883,0.42311033883579496,0.006382337006472505
MATR,MATR/MATR_b1c0,change_domain_equal,1843,0.01866702383339417,0.023470424429568506,0.48805646036916395,0.035117232823272615
MATR,MATR/MATR_b1c1,change_domain_equal,2153,0.017177117153438472,0.021760872830399895,0.5027881040892194,0.023976882781248543
MATR,MATR/MATR_b1c11,change_domain_equal,781,0.018232202142905777,0.022229264098391627,0.44871794871794873,0.031867453262254375
MATR,MATR/MATR_b1c14,change_domain_equal,873,0.024119442242149132,0.02934810927463148,0.4713302752293578,0.020720314154667685
MATR,MATR/MATR_b1c15,change_domain_equal,712,0.02536506281705513,0.030780352967315433,0.4908579465541491,0.015796247777433603
MATR,MATR/MATR_b1c16,change_domain_equal,855,0.02739538366401182,0.03189025014118805,0.4449648711943794,0.017625410305212363
MATR,MATR/MATR_b1c17,change_domain_equal,850,0.032715675054701666,0.03816439121859696,0.4617196702002356,0.08650792454564726
MATR,MATR/MATR_b1c18,change_domain_equal,683,0.040681416139539704,0.04334395239944903,0.4604105571847507,0.029645709077103732
MATR,MATR/MATR_b1c19,change_domain_equal,781,0.03585929791447412,0.04044776874010034,0.45384615384615384,0.02532441317892342
MATR,MATR/MATR_b1c2,change_domain_equal,2229,0.015824742553655038,0.019066741249279897,0.4914721723518851,0.021468754681485125
MATR,MATR/MATR_b1c20,change_domain_equal,526,0.040124190439236214,0.04698161370946681,0.4419047619047619,0.028641144661006757
MATR,MATR/MATR_b1c21,change_domain_equal,552,0.05274738814377696,0.06049171937059149,0.43920145190562615,0.034179654904144985
MATR,MATR/MATR_b1c23,change_domain_equal,1007,0.0186975574110581,0.0229893445115272,0.48906560636182905,0.13937831577373827
MATR,MATR/MATR_b1c24,change_domain_equal,1010,0.039310893278881806,0.046513804075890536,0.48662041625371655,0.033177086155309454
MATR,MATR/MATR_b1c25,change_domain_equal,847,0.02056342776821072,0.026346769272803078,0.4562647754137116,0.13828170798956785
MATR,MATR/MATR_b1c26,change_domain_equal,863,0.029415924859470043,0.03396216641928569,0.4466357308584687,0.03244301304420483
MATR,MATR/MATR_b1c27,change_domain_equal,835,0.02726328056462693,0.03164979024334607,0.4412470023980815,0.022491839031603678
MATR,MATR/MATR_b1c28,change_domain_equal,853,0.03667748983437419,0.0510777600585982,0.45892018779342725,0.14697497930737435
MATR,MATR/MATR_b1c29,change_domain_equal,910,0.03375996731640502,0.049296454984268906,0.46204620462046203,0.14272717628981813
MATR,MATR/MATR_b1c3,change_domain_equal,1427,0.01641337237487779,0.019912491320529673,0.4950911640953717,0.045416970488830644
MATR,MATR/MATR_b1c30,change_domain_equal,701,0.03737222503908048,0.04531282076087498,0.44857142857142857,0.024109102227849566
MATR,MATR/MATR_b1c31,change_domain_equal,869,0.03075887793934233,0.036564870640063564,0.43548387096774194,0.05050761809066828
MATR,MATR/MATR_b1c32,change_domain_equal,724,0.04138661097796851,0.05324342481142112,0.45643153526970953,0.1289120116099216
MATR,MATR/MATR_b1c33,change_domain_equal,750,0.04199367012815861,0.05733099698399906,0.4472630173564753,0.1488877635249578
MATR,MATR/MATR_b1c34,change_domain_equal,735,0.03161483218232165,0.053370116255956224,0.4645776566757493,0.19073454217791275
MATR,MATR/MATR_b1c35,change_domain_equal,695,0.03745022100002857,0.05495940598262036,0.4812680115273775,0.18666898186988368
MATR,MATR/MATR_b1c36,change_domain_equal,697,0.03851478455854118,0.06416774881712985,0.4540229885057471,0.20376866610388655
MATR,MATR/MATR_b1c37,change_domain_equal,640,0.03949791852618438,0.06664825771251648,0.48513302034428796,0.19701361221460212
MATR,MATR/MATR_b1c38,change_domain_equal,610,0.05409978874112928,0.06889693852514972,0.47126436781609193,0.15039239736106857
MATR,MATR/MATR_b1c39,change_domain_equal,618,0.04905554714666151,0.06722486810009858,0.4359805510534846,0.15758846364140155
MATR,MATR/MATR_b1c4,change_domain_equal,1702,0.013592292008361035,0.017434618747533923,0.47501469723691947,0.041471382862401485
MATR,MATR/MATR_b1c40,change_domain_equal,959,0.0245049229762949,0.04046022290246059,0.46868475991649267,0.19831848861150592
MATR,MATR/MATR_b1c41,change_domain_equal,1044,0.03107870213391939,0.053966464011156186,0.4813039309683605,0.20613784903313748
MATR,MATR/MATR_b1c42,change_domain_equal,695,0.051825087055466935,0.08391268706741174,0.4697406340057637,0.1997971794682739
MATR,MATR/MATR_b1c43,change_domain_equal,644,0.037723155913840824,0.06807706169983864,0.46967340590979784,0.2063359207309341
MATR,MATR/MATR_b1c44,change_domain_equal,608,0.108716079838774,0.15532021140748406,0.500823723228995,0.2699642725107876
MATR,MATR/MATR_b1c45,change_domain_equal,592,0.09544513670412878,0.14003102457960231,0.4467005076142132,0.2539862697858135
MATR,MATR/MATR_b1c5,change_domain_equal,1067,0.014971480551914378,0.018186095451173195,0.4878048780487805,0.06126254099341255
MATR,MATR/MATR_b1c6,change_domain_equal,629,0.030960324988303804,0.03815887813465838,0.4538216560509554,0.039000524177338236
MATR,MATR/MATR_b1c7,change_domain_equal,863,0.04837819472154413,0.05386063032266986,0.4582366589327146,0.09511755046282766
MATR,MATR/MATR_b1c9,change_domain_equal,1046,0.02093286313072606,0.023604281211762022,0.4880382775119617,0.02995647516774058
MATR,MATR/MATR_b2c0,change_domain_equal,320,0.028979407989956747,0.03460626383321617,0.47648902821316613,0.020032634405368732
MATR,MATR/MATR_b2c1,change_domain_equal,164,0.028100874219161066,0.03478618698140328,0.5276073619631901,0.018475380945515263
MATR,MATR/MATR_b2c10,change_domain_equal,590,0.023921972785374623,0.026561866824693272,0.40237691001697795,0.09060882393481695
MATR,MATR/MATR_b2c11,change_domain_equal,499,0.04105372480981191,0.04959862066060528,0.41566265060240964,0.07344007808067166
MATR,MATR/MATR_b2c12,change_domain_equal,484,0.029110220165646426,0.03623885213276549,0.4078674948240166,0.005877264737557897
MATR,MATR/MATR_b2c13,change_domain_equal,514,0.03823990843020263,0.04556638709770816,0.3489278752436647,0.006319618438586305
MATR,MATR/MATR_b2c14,change_domain_equal,503,0.04565611471242296,0.05496975615008017,0.37649402390438247,0.07030773436587778
MATR,MATR/MATR_b2c17,change_domain_equal,519,0.05284646972065935,0.059983096489961696,0.5019305019305019,0.027968313700911462
MATR,MATR/MATR_b2c18,change_domain_equal,517,0.04439792347301251,0.0522775801546107,0.5174418604651163,0.025140121374755076
MATR,MATR/MATR_b2c19,change_domain_equal,483,0.04236141664628743,0.05064261575666168,0.5,0.014368015391642786
MATR,MATR/MATR_b2c2,change_domain_equal,458,0.043045147557356674,0.04831798316106972,0.48358862144420134,0.015820725733627694
MATR,MATR/MATR_b2c20,change_domain_equal,525,0.04245460996053358,0.05018354148971926,0.41603053435114506,0.010846830449092404
MATR,MATR/MATR_b2c21,change_domain_equal,514,0.04493782356527181,0.053892570228890366,0.41325536062378165,0.011048117296246773
MATR,MATR/MATR_b2c22,change_domain_equal,534,0.04700129743769081,0.05568908526189984,0.3921200750469043,0.011221364440568649
MATR,MATR/MATR_b2c23,change_domain_equal,556,0.054789488843518204,0.06379452075999023,0.45225225225225224,0.06075576384181003
MATR,MATR/MATR_b2c24,change_domain_equal,518,0.05214859430756357,0.06241289741060606,0.44874274661508706,0.02350316426304233
MATR,MATR/MATR_b2c25,change_domain_equal,481,0.0473136185187436,0.05738616316714914,0.45625,0.012552932417302376
MATR,MATR/MATR_b2c26,change_domain_equal,492,0.04860686427032865,0.058217365136047014,0.43380855397148677,0.02780741002036713
MATR,MATR/MATR_b2c27,change_domain_equal,489,0.0483610345444417,0.058365111791440154,0.4713114754098361,0.06703273381431907
MATR,MATR/MATR_b2c28,change_domain_equal,535,0.05109568696102857,0.059283290220155084,0.4887640449438202,0.04068660627567988
MATR,MATR/MATR_b2c29,change_domain_equal,516,0.053513167336949045,0.06286497731081497,0.47184466019417476,0.038231461647029286
MATR,MATR/MATR_b2c3,change_domain_equal,355,0.019674224246573356,0.02168279728881055,0.4435028248587571,0.017996330639653446
MATR,MATR/MATR_b2c30,change_domain_equal,501,0.04778208811777773,0.05777100771115748,0.392,0.06899575413525938
MATR,MATR/MATR_b2c31,change_domain_equal,513,0.041549549742078376,0.049254437289774446,0.427734375,0.13512667775787157
MATR,MATR/MATR_b2c32,change_domain_equal,538,0.04897113553185369,0.059107413824748656,0.47113594040968343,0.020152804710195427
MATR,MATR/MATR_b2c33,change_domain_equal,540,0.051316373767977694,0.060672171651031497,0.4489795918367347,0.01120017733916967
MATR,MATR/MATR_b2c34,change_domain_equal,520,0.04099167975509221,0.04800152613317589,0.4489402697495183,0.08358053722997827
MATR,MATR/MATR_b2c35,change_domain_equal,480,0.03455484777524847,0.039385445934106464,0.4384133611691023,0.046247791301942565
MATR,MATR/MATR_b2c36,change_domain_equal,554,0.055446893287706925,0.06461251787100457,0.4159132007233273,0.006125721310508481
MATR,MATR/MATR_b2c37,change_domain_equal,496,0.05640312916791464,0.06692044108490619,0.3878787878787879,0.011388027242626664
MATR,MATR/MATR_b2c38,change_domain_equal,481,0.05208120083018072,0.06153874419468498,0.42916666666666664,0.016473983552262372
MATR,MATR/MATR_b2c39,change_domain_equal,474,0.05214003519859939,0.06053545777996051,0.40380549682875266,0.048696605923698844
MATR,MATR/MATR_b2c4,change_domain_equal,465,0.03506244538339371,0.04296237850508365,0.41594827586206895,0.00866057629041983
MATR,MATR/MATR_b2c40,change_domain_equal,524,0.04314061784904262,0.052423068113248476,0.4665391969407266,0.03765701429124557
MATR,MATR/MATR_b2c41,change_domain_equal,446,0.041429921362170274,0.04720162117208363,0.43595505617977526,0.059853634761210195
MATR,MATR/MATR_b2c42,change_domain_equal,486,0.049039869621453167,0.058665013915584964,0.43917525773195876,0.011792568674638848
MATR,MATR/MATR_b2c43,change_domain_equal,481,0.05063511733262062,0.060391265665291606,0.4354166666666667,0.012756905867159829
MATR,MATR/MATR_b2c44,change_domain_equal,472,0.05676612478089266,0.06699156164622108,0.42038216560509556,0.055925075642898614
MATR,MATR/MATR_b2c45,change_domain_equal,508,0.04567257135755582,0.05543293206725868,0.40828402366863903,0.010137392975630655
MATR,MATR/MATR_b2c46,change_domain_equal,443,0.05940480443282573,0.06869342133968959,0.38461538461538464,0.017484512844404443
MATR,MATR/MATR_b2c47,change_domain_equal,739,0.03971175582364736,0.044237263649128465,0.47560975609756095,0.02205201174456628
MATR,MATR/MATR_b2c5,change_domain_equal,501,0.04829503598030615,0.05833063941611308,0.392,0.03888345472393018
MATR,MATR/MATR_b2c6,change_domain_equal,539,0.0535009109747916,0.05765340088121698,0.46096654275092935,0.03506881614784341
MATR,MATR/MATR_b3c0,change_domain_equal,1002,0.03490623381191391,0.04194042246262317,0.4775224775224775,0.08533362717684545
MATR,MATR/MATR_b3c1,change_domain_equal,1056,0.04013396358587686,0.04839309952259059,0.4947867298578199,0.09104083324783752
MATR,MATR/MATR_b3c10,change_domain_equal,1071,0.014700517734761503,0.018625027660960428,0.4766355140186916,0.03591226211831278
MATR,MATR/MATR_b3c11,change_domain_equal,810,0.02574319743824383,0.03056640737395274,0.4783683559950556,0.057082077891577154
MATR,MATR/MATR_b3c12,change_domain_equal,925,0.03807302781786265,0.043041602554833774,0.487012987012987,0.07166024811393623
MATR,MATR/MATR_b3c13,change_domain_equal,809,0.021878345671550784,0.02614658737304589,0.4863861386138614,0.06992654559536471
MATR,MATR/MATR_b3c14,change_domain_equal,851,0.03196105126267307,0.036793934846239586,0.4717647058823529,0.07421307602621818
MATR,MATR/MATR_b3c15,change_domain_equal,869,0.029765415202336012,0.03399779241311727,0.4965437788018433,0.07269366289068446
MATR,MATR/MATR_b3c16,change_domain_equal,1631,0.01525238790964393,0.018900755263747057,0.4852760736196319,0.037993277298672856
MATR,MATR/MATR_b3c17,change_domain_equal,1308,0.03939120358106796,0.046609576539038085,0.49655700076511095,0.08439493333539139
MATR,MATR/MATR_b3c18,change_domain_equal,1139,0.03481437196440978,0.04095972400018608,0.4868189806678383,0.08696599223119905
MATR,MATR/MATR_b3c19,change_domain_equal,1148,0.027826570837264995,0.03267646576063333,0.4838709677419355,0.07324667179012634
MATR,MATR/MATR_b3c20,change_domain_equal,806,0.039203735483764525,0.04672191335559914,0.4919254658385093,0.09656146798583942
MATR,MATR/MATR_b3c21,change_domain_equal,765,0.040516375294636746,0.04960966519577592,0.4803664921465969,0.05223449465719021
MATR,MATR/MATR_b3c22,change_domain_equal,995,0.042426759611016454,0.04871272259826817,0.4949698189134809,0.08330857026124894
MATR,MATR/MATR_b3c24,change_domain_equal,818,0.03195342441490369,0.03803963724517743,0.4920440636474908,0.0827583473079585
MATR,MATR/MATR_b3c25,change_domain_equal,982,0.03275780917712448,0.03679562729679252,0.48827726809378186,0.03684542671845514
MATR,MATR/MATR_b3c26,change_domain_equal,1021,0.026516382166784428,0.03132399291489217,0.4764705882352941,0.07770705204081674
MATR,MATR/MATR_b3c27,change_domain_equal,843,0.03220106688845072,0.03696858610955424,0.4667458432304038,0.06999765019323578
MATR,MATR/MATR_b3c28,change_domain_equal,534,0.031196279005672137,0.0389348913569333,0.47842401500938087,0.0508890775788049
MATR,MATR/MATR_b3c29,change_domain_equal,851,0.025768313617004802,0.030898567137328945,0.4647058823529412,0.07326468638400763
MATR,MATR/MATR_b3c3,change_domain_equal,1108,0.049554535711651825,0.055870501707820305,0.47244805781391147,0.08549763123485832
MATR,MATR/MATR_b3c30,change_domain_equal,928,0.030830524361379157,0.03636654577304218,0.48220064724919093,0.07419434725910401
MATR,MATR/MATR_b3c31,change_domain_equal,724,0.0354385973182943,0.04133245071688938,0.45919778699861685,0.09259437472087817
MATR,MATR/MATR_b3c33,change_domain_equal,1277,0.02352401938229029,0.028564205948000125,0.4992163009404389,0.07229555538214738
MATR,MATR/MATR_b3c34,change_domain_equal,1151,0.02743921745458095,0.03338643461272138,0.49478260869565216,0.06984026140989197
MATR,MATR/MATR_b3c35,change_domain_equal,1086,0.0321321594198456,0.038171123508710096,0.49032258064516127,0.07409448052540724
MATR,MATR/MATR_b3c36,change_domain_equal,916,0.04315512869486354,0.05218174878120475,0.4852459016393443,0.08031050643580206
MATR,MATR/MATR_b3c38,change_domain_equal,1928,0.03646415978205222,0.04176398920250455,0.4987026466009341,0.08438105723929201
MATR,MATR/MATR_b3c39,change_domain_equal,1149,0.028995782163008712,0.035805167547690774,0.4912891986062718,0.07212082982817936
MATR,MATR/MATR_b3c4,change_domain_equal,1041,0.026346468527676095,0.03010759193621582,0.4913461538461538,0.07439668495522356
MATR,MATR/MATR_b3c40,change_domain_equal,789,0.03007924465517006,0.035978194656873255,0.4720812182741117,0.08540899753962083
MATR,MATR/MATR_b3c41,change_domain_equal,779,0.031215428965329466,0.03690630197078948,0.46272493573264784,0.08113859646379618
MATR,MATR/MATR_b3c44,change_domain_equal,933,0.037474507614303036,0.04340242466671198,0.48068669527896996,0.08348086310741909
MATR,MATR/MATR_b3c45,change_domain_equal,1794,0.01744785440554468,0.021491526091601834,0.47908533184606805,0.03991154058451929
MATR,MATR/MATR_b3c5,change_domain_equal,821,0.02208170307022065,0.026682726654132297,0.4817073170731707,0.05019150000518435
MATR,MATR/MATR_b3c6,change_domain_equal,660,0.03875669202209777,0.048762821077277654,0.5007587253414264,0.06917959149520925
MATR,MATR/MATR_b3c7,change_domain_equal,1829,0.020573344428791666,0.02411121353101251,0.4923413566739606,0.03526622222925624
MATR,MATR/MATR_b3c8,change_domain_equal,821,0.037005489478824954,0.04393391249433147,0.49634146341463414,0.09330903442652594
MATR,MATR/MATR_b3c9,change_domain_equal,1032,0.04794331662023823,0.054680092499350116,0.47914645974781767,0.08880219678360413
MATR,MATR/MATR_b4c0,change_domain_equal,977,0.023715846715178568,0.030968484502999865,0.45901639344262296,0.09408581762973267
MATR,MATR/MATR_b4c1,change_domain_equal,856,0.03553584457532136,0.04509055870823429,0.43391812865497076,0.027653471455294287
MATR,MATR/MATR_b4c10,change_domain_equal,1077,0.04208045743033258,0.060726317234000945,0.4758364312267658,0.10384458857968859
MATR,MATR/MATR_b4c11,change_domain_equal,925,0.027144828138201894,0.03335533123814468,0.4577922077922078,0.1070636895830086
MATR,MATR/MATR_b4c12,change_domain_equal,893,0.03540107834138045,0.042617798592023165,0.4742152466367713,0.10631859008666278
MATR,MATR/MATR_b4c13,change_domain_equal,864,0.03792581490393281,0.04543758539268256,0.4681344148319815,0.10322177740372096
MATR,MATR/MATR_b4c14,change_domain_equal,762,0.05479883350828211,0.07061125264667525,0.4743758212877792,0.12019374623869405
MATR,MATR/MATR_b4c15,change_domain_equal,866,0.05516999683608406,0.07970139343192495,0.4601156069364162,0.08587683866243057
MATR,MATR/MATR_b4c16,change_domain_equal,978,0.0405773028325579,0.04792035019964117,0.4626407369498465,0.110804174135403
MATR,MATR/MATR_b4c17,change_domain_equal,925,0.031743877941985715,0.04019201231340111,0.46320346320346323,0.1147280500866269
MATR,MATR/MATR_b4c18,change_domain_equal,1052,0.026776132398770296,0.0352222503604864,0.4738344433872502,0.10822560402814108
MATR,MATR/MATR_b4c19,change_domain_equal,1106,0.031368165819435086,0.03805662251929736,0.46153846153846156,0.09109823416803264
MATR,MATR/MATR_b4c2,change_domain_equal,779,0.01713351286072456,0.021594911777137578,0.4897172236503856,0.09739189561218664
MATR,MATR/MATR_b4c20,change_domain_equal,799,0.01976812488536546,0.027295438573993996,0.46115288220551376,0.10891262896046405
MATR,MATR/MATR_b4c21,change_domain_equal,898,0.029632161609640925,0.03910398439317065,0.46488294314381273,0.08540976613231521
MATR,MATR/MATR_b4c22,change_domain_equal,740,0.03745283293811374,0.046759614190778946,0.4790257104194858,0.09958559978902382
MATR,MATR/MATR_b4c23,change_domain_equal,1089,0.0315888286513943,0.038020802417314405,0.46047794117647056,0.10338287267743262
MATR,MATR/MATR_b4c24,change_domain_equal,1110,0.025162855322569188,0.031061360184762164,0.478809738503156,0.11636344420854616
MATR,MATR/MATR_b4c25,change_domain_equal,562,0.037309043579701134,0.05022386906022474,0.43493761140819964,0.0940135289495645
MATR,MATR/MATR_b4c26,change_domain_equal,574,0.03491654069224648,0.04815988434893906,0.4048865619546248,0.10381427792820919
MATR,MATR/MATR_b4c27,change_domain_equal,558,0.0374169903656203,0.046019464931435064,0.46858168761220825,0.09625076638565977
MATR,MATR/MATR_b4c28,change_domain_equal,877,0.03294621612733895,0.03942244192501668,0.478310502283105,0.10297021428524167
MATR,MATR/MATR_b4c29,change_domain_equal,951,0.026179238048300333,0.0319413610682492,0.4652631578947368,0.11292890222619789
MATR,MATR/MATR_b4c3,change_domain_equal,906,0.032711920853555176,0.04639113834719125,0.4685082872928177,0.09607140396107539
MATR,MATR/MATR_b4c30,change_domain_equal,714,0.02528509043164179,0.03426353141581353,0.4544179523141655,0.08047089890864001
MATR,MATR/MATR_b4c31,change_domain_equal,827,0.08995180712557581,0.1374963635131469,0.45278450363196127,0.07289664149444375
MATR,MATR/MATR_b4c32,change_domain_equal,834,0.03297680046635561,0.0407234870600855,0.4261704681872749,0.07272508475660422
MATR,MATR/MATR_b4c33,change_domain_equal,525,0.03446085525484967,0.04276125174633618,0.4599236641221374,0.10529548368684594
MATR,MATR/MATR_b4c34,change_domain_equal,992,0.028364129404278317,0.035324329202024767,0.4722502522704339,0.10834146044468451
MATR,MATR/MATR_b4c35,change_domain_equal,1126,0.02449897845663699,0.030730933304757187,0.47644444444444445,0.089419187289147
MATR,MATR/MATR_b4c36,change_domain_equal,708,0.03672294633641653,0.049620169970432323,0.4229137199434229,0.09680529007262373
MATR,MATR/MATR_b4c37,change_domain_equal,1000,0.03207507389330589,0.04060066468934799,0.48848848848848847,0.11592591716719791
MATR,MATR/MATR_b4c38,change_domain_equal,1225,0.031661514823378964,0.03693103695233079,0.46895424836601307,0.10510452017438332
MATR,MATR/MATR_b4c39,change_domain_equal,756,0.0478293525470257,0.06153614593588898,0.4781456953642384,0.10886612165398801
MATR,MATR/MATR_b4c4,change_domain_equal,907,0.07569193918243675,0.12542772340343292,0.45143487858719644,0.06484237766385081
MATR,MATR/MATR_b4c40,change_domain_equal,1117,0.029904431978714407,0.03539306684374479,0.4775985663082437,0.08826370983737275
MATR,MATR/MATR_b4c41,change_domain_equal,992,0.03839992375996391,0.05796871482157256,0.47023208879919276,0.10899618403946099
MATR,MATR/MATR_b4c42,change_domain_equal,910,0.04083561860663204,0.051715247557891725,0.46644664466446645,0.11644494331257438
MATR,MATR/MATR_b4c43,change_domain_equal,946,0.03945378559369375,0.06080945430270367,0.4603174603174603,0.025397988556820295
MATR,MATR/MATR_b4c44,change_domain_equal,1072,0.034863480346242884,0.04193697919203751,0.477124183006536,0.11477512913427657
MATR,MATR/MATR_b4c5,change_domain_equal,1062,0.025755434693299325,0.03417201233554535,0.47973609802073514,0.11755842581269471
MATR,MATR/MATR_b4c6,change_domain_equal,772,0.0337728324600659,0.04456263640210876,0.503242542153048,0.10815424408088448
MATR,MATR/MATR_b4c7,change_domain_equal,557,0.04356163811495271,0.050436481320812736,0.45143884892086333,0.08395937831318268
MATR,MATR/MATR_b4c8,change_domain_equal,713,0.027712699335864878,0.03398809913177856,0.47191011235955055,0.12097280307208247
MATR,MATR/MATR_b4c9,change_domain_equal,524,0.037108928397309275,0.044551325717389983,0.42829827915869984,0.019692924431722325
MICH,MICH/MICH_BLForm10_pouch_NMC_25C_0-100_1-1C_j,change_domain_equal,454,0.04695899365612237,0.08322292238675849,0.304635761589404,0.04004012999651008
MICH,MICH/MICH_BLForm11_pouch_NMC_25C_0-100_1-1C_a,change_domain_equal,420,0.0278458035738213,0.041313412848492756,0.3747016706443914,0.08305790624617815
MICH,MICH/MICH_BLForm12_pouch_NMC_25C_0-100_1-1C_b,change_domain_equal,427,0.035297388988531776,0.05181643761270143,0.36619718309859156,0.08118484162522288
MICH,MICH/MICH_BLForm13_pouch_NMC_25C_0-100_1-1C_c,change_domain_equal,432,0.04159881925519646,0.06223831311515641,0.35730858468677495,0.08903709438762397
MICH,MICH/MICH_BLForm14_pouch_NMC_25C_0-100_1-1C_d,change_domain_equal,471,0.0322971827511083,0.04462343996129848,0.3872340425531915,0.07102998730759069
MICH,MICH/MICH_BLForm15_pouch_NMC_25C_0-100_1-1C_e,change_domain_equal,437,0.04182227497905677,0.06430042804130484,0.36009174311926606,0.07302185760551205
MICH,MICH/MICH_BLForm16_pouch_NMC_25C_0-100_1-1C_f,change_domain_equal,437,0.04311554316788318,0.06313511521516713,0.3853211009174312,0.04229733519870149
MICH,MICH/MICH_BLForm17_pouch_NMC_25C_0-100_1-1C_g,change_domain_equal,437,0.05748774350621361,0.0868298101140296,0.3440366972477064,0.05277045397133984
MICH,MICH/MICH_BLForm18_pouch_NMC_25C_0-100_1-1C_h,change_domain_equal,433,0.04748204073864111,0.06915002609083001,0.375,0.07761530379906123
MICH,MICH/MICH_BLForm19_pouch_NMC_25C_0-100_1-1C_i,change_domain_equal,437,0.038655604778849134,0.0560432872320479,0.33256880733944955,0.0855477599909773
MICH,MICH/MICH_BLForm1_pouch_NMC_45C_0-100_1-1C_a,change_domain_equal,487,0.07552550851665019,0.124889818866115,0.25925925925925924,0.02627647406395306
MICH,MICH/MICH_BLForm20_pouch_NMC_25C_0-100_1-1C_j,change_domain_equal,437,0.05083597811917316,0.07798088060693578,0.3532110091743119,0.0927498144285176
MICH,MICH/MICH_BLForm2_pouch_NMC_45C_0-100_1-1C_b,change_domain_equal,459,0.06518814485707124,0.10913251063975447,0.2816593886462882,0.00854887184395925
MICH,MICH/MICH_BLForm3_pouch_NMC_45C_0-100_1-1C_c,change_domain_equal,507,0.030141112015941003,0.042767296362096245,0.29446640316205536,0.025476804183749646
MICH,MICH/MICH_BLForm4_pouch_NMC_45C_0-100_1-1C_d,change_domain_equal,487,0.07533800360456092,0.11985686101323215,0.2736625514403292,0.013098857515556284
MICH,MICH/MICH_BLForm5_pouch_NMC_45C_0-100_1-1C_e,change_domain_equal,487,0.07555320446329597,0.12756727709453541,0.2736625514403292,0.030565993617247045
MICH,MICH/MICH_BLForm6_pouch_NMC_45C_0-100_1-1C_f,change_domain_equal,449,0.04310325844717816,0.07808071787706498,0.296875,0.01607734078277895
MICH,MICH/MICH_BLForm7_pouch_NMC_45C_0-100_1-1C_g,change_domain_equal,452,0.054559935341156766,0.09693660094678776,0.270509977827051,0.05077883928445759
MICH,MICH/MICH_BLForm8_pouch_NMC_45C_0-100_1-1C_h,change_domain_equal,487,0.07432420946638708,0.12627802486335138,0.27983539094650206,0.05113805283933348
MICH,MICH/MICH_BLForm9_pouch_NMC_45C_0-100_1-1C_i,change_domain_equal,569,0.1905782052064933,0.23867093911515136,0.18838028169014084,0.026602852405829658
MICH,MICH/MICH_MCForm21_pouch_NMC_25C_0-100_1-1C_a,change_domain_equal,471,0.02825510908723883,0.03956468907138464,0.37659574468085105,0.07091337660052821
MICH,MICH/MICH_MCForm22_pouch_NMC_25C_0-100_1-1C_b,change_domain_equal,486,0.05294005835200609,0.0806560185062976,0.3402061855670103,0.06416807667083935
MICH,MICH/MICH_MCForm23_pouch_NMC_25C_0-100_1-1C_c,change_domain_equal,535,0.032067329202697836,0.0461468959680208,0.38202247191011235,0.05437422179691809
MICH,MICH/MICH_MCForm24_pouch_NMC_25C_0-100_1-1C_d,change_domain_equal,471,0.03511602064733087,0.05168389038528381,0.3595744680851064,0.06287170705870093
MICH,MICH/MICH_MCForm25_pouch_NMC_25C_0-100_1-1C_e,change_domain_equal,584,0.03179969636892545,0.04419906186529734,0.379073756432247,0.06638467422613159
MICH,MICH/MICH_MCForm26_pouch_NMC_25C_0-100_1-1C_f,change_domain_equal,584,0.030319644218599524,0.04281828302161996,0.37564322469982847,0.05405972798539138
MICH,MICH/MICH_MCForm27_pouch_NMC_25C_0-100_1-1C_g,change_domain_equal,535,0.0348899770271628,0.047674565549436144,0.37453183520599254,0.05173526349583524
MICH,MICH/MICH_MCForm28_pouch_NMC_25C_0-100_1-1C_h,change_domain_equal,584,0.03794056035189786,0.051402103713543416,0.3584905660377358,0.06952704982048052
MICH,MICH/MICH_MCForm29_pouch_NMC_25C_0-100_1-1C_i,change_domain_equal,547,0.04103676542078117,0.05797801446769066,0.36996336996337,0.05252556133891906
MICH,MICH/MICH_MCForm30_pouch_NMC_25C_0-100_1-1C_j,change_domain_equal,535,0.03331609053173751,0.04573335944562903,0.35767790262172283,0.06888021858741245
MICH,MICH/MICH_MCForm31_pouch_NMC_45C_0-100_1-1C_a,change_domain_equal,506,0.03695492942608435,0.06294598718541715,0.297029702970297,0.023216219548350403
MICH,MICH/MICH_MCForm32_pouch_NMC_45C_0-100_1-1C_b,change_domain_equal,487,0.028616036697659823,0.0412919043875763,0.3559670781893004,0.0220603847666353
MICH,MICH/MICH_MCForm33_pouch_NMC_45C_0-100_1-1C_c,change_domain_equal,496,0.03410522843164946,0.05526242575002109,0.29292929292929293,0.014788966413377791
MICH,MICH/MICH_MCForm34_pouch_NMC_45C_0-100_1-1C_d,change_domain_equal,575,0.024652743688015344,0.030690824966602907,0.36585365853658536,0.04207558801711209
MICH,MICH/MICH_MCForm35_pouch_NMC_45C_0-100_1-1C_e,change_domain_equal,440,0.027302627430036676,0.03929961364886155,0.33029612756264237,0.04372274764247541
MICH,MICH/MICH_MCForm36_pouch_NMC_45C_0-100_1-1C_f,change_domain_equal,536,0.03430745999176434,0.04998728514636444,0.27850467289719627,0.023354126045351697
MICH,MICH/MICH_MCForm37_pouch_NMC_45C_0-100_1-1C_g,change_domain_equal,536,0.025128845552500896,0.03742333349907443,0.2897196261682243,0.03697682534031188
MICH,MICH/MICH_MCForm38_pouch_NMC_45C_0-100_1-1C_h,change_domain_equal,497,0.03892836599306995,0.05841990887392205,0.2661290322580645,0.02498887121621063
MICH,MICH/MICH_MCForm39_pouch_NMC_45C_0-100_1-1C_i,change_domain_equal,536,0.03099819878473281,0.04745154852124228,0.30093457943925234,0.023312549443555652
MICH,MICH/MICH_MCForm40_pouch_NMC_45C_0-100_1-1C_j,change_domain_equal,534,0.028458825499290276,0.03727072822336469,0.3302063789868668,0.028715405271910632
MICH_EXP,MICH_EXP/MICH_01R_pouch_NMC_25C_0-100_0.2-0.2C,change_domain_equal,374,0.05145108043831211,0.06851002185092114,0.2761394101876676,0.6780223560611722
MICH_EXP,MICH_EXP/MICH_02C_pouch_NMC_-5C_0-100_0.2-0.2C,change_domain_equal,288,0.027724559043884708,0.029464605449072367,0.31010452961672474,0.0071909131110547975
MICH_EXP,MICH_EXP/MICH_03H_pouch_NMC_45C_0-100_0.2-0.2C,change_domain_equal,98,0.022031737343766192,0.03595443895613848,0.1134020618556701,0.26413249848220477
MICH_EXP,MICH_EXP/MICH_04R_pouch_NMC_25C_0-100_1.5-1.5C,change_domain_equal,322,0.03249024210257759,0.03640692412706434,0.17445482866043613,0.017671157670405502
MICH_EXP,MICH_EXP/MICH_05C_pouch_NMC_-5C_0-100_1.5-1.5C,change_domain_equal,568,0.08207720163073229,0.0982123306337739,0.2751322751322751,0.023703502513180652
MICH_EXP,MICH_EXP/MICH_06H_pouch_NMC_45C_0-100_1.5-1.5C,change_domain_equal,172,0.009182160411957319,0.010176323340701192,0.10526315789473684,0.0016893984703045817
MICH_EXP,MICH_EXP/MICH_07R_pouch_NMC_25C_0-100_2-2C,change_domain_equal,240,0.04147728769571897,0.04596469280558312,0.15481171548117154,0.019284411017017722
MICH_EXP,MICH_EXP/MICH_08C_pouch_NMC_-5C_0-100_2-2C,change_domain_equal,568,0.06355598674091448,0.07617328575873784,0.25573192239858905,0.10839428634591453
MICH_EXP,MICH_EXP/MICH_09H_pouch_NMC_45C_0-100_2-2C,change_domain_equal,170,0.013486457690204368,0.01641839826940688,0.07692307692307693,0.0020716954927424425
MICH_EXP,MICH_EXP/MICH_10R_pouch_NMC_25C_0-100_0.2-1.5C,change_domain_equal,434,0.044749309223666045,0.06140245746254878,0.3002309468822171,0.40157479962143305
MICH_EXP,MICH_EXP/MICH_11C_pouch_NMC_-5C_0-100_0.2-1.5C,change_domain_equal,535,0.015189290917120398,0.01771775821648396,0.3258426966292135,0.030182488716205658
MICH_EXP,MICH_EXP/MICH_12H_pouch_NMC_45C_0-100_0.2-1.5C,change_domain_equal,177,0.05587862996051132,0.061190955404801545,0.125,0.010516355790051946
MICH_EXP,MICH_EXP/MICH_13R_pouch_NMC_25C_50-100_0.2-0.2C,change_domain_equal,527,0.08164430224384989,0.08841229166306672,0.24714828897338403,0.46444519847866994
MICH_EXP,MICH_EXP/MICH_14C_pouch_NMC_-5C_50-100_0.2-0.2C,change_domain_equal,447,0.08746946752429957,0.0957100889804688,0.33856502242152464,0.5573861257903687
MICH_EXP,MICH_EXP/MICH_15H_pouch_NMC_45C_50-100_0.2-0.2C,change_domain_equal,166,0.05649697886912111,0.07378969256594145,0.16363636363636364,0.5691412705928727
MICH_EXP,MICH_EXP/MICH_16R_pouch_NMC_25C_50-100_0.2-1.5C,change_domain_equal,527,0.07904283541882501,0.0854651716337104,0.25285171102661597,0.5428767451372717
MICH_EXP,MICH_EXP/MICH_17C_pouch_NMC_-5C_50-100_0.2-1.5C,change_domain_equal,552,0.08158561446247674,0.08879612568430584,0.40834845735027225,0.5484779958367461
MICH_EXP,MICH_EXP/MICH_18H_pouch_NMC_45C_50-100_0.2-1.5C,change_domain_equal,290,0.06520917454693878,0.06807170987252976,0.22145328719723184,0.05000830620282337
RWTH,RWTH/RWTH_002,change_domain_equal,2406,0.2030679914149358,0.28081695427086156,0.3542619542619543,0.02821008317345164
RWTH,RWTH/RWTH_003,change_domain_equal,2432,0.199770031151875,0.27057381972354033,0.3739201974496092,0.03603351124764398
RWTH,RWTH/RWTH_004,change_domain_equal,2410,0.19846859583815002,0.2713800859293032,0.42299709422997095,0.01836153171526833
RWTH,RWTH/RWTH_005,change_domain_equal,2390,0.19252174911583303,0.2695965890553146,0.3419840937630808,0.018882936674869732
RWTH,RWTH/RWTH_006,change_domain_equal,2413,0.18276242353365799,0.26088013756581885,0.4033996683250415,0.022879721494267424
RWTH,RWTH/RWTH_007,change_domain_equal,2409,0.18833683764272502,0.26791017193486794,0.2479235880398671,0.02057646220550391
RWTH,RWTH/RWTH_008,change_domain_equal,2409,0.20411917901575063,0.27709101758769833,0.3438538205980066,0.02321510794057835
RWTH,RWTH/RWTH_009,change_domain_equal,2392,0.18007458839639157,0.2503874338392598,0.3124215809284818,0.016302904943585772
RWTH,RWTH/RWTH_010,change_domain_equal,2436,0.19928355881583193,0.2704436953213876,0.36919917864476387,0.01671527498723402
RWTH,RWTH/RWTH_011,change_domain_equal,2432,0.19192915205484934,0.26269516671018744,0.30728095433977787,0.02031497398087212
RWTH,RWTH/RWTH_012,change_domain_equal,2442,0.17510625459945037,0.2521984387051077,0.4006554690700533,0.019104494807029915
RWTH,RWTH/RWTH_013,change_domain_equal,2442,0.1905504206832517,0.26976161707561175,0.3879557558377714,0.017405345207329947
RWTH,RWTH/RWTH_014,change_domain_equal,2303,0.20515994456395872,0.2754954615536913,0.2884448305821025,0.014922999532947734
RWTH,RWTH/RWTH_015,change_domain_equal,2282,0.1824263087948473,0.2563212901725948,0.3787812362998685,0.019527634062849297
RWTH,RWTH/RWTH_016,change_domain_equal,2281,0.18087961553656817,0.2577603453179888,0.4144736842105263,0.019725936279460177
RWTH,RWTH/RWTH_017,change_domain_equal,2274,0.20687676144570005,0.2758994022142489,0.22657281126264847,0.0235042509505069
RWTH,RWTH/RWTH_018,change_domain_equal,2239,0.18901782935088848,0.2593617125895411,0.355674709562109,0.014083835037071557
RWTH,RWTH/RWTH_019,change_domain_equal,2282,0.208218795383222,0.27741430159927855,0.3787812362998685,0.01565560450105785
RWTH,RWTH/RWTH_020,change_domain_equal,2232,0.19351803454339858,0.2627641841087657,0.28910802330793367,0.020583304004464287
RWTH,RWTH/RWTH_021,change_domain_equal,2278,0.20819053720406258,0.27687967466195595,0.3425559947299078,0.016356100297854947
RWTH,RWTH/RWTH_022,change_domain_equal,2277,0.1939128460726367,0.25820173237577265,0.35808435852372583,0.020469978762404084
RWTH,RWTH/RWTH_023,change_domain_equal,2316,0.15579546398825636,0.22767602500049813,0.4423326133909287,0.017452875163312953
RWTH,RWTH/RWTH_024,change_domain_equal,2315,0.16011934905240846,0.23269710201175112,0.28262748487467587,0.015615782492416908
RWTH,RWTH/RWTH_025,change_domain_equal,2304,0.18963817886749357,0.2663646331498257,0.4151107251411203,0.013747474996798625
RWTH,RWTH/RWTH_026,change_domain_equal,2002,0.16938951008555342,0.23262131921764923,0.39430284857571213,0.013609603047434526
RWTH,RWTH/RWTH_027,change_domain_equal,2006,0.1688694438471313,0.23500448832772225,0.36209476309226934,0.016405135709725793
RWTH,RWTH/RWTH_028,change_domain_equal,2005,0.17726101732500063,0.24754894814337716,0.27894211576846306,0.015746271272646717
RWTH,RWTH/RWTH_029,change_domain_equal,2006,0.15976351410290096,0.2274256110927072,0.3396508728179551,0.014493583577266822
RWTH,RWTH/RWTH_030,change_domain_equal,1483,0.07827915116136361,0.12045821084679541,0.38798920377867746,0.018708908139069003
RWTH,RWTH/RWTH_031,change_domain_equal,2259,0.17376508552879066,0.24952180701313473,0.466784765279008,0.013759288261205316
RWTH,RWTH/RWTH_032,change_domain_equal,2277,0.20948624318185086,0.2781834992752142,0.27680140597539543,0.017816510137085073
RWTH,RWTH/RWTH_033,change_domain_equal,2254,0.21772299578542814,0.2992267531779644,0.3146915224145584,0.01310497727369686
RWTH,RWTH/RWTH_034,change_domain_equal,2121,0.14237020001467598,0.19978718871036713,0.43066037735849055,0.02147995113582457
RWTH,RWTH/RWTH_035,change_domain_equal,2147,0.13533580746157686,0.19528141347763317,0.3890959925442684,0.02445760841832134
RWTH,RWTH/RWTH_036,change_domain_equal,2144,0.1555547697691545,0.2260085575764512,0.39244050396640223,0.01858253076630223
RWTH,RWTH/RWTH_037,change_domain_equal,2162,0.1846227830639312,0.2536845512413617,0.36649699213327164,0.018900667182575437
RWTH,RWTH/RWTH_038,change_domain_equal,1959,0.13576307088985767,0.1965749064334191,0.3192032686414709,0.019784048469510318
RWTH,RWTH/RWTH_039,change_domain_equal,1943,0.1441597683277994,0.20332537820147914,0.26055612770339853,0.01836514478136786
RWTH,RWTH/RWTH_040,change_domain_equal,1939,0.14779929468275765,0.20686215694718155,0.32301341589267285,0.021879051561563445
RWTH,RWTH/RWTH_041,change_domain_equal,1939,0.15445287638832123,0.2226779413471143,0.26212590299277605,0.024273551759661394
RWTH,RWTH/RWTH_042,change_domain_equal,1891,0.1467801776884965,0.20551468448009333,0.33756613756613757,0.01770462447148835
RWTH,RWTH/RWTH_043,change_domain_equal,1890,0.12690956155100871,0.1919442185552902,0.3753308628904182,0.01717776708635599
RWTH,RWTH/RWTH_044,change_domain_equal,1889,0.1486213383258024,0.21349264319761438,0.3548728813559322,0.01325960547079641
RWTH,RWTH/RWTH_045,change_domain_equal,1890,0.1483521936129004,0.20694826344102016,0.4007411328745368,0.020526385213765597
RWTH,RWTH/RWTH_046,change_domain_equal,2131,0.17750404911327733,0.24517398992148476,0.3511737089201878,0.018021826069147373
RWTH,RWTH/RWTH_047,change_domain_equal,2146,0.17909695630279285,0.24597266452182961,0.3911421911421911,0.024001115815014185
RWTH,RWTH/RWTH_048,change_domain_equal,2131,0.17273218447450278,0.23888678538299923,0.37183098591549296,0.020355084220004316
RWTH,RWTH/RWTH_049,change_domain_equal,2130,0.1709107763126365,0.24290075562178484,0.26491310474401125,0.01867608120053621
SDU,SDU/SDU_Battery_1,change_domain_equal,956,0.059511975530829014,0.06624612420201403,0.25968586387434556,0.0909657316742899
SDU,SDU/SDU_Battery_10,change_domain_equal,431,0.06249410980267808,0.07129681038140326,0.26976744186046514,0.037635971264827206
SDU,SDU/SDU_Battery_11,change_domain_equal,550,0.0694732137533085,0.07910972499241499,0.28415300546448086,0.05038779530038395
SDU,SDU/SDU_Battery_12,change_domain_equal,481,0.07041215033144678,0.07953578406843859,0.28125,0.038254722632894755
SDU,SDU/SDU_Battery_13,change_domain_equal,516,0.06582390231702627,0.07386602753014972,0.3029126213592233,0.03700207086252716
SDU,SDU/SDU_Battery_14,change_domain_equal,506,0.06863591903409226,0.07695666617049814,0.27524752475247527,0.058582523716798285
SDU,SDU/SDU_Battery_15,change_domain_equal,581,0.0742245153647146,0.08449390948039517,0.3258620689655172,0.032950523475676285
SDU,SDU/SDU_Battery_16,change_domain_equal,581,0.06721434900788639,0.07603822260835325,0.3,0.03519433307373954
SDU,SDU/SDU_Battery_17,change_domain_equal,405,0.04365713206585177,0.0510439535560219,0.32425742574257427,0.05862567993608192
SDU,SDU/SDU_Battery_18,change_domain_equal,436,0.049181424046213215,0.0573133103990293,0.28735632183908044,0.04997891476076821
SDU,SDU/SDU_Battery_19,change_domain_equal,411,0.03859538593877205,0.04644558525954202,0.25609756097560976,0.06339172737363152
SDU,SDU/SDU_Battery_2,change_domain_equal,890,0.05756685568710432,0.06496080549390962,0.26659167604049494,0.07295404775557246
SDU,SDU/SDU_Battery_20,change_domain_equal,411,0.042166002428216914,0.04923739429852825,0.2682926829268293,0.05408459930844223
SDU,SDU/SDU_Battery_21,change_domain_equal,481,0.025785724231668385,0.030343952661080437,0.2833333333333333,0.059944316177462986
SDU,SDU/SDU_Battery_22,change_domain_equal,486,0.04239934077296785,0.051193172698080734,0.2907216494845361,0.06883870872460274
SDU,SDU/SDU_Battery_23,change_domain_equal,481,0.052305414092017256,0.05981765422788038,0.26666666666666666,0.05913540073411405
SDU,SDU/SDU_Battery_24,change_domain_equal,436,0.05057757826211597,0.05774589535648864,0.26666666666666666,0.06250825756628575
SDU,SDU/SDU_Battery_25,change_domain_equal,436,0.05276538381512817,0.05939288802447781,0.2597701149425287,0.06103481522421328
SDU,SDU/SDU_Battery_26,change_domain_equal,541,0.07301236634599,0.08079459092253556,0.26296296296296295,0.07244341691882727
SDU,SDU/SDU_Battery_27,change_domain_equal,486,0.04813141858810872,0.05468454865968494,0.27422680412371137,0.04862838111590617
SDU,SDU/SDU_Battery_28,change_domain_equal,456,0.04546045378300751,0.052622872272455094,0.26373626373626374,0.04010220810687415
SDU,SDU/SDU_Battery_29,change_domain_equal,486,0.05024353127303577,0.060865460430171915,0.2597938144329897,0.10170514854578538
SDU,SDU/SDU_Battery_3,change_domain_equal,851,0.052120048962876864,0.057563090375441744,0.2788235294117647,0.08969537542282224
SDU,SDU/SDU_Battery_30,change_domain_equal,441,0.04205677745275345,0.049904288218910166,0.2636363636363636,0.05179318913246855
SDU,SDU/SDU_Battery_31,change_domain_equal,176,0.03624973312780146,0.042628650741527406,0.24571428571428572,0.06793937553587714
SDU,SDU/SDU_Battery_32,change_domain_equal,121,0.038077720601266796,0.04581245108575651,0.20833333333333334,0.085486622794953
SDU,SDU/SDU_Battery_33,change_domain_equal,191,0.03266751607291092,0.03737516830924979,0.23157894736842105,0.052160830106765865
SDU,SDU/SDU_Battery_34,change_domain_equal,161,0.028303902295614337,0.03342448721490765,0.24375,0.05290487403577426
SDU,SDU/SDU_Battery_35,change_domain_equal,151,0.029699472478326015,0.03457437539050097,0.22,0.0507449364209871
SDU,SDU/SDU_Battery_36,change_domain_equal,136,0.03410074035498379,0.03946945520176732,0.2074074074074074,0.04982710655611844
SDU,SDU/SDU_Battery_37,change_domain_equal,146,0.02476294218643586,0.02949977758973013,0.21379310344827587,0.050770132651296485
SDU,SDU/SDU_Battery_38,change_domain_equal,106,0.02430025197480008,0.02945564830513048,0.19047619047619047,0.05184897717860726
SDU,SDU/SDU_Battery_39,change_domain_equal,71,0.0347265688047058,0.03880608983198287,0.2,0.06190025265419963
SDU,SDU/SDU_Battery_4,change_domain_equal,881,0.05846283776295322,0.06595627371087512,0.2909090909090909,0.08335708938322028
SDU,SDU/SDU_Battery_40,change_domain_equal,66,0.03605909794677661,0.03956985879372278,0.16923076923076924,0.04547274269082335
SDU,SDU/SDU_Battery_41,change_domain_equal,86,0.024967494098304035,0.029305332685922985,0.18823529411764706,0.04285092628078635
SDU,SDU/SDU_Battery_42,change_domain_equal,71,0.02683936481319873,0.030394372659602157,0.2,0.037837955373450805
SDU,SDU/SDU_Battery_43,change_domain_equal,71,0.0252252126581641,0.02944298098269455,0.18571428571428572,0.05290750678798206
SDU,SDU/SDU_Battery_44,change_domain_equal,61,0.028017847753210152,0.03270813691014848,0.15,0.04947943387020848
SDU,SDU/SDU_Battery_45,change_domain_equal,1116,0.08034717641995673,0.08867671817125874,0.26188340807174887,0.2160067547369215
SDU,SDU/SDU_Battery_46,change_domain_equal,1071,0.07722842156256012,0.08613412006181363,0.2588785046728972,0.165953612268257
SDU,SDU/SDU_Battery_47,change_domain_equal,1121,0.07961749212213882,0.08828080723279205,0.2544642857142857,0.15858977122958762
SDU,SDU/SDU_Battery_48,change_domain_equal,1054,0.07762343260964023,0.08605066635924194,0.26020892687559355,0.17708927352220483
SDU,SDU/SDU_Battery_49,change_domain_equal,1346,0.08268980584025032,0.08792088866451829,0.3353159851301115,0.2179642532337207
SDU,SDU/SDU_Battery_5,change_domain_equal,1051,0.053361325273445344,0.06082755656213825,0.26571428571428574,0.14535769985228209
SDU,SDU/SDU_Battery_50,change_domain_equal,1409,0.08514221320316513,0.0929720510732932,0.3224431818181818,0.19106069181245589
SDU,SDU/SDU_Battery_51,change_domain_equal,1421,0.08225799179871653,0.08906276784562857,0.3464788732394366,0.19381634186471697
SDU,SDU/SDU_Battery_52,change_domain_equal,1246,0.08043902874235617,0.08822458611447376,0.3132530120481928,0.18806078125587533
SDU,SDU/SDU_Battery_53,change_domain_equal,121,0.04011442950425571,0.04441271911649865,0.20833333333333334,0.036054480750434825
SDU,SDU/SDU_Battery_54,change_domain_equal,191,0.046438962211189996,0.0510993556351793,0.2578947368421053,0.0375121579977169
SDU,SDU/SDU_Battery_55,change_domain_equal,126,0.048796761936925094,0.05414214281641556,0.216,0.03923739232488721
SDU,SDU/SDU_Battery_56,change_domain_equal,141,0.04279367754560583,0.04940830778067622,0.22142857142857142,0.036195062876178796
SDU,SDU/SDU_Battery_57,change_domain_equal,86,0.03427431001524806,0.04026616472802641,0.18823529411764706,0.06255829852927897
SDU,SDU/SDU_Battery_58,change_domain_equal,71,0.03924222673222721,0.04618519769806888,0.17142857142857143,0.06430548262195579
SDU,SDU/SDU_Battery_59,change_domain_equal,86,0.04546949210934489,0.05095119826684489,0.17647058823529413,0.04093972005646451
SDU,SDU/SDU_Battery_6,change_domain_equal,1111,0.06056298093129868,0.068476280189296,0.2702702702702703,0.10879860429538879
SDU,SDU/SDU_Battery_60,change_domain_equal,81,0.04702370596368556,0.052049488163747985,0.175,0.055514303817282395
SDU,SDU/SDU_Battery_61,change_domain_equal,391,0.08631121617922734,0.09715161494325704,0.28205128205128205,0.05076496466092839
SDU,SDU/SDU_Battery_62,change_domain_equal,431,0.07284101692468832,0.08133004295567701,0.2813953488372093,0.055173155044411115
SDU,SDU/SDU_Battery_63,change_domain_equal,361,0.07487591657580603,0.08473902491269193,0.25,0.1038999861042097
SDU,SDU/SDU_Battery_64,change_domain_equal,411,0.07750673578137854,0.08931126003132873,0.2682926829268293,0.05072021286347295
SDU,SDU/SDU_Battery_65,change_domain_equal,230,0.02377590620542708,0.02933312225586118,0.2445414847161572,0.04133526357439943
SDU,SDU/SDU_Battery_66,change_domain_equal,271,0.034708515343445996,0.040598650869406776,0.24814814814814815,0.03475554526001312
SDU,SDU/SDU_Battery_67,change_domain_equal,181,0.029632122146845984,0.03680637580672985,0.2111111111111111,0.06171925944182255
SDU,SDU/SDU_Battery_68,change_domain_equal,191,0.027276837937957946,0.032883117232557484,0.23157894736842105,0.038893351428474054
SDU,SDU/SDU_Battery_69,change_domain_equal,71,0.013233260730965318,0.018071763536381315,0.22857142857142856,0.05151348448190651
SDU,SDU/SDU_Battery_7,change_domain_equal,1041,0.057476264705121766,0.06529299182802974,0.26634615384615384,0.08319991159164164
SDU,SDU/SDU_Battery_70,change_domain_equal,106,0.019116159629148304,0.021626762310675895,0.2,0.052653860246002826
SDU,SDU/SDU_Battery_71,change_domain_equal,81,0.013372006044081893,0.018090961886611807,0.2125,0.06721441840104692
SDU,SDU/SDU_Battery_72,change_domain_equal,81,0.012814983944490509,0.018652237931212103,0.1875,0.06884923656760633
SDU,SDU/SDU_Battery_73,change_domain_equal,1175,0.0629882954502351,0.07272425022782433,0.35178875638841567,0.0279851316403682
SDU,SDU/SDU_Battery_74,change_domain_equal,1315,0.06008825322403771,0.0695760349843334,0.3584474885844749,0.028063515171789066
SDU,SDU/SDU_Battery_75,change_domain_equal,950,0.08923639423790859,0.10163430639875046,0.32771338250790305,0.022198250018085397
SDU,SDU/SDU_Battery_76,change_domain_equal,1120,0.06018020347001529,0.0692999653716031,0.30741733690795353,0.031804992410488175
SDU,SDU/SDU_Battery_77,change_domain_equal,1066,0.06660425878900486,0.07513096960573858,0.3107981220657277,0.020189848901810192
SDU,SDU/SDU_Battery_78,change_domain_equal,1021,0.06644994974171398,0.07586178925184497,0.29411764705882354,0.02855325263701536
SDU,SDU/SDU_Battery_79,change_domain_equal,1076,0.06756550070330677,0.07600358115776773,0.3144186046511628,0.043589896616235246
SDU,SDU/SDU_Battery_8,change_domain_equal,706,0.04094088834823382,0.04571517302173847,0.275177304964539,0.0490625106281235
SDU,SDU/SDU_Battery_80,change_domain_equal,1060,0.0654464303123215,0.07354205590967806,0.29178470254957506,0.021005643081534964
SDU,SDU/SDU_Battery_81,change_domain_equal,1186,0.06425929856302312,0.07261094712405343,0.28860759493670884,0.022622007739655836
SDU,SDU/SDU_Battery_82,change_domain_equal,1140,0.0566682414978529,0.06527731876758533,0.2897278314310799,0.02593647245912789
SDU,SDU/SDU_Battery_83,change_domain_equal,1195,0.06200330333204476,0.06998625294811014,0.2931323283082077,0.1683091238312726
SDU,SDU/SDU_Battery_84,change_domain_equal,1131,0.07372042993544112,0.08418186091966533,0.29646017699115046,0.16913769972624637
SDU,SDU/SDU_Battery_85,change_domain_equal,1201,0.06238602483958993,0.0722159072359598,0.2916666666666667,0.13563585131478473
SDU,SDU/SDU_Battery_86,change_domain_equal,1036,0.06688186082327381,0.0780528258592022,0.2975845410628019,0.14429458392291628
SDU,SDU/SDU_Battery_9,change_domain_equal,411,0.05958047430901,0.0678270618888269,0.26097560975609757,0.03209524977520972
SNL,SNL/SNL_18650_LFP_15C_0-100_0.5-2C_b,change_domain_equal,3749,0.023372815601775013,0.025076055537582468,0.21771611526147278,0.04158375479706067
SNL,SNL/SNL_18650_LFP_25C_0-100_0.5-0.5C_a,change_domain_equal,3045,0.010452480039387039,0.013100961170561727,0.31701708278580815,0.05588945642589749
SNL,SNL/SNL_18650_LFP_25C_0-100_0.5-1C_a,change_domain_equal,3540,0.04422211042910317,0.045499652817479704,0.2639163605538288,0.0428404095153011
SNL,SNL/SNL_18650_LFP_25C_0-100_0.5-1C_b,change_domain_equal,3541,0.045514382670443554,0.0493666927696627,0.36073446327683617,0.09718275587553493
SNL,SNL/SNL_18650_LFP_25C_0-100_0.5-1C_c,change_domain_equal,3033,0.04941570030924382,0.05103491505449706,0.30573878627968337,0.038295705448004314
SNL,SNL/SNL_18650_LFP_25C_0-100_0.5-1C_d,change_domain_equal,3033,0.04928619996259807,0.05119045723473164,0.29815303430079154,0.03907116050623971
SNL,SNL/SNL_18650_LFP_25C_0-100_0.5-2C_a,change_domain_equal,3539,0.024410037359176358,0.025785954094719264,0.32928208027133976,0.032523499801012545
SNL,SNL/SNL_18650_LFP_25C_0-100_0.5-2C_b,change_domain_equal,4045,0.04104488145020049,0.04259370745637477,0.19411473788328387,0.05279747591858419
SNL,SNL/SNL_18650_LFP_25C_0-100_0.5-3C_a,change_domain_equal,4564,0.0380748105433834,0.054882320180296054,0.2577251808021039,0.04977831524935261
SNL,SNL/SNL_18650_LFP_25C_0-100_0.5-3C_b,change_domain_equal,4057,0.03870762535328585,0.05506897051193352,0.253698224852071,0.05283602246816532
SNL,SNL/SNL_18650_LFP_25C_0-100_0.5-3C_c,change_domain_equal,3550,0.052211761932240794,0.06908205355665922,0.2851507466892082,0.040145283964710066
SNL,SNL/SNL_18650_LFP_25C_0-100_0.5-3C_d,change_domain_equal,4057,0.03943021692048459,0.05679039635671561,0.23865877712031558,0.05110984546827202
SNL,SNL/SNL_18650_LFP_35C_0-100_0.5-1C_a,change_domain_equal,3151,0.026728616831713195,0.032725283602724524,0.24634920634920635,0.09893956326449282
SNL,SNL/SNL_18650_LFP_35C_0-100_0.5-1C_b,change_domain_equal,3337,0.029176303671297872,0.034191969243019295,0.24310551558752996,0.07048975285193204
SNL,SNL/SNL_18650_LFP_35C_0-100_0.5-1C_c,change_domain_equal,3337,0.026917630342048377,0.03203037894191917,0.24010791366906475,0.0928095060021783
SNL,SNL/SNL_18650_LFP_35C_0-100_0.5-1C_d,change_domain_equal,3793,0.03167141115194706,0.04044161616455248,0.25026371308016876,0.08788598630737299
SNL,SNL/SNL_18650_LFP_35C_0-100_0.5-2C_a,change_domain_equal,3851,0.02247531909030501,0.029239676578027094,0.2568831168831169,0.08890342166872844
SNL,SNL/SNL_18650_LFP_35C_0-100_0.5-2C_b,change_domain_equal,3593,0.02591252085276426,0.03285953055931138,0.28646993318485525,0.23424827047033847
SNL,SNL/SNL_18650_NCA_15C_0-100_0.5-1C_a,change_domain_equal,517,0.06920189902860965,0.07225013560575665,0.2713178294573643,0.05861198441086657
SNL,SNL/SNL_18650_NCA_15C_0-100_0.5-1C_b,change_domain_equal,913,0.026768765323125325,0.028734480591545493,0.3223684210526316,0.05112615325039105
SNL,SNL/SNL_18650_NCA_15C_0-100_0.5-2C_a,change_domain_equal,911,0.12505049450682496,0.1448531518320093,0.3626373626373626,0.16869400970762516
SNL,SNL/SNL_18650_NCA_15C_0-100_0.5-2C_b,change_domain_equal,779,0.11171408185596164,0.11745687120884,0.3213367609254499,0.15770857150423867
SNL,SNL/SNL_18650_NCA_25C_0-100_0.5-0.5C_a,change_domain_equal,508,0.04444679388509633,0.04603381084146757,0.3136094674556213,0.010653785579779806
SNL,SNL/SNL_18650_NCA_25C_0-100_0.5-0.5C_b,change_domain_equal,910,0.14355752386238,0.17025173098449908,0.1859185918591859,0.18838739678533045
SNL,SNL/SNL_18650_NCA_25C_0-100_0.5-1C_a,change_domain_equal,649,0.03062132907022479,0.03250489460709381,0.2623456790123457,0.05288268291184617
SNL,SNL/SNL_18650_NCA_25C_0-100_0.5-1C_b,change_domain_equal,517,0.05232004346728323,0.05373387760647928,0.27906976744186046,0.07363921172949661
SNL,SNL/SNL_18650_NCA_25C_0-100_0.5-1C_c,change_domain_equal,517,0.0936371155870864,0.0979666292203423,0.25193798449612403,0.05629703138234865
SNL,SNL/SNL_18650_NCA_25C_0-100_0.5-1C_d,change_domain_equal,649,0.041214549308202245,0.04332778803768842,0.345679012345679,0.07979466529113721
SNL,SNL/SNL_18650_NCA_25C_0-100_0.5-2C_a,change_domain_equal,781,0.061708283861446125,0.06576107272681507,0.34487179487179487,0.1137867971848423
SNL,SNL/SNL_18650_NCA_25C_0-100_0.5-2C_b,change_domain_equal,781,0.039606628337104904,0.042959129875290346,0.23461538461538461,0.08408076337239523
SNL,SNL/SNL_18650_NCA_25C_20-80_0.5-0.5C_a,change_domain_equal,1117,0.07519809152505919,0.08707355167870703,0.32616487455197135,0.043249999735604505
SNL,SNL/SNL_18650_NCA_25C_20-80_0.5-0.5C_b,change_domain_equal,1244,0.05348209821813067,0.060558902871302014,0.36363636363636365,0.01613000568718359
SNL,SNL/SNL_18650_NCA_25C_20-80_0.5-0.5C_c,change_domain_equal,1245,0.0640537670795274,0.07372450950832964,0.33520900321543406,0.02693597722139829
SNL,SNL/SNL_18650_NCA_25C_20-80_0.5-0.5C_d,change_domain_equal,1503,0.06767524275755518,0.08030850378528921,0.32956058588548603,0.026307982934500318
SNL,SNL/SNL_18650_NCA_35C_0-100_0.5-1C_a,change_domain_equal,510,0.07426247579311115,0.08076155834478296,0.33988212180746563,0.026360323243840078
SNL,SNL/SNL_18650_NCA_35C_0-100_0.5-1C_b,change_domain_equal,459,0.046514421819068,0.050662547725753654,0.32751091703056767,0.010985785452013896
SNL,SNL/SNL_18650_NCA_35C_0-100_0.5-1C_c,change_domain_equal,510,0.01426810638055946,0.018756252689581834,0.3025540275049116,0.07469137732320297
SNL,SNL/SNL_18650_NCA_35C_0-100_0.5-1C_d,change_domain_equal,649,0.047263807069701895,0.0547898931180443,0.30709876543209874,0.08738228947229443
SNL,SNL/SNL_18650_NCA_35C_0-100_0.5-2C_a,change_domain_equal,649,0.08144128884526075,0.08298522780393354,0.3888888888888889,0.21183033101130044
SNL,SNL/SNL_18650_NCA_35C_0-100_0.5-2C_b,change_domain_equal,781,0.08747294273949414,0.09058217320209472,0.43205128205128207,0.19048261006391043
SNL,SNL/SNL_18650_NMC_15C_0-100_0.5-1C_a,change_domain_equal,508,0.1115475425425436,0.11631161935878521,0.20118343195266272,0.1092148773170668
SNL,SNL/SNL_18650_NMC_15C_0-100_0.5-1C_b,change_domain_equal,508,0.10974174155798473,0.11959320130500463,0.23865877712031558,0.07489358894685583
SNL,SNL/SNL_18650_NMC_15C_0-100_0.5-2C_a,change_domain_equal,384,0.10985631308808097,0.1150600749017959,0.19843342036553524,0.08227518107177334
SNL,SNL/SNL_18650_NMC_15C_0-100_0.5-2C_b,change_domain_equal,384,0.09620306808087058,0.10185663041032357,0.195822454308094,0.06773446022224106
SNL,SNL/SNL_18650_NMC_25C_0-100_0.5-0.5C_b,change_domain_equal,674,0.039765198474779266,0.04449304120095377,0.37147102526002973,0.05535900346252154
SNL,SNL/SNL_18650_NMC_25C_0-100_0.5-1C_a,change_domain_equal,516,0.04736843548060679,0.0495884898848099,0.31844660194174756,0.00827568266933143
SNL,SNL/SNL_18650_NMC_25C_0-100_0.5-1C_b,change_domain_equal,780,0.04578685358576293,0.047409940066722014,0.32349165596919127,0.014169783590057272
SNL,SNL/SNL_18650_NMC_25C_0-100_0.5-1C_c,change_domain_equal,392,0.07707198275427779,0.07918984851270022,0.23273657289002558,0.018652936413620536
SNL,SNL/SNL_18650_NMC_25C_0-100_0.5-1C_d,change_domain_equal,524,0.04636599541173905,0.048934467476100564,0.29063097514340347,0.057005235973326296
SNL,SNL/SNL_18650_NMC_25C_0-100_0.5-2C_a,change_domain_equal,656,0.07096613501755057,0.07221831092859489,0.28549618320610687,0.050524277606216805
SNL,SNL/SNL_18650_NMC_25C_0-100_0.5-2C_b,change_domain_equal,1316,0.07253158287371245,0.07432502637402318,0.27300380228136883,0.01957177103765806
SNL,SNL/SNL_18650_NMC_25C_0-100_0.5-3C_a,change_domain_equal,725,0.051942251551190526,0.052941946444528855,0.27900552486187846,0.15221294289260157
SNL,SNL/SNL_18650_NMC_25C_0-100_0.5-3C_b,change_domain_equal,547,0.03978831435725713,0.04244469487983876,0.3424908424908425,0.12061133204645025
SNL,SNL/SNL_18650_NMC_25C_0-100_0.5-3C_c,change_domain_equal,693,0.03828493213208125,0.03979889252280403,0.2153179190751445,0.08003092306357518
SNL,SNL/SNL_18650_NMC_25C_0-100_0.5-3C_d,change_domain_equal,900,0.03512406734697621,0.036341388683488005,0.2803114571746385,0.018064946068018672
SNL,SNL/SNL_18650_NMC_35C_0-100_0.5-1C_a,change_domain_equal,781,0.03965962400038308,0.05054579610932625,0.34487179487179487,0.08410929783779075
SNL,SNL/SNL_18650_NMC_35C_0-100_0.5-1C_b,change_domain_equal,781,0.02690108028398108,0.028303988762835106,0.30512820512820515,0.05726069793985067
SNL,SNL/SNL_18650_NMC_35C_0-100_0.5-1C_c,change_domain_equal,780,0.03434229741066605,0.04511814411424609,0.2952503209242619,0.2156549987235986
SNL,SNL/SNL_18650_NMC_35C_0-100_0.5-1C_d,change_domain_equal,781,0.03663726939683402,0.04313297397730372,0.32051282051282054,0.0924753330470075
SNL,SNL/SNL_18650_NMC_35C_0-100_0.5-2C_a,change_domain_equal,781,0.04340048232627294,0.044936660974119476,0.40512820512820513,0.056768413452293554
SNL,SNL/SNL_18650_NMC_35C_0-100_0.5-2C_b,change_domain_equal,767,0.026852656928249626,0.028698202586080558,0.3198433420365535,0.04178784455428064
UL_PUR,UL_PUR/UL-PUR_N10-EX9_18650_NCA_23C_0-100_0.5-0.5C_i,change_domain_equal,189,0.07007399277966987,0.0743586616250688,0.2712765957446808,0.014238327870802259
UL_PUR,UL_PUR/UL-PUR_N10-NA7_18650_NCA_23C_0-100_0.5-0.5C_g,change_domain_equal,159,0.047702528998481014,0.04944832096905142,0.2911392405063291,0.01336580737470483
UL_PUR,UL_PUR/UL-PUR_N10-OV8_18650_NCA_23C_0-100_0.5-0.5C_h,change_domain_equal,186,0.0718769856462069,0.07631858262063063,0.2972972972972973,0.017722609355342755
UL_PUR,UL_PUR/UL-PUR_N15-EX4_18650_NCA_23C_0-100_0.5-0.5C_d,change_domain_equal,219,0.05952134818832039,0.06504850625753426,0.3073394495412844,0.02024817260090095
UL_PUR,UL_PUR/UL-PUR_N15-NA10_18650_NCA_23C_0-100_0.5-0.5C_j,change_domain_equal,254,0.04291188712850909,0.04694089271279723,0.3241106719367589,0.020313329549125236
UL_PUR,UL_PUR/UL-PUR_N15-OV3_18650_NCA_23C_0-100_0.5-0.5C_c,change_domain_equal,186,0.05624743735271893,0.06177432597501959,0.34054054054054056,0.01603994193905356
UL_PUR,UL_PUR/UL-PUR_N20-EX2_18650_NCA_23C_0-100_0.5-0.5C_b,change_domain_equal,304,0.07310646648461552,0.08152596020742992,0.3795379537953795,0.025812985486617146
UL_PUR,UL_PUR/UL-PUR_N20-NA5_18650_NCA_23C_0-100_0.5-0.5C_e,change_domain_equal,207,0.05824267196599175,0.06788096455092338,0.27184466019417475,0.02355756575010215
UL_PUR,UL_PUR/UL-PUR_N20-NA6_18650_NCA_23C_0-100_0.5-0.5C_f,change_domain_equal,206,0.0483911404759866,0.058733187275203685,0.3170731707317073,0.019491698143479286
UL_PUR,UL_PUR/UL-PUR_N20-OV1_18650_NCA_23C_0-100_0.5-0.5C_a,change_domain_equal,285,0.0734061799953676,0.07998326673364411,0.3485915492957746,0.021235802906980128
XJTU,XJTU/XJTU_2C_battery-1,change_domain_equal,384,0.0633662716485418,0.06411632313497148,0.29765013054830286,0.008303805834142475
XJTU,XJTU/XJTU_2C_battery-2,change_domain_equal,401,0.0659337754135169,0.06679581007219258,0.2725,0.011853325390628888
XJTU,XJTU/XJTU_2C_battery-3,change_domain_equal,387,0.06249920725508852,0.06321706320331595,0.27461139896373055,0.010977829352941448
XJTU,XJTU/XJTU_2C_battery-4,change_domain_equal,390,0.06715078062707971,0.06804745119447976,0.2827763496143959,0.01258064759088362
XJTU,XJTU/XJTU_2C_battery-5,change_domain_equal,397,0.060564336377075825,0.06326141925187205,0.2676767676767677,0.013121936827777736
XJTU,XJTU/XJTU_2C_battery-6,change_domain_equal,402,0.06216545661205866,0.06579569781608656,0.24937655860349128,0.009067224595085799
XJTU,XJTU/XJTU_2C_battery-7,change_domain_equal,396,0.05373176112514271,0.05905270160993285,0.28860759493670884,0.012505813091108209
XJTU,XJTU/XJTU_2C_battery-8,change_domain_equal,414,0.06920769930282304,0.07320480124797288,0.29055690072639223,0.010594861133378597
XJTU,XJTU/XJTU_3C_battery-1,change_domain_equal,293,0.06942412042179638,0.07014658406434487,0.2602739726027397,0.006494970886907425
XJTU,XJTU/XJTU_3C_battery-10,change_domain_equal,158,0.06785190834413811,0.07419122897830657,0.3184713375796178,0.005872688845829144
XJTU,XJTU/XJTU_3C_battery-11,change_domain_equal,125,0.06707952868501652,0.07207076663430641,0.2661290322580645,0.006252034808800544
XJTU,XJTU/XJTU_3C_battery-12,change_domain_equal,206,0.08560483669771346,0.08995891912263472,0.3463414634146341,0.0080043953593959
XJTU,XJTU/XJTU_3C_battery-13,change_domain_equal,220,0.0859134729656098,0.08957227064682369,0.3561643835616438,0.005790331842313479
XJTU,XJTU/XJTU_3C_battery-14,change_domain_equal,141,0.07017682381156536,0.07564292792884525,0.29285714285714287,0.007617156675319481
XJTU,XJTU/XJTU_3C_battery-15,change_domain_equal,162,0.06883420121830129,0.07391067434885236,0.37888198757763975,0.008061199845329825
XJTU,XJTU/XJTU_3C_battery-2,change_domain_equal,286,0.07377027605125881,0.07471431458186051,0.30526315789473685,0.00528480761945449
XJTU,XJTU/XJTU_3C_battery-3,change_domain_equal,280,0.0699383088075792,0.07084920962560737,0.25089605734767023,0.004893751588450179
XJTU,XJTU/XJTU_3C_battery-4,change_domain_equal,316,0.07069562977618155,0.07174335574852192,0.28253968253968254,0.0056704025057213725
XJTU,XJTU/XJTU_3C_battery-5,change_domain_equal,291,0.06527358840199876,0.06587002494352069,0.2482758620689655,0.007509811140196998
XJTU,XJTU/XJTU_3C_battery-6,change_domain_equal,316,0.07628777785739443,0.07729474813426339,0.2571428571428571,0.009240543092287945
XJTU,XJTU/XJTU_3C_battery-7,change_domain_equal,313,0.07157762295954481,0.07252214751118045,0.23397435897435898,0.006267705973419635
XJTU,XJTU/XJTU_3C_battery-8,change_domain_equal,264,0.07358947866001672,0.07470503862902195,0.29277566539923955,0.011658710077738332
XJTU,XJTU/XJTU_3C_battery-9,change_domain_equal,281,0.08790702850607925,0.09097969643572829,0.3392857142857143,0.007510621390992012
CALB,CALB/CALB_0_B182,raw_domain_equal,94,0.10662400498998015,0.10668641755363752,0.25806451612903225,0.00603906435016377
CALB,CALB/CALB_0_B183,raw_domain_equal,94,0.08911842972836188,0.08939314457693878,0.24731182795698925,0.0092487673315228
CALB,CALB/CALB_0_B184,raw_domain_equal,94,0.07277776615113214,0.07303231753505907,0.2903225806451613,0.012441503332351722
CALB,CALB/CALB_0_B185,raw_domain_equal,94,0.07324038127292641,0.07345767559654479,0.3118279569892473,0.004568442980373066
CALB,CALB/CALB_0_B187,raw_domain_equal,94,0.07080279935637669,0.071092326081115,0.3118279569892473,0.010634294831147417
CALB,CALB/CALB_0_B188,raw_domain_equal,202,0.09431814633842896,0.09460221584593859,0.21393034825870647,0.00970503608634965
CALB,CALB/CALB_0_B189,raw_domain_equal,94,0.07190839601898073,0.07221233667436622,0.27956989247311825,0.018085659969491963
CALB,CALB/CALB_0_B190,raw_domain_equal,94,0.0949513945872334,0.0952022575648973,0.26881720430107525,0.019162612863323547
CALB,CALB/CALB_25_T25-1,raw_domain_equal,93,0.06085276381378522,0.06216680410255389,0.09782608695652174,0.001458698091986732
CALB,CALB/CALB_25_T25-2,raw_domain_equal,93,0.06044558919729823,0.06166423827884916,0.14130434782608695,0.0012715958750429968
CALB,CALB/CALB_35_B173,raw_domain_equal,93,0.07355162337587054,0.07538964181841278,0.32608695652173914,0.0014399121299035755
CALB,CALB/CALB_35_B174,raw_domain_equal,93,0.07263252070197729,0.0742866462783882,0.22826086956521738,0.0018050132745563996
CALB,CALB/CALB_35_B175,raw_domain_equal,93,0.07221736711457245,0.07379462316036721,0.2826086956521739,0.0029351402329387266
CALB,CALB/CALB_35_B222,raw_domain_equal,93,0.07396340873636024,0.07572850284620898,0.2608695652173913,0.0011549981083520677
CALB,CALB/CALB_35_B223,raw_domain_equal,93,0.07376757829158775,0.07548281526724739,0.2717391304347826,0.002334767907078872
CALB,CALB/CALB_35_B224,raw_domain_equal,93,0.0719932582107359,0.07361378010625548,0.2826086956521739,0.001546700345271712
CALB,CALB/CALB_35_B227,raw_domain_equal,93,0.07394506658173979,0.07572655282365541,0.22826086956521738,0.0010536564688229388
CALB,CALB/CALB_35_B228,raw_domain_equal,93,0.07536433766729582,0.07732500080596368,0.2826086956521739,0.0017191054475130807
CALB,CALB/CALB_35_B229,raw_domain_equal,93,0.07504852056394037,0.07692258768345224,0.2826086956521739,0.0015678817783520982
CALB,CALB/CALB_35_B230,raw_domain_equal,93,0.07465980360141003,0.07628392971755756,0.29347826086956524,0.001903099299723543
CALB,CALB/CALB_35_B247,raw_domain_equal,93,0.2666134455814651,0.2667291956154315,0.41304347826086957,0.021589437066094397
CALB,CALB/CALB_35_B248,raw_domain_equal,93,0.07429046103142163,0.07606651076642068,0.2826086956521739,0.0010536564688230499
CALB,CALB/CALB_35_B249,raw_domain_equal,93,0.07231137155296877,0.07380170809358322,0.2717391304347826,0.0017197230016418041
CALB,CALB/CALB_35_B250,raw_domain_equal,93,0.07295759754774818,0.07478116631812672,0.22826086956521738,0.001116594301077245
CALB,CALB/CALB_45_B253,raw_domain_equal,94,0.06082226179401298,0.06171179463736765,0.1827956989247312,0.006899950632634044
CALB,CALB/CALB_45_B255,raw_domain_equal,94,0.05688333233124772,0.05783664692418396,0.1827956989247312,0.012321308227770777
CALB,CALB/CALB_45_B256,raw_domain_equal,93,0.059726119112373105,0.06107024075194608,0.18478260869565216,0.009161562749028351
CALCE,CALCE/CALCE_CS2_33,raw_domain_equal,655,0.05037539050157459,0.06958530700271494,0.37767584097859325,0.5018003562377014
CALCE,CALCE/CALCE_CS2_34,raw_domain_equal,627,0.06521488164277142,0.07732388336361494,0.36421725239616615,0.47873030362590585
CALCE,CALCE/CALCE_CS2_35,raw_domain_equal,775,0.05429878202503597,0.06839183653920912,0.37467700258397935,0.31340504040804246
CALCE,CALCE/CALCE_CS2_36,raw_domain_equal,827,0.06189452713437485,0.08343356367347783,0.37772397094430993,0.5044083302816171
CALCE,CALCE/CALCE_CS2_37,raw_domain_equal,900,0.05964162114050389,0.07946613388140608,0.39043381535038935,0.5161965406948918
CALCE,CALCE/CALCE_CS2_38,raw_domain_equal,898,0.059172433616887,0.07768656717015414,0.3979933110367893,0.5126741760930936
CALCE,CALCE/CALCE_CX2_16,raw_domain_equal,1274,0.11030900922558853,0.12822630223870293,0.422623723487824,0.3990022977014239
CALCE,CALCE/CALCE_CX2_33,raw_domain_equal,1266,0.06850086418500574,0.07871328529657436,0.4158102766798419,0.4556071531276315
CALCE,CALCE/CALCE_CX2_34,raw_domain_equal,1358,0.04365598599318189,0.05677492348326364,0.3802505526897568,0.5022103343392579
CALCE,CALCE/CALCE_CX2_35,raw_domain_equal,1449,0.057389730656407,0.07481119432072798,0.417817679558011,0.5202675464901001
CALCE,CALCE/CALCE_CX2_36,raw_domain_equal,1563,0.0413861127100986,0.05471708164755098,0.4167733674775928,0.487038234143196
CALCE,CALCE/CALCE_CX2_37,raw_domain_equal,1067,0.04166716452331292,0.060051587015902394,0.37429643527204504,0.5265832006390931
CALCE,CALCE/CALCE_CX2_38,raw_domain_equal,1574,0.045163428516534966,0.0597535033222412,0.3916083916083916,0.5205600028465692
HNEI,HNEI/HNEI_18650_NMC_LCO_25C_0-100_0.5-1.5C_a,raw_domain_equal,1081,0.03893193412674547,0.0557995404633838,0.22870370370370371,0.6247930816122541
HNEI,HNEI/HNEI_18650_NMC_LCO_25C_0-100_0.5-1.5C_b,raw_domain_equal,1074,0.05063806858772296,0.0648671280738841,0.21342031686859272,0.3539995090446149
HNEI,HNEI/HNEI_18650_NMC_LCO_25C_0-100_0.5-1.5C_c,raw_domain_equal,1076,0.03704482905893586,0.05305556750798023,0.2502325581395349,0.6437059553104484
HNEI,HNEI/HNEI_18650_NMC_LCO_25C_0-100_0.5-1.5C_d,raw_domain_equal,1076,0.0357999043272917,0.05264333306038454,0.22697674418604652,0.6323947904726008
HNEI,HNEI/HNEI_18650_NMC_LCO_25C_0-100_0.5-1.5C_e,raw_domain_equal,1101,0.03844796907525991,0.051500341332268655,0.20272727272727273,0.5920670824105323
HNEI,HNEI/HNEI_18650_NMC_LCO_25C_0-100_0.5-1.5C_f,raw_domain_equal,1069,0.03880794268626371,0.05722218138760093,0.22284644194756553,0.545730173046666
HNEI,HNEI/HNEI_18650_NMC_LCO_25C_0-100_0.5-1.5C_g,raw_domain_equal,1076,0.03686165801146244,0.048934634216665523,0.18511627906976744,0.6180121248412759
HNEI,HNEI/HNEI_18650_NMC_LCO_25C_0-100_0.5-1.5C_j,raw_domain_equal,1070,0.03443742553839154,0.045011693663852555,0.2048643592142189,0.32797740643644635
HNEI,HNEI/HNEI_18650_NMC_LCO_25C_0-100_0.5-1.5C_l,raw_domain_equal,1076,0.03762784326133573,0.052838227955997324,0.21674418604651163,0.561819807935405
HNEI,HNEI/HNEI_18650_NMC_LCO_25C_0-100_0.5-1.5C_n,raw_domain_equal,1076,0.03794396204476153,0.05683778551698961,0.19534883720930232,0.5808066912659849
HNEI,HNEI/HNEI_18650_NMC_LCO_25C_0-100_0.5-1.5C_o,raw_domain_equal,1076,0.05800700507894739,0.07749861157574434,0.19534883720930232,0.5503896985177067
HNEI,HNEI/HNEI_18650_NMC_LCO_25C_0-100_0.5-1.5C_p,raw_domain_equal,1074,0.0559369939028396,0.0759215808183652,0.20130475302889095,0.5864924341694292
HNEI,HNEI/HNEI_18650_NMC_LCO_25C_0-100_0.5-1.5C_s,raw_domain_equal,1082,0.036056889231936375,0.04981723173142103,0.2062904717853839,0.5132214063266102
HNEI,HNEI/HNEI_18650_NMC_LCO_25C_0-100_0.5-1.5C_t,raw_domain_equal,1078,0.04429818238730675,0.05846935441843217,0.17734447539461468,0.5234591037751318
HUST,HUST/HUST_1-1,raw_domain_equal,1499,0.030338865382359907,0.04133649441141036,0.23965287049399198,0.008698757166311744
HUST,HUST/HUST_1-2,raw_domain_equal,2673,0.03669925472172828,0.050051537306038285,0.17589820359281438,0.010345574109238753
HUST,HUST/HUST_1-3,raw_domain_equal,1853,0.0412539577248514,0.04749856019851628,0.2580993520518359,0.009373133255415889
HUST,HUST/HUST_1-4,raw_domain_equal,1495,0.04027480107406167,0.04796058775765288,0.249665327978581,0.009382067831489427
HUST,HUST/HUST_1-5,raw_domain_equal,1966,0.04268217292488291,0.04807938771617529,0.27022900763358776,0.008306801390026486
HUST,HUST/HUST_1-6,raw_domain_equal,1138,0.03496012521874728,0.05300761288705762,0.227792436235708,0.008626920711299668
HUST,HUST/HUST_1-7,raw_domain_equal,1673,0.03069866428811701,0.04457651605005333,0.2458133971291866,0.009408721874574089
HUST,HUST/HUST_1-8,raw_domain_equal,2280,0.03525078828296633,0.049379715718924654,0.22027204914436158,0.007293985915346801
HUST,HUST/HUST_10-1,raw_domain_equal,1697,0.0297584347813226,0.04551256085093555,0.2535377358490566,0.007944493663573304
HUST,HUST/HUST_10-2,raw_domain_equal,1692,0.034254891927891794,0.04835432675490156,0.2430514488468362,0.009427013565903253
HUST,HUST/HUST_10-3,raw_domain_equal,1843,0.032570456110652096,0.048747078076619516,0.2953311617806732,0.008432564572798396
HUST,HUST/HUST_10-4,raw_domain_equal,1806,0.03644313453523494,0.04443447610573869,0.31966759002770084,0.008150758298871685
HUST,HUST/HUST_10-5,raw_domain_equal,2025,0.038106772260898106,0.046291184729113775,0.26976284584980237,0.007862700791603339
HUST,HUST/HUST_10-6,raw_domain_equal,2280,0.036566627669823715,0.05685812086074141,0.22290478279947346,0.007940377605234028
HUST,HUST/HUST_10-7,raw_domain_equal,1778,0.03703134178854708,0.04589808566725398,0.27743387732132807,0.00806692180834312
HUST,HUST/HUST_10-8,raw_domain_equal,1395,0.029572189828832383,0.04922336627710296,0.25753228120516497,0.008818153413086782
HUST,HUST/HUST_2-2,raw_domain_equal,2646,0.03197118210478066,0.049803004003346786,0.1497164461247637,0.007955923696811862
HUST,HUST/HUST_2-3,raw_domain_equal,1746,0.04070191419065872,0.04733905472762567,0.25272206303724926,0.009384172635061416
HUST,HUST/HUST_2-4,raw_domain_equal,1494,0.030157765402495693,0.045985645971342574,0.2873409243134628,0.010415906231449057
HUST,HUST/HUST_2-5,raw_domain_equal,1381,0.03924773042957523,0.0446530941744272,0.3115942028985507,0.011650372537371112
HUST,HUST/HUST_2-6,raw_domain_equal,1567,0.03695927979958747,0.045082293895788876,0.2515964240102171,0.007952030558156964
HUST,HUST/HUST_2-7,raw_domain_equal,2197,0.03691881922210617,0.04516366591587095,0.3155737704918033,0.008933465598151669
HUST,HUST/HUST_2-8,raw_domain_equal,1476,0.030531500485547373,0.04714420243054562,0.2576271186440678,0.012325136957006433
HUST,HUST/HUST_3-1,raw_domain_equal,1933,0.03698834208609808,0.04642382362500199,0.2370600414078675,0.007828849044081876
HUST,HUST/HUST_3-2,raw_domain_equal,2278,0.03881192996039014,0.048540625706181645,0.30039525691699603,0.007942499039003126
HUST,HUST/HUST_3-3,raw_domain_equal,1644,0.03476666010811435,0.04523483998507714,0.20998174071819842,0.007983751191031785
HUST,HUST/HUST_3-4,raw_domain_equal,1761,0.030179453692088153,0.04491035666348772,0.2369318181818182,0.00787580162657786
HUST,HUST/HUST_3-5,raw_domain_equal,2652,0.03861648292317224,0.06034726192821258,0.16748396831384382,0.007978080692788048
HUST,HUST/HUST_3-6,raw_domain_equal,2486,0.03917402564002436,0.048129446545224504,0.24346076458752516,0.007998919712173924
HUST,HUST/HUST_3-7,raw_domain_equal,2474,0.03394335754009411,0.04849695187996221,0.21269712899312576,0.0071856298106137695
HUST,HUST/HUST_3-8,raw_domain_equal,2337,0.03758299931278251,0.04862417599472455,0.2054794520547945,0.00797808069278838
HUST,HUST/HUST_4-1,raw_domain_equal,2212,0.035107004634319386,0.05050346066811964,0.27182270465852554,0.009147369659929128
HUST,HUST/HUST_4-2,raw_domain_equal,1777,0.03532539532337018,0.04323023620669239,0.3141891891891892,0.007803204479405856
HUST,HUST/HUST_4-3,raw_domain_equal,1137,0.02508276710846509,0.041406650914343174,0.23767605633802816,0.012117830040919708
HUST,HUST/HUST_4-4,raw_domain_equal,1486,0.02722031591687567,0.04365788914092721,0.24848484848484848,0.00810768914826221
HUST,HUST/HUST_4-5,raw_domain_equal,1556,0.030779329928789602,0.049208547249528584,0.23665594855305466,0.007983751191032007
HUST,HUST/HUST_4-6,raw_domain_equal,1375,0.029743105339045207,0.046916676882319194,0.22852983988355166,0.011125948029760302
HUST,HUST/HUST_4-7,raw_domain_equal,2211,0.03701366364942527,0.05221261293218667,0.24660633484162897,0.010800634072225535
HUST,HUST/HUST_4-8,raw_domain_equal,1701,0.03918704739972811,0.04750382324286017,0.30941176470588233,0.008123303052156472
HUST,HUST/HUST_5-1,raw_domain_equal,2502,0.03735065941677097,0.05091215748734089,0.24350259896041584,0.008443043248339221
HUST,HUST/HUST_5-2,raw_domain_equal,1921,0.04014632622494098,0.04744857842154888,0.3182291666666667,0.009113406202248098
HUST,HUST/HUST_5-3,raw_domain_equal,2684,0.03618062643806654,0.04907109635717532,0.2616474096161014,0.008242477027161299
HUST,HUST/HUST_5-4,raw_domain_equal,1957,0.0345572721711073,0.04387718216839251,0.25204498977505113,0.008065099951391042
HUST,HUST/HUST_5-5,raw_domain_equal,1578,0.04081503766531144,0.04527133035593437,0.3398858592263792,0.009580486373998554
HUST,HUST/HUST_5-6,raw_domain_equal,2455,0.03725665066884166,0.051054291584448276,0.265281173594132,0.009697074994866606
HUST,HUST/HUST_5-7,raw_domain_equal,1443,0.02891059045749725,0.04437019774039497,0.3065187239944521,0.008330899065633446
HUST,HUST/HUST_6-1,raw_domain_equal,1604,0.031426246556599535,0.041770316302796026,0.2857142857142857,0.008269541833639482
HUST,HUST/HUST_6-2,raw_domain_equal,1903,0.04344723047877502,0.04869919309129261,0.34174553101997895,0.012201427768893103
HUST,HUST/HUST_6-3,raw_domain_equal,1799,0.038674122039650434,0.04761626586761784,0.32146829810901,0.008383308017546942
HUST,HUST/HUST_6-4,raw_domain_equal,1712,0.03072037418218599,0.046767758837717534,0.2869666861484512,0.007611509620791157
HUST,HUST/HUST_6-5,raw_domain_equal,2173,0.035800232564203685,0.04684042990996693,0.27348066298342544,0.008627136323038465
HUST,HUST/HUST_6-6,raw_domain_equal,2463,0.0457880849528504,0.050378531943092095,0.3586515028432169,0.010575856889522228
HUST,HUST/HUST_6-8,raw_domain_equal,2445,0.03752551785730513,0.056665636796439864,0.26963993453355156,0.008342487830450107
HUST,HUST/HUST_7-1,raw_domain_equal,1685,0.03469888972296145,0.051419829739838836,0.3141330166270784,0.008510137305822396
HUST,HUST/HUST_7-2,raw_domain_equal,2025,0.032545754975452285,0.047353820535289706,0.27717391304347827,0.007726996098750827
HUST,HUST/HUST_7-3,raw_domain_equal,1290,0.026211954797729392,0.03937343668700602,0.28626842513576417,0.009851824292016254
HUST,HUST/HUST_7-4,raw_domain_equal,1388,0.027817676691924167,0.04007440282707644,0.2494592645998558,0.007635190685035598
HUST,HUST/HUST_7-5,raw_domain_equal,1868,0.034087533470703764,0.044014148862425294,0.31922870915907875,0.00911340620224832
HUST,HUST/HUST_7-6,raw_domain_equal,1414,0.026762472040317967,0.04389385208607717,0.24628450106157113,0.010731572162471892
HUST,HUST/HUST_7-7,raw_domain_equal,1680,0.028379472758047485,0.0439754250994936,0.31983323406789754,0.009781187236135525
HUST,HUST/HUST_7-8,raw_domain_equal,1933,0.037843958532782336,0.04474525634430426,0.2675983436853002,0.010389267038912742
HUST,HUST/HUST_8-1,raw_domain_equal,1303,0.02779390945934194,0.041548010041615374,0.2457757296466974,0.007444566882148118
HUST,HUST/HUST_8-2,raw_domain_equal,2036,0.031034805453903334,0.04809923868972337,0.21474201474201474,0.008283719726049132
HUST,HUST/HUST_8-3,raw_domain_equal,2285,0.038293017415688906,0.04728786350187332,0.29509632224168125,0.009535414262588637
HUST,HUST/HUST_8-4,raw_domain_equal,1880,0.029761968621716223,0.044888325569622266,0.271953166577967,0.008607894694253604
HUST,HUST/HUST_8-5,raw_domain_equal,1343,0.028426151266561256,0.04053377636304326,0.2995529061102832,0.007944493663573415
HUST,HUST/HUST_8-6,raw_domain_equal,2360,0.03507211676049568,0.05223526575019375,0.21364985163204747,0.009144725670324094
HUST,HUST/HUST_8-7,raw_domain_equal,2042,0.03508456007486505,0.04755164528212702,0.23125918667319942,0.007345604667145289
HUST,HUST/HUST_8-8,raw_domain_equal,1674,0.0374718004148963,0.04674593553733656,0.27734608487746565,0.009076548892787195
HUST,HUST/HUST_9-1,raw_domain_equal,2052,0.036603894848369116,0.049623377995653487,0.28717698683568993,0.010436812433010978
HUST,HUST/HUST_9-2,raw_domain_equal,2138,0.03731404816348795,0.046397926708449944,0.33645297145531117,0.00886556847275477
HUST,HUST/HUST_9-3,raw_domain_equal,1900,0.036932797182433606,0.047492850467555955,0.239073196419168,0.007803242578433012
HUST,HUST/HUST_9-4,raw_domain_equal,1970,0.03654215535703742,0.048170685004939096,0.244794311833418,0.008269358665384585
HUST,HUST/HUST_9-5,raw_domain_equal,2163,0.036816477025401584,0.047302469156042325,0.25161887141535616,0.00886166508716879
HUST,HUST/HUST_9-6,raw_domain_equal,1737,0.03541400907465425,0.04791907350805788,0.3225806451612903,0.008038586270865622
HUST,HUST/HUST_9-7,raw_domain_equal,2007,0.03569624056672702,0.0457258117097985,0.3100697906281156,0.008459558271718182
HUST,HUST/HUST_9-8,raw_domain_equal,2303,0.03930077905179481,0.047828203893008,0.26498696785403997,0.009150030694055289
MATR,MATR/MATR_b1c0,raw_domain_equal,1843,0.04818420061641051,0.05472304989057936,0.43593919652551577,0.015414849398354469
MATR,MATR/MATR_b1c1,raw_domain_equal,2153,0.05617532595549128,0.06197427713245793,0.36617100371747213,0.008995537572828227
MATR,MATR/MATR_b1c11,raw_domain_equal,781,0.06939817287891517,0.076714049085385,0.31666666666666665,0.01920529752608857
MATR,MATR/MATR_b1c14,raw_domain_equal,873,0.06793167440449409,0.0752860426030753,0.4048165137614679,0.03105410546091325
MATR,MATR/MATR_b1c15,raw_domain_equal,712,0.06527504884889623,0.07230114132290252,0.3980309423347398,0.02606785021370117
MATR,MATR/MATR_b1c16,raw_domain_equal,855,0.055234979350605944,0.06155000519084437,0.3864168618266979,0.01644338133529466
MATR,MATR/MATR_b1c17,raw_domain_equal,850,0.05532870572638834,0.06182986810875033,0.38869257950530034,0.02662750641284417
MATR,MATR/MATR_b1c18,raw_domain_equal,683,0.045310203537060764,0.048592322071075694,0.4560117302052786,0.03383678378222332
MATR,MATR/MATR_b1c19,raw_domain_equal,781,0.0595753051657174,0.06505304266221132,0.4256410256410256,0.03475438818598209
MATR,MATR/MATR_b1c2,raw_domain_equal,2229,0.055518401260824475,0.06141075702512212,0.3644524236983842,0.010785310342474319
MATR,MATR/MATR_b1c20,raw_domain_equal,526,0.03226560843067815,0.03368207538647663,0.4095238095238095,0.016005104924253
MATR,MATR/MATR_b1c21,raw_domain_equal,552,0.042177861260275694,0.04512861371831329,0.41560798548094374,0.02401088032016574
MATR,MATR/MATR_b1c23,raw_domain_equal,1007,0.07141707218035523,0.07901425762460862,0.30318091451292245,0.015690499620042986
MATR,MATR/MATR_b1c24,raw_domain_equal,1010,0.0818119925558891,0.08855898476812245,0.39742319127849357,0.015525426113229823
MATR,MATR/MATR_b1c25,raw_domain_equal,847,0.07570967423295719,0.08347551823749111,0.3049645390070922,0.024722614325824677
MATR,MATR/MATR_b1c26,raw_domain_equal,863,0.056110387245410384,0.06321538244197049,0.42691415313225056,0.024234315197572354
MATR,MATR/MATR_b1c27,raw_domain_equal,835,0.06088485928357734,0.06762491660256595,0.36330935251798563,0.01588906171064186
MATR,MATR/MATR_b1c28,raw_domain_equal,853,0.07352785343691344,0.08053684408007315,0.4107981220657277,0.031654121784109646
MATR,MATR/MATR_b1c29,raw_domain_equal,910,0.07587410217935843,0.08269059060189785,0.41144114411441146,0.026663820439296493
MATR,MATR/MATR_b1c3,raw_domain_equal,1427,0.05089128290061868,0.05636480938410518,0.3856942496493689,0.011983575672648072
MATR,MATR/MATR_b1c30,raw_domain_equal,701,0.05498611510240105,0.06139666014492133,0.3628571428571429,0.01765405762331651
MATR,MATR/MATR_b1c31,raw_domain_equal,869,0.05935183899263213,0.06573044743116051,0.3870967741935484,0.021860872019249356
MATR,MATR/MATR_b1c32,raw_domain_equal,724,0.0653164707223123,0.0712604320365482,0.3914246196403873,0.03063714802641737
MATR,MATR/MATR_b1c33,raw_domain_equal,750,0.06479057114839043,0.07071303934454436,0.37917222963951935,0.03793975064107136
MATR,MATR/MATR_b1c34,raw_domain_equal,735,0.06786994955625368,0.07516712247281834,0.2670299727520436,0.027026624041051717
MATR,MATR/MATR_b1c35,raw_domain_equal,695,0.06515240717269342,0.07259289308603326,0.29250720461095103,0.02723186291497992
MATR,MATR/MATR_b1c36,raw_domain_equal,697,0.06989113516890313,0.07683963633958299,0.34770114942528735,0.028402054985635083
MATR,MATR/MATR_b1c37,raw_domain_equal,640,0.06659993546358381,0.07303699163331492,0.350547730829421,0.028355003832977288
MATR,MATR/MATR_b1c38,raw_domain_equal,610,0.054564144049113264,0.05984923307542245,0.37110016420361247,0.03701457040396472
MATR,MATR/MATR_b1c39,raw_domain_equal,618,0.055415012030513494,0.06105139069237793,0.293354943273906,0.03868734627749004
MATR,MATR/MATR_b1c4,raw_domain_equal,1702,0.05272774964276953,0.05846132619192509,0.3868312757201646,0.034480670681361625
MATR,MATR/MATR_b1c40,raw_domain_equal,959,0.07144083495695552,0.07908939070826757,0.3068893528183716,0.016297863471914198
MATR,MATR/MATR_b1c41,raw_domain_equal,1044,0.07719332633714338,0.08390512428522955,0.3480345158197507,0.02007064752959098
MATR,MATR/MATR_b1c42,raw_domain_equal,695,0.05865749128874032,0.06553037080326717,0.2420749279538905,0.035544367656068276
MATR,MATR/MATR_b1c43,raw_domain_equal,644,0.05658212675708397,0.0632152536250385,0.2301710730948678,0.032943749948490364
MATR,MATR/MATR_b1c44,raw_domain_equal,608,0.05975365703119696,0.06984687808089036,0.40197693574958815,0.05712159029463282
MATR,MATR/MATR_b1c45,raw_domain_equal,592,0.05888846412332812,0.06865664177520014,0.3604060913705584,0.05577299878061859
MATR,MATR/MATR_b1c5,raw_domain_equal,1067,0.046815319949379035,0.05187876231856856,0.399624765478424,0.035156074212023825
MATR,MATR/MATR_b1c6,raw_domain_equal,629,0.03230460004873009,0.03692926979869042,0.3853503184713376,0.02477706357380427
MATR,MATR/MATR_b1c7,raw_domain_equal,863,0.03632061704398098,0.04126805734909686,0.4651972157772622,0.03055622517642509
MATR,MATR/MATR_b1c9,raw_domain_equal,1046,0.06364674238934548,0.07075952448444535,0.4076555023923445,0.0213558137601757
MATR,MATR/MATR_b2c0,raw_domain_equal,320,0.024250907275186317,0.037589766523296375,0.41379310344827586,0.008548834312259612
MATR,MATR/MATR_b2c1,raw_domain_equal,164,0.06282662939033966,0.0797092557449928,0.37423312883435583,0.005271918816183052
MATR,MATR/MATR_b2c10,raw_domain_equal,590,0.025976265408632893,0.03565123762200254,0.42784380305602715,0.025164325992101944
MATR,MATR/MATR_b2c11,raw_domain_equal,499,0.024457713943815827,0.03458659744628429,0.38353413654618473,0.0129051874999917
MATR,MATR/MATR_b2c12,raw_domain_equal,484,0.020438867058880317,0.03565484589786625,0.3416149068322981,0.004305692040844078
MATR,MATR/MATR_b2c13,raw_domain_equal,514,0.02612847171903729,0.04062446271366512,0.33723196881091616,0.004154322064611526
MATR,MATR/MATR_b2c14,raw_domain_equal,503,0.029782137701073012,0.03753617241798515,0.2908366533864542,0.012507376748827737
MATR,MATR/MATR_b2c17,raw_domain_equal,519,0.029333437476046567,0.03823571921797627,0.46332046332046334,0.031141056137683365
MATR,MATR/MATR_b2c18,raw_domain_equal,517,0.021979012341495508,0.03362910224262263,0.43410852713178294,0.008338741117287718
MATR,MATR/MATR_b2c19,raw_domain_equal,483,0.015790187508205714,0.02767913682344928,0.42738589211618255,0.006610947255093036
MATR,MATR/MATR_b2c2,raw_domain_equal,458,0.04134670991345678,0.04564876103180921,0.4420131291028446,0.019369710341628932
MATR,MATR/MATR_b2c20,raw_domain_equal,525,0.02962731329806709,0.03856833000588461,0.4122137404580153,0.00614811294033768
MATR,MATR/MATR_b2c21,raw_domain_equal,514,0.02474672951571008,0.03587669332382229,0.3898635477582846,0.010367282825305635
MATR,MATR/MATR_b2c22,raw_domain_equal,534,0.029240372094205387,0.03776932949090878,0.38649155722326456,0.007986483742888573
MATR,MATR/MATR_b2c23,raw_domain_equal,556,0.026369085643154145,0.03592255093447579,0.409009009009009,0.01041883916412123
MATR,MATR/MATR_b2c24,raw_domain_equal,518,0.029072825014636546,0.03645995919653219,0.437137330754352,0.011711716295794261
MATR,MATR/MATR_b2c25,raw_domain_equal,481,0.02177236189558203,0.03298893082321688,0.4395833333333333,0.015328958660989045
MATR,MATR/MATR_b2c26,raw_domain_equal,492,0.02250630163814388,0.03359018326743681,0.40122199592668023,0.02027150005546985
MATR,MATR/MATR_b2c27,raw_domain_equal,489,0.02680122791147937,0.03499038799902956,0.4016393442622951,0.00870625071572928
MATR,MATR/MATR_b2c28,raw_domain_equal,535,0.028809379180697956,0.03640651206052261,0.4700374531835206,0.030667523818044495
MATR,MATR/MATR_b2c29,raw_domain_equal,516,0.03381572867800409,0.040178672956622835,0.3844660194174757,0.04049898724935819
MATR,MATR/MATR_b2c3,raw_domain_equal,355,0.02143921401238079,0.03698273364175819,0.4406779661016949,0.015159460973875327
MATR,MATR/MATR_b2c30,raw_domain_equal,501,0.02819171998809676,0.03471405223348661,0.34,0.0133978287824853
MATR,MATR/MATR_b2c31,raw_domain_equal,513,0.030226983789414588,0.03660904636553336,0.37890625,0.020803487293400313
MATR,MATR/MATR_b2c32,raw_domain_equal,538,0.031144629670292766,0.03710538689670764,0.46741154562383613,0.025033675897354057
MATR,MATR/MATR_b2c33,raw_domain_equal,540,0.03608837206993119,0.042343845378096066,0.42115027829313545,0.00733402437781816
MATR,MATR/MATR_b2c34,raw_domain_equal,520,0.037736932827174656,0.04306390062309048,0.3352601156069364,0.026496247737046175
MATR,MATR/MATR_b2c35,raw_domain_equal,480,0.034790925979676486,0.03913553125832661,0.34237995824634654,0.02839563288333191
MATR,MATR/MATR_b2c36,raw_domain_equal,554,0.03579832803615471,0.04104030403386076,0.3508137432188065,0.005649703522350169
MATR,MATR/MATR_b2c37,raw_domain_equal,496,0.03613211862006513,0.04172465436824333,0.301010101010101,0.006060700528715324
MATR,MATR/MATR_b2c38,raw_domain_equal,481,0.03466825027681843,0.03989807608985531,0.29375,0.00788976467135194
MATR,MATR/MATR_b2c39,raw_domain_equal,474,0.04202076556679668,0.047513628030558565,0.28118393234672306,0.015674979691491564
MATR,MATR/MATR_b2c4,raw_domain_equal,465,0.023293292611031538,0.03555426312766635,0.36637931034482757,0.006128396012281101
MATR,MATR/MATR_b2c40,raw_domain_equal,524,0.023608662059206968,0.031159276055598928,0.4608030592734226,0.023481545996878794
MATR,MATR/MATR_b2c41,raw_domain_equal,446,0.02934317954597858,0.03428572406544405,0.43595505617977526,0.020395330560467828
MATR,MATR/MATR_b2c42,raw_domain_equal,486,0.030095252020815158,0.03555776817687136,0.38762886597938145,0.006223329868021654
MATR,MATR/MATR_b2c43,raw_domain_equal,481,0.030899671384692053,0.03568675960800282,0.4083333333333333,0.009545355446752168
MATR,MATR/MATR_b2c44,raw_domain_equal,472,0.03478955165120077,0.03942298205876044,0.4140127388535032,0.018462177677357916
MATR,MATR/MATR_b2c45,raw_domain_equal,508,0.029333669189082243,0.03494801298899786,0.39250493096646943,0.008299980936336104
MATR,MATR/MATR_b2c46,raw_domain_equal,443,0.03301968241011513,0.03699645320877589,0.416289592760181,0.013185371980309335
MATR,MATR/MATR_b2c47,raw_domain_equal,739,0.032443337290313436,0.03660441009126322,0.42140921409214094,0.03223505613414723
MATR,MATR/MATR_b2c5,raw_domain_equal,501,0.030501718994122795,0.03811564242349379,0.406,0.01571841000615337
MATR,MATR/MATR_b2c6,raw_domain_equal,539,0.017585757131974383,0.031824466919645564,0.4739776951672863,0.011114381200282852
MATR,MATR/MATR_b3c0,raw_domain_equal,1002,0.03673405284573386,0.041060348044367354,0.4885114885114885,0.021262909137036323
MATR,MATR/MATR_b3c1,raw_domain_equal,1056,0.03770269384175062,0.04160903686397554,0.4957345971563981,0.019618716775461564
MATR,MATR/MATR_b3c10,raw_domain_equal,1071,0.0444082063668046,0.049541401841570076,0.4261682242990654,0.010812404433683587
MATR,MATR/MATR_b3c11,raw_domain_equal,810,0.02732791872301626,0.0311268584054026,0.4746600741656366,0.02155601255589734
MATR,MATR/MATR_b3c12,raw_domain_equal,925,0.035256476645656676,0.03941450402247467,0.49242424242424243,0.02183862875546283
MATR,MATR/MATR_b3c13,raw_domain_equal,809,0.026502512882146483,0.03040554453590667,0.46905940594059403,0.017064821714862566
MATR,MATR/MATR_b3c14,raw_domain_equal,851,0.03204263875639428,0.03635197375162502,0.4576470588235294,0.022926238439987756
MATR,MATR/MATR_b3c15,raw_domain_equal,869,0.030518638113879497,0.03440028199657491,0.478110599078341,0.020892233600774746
MATR,MATR/MATR_b3c16,raw_domain_equal,1631,0.04769985725236417,0.052826085628533796,0.4128834355828221,0.012713865121093071
MATR,MATR/MATR_b3c17,raw_domain_equal,1308,0.03868306910107736,0.04315984199958081,0.4728385615914308,0.022979001735371818
MATR,MATR/MATR_b3c18,raw_domain_equal,1139,0.03454597266374356,0.03823004256375189,0.47451669595782076,0.019055947979306653
MATR,MATR/MATR_b3c19,raw_domain_equal,1148,0.03398195978134014,0.03761781770113,0.46817785527462946,0.022726783076013057
MATR,MATR/MATR_b3c20,raw_domain_equal,806,0.03163620392851137,0.03593841733918607,0.48074534161490684,0.022429715934705996
MATR,MATR/MATR_b3c21,raw_domain_equal,765,0.01704017773188386,0.020594755871075694,0.4698952879581152,0.02313560767933731
MATR,MATR/MATR_b3c22,raw_domain_equal,995,0.06285411477959307,0.06760920507448587,0.47484909456740443,0.03654156100522665
MATR,MATR/MATR_b3c24,raw_domain_equal,818,0.030887155413600622,0.035147729339901915,0.4834761321909425,0.020927906822698517
MATR,MATR/MATR_b3c25,raw_domain_equal,982,0.03689638822667639,0.04108037137171126,0.4841997961264016,0.02133304483890086
MATR,MATR/MATR_b3c26,raw_domain_equal,1021,0.03634909503524482,0.04068804672633689,0.4843137254901961,0.02044816113782577
MATR,MATR/MATR_b3c27,raw_domain_equal,843,0.030214795622289927,0.03412913438327524,0.4857482185273159,0.018967087172630293
MATR,MATR/MATR_b3c28,raw_domain_equal,534,0.012882231279347124,0.019537246908860856,0.4596622889305816,0.0192716501289244
MATR,MATR/MATR_b3c29,raw_domain_equal,851,0.03072440635258045,0.03502431668428956,0.4776470588235294,0.019659091162964604
MATR,MATR/MATR_b3c3,raw_domain_equal,1108,0.03722517451383487,0.04122039438781961,0.4778681120144535,0.024179951802951516
MATR,MATR/MATR_b3c30,raw_domain_equal,928,0.0358146866866366,0.04012621538557803,0.47896440129449835,0.027511584740937844
MATR,MATR/MATR_b3c31,raw_domain_equal,724,0.05029689014215125,0.05557310875073249,0.47994467496542187,0.028827009102009193
MATR,MATR/MATR_b3c33,raw_domain_equal,1277,0.04009624447276446,0.04414235637840352,0.493730407523511,0.017338861899159452
MATR,MATR/MATR_b3c34,raw_domain_equal,1151,0.035461810174937644,0.03952649638407364,0.46869565217391307,0.025192426548991564
MATR,MATR/MATR_b3c35,raw_domain_equal,1086,0.03362827528010017,0.037570778169113514,0.4663594470046083,0.016099255192013828
MATR,MATR/MATR_b3c36,raw_domain_equal,916,0.03161516502686762,0.035119954476861684,0.46885245901639344,0.021241344045993982
MATR,MATR/MATR_b3c38,raw_domain_equal,1928,0.04522454076913285,0.04978500363186008,0.48936170212765956,0.019077941616159277
MATR,MATR/MATR_b3c39,raw_domain_equal,1149,0.03876746363710537,0.042727257360307414,0.4843205574912892,0.022115387044103207
MATR,MATR/MATR_b3c4,raw_domain_equal,1041,0.03541496586033314,0.03943753727564279,0.4826923076923077,0.020370378382025933
MATR,MATR/MATR_b3c40,raw_domain_equal,789,0.02746980207165751,0.031331770364824985,0.48223350253807107,0.020078741296294944
MATR,MATR/MATR_b3c41,raw_domain_equal,779,0.032157841850717815,0.03659645697924078,0.4652956298200514,0.02058319498765493
MATR,MATR/MATR_b3c44,raw_domain_equal,933,0.03729404761208285,0.041776595007483784,0.4688841201716738,0.022816424566117988
MATR,MATR/MATR_b3c45,raw_domain_equal,1794,0.04985609062254479,0.055148145842990576,0.4255437813720022,0.009733927513079443
MATR,MATR/MATR_b3c5,raw_domain_equal,821,0.02790754589854276,0.03142793520303914,0.4817073170731707,0.021422489859847627
MATR,MATR/MATR_b3c6,raw_domain_equal,660,0.014726846983286043,0.021530609143758896,0.4552352048558422,0.015260010121142864
MATR,MATR/MATR_b3c7,raw_domain_equal,1829,0.05157358163631099,0.05704376478013567,0.412472647702407,0.009976446705211472
MATR,MATR/MATR_b3c8,raw_domain_equal,821,0.03115122767310447,0.03547494151007808,0.4719512195121951,0.020883254155582565
MATR,MATR/MATR_b3c9,raw_domain_equal,1032,0.041016040423169337,0.04548890603574247,0.4742967992240543,0.03727585426470059
MATR,MATR/MATR_b4c0,raw_domain_equal,977,0.043876243924553415,0.06204820427037056,0.45594262295081966,0.019801256314327498
MATR,MATR/MATR_b4c1,raw_domain_equal,856,0.044949158139457594,0.06237360521641122,0.4608187134502924,0.016974466683674194
MATR,MATR/MATR_b4c10,raw_domain_equal,1077,0.07180397185111705,0.10700561579036186,0.4637546468401487,0.033578083558310934
MATR,MATR/MATR_b4c11,raw_domain_equal,925,0.04389918927822671,0.0502576001808436,0.4653679653679654,0.03894533984953219
MATR,MATR/MATR_b4c12,raw_domain_equal,893,0.05316675517430605,0.06028702685436152,0.476457399103139,0.04500226819364672
MATR,MATR/MATR_b4c13,raw_domain_equal,864,0.05793297793655067,0.06939987233397328,0.48088064889918886,0.03223964864003326
MATR,MATR/MATR_b4c14,raw_domain_equal,762,0.0792108533472909,0.10754760324734121,0.43626806833114323,0.02566997074639843
MATR,MATR/MATR_b4c15,raw_domain_equal,866,0.09264150832333873,0.1336363928040196,0.4208092485549133,0.0218903723721785
MATR,MATR/MATR_b4c16,raw_domain_equal,978,0.0659421200638286,0.07108730283805317,0.458546571136131,0.03390340532776104
MATR,MATR/MATR_b4c17,raw_domain_equal,925,0.06210616850719591,0.06734111158870436,0.45670995670995673,0.024914009977636264
MATR,MATR/MATR_b4c18,raw_domain_equal,1052,0.0631175913218847,0.07839097202566175,0.4586108468125595,0.028952989021760245
MATR,MATR/MATR_b4c19,raw_domain_equal,1106,0.07072768436522454,0.07729442899336457,0.448868778280543,0.0401910431296143
MATR,MATR/MATR_b4c2,raw_domain_equal,779,0.04375230703929578,0.049830345159516815,0.4781491002570694,0.03410578292039468
MATR,MATR/MATR_b4c20,raw_domain_equal,799,0.03914793358276966,0.04522987586260205,0.43859649122807015,0.035935938137959034
MATR,MATR/MATR_b4c21,raw_domain_equal,898,0.05613176341723991,0.08055322234884817,0.4693422519509476,0.02058656934926939
MATR,MATR/MATR_b4c22,raw_domain_equal,740,0.061615317347707685,0.06774980912777182,0.4479025710419486,0.02547455275491972
MATR,MATR/MATR_b4c23,raw_domain_equal,1089,0.056103216298232186,0.06167368109964893,0.47702205882352944,0.05070976778135816
MATR,MATR/MATR_b4c24,raw_domain_equal,1110,0.05126995092573241,0.06238135389646824,0.46798917944093776,0.028776482626540423
MATR,MATR/MATR_b4c25,raw_domain_equal,562,0.07837860940415926,0.10104445279923695,0.45454545454545453,0.01822047370718194
MATR,MATR/MATR_b4c26,raw_domain_equal,574,0.07660765829290296,0.09842801242372518,0.4432809773123909,0.01233301384867147
MATR,MATR/MATR_b4c27,raw_domain_equal,558,0.05805164536771008,0.06634882058786594,0.4398563734290844,0.019438437090833705
MATR,MATR/MATR_b4c28,raw_domain_equal,877,0.05284410403152737,0.05878769853293916,0.4965753424657534,0.03621732083549922
MATR,MATR/MATR_b4c29,raw_domain_equal,951,0.041679820744361426,0.04805998631041142,0.4589473684210526,0.035054650023432776
MATR,MATR/MATR_b4c3,raw_domain_equal,906,0.07119186865823704,0.08864755119393909,0.44751381215469616,0.05482604925640122
MATR,MATR/MATR_b4c30,raw_domain_equal,714,0.05005654709694904,0.06753462705353414,0.4642356241234222,0.02960890418891471
MATR,MATR/MATR_b4c31,raw_domain_equal,827,0.15317663129267906,0.23006208754228188,0.46246973365617433,0.03085591617560768
MATR,MATR/MATR_b4c32,raw_domain_equal,834,0.06472884361839226,0.07129601467389891,0.4777911164465786,0.038675674793437254
MATR,MATR/MATR_b4c33,raw_domain_equal,525,0.055994996414761224,0.05970483639377296,0.42366412213740456,0.021272852895448224
MATR,MATR/MATR_b4c34,raw_domain_equal,992,0.04147279589136681,0.04768687223809588,0.4591321897073663,0.025963059040638115
MATR,MATR/MATR_b4c35,raw_domain_equal,1126,0.04311362601899417,0.047993276310427574,0.47733333333333333,0.034538790141371734
MATR,MATR/MATR_b4c36,raw_domain_equal,708,0.07843726342027565,0.09668053011435222,0.43988684582743987,0.016646159265355953
MATR,MATR/MATR_b4c37,raw_domain_equal,1000,0.06782688406901648,0.0769052600958465,0.45845845845845845,0.03528041277654681
MATR,MATR/MATR_b4c38,raw_domain_equal,1225,0.04400163845201125,0.048516369344152696,0.4803921568627451,0.03914659632843698
MATR,MATR/MATR_b4c39,raw_domain_equal,756,0.057592396030820225,0.06251498325184825,0.4278145695364238,0.0277446473541747
MATR,MATR/MATR_b4c4,raw_domain_equal,907,0.13957523675191116,0.2123011409118748,0.44260485651214126,0.026251380688717463
MATR,MATR/MATR_b4c40,raw_domain_equal,1117,0.0440183243271283,0.04883301028084407,0.4731182795698925,0.04086076686316886
MATR,MATR/MATR_b4c41,raw_domain_equal,992,0.06444611283473883,0.09959270821807244,0.46215943491422806,0.024506562127947107
MATR,MATR/MATR_b4c42,raw_domain_equal,910,0.05569597552970845,0.08159281323649786,0.46424642464246424,0.03631540639731423
MATR,MATR/MATR_b4c43,raw_domain_equal,946,0.07559673266658613,0.11621644046333776,0.4613756613756614,0.021372730170943988
MATR,MATR/MATR_b4c44,raw_domain_equal,1072,0.060421447555445366,0.06901440873423449,0.48366013071895425,0.04999256820066533
MATR,MATR/MATR_b4c5,raw_domain_equal,1062,0.055449261624271495,0.07122538496824166,0.4938737040527804,0.03413135247520027
MATR,MATR/MATR_b4c6,raw_domain_equal,772,0.05699791597850855,0.06180266878900651,0.4357976653696498,0.028931349840248366
MATR,MATR/MATR_b4c7,raw_domain_equal,557,0.057616609329567144,0.06149077057393954,0.4352517985611511,0.013522151760890111
MATR,MATR/MATR_b4c8,raw_domain_equal,713,0.036595585657576486,0.043172557500677326,0.46629213483146065,0.029496063105742265
MATR,MATR/MATR_b4c9,raw_domain_equal,524,0.0658374335182037,0.07915750661004148,0.4378585086042065,0.009035955295321862
MICH,MICH/MICH_BLForm10_pouch_NMC_25C_0-100_1-1C_j,raw_domain_equal,454,0.10166236108755877,0.1424280677387166,0.3509933774834437,0.03267125833114731
MICH,MICH/MICH_BLForm11_pouch_NMC_25C_0-100_1-1C_a,raw_domain_equal,420,0.07709660955520468,0.10855057254147482,0.32935560859188545,0.016176459152833944
MICH,MICH/MICH_BLForm12_pouch_NMC_25C_0-100_1-1C_b,raw_domain_equal,427,0.09036719081707449,0.12425522005606335,0.2981220657276995,0.0946601568543346
MICH,MICH/MICH_BLForm13_pouch_NMC_25C_0-100_1-1C_c,raw_domain_equal,432,0.10079012659382929,0.1397803151876077,0.345707656612529,0.08073024991691324
MICH,MICH/MICH_BLForm14_pouch_NMC_25C_0-100_1-1C_d,raw_domain_equal,471,0.0817116557445891,0.11296561541317876,0.4021276595744681,0.011760084790675918
MICH,MICH/MICH_BLForm15_pouch_NMC_25C_0-100_1-1C_e,raw_domain_equal,437,0.09449183230261389,0.13149872329792037,0.38073394495412843,0.0722599942493336
MICH,MICH/MICH_BLForm16_pouch_NMC_25C_0-100_1-1C_f,raw_domain_equal,437,0.09003729216292171,0.12743606339182437,0.36009174311926606,0.023565731327524042
MICH,MICH/MICH_BLForm17_pouch_NMC_25C_0-100_1-1C_g,raw_domain_equal,437,0.11204433561894454,0.15228318917613998,0.3577981651376147,0.05882958904832203
MICH,MICH/MICH_BLForm18_pouch_NMC_25C_0-100_1-1C_h,raw_domain_equal,433,0.10194869757296664,0.13808469178842595,0.3402777777777778,0.0823587299362264
MICH,MICH/MICH_BLForm19_pouch_NMC_25C_0-100_1-1C_i,raw_domain_equal,437,0.0948820183739748,0.1287448523925841,0.3119266055045872,0.06091482263272574
MICH,MICH/MICH_BLForm1_pouch_NMC_45C_0-100_1-1C_a,raw_domain_equal,487,0.127187786652228,0.17492132307998662,0.32098765432098764,0.02010473381272293
MICH,MICH/MICH_BLForm20_pouch_NMC_25C_0-100_1-1C_j,raw_domain_equal,437,0.11053308022201382,0.14967323924807754,0.3256880733944954,0.07722874699971904
MICH,MICH/MICH_BLForm2_pouch_NMC_45C_0-100_1-1C_b,raw_domain_equal,459,0.12946339401185758,0.17891629309564816,0.3318777292576419,0.0369513540144511
MICH,MICH/MICH_BLForm3_pouch_NMC_45C_0-100_1-1C_c,raw_domain_equal,507,0.08446540876101515,0.1201921773073485,0.30039525691699603,0.008264300126501256
MICH,MICH/MICH_BLForm4_pouch_NMC_45C_0-100_1-1C_d,raw_domain_equal,487,0.1261830474627144,0.16996426934319828,0.3477366255144033,0.017507367151367803
MICH,MICH/MICH_BLForm5_pouch_NMC_45C_0-100_1-1C_e,raw_domain_equal,487,0.12738213762835865,0.1789761324512431,0.3168724279835391,0.022621100849092912
MICH,MICH/MICH_BLForm6_pouch_NMC_45C_0-100_1-1C_f,raw_domain_equal,449,0.0898765676536441,0.1284138235345046,0.31473214285714285,0.033757879777169764
MICH,MICH/MICH_BLForm7_pouch_NMC_45C_0-100_1-1C_g,raw_domain_equal,452,0.10932309726742753,0.157228687252496,0.328159645232816,0.03494649552866802
MICH,MICH/MICH_BLForm8_pouch_NMC_45C_0-100_1-1C_h,raw_domain_equal,487,0.12792780586583577,0.18102292189421995,0.3477366255144033,0.015827364617893636
MICH,MICH/MICH_BLForm9_pouch_NMC_45C_0-100_1-1C_i,raw_domain_equal,569,0.26100076485849,0.31046876796776635,0.2482394366197183,0.019797854017826466
MICH,MICH/MICH_MCForm21_pouch_NMC_25C_0-100_1-1C_a,raw_domain_equal,471,0.06918460572733434,0.10026190091873678,0.3595744680851064,0.0200995492295184
MICH,MICH/MICH_MCForm22_pouch_NMC_25C_0-100_1-1C_b,raw_domain_equal,486,0.10420648479887895,0.14326854391605126,0.33814432989690724,0.06458369533499919
MICH,MICH/MICH_MCForm23_pouch_NMC_25C_0-100_1-1C_c,raw_domain_equal,535,0.07771291709632154,0.10933682060882755,0.37640449438202245,0.013173821195291424
MICH,MICH/MICH_MCForm24_pouch_NMC_25C_0-100_1-1C_d,raw_domain_equal,471,0.08280174107514329,0.1170119732191164,0.35319148936170214,0.08799335088970861
MICH,MICH/MICH_MCForm25_pouch_NMC_25C_0-100_1-1C_e,raw_domain_equal,584,0.08565261922817917,0.1174407088744118,0.39451114922813035,0.049006019399148615
MICH,MICH/MICH_MCForm26_pouch_NMC_25C_0-100_1-1C_f,raw_domain_equal,584,0.08223549593005881,0.11245273267462402,0.38593481989708406,0.017198421797170016
MICH,MICH/MICH_MCForm27_pouch_NMC_25C_0-100_1-1C_g,raw_domain_equal,535,0.08164960554241542,0.1141149371676336,0.38764044943820225,0.015176681695057703
MICH,MICH/MICH_MCForm28_pouch_NMC_25C_0-100_1-1C_h,raw_domain_equal,584,0.08886676726052371,0.12043902946193392,0.37735849056603776,0.058159480732920876
MICH,MICH/MICH_MCForm29_pouch_NMC_25C_0-100_1-1C_i,raw_domain_equal,547,0.08790534345869969,0.11855069575989152,0.3717948717948718,0.05484954605067105
MICH,MICH/MICH_MCForm30_pouch_NMC_25C_0-100_1-1C_j,raw_domain_equal,535,0.08278130461848705,0.11482402829965188,0.3895131086142322,0.028390030884812956
MICH,MICH/MICH_MCForm31_pouch_NMC_45C_0-100_1-1C_a,raw_domain_equal,506,0.08860263712746164,0.12598483787123524,0.29306930693069305,0.013853833546219163
MICH,MICH/MICH_MCForm32_pouch_NMC_45C_0-100_1-1C_b,raw_domain_equal,487,0.07597871544332654,0.10639286134266944,0.28189300411522633,0.008936061706319887
MICH,MICH/MICH_MCForm33_pouch_NMC_45C_0-100_1-1C_c,raw_domain_equal,496,0.0817359963958645,0.11618430934526518,0.26666666666666666,0.011303866277776797
MICH,MICH/MICH_MCForm34_pouch_NMC_45C_0-100_1-1C_d,raw_domain_equal,575,0.06945892492364951,0.09066883159814522,0.2926829268292683,0.007824325921123698
MICH,MICH/MICH_MCForm35_pouch_NMC_45C_0-100_1-1C_e,raw_domain_equal,440,0.0737370600754124,0.10594043885819956,0.3439635535307517,0.006868586960449119
MICH,MICH/MICH_MCForm36_pouch_NMC_45C_0-100_1-1C_f,raw_domain_equal,536,0.0882862611666531,0.12025119694128182,0.3121495327102804,0.009137572572001318
MICH,MICH/MICH_MCForm37_pouch_NMC_45C_0-100_1-1C_g,raw_domain_equal,536,0.07659603847361075,0.10618829463067608,0.3102803738317757,0.005041346929019586
MICH,MICH/MICH_MCForm38_pouch_NMC_45C_0-100_1-1C_h,raw_domain_equal,497,0.0889165966922796,0.12182754104432231,0.2923387096774194,0.04612219212361257
MICH,MICH/MICH_MCForm39_pouch_NMC_45C_0-100_1-1C_i,raw_domain_equal,536,0.08095966783094526,0.11081569696784878,0.3177570093457944,0.009189784879095941
MICH,MICH/MICH_MCForm40_pouch_NMC_45C_0-100_1-1C_j,raw_domain_equal,534,0.08018643243403105,0.1068969089658386,0.28330206378986866,0.00692259627529046
MICH_EXP,MICH_EXP/MICH_01R_pouch_NMC_25C_0-100_0.2-0.2C,raw_domain_equal,374,0.07264222081507139,0.09262862318344234,0.1554959785522788,0.5574909709728012
MICH_EXP,MICH_EXP/MICH_02C_pouch_NMC_-5C_0-100_0.2-0.2C,raw_domain_equal,288,0.01910964402619241,0.022786508828589874,0.3205574912891986,0.0024076755491908575
MICH_EXP,MICH_EXP/MICH_03H_pouch_NMC_45C_0-100_0.2-0.2C,raw_domain_equal,98,0.04317339102111933,0.05320509027464415,0.13402061855670103,0.05511584782098511
MICH_EXP,MICH_EXP/MICH_04R_pouch_NMC_25C_0-100_1.5-1.5C,raw_domain_equal,322,0.08585444545034752,0.10090444984633938,0.21495327102803738,0.004905847660079066
MICH_EXP,MICH_EXP/MICH_05C_pouch_NMC_-5C_0-100_1.5-1.5C,raw_domain_equal,568,0.1066082703294554,0.1102379544761121,0.2751322751322751,0.021530818380765815
MICH_EXP,MICH_EXP/MICH_06H_pouch_NMC_45C_0-100_1.5-1.5C,raw_domain_equal,172,0.09336748630399616,0.10491019252061021,0.25146198830409355,0.004171697966017129
MICH_EXP,MICH_EXP/MICH_07R_pouch_NMC_25C_0-100_2-2C,raw_domain_equal,240,0.1503628254276546,0.17134155040210428,0.200836820083682,0.02585978330994043
MICH_EXP,MICH_EXP/MICH_08C_pouch_NMC_-5C_0-100_2-2C,raw_domain_equal,568,0.0925760404960961,0.09718846989945036,0.2239858906525573,0.23472514099555164
MICH_EXP,MICH_EXP/MICH_09H_pouch_NMC_45C_0-100_2-2C,raw_domain_equal,170,0.1459394883241066,0.1633143139558238,0.23668639053254437,0.006964663883244349
MICH_EXP,MICH_EXP/MICH_10R_pouch_NMC_25C_0-100_0.2-1.5C,raw_domain_equal,434,0.03662320138537061,0.046213912939244046,0.2517321016166282,0.11869398233372608
MICH_EXP,MICH_EXP/MICH_11C_pouch_NMC_-5C_0-100_0.2-1.5C,raw_domain_equal,535,0.048940100836906475,0.057645995087975944,0.3333333333333333,0.013644451015754955
MICH_EXP,MICH_EXP/MICH_12H_pouch_NMC_45C_0-100_0.2-1.5C,raw_domain_equal,177,0.10050129095060166,0.11741228921157296,0.17613636363636365,0.0012172728785235787
MICH_EXP,MICH_EXP/MICH_13R_pouch_NMC_25C_50-100_0.2-0.2C,raw_domain_equal,527,0.16143030651689994,0.16822289293527587,0.14638783269961977,0.32110396366551286
MICH_EXP,MICH_EXP/MICH_14C_pouch_NMC_-5C_50-100_0.2-0.2C,raw_domain_equal,447,0.15515209676979808,0.1627757346234639,0.226457399103139,0.49690100496476497
MICH_EXP,MICH_EXP/MICH_15H_pouch_NMC_45C_50-100_0.2-0.2C,raw_domain_equal,166,0.10469055337806639,0.11445527213529832,0.09696969696969697,0.44794267525909726
MICH_EXP,MICH_EXP/MICH_16R_pouch_NMC_25C_50-100_0.2-1.5C,raw_domain_equal,527,0.16177339751673597,0.16884298580722568,0.2224334600760456,0.4344781635105701
MICH_EXP,MICH_EXP/MICH_17C_pouch_NMC_-5C_50-100_0.2-1.5C,raw_domain_equal,552,0.15137049710933223,0.15769278719811386,0.35208711433756806,0.49854360966863887
MICH_EXP,MICH_EXP/MICH_18H_pouch_NMC_45C_50-100_0.2-1.5C,raw_domain_equal,290,0.13284474161705195,0.1395597213884304,0.28027681660899656,0.08177597082588817
RWTH,RWTH/RWTH_002,raw_domain_equal,2406,0.18473873856130787,0.2250343206973848,0.2997920997920998,0.02945815667217133
RWTH,RWTH/RWTH_003,raw_domain_equal,2432,0.1751429635228139,0.20780661924197547,0.30933772110242697,0.032732366084992526
RWTH,RWTH/RWTH_004,raw_domain_equal,2410,0.17738848174226052,0.21246175721852006,0.33374844333748444,0.02940297177812523
RWTH,RWTH/RWTH_005,raw_domain_equal,2390,0.17687538108561895,0.2140010544086596,0.31226454583507746,0.02989057200136669
RWTH,RWTH/RWTH_006,raw_domain_equal,2413,0.1737287021564272,0.2114000931959513,0.36276948590381425,0.03588206455829901
RWTH,RWTH/RWTH_007,raw_domain_equal,2409,0.17787650271096472,0.21621491388854175,0.2769933554817276,0.029248648954085632
RWTH,RWTH/RWTH_008,raw_domain_equal,2409,0.1787431405198961,0.2117273956035445,0.2819767441860465,0.029056965965705284
RWTH,RWTH/RWTH_009,raw_domain_equal,2392,0.1648260723035938,0.19486272928309006,0.29903805938937683,0.035416197224029555
RWTH,RWTH/RWTH_010,raw_domain_equal,2436,0.17433332364777482,0.20635378700890472,0.32936344969199177,0.02125626450381546
RWTH,RWTH/RWTH_011,raw_domain_equal,2432,0.17150795565005902,0.20268690485964833,0.34265734265734266,0.032732366084992526
RWTH,RWTH/RWTH_012,raw_domain_equal,2442,0.16644370385348778,0.2016818864160421,0.2752970094223679,0.04211024144216635
RWTH,RWTH/RWTH_013,raw_domain_equal,2442,0.17519442952464945,0.21344962632163367,0.2974190905366653,0.030302621894318427
RWTH,RWTH/RWTH_014,raw_domain_equal,2303,0.17712553034960077,0.21138449630997672,0.2371850564726325,0.021711346879122462
RWTH,RWTH/RWTH_015,raw_domain_equal,2282,0.16445605386962733,0.19795383362872057,0.33274879438842614,0.032656493329293546
RWTH,RWTH/RWTH_016,raw_domain_equal,2281,0.16418600891910567,0.1997031302468301,0.3460526315789474,0.03919664395845979
RWTH,RWTH/RWTH_017,raw_domain_equal,2274,0.17651740183769682,0.21040664982513865,0.322921249450066,0.035041577228534404
RWTH,RWTH/RWTH_018,raw_domain_equal,2239,0.16850400694546425,0.20068227653330062,0.3427167113494191,0.02922360241376276
RWTH,RWTH/RWTH_019,raw_domain_equal,2282,0.1713755307340028,0.2051001317658134,0.3257343270495397,0.033891622181965064
RWTH,RWTH/RWTH_020,raw_domain_equal,2232,0.1729742503917907,0.20394361101712105,0.2971761541909458,0.029478078143383102
RWTH,RWTH/RWTH_021,raw_domain_equal,2278,0.17681111283741152,0.21116114837541589,0.29292929292929293,0.023406630110551996
RWTH,RWTH/RWTH_022,raw_domain_equal,2277,0.16378040091479296,0.1934630157877431,0.3211775043936731,0.03391411281650658
RWTH,RWTH/RWTH_023,raw_domain_equal,2316,0.15079187199055738,0.17844016762758103,0.39740820734341253,0.0198459600479004
RWTH,RWTH/RWTH_024,raw_domain_equal,2315,0.15913501707043784,0.1866973497706022,0.3258426966292135,0.01920465194651466
RWTH,RWTH/RWTH_025,raw_domain_equal,2304,0.1735637225115568,0.21215250627705087,0.35692574902301344,0.03506595114179878
RWTH,RWTH/RWTH_026,raw_domain_equal,2002,0.15083527409268108,0.17407608326021878,0.34182908545727136,0.018521612650528874
RWTH,RWTH/RWTH_027,raw_domain_equal,2006,0.1538500336100436,0.17887071561016987,0.34663341645885287,0.02268192799510449
RWTH,RWTH/RWTH_028,raw_domain_equal,2005,0.16371221637239386,0.1927929380000026,0.26097804391217566,0.012464946759174533
RWTH,RWTH/RWTH_029,raw_domain_equal,2006,0.14971648843384286,0.17865685216922236,0.256359102244389,0.014104554342705744
RWTH,RWTH/RWTH_030,raw_domain_equal,1483,0.09679124037380815,0.10447683244065498,0.28609986504723345,0.024233934198393037
RWTH,RWTH/RWTH_031,raw_domain_equal,2259,0.16124708952275862,0.19783199268242194,0.3755535872453499,0.032391399918730746
RWTH,RWTH/RWTH_032,raw_domain_equal,2277,0.1750513484340142,0.207845606219838,0.28910369068541303,0.02959254608918771
RWTH,RWTH/RWTH_033,raw_domain_equal,2254,0.19344716374323004,0.23758329348710483,0.3058144695960941,0.024829216841707247
RWTH,RWTH/RWTH_034,raw_domain_equal,2121,0.12900281296038468,0.14901463268917742,0.3424528301886792,0.02932907606995805
RWTH,RWTH/RWTH_035,raw_domain_equal,2147,0.1272335545639555,0.14730815361116686,0.3471575023299161,0.02718405621054909
RWTH,RWTH/RWTH_036,raw_domain_equal,2144,0.14806162332846703,0.17568424625228418,0.325711619225385,0.025547412766189104
RWTH,RWTH/RWTH_037,raw_domain_equal,2162,0.16238458112569346,0.19045054773807232,0.34150856085145764,0.016055550612214753
RWTH,RWTH/RWTH_038,raw_domain_equal,1959,0.12236635151449954,0.14350875955937817,0.34831460674157305,0.020518457083117725
RWTH,RWTH/RWTH_039,raw_domain_equal,1943,0.1256321539076632,0.1466680246776758,0.33625128733264675,0.024377624174653945
RWTH,RWTH/RWTH_040,raw_domain_equal,1939,0.13138459629335136,0.1529007861373619,0.2936016511867905,0.014521409451472178
RWTH,RWTH/RWTH_041,raw_domain_equal,1939,0.13768834206148522,0.1637814241944938,0.26625386996904027,0.022344691781407966
RWTH,RWTH/RWTH_042,raw_domain_equal,1891,0.13084372678805747,0.1526584524876162,0.35608465608465606,0.018860505859527588
RWTH,RWTH/RWTH_043,raw_domain_equal,1890,0.12056202689487892,0.14218069189055216,0.25516146109052407,0.01686370258697545
RWTH,RWTH/RWTH_044,raw_domain_equal,1889,0.13105801224145555,0.1553560001748382,0.2997881355932203,0.018136699350194685
RWTH,RWTH/RWTH_045,raw_domain_equal,1890,0.12875185761904306,0.15017887481805656,0.35680254102699843,0.01982983681271533
RWTH,RWTH/RWTH_046,raw_domain_equal,2131,0.1573409751363072,0.18726807826769726,0.33004694835680753,0.03082692048722957
RWTH,RWTH/RWTH_047,raw_domain_equal,2146,0.15915764482998646,0.18797097402214474,0.32634032634032634,0.042668418790867135
RWTH,RWTH/RWTH_048,raw_domain_equal,2131,0.1523677235668678,0.17842145913877291,0.3530516431924883,0.03900471531293259
RWTH,RWTH/RWTH_049,raw_domain_equal,2130,0.14991740776658963,0.18019458297046828,0.29450446218882104,0.0212404253283216
SDU,SDU/SDU_Battery_1,raw_domain_equal,956,0.09791513669524039,0.10233380388882005,0.2858638743455497,0.05001771319339143
SDU,SDU/SDU_Battery_10,raw_domain_equal,431,0.0727447052486363,0.08016153204781155,0.30930232558139537,0.020081113983189125
SDU,SDU/SDU_Battery_11,raw_domain_equal,550,0.08830976103824932,0.09442316403304143,0.3151183970856102,0.04037897774560473
SDU,SDU/SDU_Battery_12,raw_domain_equal,481,0.08244073398160535,0.08876615923881004,0.29791666666666666,0.026260653512818033
SDU,SDU/SDU_Battery_13,raw_domain_equal,516,0.08028108163750385,0.08607551001836429,0.341747572815534,0.02236718049863029
SDU,SDU/SDU_Battery_14,raw_domain_equal,506,0.0781910546996168,0.08394791286603688,0.3188118811881188,0.02356755310906411
SDU,SDU/SDU_Battery_15,raw_domain_equal,581,0.08801155111611587,0.09469014616764515,0.3310344827586207,0.025304346504645192
SDU,SDU/SDU_Battery_16,raw_domain_equal,581,0.08134864628504361,0.08711698515824443,0.2896551724137931,0.02254081037519562
SDU,SDU/SDU_Battery_17,raw_domain_equal,405,0.08755895129091688,0.09325448848780375,0.29207920792079206,0.04960233396743896
SDU,SDU/SDU_Battery_18,raw_domain_equal,436,0.08850189797487573,0.0941340725734866,0.30114942528735633,0.02377827007677713
SDU,SDU/SDU_Battery_19,raw_domain_equal,411,0.07887966676132364,0.08456208506133807,0.3024390243902439,0.022283505957423677
SDU,SDU/SDU_Battery_2,raw_domain_equal,890,0.10141492761396358,0.10615753129916701,0.27896512935883017,0.032542506171682084
SDU,SDU/SDU_Battery_20,raw_domain_equal,411,0.08220298103264988,0.08717098441179416,0.3073170731707317,0.02163215762806736
SDU,SDU/SDU_Battery_21,raw_domain_equal,481,0.07105219774934696,0.07576571362803475,0.2833333333333333,0.02273092953228717
SDU,SDU/SDU_Battery_22,raw_domain_equal,486,0.08981626005286189,0.09518683724782977,0.2907216494845361,0.02932042142880331
SDU,SDU/SDU_Battery_23,raw_domain_equal,481,0.12292865237444446,0.13382192164385986,0.32083333333333336,0.06705285094392077
SDU,SDU/SDU_Battery_24,raw_domain_equal,436,0.10135745340104944,0.11063970768968724,0.30344827586206896,0.07193902486321024
SDU,SDU/SDU_Battery_25,raw_domain_equal,436,0.0979007065242032,0.10684231144922084,0.3195402298850575,0.06862778611837772
SDU,SDU/SDU_Battery_26,raw_domain_equal,541,0.13741416250147112,0.14940486703535094,0.3055555555555556,0.05533131202877839
SDU,SDU/SDU_Battery_27,raw_domain_equal,486,0.11274436894971196,0.12353626735635335,0.311340206185567,0.06893017816964409
SDU,SDU/SDU_Battery_28,raw_domain_equal,456,0.10632422902195558,0.11743057860949159,0.31648351648351647,0.06514937465236803
SDU,SDU/SDU_Battery_29,raw_domain_equal,486,0.10984078182356209,0.12043326760046642,0.29690721649484536,0.08073217343858852
SDU,SDU/SDU_Battery_3,raw_domain_equal,851,0.07898336746741524,0.08138667482790565,0.2917647058823529,0.05091835730719019
SDU,SDU/SDU_Battery_30,raw_domain_equal,441,0.09847619244537899,0.10729756462960506,0.3431818181818182,0.06931350287564642
SDU,SDU/SDU_Battery_31,raw_domain_equal,176,0.04516684057888234,0.054983252137093465,0.30857142857142855,0.018071752450764866
SDU,SDU/SDU_Battery_32,raw_domain_equal,121,0.05274171157941521,0.06441397755469216,0.325,0.019714667405516417
SDU,SDU/SDU_Battery_33,raw_domain_equal,191,0.04372746251674119,0.05217955239206405,0.3263157894736842,0.015649297900449555
SDU,SDU/SDU_Battery_34,raw_domain_equal,161,0.050448043297601934,0.06156396232318538,0.275,0.014731072864722194
SDU,SDU/SDU_Battery_35,raw_domain_equal,151,0.05467018804626139,0.06509353692346885,0.29333333333333333,0.01580661885277168
SDU,SDU/SDU_Battery_36,raw_domain_equal,136,0.05168154979438142,0.06194663034713064,0.2814814814814815,0.012360758092375024
SDU,SDU/SDU_Battery_37,raw_domain_equal,146,0.05180352776420485,0.06263315395596177,0.296551724137931,0.012141264443898736
SDU,SDU/SDU_Battery_38,raw_domain_equal,106,0.05161193144046593,0.0613430914722517,0.2857142857142857,0.01172939032564424
SDU,SDU/SDU_Battery_39,raw_domain_equal,71,0.06275949190086719,0.0721311957766168,0.2857142857142857,0.018142481363551788
SDU,SDU/SDU_Battery_4,raw_domain_equal,881,0.09477449237173112,0.09920555910260394,0.30227272727272725,0.051819424786164414
SDU,SDU/SDU_Battery_40,raw_domain_equal,66,0.061224979460939834,0.0710156233616382,0.27692307692307694,0.0173734262361247
SDU,SDU/SDU_Battery_41,raw_domain_equal,86,0.060669291282673,0.06975255228870827,0.27058823529411763,0.008702510229962157
SDU,SDU/SDU_Battery_42,raw_domain_equal,71,0.0609882228097323,0.07075686757382586,0.3142857142857143,0.009196935304465415
SDU,SDU/SDU_Battery_43,raw_domain_equal,71,0.06215838145463677,0.07251277941321789,0.3,0.010565673923612406
SDU,SDU/SDU_Battery_44,raw_domain_equal,61,0.0586326444753823,0.06921358713110387,0.25,0.01600748235959193
SDU,SDU/SDU_Battery_45,raw_domain_equal,1116,0.097282631950154,0.10484960110435737,0.29237668161434976,0.16724906293240005
SDU,SDU/SDU_Battery_46,raw_domain_equal,1071,0.09385936286230075,0.100855645420288,0.2906542056074766,0.0667775897281796
SDU,SDU/SDU_Battery_47,raw_domain_equal,1121,0.09835498401554953,0.10575061089460931,0.3098214285714286,0.0683165369116221
SDU,SDU/SDU_Battery_48,raw_domain_equal,1054,0.09124189788908149,0.09773279886216517,0.2905982905982906,0.07023929581499266
SDU,SDU/SDU_Battery_49,raw_domain_equal,1346,0.09750669080178496,0.10675433500116424,0.3464684014869889,0.06922022609114853
SDU,SDU/SDU_Battery_5,raw_domain_equal,1051,0.08868632488014579,0.09321902534399693,0.2980952380952381,0.06914332675838764
SDU,SDU/SDU_Battery_50,raw_domain_equal,1409,0.0964399087013645,0.10518117721822126,0.3125,0.06471551810915521
SDU,SDU/SDU_Battery_51,raw_domain_equal,1421,0.09354074134653427,0.10254309937849627,0.3492957746478873,0.06687112938065431
SDU,SDU/SDU_Battery_52,raw_domain_equal,1246,0.09171676599517763,0.10067389411063342,0.3036144578313253,0.072065638625606
SDU,SDU/SDU_Battery_53,raw_domain_equal,121,0.04935146736472183,0.05768357286354004,0.2833333333333333,0.011486684683687298
SDU,SDU/SDU_Battery_54,raw_domain_equal,191,0.03765910453347839,0.04396899822073636,0.3526315789473684,0.0172329730783366
SDU,SDU/SDU_Battery_55,raw_domain_equal,126,0.04360156857748723,0.051582687084646875,0.352,0.013815156309539889
SDU,SDU/SDU_Battery_56,raw_domain_equal,141,0.04078614816972544,0.0488162729965995,0.30714285714285716,0.015370964033415091
SDU,SDU/SDU_Battery_57,raw_domain_equal,86,0.04590089664180627,0.05709600144246474,0.3176470588235294,0.013047989357317769
SDU,SDU/SDU_Battery_58,raw_domain_equal,71,0.05610149968419176,0.06794627423957744,0.34285714285714286,0.015662413464738734
SDU,SDU/SDU_Battery_59,raw_domain_equal,86,0.04888084668115356,0.05987491719883617,0.29411764705882354,0.008552853980727249
SDU,SDU/SDU_Battery_6,raw_domain_equal,1111,0.10052203492843304,0.10557715770830642,0.2855855855855856,0.05896436285868978
SDU,SDU/SDU_Battery_60,raw_domain_equal,81,0.049046920574289034,0.05893918587387248,0.2875,0.009920919234740033
SDU,SDU/SDU_Battery_61,raw_domain_equal,391,0.10441757413967372,0.11509972195079013,0.29743589743589743,0.051368400619480004
SDU,SDU/SDU_Battery_62,raw_domain_equal,431,0.10938050955224163,0.11843397932027458,0.31627906976744186,0.035057443459741156
SDU,SDU/SDU_Battery_63,raw_domain_equal,361,0.08485572477961105,0.09567516686045442,0.31666666666666665,0.09811081472714978
SDU,SDU/SDU_Battery_64,raw_domain_equal,411,0.10618304548554704,0.11720078751633972,0.2975609756097561,0.053080207543902413
SDU,SDU/SDU_Battery_65,raw_domain_equal,230,0.03586420571661412,0.03766000843019911,0.314410480349345,0.054983822491157075
SDU,SDU/SDU_Battery_66,raw_domain_equal,271,0.049795560945721164,0.05506787755789911,0.3333333333333333,0.06741190898001947
SDU,SDU/SDU_Battery_67,raw_domain_equal,181,0.020993743745779652,0.025976707404828662,0.29444444444444445,0.08089591317143174
SDU,SDU/SDU_Battery_68,raw_domain_equal,191,0.020232516142984422,0.025110376144835068,0.3263157894736842,0.06675290431137104
SDU,SDU/SDU_Battery_69,raw_domain_equal,71,0.06359822115641964,0.07754619714907826,0.2571428571428571,0.010375966668375702
SDU,SDU/SDU_Battery_7,raw_domain_equal,1041,0.10399422071299556,0.10895967036048629,0.2932692307692308,0.04806187371423487
SDU,SDU/SDU_Battery_70,raw_domain_equal,106,0.05402297792390861,0.06472773019550236,0.2761904761904762,0.011570793397233103
SDU,SDU/SDU_Battery_71,raw_domain_equal,81,0.06906467314834112,0.08363730650446477,0.2625,0.016866246180973987
SDU,SDU/SDU_Battery_72,raw_domain_equal,81,0.0698103892665303,0.08272176115828513,0.2625,0.017506256166634038
SDU,SDU/SDU_Battery_73,raw_domain_equal,1175,0.12254951664015211,0.12762836796528118,0.30153321976149916,0.014148821250486332
SDU,SDU/SDU_Battery_74,raw_domain_equal,1315,0.12651866900626388,0.13121619916760957,0.3234398782343988,0.012326375524190358
SDU,SDU/SDU_Battery_75,raw_domain_equal,950,0.1219109617408895,0.12810157708849196,0.2971548998946259,0.01297987046029847
SDU,SDU/SDU_Battery_76,raw_domain_equal,1120,0.11209916301238633,0.11742278508146901,0.30294906166219837,0.013279950065011148
SDU,SDU/SDU_Battery_77,raw_domain_equal,1066,0.11064645803302571,0.11569074706023538,0.3192488262910798,0.016541677229477414
SDU,SDU/SDU_Battery_78,raw_domain_equal,1021,0.10769394614577701,0.11244103491850083,0.2931372549019608,0.019059451109838865
SDU,SDU/SDU_Battery_79,raw_domain_equal,1076,0.11512268673363199,0.1200815222476235,0.32465116279069767,0.03124660168463933
SDU,SDU/SDU_Battery_8,raw_domain_equal,706,0.07929015068201903,0.08327739655440416,0.3049645390070922,0.038411190231989134
SDU,SDU/SDU_Battery_80,raw_domain_equal,1060,0.11136573235996217,0.1163335055763526,0.29178470254957506,0.018218351862631543
SDU,SDU/SDU_Battery_81,raw_domain_equal,1186,0.11689658407924733,0.12182583043621617,0.30042194092827,0.014686464930351417
SDU,SDU/SDU_Battery_82,raw_domain_equal,1140,0.1130682112641071,0.11804759171268388,0.2967515364354697,0.010521570447886042
SDU,SDU/SDU_Battery_83,raw_domain_equal,1195,0.11246367507420972,0.11830847517096801,0.30569514237855944,0.06744477924003944
SDU,SDU/SDU_Battery_84,raw_domain_equal,1131,0.10691077159127775,0.11369071846715334,0.30265486725663715,0.07228202137587036
SDU,SDU/SDU_Battery_85,raw_domain_equal,1201,0.12132623378325305,0.1266924216838621,0.2833333333333333,0.06134138944112044
SDU,SDU/SDU_Battery_86,raw_domain_equal,1036,0.111300549452763,0.11630137050197908,0.30821256038647343,0.06957370467430546
SDU,SDU/SDU_Battery_9,raw_domain_equal,411,0.06725808062486895,0.07335749956944923,0.28780487804878047,0.020110972237786462
SNL,SNL/SNL_18650_LFP_15C_0-100_0.5-2C_b,raw_domain_equal,3749,0.06765276708690511,0.07033163451063718,0.07283884738527215,0.007780766346850765
SNL,SNL/SNL_18650_LFP_25C_0-100_0.5-0.5C_a,raw_domain_equal,3045,0.05486953721973431,0.05609811873845777,0.28252299605781866,0.010478926431633062
SNL,SNL/SNL_18650_LFP_25C_0-100_0.5-1C_a,raw_domain_equal,3540,0.0717509325559974,0.07341200473597669,0.14665159649618537,0.007672212789936905
SNL,SNL/SNL_18650_LFP_25C_0-100_0.5-1C_b,raw_domain_equal,3541,0.07037121930692201,0.07259425425956854,0.31101694915254235,0.017948913696807844
SNL,SNL/SNL_18650_LFP_25C_0-100_0.5-1C_c,raw_domain_equal,3033,0.0747948258815195,0.07614317110142665,0.21767810026385223,0.006698905091616636
SNL,SNL/SNL_18650_LFP_25C_0-100_0.5-1C_d,raw_domain_equal,3033,0.07509013545087842,0.07636635870366748,0.23977572559366755,0.007757355216100659
SNL,SNL/SNL_18650_LFP_25C_0-100_0.5-2C_a,raw_domain_equal,3539,0.06407371151921502,0.0652326132240875,0.20096099491237987,0.005775233938161595
SNL,SNL/SNL_18650_LFP_25C_0-100_0.5-2C_b,raw_domain_equal,4045,0.07403366504184497,0.07567888832620609,0.09792284866468842,0.040418018367442965
SNL,SNL/SNL_18650_LFP_25C_0-100_0.5-3C_a,raw_domain_equal,4564,0.04658658113568671,0.0522091822495826,0.04799474030243261,0.008162585438088121
SNL,SNL/SNL_18650_LFP_25C_0-100_0.5-3C_b,raw_domain_equal,4057,0.043867505718847996,0.049170826021830455,0.1905818540433925,0.006133443162540053
SNL,SNL/SNL_18650_LFP_25C_0-100_0.5-3C_c,raw_domain_equal,3550,0.04518660340910545,0.053716660712362904,0.21949845026768103,0.010065630573635631
SNL,SNL/SNL_18650_LFP_25C_0-100_0.5-3C_d,raw_domain_equal,4057,0.04321585258084903,0.04882769287023248,0.04659763313609468,0.0071963306558029405
SNL,SNL/SNL_18650_LFP_35C_0-100_0.5-1C_a,raw_domain_equal,3151,0.030684389025899598,0.034962520020248425,0.1415873015873016,0.019430235468417156
SNL,SNL/SNL_18650_LFP_35C_0-100_0.5-1C_b,raw_domain_equal,3337,0.029278922246759154,0.03365432644926631,0.09802158273381295,0.018402084531253804
SNL,SNL/SNL_18650_LFP_35C_0-100_0.5-1C_c,raw_domain_equal,3337,0.027393602106673687,0.031274730655985156,0.125,0.035127731537739515
SNL,SNL/SNL_18650_LFP_35C_0-100_0.5-1C_d,raw_domain_equal,3793,0.034276755782752015,0.03932418961675797,0.125,0.017831265015534892
SNL,SNL/SNL_18650_LFP_35C_0-100_0.5-2C_a,raw_domain_equal,3851,0.034798376040745094,0.039128272293878295,0.22415584415584416,0.01837747503248688
SNL,SNL/SNL_18650_LFP_35C_0-100_0.5-2C_b,raw_domain_equal,3593,0.03365459254933891,0.03708422793266149,0.22856347438752783,0.04686074237200999
SNL,SNL/SNL_18650_NCA_15C_0-100_0.5-1C_a,raw_domain_equal,517,0.06601349732714691,0.07196979843735185,0.3178294573643411,0.03514000732184419
SNL,SNL/SNL_18650_NCA_15C_0-100_0.5-1C_b,raw_domain_equal,913,0.03623703710137987,0.03889734707430467,0.36293859649122806,0.0412503953890061
SNL,SNL/SNL_18650_NCA_15C_0-100_0.5-2C_a,raw_domain_equal,911,0.09279252334342379,0.1149158747857587,0.3384615384615385,0.1480034394653304
SNL,SNL/SNL_18650_NCA_15C_0-100_0.5-2C_b,raw_domain_equal,779,0.08136500621669156,0.08940455015965681,0.36118251928020567,0.0850908612784933
SNL,SNL/SNL_18650_NCA_25C_0-100_0.5-0.5C_a,raw_domain_equal,508,0.07302597727983362,0.0841836184799371,0.39644970414201186,0.009052979694448293
SNL,SNL/SNL_18650_NCA_25C_0-100_0.5-0.5C_b,raw_domain_equal,910,0.18974146432848035,0.21922625290820288,0.2508250825082508,0.05098727563143912
SNL,SNL/SNL_18650_NCA_25C_0-100_0.5-1C_a,raw_domain_equal,649,0.050236025725069355,0.06106046461293043,0.3132716049382716,0.027602191216088645
SNL,SNL/SNL_18650_NCA_25C_0-100_0.5-1C_b,raw_domain_equal,517,0.07129762338185204,0.07721880643083495,0.3643410852713178,0.04320215765058111
SNL,SNL/SNL_18650_NCA_25C_0-100_0.5-1C_c,raw_domain_equal,517,0.07068801985299059,0.08160944910254737,0.34108527131782945,0.034135673539540834
SNL,SNL/SNL_18650_NCA_25C_0-100_0.5-1C_d,raw_domain_equal,649,0.06611327826472455,0.0743585712462316,0.4104938271604938,0.027405534360048778
SNL,SNL/SNL_18650_NCA_25C_0-100_0.5-2C_a,raw_domain_equal,781,0.08334358736947721,0.09539681992527808,0.3871794871794872,0.10849630884523154
SNL,SNL/SNL_18650_NCA_25C_0-100_0.5-2C_b,raw_domain_equal,781,0.06188878059819056,0.07744677747907261,0.32564102564102565,0.07884806986361603
SNL,SNL/SNL_18650_NCA_25C_20-80_0.5-0.5C_a,raw_domain_equal,1117,0.09055924641344043,0.10742094625497366,0.39874551971326166,0.019096788709366486
SNL,SNL/SNL_18650_NCA_25C_20-80_0.5-0.5C_b,raw_domain_equal,1244,0.06640784704692419,0.08165497147901822,0.3837489943684634,0.02011114479488596
SNL,SNL/SNL_18650_NCA_25C_20-80_0.5-0.5C_c,raw_domain_equal,1245,0.08122315696111722,0.10006607867058359,0.3432475884244373,0.015436187201409712
SNL,SNL/SNL_18650_NCA_25C_20-80_0.5-0.5C_d,raw_domain_equal,1503,0.09755862603168777,0.12353041558981208,0.3175765645805593,0.030857124282847925
SNL,SNL/SNL_18650_NCA_35C_0-100_0.5-1C_a,raw_domain_equal,510,0.05642016784755215,0.07110628021279072,0.34577603143418467,0.020023163882653017
SNL,SNL/SNL_18650_NCA_35C_0-100_0.5-1C_b,raw_domain_equal,459,0.06151356771058643,0.08257140101896145,0.314410480349345,0.026776378035765047
SNL,SNL/SNL_18650_NCA_35C_0-100_0.5-1C_c,raw_domain_equal,510,0.04394276907914639,0.05909540134009781,0.36345776031434185,0.026753446716311857
SNL,SNL/SNL_18650_NCA_35C_0-100_0.5-1C_d,raw_domain_equal,649,0.07026081722643421,0.08444792514291927,0.3425925925925926,0.02190627526859179
SNL,SNL/SNL_18650_NCA_35C_0-100_0.5-2C_a,raw_domain_equal,649,0.10670710729959405,0.125375503984201,0.37191358024691357,0.17281286521884498
SNL,SNL/SNL_18650_NCA_35C_0-100_0.5-2C_b,raw_domain_equal,781,0.10342748680127418,0.11935669229091053,0.4205128205128205,0.14177762894604973
SNL,SNL/SNL_18650_NMC_15C_0-100_0.5-1C_a,raw_domain_equal,508,0.15513652576208065,0.1624335189406652,0.2583826429980276,0.033867581521411005
SNL,SNL/SNL_18650_NMC_15C_0-100_0.5-1C_b,raw_domain_equal,508,0.11041282496749942,0.12044494077028434,0.2859960552268245,0.03437137620486996
SNL,SNL/SNL_18650_NMC_15C_0-100_0.5-2C_a,raw_domain_equal,384,0.15749411786760018,0.16606800643166847,0.26370757180156656,0.02987339515347376
SNL,SNL/SNL_18650_NMC_15C_0-100_0.5-2C_b,raw_domain_equal,384,0.1440396336195269,0.1528227618948295,0.2793733681462141,0.028842620994477097
SNL,SNL/SNL_18650_NMC_25C_0-100_0.5-0.5C_b,raw_domain_equal,674,0.0880452221296347,0.09473181680474428,0.34175334323922735,0.03263883653158017
SNL,SNL/SNL_18650_NMC_25C_0-100_0.5-1C_a,raw_domain_equal,516,0.04287372044606485,0.05138965691000849,0.28932038834951457,0.021602053299854873
SNL,SNL/SNL_18650_NMC_25C_0-100_0.5-1C_b,raw_domain_equal,780,0.03713140020789796,0.04342517684999652,0.3337612323491656,0.0233422360194514
SNL,SNL/SNL_18650_NMC_25C_0-100_0.5-1C_c,raw_domain_equal,392,0.06805915049225275,0.07409832497424568,0.2608695652173913,0.0279985103783561
SNL,SNL/SNL_18650_NMC_25C_0-100_0.5-1C_d,raw_domain_equal,524,0.05055676865874577,0.06256180636161646,0.30975143403441685,0.03568581529676218
SNL,SNL/SNL_18650_NMC_25C_0-100_0.5-2C_a,raw_domain_equal,656,0.08017323582507854,0.0856789801517396,0.28396946564885495,0.023952123935706005
SNL,SNL/SNL_18650_NMC_25C_0-100_0.5-2C_b,raw_domain_equal,1316,0.05542846227786485,0.059224680139503695,0.23878326996197718,0.025372145443262162
SNL,SNL/SNL_18650_NMC_25C_0-100_0.5-3C_a,raw_domain_equal,725,0.046001374021188465,0.05165292373653035,0.2541436464088398,0.03042141734315773
SNL,SNL/SNL_18650_NMC_25C_0-100_0.5-3C_b,raw_domain_equal,547,0.017269799239367473,0.024385896769288453,0.23992673992673993,0.021895154650389714
SNL,SNL/SNL_18650_NMC_25C_0-100_0.5-3C_c,raw_domain_equal,693,0.02274571430167342,0.025296823774694673,0.2774566473988439,0.022644786071907896
SNL,SNL/SNL_18650_NMC_25C_0-100_0.5-3C_d,raw_domain_equal,900,0.024469056911164855,0.029309158021412103,0.26473859844271413,0.025734505533620666
SNL,SNL/SNL_18650_NMC_35C_0-100_0.5-1C_a,raw_domain_equal,781,0.02331511265800753,0.027511226939257033,0.33589743589743587,0.07095326718173767
SNL,SNL/SNL_18650_NMC_35C_0-100_0.5-1C_b,raw_domain_equal,781,0.017659515133188943,0.022581702267521733,0.2935897435897436,0.01937862162016235
SNL,SNL/SNL_18650_NMC_35C_0-100_0.5-1C_c,raw_domain_equal,780,0.022873270076441823,0.027013548259550154,0.2798459563543004,0.07446216121664029
SNL,SNL/SNL_18650_NMC_35C_0-100_0.5-1C_d,raw_domain_equal,781,0.02290186358999753,0.02782862750327024,0.2743589743589744,0.05433087851580576
SNL,SNL/SNL_18650_NMC_35C_0-100_0.5-2C_a,raw_domain_equal,781,0.03802539519859731,0.04200775725623303,0.37051282051282053,0.024626839776563547
SNL,SNL/SNL_18650_NMC_35C_0-100_0.5-2C_b,raw_domain_equal,767,0.016350765846759506,0.020493574998493868,0.31201044386422977,0.029286059259695185
UL_PUR,UL_PUR/UL-PUR_N10-EX9_18650_NCA_23C_0-100_0.5-0.5C_i,raw_domain_equal,189,0.050494031372085295,0.053131439642755775,0.2553191489361702,0.013306979577597411
UL_PUR,UL_PUR/UL-PUR_N10-NA7_18650_NCA_23C_0-100_0.5-0.5C_g,raw_domain_equal,159,0.008704318801584657,0.010293215762896964,0.3291139240506329,0.007849479147172156
UL_PUR,UL_PUR/UL-PUR_N10-OV8_18650_NCA_23C_0-100_0.5-0.5C_h,raw_domain_equal,186,0.056249913770342864,0.060414216624684255,0.32432432432432434,0.011158253141187902
UL_PUR,UL_PUR/UL-PUR_N15-EX4_18650_NCA_23C_0-100_0.5-0.5C_d,raw_domain_equal,219,0.04145813614852779,0.05038248440813405,0.3440366972477064,0.008522125495898258
UL_PUR,UL_PUR/UL-PUR_N15-NA10_18650_NCA_23C_0-100_0.5-0.5C_j,raw_domain_equal,254,0.020501232061492458,0.02330348743159713,0.3359683794466403,0.020842012418390565
UL_PUR,UL_PUR/UL-PUR_N15-OV3_18650_NCA_23C_0-100_0.5-0.5C_c,raw_domain_equal,186,0.032494990873432786,0.04023236707729538,0.3891891891891892,0.019101536062452795
UL_PUR,UL_PUR/UL-PUR_N20-EX2_18650_NCA_23C_0-100_0.5-0.5C_b,raw_domain_equal,304,0.014372112721098857,0.031465932363373125,0.3333333333333333,0.010704627853654003
UL_PUR,UL_PUR/UL-PUR_N20-NA5_18650_NCA_23C_0-100_0.5-0.5C_e,raw_domain_equal,207,0.04556243303230622,0.06788759744656778,0.30097087378640774,0.007766178511454669
UL_PUR,UL_PUR/UL-PUR_N20-NA6_18650_NCA_23C_0-100_0.5-0.5C_f,raw_domain_equal,206,0.048158630021387455,0.07294878264376212,0.34146341463414637,0.0069165656764116346
UL_PUR,UL_PUR/UL-PUR_N20-OV1_18650_NCA_23C_0-100_0.5-0.5C_a,raw_domain_equal,285,0.014413966838592059,0.03178948581575286,0.3345070422535211,0.019421068306949785
XJTU,XJTU/XJTU_2C_battery-1,raw_domain_equal,384,0.18364410126420153,0.1881630310113143,0.26370757180156656,0.007385218026701779
XJTU,XJTU/XJTU_2C_battery-2,raw_domain_equal,401,0.1824566773669118,0.18678639380570677,0.265,0.010245301427630027
XJTU,XJTU/XJTU_2C_battery-3,raw_domain_equal,387,0.17916101711186544,0.1833384517736543,0.2538860103626943,0.009808025408722387
XJTU,XJTU/XJTU_2C_battery-4,raw_domain_equal,390,0.1837968511299251,0.1884936701898997,0.2467866323907455,0.009566087089647457
XJTU,XJTU/XJTU_2C_battery-5,raw_domain_equal,397,0.1664664225711806,0.17131662985245663,0.25757575757575757,0.013983792676993012
XJTU,XJTU/XJTU_2C_battery-6,raw_domain_equal,402,0.1795211268715288,0.18587070664588454,0.2743142144638404,0.012702269267530042
XJTU,XJTU/XJTU_2C_battery-7,raw_domain_equal,396,0.1456525181988568,0.1506613835670902,0.2481012658227848,0.01007043321102985
XJTU,XJTU/XJTU_2C_battery-8,raw_domain_equal,414,0.17588795656129733,0.18128995017255603,0.2687651331719128,0.014043531152328037
XJTU,XJTU/XJTU_3C_battery-1,raw_domain_equal,293,0.19051512881957988,0.19639390429739456,0.2945205479452055,0.010185350367112433
XJTU,XJTU/XJTU_3C_battery-10,raw_domain_equal,158,0.1633236519946741,0.1674720494510882,0.31210191082802546,0.015006672726513903
XJTU,XJTU/XJTU_3C_battery-11,raw_domain_equal,125,0.155514999872802,0.1593167180442413,0.3225806451612903,0.011745814643458807
XJTU,XJTU/XJTU_3C_battery-12,raw_domain_equal,206,0.18783119870413656,0.1922385645141296,0.32682926829268294,0.014034120450932885
XJTU,XJTU/XJTU_3C_battery-13,raw_domain_equal,220,0.18943364540639665,0.19386777551601772,0.3105022831050228,0.012781753121109296
XJTU,XJTU/XJTU_3C_battery-14,raw_domain_equal,141,0.16245567085167023,0.16672930162544877,0.3357142857142857,0.012762619684403287
XJTU,XJTU/XJTU_3C_battery-15,raw_domain_equal,162,0.167517929939981,0.17140737228188893,0.35403726708074534,0.010196773530330439
XJTU,XJTU/XJTU_3C_battery-2,raw_domain_equal,286,0.1884084187443111,0.19478423795814473,0.2736842105263158,0.011284917495164581
XJTU,XJTU/XJTU_3C_battery-3,raw_domain_equal,280,0.18936076127415322,0.19602517861788862,0.24731182795698925,0.014919597619734382
XJTU,XJTU/XJTU_3C_battery-4,raw_domain_equal,316,0.18142379408957626,0.1871503797658466,0.2857142857142857,0.013447081391186
XJTU,XJTU/XJTU_3C_battery-5,raw_domain_equal,291,0.18309114794329945,0.1895236921234568,0.30689655172413793,0.0135200974263191
XJTU,XJTU/XJTU_3C_battery-6,raw_domain_equal,316,0.1941747575570049,0.20027688997385878,0.2857142857142857,0.015040411621279781
XJTU,XJTU/XJTU_3C_battery-7,raw_domain_equal,313,0.19163712485746365,0.19884248510190686,0.3076923076923077,0.01097487602834002
XJTU,XJTU/XJTU_3C_battery-8,raw_domain_equal,264,0.19735859873412737,0.20300747215446613,0.30798479087452474,0.015927188306753437
XJTU,XJTU/XJTU_3C_battery-9,raw_domain_equal,281,0.19495302769771328,0.19911507915399612,0.26785714285714285,0.008785442056783666
CALB,CALB/CALB_0_B182,change_pooled,94,0.004648870984348976,0.006931335643900434,0.26881720430107525,0.0063888987359679295
CALB,CALB/CALB_0_B183,change_pooled,94,0.010078872124483936,0.011282555558265487,0.22580645161290322,0.003442875565899284
CALB,CALB/CALB_0_B184,change_pooled,94,0.010228783934757738,0.010930792940638971,0.21505376344086022,0.0020711074223062065
CALB,CALB/CALB_0_B185,change_pooled,94,0.00662960200702402,0.007500832485390116,0.24731182795698925,0.002031291719904682
CALB,CALB/CALB_0_B187,change_pooled,94,0.007550351363215762,0.008244495197615023,0.27956989247311825,0.006183221478952783
CALB,CALB/CALB_0_B188,change_pooled,202,0.009340483634126602,0.017841943298690405,0.1890547263681592,0.005591836689673335
CALB,CALB/CALB_0_B189,change_pooled,94,0.00518081589628657,0.005565410194036536,0.16129032258064516,0.0036300812023322138
CALB,CALB/CALB_0_B190,change_pooled,94,0.007001666628191052,0.007914449682367658,0.23655913978494625,0.0023019868766480656
CALB,CALB/CALB_25_T25-1,change_pooled,93,0.01637823994682542,0.017084840464952334,0.16304347826086957,0.013308701460879369
CALB,CALB/CALB_25_T25-2,change_pooled,93,0.012791998759629802,0.013322664350730899,0.15217391304347827,0.00038888193773745083
CALB,CALB/CALB_35_B173,change_pooled,93,0.008390188252756971,0.009149867563655805,0.2717391304347826,0.00048800799126769157
CALB,CALB/CALB_35_B174,change_pooled,93,0.00729577500276268,0.00796190642270122,0.29347826086956524,0.0007052535917214664
CALB,CALB/CALB_35_B175,change_pooled,93,0.006819957792261432,0.007377228392173792,0.21739130434782608,0.0005404638323341926
CALB,CALB/CALB_35_B222,change_pooled,93,0.0081270421924969,0.00871765085699945,0.17391304347826086,0.0008633883445106072
CALB,CALB/CALB_35_B223,change_pooled,93,0.0068491347580913,0.0073625013563848995,0.2717391304347826,0.003268328341885951
CALB,CALB/CALB_35_B224,change_pooled,93,0.007002182539447565,0.007706427765501865,0.2717391304347826,0.005267114140896312
CALB,CALB/CALB_35_B227,change_pooled,93,0.008131223659118548,0.00869119424226159,0.2608695652173913,0.0009302987183021916
CALB,CALB/CALB_35_B228,change_pooled,93,0.009499946299916767,0.010606953608234722,0.32608695652173914,0.0027077307727497724
CALB,CALB/CALB_35_B229,change_pooled,93,0.009159607927033218,0.010046871428478711,0.30434782608695654,0.0006544408157306281
CALB,CALB/CALB_35_B230,change_pooled,93,0.009227236291122097,0.01007529093085235,0.2608695652173913,0.0008055262843841282
CALB,CALB/CALB_35_B247,change_pooled,93,0.10310653540772424,0.10332031044501704,0.391304347826087,0.007834971421897152
CALB,CALB/CALB_35_B248,change_pooled,93,0.008116524596088331,0.008697468991986554,0.17391304347826086,0.0006508807818469409
CALB,CALB/CALB_35_B249,change_pooled,93,0.006227491444649827,0.006802416883989665,0.34782608695652173,0.0024362447172562307
CALB,CALB/CALB_35_B250,change_pooled,93,0.007287533365170821,0.007959659907516998,0.2826086956521739,0.0022894192642115563
CALB,CALB/CALB_45_B253,change_pooled,94,0.020967091924221127,0.0219559348821597,0.23655913978494625,0.001009720443036377
CALB,CALB/CALB_45_B255,change_pooled,94,0.02189401253278181,0.022844973663587002,0.13978494623655913,0.0027178610656491964
CALB,CALB/CALB_45_B256,change_pooled,93,0.02380432578821628,0.024836967720595106,0.13043478260869565,0.006873338914595406
CALCE,CALCE/CALCE_CS2_33,change_pooled,655,0.02896432262393591,0.06512995572553333,0.5030581039755352,0.5315456973937498
CALCE,CALCE/CALCE_CS2_34,change_pooled,627,0.04411887311388526,0.06201465212070751,0.46006389776357826,0.5112718642331096
CALCE,CALCE/CALCE_CS2_35,change_pooled,775,0.04750295481106442,0.05897455283514212,0.4483204134366925,0.43042214667146605
CALCE,CALCE/CALCE_CS2_36,change_pooled,827,0.05904104489972636,0.08474666033113624,0.4491525423728814,0.5636444081353778
CALCE,CALCE/CALCE_CS2_37,change_pooled,900,0.05675369851872684,0.07742890684124058,0.4794215795328142,0.5634303572209909
CALCE,CALCE/CALCE_CS2_38,change_pooled,898,0.05990008083155706,0.07552362687369649,0.4414715719063545,0.5818208022521967
CALCE,CALCE/CALCE_CX2_16,change_pooled,1274,0.037603898729528726,0.06139337160576909,0.4799685781618225,0.5025392071430907
CALCE,CALCE/CALCE_CX2_33,change_pooled,1266,0.046079199427943654,0.06282765047540603,0.45770750988142295,0.49654097338639747
CALCE,CALCE/CALCE_CX2_34,change_pooled,1358,0.06283223840975961,0.06968234009817932,0.43109801031687545,0.5365535494400948
CALCE,CALCE/CALCE_CX2_35,change_pooled,1449,0.03932922790650668,0.05836795964437522,0.47375690607734805,0.5394984339029139
CALCE,CALCE/CALCE_CX2_36,change_pooled,1563,0.08987276658390506,0.09972335137522599,0.47247119078104993,0.5500834288869088
CALCE,CALCE/CALCE_CX2_37,change_pooled,1067,0.04911202797770841,0.058598770099362485,0.4427767354596623,0.5436850915014162
CALCE,CALCE/CALCE_CX2_38,change_pooled,1574,0.06348753298615863,0.07283836913512412,0.43420216147488877,0.5744397926340177
HNEI,HNEI/HNEI_18650_NMC_LCO_25C_0-100_0.5-1.5C_a,change_pooled,1081,0.23552474934491616,0.2706737550028327,0.225,0.6701832754623509
HNEI,HNEI/HNEI_18650_NMC_LCO_25C_0-100_0.5-1.5C_b,change_pooled,1074,0.0327163052342302,0.04308331926150433,0.2059645852749301,0.3580758163112577
HNEI,HNEI/HNEI_18650_NMC_LCO_25C_0-100_0.5-1.5C_c,change_pooled,1076,0.02546994413425253,0.04578844986489492,0.2213953488372093,0.6829349724449906
HNEI,HNEI/HNEI_18650_NMC_LCO_25C_0-100_0.5-1.5C_d,change_pooled,1076,0.023501191471805568,0.044619160840080725,0.22232558139534883,0.6540665514477257
HNEI,HNEI/HNEI_18650_NMC_LCO_25C_0-100_0.5-1.5C_e,change_pooled,1101,0.023340037797910777,0.03744428466224523,0.18454545454545454,0.6244344200145939
HNEI,HNEI/HNEI_18650_NMC_LCO_25C_0-100_0.5-1.5C_f,change_pooled,1069,0.03469927071531904,0.05523686227214496,0.18258426966292135,0.5663061521520791
HNEI,HNEI/HNEI_18650_NMC_LCO_25C_0-100_0.5-1.5C_g,change_pooled,1076,0.033719882305995215,0.046843531715188215,0.16465116279069766,0.6616157273605383
HNEI,HNEI/HNEI_18650_NMC_LCO_25C_0-100_0.5-1.5C_j,change_pooled,1070,0.02116496083846449,0.030778399176103668,0.19831618334892423,0.33064583429429906
HNEI,HNEI/HNEI_18650_NMC_LCO_25C_0-100_0.5-1.5C_l,change_pooled,1076,0.033881053753282674,0.05115221613414468,0.19348837209302325,0.6014437897785024
HNEI,HNEI/HNEI_18650_NMC_LCO_25C_0-100_0.5-1.5C_n,change_pooled,1076,0.028455249619796986,0.04841102800577121,0.17116279069767443,0.5988580244480166
HNEI,HNEI/HNEI_18650_NMC_LCO_25C_0-100_0.5-1.5C_o,change_pooled,1076,0.04081203912595919,0.056599113178376716,0.16651162790697674,0.5933620022485221
HNEI,HNEI/HNEI_18650_NMC_LCO_25C_0-100_0.5-1.5C_p,change_pooled,1074,0.03803328518299442,0.05672642104971009,0.17148182665424044,0.6295295733325621
HNEI,HNEI/HNEI_18650_NMC_LCO_25C_0-100_0.5-1.5C_s,change_pooled,1082,0.02991888911207625,0.04459031323262061,0.16281221091581868,0.5295384717366663
HNEI,HNEI/HNEI_18650_NMC_LCO_25C_0-100_0.5-1.5C_t,change_pooled,1078,0.03426758535750835,0.046074386577261164,0.17827298050139276,0.5414742338974246
HUST,HUST/HUST_1-1,change_pooled,1499,0.01045198438628129,0.015512300017501618,0.3197596795727637,0.007043452598175293
HUST,HUST/HUST_1-2,change_pooled,2673,0.033578161932879616,0.04352489065035804,0.36601796407185627,0.007188993219700457
HUST,HUST/HUST_1-3,change_pooled,1853,0.03852335748490635,0.05538626229947694,0.37958963282937364,0.005005593805208264
HUST,HUST/HUST_1-4,change_pooled,1495,0.04534597749410897,0.06359265395472254,0.31593038821954483,0.0035434919701797796
HUST,HUST/HUST_1-5,change_pooled,1966,0.04804817740506155,0.062137584640294424,0.2865139949109415,0.006741490058658761
HUST,HUST/HUST_1-6,change_pooled,1138,0.03853704349129366,0.0414300408475179,0.33948988566402816,0.004220372466002709
HUST,HUST/HUST_1-7,change_pooled,1673,0.01657537564846047,0.02466132611105586,0.3450956937799043,0.004783067396293417
HUST,HUST/HUST_1-8,change_pooled,2280,0.018944849967148833,0.032639753234151886,0.3786748573935937,0.005652319751686896
HUST,HUST/HUST_10-1,change_pooled,1697,0.025058523674404573,0.035209901724676806,0.35672169811320753,0.006295151623320616
HUST,HUST/HUST_10-2,change_pooled,1692,0.04689933863066133,0.06310300671760018,0.4086339444115908,0.004380111289051025
HUST,HUST/HUST_10-3,change_pooled,1843,0.030125851274742033,0.040891160646657015,0.42942453854505974,0.006929981664730911
HUST,HUST/HUST_10-4,change_pooled,1806,0.031513698093588685,0.044452572158288545,0.4470914127423823,0.006901601000538271
HUST,HUST/HUST_10-5,change_pooled,2025,0.03627305201410021,0.05240708965069185,0.40019762845849804,0.006872103170820099
HUST,HUST/HUST_10-6,change_pooled,2280,0.03194552622266644,0.044927236513172784,0.38525669153137343,0.009492882244268919
HUST,HUST/HUST_10-7,change_pooled,1778,0.04098312804763769,0.05667392562984416,0.39223410241980866,0.007585625325528644
HUST,HUST/HUST_10-8,change_pooled,1395,0.022021614034838117,0.030062369777388978,0.3715925394548063,0.004646414660945064
HUST,HUST/HUST_2-2,change_pooled,2646,0.03599059696810454,0.047548545092113946,0.33043478260869563,0.007035234806393453
HUST,HUST/HUST_2-3,change_pooled,1746,0.036729528242211415,0.05277233109376462,0.3627507163323782,0.005883778067030554
HUST,HUST/HUST_2-4,change_pooled,1494,0.017731884448538276,0.024681316148651045,0.4105827193569993,0.006843708551208527
HUST,HUST/HUST_2-5,change_pooled,1381,0.04697313028822612,0.06208690457524205,0.39057971014492754,0.006489617018776039
HUST,HUST/HUST_2-6,change_pooled,1567,0.03860720522997082,0.05504444700267108,0.3499361430395913,0.0030215836091276316
HUST,HUST/HUST_2-7,change_pooled,2197,0.039401159417123854,0.0548317565142646,0.4134790528233151,0.004894007501037523
HUST,HUST/HUST_2-8,change_pooled,1476,0.014772149401155033,0.019361152735621893,0.39864406779661016,0.014768072049733072
HUST,HUST/HUST_3-1,change_pooled,1933,0.03987339485090888,0.055515007830391365,0.36180124223602483,0.007194375044788259
HUST,HUST/HUST_3-2,change_pooled,2278,0.04435542220686365,0.06141111370954116,0.41853315766359245,0.006873839920361058
HUST,HUST/HUST_3-3,change_pooled,1644,0.043563746358001705,0.05929276130912947,0.34266585514303105,0.00346944931350901
HUST,HUST/HUST_3-4,change_pooled,1761,0.032392693269352096,0.041965313572522575,0.40511363636363634,0.0043024871603624115
HUST,HUST/HUST_3-5,change_pooled,2652,0.041310498642696196,0.05229767254314701,0.3806110901546586,0.005407015142624649
HUST,HUST/HUST_3-6,change_pooled,2486,0.039283132932912336,0.05636824476771715,0.35975855130784706,0.004129599660749328
HUST,HUST/HUST_3-7,change_pooled,2474,0.03074148192350657,0.04472503514790753,0.3873837444399515,0.00563558794015806
HUST,HUST/HUST_3-8,change_pooled,2337,0.045563213941102375,0.06244229147109439,0.3660102739726027,0.004747012701770692
HUST,HUST/HUST_4-1,change_pooled,2212,0.03800554934905618,0.048376508668494994,0.47715965626413387,0.007157390818164799
HUST,HUST/HUST_4-2,change_pooled,1777,0.029697704691125912,0.040409862650406865,0.43975225225225223,0.009504197019031935
HUST,HUST/HUST_4-3,change_pooled,1137,0.007393793810954836,0.012176597629107737,0.3573943661971831,0.007325980594220183
HUST,HUST/HUST_4-4,change_pooled,1486,0.015289916071907272,0.02286202156826184,0.31447811447811447,0.004921473185293457
HUST,HUST/HUST_4-5,change_pooled,1556,0.025277194325741235,0.03298583920309787,0.352411575562701,0.005323126561342928
HUST,HUST/HUST_4-6,change_pooled,1375,0.027442304809768746,0.034574803911036366,0.35662299854439594,0.004062028539707052
HUST,HUST/HUST_4-7,change_pooled,2211,0.02442714943984151,0.032428888281447237,0.39547511312217193,0.012939339877106049
HUST,HUST/HUST_4-8,change_pooled,1701,0.03711014884945358,0.05313607911306058,0.44058823529411767,0.007996905630581752
HUST,HUST/HUST_5-1,change_pooled,2502,0.03625210697475623,0.04772889535958449,0.41303478608556576,0.010685574375459028
HUST,HUST/HUST_5-2,change_pooled,1921,0.03351615421095771,0.04967857079469336,0.41302083333333334,0.005524940057110128
HUST,HUST/HUST_5-3,change_pooled,2684,0.03617621930796269,0.048496280655869445,0.43794260156541187,0.007208653506322715
HUST,HUST/HUST_5-4,change_pooled,1957,0.011043504450980082,0.015350994029200206,0.3911042944785276,0.006249671016767322
HUST,HUST/HUST_5-5,change_pooled,1578,0.04435449512772016,0.05828789107402428,0.39568801521876984,0.007748349326464954
HUST,HUST/HUST_5-6,change_pooled,2455,0.03390560797711491,0.045923530124599155,0.44458027709861453,0.009007367240987274
HUST,HUST/HUST_5-7,change_pooled,1443,0.01973006294182201,0.028547941783839688,0.4042995839112344,0.006640749218787878
HUST,HUST/HUST_6-1,change_pooled,1604,0.018051420769077557,0.022061215102713673,0.4111041796631316,0.0078009362371731505
HUST,HUST/HUST_6-2,change_pooled,1903,0.040943036768590256,0.05696129480819068,0.41430073606729756,0.007932339029427027
HUST,HUST/HUST_6-3,change_pooled,1799,0.04400159614210358,0.06005651933293477,0.407119021134594,0.00509042117357672
HUST,HUST/HUST_6-4,change_pooled,1712,0.025056868476652103,0.033999763793916025,0.4044418468731736,0.008089943287964307
HUST,HUST/HUST_6-5,change_pooled,2173,0.022248726983927335,0.03581010242142672,0.43554327808471455,0.005873739139458323
HUST,HUST/HUST_6-6,change_pooled,2463,0.034890453503658124,0.04916912301945533,0.4317627944760357,0.008183226417341039
HUST,HUST/HUST_6-8,change_pooled,2445,0.05322297309531434,0.06540078855639851,0.4247135842880524,0.00880064811104031
HUST,HUST/HUST_7-1,change_pooled,1685,0.031130252155731754,0.04107641601116876,0.43764845605700714,0.006076421365541762
HUST,HUST/HUST_7-2,change_pooled,2025,0.04469874485986372,0.0596187471930698,0.4708498023715415,0.0061730225828154905
HUST,HUST/HUST_7-3,change_pooled,1290,0.006835658963283237,0.008775451765873396,0.3964313421256788,0.00755646661017817
HUST,HUST/HUST_7-4,change_pooled,1388,0.009772481406980818,0.013524471969620028,0.3547224224945926,0.005257044956345824
HUST,HUST/HUST_7-5,change_pooled,1868,0.03297761227297092,0.04610335564193722,0.44777718264595606,0.011349025425166026
HUST,HUST/HUST_7-6,change_pooled,1414,0.011912508970588024,0.02078794397452761,0.36659589525831565,0.005884688202860255
HUST,HUST/HUST_7-7,change_pooled,1680,0.01573950088611374,0.02690954186911848,0.4395473496128648,0.007655693293028398
HUST,HUST/HUST_7-8,change_pooled,1933,0.02886292795441535,0.040933674737771555,0.4057971014492754,0.00746479714684789
HUST,HUST/HUST_8-1,change_pooled,1303,0.008931355871285998,0.014940555423628354,0.3456221198156682,0.006640993570765197
HUST,HUST/HUST_8-2,change_pooled,2036,0.023019808341095384,0.035145949326229796,0.38181818181818183,0.006632229466638884
HUST,HUST/HUST_8-3,change_pooled,2285,0.034249134856323735,0.051133357987877125,0.4106830122591944,0.006909157103936359
HUST,HUST/HUST_8-4,change_pooled,1880,0.016249199345664957,0.02999666717317299,0.41830761043108033,0.006821019715131271
HUST,HUST/HUST_8-5,change_pooled,1343,0.007612016901357908,0.00941421416512652,0.37779433681073027,0.0058705940576689875
HUST,HUST/HUST_8-6,change_pooled,2360,0.023517712863817083,0.034976954447971075,0.39847392963119965,0.007224242566410521
HUST,HUST/HUST_8-7,change_pooled,2042,0.017243688913407336,0.024540796650980464,0.40029397354238117,0.00655327537261885
HUST,HUST/HUST_8-8,change_pooled,1674,0.041549914085172106,0.05831738865384376,0.41243275552898984,0.006536701717612559
HUST,HUST/HUST_9-1,change_pooled,2052,0.04508689294213633,0.06241503902529924,0.44076060458313016,0.006117988777119776
HUST,HUST/HUST_9-2,change_pooled,2138,0.03475549854827843,0.047449122135301953,0.4613944782405241,0.009409694503660915
HUST,HUST/HUST_9-3,change_pooled,1900,0.035212351083668804,0.05015185499358481,0.39178515007898895,0.007486626420108555
HUST,HUST/HUST_9-4,change_pooled,1970,0.04040726939879753,0.057344506837647545,0.3976637887252412,0.004208096169023512
HUST,HUST/HUST_9-5,change_pooled,2163,0.04088157241249092,0.057690492674095,0.4412580943570768,0.0058184035547173
HUST,HUST/HUST_9-6,change_pooled,1737,0.05161326233288348,0.06747786125542532,0.45910138248847926,0.007366635464205351
HUST,HUST/HUST_9-7,change_pooled,2007,0.029588190375509422,0.04154340974566687,0.46311066799601197,0.00712707007493929
HUST,HUST/HUST_9-8,change_pooled,2303,0.033915424971903724,0.05012178980660687,0.40790616854908773,0.007356318042922916
MATR,MATR/MATR_b1c0,change_pooled,1843,0.018192027079998275,0.023043726662597575,0.49185667752442996,0.03640875728252624
MATR,MATR/MATR_b1c1,change_pooled,2153,0.017540658377600753,0.022050102841421445,0.5027881040892194,0.029925404237931663
MATR,MATR/MATR_b1c11,change_pooled,781,0.02195066685169416,0.024823400438397248,0.44871794871794873,0.023641518346989465
MATR,MATR/MATR_b1c14,change_pooled,873,0.027545361464487463,0.030579091585119244,0.4690366972477064,0.02875917750864254
MATR,MATR/MATR_b1c15,change_pooled,712,0.03048543386379462,0.03397784841151877,0.4838255977496484,0.025109667360810994
MATR,MATR/MATR_b1c16,change_pooled,855,0.028375534259957494,0.03176337923488559,0.45081967213114754,0.012150847036042411
MATR,MATR/MATR_b1c17,change_pooled,850,0.03365739190234008,0.03795599956250285,0.46996466431095407,0.11361135426581459
MATR,MATR/MATR_b1c18,change_pooled,683,0.046962366191842686,0.048897847339117013,0.4736070381231672,0.051013112862692944
MATR,MATR/MATR_b1c19,change_pooled,781,0.035861039658447724,0.038150425820678194,0.46153846153846156,0.06555641643644505
MATR,MATR/MATR_b1c2,change_pooled,2229,0.016127015007176813,0.019235332866800983,0.49461400359066426,0.020939501300425434
MATR,MATR/MATR_b1c20,change_pooled,526,0.05486619427541057,0.06481224970061193,0.3961904761904762,0.05377579735138449
MATR,MATR/MATR_b1c21,change_pooled,552,0.06817257302708428,0.07939978261700507,0.4192377495462795,0.054590694118285765
MATR,MATR/MATR_b1c23,change_pooled,1007,0.021038230180332518,0.02487925655608684,0.4960238568588469,0.186206120810951
MATR,MATR/MATR_b1c24,change_pooled,1010,0.05091456343131058,0.060706736662275496,0.4975222993062438,0.04113807389303081
MATR,MATR/MATR_b1c25,change_pooled,847,0.025571906023588317,0.03278962083080727,0.47044917257683216,0.20191042366634337
MATR,MATR/MATR_b1c26,change_pooled,863,0.02988488865353328,0.032646614567443784,0.4651972157772622,0.02561907781033601
MATR,MATR/MATR_b1c27,change_pooled,835,0.029300468197306292,0.03147294454430828,0.45323741007194246,0.024591204009271728
MATR,MATR/MATR_b1c28,change_pooled,853,0.049798813904058666,0.07328436365446951,0.45892018779342725,0.1635004267805269
MATR,MATR/MATR_b1c29,change_pooled,910,0.045488823984922516,0.07171704060674057,0.4675467546754675,0.1637887501346833
MATR,MATR/MATR_b1c3,change_pooled,1427,0.020090715806068502,0.022782737539439026,0.47685834502103785,0.05315015819224078
MATR,MATR/MATR_b1c30,change_pooled,701,0.04530352008386971,0.05609828421414275,0.41285714285714287,0.08047725437502407
MATR,MATR/MATR_b1c31,change_pooled,869,0.03903825690129543,0.047294941022044054,0.45852534562211983,0.12431088337143248
MATR,MATR/MATR_b1c32,change_pooled,724,0.05564313083845783,0.07431561681170337,0.48409405255878285,0.14861149440502908
MATR,MATR/MATR_b1c33,change_pooled,750,0.0602130783583719,0.08512612294947271,0.45794392523364486,0.2719028659655285
MATR,MATR/MATR_b1c34,change_pooled,735,0.04118307284894039,0.072561438831626,0.4713896457765668,0.2758303474232502
MATR,MATR/MATR_b1c35,change_pooled,695,0.04634393951465669,0.07239475489095872,0.46829971181556196,0.27272935796352304
MATR,MATR/MATR_b1c36,change_pooled,697,0.05017176750847031,0.09079895765607288,0.44971264367816094,0.2834010099782822
MATR,MATR/MATR_b1c37,change_pooled,640,0.05308690919401974,0.09383486451898221,0.48043818466353677,0.2842053955195223
MATR,MATR/MATR_b1c38,change_pooled,610,0.07645250666179713,0.1017065377869915,0.4794745484400657,0.2711373277375062
MATR,MATR/MATR_b1c39,change_pooled,618,0.062249689003731325,0.09476827914350174,0.4521880064829822,0.25411316113036453
MATR,MATR/MATR_b1c4,change_pooled,1702,0.016440147701721215,0.02020457863278386,0.4879482657260435,0.06072189323172328
MATR,MATR/MATR_b1c40,change_pooled,959,0.031554133043390255,0.054778674451285515,0.4791231732776618,0.2774476419982882
MATR,MATR/MATR_b1c41,change_pooled,1044,0.04214456675651178,0.07631944189319881,0.48322147651006714,0.2875857862751957
MATR,MATR/MATR_b1c42,change_pooled,695,0.06960043985841435,0.11650901107702515,0.4668587896253602,0.2839785465400252
MATR,MATR/MATR_b1c43,change_pooled,644,0.05017084480744118,0.0917819527099318,0.4416796267496112,0.29310932821966407
MATR,MATR/MATR_b1c44,change_pooled,608,0.15519279367784347,0.2244552291929323,0.4942339373970346,0.3917089731704364
MATR,MATR/MATR_b1c45,change_pooled,592,0.133831712561534,0.19992614559651709,0.47377326565143824,0.3649635763090874
MATR,MATR/MATR_b1c5,change_pooled,1067,0.018239011823347164,0.021470389372308222,0.4699812382739212,0.10588407345212081
MATR,MATR/MATR_b1c6,change_pooled,629,0.038335944275804605,0.048544117938518386,0.47770700636942676,0.049785192120988975
MATR,MATR/MATR_b1c7,change_pooled,863,0.05801839871256751,0.0648591165171013,0.4651972157772622,0.11728223986878139
MATR,MATR/MATR_b1c9,change_pooled,1046,0.02102197189448022,0.022826170824693525,0.4717703349282297,0.0299113889922209
MATR,MATR/MATR_b2c0,change_pooled,320,0.057073080233102334,0.06302874734831834,0.47962382445141066,0.03706795813778441
MATR,MATR/MATR_b2c1,change_pooled,164,0.00891193544860567,0.01082193622284478,0.5337423312883436,0.022275136916768523
MATR,MATR/MATR_b2c10,change_pooled,590,0.025959473236433456,0.028607137525131807,0.41765704584040747,0.11341924744844323
MATR,MATR/MATR_b2c11,change_pooled,499,0.04911729123885454,0.059808397920195315,0.40963855421686746,0.08406816538199668
MATR,MATR/MATR_b2c12,change_pooled,484,0.04550057115603819,0.05566936198697736,0.39751552795031053,0.012704682184365268
MATR,MATR/MATR_b2c13,change_pooled,514,0.05232538453142732,0.062166458129232195,0.37816764132553604,0.008030215814245012
MATR,MATR/MATR_b2c14,change_pooled,503,0.05311755146147204,0.06476290830997282,0.4103585657370518,0.08798415496034306
MATR,MATR/MATR_b2c17,change_pooled,519,0.07104627702005646,0.07921954518148765,0.48455598455598453,0.040543834527350775
MATR,MATR/MATR_b2c18,change_pooled,517,0.059624366368582996,0.07136482438716267,0.4748062015503876,0.022982410009097842
MATR,MATR/MATR_b2c19,change_pooled,483,0.05997412160543556,0.07367995240107937,0.5062240663900415,0.021309685872043183
MATR,MATR/MATR_b2c2,change_pooled,458,0.04305861064531728,0.04687716121454144,0.474835886214442,0.035440589260520405
MATR,MATR/MATR_b2c20,change_pooled,525,0.051209464537268753,0.0601810996077388,0.44083969465648853,0.012218095060441692
MATR,MATR/MATR_b2c21,change_pooled,514,0.05735325645248223,0.06886041889694883,0.4327485380116959,0.01390517632997923
MATR,MATR/MATR_b2c22,change_pooled,534,0.055689189634262434,0.06656614734025708,0.3902439024390244,0.008071744933966007
MATR,MATR/MATR_b2c23,change_pooled,556,0.07351206964983233,0.08523828110667145,0.4720720720720721,0.09044919630457116
MATR,MATR/MATR_b2c24,change_pooled,518,0.06285871849616599,0.0758948317906016,0.4197292069632495,0.02176813122188903
MATR,MATR/MATR_b2c25,change_pooled,481,0.05991205413825785,0.07352132240364251,0.44583333333333336,0.02206424502252413
MATR,MATR/MATR_b2c26,change_pooled,492,0.06194703607866506,0.07407958523517023,0.4623217922606925,0.025586266886265197
MATR,MATR/MATR_b2c27,change_pooled,489,0.056889263458067454,0.06990157704105292,0.45901639344262296,0.0786630893623681
MATR,MATR/MATR_b2c28,change_pooled,535,0.06393513592425733,0.07226979778850771,0.47752808988764045,0.051929511532076034
MATR,MATR/MATR_b2c29,change_pooled,516,0.06103440988870058,0.07009824834875379,0.44660194174757284,0.0306535057539008
MATR,MATR/MATR_b2c3,change_pooled,355,0.031059136241022234,0.03397114158634955,0.4209039548022599,0.03257585439138566
MATR,MATR/MATR_b2c30,change_pooled,501,0.05487620409236259,0.06795375450390634,0.402,0.08787089039408802
MATR,MATR/MATR_b2c31,change_pooled,513,0.047474945185315184,0.0564157401550804,0.4453125,0.1260409792051712
MATR,MATR/MATR_b2c32,change_pooled,538,0.053352260202174664,0.06499980354427023,0.4692737430167598,0.04764942832836683
MATR,MATR/MATR_b2c33,change_pooled,540,0.05649592097869058,0.06666382438761127,0.43042671614100186,0.018631542101004595
MATR,MATR/MATR_b2c34,change_pooled,520,0.04586621987208526,0.05249523341147956,0.44701348747591524,0.11034976140304564
MATR,MATR/MATR_b2c35,change_pooled,480,0.03500028696063858,0.04025468994908261,0.4112734864300626,0.0994578647650195
MATR,MATR/MATR_b2c36,change_pooled,554,0.06357419863793239,0.07457652464013756,0.40325497287522605,0.010416189424011346
MATR,MATR/MATR_b2c37,change_pooled,496,0.06315956439721918,0.07540954636086694,0.39595959595959596,0.013138132073527431
MATR,MATR/MATR_b2c38,change_pooled,481,0.05852337875903972,0.07066592716501145,0.41458333333333336,0.018261293677195756
MATR,MATR/MATR_b2c39,change_pooled,474,0.05633360596933348,0.06543204451903914,0.4164904862579281,0.09027520796841026
MATR,MATR/MATR_b2c4,change_pooled,465,0.050827476839239785,0.06099153577420185,0.4073275862068966,0.008161562940912304
MATR,MATR/MATR_b2c40,change_pooled,524,0.051429450740196295,0.06283738911926383,0.4646271510516252,0.04519351516176473
MATR,MATR/MATR_b2c41,change_pooled,446,0.04747023562062846,0.054430199697136195,0.4404494382022472,0.10803081268235282
MATR,MATR/MATR_b2c42,change_pooled,486,0.056321004489339035,0.06716627768293548,0.4618556701030928,0.01995745670742588
MATR,MATR/MATR_b2c43,change_pooled,481,0.056649762650468845,0.06753084671581418,0.44583333333333336,0.019625279479321578
MATR,MATR/MATR_b2c44,change_pooled,472,0.06109925007250377,0.07164820284686264,0.416135881104034,0.07329900204903528
MATR,MATR/MATR_b2c45,change_pooled,508,0.05370002659715173,0.06610626508836413,0.4280078895463511,0.00918470694240714
MATR,MATR/MATR_b2c46,change_pooled,443,0.06722998286363223,0.07892608969941789,0.4411764705882353,0.040057444306671464
MATR,MATR/MATR_b2c47,change_pooled,739,0.053392789717141446,0.05883881429127317,0.44986449864498645,0.035390879577870016
MATR,MATR/MATR_b2c5,change_pooled,501,0.05714271953032177,0.0693143825423788,0.418,0.08333083754114423
MATR,MATR/MATR_b2c6,change_pooled,539,0.093901310350495,0.0984581533587111,0.44052044609665425,0.060547509667748245
MATR,MATR/MATR_b3c0,change_pooled,1002,0.03928598609626886,0.048063360021517954,0.48451548451548454,0.09914278619447958
MATR,MATR/MATR_b3c1,change_pooled,1056,0.04347351645675792,0.05187181982386085,0.4834123222748815,0.09097264526026172
MATR,MATR/MATR_b3c10,change_pooled,1071,0.01734613563827656,0.022288254160678988,0.48317757009345796,0.04375233807108114
MATR,MATR/MATR_b3c11,change_pooled,810,0.027395877416463682,0.031148572961108362,0.48084054388133496,0.05229609263702617
MATR,MATR/MATR_b3c12,change_pooled,925,0.04180385971413834,0.04744559929239946,0.4880952380952381,0.08777736818513304
MATR,MATR/MATR_b3c13,change_pooled,809,0.024422618011299968,0.027958414792352355,0.474009900990099,0.07027601781512405
MATR,MATR/MATR_b3c14,change_pooled,851,0.03428559457715477,0.03828236011852086,0.46705882352941175,0.0857318808809493
MATR,MATR/MATR_b3c15,change_pooled,869,0.03552992787172252,0.0405615815140273,0.4804147465437788,0.08830986653090656
MATR,MATR/MATR_b3c16,change_pooled,1631,0.016986680612530777,0.02144783922008152,0.47791411042944787,0.041315571132533147
MATR,MATR/MATR_b3c17,change_pooled,1308,0.042821599805266744,0.05078309462480324,0.4774292272379495,0.08906957981496721
MATR,MATR/MATR_b3c18,change_pooled,1139,0.04026575450202132,0.04713441131004681,0.4833040421792619,0.08941929931992665
MATR,MATR/MATR_b3c19,change_pooled,1148,0.031595859515634435,0.03846840780297013,0.47515257192676547,0.08697022856022629
MATR,MATR/MATR_b3c20,change_pooled,806,0.04245859553086198,0.050328618912713584,0.484472049689441,0.1043898100306665
MATR,MATR/MATR_b3c21,change_pooled,765,0.07295108838488637,0.09123633031128443,0.4829842931937173,0.14180141315068528
MATR,MATR/MATR_b3c22,change_pooled,995,0.045443558004870606,0.050643875018688764,0.4869215291750503,0.08605653104434019
MATR,MATR/MATR_b3c24,change_pooled,818,0.036236112074109296,0.04356509227436048,0.5042839657282742,0.10027152129230366
MATR,MATR/MATR_b3c25,change_pooled,982,0.033192981226365194,0.03656835530098045,0.48216106014271154,0.04080758855068145
MATR,MATR/MATR_b3c26,change_pooled,1021,0.028577396614637297,0.032947043730426645,0.4872549019607843,0.08208158386796738
MATR,MATR/MATR_b3c27,change_pooled,843,0.03492075217794236,0.03941103227452288,0.47387173396674587,0.06512985357913359
MATR,MATR/MATR_b3c28,change_pooled,534,0.06294183549866536,0.08053361202244193,0.474671669793621,0.12732875641627117
MATR,MATR/MATR_b3c29,change_pooled,851,0.029789919319547546,0.03570228752373497,0.48,0.08445005691017504
MATR,MATR/MATR_b3c3,change_pooled,1108,0.05265776924266478,0.05889904282282012,0.4787714543812105,0.08871326522867984
MATR,MATR/MATR_b3c30,change_pooled,928,0.0333640323901325,0.039332402887081265,0.47896440129449835,0.08582939808696544
MATR,MATR/MATR_b3c31,change_pooled,724,0.040865307758012726,0.04426716222959942,0.47717842323651455,0.104835962593544
MATR,MATR/MATR_b3c33,change_pooled,1277,0.026193058012655417,0.033306490018181464,0.49843260188087773,0.07246097639946081
MATR,MATR/MATR_b3c34,change_pooled,1151,0.03223924611814963,0.04035912811677561,0.5034782608695653,0.10255543093011121
MATR,MATR/MATR_b3c35,change_pooled,1086,0.03915207973972526,0.04781330209071944,0.48847926267281105,0.08887293712526712
MATR,MATR/MATR_b3c36,change_pooled,916,0.04530974037886533,0.05553683528635465,0.4896174863387978,0.08531152344837156
MATR,MATR/MATR_b3c38,change_pooled,1928,0.04376405378738386,0.0499960675878201,0.49507005708354956,0.09455189936485808
MATR,MATR/MATR_b3c39,change_pooled,1149,0.03248941204599287,0.041338513812788066,0.4930313588850174,0.08339010359468246
MATR,MATR/MATR_b3c4,change_pooled,1041,0.030971302895558855,0.036548836989855615,0.4971153846153846,0.09041579996533122
MATR,MATR/MATR_b3c40,change_pooled,789,0.032222640372161625,0.038632941132434304,0.49746192893401014,0.0860449072054672
MATR,MATR/MATR_b3c41,change_pooled,779,0.03554539749994935,0.04111224695081899,0.4652956298200514,0.08806372913982319
MATR,MATR/MATR_b3c44,change_pooled,933,0.040235222536750145,0.04605020644968842,0.4871244635193133,0.0942834839646296
MATR,MATR/MATR_b3c45,change_pooled,1794,0.019938547180805323,0.024438932603731967,0.4785276073619632,0.04538957323643
MATR,MATR/MATR_b3c5,change_pooled,821,0.02324536450602562,0.026572114993034916,0.501219512195122,0.05584299594479614
MATR,MATR/MATR_b3c6,change_pooled,660,0.06652795127899563,0.08589332265435592,0.4977238239757208,0.14738644840121928
MATR,MATR/MATR_b3c7,change_pooled,1829,0.023596433167556805,0.027907406168227587,0.4972647702407002,0.03703997099787837
MATR,MATR/MATR_b3c8,change_pooled,821,0.04084419069370842,0.04789409707291883,0.4902439024390244,0.09886801472837992
MATR,MATR/MATR_b3c9,change_pooled,1032,0.05042581121630556,0.05720353576844454,0.472356935014549,0.12288039509942861
MATR,MATR/MATR_b4c0,change_pooled,977,0.025424172261844857,0.03294927799153712,0.444672131147541,0.10810204669841939
MATR,MATR/MATR_b4c1,change_pooled,856,0.03511647999535914,0.04356695102441381,0.43157894736842106,0.023274753637781198
MATR,MATR/MATR_b4c10,change_pooled,1077,0.036107202725242045,0.044536279909043526,0.4423791821561338,0.11680659082029521
MATR,MATR/MATR_b4c11,change_pooled,925,0.028315142198520542,0.034193933779213585,0.4837662337662338,0.1341553612980615
MATR,MATR/MATR_b4c12,change_pooled,893,0.03685234134342845,0.042824052678253136,0.4551569506726457,0.13614576171618908
MATR,MATR/MATR_b4c13,change_pooled,864,0.039068995351065776,0.04413519815235074,0.4681344148319815,0.13864966224494013
MATR,MATR/MATR_b4c14,change_pooled,762,0.05711096277841652,0.06515574775408291,0.47174770039421815,0.1450943396343901
MATR,MATR/MATR_b4c15,change_pooled,866,0.05451626398735753,0.06624645641762505,0.4485549132947977,0.09706733091017095
MATR,MATR/MATR_b4c16,change_pooled,978,0.049982849056508585,0.056458153198942054,0.4616171954964176,0.13059385653838362
MATR,MATR/MATR_b4c17,change_pooled,925,0.03737422091964269,0.046782609648151084,0.45995670995670995,0.13802745690650342
MATR,MATR/MATR_b4c18,change_pooled,1052,0.02462800581250445,0.03248343534096662,0.45670789724072314,0.1305865663206104
MATR,MATR/MATR_b4c19,change_pooled,1106,0.037587016823680805,0.04489459868967222,0.465158371040724,0.12586976643302383
MATR,MATR/MATR_b4c2,change_pooled,779,0.017711278182046028,0.024787823324568088,0.4704370179948586,0.12195239201008401
MATR,MATR/MATR_b4c20,change_pooled,799,0.024407954984285316,0.034185225811346476,0.47368421052631576,0.13496751922539674
MATR,MATR/MATR_b4c21,change_pooled,898,0.025967589707516454,0.03153186705351567,0.4537346711259755,0.09568163980165523
MATR,MATR/MATR_b4c22,change_pooled,740,0.04594949379628152,0.05348640460021002,0.46414073071718537,0.11724303295434568
MATR,MATR/MATR_b4c23,change_pooled,1089,0.03590911123942447,0.043015361218936066,0.4834558823529412,0.1335295981707103
MATR,MATR/MATR_b4c24,change_pooled,1110,0.0257267821905529,0.03313362634452486,0.4688908926961226,0.1388281115940646
MATR,MATR/MATR_b4c25,change_pooled,562,0.03839123543282214,0.043876431800585945,0.44919786096256686,0.12038549511832353
MATR,MATR/MATR_b4c26,change_pooled,574,0.039804182639940455,0.04509684129817133,0.41012216404886565,0.1271387702783905
MATR,MATR/MATR_b4c27,change_pooled,558,0.04368098292197784,0.04990478105180335,0.4829443447037702,0.13235527185401386
MATR,MATR/MATR_b4c28,change_pooled,877,0.03441038564628925,0.03972139201429658,0.4794520547945205,0.12903868367231885
MATR,MATR/MATR_b4c29,change_pooled,951,0.02906177961239176,0.03532315127033174,0.4673684210526316,0.14606852337604048
MATR,MATR/MATR_b4c3,change_pooled,906,0.0341521808175478,0.04456666533440746,0.46519337016574586,0.11474016151226551
MATR,MATR/MATR_b4c30,change_pooled,714,0.025327985631141803,0.03056992016334942,0.4431977559607293,0.08830779769933239
MATR,MATR/MATR_b4c31,change_pooled,827,0.07626540249058493,0.10430868431898796,0.4346246973365617,0.10971004811168117
MATR,MATR/MATR_b4c32,change_pooled,834,0.035315881071828065,0.04091923243684763,0.42857142857142855,0.11412308393258586
MATR,MATR/MATR_b4c33,change_pooled,525,0.04445092204422134,0.04973801812832909,0.45610687022900764,0.13562584433161562
MATR,MATR/MATR_b4c34,change_pooled,992,0.02989121168188982,0.03919487242363146,0.4389505549949546,0.13336832769293427
MATR,MATR/MATR_b4c35,change_pooled,1126,0.0284201482412626,0.035790824693433324,0.46755555555555556,0.11891590832154897
MATR,MATR/MATR_b4c36,change_pooled,708,0.03787194708636664,0.044418615125831444,0.41725601131541723,0.12592769753629862
MATR,MATR/MATR_b4c37,change_pooled,1000,0.03843418826610232,0.04784015848062676,0.4794794794794795,0.14189915490339255
MATR,MATR/MATR_b4c38,change_pooled,1225,0.03710525599941326,0.043494971150206854,0.4910130718954248,0.11881989152988193
MATR,MATR/MATR_b4c39,change_pooled,756,0.05955550953775676,0.0725264127986992,0.4821192052980132,0.1291946475052529
MATR,MATR/MATR_b4c4,change_pooled,907,0.06555975109136167,0.0953378067764967,0.44039735099337746,0.1021851494091448
MATR,MATR/MATR_b4c40,change_pooled,1117,0.03422518558654691,0.04075309219373773,0.4668458781362007,0.10035503733464124
MATR,MATR/MATR_b4c41,change_pooled,992,0.034128315203367086,0.043304449038987974,0.44601412714429867,0.1295724419823019
MATR,MATR/MATR_b4c42,change_pooled,910,0.03875144149128952,0.0451873680091124,0.429042904290429,0.132213901121489
MATR,MATR/MATR_b4c43,change_pooled,946,0.03014444643574749,0.03938455256279211,0.4306878306878307,0.03347291218352877
MATR,MATR/MATR_b4c44,change_pooled,1072,0.03480628478305377,0.041965766597713075,0.4892623716153128,0.1469058105179597
MATR,MATR/MATR_b4c5,change_pooled,1062,0.025915051580581452,0.032323985864183453,0.470311027332705,0.14829556040335778
MATR,MATR/MATR_b4c6,change_pooled,772,0.04364508039372319,0.053487424985047514,0.48119325551232167,0.12361023312993236
MATR,MATR/MATR_b4c7,change_pooled,557,0.051806357981663546,0.05679721972153052,0.45143884892086333,0.1098499968702058
MATR,MATR/MATR_b4c8,change_pooled,713,0.02980747156874392,0.03592683413104438,0.46629213483146065,0.13544486320663962
MATR,MATR/MATR_b4c9,change_pooled,524,0.04248618171862613,0.04822849803699854,0.4187380497131931,0.021866550336594903
MICH,MICH/MICH_BLForm10_pouch_NMC_25C_0-100_1-1C_j,change_pooled,454,0.041819503413303774,0.06913752724487375,0.2913907284768212,0.05025491367668444
MICH,MICH/MICH_BLForm11_pouch_NMC_25C_0-100_1-1C_a,change_pooled,420,0.02722475224268533,0.03753685047896983,0.36754176610978523,0.07789999289032234
MICH,MICH/MICH_BLForm12_pouch_NMC_25C_0-100_1-1C_b,change_pooled,427,0.03268059455645341,0.045005528706252594,0.3544600938967136,0.08792950469383476
MICH,MICH/MICH_BLForm13_pouch_NMC_25C_0-100_1-1C_c,change_pooled,432,0.03850365204899612,0.05397192117732509,0.3294663573085847,0.09296346841625147
MICH,MICH/MICH_BLForm14_pouch_NMC_25C_0-100_1-1C_d,change_pooled,471,0.030444089576622143,0.040153614774849265,0.3425531914893617,0.08147483084437135
MICH,MICH/MICH_BLForm15_pouch_NMC_25C_0-100_1-1C_e,change_pooled,437,0.03763435494036607,0.05369183471933631,0.34174311926605505,0.08968775854021283
MICH,MICH/MICH_BLForm16_pouch_NMC_25C_0-100_1-1C_f,change_pooled,437,0.039253827010435526,0.05301602528221576,0.3486238532110092,0.04547890569796387
MICH,MICH/MICH_BLForm17_pouch_NMC_25C_0-100_1-1C_g,change_pooled,437,0.04994851170912826,0.07107637841851859,0.35091743119266056,0.07059332838880461
MICH,MICH/MICH_BLForm18_pouch_NMC_25C_0-100_1-1C_h,change_pooled,433,0.04167054761797798,0.056043426311847507,0.3472222222222222,0.08501598651758435
MICH,MICH/MICH_BLForm19_pouch_NMC_25C_0-100_1-1C_i,change_pooled,437,0.03640450629733819,0.04921349029649185,0.3577981651376147,0.09181599275475916
MICH,MICH/MICH_BLForm1_pouch_NMC_45C_0-100_1-1C_a,change_pooled,487,0.06683095655459931,0.10867522823719562,0.2962962962962963,0.02176245509066138
MICH,MICH/MICH_BLForm20_pouch_NMC_25C_0-100_1-1C_j,change_pooled,437,0.0437113568420795,0.06246637947170389,0.3119266055045872,0.11720037304833475
MICH,MICH/MICH_BLForm2_pouch_NMC_45C_0-100_1-1C_b,change_pooled,459,0.05737957992453886,0.0942734695284389,0.3078602620087336,0.025447500891954244
MICH,MICH/MICH_BLForm3_pouch_NMC_45C_0-100_1-1C_c,change_pooled,507,0.02738116909709725,0.03738846053625856,0.2984189723320158,0.03709278292291951
MICH,MICH/MICH_BLForm4_pouch_NMC_45C_0-100_1-1C_d,change_pooled,487,0.06289228890560664,0.09621779389784768,0.2716049382716049,0.028971043736969793
MICH,MICH/MICH_BLForm5_pouch_NMC_45C_0-100_1-1C_e,change_pooled,487,0.0658642670301858,0.10998755876136809,0.2962962962962963,0.03470204453979536
MICH,MICH/MICH_BLForm6_pouch_NMC_45C_0-100_1-1C_f,change_pooled,449,0.038607693827454215,0.06381546318500032,0.2924107142857143,0.04811609799612909
MICH,MICH/MICH_BLForm7_pouch_NMC_45C_0-100_1-1C_g,change_pooled,452,0.04725157985147692,0.07931118985009411,0.2638580931263858,0.0626421745921023
MICH,MICH/MICH_BLForm8_pouch_NMC_45C_0-100_1-1C_h,change_pooled,487,0.06515162182153225,0.10769700945698972,0.2777777777777778,0.06441385634913233
MICH,MICH/MICH_BLForm9_pouch_NMC_45C_0-100_1-1C_i,change_pooled,569,0.17656524693555983,0.2206796656394938,0.19718309859154928,0.041973768999132466
MICH,MICH/MICH_MCForm21_pouch_NMC_25C_0-100_1-1C_a,change_pooled,471,0.0273043026714347,0.03624863633887529,0.3659574468085106,0.06281899601594298
MICH,MICH/MICH_MCForm22_pouch_NMC_25C_0-100_1-1C_b,change_pooled,486,0.047477759632102996,0.06971218336772263,0.34845360824742266,0.0732467380883014
MICH,MICH/MICH_MCForm23_pouch_NMC_25C_0-100_1-1C_c,change_pooled,535,0.030702488896437036,0.04188314375226317,0.37453183520599254,0.04990603218239631
MICH,MICH/MICH_MCForm24_pouch_NMC_25C_0-100_1-1C_d,change_pooled,471,0.03355871816587723,0.04679160979126627,0.3680851063829787,0.08398755729362961
MICH,MICH/MICH_MCForm25_pouch_NMC_25C_0-100_1-1C_e,change_pooled,584,0.03046489997142688,0.040051854931808885,0.36192109777015435,0.0764440840516043
MICH,MICH/MICH_MCForm26_pouch_NMC_25C_0-100_1-1C_f,change_pooled,584,0.029928676682736723,0.03962817812808844,0.37221269296740994,0.06976834092318607
MICH,MICH/MICH_MCForm27_pouch_NMC_25C_0-100_1-1C_g,change_pooled,535,0.03459551429124399,0.0452288713862302,0.3782771535580524,0.06281715563651635
MICH,MICH/MICH_MCForm28_pouch_NMC_25C_0-100_1-1C_h,change_pooled,584,0.03716192785597096,0.048338125787412825,0.3344768439108062,0.0675697260478364
MICH,MICH/MICH_MCForm29_pouch_NMC_25C_0-100_1-1C_i,change_pooled,547,0.03934718436515525,0.053935805862826286,0.33882783882783885,0.05043737406574156
MICH,MICH/MICH_MCForm30_pouch_NMC_25C_0-100_1-1C_j,change_pooled,535,0.03358748741232793,0.04411058143978599,0.35580524344569286,0.06261520785568098
MICH,MICH/MICH_MCForm31_pouch_NMC_45C_0-100_1-1C_a,change_pooled,506,0.035105031804065365,0.058417468476096704,0.31485148514851485,0.03990687275693483
MICH,MICH/MICH_MCForm32_pouch_NMC_45C_0-100_1-1C_b,change_pooled,487,0.029391746363173765,0.03827497845642574,0.3497942386831276,0.03337911452228104
MICH,MICH/MICH_MCForm33_pouch_NMC_45C_0-100_1-1C_c,change_pooled,496,0.03359853529058197,0.04859281885421902,0.296969696969697,0.020599924186857743
MICH,MICH/MICH_MCForm34_pouch_NMC_45C_0-100_1-1C_d,change_pooled,575,0.025958328667720847,0.030535718223953765,0.3397212543554007,0.05547913645140279
MICH,MICH/MICH_MCForm35_pouch_NMC_45C_0-100_1-1C_e,change_pooled,440,0.027260114492411565,0.03637523181694347,0.3234624145785877,0.04003582032981856
MICH,MICH/MICH_MCForm36_pouch_NMC_45C_0-100_1-1C_f,change_pooled,536,0.033400021981819655,0.045151062798314205,0.308411214953271,0.030162263161533698
MICH,MICH/MICH_MCForm37_pouch_NMC_45C_0-100_1-1C_g,change_pooled,536,0.024645343985216988,0.03339901729441257,0.3121495327102804,0.05147433042507843
MICH,MICH/MICH_MCForm38_pouch_NMC_45C_0-100_1-1C_h,change_pooled,497,0.037920868287361555,0.05202118710260502,0.3024193548387097,0.0421851864134154
MICH,MICH/MICH_MCForm39_pouch_NMC_45C_0-100_1-1C_i,change_pooled,536,0.03083058281535889,0.043288309195803155,0.3252336448598131,0.027714025004173637
MICH,MICH/MICH_MCForm40_pouch_NMC_45C_0-100_1-1C_j,change_pooled,534,0.02898677991383116,0.0359725692270808,0.3527204502814259,0.039972835633369286
MICH_EXP,MICH_EXP/MICH_01R_pouch_NMC_25C_0-100_0.2-0.2C,change_pooled,374,0.05140314651032414,0.06905387469066561,0.3163538873994638,0.7742858934013115
MICH_EXP,MICH_EXP/MICH_02C_pouch_NMC_-5C_0-100_0.2-0.2C,change_pooled,288,0.028115361313389993,0.03128698107842491,0.3554006968641115,0.00810672917641464
MICH_EXP,MICH_EXP/MICH_03H_pouch_NMC_45C_0-100_0.2-0.2C,change_pooled,98,0.012864087223813958,0.03661277545212366,0.15463917525773196,0.3474034394619514
MICH_EXP,MICH_EXP/MICH_04R_pouch_NMC_25C_0-100_1.5-1.5C,change_pooled,322,0.029893254332810513,0.03407037454792855,0.2087227414330218,0.022482662158666677
MICH_EXP,MICH_EXP/MICH_05C_pouch_NMC_-5C_0-100_1.5-1.5C,change_pooled,568,0.10309849292210616,0.1204620486828593,0.2857142857142857,0.023848562788848393
MICH_EXP,MICH_EXP/MICH_06H_pouch_NMC_45C_0-100_1.5-1.5C,change_pooled,172,0.00740593036745047,0.011125364237917334,0.1111111111111111,0.0015259602650147253
MICH_EXP,MICH_EXP/MICH_07R_pouch_NMC_25C_0-100_2-2C,change_pooled,240,0.04175327424860385,0.046625465279707894,0.13389121338912133,0.018560676229379958
MICH_EXP,MICH_EXP/MICH_08C_pouch_NMC_-5C_0-100_2-2C,change_pooled,568,0.09446580673397086,0.11217907717551195,0.25925925925925924,0.05241138307117543
MICH_EXP,MICH_EXP/MICH_09H_pouch_NMC_45C_0-100_2-2C,change_pooled,170,0.025299713163513652,0.03710562817218738,0.07692307692307693,0.00263212971748783
MICH_EXP,MICH_EXP/MICH_10R_pouch_NMC_25C_0-100_0.2-1.5C,change_pooled,434,0.05062734796054261,0.06964101740827197,0.2956120092378753,0.4926780750376194
MICH_EXP,MICH_EXP/MICH_11C_pouch_NMC_-5C_0-100_0.2-1.5C,change_pooled,535,0.009051260835418518,0.011877571128131117,0.30711610486891383,0.029596791346389484
MICH_EXP,MICH_EXP/MICH_12H_pouch_NMC_45C_0-100_0.2-1.5C,change_pooled,177,0.027774753334642074,0.029696942449114052,0.09659090909090909,0.009217400664752962
MICH_EXP,MICH_EXP/MICH_13R_pouch_NMC_25C_50-100_0.2-0.2C,change_pooled,527,0.07867275675055262,0.0875792534654222,0.21292775665399238,0.5102117900861648
MICH_EXP,MICH_EXP/MICH_14C_pouch_NMC_-5C_50-100_0.2-0.2C,change_pooled,447,0.08293263628810439,0.09356715303408489,0.3251121076233184,0.6318496919706356
MICH_EXP,MICH_EXP/MICH_15H_pouch_NMC_45C_50-100_0.2-0.2C,change_pooled,166,0.049297394916243124,0.07272652166794165,0.13333333333333333,0.6430318871356313
MICH_EXP,MICH_EXP/MICH_16R_pouch_NMC_25C_50-100_0.2-1.5C,change_pooled,527,0.0788588085907415,0.08788911317705875,0.21863117870722434,0.6071811870603097
MICH_EXP,MICH_EXP/MICH_17C_pouch_NMC_-5C_50-100_0.2-1.5C,change_pooled,552,0.08501301131282235,0.09357797968103938,0.4101633393829401,0.6254756501954533
MICH_EXP,MICH_EXP/MICH_18H_pouch_NMC_45C_50-100_0.2-1.5C,change_pooled,290,0.0608117305332019,0.06498981572518561,0.23529411764705882,0.09289353081481222
RWTH,RWTH/RWTH_002,change_pooled,2406,0.18857335286271495,0.26424471034681835,0.3093555093555094,0.029348971562729753
RWTH,RWTH/RWTH_003,change_pooled,2432,0.18411946971746798,0.2532984214631556,0.3850267379679144,0.023329677907320545
RWTH,RWTH/RWTH_004,change_pooled,2410,0.1818279114415984,0.2534822215248394,0.39310917393109174,0.015721140715549753
RWTH,RWTH/RWTH_005,change_pooled,2390,0.17950042993568982,0.2555417758266582,0.33403097530347425,0.016091694928760836
RWTH,RWTH/RWTH_006,change_pooled,2413,0.16972939919348082,0.2459292076885728,0.4158374792703151,0.013958443795720643
RWTH,RWTH/RWTH_007,change_pooled,2409,0.1736004471464984,0.2498663309616829,0.29401993355481726,0.03383200332463443
RWTH,RWTH/RWTH_008,change_pooled,2409,0.1865986304433035,0.25713293747714316,0.31727574750830567,0.020022261059402746
RWTH,RWTH/RWTH_009,change_pooled,2392,0.1660592666917145,0.23451204695759012,0.2793810121288164,0.0173883702360208
RWTH,RWTH/RWTH_010,change_pooled,2436,0.18226026702649797,0.2518425516052347,0.33059548254620125,0.01611411535363072
RWTH,RWTH/RWTH_011,change_pooled,2432,0.17588728413239413,0.24461041200809833,0.3385438091320444,0.018208557938584002
RWTH,RWTH/RWTH_012,change_pooled,2442,0.16200885988625283,0.2372358862057795,0.35845964768537486,0.017601933982167806
RWTH,RWTH/RWTH_013,change_pooled,2442,0.17372789899618124,0.25053635040364935,0.32158951249487916,0.01576487996507414
RWTH,RWTH/RWTH_014,change_pooled,2303,0.19073873808039607,0.2562019285127491,0.24152910512597742,0.012406326245843702
RWTH,RWTH/RWTH_015,change_pooled,2282,0.17248876205144043,0.24366919014534466,0.36957474791758,0.029586605173536396
RWTH,RWTH/RWTH_016,change_pooled,2281,0.16853278674473388,0.24077729377664708,0.4263157894736842,0.020353384987846557
RWTH,RWTH/RWTH_017,change_pooled,2274,0.195457548535702,0.26243676929000415,0.24901011878574572,0.022881984754395512
RWTH,RWTH/RWTH_018,change_pooled,2239,0.17696564295026443,0.24435179387939582,0.3194816800714924,0.015146095660473757
RWTH,RWTH/RWTH_019,change_pooled,2282,0.19782074495568164,0.2618145595774415,0.3958790004384042,0.023571400821763788
RWTH,RWTH/RWTH_020,change_pooled,2232,0.1821738361581361,0.24945987273759793,0.32496638278798745,0.019779086234181342
RWTH,RWTH/RWTH_021,change_pooled,2278,0.19748352404509487,0.26286110427170506,0.3544137022397892,0.01842736281539603
RWTH,RWTH/RWTH_022,change_pooled,2277,0.1835812675343611,0.24634709964667845,0.38005272407732865,0.016888603391450707
RWTH,RWTH/RWTH_023,change_pooled,2316,0.1430246655959773,0.21366503396755807,0.4142548596112311,0.016243472364164124
RWTH,RWTH/RWTH_024,change_pooled,2315,0.14805011322377395,0.21916334691244113,0.29429559204840106,0.012584079098860612
RWTH,RWTH/RWTH_025,change_pooled,2304,0.17690228961451726,0.25080275027740756,0.4515848892748589,0.01885073120584846
RWTH,RWTH/RWTH_026,change_pooled,2002,0.163743515799802,0.22128183481768582,0.4007996001999001,0.011871221848541169
RWTH,RWTH/RWTH_027,change_pooled,2006,0.15983905651204314,0.22233796023923888,0.3082294264339152,0.015071127792421368
RWTH,RWTH/RWTH_028,change_pooled,2005,0.1637451955797419,0.23281529148072402,0.3283433133732535,0.016503965642784335
RWTH,RWTH/RWTH_029,change_pooled,2006,0.15001418153881746,0.21828352408988103,0.3800498753117207,0.015661959794390556
RWTH,RWTH/RWTH_030,change_pooled,1483,0.07141590996169328,0.11539753747500775,0.33265856950067474,0.0164753916102921
RWTH,RWTH/RWTH_031,change_pooled,2259,0.16384557167737082,0.2383061006337468,0.3728963684676705,0.016743915637602247
RWTH,RWTH/RWTH_032,change_pooled,2277,0.1984283298901109,0.2638960713874715,0.3308435852372584,0.01742052909695968
RWTH,RWTH/RWTH_033,change_pooled,2254,0.20424660768252126,0.2820405226617101,0.26187305814469597,0.017169994879166595
RWTH,RWTH/RWTH_034,change_pooled,2121,0.12752174817690387,0.1842526350228691,0.3891509433962264,0.017828852076966828
RWTH,RWTH/RWTH_035,change_pooled,2147,0.12456883851996088,0.1837260539972976,0.36672879776328055,0.020746046731738965
RWTH,RWTH/RWTH_036,change_pooled,2144,0.1428307395276791,0.21277952957735183,0.3635090993933738,0.018684964236661883
RWTH,RWTH/RWTH_037,change_pooled,2162,0.1727444555472233,0.23997081426806632,0.34752429430819065,0.022870054873162515
RWTH,RWTH/RWTH_038,change_pooled,1959,0.13481776268186577,0.1880176449616667,0.37589376915219613,0.025057295341492813
RWTH,RWTH/RWTH_039,change_pooled,1943,0.14062117804106644,0.19147468522233044,0.3470648815653965,0.019818897197468988
RWTH,RWTH/RWTH_040,change_pooled,1939,0.1437791337766601,0.19978536935674318,0.2760577915376677,0.022355124988054365
RWTH,RWTH/RWTH_041,change_pooled,1939,0.14646754795178699,0.20516047273705385,0.26418988648090813,0.021450812307385436
RWTH,RWTH/RWTH_042,change_pooled,1891,0.13935956723378234,0.19552517589424598,0.36984126984126986,0.019114384618076685
RWTH,RWTH/RWTH_043,change_pooled,1890,0.11713262654976271,0.17450877975657675,0.3684489147697194,0.008425073396339022
RWTH,RWTH/RWTH_044,change_pooled,1889,0.1394358658759064,0.1960998922674347,0.3093220338983051,0.009086748682222034
RWTH,RWTH/RWTH_045,change_pooled,1890,0.14319352822103032,0.1984804251137955,0.3673901535203812,0.01445219749390303
RWTH,RWTH/RWTH_046,change_pooled,2131,0.16825337228273582,0.23055505537987983,0.3530516431924883,0.025831410529328136
RWTH,RWTH/RWTH_047,change_pooled,2146,0.17427818846251963,0.2382134887491147,0.26853146853146853,0.02779249504424186
RWTH,RWTH/RWTH_048,change_pooled,2131,0.1634029823232783,0.22548842872210814,0.34788732394366195,0.027162932920548166
RWTH,RWTH/RWTH_049,change_pooled,2130,0.1586374195599481,0.22311957053243447,0.30718647252231096,0.016423530144294318
SDU,SDU/SDU_Battery_1,change_pooled,956,0.06195313907430174,0.0682545147513364,0.2732984293193717,0.07458659400545287
SDU,SDU/SDU_Battery_10,change_pooled,431,0.0640921537458149,0.07223811744166703,0.2651162790697674,0.03444490894768637
SDU,SDU/SDU_Battery_11,change_pooled,550,0.07003518773867203,0.07826535988146027,0.27140255009107467,0.04846754748665705
SDU,SDU/SDU_Battery_12,change_pooled,481,0.07208498325468297,0.080353990097695,0.26666666666666666,0.03622089255938565
SDU,SDU/SDU_Battery_13,change_pooled,516,0.06696006279930879,0.07402512460253222,0.30097087378640774,0.03686095179591764
SDU,SDU/SDU_Battery_14,change_pooled,506,0.06962718311214139,0.0773551678613537,0.2811881188118812,0.0466946453578605
SDU,SDU/SDU_Battery_15,change_pooled,581,0.07468008010753921,0.08391314903703163,0.31551724137931036,0.04032465123572837
SDU,SDU/SDU_Battery_16,change_pooled,581,0.06758764607302352,0.07533713550552365,0.2913793103448276,0.03557535807527046
SDU,SDU/SDU_Battery_17,change_pooled,405,0.04916816019570755,0.055926493675915,0.297029702970297,0.057212454938524226
SDU,SDU/SDU_Battery_18,change_pooled,436,0.054308742391114356,0.06139922858239069,0.2735632183908046,0.05743772825951665
SDU,SDU/SDU_Battery_19,change_pooled,411,0.0443151681909881,0.05123480883856687,0.25121951219512195,0.061608347865429236
SDU,SDU/SDU_Battery_2,change_pooled,890,0.06034273632511336,0.06721765447449284,0.27334083239595053,0.07374278612258123
SDU,SDU/SDU_Battery_20,change_pooled,411,0.0476353097080135,0.05388778312151995,0.28536585365853656,0.055912934743595266
SDU,SDU/SDU_Battery_21,change_pooled,481,0.030799652417591625,0.03490495863451226,0.2875,0.059542720891798684
SDU,SDU/SDU_Battery_22,change_pooled,486,0.048000020064787166,0.05561337790564553,0.2804123711340206,0.06964962600003266
SDU,SDU/SDU_Battery_23,change_pooled,481,0.05206431732768923,0.06070690391637223,0.26458333333333334,0.07144242044610505
SDU,SDU/SDU_Battery_24,change_pooled,436,0.05157128494957586,0.06030508560959817,0.26666666666666666,0.07016058895752897
SDU,SDU/SDU_Battery_25,change_pooled,436,0.05461820962515524,0.06300348507171512,0.2620689655172414,0.0745548816851812
SDU,SDU/SDU_Battery_26,change_pooled,541,0.0724520406784775,0.08143223767698742,0.2611111111111111,0.06464912009927615
SDU,SDU/SDU_Battery_27,change_pooled,486,0.046735362724393645,0.05443746661796031,0.2556701030927835,0.05309437350979995
SDU,SDU/SDU_Battery_28,change_pooled,456,0.04527463050277338,0.054109201701970644,0.25274725274725274,0.051865566492327764
SDU,SDU/SDU_Battery_29,change_pooled,486,0.05061593375662166,0.06268324645352123,0.2597938144329897,0.08944834311163663
SDU,SDU/SDU_Battery_3,change_pooled,851,0.05368898628270714,0.058268729232452694,0.27058823529411763,0.07792955810958735
SDU,SDU/SDU_Battery_30,change_pooled,441,0.041980128770178975,0.050962923673422,0.24545454545454545,0.06434503821505455
SDU,SDU/SDU_Battery_31,change_pooled,176,0.04079054015951352,0.047821595265660315,0.26857142857142857,0.08274739123266095
SDU,SDU/SDU_Battery_32,change_pooled,121,0.04453103494207698,0.053870836997552504,0.225,0.09922090622667734
SDU,SDU/SDU_Battery_33,change_pooled,191,0.03505851624434635,0.0392740979654156,0.23684210526315788,0.05303112288055778
SDU,SDU/SDU_Battery_34,change_pooled,161,0.03210487353500296,0.03783132882370333,0.24375,0.07617741056117067
SDU,SDU/SDU_Battery_35,change_pooled,151,0.033401447640296865,0.038394265481799104,0.22,0.05434078084515637
SDU,SDU/SDU_Battery_36,change_pooled,136,0.03877487587748916,0.044073498100631894,0.2222222222222222,0.05523964907738188
SDU,SDU/SDU_Battery_37,change_pooled,146,0.02741754877580156,0.03204451632781617,0.2206896551724138,0.06779985516671783
SDU,SDU/SDU_Battery_38,change_pooled,106,0.026045777202259337,0.029494103166099562,0.22857142857142856,0.041697389385700445
SDU,SDU/SDU_Battery_39,change_pooled,71,0.054014411717719944,0.06368540643055741,0.21428571428571427,0.08439718335607416
SDU,SDU/SDU_Battery_4,change_pooled,881,0.060380559269171276,0.06721953935143218,0.2897727272727273,0.07823905788454932
SDU,SDU/SDU_Battery_40,change_pooled,66,0.05531176773304706,0.06438326251373797,0.18461538461538463,0.07484447392018101
SDU,SDU/SDU_Battery_41,change_pooled,86,0.042474266761148516,0.0521225381941823,0.17647058823529413,0.0588111102199973
SDU,SDU/SDU_Battery_42,change_pooled,71,0.04382839471092723,0.05254634943896479,0.18571428571428572,0.05280346424660243
SDU,SDU/SDU_Battery_43,change_pooled,71,0.04268464592816547,0.05332416640489419,0.17142857142857143,0.07700194183678344
SDU,SDU/SDU_Battery_44,change_pooled,61,0.04741645448634011,0.05776073429199469,0.2,0.07651877243705352
SDU,SDU/SDU_Battery_45,change_pooled,1116,0.0828416562416953,0.09049770189205143,0.2717488789237668,0.26776551934232384
SDU,SDU/SDU_Battery_46,change_pooled,1071,0.08044648610265559,0.08820103651695742,0.2485981308411215,0.18840798934552438
SDU,SDU/SDU_Battery_47,change_pooled,1121,0.08134809701860266,0.0890626011861367,0.25625,0.186656751582445
SDU,SDU/SDU_Battery_48,change_pooled,1054,0.07933695016576674,0.08708652483211649,0.251661918328585,0.19945900713724152
SDU,SDU/SDU_Battery_49,change_pooled,1346,0.08223876223001879,0.08670212145484055,0.3412639405204461,0.23157335444176075
SDU,SDU/SDU_Battery_5,change_pooled,1051,0.055568339623084245,0.06226144833811636,0.2619047619047619,0.1536505148364148
SDU,SDU/SDU_Battery_50,change_pooled,1409,0.08655080509655115,0.09298762335187769,0.30894886363636365,0.20987602692846974
SDU,SDU/SDU_Battery_51,change_pooled,1421,0.08416121280195277,0.09001863605943267,0.3387323943661972,0.21456077462239953
SDU,SDU/SDU_Battery_52,change_pooled,1246,0.08101495111671156,0.08777331632244104,0.3236947791164659,0.20997482820402347
SDU,SDU/SDU_Battery_53,change_pooled,121,0.04010869968973578,0.044538670784739484,0.20833333333333334,0.0328847996737085
SDU,SDU/SDU_Battery_54,change_pooled,191,0.04655087357160989,0.05132429116298726,0.24736842105263157,0.03182155410526255
SDU,SDU/SDU_Battery_55,change_pooled,126,0.04989892373967517,0.05503868183834639,0.208,0.032558343660668454
SDU,SDU/SDU_Battery_56,change_pooled,141,0.04371665411901663,0.051022880653875384,0.20714285714285716,0.04113450356327897
SDU,SDU/SDU_Battery_57,change_pooled,86,0.037978584408540954,0.04350326924860784,0.17647058823529413,0.07171682954298852
SDU,SDU/SDU_Battery_58,change_pooled,71,0.04578560062240339,0.05501033867132217,0.15714285714285714,0.07642060217713464
SDU,SDU/SDU_Battery_59,change_pooled,86,0.05002507039392478,0.05532010809424951,0.21176470588235294,0.057166232083944224
SDU,SDU/SDU_Battery_6,change_pooled,1111,0.06340845972802114,0.07052449938652117,0.2756756756756757,0.11142446785940419
SDU,SDU/SDU_Battery_60,change_pooled,81,0.05199689500677345,0.056917405794537454,0.175,0.05806140972204443
SDU,SDU/SDU_Battery_61,change_pooled,391,0.09155586273064617,0.10376348790286785,0.2846153846153846,0.04619909291312574
SDU,SDU/SDU_Battery_62,change_pooled,431,0.07487194932474679,0.08374455690295543,0.27674418604651163,0.04751495505924341
SDU,SDU/SDU_Battery_63,change_pooled,361,0.08328693365035002,0.09530329374310567,0.25555555555555554,0.16279446088201177
SDU,SDU/SDU_Battery_64,change_pooled,411,0.08184164475146924,0.09443569735300625,0.2658536585365854,0.04532395055571836
SDU,SDU/SDU_Battery_65,change_pooled,230,0.025586217559566495,0.03251234448416383,0.24890829694323144,0.0497463127456057
SDU,SDU/SDU_Battery_66,change_pooled,271,0.03903405410768747,0.04719454060012286,0.2777777777777778,0.04869734697938133
SDU,SDU/SDU_Battery_67,change_pooled,181,0.037577676295684106,0.0478382613290197,0.2222222222222222,0.07282213425964057
SDU,SDU/SDU_Battery_68,change_pooled,191,0.03495726773787612,0.04310648385962789,0.22105263157894736,0.0485112637988071
SDU,SDU/SDU_Battery_69,change_pooled,71,0.017991106212428387,0.021256368285628848,0.18571428571428572,0.06498627295847148
SDU,SDU/SDU_Battery_7,change_pooled,1041,0.0600110071912526,0.0671267880948491,0.2875,0.07210732883699578
SDU,SDU/SDU_Battery_70,change_pooled,106,0.030908170312455248,0.036027554491427506,0.21904761904761905,0.06764967211780903
SDU,SDU/SDU_Battery_71,change_pooled,81,0.026168248510333593,0.029370971437111894,0.2,0.07954991500784259
SDU,SDU/SDU_Battery_72,change_pooled,81,0.024537366322103946,0.027588723108790056,0.2,0.08438657411493056
SDU,SDU/SDU_Battery_73,change_pooled,1175,0.06318562974952759,0.07161125740238887,0.34582623509369675,0.026501603082831116
SDU,SDU/SDU_Battery_74,change_pooled,1315,0.06028920278572014,0.06875308672533761,0.3561643835616438,0.02759344254237084
SDU,SDU/SDU_Battery_75,change_pooled,950,0.0914696213065958,0.10304532849168271,0.3245521601685985,0.020356696416419906
SDU,SDU/SDU_Battery_76,change_pooled,1120,0.061645840650013564,0.0696842241403089,0.3002680965147453,0.031157158190943668
SDU,SDU/SDU_Battery_77,change_pooled,1066,0.06811229602364166,0.07608131532069264,0.32018779342723,0.02194378504021255
SDU,SDU/SDU_Battery_78,change_pooled,1021,0.06874411692173818,0.07751692665854666,0.29901960784313725,0.03370286342268447
SDU,SDU/SDU_Battery_79,change_pooled,1076,0.06935971510462308,0.0772454116430496,0.30604651162790697,0.033875307397412735
SDU,SDU/SDU_Battery_8,change_pooled,706,0.043327960317269584,0.04754534896489822,0.2950354609929078,0.051202826053158734
SDU,SDU/SDU_Battery_80,change_pooled,1060,0.06693730788943512,0.07453116115594206,0.29178470254957506,0.029823018060556872
SDU,SDU/SDU_Battery_81,change_pooled,1186,0.06570102020541461,0.07326111640161771,0.28607594936708863,0.02910129325631272
SDU,SDU/SDU_Battery_82,change_pooled,1140,0.058032545252550555,0.0656511185323091,0.2853380158033363,0.034114626559767935
SDU,SDU/SDU_Battery_83,change_pooled,1195,0.06332466435959618,0.06904133228464171,0.2889447236180904,0.16973443708049107
SDU,SDU/SDU_Battery_84,change_pooled,1131,0.07607955895290258,0.08515386332968185,0.32035398230088497,0.1934227713068548
SDU,SDU/SDU_Battery_85,change_pooled,1201,0.06603009650768657,0.07445565286029195,0.30083333333333334,0.13723790951621506
SDU,SDU/SDU_Battery_86,change_pooled,1036,0.06984546650566578,0.07903886577828985,0.32463768115942027,0.15047144145118663
SDU,SDU/SDU_Battery_9,change_pooled,411,0.06160740223434674,0.0690824259552633,0.25121951219512195,0.03328833452223867
SNL,SNL/SNL_18650_LFP_15C_0-100_0.5-2C_b,change_pooled,3749,0.02774271106144385,0.032230454299984265,0.2702774813233725,0.038369821757790024
SNL,SNL/SNL_18650_LFP_25C_0-100_0.5-0.5C_a,change_pooled,3045,0.014544769030084921,0.01711780855915753,0.2959921156373193,0.06583384698277417
SNL,SNL/SNL_18650_LFP_25C_0-100_0.5-1C_a,change_pooled,3540,0.04408714213405836,0.046620032409281593,0.2873693133653574,0.06295638118762181
SNL,SNL/SNL_18650_LFP_25C_0-100_0.5-1C_b,change_pooled,3541,0.04398052626163372,0.04802211720592049,0.39378531073446327,0.19802336549833344
SNL,SNL/SNL_18650_LFP_25C_0-100_0.5-1C_c,change_pooled,3033,0.04823688856342721,0.050154333857919085,0.3021108179419525,0.056230015698144564
SNL,SNL/SNL_18650_LFP_25C_0-100_0.5-1C_d,change_pooled,3033,0.047578477577223735,0.04986489634448987,0.31299472295514513,0.058655618701783374
SNL,SNL/SNL_18650_LFP_25C_0-100_0.5-2C_a,change_pooled,3539,0.033334930385761664,0.03561111303134278,0.2764273600904466,0.040020441207635926
SNL,SNL/SNL_18650_LFP_25C_0-100_0.5-2C_b,change_pooled,4045,0.0497899371098766,0.05190631388504534,0.20771513353115728,0.04875325053813051
SNL,SNL/SNL_18650_LFP_25C_0-100_0.5-3C_a,change_pooled,4564,0.043348716174354006,0.05777502119076884,0.25553364014902474,0.0881752663298454
SNL,SNL/SNL_18650_LFP_25C_0-100_0.5-3C_b,change_pooled,4057,0.04348386919809609,0.05938777239186318,0.34837278106508873,0.04152732338680254
SNL,SNL/SNL_18650_LFP_25C_0-100_0.5-3C_c,change_pooled,3550,0.0516594112704819,0.07047996524917012,0.3144547759932375,0.04185939345486145
SNL,SNL/SNL_18650_LFP_25C_0-100_0.5-3C_d,change_pooled,4057,0.04179904508100813,0.0581056500459572,0.2443293885601578,0.037815373420621246
SNL,SNL/SNL_18650_LFP_35C_0-100_0.5-1C_a,change_pooled,3151,0.030726044692696592,0.03742850962370969,0.25682539682539685,0.09795985252046335
SNL,SNL/SNL_18650_LFP_35C_0-100_0.5-1C_b,change_pooled,3337,0.0327104535746801,0.039224152487297125,0.2565947242206235,0.06831211851592389
SNL,SNL/SNL_18650_LFP_35C_0-100_0.5-1C_c,change_pooled,3337,0.029225013627536236,0.035230101740241784,0.24430455635491607,0.07881163363368293
SNL,SNL/SNL_18650_LFP_35C_0-100_0.5-1C_d,change_pooled,3793,0.03400602403633219,0.04330225234063751,0.27689873417721517,0.09051869083829256
SNL,SNL/SNL_18650_LFP_35C_0-100_0.5-2C_a,change_pooled,3851,0.02338274637457973,0.03148415713330098,0.2690909090909091,0.08365624180499176
SNL,SNL/SNL_18650_LFP_35C_0-100_0.5-2C_b,change_pooled,3593,0.029258587995654006,0.03688606555624635,0.2892538975501114,0.28428989639019775
SNL,SNL/SNL_18650_NCA_15C_0-100_0.5-1C_a,change_pooled,517,0.0749226453339436,0.07848343941734633,0.2868217054263566,0.06587577005517409
SNL,SNL/SNL_18650_NCA_15C_0-100_0.5-1C_b,change_pooled,913,0.027396939603224237,0.029539868647188133,0.29605263157894735,0.0592386165215687
SNL,SNL/SNL_18650_NCA_15C_0-100_0.5-2C_a,change_pooled,911,0.13562540270480822,0.1573040261672023,0.34175824175824177,0.14356065151391117
SNL,SNL/SNL_18650_NCA_15C_0-100_0.5-2C_b,change_pooled,779,0.11812733387018735,0.12367191643443695,0.34318766066838047,0.12924863739080827
SNL,SNL/SNL_18650_NCA_25C_0-100_0.5-0.5C_a,change_pooled,508,0.03865492359346682,0.04013919667933618,0.35502958579881655,0.006333066606809545
SNL,SNL/SNL_18650_NCA_25C_0-100_0.5-0.5C_b,change_pooled,910,0.1558352024522015,0.1889413416166287,0.18921892189218922,0.20798739208722106
SNL,SNL/SNL_18650_NCA_25C_0-100_0.5-1C_a,change_pooled,649,0.027248919196276415,0.02852323187816275,0.2345679012345679,0.062304670208612634
SNL,SNL/SNL_18650_NCA_25C_0-100_0.5-1C_b,change_pooled,517,0.04888401823550046,0.05000358693718029,0.2616279069767442,0.060745727835179175
SNL,SNL/SNL_18650_NCA_25C_0-100_0.5-1C_c,change_pooled,517,0.09449109817660266,0.09986201075250202,0.25,0.05916425367531697
SNL,SNL/SNL_18650_NCA_25C_0-100_0.5-1C_d,change_pooled,649,0.03885591137877422,0.040948180410036346,0.3441358024691358,0.07318183357083274
SNL,SNL/SNL_18650_NCA_25C_0-100_0.5-2C_a,change_pooled,781,0.061895097334655556,0.06633718180520601,0.34487179487179487,0.11909325893408407
SNL,SNL/SNL_18650_NCA_25C_0-100_0.5-2C_b,change_pooled,781,0.03693528341838856,0.03980952414659427,0.2602564102564103,0.10261135165538937
SNL,SNL/SNL_18650_NCA_25C_20-80_0.5-0.5C_a,change_pooled,1117,0.07285862828904892,0.08315279067613167,0.29838709677419356,0.043707140698242775
SNL,SNL/SNL_18650_NCA_25C_20-80_0.5-0.5C_b,change_pooled,1244,0.052031212949816254,0.058187235920205464,0.3692679002413516,0.029747843146880726
SNL,SNL/SNL_18650_NCA_25C_20-80_0.5-0.5C_c,change_pooled,1245,0.06318355955138652,0.07208735600301115,0.3729903536977492,0.0311080566354347
SNL,SNL/SNL_18650_NCA_25C_20-80_0.5-0.5C_d,change_pooled,1503,0.06464506935422057,0.07634570347324336,0.3209054593874834,0.027242644235710878
SNL,SNL/SNL_18650_NCA_35C_0-100_0.5-1C_a,change_pooled,510,0.06960163646242741,0.07595604242377146,0.34577603143418467,0.028555163113516357
SNL,SNL/SNL_18650_NCA_35C_0-100_0.5-1C_b,change_pooled,459,0.039899355411320434,0.044723456480236366,0.3231441048034934,0.00882924542271668
SNL,SNL/SNL_18650_NCA_35C_0-100_0.5-1C_c,change_pooled,510,0.01754519127722805,0.022260410641852357,0.2888015717092338,0.08802418517052413
SNL,SNL/SNL_18650_NCA_35C_0-100_0.5-1C_d,change_pooled,649,0.0430246209172415,0.04867063219349887,0.3055555555555556,0.09213969225163887
SNL,SNL/SNL_18650_NCA_35C_0-100_0.5-2C_a,change_pooled,649,0.076184317487866,0.07819577697091115,0.3873456790123457,0.22226888459279248
SNL,SNL/SNL_18650_NCA_35C_0-100_0.5-2C_b,change_pooled,781,0.08143787964371138,0.08523875328659544,0.4282051282051282,0.19954500195336256
SNL,SNL/SNL_18650_NMC_15C_0-100_0.5-1C_a,change_pooled,508,0.10591046208958398,0.11063511848249089,0.17357001972386588,0.08841059335347834
SNL,SNL/SNL_18650_NMC_15C_0-100_0.5-1C_b,change_pooled,508,0.11112661662428328,0.12096965289403853,0.27218934911242604,0.06102743743086414
SNL,SNL/SNL_18650_NMC_15C_0-100_0.5-2C_a,change_pooled,384,0.09991935282959168,0.10481449484298831,0.19843342036553524,0.06849305412104634
SNL,SNL/SNL_18650_NMC_15C_0-100_0.5-2C_b,change_pooled,384,0.0889003726443705,0.09445932556966494,0.30809399477806787,0.06367961320516446
SNL,SNL/SNL_18650_NMC_25C_0-100_0.5-0.5C_b,change_pooled,674,0.017923548001186052,0.0205624676647598,0.3655274888558692,0.060579347810152284
SNL,SNL/SNL_18650_NMC_25C_0-100_0.5-1C_a,change_pooled,516,0.03888556013187152,0.04223443083986983,0.3106796116504854,0.018073800213778468
SNL,SNL/SNL_18650_NMC_25C_0-100_0.5-1C_b,change_pooled,780,0.04200236280316653,0.0449687634645223,0.3581514762516046,0.019421130245580454
SNL,SNL/SNL_18650_NMC_25C_0-100_0.5-1C_c,change_pooled,392,0.06526158201223248,0.06796017195779837,0.24808184143222506,0.026059124679315482
SNL,SNL/SNL_18650_NMC_25C_0-100_0.5-1C_d,change_pooled,524,0.03441959859528531,0.03695667078819056,0.32504780114722753,0.08642633700709168
SNL,SNL/SNL_18650_NMC_25C_0-100_0.5-2C_a,change_pooled,656,0.05363677642645247,0.0551401281161766,0.30229007633587784,0.07490167954108151
SNL,SNL/SNL_18650_NMC_25C_0-100_0.5-2C_b,change_pooled,1316,0.06801558242291642,0.07071722345918449,0.2828897338403042,0.026398090471282387
SNL,SNL/SNL_18650_NMC_25C_0-100_0.5-3C_a,change_pooled,725,0.044413778424446985,0.046313029557913686,0.3149171270718232,0.163748738123229
SNL,SNL/SNL_18650_NMC_25C_0-100_0.5-3C_b,change_pooled,547,0.030300882818852477,0.03496933496752803,0.30952380952380953,0.11492467741790158
SNL,SNL/SNL_18650_NMC_25C_0-100_0.5-3C_c,change_pooled,693,0.03106205202157689,0.03311708864753149,0.2658959537572254,0.08630245154915295
SNL,SNL/SNL_18650_NMC_25C_0-100_0.5-3C_d,change_pooled,900,0.0325044538617172,0.035395604087235494,0.2725250278086763,0.038169262047907715
SNL,SNL/SNL_18650_NMC_35C_0-100_0.5-1C_a,change_pooled,781,0.039503682528069066,0.05041353173166365,0.4025641025641026,0.11803277614776853
SNL,SNL/SNL_18650_NMC_35C_0-100_0.5-1C_b,change_pooled,781,0.029438065675352572,0.03301016037179134,0.3346153846153846,0.06400600892554853
SNL,SNL/SNL_18650_NMC_35C_0-100_0.5-1C_c,change_pooled,780,0.03373073020786891,0.04461768357008104,0.28754813863928114,0.2542743229371158
SNL,SNL/SNL_18650_NMC_35C_0-100_0.5-1C_d,change_pooled,781,0.03331143375662231,0.0422643039090811,0.3641025641025641,0.09691437336403341
SNL,SNL/SNL_18650_NMC_35C_0-100_0.5-2C_a,change_pooled,781,0.04248702882375373,0.047073813735907424,0.4153846153846154,0.0841539791523761
SNL,SNL/SNL_18650_NMC_35C_0-100_0.5-2C_b,change_pooled,767,0.020950000516941854,0.025309513277522587,0.3302872062663185,0.07640554841193303
UL_PUR,UL_PUR/UL-PUR_N10-EX9_18650_NCA_23C_0-100_0.5-0.5C_i,change_pooled,189,0.07387888340134206,0.0787924517111986,0.24468085106382978,0.016468875748077982
UL_PUR,UL_PUR/UL-PUR_N10-NA7_18650_NCA_23C_0-100_0.5-0.5C_g,change_pooled,159,0.049156919871019625,0.051700210339768064,0.3291139240506329,0.021760380315891226
UL_PUR,UL_PUR/UL-PUR_N10-OV8_18650_NCA_23C_0-100_0.5-0.5C_h,change_pooled,186,0.07363444547615433,0.07850600651117028,0.2648648648648649,0.014466780274683955
UL_PUR,UL_PUR/UL-PUR_N15-EX4_18650_NCA_23C_0-100_0.5-0.5C_d,change_pooled,219,0.05641330009835686,0.06202182754841792,0.3073394495412844,0.02145194883434387
UL_PUR,UL_PUR/UL-PUR_N15-NA10_18650_NCA_23C_0-100_0.5-0.5C_j,change_pooled,254,0.043230973142652604,0.04744781789529579,0.32806324110671936,0.01566558499067716
UL_PUR,UL_PUR/UL-PUR_N15-OV3_18650_NCA_23C_0-100_0.5-0.5C_c,change_pooled,186,0.053068858280469734,0.05852695766858507,0.33513513513513515,0.013213184458848892
UL_PUR,UL_PUR/UL-PUR_N20-EX2_18650_NCA_23C_0-100_0.5-0.5C_b,change_pooled,304,0.06963804063852744,0.0773853863693396,0.38943894389438943,0.016984556567587683
UL_PUR,UL_PUR/UL-PUR_N20-NA5_18650_NCA_23C_0-100_0.5-0.5C_e,change_pooled,207,0.057018477985995124,0.0665061647631865,0.25728155339805825,0.02789508513147909
UL_PUR,UL_PUR/UL-PUR_N20-NA6_18650_NCA_23C_0-100_0.5-0.5C_f,change_pooled,206,0.046083267077832904,0.05633476568009701,0.32682926829268294,0.01866807170828444
UL_PUR,UL_PUR/UL-PUR_N20-OV1_18650_NCA_23C_0-100_0.5-0.5C_a,change_pooled,285,0.07297747742263541,0.07852721672699582,0.33098591549295775,0.0185738945999534
XJTU,XJTU/XJTU_2C_battery-1,change_pooled,384,0.061697986398685754,0.06275345861829676,0.34203655352480417,0.013071109843663442
XJTU,XJTU/XJTU_2C_battery-2,change_pooled,401,0.06428693907313195,0.06547096318363888,0.2975,0.014713370054086461
XJTU,XJTU/XJTU_2C_battery-3,change_pooled,387,0.06115265338596374,0.06225157202644611,0.27461139896373055,0.010681965005984617
XJTU,XJTU/XJTU_2C_battery-4,change_pooled,390,0.0652132797671882,0.06643738620375941,0.30077120822622105,0.01564414540574588
XJTU,XJTU/XJTU_2C_battery-5,change_pooled,397,0.060760901576669024,0.06469719611501257,0.29292929292929293,0.01187437603536834
XJTU,XJTU/XJTU_2C_battery-6,change_pooled,402,0.06317066850814593,0.06808187848524218,0.30174563591022446,0.00989832638071897
XJTU,XJTU/XJTU_2C_battery-7,change_pooled,396,0.05508370326569083,0.06150580318197081,0.2759493670886076,0.007980274079666949
XJTU,XJTU/XJTU_2C_battery-8,change_pooled,414,0.06883060780444566,0.07400189357330454,0.29055690072639223,0.015369924869966356
XJTU,XJTU/XJTU_3C_battery-1,change_pooled,293,0.06345463169719556,0.0643274788201715,0.2842465753424658,0.008097617906199006
XJTU,XJTU/XJTU_3C_battery-10,change_pooled,158,0.08436692742476948,0.0906887407827406,0.2802547770700637,0.008594365720877684
XJTU,XJTU/XJTU_3C_battery-11,change_pooled,125,0.08662318096383137,0.09212010481932523,0.24193548387096775,0.010490170231278517
XJTU,XJTU/XJTU_3C_battery-12,change_pooled,206,0.09671012729962684,0.10199250874390904,0.2975609756097561,0.007966261594393287
XJTU,XJTU/XJTU_3C_battery-13,change_pooled,220,0.09297727068856525,0.09721796562006113,0.2785388127853881,0.012094686730523052
XJTU,XJTU/XJTU_3C_battery-14,change_pooled,141,0.08795993484654618,0.09318013689501448,0.2642857142857143,0.014562813029438404
XJTU,XJTU/XJTU_3C_battery-15,change_pooled,162,0.08651769243042912,0.09177026276986906,0.2236024844720497,0.012125133750491401
XJTU,XJTU/XJTU_3C_battery-2,change_pooled,286,0.06631423299333336,0.06719270604674005,0.2736842105263158,0.006065643591675163
XJTU,XJTU/XJTU_3C_battery-3,change_pooled,280,0.06560641499034323,0.06628195359845754,0.24731182795698925,0.006066251953021351
XJTU,XJTU/XJTU_3C_battery-4,change_pooled,316,0.06778837828085461,0.06996901733530904,0.2761904761904762,0.005735321776154101
XJTU,XJTU/XJTU_3C_battery-5,change_pooled,291,0.06070419431990756,0.061777711556936364,0.2655172413793103,0.006047848405340339
XJTU,XJTU/XJTU_3C_battery-6,change_pooled,316,0.07117247600586869,0.07250935159427574,0.2507936507936508,0.011582304907684415
XJTU,XJTU/XJTU_3C_battery-7,change_pooled,313,0.06615157473714245,0.0682095999356306,0.28846153846153844,0.014998107762878576
XJTU,XJTU/XJTU_3C_battery-8,change_pooled,264,0.06559565224919339,0.0661887748572669,0.2889733840304182,0.009947302091664167
XJTU,XJTU/XJTU_3C_battery-9,change_pooled,281,0.09132965583646586,0.09530001923374205,0.2857142857142857,0.007635698451693984
