domain,cell_id,method,rows,mae,rmse,trajectory_increase_fraction,maximum_predicted_increase
CALB,CALB/CALB_0_B182,pchp_raw_pooled,94,0.08876946472812954,0.08911217145943742,0.0,0.0
CALB,CALB/CALB_0_B183,pchp_raw_pooled,94,0.07250575852714149,0.07326467178448876,0.0,0.0
CALB,CALB/CALB_0_B184,pchp_raw_pooled,94,0.05728959779632484,0.057534319892949416,0.0,0.0
CALB,CALB/CALB_0_B185,pchp_raw_pooled,94,0.05810502469782717,0.058248039672711555,0.0,0.0
CALB,CALB/CALB_0_B187,pchp_raw_pooled,94,0.05859162180884925,0.05878222620244104,0.0,0.0
CALB,CALB/CALB_0_B188,pchp_raw_pooled,202,0.05825803810964338,0.06281705331796975,0.0,0.0
CALB,CALB/CALB_0_B189,pchp_raw_pooled,94,0.0547964125740722,0.054921433236732424,0.0,0.0
CALB,CALB/CALB_0_B190,pchp_raw_pooled,94,0.08038817071991498,0.08105634553947405,0.0,0.0
CALB,CALB/CALB_25_T25-1,pchp_raw_pooled,93,0.03312227442446369,0.03317023494538339,0.0,0.0
CALB,CALB/CALB_25_T25-2,pchp_raw_pooled,93,0.03832097316492387,0.03842783171198288,0.0,0.0
CALB,CALB/CALB_35_B173,pchp_raw_pooled,93,0.04003506023884962,0.040418397602667654,0.0,0.0
CALB,CALB/CALB_35_B174,pchp_raw_pooled,93,0.04237067368630528,0.0426901549978505,0.0,0.0
CALB,CALB/CALB_35_B175,pchp_raw_pooled,93,0.043922060924351754,0.044223713299666234,0.0,0.0
CALB,CALB/CALB_35_B222,pchp_raw_pooled,93,0.04080401735510974,0.04116523331567629,0.0,0.0
CALB,CALB/CALB_35_B223,pchp_raw_pooled,93,0.03948719188915741,0.039809689721256945,0.0,0.0
CALB,CALB/CALB_35_B224,pchp_raw_pooled,93,0.03935756457987406,0.03973918572100607,0.0,0.0
CALB,CALB/CALB_35_B227,pchp_raw_pooled,93,0.0408373218929872,0.041172907013819524,0.0,0.0
CALB,CALB/CALB_35_B228,pchp_raw_pooled,93,0.04307183282655612,0.043527229174730314,0.0,0.0
CALB,CALB/CALB_35_B229,pchp_raw_pooled,93,0.04080214194593689,0.04120207178043691,0.0,0.0
CALB,CALB/CALB_35_B230,pchp_raw_pooled,93,0.04032672999798343,0.04078101825534688,0.0,0.0
CALB,CALB/CALB_35_B247,pchp_raw_pooled,93,0.28379936747838747,0.2838223529463993,0.0,0.0
CALB,CALB/CALB_35_B248,pchp_raw_pooled,93,0.04181691883800104,0.04221585805107601,0.0,0.0
CALB,CALB/CALB_35_B249,pchp_raw_pooled,93,0.04230743603665396,0.04254295144315109,0.0,0.0
CALB,CALB/CALB_35_B250,pchp_raw_pooled,93,0.04026521161219945,0.04063570822074758,0.0,0.0
CALB,CALB/CALB_45_B253,pchp_raw_pooled,94,0.048364281897579436,0.048784364483925056,0.0,0.0
CALB,CALB/CALB_45_B255,pchp_raw_pooled,94,0.050505388739683695,0.050940240781948545,0.0,0.0
CALB,CALB/CALB_45_B256,pchp_raw_pooled,93,0.051892442165430576,0.05240312375962942,0.0,0.0
CALCE,CALCE/CALCE_CS2_33,pchp_raw_pooled,655,0.07369482991258972,0.1490460669775215,0.0,0.0
CALCE,CALCE/CALCE_CS2_34,pchp_raw_pooled,627,0.03492994349974434,0.055446873273466035,0.0,0.0
CALCE,CALCE/CALCE_CS2_35,pchp_raw_pooled,775,0.06769349586927274,0.11608239202996072,0.0,0.0
CALCE,CALCE/CALCE_CS2_36,pchp_raw_pooled,827,0.0894314563598592,0.15409517211309465,0.0,0.0
CALCE,CALCE/CALCE_CS2_37,pchp_raw_pooled,900,0.07571989794275938,0.13055872673600258,0.0,0.0
CALCE,CALCE/CALCE_CS2_38,pchp_raw_pooled,898,0.0699691068613582,0.1167857938960371,0.0,0.0
CALCE,CALCE/CALCE_CX2_16,pchp_raw_pooled,1274,0.06611973030993881,0.07877731359282708,0.0,0.0
CALCE,CALCE/CALCE_CX2_33,pchp_raw_pooled,1266,0.037370355474592346,0.04826009581989366,0.0,0.0
CALCE,CALCE/CALCE_CX2_34,pchp_raw_pooled,1358,0.035123279162196056,0.0508192428252817,0.0,0.0
CALCE,CALCE/CALCE_CX2_35,pchp_raw_pooled,1449,0.03436725141451884,0.05384192005066009,0.0,0.0
CALCE,CALCE/CALCE_CX2_36,pchp_raw_pooled,1563,0.04114184822593665,0.05401573956529089,0.0,0.0
CALCE,CALCE/CALCE_CX2_37,pchp_raw_pooled,1067,0.02603328443672896,0.032537015462090854,0.0,0.0
CALCE,CALCE/CALCE_CX2_38,pchp_raw_pooled,1574,0.05928714878380711,0.08366455342206205,0.0,0.0
HNEI,HNEI/HNEI_18650_NMC_LCO_25C_0-100_0.5-1.5C_a,pchp_raw_pooled,1081,0.19665831615258214,0.24597146169995962,0.0,0.0
HNEI,HNEI/HNEI_18650_NMC_LCO_25C_0-100_0.5-1.5C_b,pchp_raw_pooled,1074,0.037494394653858724,0.04388999250301839,0.0,0.0
HNEI,HNEI/HNEI_18650_NMC_LCO_25C_0-100_0.5-1.5C_c,pchp_raw_pooled,1076,0.048093708064832326,0.05133708536661036,0.0,0.0
HNEI,HNEI/HNEI_18650_NMC_LCO_25C_0-100_0.5-1.5C_d,pchp_raw_pooled,1076,0.04992802400282099,0.05295937412147076,0.0,0.0
HNEI,HNEI/HNEI_18650_NMC_LCO_25C_0-100_0.5-1.5C_e,pchp_raw_pooled,1101,0.0495792937970198,0.05411759396507367,0.0,0.0
HNEI,HNEI/HNEI_18650_NMC_LCO_25C_0-100_0.5-1.5C_f,pchp_raw_pooled,1069,0.06617699604528586,0.07200131176914862,0.0,0.0
HNEI,HNEI/HNEI_18650_NMC_LCO_25C_0-100_0.5-1.5C_g,pchp_raw_pooled,1076,0.06530765511410508,0.07141740413584723,0.0,0.0
HNEI,HNEI/HNEI_18650_NMC_LCO_25C_0-100_0.5-1.5C_j,pchp_raw_pooled,1070,0.0502923945059864,0.0541618992477912,0.0,0.0
HNEI,HNEI/HNEI_18650_NMC_LCO_25C_0-100_0.5-1.5C_l,pchp_raw_pooled,1076,0.05817127512406934,0.06371588455194033,0.0,0.0
HNEI,HNEI/HNEI_18650_NMC_LCO_25C_0-100_0.5-1.5C_n,pchp_raw_pooled,1076,0.0455074373443511,0.048137293324180576,0.0,0.0
HNEI,HNEI/HNEI_18650_NMC_LCO_25C_0-100_0.5-1.5C_o,pchp_raw_pooled,1076,0.017728280116999135,0.023955700567869883,0.0,0.0
HNEI,HNEI/HNEI_18650_NMC_LCO_25C_0-100_0.5-1.5C_p,pchp_raw_pooled,1074,0.0175601546277127,0.021338290800726262,0.0,0.0
HNEI,HNEI/HNEI_18650_NMC_LCO_25C_0-100_0.5-1.5C_s,pchp_raw_pooled,1082,0.04966205013142544,0.05219186771686616,0.0,0.0
HNEI,HNEI/HNEI_18650_NMC_LCO_25C_0-100_0.5-1.5C_t,pchp_raw_pooled,1078,0.048950604523774206,0.05448554044645154,0.0,0.0
HUST,HUST/HUST_1-1,pchp_raw_pooled,1499,0.02659172589492867,0.03739203554848649,0.0,0.0
HUST,HUST/HUST_1-2,pchp_raw_pooled,2673,0.03474950369353236,0.049014435229117505,0.0,0.0
HUST,HUST/HUST_1-3,pchp_raw_pooled,1853,0.04306804806560454,0.04765539480847048,0.0,0.0
HUST,HUST/HUST_1-4,pchp_raw_pooled,1495,0.04115724721464086,0.046068500299959576,0.0,0.0
HUST,HUST/HUST_1-5,pchp_raw_pooled,1966,0.044966951664137854,0.049295033296195244,0.0,0.0
HUST,HUST/HUST_1-6,pchp_raw_pooled,1138,0.03208007730457291,0.04889091532615952,0.0,0.0
HUST,HUST/HUST_1-7,pchp_raw_pooled,1673,0.02741735901019912,0.04108527813492081,0.0,0.0
HUST,HUST/HUST_1-8,pchp_raw_pooled,2280,0.0316849827220122,0.04467899276829163,0.0,0.0
HUST,HUST/HUST_10-1,pchp_raw_pooled,1697,0.02890031007710444,0.04190995736520779,0.0,0.0
HUST,HUST/HUST_10-2,pchp_raw_pooled,1692,0.03925196469632236,0.05239642375520801,0.0,0.0
HUST,HUST/HUST_10-3,pchp_raw_pooled,1843,0.03280202750614051,0.04911550099816019,0.0,0.0
HUST,HUST/HUST_10-4,pchp_raw_pooled,1806,0.035724514836688925,0.04345929391917368,0.0,0.0
HUST,HUST/HUST_10-5,pchp_raw_pooled,2025,0.03748619457268587,0.044750589207584526,0.0,0.0
HUST,HUST/HUST_10-6,pchp_raw_pooled,2280,0.037212209845069115,0.05459512868459094,0.0,0.0
HUST,HUST/HUST_10-7,pchp_raw_pooled,1778,0.035901389537766316,0.04412969338732196,0.0,0.0
HUST,HUST/HUST_10-8,pchp_raw_pooled,1395,0.027712389405360884,0.04215209587816855,0.0,0.0
HUST,HUST/HUST_2-2,pchp_raw_pooled,2646,0.03254249934159344,0.04856411304079057,0.0,0.0
HUST,HUST/HUST_2-3,pchp_raw_pooled,1746,0.04120960982347155,0.04589076874377634,0.0,0.0
HUST,HUST/HUST_2-4,pchp_raw_pooled,1494,0.026157837202416222,0.040453604743416326,0.0,0.0
HUST,HUST/HUST_2-5,pchp_raw_pooled,1381,0.041142411422015385,0.04526364071101296,0.0,0.0
HUST,HUST/HUST_2-6,pchp_raw_pooled,1567,0.03659698814255955,0.04381129002416902,0.0,0.0
HUST,HUST/HUST_2-7,pchp_raw_pooled,2197,0.037629196972227295,0.0437075658996045,0.0,0.0
HUST,HUST/HUST_2-8,pchp_raw_pooled,1476,0.030497542131858252,0.04619634413458155,0.0,0.0
HUST,HUST/HUST_3-1,pchp_raw_pooled,1933,0.038230919042676316,0.04688905134499416,0.0,0.0
HUST,HUST/HUST_3-2,pchp_raw_pooled,2278,0.0390866538173614,0.04801017599372442,0.0,0.0
HUST,HUST/HUST_3-3,pchp_raw_pooled,1644,0.036174014394502005,0.04589957635922709,0.0,0.0
HUST,HUST/HUST_3-4,pchp_raw_pooled,1761,0.031076830390633546,0.04428038427690503,0.0,0.0
HUST,HUST/HUST_3-5,pchp_raw_pooled,2652,0.04140749321768145,0.05964693607063526,0.0,0.0
HUST,HUST/HUST_3-6,pchp_raw_pooled,2486,0.038124570896168816,0.045693894540145566,0.0,0.0
HUST,HUST/HUST_3-7,pchp_raw_pooled,2474,0.036110142941572804,0.04904067491583593,0.0,0.0
HUST,HUST/HUST_3-8,pchp_raw_pooled,2337,0.038402400698523714,0.048275834139760915,0.0,0.0
HUST,HUST/HUST_4-1,pchp_raw_pooled,2212,0.034581325681266116,0.05130558113312425,0.0,0.0
HUST,HUST/HUST_4-2,pchp_raw_pooled,1777,0.03533759779861395,0.042930076295323014,0.0,0.0
HUST,HUST/HUST_4-3,pchp_raw_pooled,1137,0.023994847440297045,0.03811907059761888,0.0,0.0
HUST,HUST/HUST_4-4,pchp_raw_pooled,1486,0.026108858152440934,0.03837018399301925,0.0,0.0
HUST,HUST/HUST_4-5,pchp_raw_pooled,1556,0.02975953733343957,0.044562779514410754,0.0,0.0
HUST,HUST/HUST_4-6,pchp_raw_pooled,1375,0.028426209987152732,0.04192391705651848,0.0,0.0
HUST,HUST/HUST_4-7,pchp_raw_pooled,2211,0.03551403945273733,0.052211612504317315,0.0,0.0
HUST,HUST/HUST_4-8,pchp_raw_pooled,1701,0.03780218833375947,0.04505555190848673,0.0,0.0
HUST,HUST/HUST_5-1,pchp_raw_pooled,2502,0.035634476874299416,0.048434695882080395,0.0,0.0
HUST,HUST/HUST_5-2,pchp_raw_pooled,1921,0.040042415681803126,0.045488398906270586,0.0,0.0
HUST,HUST/HUST_5-3,pchp_raw_pooled,2684,0.03399760735558626,0.046571688644897254,0.0,0.0
HUST,HUST/HUST_5-4,pchp_raw_pooled,1957,0.03254045595456221,0.04148806340499113,0.0,0.0
HUST,HUST/HUST_5-5,pchp_raw_pooled,1578,0.043077638323963004,0.047010498732486874,0.0,0.0
HUST,HUST/HUST_5-6,pchp_raw_pooled,2455,0.03528758291311485,0.04814210229185643,0.0,0.0
HUST,HUST/HUST_5-7,pchp_raw_pooled,1443,0.024740453966155977,0.0373898458581853,0.0,0.0
HUST,HUST/HUST_6-1,pchp_raw_pooled,1604,0.027399159708233863,0.03820276496433243,0.0,0.0
HUST,HUST/HUST_6-2,pchp_raw_pooled,1903,0.04494084088216664,0.04952764456437177,0.0,0.0
HUST,HUST/HUST_6-3,pchp_raw_pooled,1799,0.037998903786697166,0.045243184871290726,0.0,0.0
HUST,HUST/HUST_6-4,pchp_raw_pooled,1712,0.02732020227412482,0.04081499460220588,0.0,0.0
HUST,HUST/HUST_6-5,pchp_raw_pooled,2173,0.034165387138604765,0.04388419556951848,0.0,0.0
HUST,HUST/HUST_6-6,pchp_raw_pooled,2463,0.049816999582162784,0.054002861050934894,0.0,0.0
HUST,HUST/HUST_6-8,pchp_raw_pooled,2445,0.03690886239825377,0.05433923052548609,0.0,0.0
HUST,HUST/HUST_7-1,pchp_raw_pooled,1685,0.03423872690393693,0.050069513999315016,0.0,0.0
HUST,HUST/HUST_7-2,pchp_raw_pooled,2025,0.03887221067349739,0.05409052650628935,0.0,0.0
HUST,HUST/HUST_7-3,pchp_raw_pooled,1290,0.023803814805909734,0.03585961894605232,0.0,0.0
HUST,HUST/HUST_7-4,pchp_raw_pooled,1388,0.024701832978248395,0.03570254628158544,0.0,0.0
HUST,HUST/HUST_7-5,pchp_raw_pooled,1868,0.03448405911843257,0.043615961152239806,0.0,0.0
HUST,HUST/HUST_7-6,pchp_raw_pooled,1414,0.025099025070817235,0.03739269953549053,0.0,0.0
HUST,HUST/HUST_7-7,pchp_raw_pooled,1680,0.027493073627786132,0.039385360965035705,0.0,0.0
HUST,HUST/HUST_7-8,pchp_raw_pooled,1933,0.03667489048480029,0.04333347770903372,0.0,0.0
HUST,HUST/HUST_8-1,pchp_raw_pooled,1303,0.024620163982857407,0.03708822712705068,0.0,0.0
HUST,HUST/HUST_8-2,pchp_raw_pooled,2036,0.0287046108367717,0.045203321838744974,0.0,0.0
HUST,HUST/HUST_8-3,pchp_raw_pooled,2285,0.03706823332702549,0.04450454998736807,0.0,0.0
HUST,HUST/HUST_8-4,pchp_raw_pooled,1880,0.028735777362682367,0.040388193173493375,0.0,0.0
HUST,HUST/HUST_8-5,pchp_raw_pooled,1343,0.02526901367695868,0.03653226946815438,0.0,0.0
HUST,HUST/HUST_8-6,pchp_raw_pooled,2360,0.033026489999840716,0.05023278757827702,0.0,0.0
HUST,HUST/HUST_8-7,pchp_raw_pooled,2042,0.03217487484097351,0.0431803825255644,0.0,0.0
HUST,HUST/HUST_8-8,pchp_raw_pooled,1674,0.03644349702473299,0.045036876071314985,0.0,0.0
HUST,HUST/HUST_9-1,pchp_raw_pooled,2052,0.04060419145919269,0.052424775228451216,0.0,0.0
HUST,HUST/HUST_9-2,pchp_raw_pooled,2138,0.036911403168346915,0.044520717977686926,0.0,0.0
HUST,HUST/HUST_9-3,pchp_raw_pooled,1900,0.039011095873862554,0.0483927996750467,0.0,0.0
HUST,HUST/HUST_9-4,pchp_raw_pooled,1970,0.03940261677678098,0.049764076894830124,0.0,0.0
HUST,HUST/HUST_9-5,pchp_raw_pooled,2163,0.037495691153752744,0.047064747474112684,0.0,0.0
HUST,HUST/HUST_9-6,pchp_raw_pooled,1737,0.03684826488304254,0.04889928422156657,0.0,0.0
HUST,HUST/HUST_9-7,pchp_raw_pooled,2007,0.037797952137732696,0.045893592684531165,0.0,0.0
HUST,HUST/HUST_9-8,pchp_raw_pooled,2303,0.03863472623795977,0.0448132234289034,0.0,0.0
MATR,MATR/MATR_b1c0,pchp_raw_pooled,1843,0.051203843824759065,0.05707235983148293,0.0,0.0
MATR,MATR/MATR_b1c1,pchp_raw_pooled,2153,0.059874455198167635,0.06521075725747635,0.0,0.0
MATR,MATR/MATR_b1c11,pchp_raw_pooled,781,0.07925147674743196,0.08435058706909207,0.0,0.0
MATR,MATR/MATR_b1c14,pchp_raw_pooled,873,0.07943286211312718,0.08511963480095462,0.0,0.0
MATR,MATR/MATR_b1c15,pchp_raw_pooled,712,0.07493693700308499,0.07973669810325643,0.0,0.0
MATR,MATR/MATR_b1c16,pchp_raw_pooled,855,0.06607218146843492,0.07083498380270413,0.0,0.0
MATR,MATR/MATR_b1c17,pchp_raw_pooled,850,0.06617672957134527,0.07105447723672212,0.0,0.0
MATR,MATR/MATR_b1c18,pchp_raw_pooled,683,0.05348261992761744,0.055393598187518635,0.0,0.0
MATR,MATR/MATR_b1c19,pchp_raw_pooled,781,0.06459884305210331,0.06863093248648357,0.0,0.0
MATR,MATR/MATR_b1c2,pchp_raw_pooled,2229,0.0591802317703099,0.0645246356701201,0.0,0.0
MATR,MATR/MATR_b1c20,pchp_raw_pooled,526,0.0334555522433229,0.036419868736055745,0.0,0.0
MATR,MATR/MATR_b1c21,pchp_raw_pooled,552,0.04494565661753117,0.047466737574957035,0.0,0.0
MATR,MATR/MATR_b1c23,pchp_raw_pooled,1007,0.0849841642551969,0.09046536171383388,0.0,0.0
MATR,MATR/MATR_b1c24,pchp_raw_pooled,1010,0.09976203430622689,0.10442300826932545,0.0,0.0
MATR,MATR/MATR_b1c25,pchp_raw_pooled,847,0.09201867232881522,0.09738963360143278,0.0,0.0
MATR,MATR/MATR_b1c26,pchp_raw_pooled,863,0.07225836182405866,0.07711744913173237,0.0,0.0
MATR,MATR/MATR_b1c27,pchp_raw_pooled,835,0.07652918064723793,0.08143978738793667,0.0,0.0
MATR,MATR/MATR_b1c28,pchp_raw_pooled,853,0.08959480501898703,0.09506804032422139,0.0,0.0
MATR,MATR/MATR_b1c29,pchp_raw_pooled,910,0.09250680507251889,0.09759202100340117,0.0,0.0
MATR,MATR/MATR_b1c3,pchp_raw_pooled,1427,0.05911831967345057,0.06486148939468336,0.0,0.0
MATR,MATR/MATR_b1c30,pchp_raw_pooled,701,0.07031911313558688,0.07439582306567696,0.0,0.0
MATR,MATR/MATR_b1c31,pchp_raw_pooled,869,0.0742576753202893,0.07912717391307,0.0,0.0
MATR,MATR/MATR_b1c32,pchp_raw_pooled,724,0.07900465979844042,0.08316064672649769,0.0,0.0
MATR,MATR/MATR_b1c33,pchp_raw_pooled,750,0.07790471798607186,0.0822946272696,0.0,0.0
MATR,MATR/MATR_b1c34,pchp_raw_pooled,735,0.08610952724009667,0.09102460246487959,0.0,0.0
MATR,MATR/MATR_b1c35,pchp_raw_pooled,695,0.08305559950604618,0.08802767454434489,0.0,0.0
MATR,MATR/MATR_b1c36,pchp_raw_pooled,697,0.08754993611271368,0.09268822603965599,0.0,0.0
MATR,MATR/MATR_b1c37,pchp_raw_pooled,640,0.08430554312646144,0.08870166940811687,0.0,0.0
MATR,MATR/MATR_b1c38,pchp_raw_pooled,610,0.06990514857406122,0.07356542137336433,0.0,0.0
MATR,MATR/MATR_b1c39,pchp_raw_pooled,618,0.07002369535055554,0.07400080222881975,0.0,0.0
MATR,MATR/MATR_b1c4,pchp_raw_pooled,1702,0.061651484587449346,0.06724166671972094,0.0,0.0
MATR,MATR/MATR_b1c40,pchp_raw_pooled,959,0.09177769708097672,0.09744406320546584,0.0,0.0
MATR,MATR/MATR_b1c41,pchp_raw_pooled,1044,0.09661205073661867,0.10166978757409877,0.0,0.0
MATR,MATR/MATR_b1c42,pchp_raw_pooled,695,0.07348012606535761,0.07847250730104768,0.0,0.0
MATR,MATR/MATR_b1c43,pchp_raw_pooled,644,0.07183732139543206,0.07611571555442091,0.0,0.0
MATR,MATR/MATR_b1c44,pchp_raw_pooled,608,0.06584240307605387,0.07073309674182249,0.0,0.0
MATR,MATR/MATR_b1c45,pchp_raw_pooled,592,0.06623726553070623,0.07092818147574945,0.0,0.0
MATR,MATR/MATR_b1c5,pchp_raw_pooled,1067,0.05720331649424868,0.06152378698827295,0.0,0.0
MATR,MATR/MATR_b1c6,pchp_raw_pooled,629,0.043621978922877176,0.045909169878241195,0.0,0.0
MATR,MATR/MATR_b1c7,pchp_raw_pooled,863,0.04789036877463613,0.051468471608019734,0.0,0.0
MATR,MATR/MATR_b1c9,pchp_raw_pooled,1046,0.07310767988894515,0.07859601339051003,0.0,0.0
MATR,MATR/MATR_b2c0,pchp_raw_pooled,320,0.033157747945971,0.03955500781086937,0.0,0.0
MATR,MATR/MATR_b2c1,pchp_raw_pooled,164,0.04913965881363721,0.06381007783408199,0.0,0.0
MATR,MATR/MATR_b2c10,pchp_raw_pooled,590,0.032322623342169114,0.03688183841705214,0.0,0.0
MATR,MATR/MATR_b2c11,pchp_raw_pooled,499,0.03343665238516062,0.0397318421180033,0.0,0.0
MATR,MATR/MATR_b2c12,pchp_raw_pooled,484,0.028184500331369055,0.037782029192566804,0.0,0.0
MATR,MATR/MATR_b2c13,pchp_raw_pooled,514,0.03336794605125159,0.04207740107838147,0.0,0.0
MATR,MATR/MATR_b2c14,pchp_raw_pooled,503,0.04079473874638318,0.04548932054114495,0.0,0.0
MATR,MATR/MATR_b2c17,pchp_raw_pooled,519,0.03854942823626923,0.04343289821772923,0.0,0.0
MATR,MATR/MATR_b2c18,pchp_raw_pooled,517,0.030410282867272004,0.03713421205767303,0.0,0.0
MATR,MATR/MATR_b2c19,pchp_raw_pooled,483,0.021143288865809778,0.029250956644741446,0.0,0.0
MATR,MATR/MATR_b2c2,pchp_raw_pooled,458,0.05065447854883003,0.054271473818661674,0.0,0.0
MATR,MATR/MATR_b2c20,pchp_raw_pooled,525,0.04071007270477997,0.045966900889988865,0.0,0.0
MATR,MATR/MATR_b2c21,pchp_raw_pooled,514,0.0328801320405456,0.03969840690720986,0.0,0.0
MATR,MATR/MATR_b2c22,pchp_raw_pooled,534,0.03933740919287576,0.04418266544435404,0.0,0.0
MATR,MATR/MATR_b2c23,pchp_raw_pooled,556,0.03408515957276573,0.03921464697958776,0.0,0.0
MATR,MATR/MATR_b2c24,pchp_raw_pooled,518,0.036542127235651374,0.041163681694207616,0.0,0.0
MATR,MATR/MATR_b2c25,pchp_raw_pooled,481,0.027950126918362354,0.035581265997859955,0.0,0.0
MATR,MATR/MATR_b2c26,pchp_raw_pooled,492,0.03122096945058373,0.03842927380011988,0.0,0.0
MATR,MATR/MATR_b2c27,pchp_raw_pooled,489,0.0386084022502522,0.0431010773445148,0.0,0.0
MATR,MATR/MATR_b2c28,pchp_raw_pooled,535,0.03815297479991075,0.04314947710685278,0.0,0.0
MATR,MATR/MATR_b2c29,pchp_raw_pooled,516,0.04631424552250312,0.04994203126216626,0.0,0.0
MATR,MATR/MATR_b2c3,pchp_raw_pooled,355,0.03458009464992485,0.042656050971847,0.0,0.0
MATR,MATR/MATR_b2c30,pchp_raw_pooled,501,0.040229480742184735,0.04402117568617718,0.0,0.0
MATR,MATR/MATR_b2c31,pchp_raw_pooled,513,0.043682736802852846,0.047460125963917923,0.0,0.0
MATR,MATR/MATR_b2c32,pchp_raw_pooled,538,0.04502028104594651,0.04810597311608544,0.0,0.0
MATR,MATR/MATR_b2c33,pchp_raw_pooled,540,0.048897051625537376,0.052218867919633864,0.0,0.0
MATR,MATR/MATR_b2c34,pchp_raw_pooled,520,0.049754141252962535,0.052595311825559175,0.0,0.0
MATR,MATR/MATR_b2c35,pchp_raw_pooled,480,0.04516284161304698,0.04824540379569528,0.0,0.0
MATR,MATR/MATR_b2c36,pchp_raw_pooled,554,0.0470759324707817,0.04990943152838587,0.0,0.0
MATR,MATR/MATR_b2c37,pchp_raw_pooled,496,0.048263658413593764,0.05132626721528348,0.0,0.0
MATR,MATR/MATR_b2c38,pchp_raw_pooled,481,0.046286137475988996,0.049062621854459185,0.0,0.0
MATR,MATR/MATR_b2c39,pchp_raw_pooled,474,0.05053106039905617,0.05353115597858422,0.0,0.0
MATR,MATR/MATR_b2c4,pchp_raw_pooled,465,0.03102281812206067,0.03878149372938651,0.0,0.0
MATR,MATR/MATR_b2c40,pchp_raw_pooled,524,0.03528022269573716,0.04021090532933358,0.0,0.0
MATR,MATR/MATR_b2c41,pchp_raw_pooled,446,0.04042111759675532,0.043882651889227506,0.0,0.0
MATR,MATR/MATR_b2c42,pchp_raw_pooled,486,0.04004220727810086,0.042949460154445465,0.0,0.0
MATR,MATR/MATR_b2c43,pchp_raw_pooled,481,0.04085903154052427,0.04330658299047971,0.0,0.0
MATR,MATR/MATR_b2c44,pchp_raw_pooled,472,0.04297869932608586,0.04523255379346653,0.0,0.0
MATR,MATR/MATR_b2c45,pchp_raw_pooled,508,0.04159866447320133,0.04490967532677679,0.0,0.0
MATR,MATR/MATR_b2c46,pchp_raw_pooled,443,0.042605968214362314,0.04505693649989838,0.0,0.0
MATR,MATR/MATR_b2c47,pchp_raw_pooled,739,0.04114650023311512,0.04339451958304667,0.0,0.0
MATR,MATR/MATR_b2c5,pchp_raw_pooled,501,0.04124260943427372,0.045316380968775376,0.0,0.0
MATR,MATR/MATR_b2c6,pchp_raw_pooled,539,0.020052809260154448,0.029394306118734226,0.0,0.0
MATR,MATR/MATR_b3c0,pchp_raw_pooled,1002,0.03775943839531992,0.04083394986077106,0.0,0.0
MATR,MATR/MATR_b3c1,pchp_raw_pooled,1056,0.048362869047626766,0.0517465411450949,0.0,0.0
MATR,MATR/MATR_b3c10,pchp_raw_pooled,1071,0.04267911251438015,0.04713084802752889,0.0,0.0
MATR,MATR/MATR_b3c11,pchp_raw_pooled,810,0.032911081311176954,0.03519900717916449,0.0,0.0
MATR,MATR/MATR_b3c12,pchp_raw_pooled,925,0.0456124782744237,0.04890920410167221,0.0,0.0
MATR,MATR/MATR_b3c13,pchp_raw_pooled,809,0.03305663900236981,0.03485989253229683,0.0,0.0
MATR,MATR/MATR_b3c14,pchp_raw_pooled,851,0.04188793625699649,0.04468608212575722,0.0,0.0
MATR,MATR/MATR_b3c15,pchp_raw_pooled,869,0.03875175328895565,0.04135731415265392,0.0,0.0
MATR,MATR/MATR_b3c16,pchp_raw_pooled,1631,0.05158872364932987,0.05699097674005924,0.0,0.0
MATR,MATR/MATR_b3c17,pchp_raw_pooled,1308,0.05086704238609274,0.05513056924034296,0.0,0.0
MATR,MATR/MATR_b3c18,pchp_raw_pooled,1139,0.04168721990147793,0.044714583260218745,0.0,0.0
MATR,MATR/MATR_b3c19,pchp_raw_pooled,1148,0.045774634645746555,0.049671108296966894,0.0,0.0
MATR,MATR/MATR_b3c20,pchp_raw_pooled,806,0.03304900818919878,0.035572293842993825,0.0,0.0
MATR,MATR/MATR_b3c21,pchp_raw_pooled,765,0.024334059626757335,0.02568317160159823,0.0,0.0
MATR,MATR/MATR_b3c22,pchp_raw_pooled,995,0.07449998561824858,0.07814685788590216,0.0,0.0
MATR,MATR/MATR_b3c24,pchp_raw_pooled,818,0.032937741695673796,0.03503658744756735,0.0,0.0
MATR,MATR/MATR_b3c25,pchp_raw_pooled,982,0.05026562096253003,0.053472750866624376,0.0,0.0
MATR,MATR/MATR_b3c26,pchp_raw_pooled,1021,0.04327118702483755,0.04679768311074207,0.0,0.0
MATR,MATR/MATR_b3c27,pchp_raw_pooled,843,0.04136010565949992,0.04387140775852931,0.0,0.0
MATR,MATR/MATR_b3c28,pchp_raw_pooled,534,0.017516468656036326,0.020361695384504094,0.0,0.0
MATR,MATR/MATR_b3c29,pchp_raw_pooled,851,0.0387098278667543,0.04127052079287397,0.0,0.0
MATR,MATR/MATR_b3c3,pchp_raw_pooled,1108,0.049491492623118055,0.05329425826618508,0.0,0.0
MATR,MATR/MATR_b3c30,pchp_raw_pooled,928,0.0463706958344514,0.05005231586324864,0.0,0.0
MATR,MATR/MATR_b3c31,pchp_raw_pooled,724,0.05846518603302961,0.06171712217062649,0.0,0.0
MATR,MATR/MATR_b3c33,pchp_raw_pooled,1277,0.04407682305455771,0.04797096238003258,0.0,0.0
MATR,MATR/MATR_b3c34,pchp_raw_pooled,1151,0.04691533657514966,0.050649432059850646,0.0,0.0
MATR,MATR/MATR_b3c35,pchp_raw_pooled,1086,0.039534508921569234,0.04305601710923274,0.0,0.0
MATR,MATR/MATR_b3c36,pchp_raw_pooled,916,0.0443435014740202,0.046718130719220596,0.0,0.0
MATR,MATR/MATR_b3c38,pchp_raw_pooled,1928,0.05440810903261791,0.058897789728004454,0.0,0.0
MATR,MATR/MATR_b3c39,pchp_raw_pooled,1149,0.05359726047708758,0.05670619440942536,0.0,0.0
MATR,MATR/MATR_b3c4,pchp_raw_pooled,1041,0.04099347523259105,0.04443399159733259,0.0,0.0
MATR,MATR/MATR_b3c40,pchp_raw_pooled,789,0.03347184579957235,0.03541033993092145,0.0,0.0
MATR,MATR/MATR_b3c41,pchp_raw_pooled,779,0.04325557901086395,0.046011754820894674,0.0,0.0
MATR,MATR/MATR_b3c44,pchp_raw_pooled,933,0.05031887173570141,0.05342727946879473,0.0,0.0
MATR,MATR/MATR_b3c45,pchp_raw_pooled,1794,0.05507122929031306,0.06054826422981932,0.0,0.0
MATR,MATR/MATR_b3c5,pchp_raw_pooled,821,0.04045470025631033,0.04247943356682437,0.0,0.0
MATR,MATR/MATR_b3c6,pchp_raw_pooled,660,0.016507140875336473,0.019119096161770148,0.0,0.0
MATR,MATR/MATR_b3c7,pchp_raw_pooled,1829,0.05757914147563823,0.06340180093292003,0.0,0.0
MATR,MATR/MATR_b3c8,pchp_raw_pooled,821,0.03298929919266252,0.03513431308166277,0.0,0.0
MATR,MATR/MATR_b3c9,pchp_raw_pooled,1032,0.053967417648560674,0.05757530982399935,0.0,0.0
MATR,MATR/MATR_b4c0,pchp_raw_pooled,977,0.05210992168519653,0.06608343912591853,0.0,0.0
MATR,MATR/MATR_b4c1,pchp_raw_pooled,856,0.05240955916492602,0.06494172921120818,0.0,0.0
MATR,MATR/MATR_b4c10,pchp_raw_pooled,1077,0.08037285407240603,0.10956242332388738,0.0,0.0
MATR,MATR/MATR_b4c11,pchp_raw_pooled,925,0.0538210886586378,0.0573467990271944,0.0,0.0
MATR,MATR/MATR_b4c12,pchp_raw_pooled,893,0.0633295182291131,0.06787347055812731,0.0,0.0
MATR,MATR/MATR_b4c13,pchp_raw_pooled,864,0.0662502968238073,0.07357094560040624,0.0,0.0
MATR,MATR/MATR_b4c14,pchp_raw_pooled,762,0.09300082701804926,0.11207703843974255,0.0,0.0
MATR,MATR/MATR_b4c15,pchp_raw_pooled,866,0.10528831607712642,0.13485655319860135,0.0,0.0
MATR,MATR/MATR_b4c16,pchp_raw_pooled,978,0.08356199697926862,0.088048783803783,0.0,0.0
MATR,MATR/MATR_b4c17,pchp_raw_pooled,925,0.07848787925268448,0.08245600787863433,0.0,0.0
MATR,MATR/MATR_b4c18,pchp_raw_pooled,1052,0.07077837056294885,0.0824372226989116,0.0,0.0
MATR,MATR/MATR_b4c19,pchp_raw_pooled,1106,0.08721571742367024,0.09213605558726044,0.0,0.0
MATR,MATR/MATR_b4c2,pchp_raw_pooled,779,0.053429910821415925,0.05708242548727085,0.0,0.0
MATR,MATR/MATR_b4c20,pchp_raw_pooled,799,0.04690215794285429,0.050410254063127276,0.0,0.0
MATR,MATR/MATR_b4c21,pchp_raw_pooled,898,0.06400572502446632,0.08275199410766175,0.0,0.0
MATR,MATR/MATR_b4c22,pchp_raw_pooled,740,0.07976363174378746,0.08367288442825682,0.0,0.0
MATR,MATR/MATR_b4c23,pchp_raw_pooled,1089,0.06869983951163804,0.0733411134574151,0.0,0.0
MATR,MATR/MATR_b4c24,pchp_raw_pooled,1110,0.06109620224687956,0.06955548685208636,0.0,0.0
MATR,MATR/MATR_b4c25,pchp_raw_pooled,562,0.09458996021633434,0.11034376651642604,0.0,0.0
MATR,MATR/MATR_b4c26,pchp_raw_pooled,574,0.09302771531571255,0.10812035827848104,0.0,0.0
MATR,MATR/MATR_b4c27,pchp_raw_pooled,558,0.07497304224355913,0.07953988730382622,0.0,0.0
MATR,MATR/MATR_b4c28,pchp_raw_pooled,877,0.06314166956466721,0.0670010016943121,0.0,0.0
MATR,MATR/MATR_b4c29,pchp_raw_pooled,951,0.05372249476008131,0.057951311683517956,0.0,0.0
MATR,MATR/MATR_b4c3,pchp_raw_pooled,906,0.08554634207678781,0.0966264386896302,0.0,0.0
MATR,MATR/MATR_b4c30,pchp_raw_pooled,714,0.05475587311697304,0.06813335166765828,0.0,0.0
MATR,MATR/MATR_b4c31,pchp_raw_pooled,827,0.1606271573190887,0.22385748627519997,0.0,0.0
MATR,MATR/MATR_b4c32,pchp_raw_pooled,834,0.08125014830774312,0.08549125930131914,0.0,0.0
MATR,MATR/MATR_b4c33,pchp_raw_pooled,525,0.07387221649321336,0.0765886922786714,0.0,0.0
MATR,MATR/MATR_b4c34,pchp_raw_pooled,992,0.052936434114033926,0.057429748375593226,0.0,0.0
MATR,MATR/MATR_b4c35,pchp_raw_pooled,1126,0.053679096900380564,0.057566709973140145,0.0,0.0
MATR,MATR/MATR_b4c36,pchp_raw_pooled,708,0.09420410908363273,0.10608075383145414,0.0,0.0
MATR,MATR/MATR_b4c37,pchp_raw_pooled,1000,0.0832835669540211,0.08913449091684503,0.0,0.0
MATR,MATR/MATR_b4c38,pchp_raw_pooled,1225,0.057431757051262654,0.06137581776374969,0.0,0.0
MATR,MATR/MATR_b4c39,pchp_raw_pooled,756,0.07804254899492845,0.08163907546390486,0.0,0.0
MATR,MATR/MATR_b4c4,pchp_raw_pooled,907,0.1500591357887733,0.20719031017213957,0.0,0.0
MATR,MATR/MATR_b4c40,pchp_raw_pooled,1117,0.05473085636179456,0.05863559652789726,0.0,0.0
MATR,MATR/MATR_b4c41,pchp_raw_pooled,992,0.07715298196194584,0.1046825655400644,0.0,0.0
MATR,MATR/MATR_b4c42,pchp_raw_pooled,910,0.06779105402545056,0.08647885217646949,0.0,0.0
MATR,MATR/MATR_b4c43,pchp_raw_pooled,946,0.0819146849411191,0.11586120593567233,0.0,0.0
MATR,MATR/MATR_b4c44,pchp_raw_pooled,1072,0.07199906968971159,0.07806151699078429,0.0,0.0
MATR,MATR/MATR_b4c5,pchp_raw_pooled,1062,0.06646479733509467,0.07821258208049622,0.0,0.0
MATR,MATR/MATR_b4c6,pchp_raw_pooled,772,0.07463862198423178,0.07812132067323506,0.0,0.0
MATR,MATR/MATR_b4c7,pchp_raw_pooled,557,0.07655611422428713,0.07913890527567714,0.0,0.0
MATR,MATR/MATR_b4c8,pchp_raw_pooled,713,0.04502622785592835,0.04846483651828366,0.0,0.0
MATR,MATR/MATR_b4c9,pchp_raw_pooled,524,0.0805869370958387,0.08851030753437361,0.0,0.0
MICH,MICH/MICH_BLForm10_pouch_NMC_25C_0-100_1-1C_j,pchp_raw_pooled,454,0.11882309573106196,0.20931419951009084,0.0,0.0
MICH,MICH/MICH_BLForm11_pouch_NMC_25C_0-100_1-1C_a,pchp_raw_pooled,420,0.07504782354254562,0.11181464302678426,0.0,0.0
MICH,MICH/MICH_BLForm12_pouch_NMC_25C_0-100_1-1C_b,pchp_raw_pooled,427,0.09378946498087529,0.13898217185231862,0.0,0.0
MICH,MICH/MICH_BLForm13_pouch_NMC_25C_0-100_1-1C_c,pchp_raw_pooled,432,0.11024203462655903,0.1646318279801695,0.0,0.0
MICH,MICH/MICH_BLForm14_pouch_NMC_25C_0-100_1-1C_d,pchp_raw_pooled,471,0.08426977114458734,0.12744308756578307,0.0,0.0
MICH,MICH/MICH_BLForm15_pouch_NMC_25C_0-100_1-1C_e,pchp_raw_pooled,437,0.10934001032295255,0.16829917586569976,0.0,0.0
MICH,MICH/MICH_BLForm16_pouch_NMC_25C_0-100_1-1C_f,pchp_raw_pooled,437,0.10417516676799558,0.16603340852214668,0.0,0.0
MICH,MICH/MICH_BLForm17_pouch_NMC_25C_0-100_1-1C_g,pchp_raw_pooled,437,0.1439820407614178,0.2151949126593187,0.0,0.0
MICH,MICH/MICH_BLForm18_pouch_NMC_25C_0-100_1-1C_h,pchp_raw_pooled,433,0.12127684071780279,0.18144008716351942,0.0,0.0
MICH,MICH/MICH_BLForm19_pouch_NMC_25C_0-100_1-1C_i,pchp_raw_pooled,437,0.10372774015562167,0.15480533731825974,0.0,0.0
MICH,MICH/MICH_BLForm1_pouch_NMC_45C_0-100_1-1C_a,pchp_raw_pooled,487,0.16205278723046043,0.25750385455266156,0.0,0.0
MICH,MICH/MICH_BLForm20_pouch_NMC_25C_0-100_1-1C_j,pchp_raw_pooled,437,0.13814308763077102,0.20610993836820216,0.0,0.0
MICH,MICH/MICH_BLForm2_pouch_NMC_45C_0-100_1-1C_b,pchp_raw_pooled,459,0.15690499552085277,0.2490341119337657,0.0,0.0
MICH,MICH/MICH_BLForm3_pouch_NMC_45C_0-100_1-1C_c,pchp_raw_pooled,507,0.08208186427330291,0.1431134262379246,0.0,0.0
MICH,MICH/MICH_BLForm4_pouch_NMC_45C_0-100_1-1C_d,pchp_raw_pooled,487,0.16512947021065635,0.25519850391805127,0.0,0.0
MICH,MICH/MICH_BLForm5_pouch_NMC_45C_0-100_1-1C_e,pchp_raw_pooled,487,0.15938938745734602,0.2583365938717757,0.0,0.0
MICH,MICH/MICH_BLForm6_pouch_NMC_45C_0-100_1-1C_f,pchp_raw_pooled,449,0.10609080688833093,0.19601826698808883,0.0,0.0
MICH,MICH/MICH_BLForm7_pouch_NMC_45C_0-100_1-1C_g,pchp_raw_pooled,452,0.1301893707145977,0.22762452559765056,0.0,0.0
MICH,MICH/MICH_BLForm8_pouch_NMC_45C_0-100_1-1C_h,pchp_raw_pooled,487,0.1581241139254811,0.2578394543114718,0.0,0.0
MICH,MICH/MICH_BLForm9_pouch_NMC_45C_0-100_1-1C_i,pchp_raw_pooled,569,0.28762689001803665,0.35287834782908584,0.0,0.0
MICH,MICH/MICH_MCForm21_pouch_NMC_25C_0-100_1-1C_a,pchp_raw_pooled,471,0.06634528817425907,0.09915519774331366,0.0,0.0
MICH,MICH/MICH_MCForm22_pouch_NMC_25C_0-100_1-1C_b,pchp_raw_pooled,486,0.13471163264456879,0.2060307695656701,0.0,0.0
MICH,MICH/MICH_MCForm23_pouch_NMC_25C_0-100_1-1C_c,pchp_raw_pooled,535,0.07632635439583615,0.11314643520102366,0.0,0.0
MICH,MICH/MICH_MCForm24_pouch_NMC_25C_0-100_1-1C_d,pchp_raw_pooled,471,0.08481177732785168,0.12970604366562702,0.0,0.0
MICH,MICH/MICH_MCForm25_pouch_NMC_25C_0-100_1-1C_e,pchp_raw_pooled,584,0.08605300365583846,0.12451657146260789,0.0,0.0
MICH,MICH/MICH_MCForm26_pouch_NMC_25C_0-100_1-1C_f,pchp_raw_pooled,584,0.07704726447044215,0.1091294400097849,0.0,0.0
MICH,MICH/MICH_MCForm27_pouch_NMC_25C_0-100_1-1C_g,pchp_raw_pooled,535,0.07627943812834147,0.10834694637437073,0.0,0.0
MICH,MICH/MICH_MCForm28_pouch_NMC_25C_0-100_1-1C_h,pchp_raw_pooled,584,0.09186279921701834,0.13474864873139814,0.0,0.0
MICH,MICH/MICH_MCForm29_pouch_NMC_25C_0-100_1-1C_i,pchp_raw_pooled,547,0.10805090807990471,0.16918691922519175,0.0,0.0
MICH,MICH/MICH_MCForm30_pouch_NMC_25C_0-100_1-1C_j,pchp_raw_pooled,535,0.0761760498952268,0.10665449643115939,0.0,0.0
MICH,MICH/MICH_MCForm31_pouch_NMC_45C_0-100_1-1C_a,pchp_raw_pooled,506,0.09668574222852182,0.17682819191955115,0.0,0.0
MICH,MICH/MICH_MCForm32_pouch_NMC_45C_0-100_1-1C_b,pchp_raw_pooled,487,0.06196834010679577,0.10209786728973409,0.0,0.0
MICH,MICH/MICH_MCForm33_pouch_NMC_45C_0-100_1-1C_c,pchp_raw_pooled,496,0.07854873760103938,0.1466399215811988,0.0,0.0
MICH,MICH/MICH_MCForm34_pouch_NMC_45C_0-100_1-1C_d,pchp_raw_pooled,575,0.05257611197390992,0.07642328259889256,0.0,0.0
MICH,MICH/MICH_MCForm35_pouch_NMC_45C_0-100_1-1C_e,pchp_raw_pooled,440,0.06212583277894505,0.10213717096050595,0.0,0.0
MICH,MICH/MICH_MCForm36_pouch_NMC_45C_0-100_1-1C_f,pchp_raw_pooled,536,0.08730323495940029,0.1477697969550348,0.0,0.0
MICH,MICH/MICH_MCForm37_pouch_NMC_45C_0-100_1-1C_g,pchp_raw_pooled,536,0.06655254503715927,0.11508813408660086,0.0,0.0
MICH,MICH/MICH_MCForm38_pouch_NMC_45C_0-100_1-1C_h,pchp_raw_pooled,497,0.10038458478848171,0.17310031703036433,0.0,0.0
MICH,MICH/MICH_MCForm39_pouch_NMC_45C_0-100_1-1C_i,pchp_raw_pooled,536,0.08077276689103546,0.14399910853643724,0.0,0.0
MICH,MICH/MICH_MCForm40_pouch_NMC_45C_0-100_1-1C_j,pchp_raw_pooled,534,0.06409651220154364,0.09666612772480523,0.0,0.0
MICH_EXP,MICH_EXP/MICH_01R_pouch_NMC_25C_0-100_0.2-0.2C,pchp_raw_pooled,374,0.07545554538931183,0.09324442713451674,0.0,0.0
MICH_EXP,MICH_EXP/MICH_02C_pouch_NMC_-5C_0-100_0.2-0.2C,pchp_raw_pooled,288,0.01421757528033264,0.015954935993194832,0.0,0.0
MICH_EXP,MICH_EXP/MICH_03H_pouch_NMC_45C_0-100_0.2-0.2C,pchp_raw_pooled,98,0.04448020536567579,0.05409160218841812,0.0,0.0
MICH_EXP,MICH_EXP/MICH_04R_pouch_NMC_25C_0-100_1.5-1.5C,pchp_raw_pooled,322,0.09137579541598416,0.11390760595199392,0.0,0.0
MICH_EXP,MICH_EXP/MICH_05C_pouch_NMC_-5C_0-100_1.5-1.5C,pchp_raw_pooled,568,0.04484200181247409,0.051697609078773736,0.0,0.0
MICH_EXP,MICH_EXP/MICH_06H_pouch_NMC_45C_0-100_1.5-1.5C,pchp_raw_pooled,172,0.08977462200508382,0.10399649696165525,0.0,0.0
MICH_EXP,MICH_EXP/MICH_07R_pouch_NMC_25C_0-100_2-2C,pchp_raw_pooled,240,0.16606345604726655,0.19252172325250566,0.0,0.0
MICH_EXP,MICH_EXP/MICH_08C_pouch_NMC_-5C_0-100_2-2C,pchp_raw_pooled,568,0.019616232334297427,0.023029376414001154,0.0,0.0
MICH_EXP,MICH_EXP/MICH_09H_pouch_NMC_45C_0-100_2-2C,pchp_raw_pooled,170,0.1512039178954265,0.17136633733476814,0.0,0.0
MICH_EXP,MICH_EXP/MICH_10R_pouch_NMC_25C_0-100_0.2-1.5C,pchp_raw_pooled,434,0.039059640369854494,0.05056069848258185,0.0,0.0
MICH_EXP,MICH_EXP/MICH_11C_pouch_NMC_-5C_0-100_0.2-1.5C,pchp_raw_pooled,535,0.04486817841689775,0.05354304727767825,0.0,0.0
MICH_EXP,MICH_EXP/MICH_12H_pouch_NMC_45C_0-100_0.2-1.5C,pchp_raw_pooled,177,0.10956513212281914,0.12925263643709026,0.0,0.0
MICH_EXP,MICH_EXP/MICH_13R_pouch_NMC_25C_50-100_0.2-0.2C,pchp_raw_pooled,527,0.13988405030145531,0.14612633909327558,0.0,0.0
MICH_EXP,MICH_EXP/MICH_14C_pouch_NMC_-5C_50-100_0.2-0.2C,pchp_raw_pooled,447,0.13444946125097995,0.14093340039162433,0.0,0.0
MICH_EXP,MICH_EXP/MICH_15H_pouch_NMC_45C_50-100_0.2-0.2C,pchp_raw_pooled,166,0.08335482019973907,0.08562408626481646,0.0,0.0
MICH_EXP,MICH_EXP/MICH_16R_pouch_NMC_25C_50-100_0.2-1.5C,pchp_raw_pooled,527,0.13878261556580246,0.1454315230451166,0.0,0.0
MICH_EXP,MICH_EXP/MICH_17C_pouch_NMC_-5C_50-100_0.2-1.5C,pchp_raw_pooled,552,0.1345163444627782,0.14075134214290025,0.0,0.0
MICH_EXP,MICH_EXP/MICH_18H_pouch_NMC_45C_50-100_0.2-1.5C,pchp_raw_pooled,290,0.107929808825982,0.113072858764129,0.0,0.0
RWTH,RWTH/RWTH_002,pchp_raw_pooled,2406,0.1718044025654303,0.21908748471298078,0.0,0.0
RWTH,RWTH/RWTH_003,pchp_raw_pooled,2432,0.16213450215820788,0.2021757260510657,0.0,0.0
RWTH,RWTH/RWTH_004,pchp_raw_pooled,2410,0.164275183925748,0.2069438142286904,0.0,0.0
RWTH,RWTH/RWTH_005,pchp_raw_pooled,2390,0.16279635722250418,0.2076365556199818,0.0,0.0
RWTH,RWTH/RWTH_006,pchp_raw_pooled,2413,0.16000949855516117,0.20524573406160015,0.0,0.0
RWTH,RWTH/RWTH_007,pchp_raw_pooled,2409,0.16370572287132912,0.2089807482668124,0.0,0.0
RWTH,RWTH/RWTH_008,pchp_raw_pooled,2409,0.16644283899875117,0.20647466887920246,0.0,0.0
RWTH,RWTH/RWTH_009,pchp_raw_pooled,2392,0.15118906287149986,0.18967695881003743,0.0,0.0
RWTH,RWTH/RWTH_010,pchp_raw_pooled,2436,0.1608464949555346,0.20055966581006107,0.0,0.0
RWTH,RWTH/RWTH_011,pchp_raw_pooled,2432,0.15808613753671147,0.19717760580135513,0.0,0.0
RWTH,RWTH/RWTH_012,pchp_raw_pooled,2442,0.15222707990070353,0.19464901196122794,0.0,0.0
RWTH,RWTH/RWTH_013,pchp_raw_pooled,2442,0.1609952644288159,0.20678534598016862,0.0,0.0
RWTH,RWTH/RWTH_014,pchp_raw_pooled,2303,0.163728431695326,0.20607352303254553,0.0,0.0
RWTH,RWTH/RWTH_015,pchp_raw_pooled,2282,0.1515507863159453,0.19329447921203716,0.0,0.0
RWTH,RWTH/RWTH_016,pchp_raw_pooled,2281,0.15119948116584128,0.19467325060046084,0.0,0.0
RWTH,RWTH/RWTH_017,pchp_raw_pooled,2274,0.1649866265092004,0.20737518994418935,0.0,0.0
RWTH,RWTH/RWTH_018,pchp_raw_pooled,2239,0.15571489390255727,0.19603215114597944,0.0,0.0
RWTH,RWTH/RWTH_019,pchp_raw_pooled,2282,0.15863990048383017,0.20075808208240417,0.0,0.0
RWTH,RWTH/RWTH_020,pchp_raw_pooled,2232,0.15995118977490622,0.1994432132091211,0.0,0.0
RWTH,RWTH/RWTH_021,pchp_raw_pooled,2278,0.16472595004360757,0.20764525694133845,0.0,0.0
RWTH,RWTH/RWTH_022,pchp_raw_pooled,2277,0.1516515286468918,0.1895402917768046,0.0,0.0
RWTH,RWTH/RWTH_023,pchp_raw_pooled,2316,0.13691307944617578,0.17140167970421416,0.0,0.0
RWTH,RWTH/RWTH_024,pchp_raw_pooled,2315,0.1454609337534786,0.1798643487230921,0.0,0.0
RWTH,RWTH/RWTH_025,pchp_raw_pooled,2304,0.16071981493114987,0.20682411357350056,0.0,0.0
RWTH,RWTH/RWTH_026,pchp_raw_pooled,2002,0.13544002522926457,0.1686351901751356,0.0,0.0
RWTH,RWTH/RWTH_027,pchp_raw_pooled,2006,0.13924254206036996,0.17320461577187213,0.0,0.0
RWTH,RWTH/RWTH_028,pchp_raw_pooled,2005,0.1512103223904396,0.18773402010222304,0.0,0.0
RWTH,RWTH/RWTH_029,pchp_raw_pooled,2006,0.13593137374509634,0.17284532280498727,0.0,0.0
RWTH,RWTH/RWTH_030,pchp_raw_pooled,1483,0.07577514466903287,0.08644796270731654,0.0,0.0
RWTH,RWTH/RWTH_031,pchp_raw_pooled,2259,0.14767073475129666,0.1919407470968897,0.0,0.0
RWTH,RWTH/RWTH_032,pchp_raw_pooled,2277,0.1625880535587121,0.20349798235483477,0.0,0.0
RWTH,RWTH/RWTH_033,pchp_raw_pooled,2254,0.1808536566837075,0.23253160754257135,0.0,0.0
RWTH,RWTH/RWTH_034,pchp_raw_pooled,2121,0.11373243739539804,0.13951753448275078,0.0,0.0
RWTH,RWTH/RWTH_035,pchp_raw_pooled,2147,0.11131624944076075,0.1379261287350952,0.0,0.0
RWTH,RWTH/RWTH_036,pchp_raw_pooled,2144,0.13536551909297384,0.17021300037244144,0.0,0.0
RWTH,RWTH/RWTH_037,pchp_raw_pooled,2162,0.14794850486255082,0.18511698697677462,0.0,0.0
RWTH,RWTH/RWTH_038,pchp_raw_pooled,1959,0.10642107322124167,0.134924902545193,0.0,0.0
RWTH,RWTH/RWTH_039,pchp_raw_pooled,1943,0.11050086403881641,0.13915447346399842,0.0,0.0
RWTH,RWTH/RWTH_040,pchp_raw_pooled,1939,0.11643082605023092,0.14578460086786832,0.0,0.0
RWTH,RWTH/RWTH_041,pchp_raw_pooled,1939,0.12502756912212717,0.15947902422361482,0.0,0.0
RWTH,RWTH/RWTH_042,pchp_raw_pooled,1891,0.11492991943454713,0.1444313189273458,0.0,0.0
RWTH,RWTH/RWTH_043,pchp_raw_pooled,1890,0.10525577209338717,0.1337310495912356,0.0,0.0
RWTH,RWTH/RWTH_044,pchp_raw_pooled,1889,0.11717999715623065,0.15032122623588562,0.0,0.0
RWTH,RWTH/RWTH_045,pchp_raw_pooled,1890,0.11296757700339502,0.14182704081401618,0.0,0.0
RWTH,RWTH/RWTH_046,pchp_raw_pooled,2131,0.1435935986253478,0.18192559101186948,0.0,0.0
RWTH,RWTH/RWTH_047,pchp_raw_pooled,2146,0.14523958028581552,0.18302567588665067,0.0,0.0
RWTH,RWTH/RWTH_048,pchp_raw_pooled,2131,0.13969588835964303,0.17415761028534468,0.0,0.0
RWTH,RWTH/RWTH_049,pchp_raw_pooled,2130,0.13791930117117007,0.17616385774580318,0.0,0.0
SDU,SDU/SDU_Battery_1,pchp_raw_pooled,956,0.08317036599198256,0.08878729125701446,0.0,0.0
SDU,SDU/SDU_Battery_10,pchp_raw_pooled,431,0.04340913411478869,0.05000603590535445,0.0,0.0
SDU,SDU/SDU_Battery_11,pchp_raw_pooled,550,0.06424861909866623,0.06884770215288082,0.0,0.0
SDU,SDU/SDU_Battery_12,pchp_raw_pooled,481,0.05338520343236616,0.05905807487190691,0.0,0.0
SDU,SDU/SDU_Battery_13,pchp_raw_pooled,516,0.05358386784343893,0.058925214385568817,0.0,0.0
SDU,SDU/SDU_Battery_14,pchp_raw_pooled,506,0.04969640545512664,0.05438529908734364,0.0,0.0
SDU,SDU/SDU_Battery_15,pchp_raw_pooled,581,0.06378832685866911,0.0700594109411426,0.0,0.0
SDU,SDU/SDU_Battery_16,pchp_raw_pooled,581,0.05801601611085313,0.06305704142520902,0.0,0.0
SDU,SDU/SDU_Battery_17,pchp_raw_pooled,405,0.06439037309319214,0.06906519226781055,0.0,0.0
SDU,SDU/SDU_Battery_18,pchp_raw_pooled,436,0.0666452307252185,0.07249092488024449,0.0,0.0
SDU,SDU/SDU_Battery_19,pchp_raw_pooled,411,0.05994756289963944,0.06448966470641723,0.0,0.0
SDU,SDU/SDU_Battery_2,pchp_raw_pooled,890,0.08663257407865438,0.09288743173789628,0.0,0.0
SDU,SDU/SDU_Battery_20,pchp_raw_pooled,411,0.06087957376873683,0.06536200045785925,0.0,0.0
SDU,SDU/SDU_Battery_21,pchp_raw_pooled,481,0.051428209294905165,0.0556885576622594,0.0,0.0
SDU,SDU/SDU_Battery_22,pchp_raw_pooled,486,0.06905728731369276,0.07492129674201113,0.0,0.0
SDU,SDU/SDU_Battery_23,pchp_raw_pooled,481,0.09100067950252905,0.09661242238849821,0.0,0.0
SDU,SDU/SDU_Battery_24,pchp_raw_pooled,436,0.07132761231888489,0.07645805997143934,0.0,0.0
SDU,SDU/SDU_Battery_25,pchp_raw_pooled,436,0.0683685088301661,0.07330700829572011,0.0,0.0
SDU,SDU/SDU_Battery_26,pchp_raw_pooled,541,0.11260223859544255,0.12205584355548009,0.0,0.0
SDU,SDU/SDU_Battery_27,pchp_raw_pooled,486,0.08956412047208731,0.09774549451653039,0.0,0.0
SDU,SDU/SDU_Battery_28,pchp_raw_pooled,456,0.07848817890414861,0.0864916872156341,0.0,0.0
SDU,SDU/SDU_Battery_29,pchp_raw_pooled,486,0.07945400878985517,0.08618162723339455,0.0,0.0
SDU,SDU/SDU_Battery_3,pchp_raw_pooled,851,0.06015335404949617,0.06260580027517261,0.0,0.0
SDU,SDU/SDU_Battery_30,pchp_raw_pooled,441,0.07086374338854427,0.07516640023516168,0.0,0.0
SDU,SDU/SDU_Battery_31,pchp_raw_pooled,176,0.05674305786015883,0.06704833379247879,0.0,0.0
SDU,SDU/SDU_Battery_32,pchp_raw_pooled,121,0.06678723076276281,0.07983201199327683,0.0,0.0
SDU,SDU/SDU_Battery_33,pchp_raw_pooled,191,0.052200705199204514,0.06068507283261258,0.0,0.0
SDU,SDU/SDU_Battery_34,pchp_raw_pooled,161,0.06334717537097799,0.07372319229996437,0.0,0.0
SDU,SDU/SDU_Battery_35,pchp_raw_pooled,151,0.06538043094340214,0.07546347004408424,0.0,0.0
SDU,SDU/SDU_Battery_36,pchp_raw_pooled,136,0.06417497835908476,0.0744411064602397,0.0,0.0
SDU,SDU/SDU_Battery_37,pchp_raw_pooled,146,0.06238260422537768,0.07382306270797058,0.0,0.0
SDU,SDU/SDU_Battery_38,pchp_raw_pooled,106,0.059657402493969926,0.07015307367753584,0.0,0.0
SDU,SDU/SDU_Battery_39,pchp_raw_pooled,71,0.07960547001639248,0.0907674201553495,0.0,0.0
SDU,SDU/SDU_Battery_4,pchp_raw_pooled,881,0.0786851775227948,0.08446324175942521,0.0,0.0
SDU,SDU/SDU_Battery_40,pchp_raw_pooled,66,0.08122241717665263,0.09176648599539769,0.0,0.0
SDU,SDU/SDU_Battery_41,pchp_raw_pooled,86,0.07522837214223414,0.08636000255769165,0.0,0.0
SDU,SDU/SDU_Battery_42,pchp_raw_pooled,71,0.0738827539599366,0.08509842898592541,0.0,0.0
SDU,SDU/SDU_Battery_43,pchp_raw_pooled,71,0.08134738352499825,0.09275500303885705,0.0,0.0
SDU,SDU/SDU_Battery_44,pchp_raw_pooled,61,0.07483317501302061,0.0860458942138308,0.0,0.0
SDU,SDU/SDU_Battery_45,pchp_raw_pooled,1116,0.08070304902814292,0.08710926159242711,0.0,0.0
SDU,SDU/SDU_Battery_46,pchp_raw_pooled,1071,0.0774656147706734,0.08229398030475682,0.0,0.0
SDU,SDU/SDU_Battery_47,pchp_raw_pooled,1121,0.08223329375174182,0.08847591410161167,0.0,0.0
SDU,SDU/SDU_Battery_48,pchp_raw_pooled,1054,0.07460853094278998,0.07879863985197855,0.0,0.0
SDU,SDU/SDU_Battery_49,pchp_raw_pooled,1346,0.08497313757324865,0.09298543030877567,0.0,0.0
SDU,SDU/SDU_Battery_5,pchp_raw_pooled,1051,0.07378324889261156,0.08007029006031245,0.0,0.0
SDU,SDU/SDU_Battery_50,pchp_raw_pooled,1409,0.08470770624661342,0.0920241338935253,0.0,0.0
SDU,SDU/SDU_Battery_51,pchp_raw_pooled,1421,0.08189950305365958,0.08908682882006322,0.0,0.0
SDU,SDU/SDU_Battery_52,pchp_raw_pooled,1246,0.07789073526459368,0.08422920532912878,0.0,0.0
SDU,SDU/SDU_Battery_53,pchp_raw_pooled,121,0.0583765728049036,0.06755893164272302,0.0,0.0
SDU,SDU/SDU_Battery_54,pchp_raw_pooled,191,0.05007259312774117,0.05802929958050115,0.0,0.0
SDU,SDU/SDU_Battery_55,pchp_raw_pooled,126,0.0571344599043083,0.0658365929164023,0.0,0.0
SDU,SDU/SDU_Battery_56,pchp_raw_pooled,141,0.05786616269429896,0.06596755371249524,0.0,0.0
SDU,SDU/SDU_Battery_57,pchp_raw_pooled,86,0.05738096979377003,0.06761367827791125,0.0,0.0
SDU,SDU/SDU_Battery_58,pchp_raw_pooled,71,0.06941117892105955,0.08453901901242751,0.0,0.0
SDU,SDU/SDU_Battery_59,pchp_raw_pooled,86,0.05968081057153599,0.07050920016223043,0.0,0.0
SDU,SDU/SDU_Battery_6,pchp_raw_pooled,1111,0.08660124223501743,0.09336928085771883,0.0,0.0
SDU,SDU/SDU_Battery_60,pchp_raw_pooled,81,0.05762480421577127,0.06836253658934532,0.0,0.0
SDU,SDU/SDU_Battery_61,pchp_raw_pooled,391,0.07322991841059638,0.07633139743350399,0.0,0.0
SDU,SDU/SDU_Battery_62,pchp_raw_pooled,431,0.08152673998141695,0.08609574909463043,0.0,0.0
SDU,SDU/SDU_Battery_63,pchp_raw_pooled,361,0.03887342214960249,0.041130688899559065,0.0,0.0
SDU,SDU/SDU_Battery_64,pchp_raw_pooled,411,0.0666029516558721,0.07190219731378537,0.0,0.0
SDU,SDU/SDU_Battery_65,pchp_raw_pooled,230,0.038628040214203886,0.042984114218684706,0.0,0.0
SDU,SDU/SDU_Battery_66,pchp_raw_pooled,271,0.02676557982302125,0.03374458161963682,0.0,0.0
SDU,SDU/SDU_Battery_67,pchp_raw_pooled,181,0.05242131177366663,0.06271269051039416,0.0,0.0
SDU,SDU/SDU_Battery_68,pchp_raw_pooled,191,0.050012753879361674,0.05874125331241393,0.0,0.0
SDU,SDU/SDU_Battery_69,pchp_raw_pooled,71,0.07824461778145901,0.09057472763927249,0.0,0.0
SDU,SDU/SDU_Battery_7,pchp_raw_pooled,1041,0.09045977550262603,0.09719446554582277,0.0,0.0
SDU,SDU/SDU_Battery_70,pchp_raw_pooled,106,0.07123434499644403,0.08203878636042343,0.0,0.0
SDU,SDU/SDU_Battery_71,pchp_raw_pooled,81,0.08402957158582706,0.09689309494420904,0.0,0.0
SDU,SDU/SDU_Battery_72,pchp_raw_pooled,81,0.08385060358526805,0.09579175195128206,0.0,0.0
SDU,SDU/SDU_Battery_73,pchp_raw_pooled,1175,0.11787196574649529,0.12512399240528882,0.0,0.0
SDU,SDU/SDU_Battery_74,pchp_raw_pooled,1315,0.12399198512167202,0.13086823128862984,0.0,0.0
SDU,SDU/SDU_Battery_75,pchp_raw_pooled,950,0.10744033042161619,0.11471453406338328,0.0,0.0
SDU,SDU/SDU_Battery_76,pchp_raw_pooled,1120,0.10397244215776816,0.11105330273420018,0.0,0.0
SDU,SDU/SDU_Battery_77,pchp_raw_pooled,1066,0.10089527646716347,0.10767860750323634,0.0,0.0
SDU,SDU/SDU_Battery_78,pchp_raw_pooled,1021,0.09646664405360089,0.10259995527141551,0.0,0.0
SDU,SDU/SDU_Battery_79,pchp_raw_pooled,1076,0.10535412458151829,0.11228107763479109,0.0,0.0
SDU,SDU/SDU_Battery_8,pchp_raw_pooled,706,0.05854489011893349,0.060757904431316075,0.0,0.0
SDU,SDU/SDU_Battery_80,pchp_raw_pooled,1060,0.10134076350266025,0.10808946963408343,0.0,0.0
SDU,SDU/SDU_Battery_81,pchp_raw_pooled,1186,0.10959906844350496,0.11631329542787404,0.0,0.0
SDU,SDU/SDU_Battery_82,pchp_raw_pooled,1140,0.10566685137540141,0.11236476917301792,0.0,0.0
SDU,SDU/SDU_Battery_83,pchp_raw_pooled,1195,0.09897096032314358,0.10423817970442135,0.0,0.0
SDU,SDU/SDU_Battery_84,pchp_raw_pooled,1131,0.09232940209998297,0.09696625216835043,0.0,0.0
SDU,SDU/SDU_Battery_85,pchp_raw_pooled,1201,0.10798088520113452,0.11341878124477194,0.0,0.0
SDU,SDU/SDU_Battery_86,pchp_raw_pooled,1036,0.09611595305534297,0.10121242182797656,0.0,0.0
SDU,SDU/SDU_Battery_9,pchp_raw_pooled,411,0.03623971466973126,0.041859599455229525,0.0,0.0
SNL,SNL/SNL_18650_LFP_15C_0-100_0.5-2C_b,pchp_raw_pooled,3749,0.07060379426102063,0.07357783548115415,0.0,0.0
SNL,SNL/SNL_18650_LFP_25C_0-100_0.5-0.5C_a,pchp_raw_pooled,3045,0.05965039148390292,0.06125851422812214,0.0,0.0
SNL,SNL/SNL_18650_LFP_25C_0-100_0.5-1C_a,pchp_raw_pooled,3540,0.07583797232195995,0.07770097069193979,0.0,0.0
SNL,SNL/SNL_18650_LFP_25C_0-100_0.5-1C_b,pchp_raw_pooled,3541,0.0773472275530063,0.07915686050838085,0.0,0.0
SNL,SNL/SNL_18650_LFP_25C_0-100_0.5-1C_c,pchp_raw_pooled,3033,0.07921199156290719,0.08075789443529943,0.0,0.0
SNL,SNL/SNL_18650_LFP_25C_0-100_0.5-1C_d,pchp_raw_pooled,3033,0.07957110147214609,0.08110681544550725,0.0,0.0
SNL,SNL/SNL_18650_LFP_25C_0-100_0.5-2C_a,pchp_raw_pooled,3539,0.06792489266027196,0.06928745918934118,0.0,0.0
SNL,SNL/SNL_18650_LFP_25C_0-100_0.5-2C_b,pchp_raw_pooled,4045,0.07626409313260561,0.07826491023723338,0.0,0.0
SNL,SNL/SNL_18650_LFP_25C_0-100_0.5-3C_a,pchp_raw_pooled,4564,0.048912915856940874,0.05506131821233285,0.0,0.0
SNL,SNL/SNL_18650_LFP_25C_0-100_0.5-3C_b,pchp_raw_pooled,4057,0.04610011295056239,0.05168381929462449,0.0,0.0
SNL,SNL/SNL_18650_LFP_25C_0-100_0.5-3C_c,pchp_raw_pooled,3550,0.047093208379154865,0.05563336858652259,0.0,0.0
SNL,SNL/SNL_18650_LFP_25C_0-100_0.5-3C_d,pchp_raw_pooled,4057,0.04534019768313455,0.05126969195658812,0.0,0.0
SNL,SNL/SNL_18650_LFP_35C_0-100_0.5-1C_a,pchp_raw_pooled,3151,0.03209368111089025,0.03473668847820547,0.0,0.0
SNL,SNL/SNL_18650_LFP_35C_0-100_0.5-1C_b,pchp_raw_pooled,3337,0.029402505560658078,0.032747163729106694,0.0,0.0
SNL,SNL/SNL_18650_LFP_35C_0-100_0.5-1C_c,pchp_raw_pooled,3337,0.027654396895504273,0.030241638426732966,0.0,0.0
SNL,SNL/SNL_18650_LFP_35C_0-100_0.5-1C_d,pchp_raw_pooled,3793,0.034611302153702214,0.038618326914794485,0.0,0.0
SNL,SNL/SNL_18650_LFP_35C_0-100_0.5-2C_a,pchp_raw_pooled,3851,0.03265902999857482,0.036425328985546644,0.0,0.0
SNL,SNL/SNL_18650_LFP_35C_0-100_0.5-2C_b,pchp_raw_pooled,3593,0.02841023156335765,0.031690458737252285,0.0,0.0
SNL,SNL/SNL_18650_NCA_15C_0-100_0.5-1C_a,pchp_raw_pooled,517,0.08240233673300969,0.08878632962966324,0.0,0.0
SNL,SNL/SNL_18650_NCA_15C_0-100_0.5-1C_b,pchp_raw_pooled,913,0.044347889498828036,0.04754168437224894,0.0,0.0
SNL,SNL/SNL_18650_NCA_15C_0-100_0.5-2C_a,pchp_raw_pooled,911,0.1326147569003202,0.17089506629434223,0.0,0.0
SNL,SNL/SNL_18650_NCA_15C_0-100_0.5-2C_b,pchp_raw_pooled,779,0.10802061410099478,0.11622880199982749,0.0,0.0
SNL,SNL/SNL_18650_NCA_25C_0-100_0.5-0.5C_a,pchp_raw_pooled,508,0.08837138075264293,0.09875894835133615,0.0,0.0
SNL,SNL/SNL_18650_NCA_25C_0-100_0.5-0.5C_b,pchp_raw_pooled,910,0.2500662694878967,0.2943871807177702,0.0,0.0
SNL,SNL/SNL_18650_NCA_25C_0-100_0.5-1C_a,pchp_raw_pooled,649,0.05614183490895222,0.06660093446268316,0.0,0.0
SNL,SNL/SNL_18650_NCA_25C_0-100_0.5-1C_b,pchp_raw_pooled,517,0.08387864659390942,0.09042481458636902,0.0,0.0
SNL,SNL/SNL_18650_NCA_25C_0-100_0.5-1C_c,pchp_raw_pooled,517,0.07723814647415067,0.08736133631303772,0.0,0.0
SNL,SNL/SNL_18650_NCA_25C_0-100_0.5-1C_d,pchp_raw_pooled,649,0.07556467834883852,0.08335855226773295,0.0,0.0
SNL,SNL/SNL_18650_NCA_25C_0-100_0.5-2C_a,pchp_raw_pooled,781,0.09995458453333558,0.1150330713122883,0.0,0.0
SNL,SNL/SNL_18650_NCA_25C_0-100_0.5-2C_b,pchp_raw_pooled,781,0.07508860253266997,0.0948582346372943,0.0,0.0
SNL,SNL/SNL_18650_NCA_25C_20-80_0.5-0.5C_a,pchp_raw_pooled,1117,0.08547492078521284,0.10397870249294171,0.0,0.0
SNL,SNL/SNL_18650_NCA_25C_20-80_0.5-0.5C_b,pchp_raw_pooled,1244,0.055222471719334025,0.07013576900898717,0.0,0.0
SNL,SNL/SNL_18650_NCA_25C_20-80_0.5-0.5C_c,pchp_raw_pooled,1245,0.07754258023582682,0.0986264962351729,0.0,0.0
SNL,SNL/SNL_18650_NCA_25C_20-80_0.5-0.5C_d,pchp_raw_pooled,1503,0.09315487878196828,0.12126040228977965,0.0,0.0
SNL,SNL/SNL_18650_NCA_35C_0-100_0.5-1C_a,pchp_raw_pooled,510,0.05443218525659124,0.06676764122997614,0.0,0.0
SNL,SNL/SNL_18650_NCA_35C_0-100_0.5-1C_b,pchp_raw_pooled,459,0.06537909715286776,0.08849533277662655,0.0,0.0
SNL,SNL/SNL_18650_NCA_35C_0-100_0.5-1C_c,pchp_raw_pooled,510,0.04238322327401515,0.059289046531986876,0.0,0.0
SNL,SNL/SNL_18650_NCA_35C_0-100_0.5-1C_d,pchp_raw_pooled,649,0.06551288449277058,0.08136513761465336,0.0,0.0
SNL,SNL/SNL_18650_NCA_35C_0-100_0.5-2C_a,pchp_raw_pooled,649,0.11597419887185705,0.13383937539468255,0.0,0.0
SNL,SNL/SNL_18650_NCA_35C_0-100_0.5-2C_b,pchp_raw_pooled,781,0.10864586173548822,0.12230367587012805,0.0,0.0
SNL,SNL/SNL_18650_NMC_15C_0-100_0.5-1C_a,pchp_raw_pooled,508,0.16767386735870182,0.1763920349246704,0.0,0.0
SNL,SNL/SNL_18650_NMC_15C_0-100_0.5-1C_b,pchp_raw_pooled,508,0.12307692879908994,0.13376128889457195,0.0,0.0
SNL,SNL/SNL_18650_NMC_15C_0-100_0.5-2C_a,pchp_raw_pooled,384,0.15891643029615657,0.16868500357693603,0.0,0.0
SNL,SNL/SNL_18650_NMC_15C_0-100_0.5-2C_b,pchp_raw_pooled,384,0.1486419612168261,0.1590875646711669,0.0,0.0
SNL,SNL/SNL_18650_NMC_25C_0-100_0.5-0.5C_b,pchp_raw_pooled,674,0.07906464014036464,0.08407154840544483,0.0,0.0
SNL,SNL/SNL_18650_NMC_25C_0-100_0.5-1C_a,pchp_raw_pooled,516,0.03661547513538056,0.0407977502324241,0.0,0.0
SNL,SNL/SNL_18650_NMC_25C_0-100_0.5-1C_b,pchp_raw_pooled,780,0.028324894431512065,0.03136002894112177,0.0,0.0
SNL,SNL/SNL_18650_NMC_25C_0-100_0.5-1C_c,pchp_raw_pooled,392,0.06683324341725631,0.0701105250793737,0.0,0.0
SNL,SNL/SNL_18650_NMC_25C_0-100_0.5-1C_d,pchp_raw_pooled,524,0.04382135862388559,0.05066720500770995,0.0,0.0
SNL,SNL/SNL_18650_NMC_25C_0-100_0.5-2C_a,pchp_raw_pooled,656,0.0723499440410164,0.07538899193065583,0.0,0.0
SNL,SNL/SNL_18650_NMC_25C_0-100_0.5-2C_b,pchp_raw_pooled,1316,0.04825191815036312,0.05183457562558219,0.0,0.0
SNL,SNL/SNL_18650_NMC_25C_0-100_0.5-3C_a,pchp_raw_pooled,725,0.03628543481030166,0.037979800943609435,0.0,0.0
SNL,SNL/SNL_18650_NMC_25C_0-100_0.5-3C_b,pchp_raw_pooled,547,0.009709911833552097,0.013628768701450425,0.0,0.0
SNL,SNL/SNL_18650_NMC_25C_0-100_0.5-3C_c,pchp_raw_pooled,693,0.013804313188107833,0.015510515092669309,0.0,0.0
SNL,SNL/SNL_18650_NMC_25C_0-100_0.5-3C_d,pchp_raw_pooled,900,0.01196813539284486,0.016696896355865513,0.0,0.0
SNL,SNL/SNL_18650_NMC_35C_0-100_0.5-1C_a,pchp_raw_pooled,781,0.010227870419663176,0.012578664306364049,0.0,0.0
SNL,SNL/SNL_18650_NMC_35C_0-100_0.5-1C_b,pchp_raw_pooled,781,0.008840054165330876,0.01176390889223255,0.0,0.0
SNL,SNL/SNL_18650_NMC_35C_0-100_0.5-1C_c,pchp_raw_pooled,780,0.012216690075738472,0.01449442029281151,0.0,0.0
SNL,SNL/SNL_18650_NMC_35C_0-100_0.5-1C_d,pchp_raw_pooled,781,0.014275273242668031,0.016695218232826537,0.0,0.0
SNL,SNL/SNL_18650_NMC_35C_0-100_0.5-2C_a,pchp_raw_pooled,781,0.025145469539253368,0.02834797282097329,0.0,0.0
SNL,SNL/SNL_18650_NMC_35C_0-100_0.5-2C_b,pchp_raw_pooled,767,0.012359964840259042,0.014184087809604926,0.0,0.0
UL_PUR,UL_PUR/UL-PUR_N10-EX9_18650_NCA_23C_0-100_0.5-0.5C_i,pchp_raw_pooled,189,0.06196543587243484,0.06530876053661003,0.0,0.0
UL_PUR,UL_PUR/UL-PUR_N10-NA7_18650_NCA_23C_0-100_0.5-0.5C_g,pchp_raw_pooled,159,0.017248983469864483,0.020176481696895343,0.0,0.0
UL_PUR,UL_PUR/UL-PUR_N10-OV8_18650_NCA_23C_0-100_0.5-0.5C_h,pchp_raw_pooled,186,0.0665273828186429,0.07115743892588008,0.0,0.0
UL_PUR,UL_PUR/UL-PUR_N15-EX4_18650_NCA_23C_0-100_0.5-0.5C_d,pchp_raw_pooled,219,0.04023038382781814,0.05323818105659574,0.0,0.0
UL_PUR,UL_PUR/UL-PUR_N15-NA10_18650_NCA_23C_0-100_0.5-0.5C_j,pchp_raw_pooled,254,0.017295806726655226,0.022063447290554348,0.0,0.0
UL_PUR,UL_PUR/UL-PUR_N15-OV3_18650_NCA_23C_0-100_0.5-0.5C_c,pchp_raw_pooled,186,0.026759041706773585,0.039189581390904143,0.0,0.0
UL_PUR,UL_PUR/UL-PUR_N20-EX2_18650_NCA_23C_0-100_0.5-0.5C_b,pchp_raw_pooled,304,0.020396654261683096,0.038836706640495405,0.0,0.0
UL_PUR,UL_PUR/UL-PUR_N20-NA5_18650_NCA_23C_0-100_0.5-0.5C_e,pchp_raw_pooled,207,0.04850780372087382,0.07464105795352662,0.0,0.0
UL_PUR,UL_PUR/UL-PUR_N20-NA6_18650_NCA_23C_0-100_0.5-0.5C_f,pchp_raw_pooled,206,0.05387657269338018,0.08163515006060473,0.0,0.0
UL_PUR,UL_PUR/UL-PUR_N20-OV1_18650_NCA_23C_0-100_0.5-0.5C_a,pchp_raw_pooled,285,0.022143555773684345,0.042780864474958366,0.0,0.0
XJTU,XJTU/XJTU_2C_battery-1,pchp_raw_pooled,384,0.14918548856469369,0.1500359734448919,0.0,0.0
XJTU,XJTU/XJTU_2C_battery-2,pchp_raw_pooled,401,0.14873857359672876,0.14966148594417375,0.0,0.0
XJTU,XJTU/XJTU_2C_battery-3,pchp_raw_pooled,387,0.14424362883691583,0.1451276627069262,0.0,0.0
XJTU,XJTU/XJTU_2C_battery-4,pchp_raw_pooled,390,0.15086927018979948,0.15200314277461546,0.0,0.0
XJTU,XJTU/XJTU_2C_battery-5,pchp_raw_pooled,397,0.1277948541600621,0.12900061025591875,0.0,0.0
XJTU,XJTU/XJTU_2C_battery-6,pchp_raw_pooled,402,0.13730318056137897,0.13856262283056245,0.0,0.0
XJTU,XJTU/XJTU_2C_battery-7,pchp_raw_pooled,396,0.10634701900111238,0.10762821417558631,0.0,0.0
XJTU,XJTU/XJTU_2C_battery-8,pchp_raw_pooled,414,0.13853394623711612,0.14002930806087036,0.0,0.0
XJTU,XJTU/XJTU_3C_battery-1,pchp_raw_pooled,293,0.1391367575362382,0.14188847287466194,0.0,0.0
XJTU,XJTU/XJTU_3C_battery-10,pchp_raw_pooled,158,0.11762003832943979,0.12077912713509738,0.0,0.0
XJTU,XJTU/XJTU_3C_battery-11,pchp_raw_pooled,125,0.1090447073384734,0.11321199622712108,0.0,0.0
XJTU,XJTU/XJTU_3C_battery-12,pchp_raw_pooled,206,0.1409516221481098,0.1429078716436019,0.0,0.0
XJTU,XJTU/XJTU_3C_battery-13,pchp_raw_pooled,220,0.14371401628258568,0.14596990094568638,0.0,0.0
XJTU,XJTU/XJTU_3C_battery-14,pchp_raw_pooled,141,0.11677781652890878,0.12025650868928052,0.0,0.0
XJTU,XJTU/XJTU_3C_battery-15,pchp_raw_pooled,162,0.12014228628481492,0.12280128214478815,0.0,0.0
XJTU,XJTU/XJTU_3C_battery-2,pchp_raw_pooled,286,0.13825001200677506,0.14090359400383964,0.0,0.0
XJTU,XJTU/XJTU_3C_battery-3,pchp_raw_pooled,280,0.13953270309097565,0.14362703757825018,0.0,0.0
XJTU,XJTU/XJTU_3C_battery-4,pchp_raw_pooled,316,0.13201068728259652,0.1347061022302476,0.0,0.0
XJTU,XJTU/XJTU_3C_battery-5,pchp_raw_pooled,291,0.13408392206794983,0.13718128808940233,0.0,0.0
XJTU,XJTU/XJTU_3C_battery-6,pchp_raw_pooled,316,0.14386806675111039,0.14669895477141234,0.0,0.0
XJTU,XJTU/XJTU_3C_battery-7,pchp_raw_pooled,313,0.14252849501641587,0.1466920998741956,0.0,0.0
XJTU,XJTU/XJTU_3C_battery-8,pchp_raw_pooled,264,0.14121162594000516,0.1431776958844186,0.0,0.0
XJTU,XJTU/XJTU_3C_battery-9,pchp_raw_pooled,281,0.14682360886241536,0.14879944290569333,0.0,0.0
CALB,CALB/CALB_0_B182,pchp_raw_domain_equal,94,0.09003014673903027,0.09049725787548407,0.0,0.0
CALB,CALB/CALB_0_B183,pchp_raw_domain_equal,94,0.07770406334881685,0.07906048147229339,0.0,0.0
CALB,CALB/CALB_0_B184,pchp_raw_domain_equal,94,0.061911582019399204,0.06254472035770547,0.0,0.0
CALB,CALB/CALB_0_B185,pchp_raw_domain_equal,94,0.06306061688227799,0.06337855514247077,0.0,0.0
CALB,CALB/CALB_0_B187,pchp_raw_domain_equal,94,0.06156728875680222,0.06193324546319171,0.0,0.0
CALB,CALB/CALB_0_B188,pchp_raw_domain_equal,202,0.0610250462425647,0.06648548102489253,0.0,0.0
CALB,CALB/CALB_0_B189,pchp_raw_domain_equal,94,0.057633223895193715,0.0580194360395915,0.0,0.0
CALB,CALB/CALB_0_B190,pchp_raw_domain_equal,94,0.08578534815835358,0.08699961559062429,0.0,0.0
CALB,CALB/CALB_25_T25-1,pchp_raw_domain_equal,93,0.03435762072622135,0.034371519358749554,0.0,0.0
CALB,CALB/CALB_25_T25-2,pchp_raw_domain_equal,93,0.04083798732800833,0.04085465605539562,0.0,0.0
CALB,CALB/CALB_35_B173,pchp_raw_domain_equal,93,0.04146232456662092,0.04161951577241063,0.0,0.0
CALB,CALB/CALB_35_B174,pchp_raw_domain_equal,93,0.04385304365418687,0.04398264179133548,0.0,0.0
CALB,CALB/CALB_35_B175,pchp_raw_domain_equal,93,0.04546955092291381,0.04557898285111978,0.0,0.0
CALB,CALB/CALB_35_B222,pchp_raw_domain_equal,93,0.04225217333981432,0.0423992382704788,0.0,0.0
CALB,CALB/CALB_35_B223,pchp_raw_domain_equal,93,0.04088901944807745,0.0410175920123261,0.0,0.0
CALB,CALB/CALB_35_B224,pchp_raw_domain_equal,93,0.04060874554834511,0.04078777190829277,0.0,0.0
CALB,CALB/CALB_35_B227,pchp_raw_domain_equal,93,0.04205873336775642,0.042207458625892216,0.0,0.0
CALB,CALB/CALB_35_B228,pchp_raw_domain_equal,93,0.04490993699845284,0.045088087116163765,0.0,0.0
CALB,CALB/CALB_35_B229,pchp_raw_domain_equal,93,0.042223286857123066,0.04239102986404819,0.0,0.0
CALB,CALB/CALB_35_B230,pchp_raw_domain_equal,93,0.04180712301508281,0.04200230521201195,0.0,0.0
CALB,CALB/CALB_35_B247,pchp_raw_domain_equal,93,0.27193982617589035,0.2720045748831122,0.0,0.0
CALB,CALB/CALB_35_B248,pchp_raw_domain_equal,93,0.04389266888742182,0.04401016298197187,0.0,0.0
CALB,CALB/CALB_35_B249,pchp_raw_domain_equal,93,0.0431414129721762,0.04325808661143742,0.0,0.0
CALB,CALB/CALB_35_B250,pchp_raw_domain_equal,93,0.04149850249242462,0.04166916202903465,0.0,0.0
CALB,CALB/CALB_45_B253,pchp_raw_domain_equal,94,0.04988940194040863,0.05005209626668252,0.0,0.0
CALB,CALB/CALB_45_B255,pchp_raw_domain_equal,94,0.05254233254325747,0.0527004718221245,0.0,0.0
CALB,CALB/CALB_45_B256,pchp_raw_domain_equal,93,0.053308097340402275,0.053567790532067935,0.0,0.0
CALCE,CALCE/CALCE_CS2_33,pchp_raw_domain_equal,655,0.07353138035640482,0.14903105272098505,0.0,0.0
CALCE,CALCE/CALCE_CS2_34,pchp_raw_domain_equal,627,0.03474738641514471,0.05540461536185761,0.0,0.0
CALCE,CALCE/CALCE_CS2_35,pchp_raw_domain_equal,775,0.06778372639014105,0.11609586838816759,0.0,0.0
CALCE,CALCE/CALCE_CS2_36,pchp_raw_domain_equal,827,0.08937125693156689,0.1540889527406928,0.0,0.0
CALCE,CALCE/CALCE_CS2_37,pchp_raw_domain_equal,900,0.075769390956249,0.13056446701747418,0.0,0.0
CALCE,CALCE/CALCE_CS2_38,pchp_raw_domain_equal,898,0.06999870253586671,0.11678933507131198,0.0,0.0
CALCE,CALCE/CALCE_CX2_16,pchp_raw_domain_equal,1274,0.06611817527511642,0.07878581454619549,0.0,0.0
CALCE,CALCE/CALCE_CX2_33,pchp_raw_domain_equal,1266,0.03739150480203146,0.048272357270892394,0.0,0.0
CALCE,CALCE/CALCE_CX2_34,pchp_raw_domain_equal,1358,0.03510719052404204,0.05081567853443499,0.0,0.0
CALCE,CALCE/CALCE_CX2_35,pchp_raw_domain_equal,1449,0.03431575275919658,0.05383141744775156,0.0,0.0
CALCE,CALCE/CALCE_CX2_36,pchp_raw_domain_equal,1563,0.041103296156025045,0.05400107221662389,0.0,0.0
CALCE,CALCE/CALCE_CX2_37,pchp_raw_domain_equal,1067,0.02602320432644471,0.03253594039157033,0.0,0.0
CALCE,CALCE/CALCE_CX2_38,pchp_raw_domain_equal,1574,0.05927533943838449,0.08366393252901748,0.0,0.0
HNEI,HNEI/HNEI_18650_NMC_LCO_25C_0-100_0.5-1.5C_a,pchp_raw_domain_equal,1081,0.19341872616742725,0.2410459228216639,0.0,0.0
HNEI,HNEI/HNEI_18650_NMC_LCO_25C_0-100_0.5-1.5C_b,pchp_raw_domain_equal,1074,0.037279391277183646,0.04379274091081156,0.0,0.0
HNEI,HNEI/HNEI_18650_NMC_LCO_25C_0-100_0.5-1.5C_c,pchp_raw_domain_equal,1076,0.04800112123502815,0.05131555714233789,0.0,0.0
HNEI,HNEI/HNEI_18650_NMC_LCO_25C_0-100_0.5-1.5C_d,pchp_raw_domain_equal,1076,0.049829906813063186,0.05293749855872624,0.0,0.0
HNEI,HNEI/HNEI_18650_NMC_LCO_25C_0-100_0.5-1.5C_e,pchp_raw_domain_equal,1101,0.04948104069067722,0.0540971225343212,0.0,0.0
HNEI,HNEI/HNEI_18650_NMC_LCO_25C_0-100_0.5-1.5C_f,pchp_raw_domain_equal,1069,0.06608222972471893,0.07198453407210754,0.0,0.0
HNEI,HNEI/HNEI_18650_NMC_LCO_25C_0-100_0.5-1.5C_g,pchp_raw_domain_equal,1076,0.06524601000607011,0.07140706093614206,0.0,0.0
HNEI,HNEI/HNEI_18650_NMC_LCO_25C_0-100_0.5-1.5C_j,pchp_raw_domain_equal,1070,0.05018991484866377,0.05413937680252058,0.0,0.0
HNEI,HNEI/HNEI_18650_NMC_LCO_25C_0-100_0.5-1.5C_l,pchp_raw_domain_equal,1076,0.05807457489435661,0.06369608263402055,0.0,0.0
HNEI,HNEI/HNEI_18650_NMC_LCO_25C_0-100_0.5-1.5C_n,pchp_raw_domain_equal,1076,0.04540680135208533,0.04811303888184562,0.0,0.0
HNEI,HNEI/HNEI_18650_NMC_LCO_25C_0-100_0.5-1.5C_o,pchp_raw_domain_equal,1076,0.017514397530868992,0.02379140064320083,0.0,0.0
HNEI,HNEI/HNEI_18650_NMC_LCO_25C_0-100_0.5-1.5C_p,pchp_raw_domain_equal,1074,0.017465457663872717,0.021285486536850393,0.0,0.0
HNEI,HNEI/HNEI_18650_NMC_LCO_25C_0-100_0.5-1.5C_s,pchp_raw_domain_equal,1082,0.0495678293119122,0.052167621269910314,0.0,0.0
HNEI,HNEI/HNEI_18650_NMC_LCO_25C_0-100_0.5-1.5C_t,pchp_raw_domain_equal,1078,0.04878961939410343,0.05443640427451291,0.0,0.0
HUST,HUST/HUST_1-1,pchp_raw_domain_equal,1499,0.028133597328554808,0.039347403936596255,0.0,0.0
HUST,HUST/HUST_1-2,pchp_raw_domain_equal,2673,0.03517894915558324,0.048493813892920824,0.0,0.0
HUST,HUST/HUST_1-3,pchp_raw_domain_equal,1853,0.04200947223811904,0.04742321693337581,0.0,0.0
HUST,HUST/HUST_1-4,pchp_raw_domain_equal,1495,0.04023862910963353,0.04658616023250539,0.0,0.0
HUST,HUST/HUST_1-5,pchp_raw_domain_equal,1966,0.04294787598153014,0.047264636215647166,0.0,0.0
HUST,HUST/HUST_1-6,pchp_raw_domain_equal,1138,0.034419537615813116,0.051169159916486996,0.0,0.0
HUST,HUST/HUST_1-7,pchp_raw_domain_equal,1673,0.028548529725546248,0.04254861602515663,0.0,0.0
HUST,HUST/HUST_1-8,pchp_raw_domain_equal,2280,0.03280287277703998,0.04516921578354385,0.0,0.0
HUST,HUST/HUST_10-1,pchp_raw_domain_equal,1697,0.029996107414074744,0.044004082327033046,0.0,0.0
HUST,HUST/HUST_10-2,pchp_raw_domain_equal,1692,0.036639768170686836,0.05067108993403441,0.0,0.0
HUST,HUST/HUST_10-3,pchp_raw_domain_equal,1843,0.033076324940242596,0.04911529586868739,0.0,0.0
HUST,HUST/HUST_10-4,pchp_raw_domain_equal,1806,0.036500742539303015,0.043894353154117174,0.0,0.0
HUST,HUST/HUST_10-5,pchp_raw_domain_equal,2025,0.03825290142069269,0.045446329279324675,0.0,0.0
HUST,HUST/HUST_10-6,pchp_raw_domain_equal,2280,0.03681586178444109,0.05474597361973344,0.0,0.0
HUST,HUST/HUST_10-7,pchp_raw_domain_equal,1778,0.03610075854611387,0.04404866365366653,0.0,0.0
HUST,HUST/HUST_10-8,pchp_raw_domain_equal,1395,0.02831746435361427,0.044239072007932735,0.0,0.0
HUST,HUST/HUST_2-2,pchp_raw_domain_equal,2646,0.03194576053713876,0.048173602913394294,0.0,0.0
HUST,HUST/HUST_2-3,pchp_raw_domain_equal,1746,0.041225049332012785,0.04672868413152611,0.0,0.0
HUST,HUST/HUST_2-4,pchp_raw_domain_equal,1494,0.027912670381888882,0.043472547912741445,0.0,0.0
HUST,HUST/HUST_2-5,pchp_raw_domain_equal,1381,0.04000795001635571,0.04410660273192929,0.0,0.0
HUST,HUST/HUST_2-6,pchp_raw_domain_equal,1567,0.03653024070701207,0.0440654862726091,0.0,0.0
HUST,HUST/HUST_2-7,pchp_raw_domain_equal,2197,0.037748937321583624,0.044345652323047546,0.0,0.0
HUST,HUST/HUST_2-8,pchp_raw_domain_equal,1476,0.030589048998247485,0.04701421533822058,0.0,0.0
HUST,HUST/HUST_3-1,pchp_raw_domain_equal,1933,0.03782795386074208,0.046848151680728145,0.0,0.0
HUST,HUST/HUST_3-2,pchp_raw_domain_equal,2278,0.0392313719070976,0.04844363441997765,0.0,0.0
HUST,HUST/HUST_3-3,pchp_raw_domain_equal,1644,0.035673909618934005,0.045745925768406755,0.0,0.0
HUST,HUST/HUST_3-4,pchp_raw_domain_equal,1761,0.03077335082225228,0.04484727681395698,0.0,0.0
HUST,HUST/HUST_3-5,pchp_raw_domain_equal,2652,0.03953275873271945,0.05890908219045354,0.0,0.0
HUST,HUST/HUST_3-6,pchp_raw_domain_equal,2486,0.03938312043381705,0.04750401090999681,0.0,0.0
HUST,HUST/HUST_3-7,pchp_raw_domain_equal,2474,0.035208758734489524,0.04922205458966653,0.0,0.0
HUST,HUST/HUST_3-8,pchp_raw_domain_equal,2337,0.038212045850829955,0.048295894163221956,0.0,0.0
HUST,HUST/HUST_4-1,pchp_raw_domain_equal,2212,0.033862667830234,0.04995383935443856,0.0,0.0
HUST,HUST/HUST_4-2,pchp_raw_domain_equal,1777,0.03562695971460401,0.04308284795839883,0.0,0.0
HUST,HUST/HUST_4-3,pchp_raw_domain_equal,1137,0.02455805228532319,0.039503072277516316,0.0,0.0
HUST,HUST/HUST_4-4,pchp_raw_domain_equal,1486,0.0268030432261293,0.040032234971889784,0.0,0.0
HUST,HUST/HUST_4-5,pchp_raw_domain_equal,1556,0.03074188188077083,0.046909278155777674,0.0,0.0
HUST,HUST/HUST_4-6,pchp_raw_domain_equal,1375,0.029158430299317136,0.04414997085031677,0.0,0.0
HUST,HUST/HUST_4-7,pchp_raw_domain_equal,2211,0.0357633095877603,0.05185429293550162,0.0,0.0
HUST,HUST/HUST_4-8,pchp_raw_domain_equal,1701,0.03829436918213572,0.04544443157334803,0.0,0.0
HUST,HUST/HUST_5-1,pchp_raw_domain_equal,2502,0.0354343453569003,0.04788872418926428,0.0,0.0
HUST,HUST/HUST_5-2,pchp_raw_domain_equal,1921,0.04030118801863138,0.04623888506320279,0.0,0.0
HUST,HUST/HUST_5-3,pchp_raw_domain_equal,2684,0.034237232615921806,0.0462003988766959,0.0,0.0
HUST,HUST/HUST_5-4,pchp_raw_domain_equal,1957,0.03305916039384648,0.04158846953410007,0.0,0.0
HUST,HUST/HUST_5-5,pchp_raw_domain_equal,1578,0.042129098710024,0.0459777359636851,0.0,0.0
HUST,HUST/HUST_5-6,pchp_raw_domain_equal,2455,0.03523177302603174,0.047871387797008745,0.0,0.0
HUST,HUST/HUST_5-7,pchp_raw_domain_equal,1443,0.026074012040664618,0.040158745809314805,0.0,0.0
HUST,HUST/HUST_6-1,pchp_raw_domain_equal,1604,0.02909189660753876,0.03980698474638454,0.0,0.0
HUST,HUST/HUST_6-2,pchp_raw_domain_equal,1903,0.04416450405815042,0.04889149577251281,0.0,0.0
HUST,HUST/HUST_6-3,pchp_raw_domain_equal,1799,0.037961354156983484,0.04579134933680442,0.0,0.0
HUST,HUST/HUST_6-4,pchp_raw_domain_equal,1712,0.02875945202511943,0.04307551169704098,0.0,0.0
HUST,HUST/HUST_6-5,pchp_raw_domain_equal,2173,0.03424535049290004,0.043810495943512696,0.0,0.0
HUST,HUST/HUST_6-6,pchp_raw_domain_equal,2463,0.04726157870799096,0.05184178307907735,0.0,0.0
HUST,HUST/HUST_6-8,pchp_raw_domain_equal,2445,0.03686140899532793,0.05458856782788205,0.0,0.0
HUST,HUST/HUST_7-1,pchp_raw_domain_equal,1685,0.034534416799142736,0.05072299505892818,0.0,0.0
HUST,HUST/HUST_7-2,pchp_raw_domain_equal,2025,0.035866293507871204,0.05154027433627652,0.0,0.0
HUST,HUST/HUST_7-3,pchp_raw_domain_equal,1290,0.024007021981189917,0.03674412134644857,0.0,0.0
HUST,HUST/HUST_7-4,pchp_raw_domain_equal,1388,0.025372193629400727,0.0368822435334127,0.0,0.0
HUST,HUST/HUST_7-5,pchp_raw_domain_equal,1868,0.03451797011595422,0.04349774956026156,0.0,0.0
HUST,HUST/HUST_7-6,pchp_raw_domain_equal,1414,0.02616801422424966,0.03935259494396968,0.0,0.0
HUST,HUST/HUST_7-7,pchp_raw_domain_equal,1680,0.02844076930075756,0.041281075780422304,0.0,0.0
HUST,HUST/HUST_7-8,pchp_raw_domain_equal,1933,0.037507818932564746,0.04407924513417935,0.0,0.0
HUST,HUST/HUST_8-1,pchp_raw_domain_equal,1303,0.02553354615776727,0.03856683710988103,0.0,0.0
HUST,HUST/HUST_8-2,pchp_raw_domain_equal,2036,0.029229631699689607,0.04557632621316832,0.0,0.0
HUST,HUST/HUST_8-3,pchp_raw_domain_equal,2285,0.03815712596781439,0.045656872650352585,0.0,0.0
HUST,HUST/HUST_8-4,pchp_raw_domain_equal,1880,0.029348411029392604,0.042041200580905665,0.0,0.0
HUST,HUST/HUST_8-5,pchp_raw_domain_equal,1343,0.026040499315651652,0.03760580483675123,0.0,0.0
HUST,HUST/HUST_8-6,pchp_raw_domain_equal,2360,0.0335903743650505,0.050152873542546876,0.0,0.0
HUST,HUST/HUST_8-7,pchp_raw_domain_equal,2042,0.03313784080017446,0.04474559728937252,0.0,0.0
HUST,HUST/HUST_8-8,pchp_raw_domain_equal,1674,0.036553015074447213,0.04507258173850547,0.0,0.0
HUST,HUST/HUST_9-1,pchp_raw_domain_equal,2052,0.03912942654378669,0.05157782549216539,0.0,0.0
HUST,HUST/HUST_9-2,pchp_raw_domain_equal,2138,0.03785924684272539,0.04602341515984362,0.0,0.0
HUST,HUST/HUST_9-3,pchp_raw_domain_equal,1900,0.03810348873617939,0.04787749532368142,0.0,0.0
HUST,HUST/HUST_9-4,pchp_raw_domain_equal,1970,0.03852329648463996,0.0495906417754785,0.0,0.0
HUST,HUST/HUST_9-5,pchp_raw_domain_equal,2163,0.03786585970420461,0.047465009270959785,0.0,0.0
HUST,HUST/HUST_9-6,pchp_raw_domain_equal,1737,0.035744590006479116,0.04829965632509189,0.0,0.0
HUST,HUST/HUST_9-7,pchp_raw_domain_equal,2007,0.037462881621488406,0.046354006970984116,0.0,0.0
HUST,HUST/HUST_9-8,pchp_raw_domain_equal,2303,0.03999365053796047,0.04697453377266644,0.0,0.0
MATR,MATR/MATR_b1c0,pchp_raw_domain_equal,1843,0.048017143429677014,0.05452043344608281,0.0,0.0
MATR,MATR/MATR_b1c1,pchp_raw_domain_equal,2153,0.05548699573171212,0.06140526721075373,0.0,0.0
MATR,MATR/MATR_b1c11,pchp_raw_domain_equal,781,0.07100691594073429,0.0776149520889292,0.0,0.0
MATR,MATR/MATR_b1c14,pchp_raw_domain_equal,873,0.07011837365463411,0.07679233297182243,0.0,0.0
MATR,MATR/MATR_b1c15,pchp_raw_domain_equal,712,0.06738400996651085,0.07358639065908337,0.0,0.0
MATR,MATR/MATR_b1c16,pchp_raw_domain_equal,855,0.05990968690381399,0.065461267160532,0.0,0.0
MATR,MATR/MATR_b1c17,pchp_raw_domain_equal,850,0.06030399176719783,0.06578871559906785,0.0,0.0
MATR,MATR/MATR_b1c18,pchp_raw_domain_equal,683,0.051058016379125055,0.053474372787658764,0.0,0.0
MATR,MATR/MATR_b1c19,pchp_raw_domain_equal,781,0.06020093828341065,0.06510975756517585,0.0,0.0
MATR,MATR/MATR_b1c2,pchp_raw_domain_equal,2229,0.054807411830825166,0.06077601082646644,0.0,0.0
MATR,MATR/MATR_b1c20,pchp_raw_domain_equal,526,0.029726589490705155,0.031854397482556626,0.0,0.0
MATR,MATR/MATR_b1c21,pchp_raw_domain_equal,552,0.041424437472578214,0.04398369932017266,0.0,0.0
MATR,MATR/MATR_b1c23,pchp_raw_domain_equal,1007,0.07354010601997178,0.08024426228778994,0.0,0.0
MATR,MATR/MATR_b1c24,pchp_raw_domain_equal,1010,0.08709741319431274,0.0925808626523457,0.0,0.0
MATR,MATR/MATR_b1c25,pchp_raw_domain_equal,847,0.07936925692448499,0.085769703795545,0.0,0.0
MATR,MATR/MATR_b1c26,pchp_raw_domain_equal,863,0.06252546315821868,0.06825502207382231,0.0,0.0
MATR,MATR/MATR_b1c27,pchp_raw_domain_equal,835,0.06403201801646034,0.06983926996616839,0.0,0.0
MATR,MATR/MATR_b1c28,pchp_raw_domain_equal,853,0.07860966990708836,0.0839199972307236,0.0,0.0
MATR,MATR/MATR_b1c29,pchp_raw_domain_equal,910,0.0807569662565314,0.0859310920026565,0.0,0.0
MATR,MATR/MATR_b1c3,pchp_raw_domain_equal,1427,0.05237708261227736,0.05803093865041146,0.0,0.0
MATR,MATR/MATR_b1c30,pchp_raw_domain_equal,701,0.05861806665721448,0.06378214336625405,0.0,0.0
MATR,MATR/MATR_b1c31,pchp_raw_domain_equal,869,0.06215082724364796,0.06784599365208671,0.0,0.0
MATR,MATR/MATR_b1c32,pchp_raw_domain_equal,724,0.07022477911767072,0.07463208697462884,0.0,0.0
MATR,MATR/MATR_b1c33,pchp_raw_domain_equal,750,0.06996614752756776,0.07456051380728385,0.0,0.0
MATR,MATR/MATR_b1c34,pchp_raw_domain_equal,735,0.07366444719635992,0.07861150390855037,0.0,0.0
MATR,MATR/MATR_b1c35,pchp_raw_domain_equal,695,0.07053954267817855,0.07563992385297336,0.0,0.0
MATR,MATR/MATR_b1c36,pchp_raw_domain_equal,697,0.07550641764785655,0.08039190539276027,0.0,0.0
MATR,MATR/MATR_b1c37,pchp_raw_domain_equal,640,0.07265980298324146,0.07718559981166499,0.0,0.0
MATR,MATR/MATR_b1c38,pchp_raw_domain_equal,610,0.05925650076043687,0.06282299696646826,0.0,0.0
MATR,MATR/MATR_b1c39,pchp_raw_domain_equal,618,0.059642310631596425,0.06350649654825448,0.0,0.0
MATR,MATR/MATR_b1c4,pchp_raw_domain_equal,1702,0.05305606351180244,0.058977263523446816,0.0,0.0
MATR,MATR/MATR_b1c40,pchp_raw_domain_equal,959,0.07777549370355559,0.08390000941432686,0.0,0.0
MATR,MATR/MATR_b1c41,pchp_raw_domain_equal,1044,0.08300431020111802,0.08839010341395866,0.0,0.0
MATR,MATR/MATR_b1c42,pchp_raw_domain_equal,695,0.06503070618331659,0.07036500027100147,0.0,0.0
MATR,MATR/MATR_b1c43,pchp_raw_domain_equal,644,0.06165441447219294,0.06620234227665159,0.0,0.0
MATR,MATR/MATR_b1c44,pchp_raw_domain_equal,608,0.06341308874873718,0.06927874055473247,0.0,0.0
MATR,MATR/MATR_b1c45,pchp_raw_domain_equal,592,0.06121923884268696,0.06731121923710014,0.0,0.0
MATR,MATR/MATR_b1c5,pchp_raw_domain_equal,1067,0.049954900110091585,0.05485330674100084,0.0,0.0
MATR,MATR/MATR_b1c6,pchp_raw_domain_equal,629,0.03612537537013378,0.03936796155016538,0.0,0.0
MATR,MATR/MATR_b1c7,pchp_raw_domain_equal,863,0.04324413697785604,0.04706576095051171,0.0,0.0
MATR,MATR/MATR_b1c9,pchp_raw_domain_equal,1046,0.0670741702414272,0.07360380355337628,0.0,0.0
MATR,MATR/MATR_b2c0,pchp_raw_domain_equal,320,0.028303613152878236,0.038285621207611954,0.0,0.0
MATR,MATR/MATR_b2c1,pchp_raw_domain_equal,164,0.057652867077220324,0.07439088425464493,0.0,0.0
MATR,MATR/MATR_b2c10,pchp_raw_domain_equal,590,0.028894571777085643,0.035675358315191634,0.0,0.0
MATR,MATR/MATR_b2c11,pchp_raw_domain_equal,499,0.026945094856098896,0.03550386398033916,0.0,0.0
MATR,MATR/MATR_b2c12,pchp_raw_domain_equal,484,0.02294253239326866,0.035930865429109796,0.0,0.0
MATR,MATR/MATR_b2c13,pchp_raw_domain_equal,514,0.028478506118524084,0.040570702004634134,0.0,0.0
MATR,MATR/MATR_b2c14,pchp_raw_domain_equal,503,0.03335064819094315,0.039933789668696484,0.0,0.0
MATR,MATR/MATR_b2c17,pchp_raw_domain_equal,519,0.03329115418730218,0.040059172557801614,0.0,0.0
MATR,MATR/MATR_b2c18,pchp_raw_domain_equal,517,0.024344768710772895,0.03395514028107529,0.0,0.0
MATR,MATR/MATR_b2c19,pchp_raw_domain_equal,483,0.015245511627398099,0.027370588323216295,0.0,0.0
MATR,MATR/MATR_b2c2,pchp_raw_domain_equal,458,0.0442249543909837,0.04822761588089956,0.0,0.0
MATR,MATR/MATR_b2c20,pchp_raw_domain_equal,525,0.03281846253181143,0.04023501496090179,0.0,0.0
MATR,MATR/MATR_b2c21,pchp_raw_domain_equal,514,0.02666211723530529,0.03629464267205463,0.0,0.0
MATR,MATR/MATR_b2c22,pchp_raw_domain_equal,534,0.03240218949135889,0.03917786020201018,0.0,0.0
MATR,MATR/MATR_b2c23,pchp_raw_domain_equal,556,0.028250863950822505,0.03632322578923435,0.0,0.0
MATR,MATR/MATR_b2c24,pchp_raw_domain_equal,518,0.031184889387532617,0.038042818914806834,0.0,0.0
MATR,MATR/MATR_b2c25,pchp_raw_domain_equal,481,0.022851031382043606,0.03328049399472163,0.0,0.0
MATR,MATR/MATR_b2c26,pchp_raw_domain_equal,492,0.0237941223434467,0.0346320520351813,0.0,0.0
MATR,MATR/MATR_b2c27,pchp_raw_domain_equal,489,0.0306806882223846,0.03716938030723432,0.0,0.0
MATR,MATR/MATR_b2c28,pchp_raw_domain_equal,535,0.031900450897679,0.039534782161016295,0.0,0.0
MATR,MATR/MATR_b2c29,pchp_raw_domain_equal,516,0.03736749735650931,0.04249048941077229,0.0,0.0
MATR,MATR/MATR_b2c3,pchp_raw_domain_equal,355,0.027335343545079754,0.03832459414859053,0.0,0.0
MATR,MATR/MATR_b2c30,pchp_raw_domain_equal,501,0.0323996045255466,0.03771330540929667,0.0,0.0
MATR,MATR/MATR_b2c31,pchp_raw_domain_equal,513,0.035492320076033666,0.04101326486576118,0.0,0.0
MATR,MATR/MATR_b2c32,pchp_raw_domain_equal,538,0.03816087356755785,0.04261297329718932,0.0,0.0
MATR,MATR/MATR_b2c33,pchp_raw_domain_equal,540,0.04068101567385704,0.04542250413563404,0.0,0.0
MATR,MATR/MATR_b2c34,pchp_raw_domain_equal,520,0.04303745739134982,0.04678553829498681,0.0,0.0
MATR,MATR/MATR_b2c35,pchp_raw_domain_equal,480,0.038193281173860276,0.042230865421375184,0.0,0.0
MATR,MATR/MATR_b2c36,pchp_raw_domain_equal,554,0.039233410421757514,0.04313092775596254,0.0,0.0
MATR,MATR/MATR_b2c37,pchp_raw_domain_equal,496,0.040066260786149284,0.044320853975660233,0.0,0.0
MATR,MATR/MATR_b2c38,pchp_raw_domain_equal,481,0.03794736523313031,0.0418867975426135,0.0,0.0
MATR,MATR/MATR_b2c39,pchp_raw_domain_equal,474,0.04487142726588161,0.049356459832524485,0.0,0.0
MATR,MATR/MATR_b2c4,pchp_raw_domain_equal,465,0.025853989184485733,0.03586230452706154,0.0,0.0
MATR,MATR/MATR_b2c40,pchp_raw_domain_equal,524,0.027805599498963,0.035368617791126856,0.0,0.0
MATR,MATR/MATR_b2c41,pchp_raw_domain_equal,446,0.03503428100539187,0.03972038430900324,0.0,0.0
MATR,MATR/MATR_b2c42,pchp_raw_domain_equal,486,0.03343512611120803,0.038050238960689535,0.0,0.0
MATR,MATR/MATR_b2c43,pchp_raw_domain_equal,481,0.03488128771087693,0.038315428820195854,0.0,0.0
MATR,MATR/MATR_b2c44,pchp_raw_domain_equal,472,0.038380566485338524,0.0419842032018725,0.0,0.0
MATR,MATR/MATR_b2c45,pchp_raw_domain_equal,508,0.032945360765800985,0.03761883704921612,0.0,0.0
MATR,MATR/MATR_b2c46,pchp_raw_domain_equal,443,0.037221680092485686,0.0410357441030785,0.0,0.0
MATR,MATR/MATR_b2c47,pchp_raw_domain_equal,739,0.03916027014814156,0.04182462188457185,0.0,0.0
MATR,MATR/MATR_b2c5,pchp_raw_domain_equal,501,0.03427538045740132,0.04025733411479944,0.0,0.0
MATR,MATR/MATR_b2c6,pchp_raw_domain_equal,539,0.016195309746410327,0.029825502324963477,0.0,0.0
MATR,MATR/MATR_b3c0,pchp_raw_domain_equal,1002,0.037148898048567254,0.040805631640850645,0.0,0.0
MATR,MATR/MATR_b3c1,pchp_raw_domain_equal,1056,0.04523809889749516,0.048887197521055484,0.0,0.0
MATR,MATR/MATR_b3c10,pchp_raw_domain_equal,1071,0.04233285681941186,0.047430521096579165,0.0,0.0
MATR,MATR/MATR_b3c11,pchp_raw_domain_equal,810,0.0306350331010971,0.03385913471084734,0.0,0.0
MATR,MATR/MATR_b3c12,pchp_raw_domain_equal,925,0.04224154228427061,0.046272217456643144,0.0,0.0
MATR,MATR/MATR_b3c13,pchp_raw_domain_equal,809,0.02962929601067119,0.03282023821594887,0.0,0.0
MATR,MATR/MATR_b3c14,pchp_raw_domain_equal,851,0.03885685826373658,0.042813471568791,0.0,0.0
MATR,MATR/MATR_b3c15,pchp_raw_domain_equal,869,0.03563972698941825,0.03916702990748978,0.0,0.0
MATR,MATR/MATR_b3c16,pchp_raw_domain_equal,1631,0.04824005934645449,0.053599268243447185,0.0,0.0
MATR,MATR/MATR_b3c17,pchp_raw_domain_equal,1308,0.046159923318090886,0.050961373045308705,0.0,0.0
MATR,MATR/MATR_b3c18,pchp_raw_domain_equal,1139,0.039433104924224055,0.04327096050186939,0.0,0.0
MATR,MATR/MATR_b3c19,pchp_raw_domain_equal,1148,0.042490113471025166,0.04673867141164283,0.0,0.0
MATR,MATR/MATR_b3c20,pchp_raw_domain_equal,806,0.03186465503419178,0.035180676106633085,0.0,0.0
MATR,MATR/MATR_b3c21,pchp_raw_domain_equal,765,0.020906729957865855,0.02331325526196801,0.0,0.0
MATR,MATR/MATR_b3c22,pchp_raw_domain_equal,995,0.07005136549773999,0.07460595882125134,0.0,0.0
MATR,MATR/MATR_b3c24,pchp_raw_domain_equal,818,0.03170808232378898,0.034587945390849056,0.0,0.0
MATR,MATR/MATR_b3c25,pchp_raw_domain_equal,982,0.045510399370037445,0.049446340964239416,0.0,0.0
MATR,MATR/MATR_b3c26,pchp_raw_domain_equal,1021,0.041286875647485226,0.04545834221635229,0.0,0.0
MATR,MATR/MATR_b3c27,pchp_raw_domain_equal,843,0.03718909610362483,0.04094016576074333,0.0,0.0
MATR,MATR/MATR_b3c28,pchp_raw_domain_equal,534,0.012899207966119068,0.01751933996276416,0.0,0.0
MATR,MATR/MATR_b3c29,pchp_raw_domain_equal,851,0.036148050544499384,0.039803622835962026,0.0,0.0
MATR,MATR/MATR_b3c3,pchp_raw_domain_equal,1108,0.046410312495763,0.050274490026380694,0.0,0.0
MATR,MATR/MATR_b3c30,pchp_raw_domain_equal,928,0.0426496016095254,0.04695597756060631,0.0,0.0
MATR,MATR/MATR_b3c31,pchp_raw_domain_equal,724,0.0548852369778701,0.05932561409506536,0.0,0.0
MATR,MATR/MATR_b3c33,pchp_raw_domain_equal,1277,0.041959108967189,0.046617337437278285,0.0,0.0
MATR,MATR/MATR_b3c34,pchp_raw_domain_equal,1151,0.04260110523326696,0.04686439927027408,0.0,0.0
MATR,MATR/MATR_b3c35,pchp_raw_domain_equal,1086,0.037869811105514545,0.04198777726292276,0.0,0.0
MATR,MATR/MATR_b3c36,pchp_raw_domain_equal,916,0.03944054213502376,0.04295098826852434,0.0,0.0
MATR,MATR/MATR_b3c38,pchp_raw_domain_equal,1928,0.049395744390134624,0.05436938214001197,0.0,0.0
MATR,MATR/MATR_b3c39,pchp_raw_domain_equal,1149,0.04713334034890176,0.05090833860108586,0.0,0.0
MATR,MATR/MATR_b3c4,pchp_raw_domain_equal,1041,0.03929791987927771,0.043540819091797744,0.0,0.0
MATR,MATR/MATR_b3c40,pchp_raw_domain_equal,789,0.029895922497791674,0.03350277260018983,0.0,0.0
MATR,MATR/MATR_b3c41,pchp_raw_domain_equal,779,0.03886688629315195,0.04302132617260914,0.0,0.0
MATR,MATR/MATR_b3c44,pchp_raw_domain_equal,933,0.04538810598901597,0.04944487885231346,0.0,0.0
MATR,MATR/MATR_b3c45,pchp_raw_domain_equal,1794,0.05010364152701183,0.05564963456665542,0.0,0.0
MATR,MATR/MATR_b3c5,pchp_raw_domain_equal,821,0.035842859732352496,0.03903244288676886,0.0,0.0
MATR,MATR/MATR_b3c6,pchp_raw_domain_equal,660,0.014318838187639415,0.019263795845856635,0.0,0.0
MATR,MATR/MATR_b3c7,pchp_raw_domain_equal,1829,0.05195567475924708,0.0576838028738661,0.0,0.0
MATR,MATR/MATR_b3c8,pchp_raw_domain_equal,821,0.031380201100950175,0.03457839310115049,0.0,0.0
MATR,MATR/MATR_b3c9,pchp_raw_domain_equal,1032,0.04999605929759896,0.05416290835008185,0.0,0.0
MATR,MATR/MATR_b4c0,pchp_raw_domain_equal,977,0.04887121523816082,0.06517089127672598,0.0,0.0
MATR,MATR/MATR_b4c1,pchp_raw_domain_equal,856,0.04885635044520918,0.06366481468278128,0.0,0.0
MATR,MATR/MATR_b4c10,pchp_raw_domain_equal,1077,0.07709264659213073,0.1089057867716631,0.0,0.0
MATR,MATR/MATR_b4c11,pchp_raw_domain_equal,925,0.05082011169831008,0.05604488764854142,0.0,0.0
MATR,MATR/MATR_b4c12,pchp_raw_domain_equal,893,0.05869376085964341,0.06492154586971323,0.0,0.0
MATR,MATR/MATR_b4c13,pchp_raw_domain_equal,864,0.06303665875383818,0.07241392867846513,0.0,0.0
MATR,MATR/MATR_b4c14,pchp_raw_domain_equal,762,0.08557195512053262,0.10995038735407281,0.0,0.0
MATR,MATR/MATR_b4c15,pchp_raw_domain_equal,866,0.09720724315927136,0.1343693901463525,0.0,0.0
MATR,MATR/MATR_b4c16,pchp_raw_domain_equal,978,0.07467225458496532,0.07953178023171661,0.0,0.0
MATR,MATR/MATR_b4c17,pchp_raw_domain_equal,925,0.06787471116626163,0.07203999546096744,0.0,0.0
MATR,MATR/MATR_b4c18,pchp_raw_domain_equal,1052,0.06674468535328727,0.08035356276273702,0.0,0.0
MATR,MATR/MATR_b4c19,pchp_raw_domain_equal,1106,0.07907181415468653,0.08531709516275802,0.0,0.0
MATR,MATR/MATR_b4c2,pchp_raw_domain_equal,779,0.04873511538403408,0.053853876335311045,0.0,0.0
MATR,MATR/MATR_b4c20,pchp_raw_domain_equal,799,0.0435713914715081,0.048626529534214,0.0,0.0
MATR,MATR/MATR_b4c21,pchp_raw_domain_equal,898,0.061152776925862386,0.08262903253736774,0.0,0.0
MATR,MATR/MATR_b4c22,pchp_raw_domain_equal,740,0.06920153902730673,0.07445029415068487,0.0,0.0
MATR,MATR/MATR_b4c23,pchp_raw_domain_equal,1089,0.0641185319171212,0.06962261186412748,0.0,0.0
MATR,MATR/MATR_b4c24,pchp_raw_domain_equal,1110,0.057338464722923324,0.06750782433562022,0.0,0.0
MATR,MATR/MATR_b4c25,pchp_raw_domain_equal,562,0.08450767206040051,0.10456657465786495,0.0,0.0
MATR,MATR/MATR_b4c26,pchp_raw_domain_equal,574,0.08197602578321776,0.10146976011480416,0.0,0.0
MATR,MATR/MATR_b4c27,pchp_raw_domain_equal,558,0.0641543406480287,0.07028593523696856,0.0,0.0
MATR,MATR/MATR_b4c28,pchp_raw_domain_equal,877,0.05877578449637147,0.06397323316308946,0.0,0.0
MATR,MATR/MATR_b4c29,pchp_raw_domain_equal,951,0.049229728036402805,0.05493989314850863,0.0,0.0
MATR,MATR/MATR_b4c3,pchp_raw_domain_equal,906,0.07657442767469769,0.09199885404188274,0.0,0.0
MATR,MATR/MATR_b4c30,pchp_raw_domain_equal,714,0.05186282667613519,0.06725497966257295,0.0,0.0
MATR,MATR/MATR_b4c31,pchp_raw_domain_equal,827,0.15805106092369758,0.22985195401893493,0.0,0.0
MATR,MATR/MATR_b4c32,pchp_raw_domain_equal,834,0.07393400401785437,0.07943213915512415,0.0,0.0
MATR,MATR/MATR_b4c33,pchp_raw_domain_equal,525,0.06271025854646047,0.06606954191785586,0.0,0.0
MATR,MATR/MATR_b4c34,pchp_raw_domain_equal,992,0.04783081556606419,0.054055253510271906,0.0,0.0
MATR,MATR/MATR_b4c35,pchp_raw_domain_equal,1126,0.04970139142987861,0.05510166923349805,0.0,0.0
MATR,MATR/MATR_b4c36,pchp_raw_domain_equal,708,0.0850690511255635,0.10076239503496354,0.0,0.0
MATR,MATR/MATR_b4c37,pchp_raw_domain_equal,1000,0.07612562903356644,0.0838752796413321,0.0,0.0
MATR,MATR/MATR_b4c38,pchp_raw_domain_equal,1225,0.053270596335750875,0.05781005882235446,0.0,0.0
MATR,MATR/MATR_b4c39,pchp_raw_domain_equal,756,0.06724555767352022,0.07170790043261001,0.0,0.0
MATR,MATR/MATR_b4c4,pchp_raw_domain_equal,907,0.14373010040271095,0.21067558373905115,0.0,0.0
MATR,MATR/MATR_b4c40,pchp_raw_domain_equal,1117,0.05144093555038332,0.056246556178921485,0.0,0.0
MATR,MATR/MATR_b4c41,pchp_raw_domain_equal,992,0.07222653581922037,0.10291704748680786,0.0,0.0
MATR,MATR/MATR_b4c42,pchp_raw_domain_equal,910,0.06302318896481887,0.08548167390745598,0.0,0.0
MATR,MATR/MATR_b4c43,pchp_raw_domain_equal,946,0.07993222619921424,0.11666776633651142,0.0,0.0
MATR,MATR/MATR_b4c44,pchp_raw_domain_equal,1072,0.06788459798540901,0.07514877204259357,0.0,0.0
MATR,MATR/MATR_b4c5,pchp_raw_domain_equal,1062,0.06265851773419119,0.07636367885526366,0.0,0.0
MATR,MATR/MATR_b4c6,pchp_raw_domain_equal,772,0.06589116534445316,0.07047863340736027,0.0,0.0
MATR,MATR/MATR_b4c7,pchp_raw_domain_equal,557,0.0639855575299697,0.06705979778783226,0.0,0.0
MATR,MATR/MATR_b4c8,pchp_raw_domain_equal,713,0.040847491068321126,0.0464078079029583,0.0,0.0
MATR,MATR/MATR_b4c9,pchp_raw_domain_equal,524,0.0705017451289326,0.08186729494076866,0.0,0.0
MICH,MICH/MICH_BLForm10_pouch_NMC_25C_0-100_1-1C_j,pchp_raw_domain_equal,454,0.12027390209142914,0.21046422854134114,0.0,0.0
MICH,MICH/MICH_BLForm11_pouch_NMC_25C_0-100_1-1C_a,pchp_raw_domain_equal,420,0.07695614272717334,0.11447352201495953,0.0,0.0
MICH,MICH/MICH_BLForm12_pouch_NMC_25C_0-100_1-1C_b,pchp_raw_domain_equal,427,0.09517880190293754,0.1403684774656953,0.0,0.0
MICH,MICH/MICH_BLForm13_pouch_NMC_25C_0-100_1-1C_c,pchp_raw_domain_equal,432,0.11084685199737077,0.16546931229076817,0.0,0.0
MICH,MICH/MICH_BLForm14_pouch_NMC_25C_0-100_1-1C_d,pchp_raw_domain_equal,471,0.08648324683097564,0.1300688791547168,0.0,0.0
MICH,MICH/MICH_BLForm15_pouch_NMC_25C_0-100_1-1C_e,pchp_raw_domain_equal,437,0.11018707451943577,0.16908037563667622,0.0,0.0
MICH,MICH/MICH_BLForm16_pouch_NMC_25C_0-100_1-1C_f,pchp_raw_domain_equal,437,0.10559352237547696,0.16722822473183,0.0,0.0
MICH,MICH/MICH_BLForm17_pouch_NMC_25C_0-100_1-1C_g,pchp_raw_domain_equal,437,0.14442544922535905,0.21562446429118404,0.0,0.0
MICH,MICH/MICH_BLForm18_pouch_NMC_25C_0-100_1-1C_h,pchp_raw_domain_equal,433,0.1220226506476189,0.18219187476990467,0.0,0.0
MICH,MICH/MICH_BLForm19_pouch_NMC_25C_0-100_1-1C_i,pchp_raw_domain_equal,437,0.10514398002704012,0.15637964097090784,0.0,0.0
MICH,MICH/MICH_BLForm1_pouch_NMC_45C_0-100_1-1C_a,pchp_raw_domain_equal,487,0.16316661516930966,0.25821597896045834,0.0,0.0
MICH,MICH/MICH_BLForm20_pouch_NMC_25C_0-100_1-1C_j,pchp_raw_domain_equal,437,0.13827545612041,0.2063548088894634,0.0,0.0
MICH,MICH/MICH_BLForm2_pouch_NMC_45C_0-100_1-1C_b,pchp_raw_domain_equal,459,0.15773826178348554,0.2495858668802201,0.0,0.0
MICH,MICH/MICH_BLForm3_pouch_NMC_45C_0-100_1-1C_c,pchp_raw_domain_equal,507,0.08581506213466453,0.14786037123307047,0.0,0.0
MICH,MICH/MICH_BLForm4_pouch_NMC_45C_0-100_1-1C_d,pchp_raw_domain_equal,487,0.1662453127236152,0.2558915153319867,0.0,0.0
MICH,MICH/MICH_BLForm5_pouch_NMC_45C_0-100_1-1C_e,pchp_raw_domain_equal,487,0.1604764330950577,0.2589301229158769,0.0,0.0
MICH,MICH/MICH_BLForm6_pouch_NMC_45C_0-100_1-1C_f,pchp_raw_domain_equal,449,0.10782227656444941,0.19737270921791983,0.0,0.0
MICH,MICH/MICH_BLForm7_pouch_NMC_45C_0-100_1-1C_g,pchp_raw_domain_equal,452,0.13120679591178178,0.22833656273075123,0.0,0.0
MICH,MICH/MICH_BLForm8_pouch_NMC_45C_0-100_1-1C_h,pchp_raw_domain_equal,487,0.15910405507183795,0.25847125352078454,0.0,0.0
MICH,MICH/MICH_BLForm9_pouch_NMC_45C_0-100_1-1C_i,pchp_raw_domain_equal,569,0.29171126841769174,0.3570286536981869,0.0,0.0
MICH,MICH/MICH_MCForm21_pouch_NMC_25C_0-100_1-1C_a,pchp_raw_domain_equal,471,0.06824773963969898,0.10213965158014471,0.0,0.0
MICH,MICH/MICH_MCForm22_pouch_NMC_25C_0-100_1-1C_b,pchp_raw_domain_equal,486,0.13557289357991895,0.20665145682298292,0.0,0.0
MICH,MICH/MICH_MCForm23_pouch_NMC_25C_0-100_1-1C_c,pchp_raw_domain_equal,535,0.0795138289829606,0.11734600861724809,0.0,0.0
MICH,MICH/MICH_MCForm24_pouch_NMC_25C_0-100_1-1C_d,pchp_raw_domain_equal,471,0.08679124635366638,0.13194143823513704,0.0,0.0
MICH,MICH/MICH_MCForm25_pouch_NMC_25C_0-100_1-1C_e,pchp_raw_domain_equal,584,0.08884743753262908,0.1279642679340009,0.0,0.0
MICH,MICH/MICH_MCForm26_pouch_NMC_25C_0-100_1-1C_f,pchp_raw_domain_equal,584,0.08097077432875892,0.11459754104090376,0.0,0.0
MICH,MICH/MICH_MCForm27_pouch_NMC_25C_0-100_1-1C_g,pchp_raw_domain_equal,535,0.08018098440202759,0.11438079072951567,0.0,0.0
MICH,MICH/MICH_MCForm28_pouch_NMC_25C_0-100_1-1C_h,pchp_raw_domain_equal,584,0.09571246880138605,0.13925203988631896,0.0,0.0
MICH,MICH/MICH_MCForm29_pouch_NMC_25C_0-100_1-1C_i,pchp_raw_domain_equal,547,0.11045937473348841,0.1713755163299205,0.0,0.0
MICH,MICH/MICH_MCForm30_pouch_NMC_25C_0-100_1-1C_j,pchp_raw_domain_equal,535,0.07977004018435022,0.11235247595293829,0.0,0.0
MICH,MICH/MICH_MCForm31_pouch_NMC_45C_0-100_1-1C_a,pchp_raw_domain_equal,506,0.09963384840461141,0.17978777314689068,0.0,0.0
MICH,MICH/MICH_MCForm32_pouch_NMC_45C_0-100_1-1C_b,pchp_raw_domain_equal,487,0.06597170121257896,0.10771566398359604,0.0,0.0
MICH,MICH/MICH_MCForm33_pouch_NMC_45C_0-100_1-1C_c,pchp_raw_domain_equal,496,0.08193669296555334,0.15036026313080963,0.0,0.0
MICH,MICH/MICH_MCForm34_pouch_NMC_45C_0-100_1-1C_d,pchp_raw_domain_equal,575,0.05718249012770885,0.08362516592866032,0.0,0.0
MICH,MICH/MICH_MCForm35_pouch_NMC_45C_0-100_1-1C_e,pchp_raw_domain_equal,440,0.06467416429232585,0.10632682853657646,0.0,0.0
MICH,MICH/MICH_MCForm36_pouch_NMC_45C_0-100_1-1C_f,pchp_raw_domain_equal,536,0.09114523444898913,0.1520100983148113,0.0,0.0
MICH,MICH/MICH_MCForm37_pouch_NMC_45C_0-100_1-1C_g,pchp_raw_domain_equal,536,0.07076226986077487,0.12037526790220793,0.0,0.0
MICH,MICH/MICH_MCForm38_pouch_NMC_45C_0-100_1-1C_h,pchp_raw_domain_equal,497,0.10285675281440343,0.17555912360837653,0.0,0.0
MICH,MICH/MICH_MCForm39_pouch_NMC_45C_0-100_1-1C_i,pchp_raw_domain_equal,536,0.08460999629099421,0.14775808916533434,0.0,0.0
MICH,MICH/MICH_MCForm40_pouch_NMC_45C_0-100_1-1C_j,pchp_raw_domain_equal,534,0.06916599487030724,0.10407993003061995,0.0,0.0
MICH_EXP,MICH_EXP/MICH_01R_pouch_NMC_25C_0-100_0.2-0.2C,pchp_raw_domain_equal,374,0.07511711865195252,0.09325589622742822,0.0,0.0
MICH_EXP,MICH_EXP/MICH_02C_pouch_NMC_-5C_0-100_0.2-0.2C,pchp_raw_domain_equal,288,0.014204153615635135,0.015947723585299157,0.0,0.0
MICH_EXP,MICH_EXP/MICH_03H_pouch_NMC_45C_0-100_0.2-0.2C,pchp_raw_domain_equal,98,0.04400453640140025,0.054063314462190454,0.0,0.0
MICH_EXP,MICH_EXP/MICH_04R_pouch_NMC_25C_0-100_1.5-1.5C,pchp_raw_domain_equal,322,0.09512481513020274,0.11494422734911434,0.0,0.0
MICH_EXP,MICH_EXP/MICH_05C_pouch_NMC_-5C_0-100_1.5-1.5C,pchp_raw_domain_equal,568,0.044959964414146326,0.051814339178239334,0.0,0.0
MICH_EXP,MICH_EXP/MICH_06H_pouch_NMC_45C_0-100_1.5-1.5C,pchp_raw_domain_equal,172,0.09440638670207573,0.10687591292825085,0.0,0.0
MICH_EXP,MICH_EXP/MICH_07R_pouch_NMC_25C_0-100_2-2C,pchp_raw_domain_equal,240,0.16588575181782866,0.19251371191271627,0.0,0.0
MICH_EXP,MICH_EXP/MICH_08C_pouch_NMC_-5C_0-100_2-2C,pchp_raw_domain_equal,568,0.019451693806965167,0.022635187533184685,0.0,0.0
MICH_EXP,MICH_EXP/MICH_09H_pouch_NMC_45C_0-100_2-2C,pchp_raw_domain_equal,170,0.14625674486684942,0.16911971608776827,0.0,0.0
MICH_EXP,MICH_EXP/MICH_10R_pouch_NMC_25C_0-100_0.2-1.5C,pchp_raw_domain_equal,434,0.03886810786679357,0.05048199022080365,0.0,0.0
MICH_EXP,MICH_EXP/MICH_11C_pouch_NMC_-5C_0-100_0.2-1.5C,pchp_raw_domain_equal,535,0.04568320562391442,0.05469579647269636,0.0,0.0
MICH_EXP,MICH_EXP/MICH_12H_pouch_NMC_45C_0-100_0.2-1.5C,pchp_raw_domain_equal,177,0.11005259644689705,0.12932614655337082,0.0,0.0
MICH_EXP,MICH_EXP/MICH_13R_pouch_NMC_25C_50-100_0.2-0.2C,pchp_raw_domain_equal,527,0.14127016338789858,0.14767217618956735,0.0,0.0
MICH_EXP,MICH_EXP/MICH_14C_pouch_NMC_-5C_50-100_0.2-0.2C,pchp_raw_domain_equal,447,0.13498997821314193,0.14145208080131588,0.0,0.0
MICH_EXP,MICH_EXP/MICH_15H_pouch_NMC_45C_50-100_0.2-0.2C,pchp_raw_domain_equal,166,0.08392409223221335,0.08600906137412502,0.0,0.0
MICH_EXP,MICH_EXP/MICH_16R_pouch_NMC_25C_50-100_0.2-1.5C,pchp_raw_domain_equal,527,0.13976655796487647,0.14647325991608937,0.0,0.0
MICH_EXP,MICH_EXP/MICH_17C_pouch_NMC_-5C_50-100_0.2-1.5C,pchp_raw_domain_equal,552,0.13504353522170934,0.1412360024860197,0.0,0.0
MICH_EXP,MICH_EXP/MICH_18H_pouch_NMC_45C_50-100_0.2-1.5C,pchp_raw_domain_equal,290,0.10826799769380695,0.11324934366900809,0.0,0.0
RWTH,RWTH/RWTH_002,pchp_raw_domain_equal,2406,0.1708325034579215,0.21746790904788932,0.0,0.0
RWTH,RWTH/RWTH_003,pchp_raw_domain_equal,2432,0.16118457262274685,0.20055849576635232,0.0,0.0
RWTH,RWTH/RWTH_004,pchp_raw_domain_equal,2410,0.1629461048159447,0.20468230928002176,0.0,0.0
RWTH,RWTH/RWTH_005,pchp_raw_domain_equal,2390,0.16235895286407567,0.20680475478880367,0.0,0.0
RWTH,RWTH/RWTH_006,pchp_raw_domain_equal,2413,0.1588161754311848,0.20301291080220168,0.0,0.0
RWTH,RWTH/RWTH_007,pchp_raw_domain_equal,2409,0.1634122897924635,0.20836677383901822,0.0,0.0
RWTH,RWTH/RWTH_008,pchp_raw_domain_equal,2409,0.16573591649472932,0.2052447834615063,0.0,0.0
RWTH,RWTH/RWTH_009,pchp_raw_domain_equal,2392,0.15027276431980965,0.18802794635496284,0.0,0.0
RWTH,RWTH/RWTH_010,pchp_raw_domain_equal,2436,0.16043380629386567,0.19976303813830223,0.0,0.0
RWTH,RWTH/RWTH_011,pchp_raw_domain_equal,2432,0.15752580694510315,0.19613610761506237,0.0,0.0
RWTH,RWTH/RWTH_012,pchp_raw_domain_equal,2442,0.15193287186471624,0.19385069844893563,0.0,0.0
RWTH,RWTH/RWTH_013,pchp_raw_domain_equal,2442,0.16045062640667845,0.20568222034494785,0.0,0.0
RWTH,RWTH/RWTH_014,pchp_raw_domain_equal,2303,0.16344019995430362,0.20506265497989215,0.0,0.0
RWTH,RWTH/RWTH_015,pchp_raw_domain_equal,2282,0.15090932775690732,0.19199189644639916,0.0,0.0
RWTH,RWTH/RWTH_016,pchp_raw_domain_equal,2281,0.15041912511303132,0.19333933738374426,0.0,0.0
RWTH,RWTH/RWTH_017,pchp_raw_domain_equal,2274,0.16419689825871014,0.20600097639920262,0.0,0.0
RWTH,RWTH/RWTH_018,pchp_raw_domain_equal,2239,0.15471780861544318,0.19444238965639488,0.0,0.0
RWTH,RWTH/RWTH_019,pchp_raw_domain_equal,2282,0.1583480510896555,0.2000999721094561,0.0,0.0
RWTH,RWTH/RWTH_020,pchp_raw_domain_equal,2232,0.15919442915260704,0.19824677354618447,0.0,0.0
RWTH,RWTH/RWTH_021,pchp_raw_domain_equal,2278,0.16398192494998137,0.2063935693726762,0.0,0.0
RWTH,RWTH/RWTH_022,pchp_raw_domain_equal,2277,0.15118964076854222,0.18864527699967218,0.0,0.0
RWTH,RWTH/RWTH_023,pchp_raw_domain_equal,2316,0.1368050994853258,0.17086947587072257,0.0,0.0
RWTH,RWTH/RWTH_024,pchp_raw_domain_equal,2315,0.1453401789214761,0.1792309015376384,0.0,0.0
RWTH,RWTH/RWTH_025,pchp_raw_domain_equal,2304,0.15980205891699403,0.20516275646458607,0.0,0.0
RWTH,RWTH/RWTH_026,pchp_raw_domain_equal,2002,0.13485654749303086,0.16755717543941623,0.0,0.0
RWTH,RWTH/RWTH_027,pchp_raw_domain_equal,2006,0.1390001560709402,0.1727235719390415,0.0,0.0
RWTH,RWTH/RWTH_028,pchp_raw_domain_equal,2005,0.15051715398704255,0.18650991666757943,0.0,0.0
RWTH,RWTH/RWTH_029,pchp_raw_domain_equal,2006,0.1354574730508945,0.17190949316588447,0.0,0.0
RWTH,RWTH/RWTH_030,pchp_raw_domain_equal,1483,0.07612443196759393,0.08699264471085427,0.0,0.0
RWTH,RWTH/RWTH_031,pchp_raw_domain_equal,2259,0.14707419447516923,0.19071246956140042,0.0,0.0
RWTH,RWTH/RWTH_032,pchp_raw_domain_equal,2277,0.16242884939290517,0.2031057358088702,0.0,0.0
RWTH,RWTH/RWTH_033,pchp_raw_domain_equal,2254,0.17979612457893995,0.23084679425608876,0.0,0.0
RWTH,RWTH/RWTH_034,pchp_raw_domain_equal,2121,0.11350914826328627,0.13886242874928995,0.0,0.0
RWTH,RWTH/RWTH_035,pchp_raw_domain_equal,2147,0.1111879346728125,0.13761102597237282,0.0,0.0
RWTH,RWTH/RWTH_036,pchp_raw_domain_equal,2144,0.13504732073933992,0.16947403122608806,0.0,0.0
RWTH,RWTH/RWTH_037,pchp_raw_domain_equal,2162,0.14762438023127794,0.1844684723353281,0.0,0.0
RWTH,RWTH/RWTH_038,pchp_raw_domain_equal,1959,0.10653414494753023,0.134894524175366,0.0,0.0
RWTH,RWTH/RWTH_039,pchp_raw_domain_equal,1943,0.11038011074664858,0.13879637061705766,0.0,0.0
RWTH,RWTH/RWTH_040,pchp_raw_domain_equal,1939,0.11603121638295695,0.14498643433204148,0.0,0.0
RWTH,RWTH/RWTH_041,pchp_raw_domain_equal,1939,0.12459940112324018,0.1587957258859872,0.0,0.0
RWTH,RWTH/RWTH_042,pchp_raw_domain_equal,1891,0.11498566420404552,0.14433368964603274,0.0,0.0
RWTH,RWTH/RWTH_043,pchp_raw_domain_equal,1890,0.10584312914765953,0.13414552444821948,0.0,0.0
RWTH,RWTH/RWTH_044,pchp_raw_domain_equal,1889,0.11648531192529807,0.14904897744901988,0.0,0.0
RWTH,RWTH/RWTH_045,pchp_raw_domain_equal,1890,0.11258494898997819,0.14091949980883256,0.0,0.0
RWTH,RWTH/RWTH_046,pchp_raw_domain_equal,2131,0.14309545180015903,0.18075490436532152,0.0,0.0
RWTH,RWTH/RWTH_047,pchp_raw_domain_equal,2146,0.14489262229146263,0.1823806915754192,0.0,0.0
RWTH,RWTH/RWTH_048,pchp_raw_domain_equal,2131,0.1389497587452007,0.17267312091848838,0.0,0.0
RWTH,RWTH/RWTH_049,pchp_raw_domain_equal,2130,0.13734052112155629,0.17515531782285473,0.0,0.0
SDU,SDU/SDU_Battery_1,pchp_raw_domain_equal,956,0.08289086219585029,0.08868956690809464,0.0,0.0
SDU,SDU/SDU_Battery_10,pchp_raw_domain_equal,431,0.04294099457258761,0.04979620332628241,0.0,0.0
SDU,SDU/SDU_Battery_11,pchp_raw_domain_equal,550,0.06385197301223645,0.06871465321428656,0.0,0.0
SDU,SDU/SDU_Battery_12,pchp_raw_domain_equal,481,0.05300120049380174,0.058914173966622956,0.0,0.0
SDU,SDU/SDU_Battery_13,pchp_raw_domain_equal,516,0.05321126091017619,0.05880187049460329,0.0,0.0
SDU,SDU/SDU_Battery_14,pchp_raw_domain_equal,506,0.04928487442536016,0.05423212214435729,0.0,0.0
SDU,SDU/SDU_Battery_15,pchp_raw_domain_equal,581,0.06342980243329542,0.06995352241042589,0.0,0.0
SDU,SDU/SDU_Battery_16,pchp_raw_domain_equal,581,0.05765793185520666,0.06294215607490786,0.0,0.0
SDU,SDU/SDU_Battery_17,pchp_raw_domain_equal,405,0.06373414261293983,0.06878679522334007,0.0,0.0
SDU,SDU/SDU_Battery_18,pchp_raw_domain_equal,436,0.0660788310562375,0.07227902883928611,0.0,0.0
SDU,SDU/SDU_Battery_19,pchp_raw_domain_equal,411,0.059373456285351005,0.0642467027129811,0.0,0.0
SDU,SDU/SDU_Battery_2,pchp_raw_domain_equal,890,0.0863543483597125,0.0927928210648034,0.0,0.0
SDU,SDU/SDU_Battery_20,pchp_raw_domain_equal,411,0.0603500689419701,0.06513386179801917,0.0,0.0
SDU,SDU/SDU_Battery_21,pchp_raw_domain_equal,481,0.05097749912797839,0.05545304333598479,0.0,0.0
SDU,SDU/SDU_Battery_22,pchp_raw_domain_equal,486,0.06864300060200278,0.07477881189173607,0.0,0.0
SDU,SDU/SDU_Battery_23,pchp_raw_domain_equal,481,0.08838300203756715,0.09517582143919898,0.0,0.0
SDU,SDU/SDU_Battery_24,pchp_raw_domain_equal,436,0.06842119626711211,0.0744622216363791,0.0,0.0
SDU,SDU/SDU_Battery_25,pchp_raw_domain_equal,436,0.06565829916559364,0.07141863062834158,0.0,0.0
SDU,SDU/SDU_Battery_26,pchp_raw_domain_equal,541,0.10969572665842567,0.12027982210005964,0.0,0.0
SDU,SDU/SDU_Battery_27,pchp_raw_domain_equal,486,0.08710609838513542,0.09650058524454279,0.0,0.0
SDU,SDU/SDU_Battery_28,pchp_raw_domain_equal,456,0.07600665454553455,0.08509170046466018,0.0,0.0
SDU,SDU/SDU_Battery_29,pchp_raw_domain_equal,486,0.07683632383687287,0.08478964695513332,0.0,0.0
SDU,SDU/SDU_Battery_3,pchp_raw_domain_equal,851,0.05987885912202684,0.06248308871098108,0.0,0.0
SDU,SDU/SDU_Battery_30,pchp_raw_domain_equal,441,0.06796308844911503,0.07325983245147664,0.0,0.0
SDU,SDU/SDU_Battery_31,pchp_raw_domain_equal,176,0.05019698695052945,0.06192666761090586,0.0,0.0
SDU,SDU/SDU_Battery_32,pchp_raw_domain_equal,121,0.06084840001509556,0.07563515645515725,0.0,0.0
SDU,SDU/SDU_Battery_33,pchp_raw_domain_equal,191,0.04670480465737472,0.056261217284306504,0.0,0.0
SDU,SDU/SDU_Battery_34,pchp_raw_domain_equal,161,0.05627163212648166,0.06877127237314261,0.0,0.0
SDU,SDU/SDU_Battery_35,pchp_raw_domain_equal,151,0.06053552484882051,0.07214207789163919,0.0,0.0
SDU,SDU/SDU_Battery_36,pchp_raw_domain_equal,136,0.058754010761076406,0.0707328086150325,0.0,0.0
SDU,SDU/SDU_Battery_37,pchp_raw_domain_equal,146,0.05730547894213722,0.07037270616049351,0.0,0.0
SDU,SDU/SDU_Battery_38,pchp_raw_domain_equal,106,0.0560841276036374,0.0675876569787163,0.0,0.0
SDU,SDU/SDU_Battery_39,pchp_raw_domain_equal,71,0.07594428361781531,0.08594297008016494,0.0,0.0
SDU,SDU/SDU_Battery_4,pchp_raw_domain_equal,881,0.07843888036081446,0.08437633838988808,0.0,0.0
SDU,SDU/SDU_Battery_40,pchp_raw_domain_equal,66,0.07522392393958253,0.08429098411123358,0.0,0.0
SDU,SDU/SDU_Battery_41,pchp_raw_domain_equal,86,0.07114117972986417,0.08020343259349227,0.0,0.0
SDU,SDU/SDU_Battery_42,pchp_raw_domain_equal,71,0.07202168257748279,0.08172889353060007,0.0,0.0
SDU,SDU/SDU_Battery_43,pchp_raw_domain_equal,71,0.07663911180418596,0.08717498551030192,0.0,0.0
SDU,SDU/SDU_Battery_44,pchp_raw_domain_equal,61,0.07104621805428452,0.08117968496879477,0.0,0.0
SDU,SDU/SDU_Battery_45,pchp_raw_domain_equal,1116,0.08008100319927561,0.08689470386673803,0.0,0.0
SDU,SDU/SDU_Battery_46,pchp_raw_domain_equal,1071,0.07686948106750413,0.0820905511283566,0.0,0.0
SDU,SDU/SDU_Battery_47,pchp_raw_domain_equal,1121,0.08170282031128281,0.08831900671736029,0.0,0.0
SDU,SDU/SDU_Battery_48,pchp_raw_domain_equal,1054,0.0742265700527028,0.07865656297313063,0.0,0.0
SDU,SDU/SDU_Battery_49,pchp_raw_domain_equal,1346,0.0846649778349385,0.09286555652898804,0.0,0.0
SDU,SDU/SDU_Battery_5,pchp_raw_domain_equal,1051,0.07357900209177617,0.07999528060957657,0.0,0.0
SDU,SDU/SDU_Battery_50,pchp_raw_domain_equal,1409,0.08416915732225475,0.09186558351351995,0.0,0.0
SDU,SDU/SDU_Battery_51,pchp_raw_domain_equal,1421,0.08179458199428746,0.0890307308922255,0.0,0.0
SDU,SDU/SDU_Battery_52,pchp_raw_domain_equal,1246,0.07697613954599201,0.08399703209678684,0.0,0.0
SDU,SDU/SDU_Battery_53,pchp_raw_domain_equal,121,0.055227914350310166,0.06350627935635292,0.0,0.0
SDU,SDU/SDU_Battery_54,pchp_raw_domain_equal,191,0.04297446375574603,0.05032222129142674,0.0,0.0
SDU,SDU/SDU_Battery_55,pchp_raw_domain_equal,126,0.05119848474447726,0.059396820987097844,0.0,0.0
SDU,SDU/SDU_Battery_56,pchp_raw_domain_equal,141,0.05021018671870404,0.058866573734949766,0.0,0.0
SDU,SDU/SDU_Battery_57,pchp_raw_domain_equal,86,0.05128178057905798,0.06306437999600192,0.0,0.0
SDU,SDU/SDU_Battery_58,pchp_raw_domain_equal,71,0.063994530240651,0.08139728475417299,0.0,0.0
SDU,SDU/SDU_Battery_59,pchp_raw_domain_equal,86,0.055738177790830366,0.06781703964908137,0.0,0.0
SDU,SDU/SDU_Battery_6,pchp_raw_domain_equal,1111,0.08649249320275425,0.09332938626702932,0.0,0.0
SDU,SDU/SDU_Battery_60,pchp_raw_domain_equal,81,0.053194254138521864,0.06519478796994047,0.0,0.0
SDU,SDU/SDU_Battery_61,pchp_raw_domain_equal,391,0.06989097173051152,0.07426956919935908,0.0,0.0
SDU,SDU/SDU_Battery_62,pchp_raw_domain_equal,431,0.07858724286884798,0.08444113728010634,0.0,0.0
SDU,SDU/SDU_Battery_63,pchp_raw_domain_equal,361,0.03630427092288839,0.03870171905497777,0.0,0.0
SDU,SDU/SDU_Battery_64,pchp_raw_domain_equal,411,0.06441077500961544,0.07064051105995806,0.0,0.0
SDU,SDU/SDU_Battery_65,pchp_raw_domain_equal,230,0.03345050240307435,0.03636510255906695,0.0,0.0
SDU,SDU/SDU_Battery_66,pchp_raw_domain_equal,271,0.022106280923268964,0.026351918043592076,0.0,0.0
SDU,SDU/SDU_Battery_67,pchp_raw_domain_equal,181,0.04784285817961356,0.060142828294415994,0.0,0.0
SDU,SDU/SDU_Battery_68,pchp_raw_domain_equal,191,0.04571464698061042,0.056212417829707775,0.0,0.0
SDU,SDU/SDU_Battery_69,pchp_raw_domain_equal,71,0.0732500287184976,0.08570492618921416,0.0,0.0
SDU,SDU/SDU_Battery_7,pchp_raw_domain_equal,1041,0.09032100139458311,0.09714684967351708,0.0,0.0
SDU,SDU/SDU_Battery_70,pchp_raw_domain_equal,106,0.06440140898162025,0.07411366026243675,0.0,0.0
SDU,SDU/SDU_Battery_71,pchp_raw_domain_equal,81,0.07936403936044459,0.09225361013465314,0.0,0.0
SDU,SDU/SDU_Battery_72,pchp_raw_domain_equal,81,0.07939188961774725,0.09108315635576074,0.0,0.0
SDU,SDU/SDU_Battery_73,pchp_raw_domain_equal,1175,0.11669265782091741,0.12385123173331422,0.0,0.0
SDU,SDU/SDU_Battery_74,pchp_raw_domain_equal,1315,0.12203166703756892,0.1287206616104413,0.0,0.0
SDU,SDU/SDU_Battery_75,pchp_raw_domain_equal,950,0.10724417013830576,0.1146892088293921,0.0,0.0
SDU,SDU/SDU_Battery_76,pchp_raw_domain_equal,1120,0.10327779793041166,0.11034700816230976,0.0,0.0
SDU,SDU/SDU_Battery_77,pchp_raw_domain_equal,1066,0.10056993424290746,0.10748973824778857,0.0,0.0
SDU,SDU/SDU_Battery_78,pchp_raw_domain_equal,1021,0.09624610200446213,0.10253253745872618,0.0,0.0
SDU,SDU/SDU_Battery_79,pchp_raw_domain_equal,1076,0.1050771282739695,0.1121062620694353,0.0,0.0
SDU,SDU/SDU_Battery_8,pchp_raw_domain_equal,706,0.05832200467842087,0.06064369605713686,0.0,0.0
SDU,SDU/SDU_Battery_80,pchp_raw_domain_equal,1060,0.10099546921013908,0.10788909950461271,0.0,0.0
SDU,SDU/SDU_Battery_81,pchp_raw_domain_equal,1186,0.10897524992276242,0.11565122020964731,0.0,0.0
SDU,SDU/SDU_Battery_82,pchp_raw_domain_equal,1140,0.1047241419461523,0.11136139658058145,0.0,0.0
SDU,SDU/SDU_Battery_83,pchp_raw_domain_equal,1195,0.0987743585505694,0.10416972734719103,0.0,0.0
SDU,SDU/SDU_Battery_84,pchp_raw_domain_equal,1131,0.09193266397216832,0.09683354764870854,0.0,0.0
SDU,SDU/SDU_Battery_85,pchp_raw_domain_equal,1201,0.1077621816921788,0.11334195174830534,0.0,0.0
SDU,SDU/SDU_Battery_86,pchp_raw_domain_equal,1036,0.09588626270919674,0.10112750301763322,0.0,0.0
SDU,SDU/SDU_Battery_9,pchp_raw_domain_equal,411,0.0358720465835843,0.041680257232929036,0.0,0.0
SNL,SNL/SNL_18650_LFP_15C_0-100_0.5-2C_b,pchp_raw_domain_equal,3749,0.06811938488672838,0.0708375591487563,0.0,0.0
SNL,SNL/SNL_18650_LFP_25C_0-100_0.5-0.5C_a,pchp_raw_domain_equal,3045,0.05618521670460177,0.05756340140497412,0.0,0.0
SNL,SNL/SNL_18650_LFP_25C_0-100_0.5-1C_a,pchp_raw_domain_equal,3540,0.07361390316200368,0.07535146596402176,0.0,0.0
SNL,SNL/SNL_18650_LFP_25C_0-100_0.5-1C_b,pchp_raw_domain_equal,3541,0.07468317483059217,0.0762925804772954,0.0,0.0
SNL,SNL/SNL_18650_LFP_25C_0-100_0.5-1C_c,pchp_raw_domain_equal,3033,0.07631711709710975,0.07781552143153485,0.0,0.0
SNL,SNL/SNL_18650_LFP_25C_0-100_0.5-1C_d,pchp_raw_domain_equal,3033,0.07676359939747365,0.07824340588843204,0.0,0.0
SNL,SNL/SNL_18650_LFP_25C_0-100_0.5-2C_a,pchp_raw_domain_equal,3539,0.06540965154861032,0.06666369670596439,0.0,0.0
SNL,SNL/SNL_18650_LFP_25C_0-100_0.5-2C_b,pchp_raw_domain_equal,4045,0.07529489966731052,0.07739492983431236,0.0,0.0
SNL,SNL/SNL_18650_LFP_25C_0-100_0.5-3C_a,pchp_raw_domain_equal,4564,0.04675879623975161,0.05246422376201041,0.0,0.0
SNL,SNL/SNL_18650_LFP_25C_0-100_0.5-3C_b,pchp_raw_domain_equal,4057,0.04406994641523824,0.04935830698657985,0.0,0.0
SNL,SNL/SNL_18650_LFP_25C_0-100_0.5-3C_c,pchp_raw_domain_equal,3550,0.04566832634233412,0.05419494220200955,0.0,0.0
SNL,SNL/SNL_18650_LFP_25C_0-100_0.5-3C_d,pchp_raw_domain_equal,4057,0.04344500874805652,0.049122125967394854,0.0,0.0
SNL,SNL/SNL_18650_LFP_35C_0-100_0.5-1C_a,pchp_raw_domain_equal,3151,0.03309829783313413,0.03571634534875823,0.0,0.0
SNL,SNL/SNL_18650_LFP_35C_0-100_0.5-1C_b,pchp_raw_domain_equal,3337,0.03033953115174045,0.03359966543283892,0.0,0.0
SNL,SNL/SNL_18650_LFP_35C_0-100_0.5-1C_c,pchp_raw_domain_equal,3337,0.028797367742957946,0.031246973066363405,0.0,0.0
SNL,SNL/SNL_18650_LFP_35C_0-100_0.5-1C_d,pchp_raw_domain_equal,3793,0.0354862230067076,0.03956891757492554,0.0,0.0
SNL,SNL/SNL_18650_LFP_35C_0-100_0.5-2C_a,pchp_raw_domain_equal,3851,0.03404267641162823,0.0379419812281202,0.0,0.0
SNL,SNL/SNL_18650_LFP_35C_0-100_0.5-2C_b,pchp_raw_domain_equal,3593,0.02929104065329943,0.03257817394775769,0.0,0.0
SNL,SNL/SNL_18650_NCA_15C_0-100_0.5-1C_a,pchp_raw_domain_equal,517,0.08230491250407443,0.08878105759655569,0.0,0.0
SNL,SNL/SNL_18650_NCA_15C_0-100_0.5-1C_b,pchp_raw_domain_equal,913,0.04447148852158566,0.0475746450385435,0.0,0.0
SNL,SNL/SNL_18650_NCA_15C_0-100_0.5-2C_a,pchp_raw_domain_equal,911,0.13260904294829826,0.17089552676158423,0.0,0.0
SNL,SNL/SNL_18650_NCA_15C_0-100_0.5-2C_b,pchp_raw_domain_equal,779,0.10801109404781314,0.11621914704126571,0.0,0.0
SNL,SNL/SNL_18650_NCA_25C_0-100_0.5-0.5C_a,pchp_raw_domain_equal,508,0.08846897631914745,0.09875604353127479,0.0,0.0
SNL,SNL/SNL_18650_NCA_25C_0-100_0.5-0.5C_b,pchp_raw_domain_equal,910,0.24984279205781224,0.2943267600374168,0.0,0.0
SNL,SNL/SNL_18650_NCA_25C_0-100_0.5-1C_a,pchp_raw_domain_equal,649,0.05584933015971579,0.06646989184471663,0.0,0.0
SNL,SNL/SNL_18650_NCA_25C_0-100_0.5-1C_b,pchp_raw_domain_equal,517,0.08418155322365853,0.09039333859351777,0.0,0.0
SNL,SNL/SNL_18650_NCA_25C_0-100_0.5-1C_c,pchp_raw_domain_equal,517,0.07735610532275097,0.08722402083751388,0.0,0.0
SNL,SNL/SNL_18650_NCA_25C_0-100_0.5-1C_d,pchp_raw_domain_equal,649,0.07544348956961151,0.08330777397056899,0.0,0.0
SNL,SNL/SNL_18650_NCA_25C_0-100_0.5-2C_a,pchp_raw_domain_equal,781,0.10006944996592083,0.11508058968494594,0.0,0.0
SNL,SNL/SNL_18650_NCA_25C_0-100_0.5-2C_b,pchp_raw_domain_equal,781,0.074971031401673,0.09490363629275228,0.0,0.0
SNL,SNL/SNL_18650_NCA_25C_20-80_0.5-0.5C_a,pchp_raw_domain_equal,1117,0.08695524877677914,0.10505259279221403,0.0,0.0
SNL,SNL/SNL_18650_NCA_25C_20-80_0.5-0.5C_b,pchp_raw_domain_equal,1244,0.05875806298172573,0.07341128563008106,0.0,0.0
SNL,SNL/SNL_18650_NCA_25C_20-80_0.5-0.5C_c,pchp_raw_domain_equal,1245,0.08002169800709132,0.10098255061619754,0.0,0.0
SNL,SNL/SNL_18650_NCA_25C_20-80_0.5-0.5C_d,pchp_raw_domain_equal,1503,0.09443476007049909,0.1213476992626492,0.0,0.0
SNL,SNL/SNL_18650_NCA_35C_0-100_0.5-1C_a,pchp_raw_domain_equal,510,0.05713182047204266,0.06916171041871805,0.0,0.0
SNL,SNL/SNL_18650_NCA_35C_0-100_0.5-1C_b,pchp_raw_domain_equal,459,0.06706089334345346,0.08937043779628812,0.0,0.0
SNL,SNL/SNL_18650_NCA_35C_0-100_0.5-1C_c,pchp_raw_domain_equal,510,0.04295194334171314,0.06066826139185479,0.0,0.0
SNL,SNL/SNL_18650_NCA_35C_0-100_0.5-1C_d,pchp_raw_domain_equal,649,0.06924773952712206,0.0836352251717563,0.0,0.0
SNL,SNL/SNL_18650_NCA_35C_0-100_0.5-2C_a,pchp_raw_domain_equal,649,0.11678530736554239,0.1345407375202413,0.0,0.0
SNL,SNL/SNL_18650_NCA_35C_0-100_0.5-2C_b,pchp_raw_domain_equal,781,0.10898259772763073,0.12267048831815332,0.0,0.0
SNL,SNL/SNL_18650_NMC_15C_0-100_0.5-1C_a,pchp_raw_domain_equal,508,0.16822791185899977,0.17660116925578942,0.0,0.0
SNL,SNL/SNL_18650_NMC_15C_0-100_0.5-1C_b,pchp_raw_domain_equal,508,0.1230975509000484,0.13377513763320042,0.0,0.0
SNL,SNL/SNL_18650_NMC_15C_0-100_0.5-2C_a,pchp_raw_domain_equal,384,0.16035107065694745,0.169368127672311,0.0,0.0
SNL,SNL/SNL_18650_NMC_15C_0-100_0.5-2C_b,pchp_raw_domain_equal,384,0.14975505055086705,0.15952277652819577,0.0,0.0
SNL,SNL/SNL_18650_NMC_25C_0-100_0.5-0.5C_b,pchp_raw_domain_equal,674,0.08132403724207164,0.08622874356372588,0.0,0.0
SNL,SNL/SNL_18650_NMC_25C_0-100_0.5-1C_a,pchp_raw_domain_equal,516,0.03814816529125023,0.04231236301850133,0.0,0.0
SNL,SNL/SNL_18650_NMC_25C_0-100_0.5-1C_b,pchp_raw_domain_equal,780,0.030699449178525247,0.03408552804587176,0.0,0.0
SNL,SNL/SNL_18650_NMC_25C_0-100_0.5-1C_c,pchp_raw_domain_equal,392,0.06833634021861934,0.07193162499239719,0.0,0.0
SNL,SNL/SNL_18650_NMC_25C_0-100_0.5-1C_d,pchp_raw_domain_equal,524,0.045567208271833894,0.052382291542593114,0.0,0.0
SNL,SNL/SNL_18650_NMC_25C_0-100_0.5-2C_a,pchp_raw_domain_equal,656,0.07542949229538515,0.07872111877248464,0.0,0.0
SNL,SNL/SNL_18650_NMC_25C_0-100_0.5-2C_b,pchp_raw_domain_equal,1316,0.04936286696555547,0.0528827960774699,0.0,0.0
SNL,SNL/SNL_18650_NMC_25C_0-100_0.5-3C_a,pchp_raw_domain_equal,725,0.045784056178200694,0.04870935603615894,0.0,0.0
SNL,SNL/SNL_18650_NMC_25C_0-100_0.5-3C_b,pchp_raw_domain_equal,547,0.013363056165489589,0.019409592076823013,0.0,0.0
SNL,SNL/SNL_18650_NMC_25C_0-100_0.5-3C_c,pchp_raw_domain_equal,693,0.020501259817885465,0.022319837793504476,0.0,0.0
SNL,SNL/SNL_18650_NMC_25C_0-100_0.5-3C_d,pchp_raw_domain_equal,900,0.019600981383085643,0.025195651402728066,0.0,0.0
SNL,SNL/SNL_18650_NMC_35C_0-100_0.5-1C_a,pchp_raw_domain_equal,781,0.00987953565226155,0.012733832738493427,0.0,0.0
SNL,SNL/SNL_18650_NMC_35C_0-100_0.5-1C_b,pchp_raw_domain_equal,781,0.014386048160215693,0.01822218896196334,0.0,0.0
SNL,SNL/SNL_18650_NMC_35C_0-100_0.5-1C_c,pchp_raw_domain_equal,780,0.011098789393973425,0.01353436996672729,0.0,0.0
SNL,SNL/SNL_18650_NMC_35C_0-100_0.5-1C_d,pchp_raw_domain_equal,781,0.013912896481926527,0.017208298708617988,0.0,0.0
SNL,SNL/SNL_18650_NMC_35C_0-100_0.5-2C_a,pchp_raw_domain_equal,781,0.0322928229962429,0.03560915652438347,0.0,0.0
SNL,SNL/SNL_18650_NMC_35C_0-100_0.5-2C_b,pchp_raw_domain_equal,767,0.012867598721822675,0.01609291850751038,0.0,0.0
UL_PUR,UL_PUR/UL-PUR_N10-EX9_18650_NCA_23C_0-100_0.5-0.5C_i,pchp_raw_domain_equal,189,0.061575507559306665,0.06520186600585094,0.0,0.0
UL_PUR,UL_PUR/UL-PUR_N10-NA7_18650_NCA_23C_0-100_0.5-0.5C_g,pchp_raw_domain_equal,159,0.017007175792078794,0.0199759500343837,0.0,0.0
UL_PUR,UL_PUR/UL-PUR_N10-OV8_18650_NCA_23C_0-100_0.5-0.5C_h,pchp_raw_domain_equal,186,0.06609366583232242,0.07105132839471738,0.0,0.0
UL_PUR,UL_PUR/UL-PUR_N15-EX4_18650_NCA_23C_0-100_0.5-0.5C_d,pchp_raw_domain_equal,219,0.03996455487479142,0.05314210281504029,0.0,0.0
UL_PUR,UL_PUR/UL-PUR_N15-NA10_18650_NCA_23C_0-100_0.5-0.5C_j,pchp_raw_domain_equal,254,0.01730292547656022,0.022093853028099915,0.0,0.0
UL_PUR,UL_PUR/UL-PUR_N15-OV3_18650_NCA_23C_0-100_0.5-0.5C_c,pchp_raw_domain_equal,186,0.02651203845661712,0.039072427454979866,0.0,0.0
UL_PUR,UL_PUR/UL-PUR_N20-EX2_18650_NCA_23C_0-100_0.5-0.5C_b,pchp_raw_domain_equal,304,0.020288025206682395,0.038796459870783874,0.0,0.0
UL_PUR,UL_PUR/UL-PUR_N20-NA5_18650_NCA_23C_0-100_0.5-0.5C_e,pchp_raw_domain_equal,207,0.04829560588749489,0.07458885731315178,0.0,0.0
UL_PUR,UL_PUR/UL-PUR_N20-NA6_18650_NCA_23C_0-100_0.5-0.5C_f,pchp_raw_domain_equal,206,0.05361918724581373,0.08157588223152716,0.0,0.0
UL_PUR,UL_PUR/UL-PUR_N20-OV1_18650_NCA_23C_0-100_0.5-0.5C_a,pchp_raw_domain_equal,285,0.021180472473329406,0.04248059561263312,0.0,0.0
XJTU,XJTU/XJTU_2C_battery-1,pchp_raw_domain_equal,384,0.147624360095595,0.14878924530547183,0.0,0.0
XJTU,XJTU/XJTU_2C_battery-2,pchp_raw_domain_equal,401,0.1473540802729245,0.14856345047321445,0.0,0.0
XJTU,XJTU/XJTU_2C_battery-3,pchp_raw_domain_equal,387,0.1426441252253626,0.14379129231783264,0.0,0.0
XJTU,XJTU/XJTU_2C_battery-4,pchp_raw_domain_equal,390,0.1492530005105283,0.15071025294174645,0.0,0.0
XJTU,XJTU/XJTU_2C_battery-5,pchp_raw_domain_equal,397,0.12631312321444965,0.1279135212167192,0.0,0.0
XJTU,XJTU/XJTU_2C_battery-6,pchp_raw_domain_equal,402,0.13632611072364384,0.13788907428642214,0.0,0.0
XJTU,XJTU/XJTU_2C_battery-7,pchp_raw_domain_equal,396,0.10534473059929855,0.10695734782704655,0.0,0.0
XJTU,XJTU/XJTU_2C_battery-8,pchp_raw_domain_equal,414,0.13729432044817225,0.1392168317429546,0.0,0.0
XJTU,XJTU/XJTU_3C_battery-1,pchp_raw_domain_equal,293,0.13942544167158438,0.1420984877863397,0.0,0.0
XJTU,XJTU/XJTU_3C_battery-10,pchp_raw_domain_equal,158,0.11786126852313279,0.12097171571083705,0.0,0.0
XJTU,XJTU/XJTU_3C_battery-11,pchp_raw_domain_equal,125,0.10919114492801509,0.11333931685340912,0.0,0.0
XJTU,XJTU/XJTU_3C_battery-12,pchp_raw_domain_equal,206,0.1410877898986423,0.1429955224575028,0.0,0.0
XJTU,XJTU/XJTU_3C_battery-13,pchp_raw_domain_equal,220,0.1438138786720803,0.14603769977855627,0.0,0.0
XJTU,XJTU/XJTU_3C_battery-14,pchp_raw_domain_equal,141,0.11703656261492269,0.12046865037519934,0.0,0.0
XJTU,XJTU/XJTU_3C_battery-15,pchp_raw_domain_equal,162,0.12055129228326594,0.12315087677014805,0.0,0.0
XJTU,XJTU/XJTU_3C_battery-2,pchp_raw_domain_equal,286,0.13854754840414066,0.1411214155865411,0.0,0.0
XJTU,XJTU/XJTU_3C_battery-3,pchp_raw_domain_equal,280,0.13974096749603876,0.14377462888750653,0.0,0.0
XJTU,XJTU/XJTU_3C_battery-4,pchp_raw_domain_equal,316,0.13228165921110926,0.13489861519997678,0.0,0.0
XJTU,XJTU/XJTU_3C_battery-5,pchp_raw_domain_equal,291,0.13442696516533068,0.1374254075858461,0.0,0.0
XJTU,XJTU/XJTU_3C_battery-6,pchp_raw_domain_equal,316,0.1440253869020556,0.14680925411533816,0.0,0.0
XJTU,XJTU/XJTU_3C_battery-7,pchp_raw_domain_equal,313,0.14280396015169378,0.1468624944013369,0.0,0.0
XJTU,XJTU/XJTU_3C_battery-8,pchp_raw_domain_equal,264,0.1413305527374542,0.14325879201355718,0.0,0.0
XJTU,XJTU/XJTU_3C_battery-9,pchp_raw_domain_equal,281,0.14688922753023675,0.1488339750745609,0.0,0.0
CALB,CALB/CALB_0_B182,pchp_change_pooled,94,0.07003014673903026,0.07062965250814031,0.0,0.0
CALB,CALB/CALB_0_B183,pchp_change_pooled,94,0.05770406334881683,0.059518040934477746,0.0,0.0
CALB,CALB/CALB_0_B184,pchp_change_pooled,94,0.04191158201939918,0.042841320752838696,0.0,0.0
CALB,CALB/CALB_0_B185,pchp_change_pooled,94,0.04306061688227798,0.04352489605566092,0.0,0.0
CALB,CALB/CALB_0_B187,pchp_change_pooled,94,0.041567288756802205,0.042107426225451806,0.0,0.0
CALB,CALB/CALB_0_B188,pchp_change_pooled,202,0.04220961611251356,0.04951079262364634,0.0,0.0
CALB,CALB/CALB_0_B189,pchp_change_pooled,94,0.037633223895193677,0.03822206172545511,0.0,0.0
CALB,CALB/CALB_0_B190,pchp_change_pooled,94,0.06578534815835356,0.0673611103425578,0.0,0.0
CALB,CALB/CALB_25_T25-1,pchp_change_pooled,93,0.019372583877754906,0.019507788731991972,0.0,0.0
CALB,CALB/CALB_25_T25-2,pchp_change_pooled,93,0.020837987328008307,0.020870635550560988,0.0,0.0
CALB,CALB/CALB_35_B173,pchp_change_pooled,93,0.0214623245666209,0.0217644460178774,0.0,0.0
CALB,CALB/CALB_35_B174,pchp_change_pooled,93,0.023853043654186855,0.024090475976564982,0.0,0.0
CALB,CALB/CALB_35_B175,pchp_change_pooled,93,0.0254695509229138,0.025664404158797803,0.0,0.0
CALB,CALB/CALB_35_B222,pchp_change_pooled,93,0.022252173339814302,0.022530168049179317,0.0,0.0
CALB,CALB/CALB_35_B223,pchp_change_pooled,93,0.02088901944807743,0.021139585534407694,0.0,0.0
CALB,CALB/CALB_35_B224,pchp_change_pooled,93,0.020608745548345086,0.020959306174325332,0.0,0.0
CALB,CALB/CALB_35_B227,pchp_change_pooled,93,0.022058733367756406,0.02234099883501509,0.0,0.0
CALB,CALB/CALB_35_B228,pchp_change_pooled,93,0.024909936998452814,0.025229707090187525,0.0,0.0
CALB,CALB/CALB_35_B229,pchp_change_pooled,93,0.02222328685712305,0.022540362433858558,0.0,0.0
CALB,CALB/CALB_35_B230,pchp_change_pooled,93,0.021807123015082794,0.022179015364070912,0.0,0.0
CALB,CALB/CALB_35_B247,pchp_change_pooled,93,0.26446724160021295,0.26447873524417337,0.0,0.0
CALB,CALB/CALB_35_B248,pchp_change_pooled,93,0.02389266888742181,0.02410783462285349,0.0,0.0
CALB,CALB/CALB_35_B249,pchp_change_pooled,93,0.023141412972176194,0.02335820066690867,0.0,0.0
CALB,CALB/CALB_35_B250,pchp_change_pooled,93,0.021498502492424604,0.021826107406153712,0.0,0.0
CALB,CALB/CALB_45_B253,pchp_change_pooled,94,0.029889401940408632,0.030160176774563303,0.0,0.0
CALB,CALB/CALB_45_B255,pchp_change_pooled,94,0.03277358257657284,0.032982000814624844,0.0,0.0
CALB,CALB/CALB_45_B256,pchp_change_pooled,93,0.033547126216040696,0.03390030158780969,0.0,0.0
CALCE,CALCE/CALCE_CS2_33,pchp_change_pooled,655,0.07442305554921477,0.14910616486266506,0.0,0.0
CALCE,CALCE/CALCE_CS2_34,pchp_change_pooled,627,0.03473834738668683,0.05541249638896482,0.0,0.0
CALCE,CALCE/CALCE_CS2_35,pchp_change_pooled,775,0.06908247360174784,0.1162396014690935,0.0,0.0
CALCE,CALCE/CALCE_CS2_36,pchp_change_pooled,827,0.09111446546011447,0.15426529587003016,0.0,0.0
CALCE,CALCE/CALCE_CS2_37,pchp_change_pooled,900,0.07516475531405153,0.13057193012012178,0.0,0.0
CALCE,CALCE/CALCE_CS2_38,pchp_change_pooled,898,0.06902258899037332,0.11673298897985153,0.0,0.0
CALCE,CALCE/CALCE_CX2_16,pchp_change_pooled,1274,0.05878765846130082,0.07111084025785282,0.0,0.0
CALCE,CALCE/CALCE_CX2_33,pchp_change_pooled,1266,0.03283854971133425,0.04656993036411349,0.0,0.0
CALCE,CALCE/CALCE_CX2_34,pchp_change_pooled,1358,0.03783996212294322,0.05194421694322805,0.0,0.0
CALCE,CALCE/CALCE_CX2_35,pchp_change_pooled,1449,0.03054535395320787,0.05192392560226575,0.0,0.0
CALCE,CALCE/CALCE_CX2_36,pchp_change_pooled,1563,0.04522617363113055,0.05710663151904578,0.0,0.0
CALCE,CALCE/CALCE_CX2_37,pchp_change_pooled,1067,0.02685974600273996,0.03339922964616306,0.0,0.0
CALCE,CALCE/CALCE_CX2_38,pchp_change_pooled,1574,0.0598552261044942,0.08417018652520822,0.0,0.0
HNEI,HNEI/HNEI_18650_NMC_LCO_25C_0-100_0.5-1.5C_a,pchp_change_pooled,1081,0.1950198232796921,0.24061252515056716,0.0,0.0
HNEI,HNEI/HNEI_18650_NMC_LCO_25C_0-100_0.5-1.5C_b,pchp_change_pooled,1074,0.03646473406301754,0.04343664132819056,0.0,0.0
HNEI,HNEI/HNEI_18650_NMC_LCO_25C_0-100_0.5-1.5C_c,pchp_change_pooled,1076,0.04805478922530644,0.051328038173818674,0.0,0.0
HNEI,HNEI/HNEI_18650_NMC_LCO_25C_0-100_0.5-1.5C_d,pchp_change_pooled,1076,0.04989428599387409,0.052951945786024766,0.0,0.0
HNEI,HNEI/HNEI_18650_NMC_LCO_25C_0-100_0.5-1.5C_e,pchp_change_pooled,1101,0.049517142907547274,0.05410418400402704,0.0,0.0
HNEI,HNEI/HNEI_18650_NMC_LCO_25C_0-100_0.5-1.5C_f,pchp_change_pooled,1069,0.06611406740744603,0.07198996343906955,0.0,0.0
HNEI,HNEI/HNEI_18650_NMC_LCO_25C_0-100_0.5-1.5C_g,pchp_change_pooled,1076,0.06525576326685738,0.07140918494129042,0.0,0.0
HNEI,HNEI/HNEI_18650_NMC_LCO_25C_0-100_0.5-1.5C_j,pchp_change_pooled,1070,0.05023270943604757,0.05414908117054526,0.0,0.0
HNEI,HNEI/HNEI_18650_NMC_LCO_25C_0-100_0.5-1.5C_l,pchp_change_pooled,1076,0.05811049211228041,0.06370368433741008,0.0,0.0
HNEI,HNEI/HNEI_18650_NMC_LCO_25C_0-100_0.5-1.5C_n,pchp_change_pooled,1076,0.04545411941161327,0.04812312898635557,0.0,0.0
HNEI,HNEI/HNEI_18650_NMC_LCO_25C_0-100_0.5-1.5C_o,pchp_change_pooled,1076,0.018535718527150826,0.02508851123033173,0.0,0.0
HNEI,HNEI/HNEI_18650_NMC_LCO_25C_0-100_0.5-1.5C_p,pchp_change_pooled,1074,0.017415985367497624,0.02126197362720509,0.0,0.0
HNEI,HNEI/HNEI_18650_NMC_LCO_25C_0-100_0.5-1.5C_s,pchp_change_pooled,1082,0.049619100922674686,0.05218570985449521,0.0,0.0
HNEI,HNEI/HNEI_18650_NMC_LCO_25C_0-100_0.5-1.5C_t,pchp_change_pooled,1078,0.04881852227047807,0.054442972770575054,0.0,0.0
HUST,HUST/HUST_1-1,pchp_change_pooled,1499,0.018134628785576118,0.03471783339417829,0.0,0.0
HUST,HUST/HUST_1-2,pchp_change_pooled,2673,0.029236341873054746,0.046239607023763285,0.0,0.0
HUST,HUST/HUST_1-3,pchp_change_pooled,1853,0.03701967732233644,0.04533985772865986,0.0,0.0
HUST,HUST/HUST_1-4,pchp_change_pooled,1495,0.035208091455282114,0.04574708656895461,0.0,0.0
HUST,HUST/HUST_1-5,pchp_change_pooled,1966,0.03783046122813412,0.04306982322058963,0.0,0.0
HUST,HUST/HUST_1-6,pchp_change_pooled,1138,0.042830040399873315,0.05262111754466022,0.0,0.0
HUST,HUST/HUST_1-7,pchp_change_pooled,1673,0.021113187918959195,0.038926667131500885,0.0,0.0
HUST,HUST/HUST_1-8,pchp_change_pooled,2280,0.023178371658765018,0.04074008597125721,0.0,0.0
HUST,HUST/HUST_10-1,pchp_change_pooled,1697,0.024948551414571453,0.040765708869293954,0.0,0.0
HUST,HUST/HUST_10-2,pchp_change_pooled,1692,0.03868080126795626,0.05877141252735254,0.0,0.0
HUST,HUST/HUST_10-3,pchp_change_pooled,1843,0.03164658547629176,0.04790910752813598,0.0,0.0
HUST,HUST/HUST_10-4,pchp_change_pooled,1806,0.031664814807782854,0.04273418650971212,0.0,0.0
HUST,HUST/HUST_10-5,pchp_change_pooled,2025,0.03559736914384927,0.048025176718552574,0.0,0.0
HUST,HUST/HUST_10-6,pchp_change_pooled,2280,0.03236344528010398,0.05224677287040947,0.0,0.0
HUST,HUST/HUST_10-7,pchp_change_pooled,1778,0.03373055821178685,0.04804995277214985,0.0,0.0
HUST,HUST/HUST_10-8,pchp_change_pooled,1395,0.027373056076403134,0.041725488046683024,0.0,0.0
HUST,HUST/HUST_2-2,pchp_change_pooled,2646,0.03165380168392686,0.0483057651577922,0.0,0.0
HUST,HUST/HUST_2-3,pchp_change_pooled,1746,0.035519800387261914,0.04516803941886966,0.0,0.0
HUST,HUST/HUST_2-4,pchp_change_pooled,1494,0.023662488128900556,0.03931444641558196,0.0,0.0
HUST,HUST/HUST_2-5,pchp_change_pooled,1381,0.034580865494097356,0.04178621199042779,0.0,0.0
HUST,HUST/HUST_2-6,pchp_change_pooled,1567,0.03297323949042194,0.04657131600900529,0.0,0.0
HUST,HUST/HUST_2-7,pchp_change_pooled,2197,0.0337868791283701,0.04487951461040904,0.0,0.0
HUST,HUST/HUST_2-8,pchp_change_pooled,1476,0.028219515545637872,0.04542857509490743,0.0,0.0
HUST,HUST/HUST_3-1,pchp_change_pooled,1933,0.03720560790642486,0.05196070293767902,0.0,0.0
HUST,HUST/HUST_3-2,pchp_change_pooled,2278,0.03900408008688441,0.05351072041789905,0.0,0.0
HUST,HUST/HUST_3-3,pchp_change_pooled,1644,0.03546938588912516,0.05235829033226829,0.0,0.0
HUST,HUST/HUST_3-4,pchp_change_pooled,1761,0.030014090758815243,0.04393286368817422,0.0,0.0
HUST,HUST/HUST_3-5,pchp_change_pooled,2652,0.039099599097388915,0.05795653626733857,0.0,0.0
HUST,HUST/HUST_3-6,pchp_change_pooled,2486,0.03724111804864297,0.04967311642241182,0.0,0.0
HUST,HUST/HUST_3-7,pchp_change_pooled,2474,0.029695076012117377,0.04571118055617863,0.0,0.0
HUST,HUST/HUST_3-8,pchp_change_pooled,2337,0.0381890351072583,0.05403081832760524,0.0,0.0
HUST,HUST/HUST_4-1,pchp_change_pooled,2212,0.03617088192936674,0.050608085618465845,0.0,0.0
HUST,HUST/HUST_4-2,pchp_change_pooled,1777,0.031210710636638408,0.041679020821288916,0.0,0.0
HUST,HUST/HUST_4-3,pchp_change_pooled,1137,0.02063543298764136,0.03741605170987044,0.0,0.0
HUST,HUST/HUST_4-4,pchp_change_pooled,1486,0.02171701711904897,0.037009290732895495,0.0,0.0
HUST,HUST/HUST_4-5,pchp_change_pooled,1556,0.02851618130848643,0.044167192979162856,0.0,0.0
HUST,HUST/HUST_4-6,pchp_change_pooled,1375,0.030288071495294746,0.04235118668173604,0.0,0.0
HUST,HUST/HUST_4-7,pchp_change_pooled,2211,0.030404458514737418,0.050059365737810065,0.0,0.0
HUST,HUST/HUST_4-8,pchp_change_pooled,1701,0.03416262218752836,0.04663318036608351,0.0,0.0
HUST,HUST/HUST_5-1,pchp_change_pooled,2502,0.029342573218576213,0.04615905812192242,0.0,0.0
HUST,HUST/HUST_5-2,pchp_change_pooled,1921,0.03509479224589283,0.04522882953055122,0.0,0.0
HUST,HUST/HUST_5-3,pchp_change_pooled,2684,0.02887692708293596,0.04583671508410722,0.0,0.0
HUST,HUST/HUST_5-4,pchp_change_pooled,1957,0.022244722960888193,0.0366307054123796,0.0,0.0
HUST,HUST/HUST_5-5,pchp_change_pooled,1578,0.036124690959282425,0.0433256926357331,0.0,0.0
HUST,HUST/HUST_5-6,pchp_change_pooled,2455,0.02802526610632325,0.04513640502459203,0.0,0.0
HUST,HUST/HUST_5-7,pchp_change_pooled,1443,0.02035662295202586,0.0357125709726063,0.0,0.0
HUST,HUST/HUST_6-1,pchp_change_pooled,1604,0.01905765937998275,0.03530172925875745,0.0,0.0
HUST,HUST/HUST_6-2,pchp_change_pooled,1903,0.03886698330843715,0.04725465048405733,0.0,0.0
HUST,HUST/HUST_6-3,pchp_change_pooled,1799,0.03446785674150727,0.04818651413445694,0.0,0.0
HUST,HUST/HUST_6-4,pchp_change_pooled,1712,0.02393236286731966,0.03911048031418838,0.0,0.0
HUST,HUST/HUST_6-5,pchp_change_pooled,2173,0.023587424002403247,0.03764015710380644,0.0,0.0
HUST,HUST/HUST_6-6,pchp_change_pooled,2463,0.0419766331835594,0.046842938015189045,0.0,0.0
HUST,HUST/HUST_6-8,pchp_change_pooled,2445,0.04373679879993485,0.060768182108584264,0.0,0.0
HUST,HUST/HUST_7-1,pchp_change_pooled,1685,0.03421129924941769,0.04934821186014908,0.0,0.0
HUST,HUST/HUST_7-2,pchp_change_pooled,2025,0.036623948511410265,0.056272788437387616,0.0,0.0
HUST,HUST/HUST_7-3,pchp_change_pooled,1290,0.01838485767363087,0.03450262245959981,0.0,0.0
HUST,HUST/HUST_7-4,pchp_change_pooled,1388,0.01863119692359265,0.03373354341257703,0.0,0.0
HUST,HUST/HUST_7-5,pchp_change_pooled,1868,0.030994945482122938,0.043957839826067005,0.0,0.0
HUST,HUST/HUST_7-6,pchp_change_pooled,1414,0.01939179167263763,0.03584308325345043,0.0,0.0
HUST,HUST/HUST_7-7,pchp_change_pooled,1680,0.02076698795807584,0.037416706707259356,0.0,0.0
HUST,HUST/HUST_7-8,pchp_change_pooled,1933,0.032153672207009584,0.0411892455455829,0.0,0.0
HUST,HUST/HUST_8-1,pchp_change_pooled,1303,0.018453024227380273,0.0355300188180831,0.0,0.0
HUST,HUST/HUST_8-2,pchp_change_pooled,2036,0.024284410730380027,0.04278821457044146,0.0,0.0
HUST,HUST/HUST_8-3,pchp_change_pooled,2285,0.034612233666743056,0.047025491673950016,0.0,0.0
HUST,HUST/HUST_8-4,pchp_change_pooled,1880,0.02052276344274873,0.03732043549071869,0.0,0.0
HUST,HUST/HUST_8-5,pchp_change_pooled,1343,0.019447032243166153,0.03477501910420665,0.0,0.0
HUST,HUST/HUST_8-6,pchp_change_pooled,2360,0.02721565279217062,0.04730933286466779,0.0,0.0
HUST,HUST/HUST_8-7,pchp_change_pooled,2042,0.02501825477331832,0.03959967717206934,0.0,0.0
HUST,HUST/HUST_8-8,pchp_change_pooled,1674,0.034546526547314556,0.04945518624325303,0.0,0.0
HUST,HUST/HUST_9-1,pchp_change_pooled,2052,0.04008315039538347,0.05906255797304947,0.0,0.0
HUST,HUST/HUST_9-2,pchp_change_pooled,2138,0.0348554384971097,0.04608660826824743,0.0,0.0
HUST,HUST/HUST_9-3,pchp_change_pooled,1900,0.03530476762446384,0.048757790921073685,0.0,0.0
HUST,HUST/HUST_9-4,pchp_change_pooled,1970,0.03785878415541182,0.054990036213534876,0.0,0.0
HUST,HUST/HUST_9-5,pchp_change_pooled,2163,0.03727112614510802,0.05317626918894506,0.0,0.0
HUST,HUST/HUST_9-6,pchp_change_pooled,1737,0.0377599848880453,0.056655770425560525,0.0,0.0
HUST,HUST/HUST_9-7,pchp_change_pooled,2007,0.03267764449237807,0.04413035811648315,0.0,0.0
HUST,HUST/HUST_9-8,pchp_change_pooled,2303,0.03605318071054517,0.04650602640359589,0.0,0.0
MATR,MATR/MATR_b1c0,pchp_change_pooled,1843,0.03790885600539234,0.042575502505142956,0.0,0.0
MATR,MATR/MATR_b1c1,pchp_change_pooled,2153,0.04487258814365729,0.049814402410939214,0.0,0.0
MATR,MATR/MATR_b1c11,pchp_change_pooled,781,0.061246779527179995,0.06669075890854625,0.0,0.0
MATR,MATR/MATR_b1c14,pchp_change_pooled,873,0.06161364160333971,0.06756826250793883,0.0,0.0
MATR,MATR/MATR_b1c15,pchp_change_pooled,712,0.056481368717688135,0.0616510400631561,0.0,0.0
MATR,MATR/MATR_b1c16,pchp_change_pooled,855,0.04971145452854447,0.054055246718455484,0.0,0.0
MATR,MATR/MATR_b1c17,pchp_change_pooled,850,0.05143467862237724,0.05547085116670468,0.0,0.0
MATR,MATR/MATR_b1c18,pchp_change_pooled,683,0.052060886046851204,0.05366950679182661,0.0,0.0
MATR,MATR/MATR_b1c19,pchp_change_pooled,781,0.0487844958562431,0.05219936103521184,0.0,0.0
MATR,MATR/MATR_b1c2,pchp_change_pooled,2229,0.04391834671470612,0.0489616228232809,0.0,0.0
MATR,MATR/MATR_b1c20,pchp_change_pooled,526,0.030079562984557145,0.032602065869458206,0.0,0.0
MATR,MATR/MATR_b1c21,pchp_change_pooled,552,0.040417290406956456,0.043117397412130005,0.0,0.0
MATR,MATR/MATR_b1c23,pchp_change_pooled,1007,0.06660581451436562,0.07281655870154191,0.0,0.0
MATR,MATR/MATR_b1c24,pchp_change_pooled,1010,0.08259114426318884,0.08719181565620136,0.0,0.0
MATR,MATR/MATR_b1c25,pchp_change_pooled,847,0.0746419852222763,0.08018874003467229,0.0,0.0
MATR,MATR/MATR_b1c26,pchp_change_pooled,863,0.054154005157582015,0.05909575604446363,0.0,0.0
MATR,MATR/MATR_b1c27,pchp_change_pooled,835,0.05860517341281292,0.06361841263130573,0.0,0.0
MATR,MATR/MATR_b1c28,pchp_change_pooled,853,0.07614272871825646,0.08126640755377097,0.0,0.0
MATR,MATR/MATR_b1c29,pchp_change_pooled,910,0.07749480560637204,0.08179919298686644,0.0,0.0
MATR,MATR/MATR_b1c3,pchp_change_pooled,1427,0.045947189268783044,0.05074566980620427,0.0,0.0
MATR,MATR/MATR_b1c30,pchp_change_pooled,701,0.055274170589821855,0.05915710747597824,0.0,0.0
MATR,MATR/MATR_b1c31,pchp_change_pooled,869,0.05888822648131867,0.06287239267661812,0.0,0.0
MATR,MATR/MATR_b1c32,pchp_change_pooled,724,0.06688581971479672,0.07090614008833479,0.0,0.0
MATR,MATR/MATR_b1c33,pchp_change_pooled,750,0.06608299894612596,0.07010768592407426,0.0,0.0
MATR,MATR/MATR_b1c34,pchp_change_pooled,735,0.06961411659919187,0.07407064727222955,0.0,0.0
MATR,MATR/MATR_b1c35,pchp_change_pooled,695,0.06636154405260719,0.07075099368122185,0.0,0.0
MATR,MATR/MATR_b1c36,pchp_change_pooled,697,0.07251345780948325,0.07673977847010609,0.0,0.0
MATR,MATR/MATR_b1c37,pchp_change_pooled,640,0.07119455771627407,0.07550902111164128,0.0,0.0
MATR,MATR/MATR_b1c38,pchp_change_pooled,610,0.06617888640524563,0.06939144352852677,0.0,0.0
MATR,MATR/MATR_b1c39,pchp_change_pooled,618,0.05544271208414699,0.058628550338437724,0.0,0.0
MATR,MATR/MATR_b1c4,pchp_change_pooled,1702,0.04637896872995926,0.05170103564275276,0.0,0.0
MATR,MATR/MATR_b1c40,pchp_change_pooled,959,0.07537998501134426,0.08114109209661405,0.0,0.0
MATR,MATR/MATR_b1c41,pchp_change_pooled,1044,0.08084994192569964,0.0857072578686258,0.0,0.0
MATR,MATR/MATR_b1c42,pchp_change_pooled,695,0.059967348260901755,0.06439303211290763,0.0,0.0
MATR,MATR/MATR_b1c43,pchp_change_pooled,644,0.055908409135361554,0.05940651674330188,0.0,0.0
MATR,MATR/MATR_b1c44,pchp_change_pooled,608,0.06342927566760281,0.06928621879439084,0.0,0.0
MATR,MATR/MATR_b1c45,pchp_change_pooled,592,0.06211289200282122,0.0680662135722611,0.0,0.0
MATR,MATR/MATR_b1c5,pchp_change_pooled,1067,0.043540103985076864,0.04739457815320599,0.0,0.0
MATR,MATR/MATR_b1c6,pchp_change_pooled,629,0.034068463093440075,0.036837429443724264,0.0,0.0
MATR,MATR/MATR_b1c7,pchp_change_pooled,863,0.04842556842143524,0.051744258481665556,0.0,0.0
MATR,MATR/MATR_b1c9,pchp_change_pooled,1046,0.05627620109994925,0.06209258170979574,0.0,0.0
MATR,MATR/MATR_b2c0,pchp_change_pooled,320,0.03041419299136744,0.03679840222108848,0.0,0.0
MATR,MATR/MATR_b2c1,pchp_change_pooled,164,0.04568446230320253,0.0623326620410107,0.0,0.0
MATR,MATR/MATR_b2c10,pchp_change_pooled,590,0.029535575263516613,0.03463856544909618,0.0,0.0
MATR,MATR/MATR_b2c11,pchp_change_pooled,499,0.029704546685729784,0.03714560460336369,0.0,0.0
MATR,MATR/MATR_b2c12,pchp_change_pooled,484,0.0236142473600057,0.035203522528124434,0.0,0.0
MATR,MATR/MATR_b2c13,pchp_change_pooled,514,0.028907522091305406,0.039429012967041585,0.0,0.0
MATR,MATR/MATR_b2c14,pchp_change_pooled,503,0.03535870985612703,0.04171740948800812,0.0,0.0
MATR,MATR/MATR_b2c17,pchp_change_pooled,519,0.03938089236415921,0.04401554265932689,0.0,0.0
MATR,MATR/MATR_b2c18,pchp_change_pooled,517,0.026673197279709744,0.034933725644605,0.0,0.0
MATR,MATR/MATR_b2c19,pchp_change_pooled,483,0.017766694738606828,0.02759968838873547,0.0,0.0
MATR,MATR/MATR_b2c2,pchp_change_pooled,458,0.045376884264862194,0.04929950734350916,0.0,0.0
MATR,MATR/MATR_b2c20,pchp_change_pooled,525,0.0368140564190097,0.04332242352547448,0.0,0.0
MATR,MATR/MATR_b2c21,pchp_change_pooled,514,0.029744071578374793,0.037971601296484886,0.0,0.0
MATR,MATR/MATR_b2c22,pchp_change_pooled,534,0.03458060544906737,0.04111111567740276,0.0,0.0
MATR,MATR/MATR_b2c23,pchp_change_pooled,556,0.0328934739999331,0.03869582628008682,0.0,0.0
MATR,MATR/MATR_b2c24,pchp_change_pooled,518,0.03394177277443309,0.03976886053485289,0.0,0.0
MATR,MATR/MATR_b2c25,pchp_change_pooled,481,0.024937623646595488,0.034050810328047174,0.0,0.0
MATR,MATR/MATR_b2c26,pchp_change_pooled,492,0.028622846357622304,0.0372241747476419,0.0,0.0
MATR,MATR/MATR_b2c27,pchp_change_pooled,489,0.03346068632640989,0.039692456719462435,0.0,0.0
MATR,MATR/MATR_b2c28,pchp_change_pooled,535,0.0382873405283425,0.0432837319450987,0.0,0.0
MATR,MATR/MATR_b2c29,pchp_change_pooled,516,0.04402953629693681,0.04872588481809586,0.0,0.0
MATR,MATR/MATR_b2c3,pchp_change_pooled,355,0.034193529264775396,0.04215670534204465,0.0,0.0
MATR,MATR/MATR_b2c30,pchp_change_pooled,501,0.03424419060556152,0.03968933744555579,0.0,0.0
MATR,MATR/MATR_b2c31,pchp_change_pooled,513,0.03918909808054799,0.04371039865899483,0.0,0.0
MATR,MATR/MATR_b2c32,pchp_change_pooled,538,0.04173656457762696,0.045617200365041854,0.0,0.0
MATR,MATR/MATR_b2c33,pchp_change_pooled,540,0.04313649758549503,0.04777482059390136,0.0,0.0
MATR,MATR/MATR_b2c34,pchp_change_pooled,520,0.044019910636115815,0.047369012658921024,0.0,0.0
MATR,MATR/MATR_b2c35,pchp_change_pooled,480,0.03778674103829638,0.04166579420895336,0.0,0.0
MATR,MATR/MATR_b2c36,pchp_change_pooled,554,0.041613096255057866,0.045555331248064754,0.0,0.0
MATR,MATR/MATR_b2c37,pchp_change_pooled,496,0.04285148573782345,0.047457595945915323,0.0,0.0
MATR,MATR/MATR_b2c38,pchp_change_pooled,481,0.03893999801382242,0.042939423808959494,0.0,0.0
MATR,MATR/MATR_b2c39,pchp_change_pooled,474,0.043725625827689435,0.047700086261692934,0.0,0.0
MATR,MATR/MATR_b2c4,pchp_change_pooled,465,0.025940320519223674,0.03533943672046968,0.0,0.0
MATR,MATR/MATR_b2c40,pchp_change_pooled,524,0.031802107620710306,0.0381801038704747,0.0,0.0
MATR,MATR/MATR_b2c41,pchp_change_pooled,446,0.04015693428320102,0.04361089114509619,0.0,0.0
MATR,MATR/MATR_b2c42,pchp_change_pooled,486,0.03837747986740308,0.041718559806131726,0.0,0.0
MATR,MATR/MATR_b2c43,pchp_change_pooled,481,0.03828364323199618,0.04116598257715894,0.0,0.0
MATR,MATR/MATR_b2c44,pchp_change_pooled,472,0.043238515102994576,0.04533998879335334,0.0,0.0
MATR,MATR/MATR_b2c45,pchp_change_pooled,508,0.03375236541266044,0.03852276165059661,0.0,0.0
MATR,MATR/MATR_b2c46,pchp_change_pooled,443,0.042811045380382586,0.04516823651720388,0.0,0.0
MATR,MATR/MATR_b2c47,pchp_change_pooled,739,0.04128366072308962,0.0435167473620864,0.0,0.0
MATR,MATR/MATR_b2c5,pchp_change_pooled,501,0.03614223702932704,0.04187836422957263,0.0,0.0
MATR,MATR/MATR_b2c6,pchp_change_pooled,539,0.01998689181004142,0.029288515294453248,0.0,0.0
MATR,MATR/MATR_b3c0,pchp_change_pooled,1002,0.03792710509904129,0.04096022311527242,0.0,0.0
MATR,MATR/MATR_b3c1,pchp_change_pooled,1056,0.04797100139038941,0.05140637917089413,0.0,0.0
MATR,MATR/MATR_b3c10,pchp_change_pooled,1071,0.03922503357988073,0.04267838422857604,0.0,0.0
MATR,MATR/MATR_b3c11,pchp_change_pooled,810,0.03291187029689592,0.03520003823917657,0.0,0.0
MATR,MATR/MATR_b3c12,pchp_change_pooled,925,0.04489736051456153,0.048130055582391966,0.0,0.0
MATR,MATR/MATR_b3c13,pchp_change_pooled,809,0.03345934937080381,0.03510612895931342,0.0,0.0
MATR,MATR/MATR_b3c14,pchp_change_pooled,851,0.04143497029574375,0.04422675070892603,0.0,0.0
MATR,MATR/MATR_b3c15,pchp_change_pooled,869,0.03842599941513334,0.04095457502404563,0.0,0.0
MATR,MATR/MATR_b3c16,pchp_change_pooled,1631,0.039264458346849156,0.042708959624382654,0.0,0.0
MATR,MATR/MATR_b3c17,pchp_change_pooled,1308,0.05059270874160072,0.05489915451195329,0.0,0.0
MATR,MATR/MATR_b3c18,pchp_change_pooled,1139,0.04109030266861386,0.043765116878233264,0.0,0.0
MATR,MATR/MATR_b3c19,pchp_change_pooled,1148,0.04366688628422781,0.04732976390260871,0.0,0.0
MATR,MATR/MATR_b3c20,pchp_change_pooled,806,0.033231234163146856,0.035690898920273634,0.0,0.0
MATR,MATR/MATR_b3c21,pchp_change_pooled,765,0.025023865474712307,0.02645469201440274,0.0,0.0
MATR,MATR/MATR_b3c22,pchp_change_pooled,995,0.07099653030277356,0.07434950879933369,0.0,0.0
MATR,MATR/MATR_b3c24,pchp_change_pooled,818,0.03306573966707239,0.035147048471506424,0.0,0.0
MATR,MATR/MATR_b3c25,pchp_change_pooled,982,0.04907718139278299,0.05211909304792036,0.0,0.0
MATR,MATR/MATR_b3c26,pchp_change_pooled,1021,0.04289741904375092,0.04633579756224722,0.0,0.0
MATR,MATR/MATR_b3c27,pchp_change_pooled,843,0.040375942712479795,0.04262492307575712,0.0,0.0
MATR,MATR/MATR_b3c28,pchp_change_pooled,534,0.018040192806588858,0.02097454799125777,0.0,0.0
MATR,MATR/MATR_b3c29,pchp_change_pooled,851,0.038207519856978005,0.04066387006662438,0.0,0.0
MATR,MATR/MATR_b3c3,pchp_change_pooled,1108,0.04931984922356824,0.05311380083016533,0.0,0.0
MATR,MATR/MATR_b3c30,pchp_change_pooled,928,0.0457781585782973,0.0495389293324119,0.0,0.0
MATR,MATR/MATR_b3c31,pchp_change_pooled,724,0.05326591717130036,0.056432141566700636,0.0,0.0
MATR,MATR/MATR_b3c33,pchp_change_pooled,1277,0.04361550963558897,0.04734585751038622,0.0,0.0
MATR,MATR/MATR_b3c34,pchp_change_pooled,1151,0.04607524566642069,0.04948720855209237,0.0,0.0
MATR,MATR/MATR_b3c35,pchp_change_pooled,1086,0.03769949517750621,0.04060404406890788,0.0,0.0
MATR,MATR/MATR_b3c36,pchp_change_pooled,916,0.043527770310511055,0.04550596795277775,0.0,0.0
MATR,MATR/MATR_b3c38,pchp_change_pooled,1928,0.05407255075069213,0.058508316079601067,0.0,0.0
MATR,MATR/MATR_b3c39,pchp_change_pooled,1149,0.05303207077493065,0.055743290698952966,0.0,0.0
MATR,MATR/MATR_b3c4,pchp_change_pooled,1041,0.03990281653041413,0.04299008769053646,0.0,0.0
MATR,MATR/MATR_b3c40,pchp_change_pooled,789,0.033308371387306863,0.03513234099682187,0.0,0.0
MATR,MATR/MATR_b3c41,pchp_change_pooled,779,0.04190984340360775,0.044416240888907325,0.0,0.0
MATR,MATR/MATR_b3c44,pchp_change_pooled,933,0.04993195385326125,0.05304331651130246,0.0,0.0
MATR,MATR/MATR_b3c45,pchp_change_pooled,1794,0.043933142068557675,0.047560591554469706,0.0,0.0
MATR,MATR/MATR_b3c5,pchp_change_pooled,821,0.039450811758583455,0.04123391585703231,0.0,0.0
MATR,MATR/MATR_b3c6,pchp_change_pooled,660,0.01731923387354887,0.020141068146768436,0.0,0.0
MATR,MATR/MATR_b3c7,pchp_change_pooled,1829,0.04451156197466526,0.04860909024262629,0.0,0.0
MATR,MATR/MATR_b3c8,pchp_change_pooled,821,0.03378645345279513,0.03559755546252395,0.0,0.0
MATR,MATR/MATR_b3c9,pchp_change_pooled,1032,0.05401322217454905,0.05745426236852413,0.0,0.0
MATR,MATR/MATR_b4c0,pchp_change_pooled,977,0.044412607059972256,0.06162637960257087,0.0,0.0
MATR,MATR/MATR_b4c1,pchp_change_pooled,856,0.04193486705872646,0.058111726679231784,0.0,0.0
MATR,MATR/MATR_b4c10,pchp_change_pooled,1077,0.0743361339649478,0.106829025906818,0.0,0.0
MATR,MATR/MATR_b4c11,pchp_change_pooled,925,0.0484308459730734,0.05235099357524275,0.0,0.0
MATR,MATR/MATR_b4c12,pchp_change_pooled,893,0.051790818459018895,0.05749718078396816,0.0,0.0
MATR,MATR/MATR_b4c13,pchp_change_pooled,864,0.05842757513839004,0.06668467149836003,0.0,0.0
MATR,MATR/MATR_b4c14,pchp_change_pooled,762,0.08655900033197947,0.10798377659960108,0.0,0.0
MATR,MATR/MATR_b4c15,pchp_change_pooled,866,0.09500727219273379,0.1293381480095986,0.0,0.0
MATR,MATR/MATR_b4c16,pchp_change_pooled,978,0.07310168422408637,0.07784271481621571,0.0,0.0
MATR,MATR/MATR_b4c17,pchp_change_pooled,925,0.06672682369996755,0.07034536327698085,0.0,0.0
MATR,MATR/MATR_b4c18,pchp_change_pooled,1052,0.06337061545899561,0.07637479903323877,0.0,0.0
MATR,MATR/MATR_b4c19,pchp_change_pooled,1106,0.07630383627214679,0.08237257357912595,0.0,0.0
MATR,MATR/MATR_b4c2,pchp_change_pooled,779,0.04022055399115588,0.044902255864018595,0.0,0.0
MATR,MATR/MATR_b4c20,pchp_change_pooled,799,0.03993172696874641,0.04332006732327814,0.0,0.0
MATR,MATR/MATR_b4c21,pchp_change_pooled,898,0.05990337315107539,0.08057693275858427,0.0,0.0
MATR,MATR/MATR_b4c22,pchp_change_pooled,740,0.0704399243157805,0.07504072749493498,0.0,0.0
MATR,MATR/MATR_b4c23,pchp_change_pooled,1089,0.06003928156343153,0.06472991948380881,0.0,0.0
MATR,MATR/MATR_b4c24,pchp_change_pooled,1110,0.0490519020882803,0.05974001815642355,0.0,0.0
MATR,MATR/MATR_b4c25,pchp_change_pooled,562,0.08552522791184095,0.10450770071355386,0.0,0.0
MATR,MATR/MATR_b4c26,pchp_change_pooled,574,0.08213977232266716,0.10037708684936558,0.0,0.0
MATR,MATR/MATR_b4c27,pchp_change_pooled,558,0.06355741721601645,0.0691083809427861,0.0,0.0
MATR,MATR/MATR_b4c28,pchp_change_pooled,877,0.05348926851154805,0.0575143648204641,0.0,0.0
MATR,MATR/MATR_b4c29,pchp_change_pooled,951,0.04696966685782257,0.05227734277852186,0.0,0.0
MATR,MATR/MATR_b4c3,pchp_change_pooled,906,0.07326288979421007,0.08678574783137788,0.0,0.0
MATR,MATR/MATR_b4c30,pchp_change_pooled,714,0.0505614684509465,0.06530421034951334,0.0,0.0
MATR,MATR/MATR_b4c31,pchp_change_pooled,827,0.15203999901120988,0.22118277078070048,0.0,0.0
MATR,MATR/MATR_b4c32,pchp_change_pooled,834,0.06935337617069291,0.07446283762542925,0.0,0.0
MATR,MATR/MATR_b4c33,pchp_change_pooled,525,0.06514468230507078,0.06826584942156586,0.0,0.0
MATR,MATR/MATR_b4c34,pchp_change_pooled,992,0.04498945950867087,0.05056694054436715,0.0,0.0
MATR,MATR/MATR_b4c35,pchp_change_pooled,1126,0.042512047278718317,0.0472042335009619,0.0,0.0
MATR,MATR/MATR_b4c36,pchp_change_pooled,708,0.08362910155150362,0.09836739868395429,0.0,0.0
MATR,MATR/MATR_b4c37,pchp_change_pooled,1000,0.07327059782853206,0.08021079907243292,0.0,0.0
MATR,MATR/MATR_b4c38,pchp_change_pooled,1225,0.04850383284160385,0.05309715592816701,0.0,0.0
MATR,MATR/MATR_b4c39,pchp_change_pooled,756,0.07038392253657219,0.0746649666593214,0.0,0.0
MATR,MATR/MATR_b4c4,pchp_change_pooled,907,0.13985006588432702,0.2033979518055662,0.0,0.0
MATR,MATR/MATR_b4c40,pchp_change_pooled,1117,0.048629548669458664,0.05239143631035304,0.0,0.0
MATR,MATR/MATR_b4c41,pchp_change_pooled,992,0.07049602205379857,0.1013315060089887,0.0,0.0
MATR,MATR/MATR_b4c42,pchp_change_pooled,910,0.06450114951029112,0.08489474191358266,0.0,0.0
MATR,MATR/MATR_b4c43,pchp_change_pooled,946,0.07541716302075757,0.11325714333141257,0.0,0.0
MATR,MATR/MATR_b4c44,pchp_change_pooled,1072,0.06422060228426646,0.07062789436435384,0.0,0.0
MATR,MATR/MATR_b4c5,pchp_change_pooled,1062,0.059835422659883786,0.0737649971763917,0.0,0.0
MATR,MATR/MATR_b4c6,pchp_change_pooled,772,0.06583691284672903,0.0701673710778664,0.0,0.0
MATR,MATR/MATR_b4c7,pchp_change_pooled,557,0.06887582239411288,0.07125531568380263,0.0,0.0
MATR,MATR/MATR_b4c8,pchp_change_pooled,713,0.038099956570474124,0.043378530144926444,0.0,0.0
MATR,MATR/MATR_b4c9,pchp_change_pooled,524,0.0702713082313886,0.08009263883256669,0.0,0.0
MICH,MICH/MICH_BLForm10_pouch_NMC_25C_0-100_1-1C_j,pchp_change_pooled,454,0.11190681369044024,0.20858808245560378,0.0,0.0
MICH,MICH/MICH_BLForm11_pouch_NMC_25C_0-100_1-1C_a,pchp_change_pooled,420,0.0651119071071813,0.1089246688841678,0.0,0.0
MICH,MICH/MICH_BLForm12_pouch_NMC_25C_0-100_1-1C_b,pchp_change_pooled,427,0.08493490836530203,0.13706043323986591,0.0,0.0
MICH,MICH/MICH_BLForm13_pouch_NMC_25C_0-100_1-1C_c,pchp_change_pooled,432,0.10145116111474708,0.16305475439601566,0.0,0.0
MICH,MICH/MICH_BLForm14_pouch_NMC_25C_0-100_1-1C_d,pchp_change_pooled,471,0.07591232002435543,0.12537337462446957,0.0,0.0
MICH,MICH/MICH_BLForm15_pouch_NMC_25C_0-100_1-1C_e,pchp_change_pooled,437,0.10064251460485177,0.16671236368487047,0.0,0.0
MICH,MICH/MICH_BLForm16_pouch_NMC_25C_0-100_1-1C_f,pchp_change_pooled,437,0.09656726512023962,0.16467082149044257,0.0,0.0
MICH,MICH/MICH_BLForm17_pouch_NMC_25C_0-100_1-1C_g,pchp_change_pooled,437,0.13588618073650616,0.21412480166769832,0.0,0.0
MICH,MICH/MICH_BLForm18_pouch_NMC_25C_0-100_1-1C_h,pchp_change_pooled,433,0.1130709450999879,0.18014550367863755,0.0,0.0
MICH,MICH/MICH_BLForm19_pouch_NMC_25C_0-100_1-1C_i,pchp_change_pooled,437,0.09497190191368075,0.15290237402483645,0.0,0.0
MICH,MICH/MICH_BLForm1_pouch_NMC_45C_0-100_1-1C_a,pchp_change_pooled,487,0.1560244666766047,0.257058220001187,0.0,0.0
MICH,MICH/MICH_BLForm20_pouch_NMC_25C_0-100_1-1C_j,pchp_change_pooled,437,0.12934704104095082,0.2048576028809137,0.0,0.0
MICH,MICH/MICH_BLForm2_pouch_NMC_45C_0-100_1-1C_b,pchp_change_pooled,459,0.15016474621906045,0.24847092760811346,0.0,0.0
MICH,MICH/MICH_BLForm3_pouch_NMC_45C_0-100_1-1C_c,pchp_change_pooled,507,0.07778237775043516,0.14268698319985995,0.0,0.0
MICH,MICH/MICH_BLForm4_pouch_NMC_45C_0-100_1-1C_d,pchp_change_pooled,487,0.1594179933663604,0.2547827429991048,0.0,0.0
MICH,MICH/MICH_BLForm5_pouch_NMC_45C_0-100_1-1C_e,pchp_change_pooled,487,0.1532173715372766,0.2578615291139774,0.0,0.0
MICH,MICH/MICH_BLForm6_pouch_NMC_45C_0-100_1-1C_f,pchp_change_pooled,449,0.09975616705755005,0.19543605320560437,0.0,0.0
MICH,MICH/MICH_BLForm7_pouch_NMC_45C_0-100_1-1C_g,pchp_change_pooled,452,0.12369163834738814,0.22698705014926593,0.0,0.0
MICH,MICH/MICH_BLForm8_pouch_NMC_45C_0-100_1-1C_h,pchp_change_pooled,487,0.15191847664468633,0.25733282712610495,0.0,0.0
MICH,MICH/MICH_BLForm9_pouch_NMC_45C_0-100_1-1C_i,pchp_change_pooled,569,0.28343306692304693,0.35246159368665864,0.0,0.0
MICH,MICH/MICH_MCForm21_pouch_NMC_25C_0-100_1-1C_a,pchp_change_pooled,471,0.05711750640642346,0.09607790136141567,0.0,0.0
MICH,MICH/MICH_MCForm22_pouch_NMC_25C_0-100_1-1C_b,pchp_change_pooled,486,0.12665798568022854,0.20497963809486203,0.0,0.0
MICH,MICH/MICH_MCForm23_pouch_NMC_25C_0-100_1-1C_c,pchp_change_pooled,535,0.06593728856426065,0.10997259973977969,0.0,0.0
MICH,MICH/MICH_MCForm24_pouch_NMC_25C_0-100_1-1C_d,pchp_change_pooled,471,0.07591869831612055,0.12748148378902244,0.0,0.0
MICH,MICH/MICH_MCForm25_pouch_NMC_25C_0-100_1-1C_e,pchp_change_pooled,584,0.07594015040509894,0.12160529096155037,0.0,0.0
MICH,MICH/MICH_MCForm26_pouch_NMC_25C_0-100_1-1C_f,pchp_change_pooled,584,0.06689987647028363,0.10564055275685172,0.0,0.0
MICH,MICH/MICH_MCForm27_pouch_NMC_25C_0-100_1-1C_g,pchp_change_pooled,535,0.06667566691720331,0.1051172709346835,0.0,0.0
MICH,MICH/MICH_MCForm28_pouch_NMC_25C_0-100_1-1C_h,pchp_change_pooled,584,0.08311324139623835,0.1325180405232161,0.0,0.0
MICH,MICH/MICH_MCForm29_pouch_NMC_25C_0-100_1-1C_i,pchp_change_pooled,547,0.10024456774009034,0.16772847190497445,0.0,0.0
MICH,MICH/MICH_MCForm30_pouch_NMC_25C_0-100_1-1C_j,pchp_change_pooled,535,0.06661817159232741,0.10347761252110686,0.0,0.0
MICH,MICH/MICH_MCForm31_pouch_NMC_45C_0-100_1-1C_a,pchp_change_pooled,506,0.09152356385729783,0.17633240143585918,0.0,0.0
MICH,MICH/MICH_MCForm32_pouch_NMC_45C_0-100_1-1C_b,pchp_change_pooled,487,0.05568526592856603,0.10081715831077707,0.0,0.0
MICH,MICH/MICH_MCForm33_pouch_NMC_45C_0-100_1-1C_c,pchp_change_pooled,496,0.07153320343508013,0.14557368948296437,0.0,0.0
MICH,MICH/MICH_MCForm34_pouch_NMC_45C_0-100_1-1C_d,pchp_change_pooled,575,0.04508482213420942,0.07427480030018682,0.0,0.0
MICH,MICH/MICH_MCForm35_pouch_NMC_45C_0-100_1-1C_e,pchp_change_pooled,440,0.05613544800122916,0.10113315723395612,0.0,0.0
MICH,MICH/MICH_MCForm36_pouch_NMC_45C_0-100_1-1C_f,pchp_change_pooled,536,0.0813812595462505,0.14691586317389635,0.0,0.0
MICH,MICH/MICH_MCForm37_pouch_NMC_45C_0-100_1-1C_g,pchp_change_pooled,536,0.06083702003104789,0.1140967058980069,0.0,0.0
MICH,MICH/MICH_MCForm38_pouch_NMC_45C_0-100_1-1C_h,pchp_change_pooled,497,0.09407235844809549,0.17228394745923145,0.0,0.0
MICH,MICH/MICH_MCForm39_pouch_NMC_45C_0-100_1-1C_i,pchp_change_pooled,536,0.07508923281483446,0.14317012981436025,0.0,0.0
MICH,MICH/MICH_MCForm40_pouch_NMC_45C_0-100_1-1C_j,pchp_change_pooled,534,0.05781683140446421,0.09512375646976896,0.0,0.0
MICH_EXP,MICH_EXP/MICH_01R_pouch_NMC_25C_0-100_0.2-0.2C,pchp_change_pooled,374,0.07595525768871168,0.09332570541655852,0.0,0.0
MICH_EXP,MICH_EXP/MICH_02C_pouch_NMC_-5C_0-100_0.2-0.2C,pchp_change_pooled,288,0.013477430189366684,0.01536326393866987,0.0,0.0
MICH_EXP,MICH_EXP/MICH_03H_pouch_NMC_45C_0-100_0.2-0.2C,pchp_change_pooled,98,0.04281387275138462,0.05379981869485213,0.0,0.0
MICH_EXP,MICH_EXP/MICH_04R_pouch_NMC_25C_0-100_1.5-1.5C,pchp_change_pooled,322,0.09129950883082408,0.11391435146213898,0.0,0.0
MICH_EXP,MICH_EXP/MICH_05C_pouch_NMC_-5C_0-100_1.5-1.5C,pchp_change_pooled,568,0.04284284067823311,0.05042556424671586,0.0,0.0
MICH_EXP,MICH_EXP/MICH_06H_pouch_NMC_45C_0-100_1.5-1.5C,pchp_change_pooled,172,0.0876872799626732,0.10335560240860728,0.0,0.0
MICH_EXP,MICH_EXP/MICH_07R_pouch_NMC_25C_0-100_2-2C,pchp_change_pooled,240,0.1641458290109016,0.19205724457806733,0.0,0.0
MICH_EXP,MICH_EXP/MICH_08C_pouch_NMC_-5C_0-100_2-2C,pchp_change_pooled,568,0.017357906535460512,0.019659597105451253,0.0,0.0
MICH_EXP,MICH_EXP/MICH_09H_pouch_NMC_45C_0-100_2-2C,pchp_change_pooled,170,0.146202962544859,0.16906789609511147,0.0,0.0
MICH_EXP,MICH_EXP/MICH_10R_pouch_NMC_25C_0-100_0.2-1.5C,pchp_change_pooled,434,0.047735066752905585,0.06191663422609881,0.0,0.0
MICH_EXP,MICH_EXP/MICH_11C_pouch_NMC_-5C_0-100_0.2-1.5C,pchp_change_pooled,535,0.0433686144800613,0.0531400483333934,0.0,0.0
MICH_EXP,MICH_EXP/MICH_12H_pouch_NMC_45C_0-100_0.2-1.5C,pchp_change_pooled,177,0.11051030764667776,0.129378201392916,0.0,0.0
MICH_EXP,MICH_EXP/MICH_13R_pouch_NMC_25C_50-100_0.2-0.2C,pchp_change_pooled,527,0.12768126478799297,0.1360520583775001,0.0,0.0
MICH_EXP,MICH_EXP/MICH_14C_pouch_NMC_-5C_50-100_0.2-0.2C,pchp_change_pooled,447,0.1162362704818042,0.12331463629666442,0.0,0.0
MICH_EXP,MICH_EXP/MICH_15H_pouch_NMC_45C_50-100_0.2-0.2C,pchp_change_pooled,166,0.06727854666210428,0.0705511072876474,0.0,0.0
MICH_EXP,MICH_EXP/MICH_16R_pouch_NMC_25C_50-100_0.2-1.5C,pchp_change_pooled,527,0.12399398339284594,0.1328224492186534,0.0,0.0
MICH_EXP,MICH_EXP/MICH_17C_pouch_NMC_-5C_50-100_0.2-1.5C,pchp_change_pooled,552,0.11638431857443024,0.12301829578718027,0.0,0.0
MICH_EXP,MICH_EXP/MICH_18H_pouch_NMC_45C_50-100_0.2-1.5C,pchp_change_pooled,290,0.08988519493401578,0.09613098120777834,0.0,0.0
RWTH,RWTH/RWTH_002,pchp_change_pooled,2406,0.17397969317326897,0.2281515664454269,0.0,0.0
RWTH,RWTH/RWTH_003,pchp_change_pooled,2432,0.1651724300106522,0.21151256602085672,0.0,0.0
RWTH,RWTH/RWTH_004,pchp_change_pooled,2410,0.16554186406183916,0.21516657999401312,0.0,0.0
RWTH,RWTH/RWTH_005,pchp_change_pooled,2390,0.16379481739702662,0.21698803963102425,0.0,0.0
RWTH,RWTH/RWTH_006,pchp_change_pooled,2413,0.15933375053675808,0.21246046857365616,0.0,0.0
RWTH,RWTH/RWTH_007,pchp_change_pooled,2409,0.16427750314056766,0.2179930599613934,0.0,0.0
RWTH,RWTH/RWTH_008,pchp_change_pooled,2409,0.16952410330866619,0.2159498615967463,0.0,0.0
RWTH,RWTH/RWTH_009,pchp_change_pooled,2392,0.15152530397358366,0.1979900532951569,0.0,0.0
RWTH,RWTH/RWTH_010,pchp_change_pooled,2436,0.16366159693060067,0.21048078963854466,0.0,0.0
RWTH,RWTH/RWTH_011,pchp_change_pooled,2432,0.1603712670356091,0.20654735879925265,0.0,0.0
RWTH,RWTH/RWTH_012,pchp_change_pooled,2442,0.1516831854346395,0.20268287941840496,0.0,0.0
RWTH,RWTH/RWTH_013,pchp_change_pooled,2442,0.16130781381817974,0.21536710783216856,0.0,0.0
RWTH,RWTH/RWTH_014,pchp_change_pooled,2303,0.16732913141824043,0.21648367759283663,0.0,0.0
RWTH,RWTH/RWTH_015,pchp_change_pooled,2282,0.15255445611211998,0.20196082473641994,0.0,0.0
RWTH,RWTH/RWTH_016,pchp_change_pooled,2281,0.15169255796640166,0.20324518040133602,0.0,0.0
RWTH,RWTH/RWTH_017,pchp_change_pooled,2274,0.16903696873051846,0.21784956293398752,0.0,0.0
RWTH,RWTH/RWTH_018,pchp_change_pooled,2239,0.15723872036474107,0.20542949832208887,0.0,0.0
RWTH,RWTH/RWTH_019,pchp_change_pooled,2282,0.16318264631385287,0.21207094299054197,0.0,0.0
RWTH,RWTH/RWTH_020,pchp_change_pooled,2232,0.16201789370687095,0.2093672556088288,0.0,0.0
RWTH,RWTH/RWTH_021,pchp_change_pooled,2278,0.16916082809850744,0.21843784935366556,0.0,0.0
RWTH,RWTH/RWTH_022,pchp_change_pooled,2277,0.15567665388853238,0.20013685460139952,0.0,0.0
RWTH,RWTH/RWTH_023,pchp_change_pooled,2316,0.13600577294271277,0.17882550003029057,0.0,0.0
RWTH,RWTH/RWTH_024,pchp_change_pooled,2315,0.14452848298658874,0.1870572717286389,0.0,0.0
RWTH,RWTH/RWTH_025,pchp_change_pooled,2304,0.16193233104087987,0.21554835024820085,0.0,0.0
RWTH,RWTH/RWTH_026,pchp_change_pooled,2002,0.13702425234563445,0.17882295299706907,0.0,0.0
RWTH,RWTH/RWTH_027,pchp_change_pooled,2006,0.14112587638366147,0.18340267065406232,0.0,0.0
RWTH,RWTH/RWTH_028,pchp_change_pooled,2005,0.15272349753944253,0.19658309506073404,0.0,0.0
RWTH,RWTH/RWTH_029,pchp_change_pooled,2006,0.13715514749842078,0.1811165984287474,0.0,0.0
RWTH,RWTH/RWTH_030,pchp_change_pooled,1483,0.07014380336748546,0.08799760387204122,0.0,0.0
RWTH,RWTH/RWTH_031,pchp_change_pooled,2259,0.1480787491908717,0.2004183040691208,0.0,0.0
RWTH,RWTH/RWTH_032,pchp_change_pooled,2277,0.16715410747734655,0.21498814879734426,0.0,0.0
RWTH,RWTH/RWTH_033,pchp_change_pooled,2254,0.18298946703661956,0.24233381654718786,0.0,0.0
RWTH,RWTH/RWTH_034,pchp_change_pooled,2121,0.11390788667609866,0.14667370402249177,0.0,0.0
RWTH,RWTH/RWTH_035,pchp_change_pooled,2147,0.1102292436018519,0.14532004486282663,0.0,0.0
RWTH,RWTH/RWTH_036,pchp_change_pooled,2144,0.1352660443383183,0.1776295212821444,0.0,0.0
RWTH,RWTH/RWTH_037,pchp_change_pooled,2162,0.1496113206631466,0.19525856768360225,0.0,0.0
RWTH,RWTH/RWTH_038,pchp_change_pooled,1959,0.10625712002456773,0.14326654229113497,0.0,0.0
RWTH,RWTH/RWTH_039,pchp_change_pooled,1943,0.11196854308644648,0.14828184231274513,0.0,0.0
RWTH,RWTH/RWTH_040,pchp_change_pooled,1939,0.11841332839607815,0.15470194925651215,0.0,0.0
RWTH,RWTH/RWTH_041,pchp_change_pooled,1939,0.1259398724823641,0.16844134561158328,0.0,0.0
RWTH,RWTH/RWTH_042,pchp_change_pooled,1891,0.11694499722014333,0.1537151384149819,0.0,0.0
RWTH,RWTH/RWTH_043,pchp_change_pooled,1890,0.1032669399337782,0.14031324635504827,0.0,0.0
RWTH,RWTH/RWTH_044,pchp_change_pooled,1889,0.11772568444732064,0.15827413760069117,0.0,0.0
RWTH,RWTH/RWTH_045,pchp_change_pooled,1890,0.11432607132037503,0.1503231694663562,0.0,0.0
RWTH,RWTH/RWTH_046,pchp_change_pooled,2131,0.14561653835639013,0.19158901468026893,0.0,0.0
RWTH,RWTH/RWTH_047,pchp_change_pooled,2146,0.14774322003298765,0.19359551802273434,0.0,0.0
RWTH,RWTH/RWTH_048,pchp_change_pooled,2131,0.14125588394946173,0.18309486314872575,0.0,0.0
RWTH,RWTH/RWTH_049,pchp_change_pooled,2130,0.1393613903690569,0.1849723826164627,0.0,0.0
SDU,SDU/SDU_Battery_1,pchp_change_pooled,956,0.07033538984882653,0.07616691798401944,0.0,0.0
SDU,SDU/SDU_Battery_10,pchp_change_pooled,431,0.04330559799008263,0.0499529180318246,0.0,0.0
SDU,SDU/SDU_Battery_11,pchp_change_pooled,550,0.06381142503880864,0.06839638453418163,0.0,0.0
SDU,SDU/SDU_Battery_12,pchp_change_pooled,481,0.053253413822220944,0.0589946518218504,0.0,0.0
SDU,SDU/SDU_Battery_13,pchp_change_pooled,516,0.05354837825893093,0.058886573330256875,0.0,0.0
SDU,SDU/SDU_Battery_14,pchp_change_pooled,506,0.049718644180727044,0.05440707352276169,0.0,0.0
SDU,SDU/SDU_Battery_15,pchp_change_pooled,581,0.06374264157703068,0.07004230025482006,0.0,0.0
SDU,SDU/SDU_Battery_16,pchp_change_pooled,581,0.05779770068063037,0.06285284555828083,0.0,0.0
SDU,SDU/SDU_Battery_17,pchp_change_pooled,405,0.05344485358188655,0.05967853598510315,0.0,0.0
SDU,SDU/SDU_Battery_18,pchp_change_pooled,436,0.05581404715235242,0.06263084834361526,0.0,0.0
SDU,SDU/SDU_Battery_19,pchp_change_pooled,411,0.05004762450968835,0.05585611010905327,0.0,0.0
SDU,SDU/SDU_Battery_2,pchp_change_pooled,890,0.0726379753278447,0.07906388369551076,0.0,0.0
SDU,SDU/SDU_Battery_20,pchp_change_pooled,411,0.050492088655976694,0.05633367266091828,0.0,0.0
SDU,SDU/SDU_Battery_21,pchp_change_pooled,481,0.036082805419190615,0.039539621686399594,0.0,0.0
SDU,SDU/SDU_Battery_22,pchp_change_pooled,486,0.05393597399170692,0.06018383572352402,0.0,0.0
SDU,SDU/SDU_Battery_23,pchp_change_pooled,481,0.07282925020292015,0.07946063305442942,0.0,0.0
SDU,SDU/SDU_Battery_24,pchp_change_pooled,436,0.06091636544771538,0.0657746749710021,0.0,0.0
SDU,SDU/SDU_Battery_25,pchp_change_pooled,436,0.0610936409420317,0.06630113260865718,0.0,0.0
SDU,SDU/SDU_Battery_26,pchp_change_pooled,541,0.09719241504751519,0.10679060254301728,0.0,0.0
SDU,SDU/SDU_Battery_27,pchp_change_pooled,486,0.07269927043593034,0.08146162779923695,0.0,0.0
SDU,SDU/SDU_Battery_28,pchp_change_pooled,456,0.06431373810622691,0.07201567996698277,0.0,0.0
SDU,SDU/SDU_Battery_29,pchp_change_pooled,486,0.0660547501417824,0.07373294863250321,0.0,0.0
SDU,SDU/SDU_Battery_3,pchp_change_pooled,851,0.05593002570756574,0.059080995632011565,0.0,0.0
SDU,SDU/SDU_Battery_30,pchp_change_pooled,441,0.05621796838705034,0.06082696306679211,0.0,0.0
SDU,SDU/SDU_Battery_31,pchp_change_pooled,176,0.051742115621916836,0.06233564368308495,0.0,0.0
SDU,SDU/SDU_Battery_32,pchp_change_pooled,121,0.06134847119967535,0.07538488743163516,0.0,0.0
SDU,SDU/SDU_Battery_33,pchp_change_pooled,191,0.04757396837114846,0.055992821670764324,0.0,0.0
SDU,SDU/SDU_Battery_34,pchp_change_pooled,161,0.05724376491001425,0.06876500634779051,0.0,0.0
SDU,SDU/SDU_Battery_35,pchp_change_pooled,151,0.06027160059652481,0.07137172072949995,0.0,0.0
SDU,SDU/SDU_Battery_36,pchp_change_pooled,136,0.058845554926622856,0.07025679968968544,0.0,0.0
SDU,SDU/SDU_Battery_37,pchp_change_pooled,146,0.05749358335488276,0.07002380676424891,0.0,0.0
SDU,SDU/SDU_Battery_38,pchp_change_pooled,106,0.05385105711243881,0.06561967432925192,0.0,0.0
SDU,SDU/SDU_Battery_39,pchp_change_pooled,71,0.07454979094277309,0.08510968462128825,0.0,0.0
SDU,SDU/SDU_Battery_4,pchp_change_pooled,881,0.06697903478947975,0.07355179264198201,0.0,0.0
SDU,SDU/SDU_Battery_40,pchp_change_pooled,66,0.07368699182910743,0.08315042305457762,0.0,0.0
SDU,SDU/SDU_Battery_41,pchp_change_pooled,86,0.06782468820532428,0.0776741311351439,0.0,0.0
SDU,SDU/SDU_Battery_42,pchp_change_pooled,71,0.06893735478285079,0.07920596927581151,0.0,0.0
SDU,SDU/SDU_Battery_43,pchp_change_pooled,71,0.07499988145833532,0.08619226756156814,0.0,0.0
SDU,SDU/SDU_Battery_44,pchp_change_pooled,61,0.06924670516651651,0.08009876853710174,0.0,0.0
SDU,SDU/SDU_Battery_45,pchp_change_pooled,1116,0.07667605684936493,0.08262507034262663,0.0,0.0
SDU,SDU/SDU_Battery_46,pchp_change_pooled,1071,0.07539409703301728,0.08037933532141965,0.0,0.0
SDU,SDU/SDU_Battery_47,pchp_change_pooled,1121,0.07864501620706676,0.08458908823670255,0.0,0.0
SDU,SDU/SDU_Battery_48,pchp_change_pooled,1054,0.07374670753032707,0.07814730614969384,0.0,0.0
SDU,SDU/SDU_Battery_49,pchp_change_pooled,1346,0.07615270935308141,0.08258638991521192,0.0,0.0
SDU,SDU/SDU_Battery_5,pchp_change_pooled,1051,0.061738069470325535,0.06801717659173952,0.0,0.0
SDU,SDU/SDU_Battery_50,pchp_change_pooled,1409,0.07875245560828098,0.0854395091476506,0.0,0.0
SDU,SDU/SDU_Battery_51,pchp_change_pooled,1421,0.076402957225056,0.08300275882122365,0.0,0.0
SDU,SDU/SDU_Battery_52,pchp_change_pooled,1246,0.07238774873499214,0.07815546136405987,0.0,0.0
SDU,SDU/SDU_Battery_53,pchp_change_pooled,121,0.05291699698755544,0.0616003066219068,0.0,0.0
SDU,SDU/SDU_Battery_54,pchp_change_pooled,191,0.04509959011359388,0.05150048510487578,0.0,0.0
SDU,SDU/SDU_Battery_55,pchp_change_pooled,126,0.05175341864908571,0.05954218973500162,0.0,0.0
SDU,SDU/SDU_Battery_56,pchp_change_pooled,141,0.05198758630365422,0.05942987874287369,0.0,0.0
SDU,SDU/SDU_Battery_57,pchp_change_pooled,86,0.05115449855664455,0.06170810220520119,0.0,0.0
SDU,SDU/SDU_Battery_58,pchp_change_pooled,71,0.06454041587493167,0.08124588381585454,0.0,0.0
SDU,SDU/SDU_Battery_59,pchp_change_pooled,86,0.055069229673506886,0.06630831781105992,0.0,0.0
SDU,SDU/SDU_Battery_6,pchp_change_pooled,1111,0.07323294530231991,0.07975074464695611,0.0,0.0
SDU,SDU/SDU_Battery_60,pchp_change_pooled,81,0.05326093585024287,0.06443064052579216,0.0,0.0
SDU,SDU/SDU_Battery_61,pchp_change_pooled,391,0.07115826259537744,0.07497805108290588,0.0,0.0
SDU,SDU/SDU_Battery_62,pchp_change_pooled,431,0.07868284881450104,0.08385591972834039,0.0,0.0
SDU,SDU/SDU_Battery_63,pchp_change_pooled,361,0.03735943645453526,0.039610265264458905,0.0,0.0
SDU,SDU/SDU_Battery_64,pchp_change_pooled,411,0.06478280879802852,0.07084954427111993,0.0,0.0
SDU,SDU/SDU_Battery_65,pchp_change_pooled,230,0.030594207235322253,0.033599215272395636,0.0,0.0
SDU,SDU/SDU_Battery_66,pchp_change_pooled,271,0.02029699407855082,0.0241169830870936,0.0,0.0
SDU,SDU/SDU_Battery_67,pchp_change_pooled,181,0.04779080851828766,0.06012364985179565,0.0,0.0
SDU,SDU/SDU_Battery_68,pchp_change_pooled,191,0.04528357078882492,0.05606688019495393,0.0,0.0
SDU,SDU/SDU_Battery_69,pchp_change_pooled,71,0.07079847119324986,0.0841779156971463,0.0,0.0
SDU,SDU/SDU_Battery_7,pchp_change_pooled,1041,0.07554034819677356,0.08205186115082481,0.0,0.0
SDU,SDU/SDU_Battery_70,pchp_change_pooled,106,0.06303502115903183,0.07296669118266688,0.0,0.0
SDU,SDU/SDU_Battery_71,pchp_change_pooled,81,0.07686543578820465,0.09037310218199986,0.0,0.0
SDU,SDU/SDU_Battery_72,pchp_change_pooled,81,0.07696305073062046,0.0893314724803605,0.0,0.0
SDU,SDU/SDU_Battery_73,pchp_change_pooled,1175,0.09896838987072472,0.10734696692781102,0.0,0.0
SDU,SDU/SDU_Battery_74,pchp_change_pooled,1315,0.10425135913031525,0.11222151700739981,0.0,0.0
SDU,SDU/SDU_Battery_75,pchp_change_pooled,950,0.0969693427638847,0.10727576816656564,0.0,0.0
SDU,SDU/SDU_Battery_76,pchp_change_pooled,1120,0.08656259955100773,0.09418155518975525,0.0,0.0
SDU,SDU/SDU_Battery_77,pchp_change_pooled,1066,0.0841529588742997,0.09158561752164755,0.0,0.0
SDU,SDU/SDU_Battery_78,pchp_change_pooled,1021,0.08168791237959697,0.0887504702984733,0.0,0.0
SDU,SDU/SDU_Battery_79,pchp_change_pooled,1076,0.0884956949661831,0.0959036946483724,0.0,0.0
SDU,SDU/SDU_Battery_8,pchp_change_pooled,706,0.04982104035639791,0.05238577506816146,0.0,0.0
SDU,SDU/SDU_Battery_80,pchp_change_pooled,1060,0.08463192019297455,0.09191279779405649,0.0,0.0
SDU,SDU/SDU_Battery_81,pchp_change_pooled,1186,0.09173398550860548,0.09907950916942998,0.0,0.0
SDU,SDU/SDU_Battery_82,pchp_change_pooled,1140,0.087524740913889,0.09491028332875191,0.0,0.0
SDU,SDU/SDU_Battery_83,pchp_change_pooled,1195,0.08300107894275557,0.08769380639471211,0.0,0.0
SDU,SDU/SDU_Battery_84,pchp_change_pooled,1131,0.08055566484310145,0.08517114099235575,0.0,0.0
SDU,SDU/SDU_Battery_85,pchp_change_pooled,1201,0.09095272947770723,0.09612228834440963,0.0,0.0
SDU,SDU/SDU_Battery_86,pchp_change_pooled,1036,0.08175326073647991,0.08688941695747222,0.0,0.0
SDU,SDU/SDU_Battery_9,pchp_change_pooled,411,0.036153425630952946,0.041820549023831546,0.0,0.0
SNL,SNL/SNL_18650_LFP_15C_0-100_0.5-2C_b,pchp_change_pooled,3749,0.05764756269721627,0.06112946149577974,0.0,0.0
SNL,SNL/SNL_18650_LFP_25C_0-100_0.5-0.5C_a,pchp_change_pooled,3045,0.04684676707384512,0.04869159577034692,0.0,0.0
SNL,SNL/SNL_18650_LFP_25C_0-100_0.5-1C_a,pchp_change_pooled,3540,0.06378146327967688,0.06590997473676392,0.0,0.0
SNL,SNL/SNL_18650_LFP_25C_0-100_0.5-1C_b,pchp_change_pooled,3541,0.06738385556178333,0.06916340846458949,0.0,0.0
SNL,SNL/SNL_18650_LFP_25C_0-100_0.5-1C_c,pchp_change_pooled,3033,0.06589790014135201,0.0678333286059813,0.0,0.0
SNL,SNL/SNL_18650_LFP_25C_0-100_0.5-1C_d,pchp_change_pooled,3033,0.06628101531324403,0.06823705870231077,0.0,0.0
SNL,SNL/SNL_18650_LFP_25C_0-100_0.5-2C_a,pchp_change_pooled,3539,0.05508380745388954,0.05663787179670305,0.0,0.0
SNL,SNL/SNL_18650_LFP_25C_0-100_0.5-2C_b,pchp_change_pooled,4045,0.0644948170755794,0.06617018758451024,0.0,0.0
SNL,SNL/SNL_18650_LFP_25C_0-100_0.5-3C_a,pchp_change_pooled,4564,0.04599514539261375,0.05337027856813054,0.0,0.0
SNL,SNL/SNL_18650_LFP_25C_0-100_0.5-3C_b,pchp_change_pooled,4057,0.04141463711522669,0.04872324243361319,0.0,0.0
SNL,SNL/SNL_18650_LFP_25C_0-100_0.5-3C_c,pchp_change_pooled,3550,0.04400956873054267,0.05550554071259625,0.0,0.0
SNL,SNL/SNL_18650_LFP_25C_0-100_0.5-3C_d,pchp_change_pooled,4057,0.04098831764521416,0.04882940620711273,0.0,0.0
SNL,SNL/SNL_18650_LFP_35C_0-100_0.5-1C_a,pchp_change_pooled,3151,0.022447969480502792,0.025076666854161996,0.0,0.0
SNL,SNL/SNL_18650_LFP_35C_0-100_0.5-1C_b,pchp_change_pooled,3337,0.020632492262442906,0.023373421119823563,0.0,0.0
SNL,SNL/SNL_18650_LFP_35C_0-100_0.5-1C_c,pchp_change_pooled,3337,0.02554558580765312,0.028145943527721196,0.0,0.0
SNL,SNL/SNL_18650_LFP_35C_0-100_0.5-1C_d,pchp_change_pooled,3793,0.02607642160117939,0.029075133277188348,0.0,0.0
SNL,SNL/SNL_18650_LFP_35C_0-100_0.5-2C_a,pchp_change_pooled,3851,0.02441201569555551,0.026759486348119366,0.0,0.0
SNL,SNL/SNL_18650_LFP_35C_0-100_0.5-2C_b,pchp_change_pooled,3593,0.02373927681932615,0.02689426991002996,0.0,0.0
SNL,SNL/SNL_18650_NCA_15C_0-100_0.5-1C_a,pchp_change_pooled,517,0.08480520001360166,0.08956601292354281,0.0,0.0
SNL,SNL/SNL_18650_NCA_15C_0-100_0.5-1C_b,pchp_change_pooled,913,0.044415754413382545,0.04752746556068182,0.0,0.0
SNL,SNL/SNL_18650_NCA_15C_0-100_0.5-2C_a,pchp_change_pooled,911,0.14177561386909934,0.17665434106698993,0.0,0.0
SNL,SNL/SNL_18650_NCA_15C_0-100_0.5-2C_b,pchp_change_pooled,779,0.1176990500161287,0.1251026766225847,0.0,0.0
SNL,SNL/SNL_18650_NCA_25C_0-100_0.5-0.5C_a,pchp_change_pooled,508,0.08843034198493963,0.09878767724315886,0.0,0.0
SNL,SNL/SNL_18650_NCA_25C_0-100_0.5-0.5C_b,pchp_change_pooled,910,0.24985660547726674,0.294286049818216,0.0,0.0
SNL,SNL/SNL_18650_NCA_25C_0-100_0.5-1C_a,pchp_change_pooled,649,0.057076857972045196,0.06676121461235592,0.0,0.0
SNL,SNL/SNL_18650_NCA_25C_0-100_0.5-1C_b,pchp_change_pooled,517,0.08459496384552041,0.09054657218585281,0.0,0.0
SNL,SNL/SNL_18650_NCA_25C_0-100_0.5-1C_c,pchp_change_pooled,517,0.08851977557114878,0.0954173975628573,0.0,0.0
SNL,SNL/SNL_18650_NCA_25C_0-100_0.5-1C_d,pchp_change_pooled,649,0.07684034335723107,0.08364296997403747,0.0,0.0
SNL,SNL/SNL_18650_NCA_25C_0-100_0.5-2C_a,pchp_change_pooled,781,0.10293187213379217,0.11596031269486057,0.0,0.0
SNL,SNL/SNL_18650_NCA_25C_0-100_0.5-2C_b,pchp_change_pooled,781,0.07743754358032987,0.09529732778127553,0.0,0.0
SNL,SNL/SNL_18650_NCA_25C_20-80_0.5-0.5C_a,pchp_change_pooled,1117,0.08728288209459355,0.10377213533449398,0.0,0.0
SNL,SNL/SNL_18650_NCA_25C_20-80_0.5-0.5C_b,pchp_change_pooled,1244,0.0580737133993979,0.07056894038378765,0.0,0.0
SNL,SNL/SNL_18650_NCA_25C_20-80_0.5-0.5C_c,pchp_change_pooled,1245,0.07792392142539041,0.09791509835366197,0.0,0.0
SNL,SNL/SNL_18650_NCA_25C_20-80_0.5-0.5C_d,pchp_change_pooled,1503,0.0939030040866024,0.12026766343462883,0.0,0.0
SNL,SNL/SNL_18650_NCA_35C_0-100_0.5-1C_a,pchp_change_pooled,510,0.06647973209351123,0.07471967677377635,0.0,0.0
SNL,SNL/SNL_18650_NCA_35C_0-100_0.5-1C_b,pchp_change_pooled,459,0.06980572895256773,0.09030982014101098,0.0,0.0
SNL,SNL/SNL_18650_NCA_35C_0-100_0.5-1C_c,pchp_change_pooled,510,0.04203587460264186,0.05908119036795512,0.0,0.0
SNL,SNL/SNL_18650_NCA_35C_0-100_0.5-1C_d,pchp_change_pooled,649,0.07023361989317656,0.08333029129198954,0.0,0.0
SNL,SNL/SNL_18650_NCA_35C_0-100_0.5-2C_a,pchp_change_pooled,649,0.11851529839988828,0.13510922361074948,0.0,0.0
SNL,SNL/SNL_18650_NCA_35C_0-100_0.5-2C_b,pchp_change_pooled,781,0.11197899176314614,0.12449438064791173,0.0,0.0
SNL,SNL/SNL_18650_NMC_15C_0-100_0.5-1C_a,pchp_change_pooled,508,0.16747241374304792,0.17630451212831927,0.0,0.0
SNL,SNL/SNL_18650_NMC_15C_0-100_0.5-1C_b,pchp_change_pooled,508,0.12362837648872982,0.13394124914410316,0.0,0.0
SNL,SNL/SNL_18650_NMC_15C_0-100_0.5-2C_a,pchp_change_pooled,384,0.158770704568771,0.16860238799737548,0.0,0.0
SNL,SNL/SNL_18650_NMC_15C_0-100_0.5-2C_b,pchp_change_pooled,384,0.148372511145924,0.15899643939792812,0.0,0.0
SNL,SNL/SNL_18650_NMC_25C_0-100_0.5-0.5C_b,pchp_change_pooled,674,0.07840012396254425,0.08361027098894287,0.0,0.0
SNL,SNL/SNL_18650_NMC_25C_0-100_0.5-1C_a,pchp_change_pooled,516,0.03957586565597588,0.04300683277574695,0.0,0.0
SNL,SNL/SNL_18650_NMC_25C_0-100_0.5-1C_b,pchp_change_pooled,780,0.03587070928767386,0.03787525846984222,0.0,0.0
SNL,SNL/SNL_18650_NMC_25C_0-100_0.5-1C_c,pchp_change_pooled,392,0.0698333550601758,0.0727235558694587,0.0,0.0
SNL,SNL/SNL_18650_NMC_25C_0-100_0.5-1C_d,pchp_change_pooled,524,0.04567909903202853,0.05184267833339664,0.0,0.0
SNL,SNL/SNL_18650_NMC_25C_0-100_0.5-2C_a,pchp_change_pooled,656,0.07247190562844576,0.07518464619032152,0.0,0.0
SNL,SNL/SNL_18650_NMC_25C_0-100_0.5-2C_b,pchp_change_pooled,1316,0.05904772763226345,0.06153571159689583,0.0,0.0
SNL,SNL/SNL_18650_NMC_25C_0-100_0.5-3C_a,pchp_change_pooled,725,0.039215795295673254,0.040371876137387276,0.0,0.0
SNL,SNL/SNL_18650_NMC_25C_0-100_0.5-3C_b,pchp_change_pooled,547,0.021649412867573818,0.025237034009785737,0.0,0.0
SNL,SNL/SNL_18650_NMC_25C_0-100_0.5-3C_c,pchp_change_pooled,693,0.025498700043158438,0.02675406800483861,0.0,0.0
SNL,SNL/SNL_18650_NMC_25C_0-100_0.5-3C_d,pchp_change_pooled,900,0.01946335950342013,0.02200300067539089,0.0,0.0
SNL,SNL/SNL_18650_NMC_35C_0-100_0.5-1C_a,pchp_change_pooled,781,0.010794203001054036,0.01316569820801135,0.0,0.0
SNL,SNL/SNL_18650_NMC_35C_0-100_0.5-1C_b,pchp_change_pooled,781,0.01223886739604452,0.01439497893602338,0.0,0.0
SNL,SNL/SNL_18650_NMC_35C_0-100_0.5-1C_c,pchp_change_pooled,780,0.010829384268751035,0.013348929744514518,0.0,0.0
SNL,SNL/SNL_18650_NMC_35C_0-100_0.5-1C_d,pchp_change_pooled,781,0.012918070828740283,0.016098099992388145,0.0,0.0
SNL,SNL/SNL_18650_NMC_35C_0-100_0.5-2C_a,pchp_change_pooled,781,0.02686667096762075,0.03008369477522469,0.0,0.0
SNL,SNL/SNL_18650_NMC_35C_0-100_0.5-2C_b,pchp_change_pooled,767,0.009512985829446974,0.013415490982567526,0.0,0.0
UL_PUR,UL_PUR/UL-PUR_N10-EX9_18650_NCA_23C_0-100_0.5-0.5C_i,pchp_change_pooled,189,0.06109483555195779,0.06509398085351815,0.0,0.0
UL_PUR,UL_PUR/UL-PUR_N10-NA7_18650_NCA_23C_0-100_0.5-0.5C_g,pchp_change_pooled,159,0.01704184177058104,0.019997433558680798,0.0,0.0
UL_PUR,UL_PUR/UL-PUR_N10-OV8_18650_NCA_23C_0-100_0.5-0.5C_h,pchp_change_pooled,186,0.06599791072615277,0.07103084308172085,0.0,0.0
UL_PUR,UL_PUR/UL-PUR_N15-EX4_18650_NCA_23C_0-100_0.5-0.5C_d,pchp_change_pooled,219,0.040165567665835,0.05323427320424711,0.0,0.0
UL_PUR,UL_PUR/UL-PUR_N15-NA10_18650_NCA_23C_0-100_0.5-0.5C_j,pchp_change_pooled,254,0.016353102638547896,0.021466461548555336,0.0,0.0
UL_PUR,UL_PUR/UL-PUR_N15-OV3_18650_NCA_23C_0-100_0.5-0.5C_c,pchp_change_pooled,186,0.026440699041999617,0.039074100290999364,0.0,0.0
UL_PUR,UL_PUR/UL-PUR_N20-EX2_18650_NCA_23C_0-100_0.5-0.5C_b,pchp_change_pooled,304,0.020415642191313726,0.0388535385828016,0.0,0.0
UL_PUR,UL_PUR/UL-PUR_N20-NA5_18650_NCA_23C_0-100_0.5-0.5C_e,pchp_change_pooled,207,0.048186770501585915,0.07457257255745274,0.0,0.0
UL_PUR,UL_PUR/UL-PUR_N20-NA6_18650_NCA_23C_0-100_0.5-0.5C_f,pchp_change_pooled,206,0.053556371641018286,0.0815712724633326,0.0,0.0
UL_PUR,UL_PUR/UL-PUR_N20-OV1_18650_NCA_23C_0-100_0.5-0.5C_a,pchp_change_pooled,285,0.02222788434152051,0.04283345520133448,0.0,0.0
XJTU,XJTU/XJTU_2C_battery-1,pchp_change_pooled,384,0.13051016717134464,0.13125019328663465,0.0,0.0
XJTU,XJTU/XJTU_2C_battery-2,pchp_change_pooled,401,0.13016421811228873,0.13098103716408066,0.0,0.0
XJTU,XJTU/XJTU_2C_battery-3,pchp_change_pooled,387,0.12561504853319017,0.12644898756103537,0.0,0.0
XJTU,XJTU/XJTU_2C_battery-4,pchp_change_pooled,390,0.13232818163064516,0.13339553485887137,0.0,0.0
XJTU,XJTU/XJTU_2C_battery-5,pchp_change_pooled,397,0.10853533201386606,0.10976810637581247,0.0,0.0
XJTU,XJTU/XJTU_2C_battery-6,pchp_change_pooled,402,0.11827497380087929,0.11946530932055563,0.0,0.0
XJTU,XJTU/XJTU_2C_battery-7,pchp_change_pooled,396,0.08912154986579394,0.090309991387286,0.0,0.0
XJTU,XJTU/XJTU_2C_battery-8,pchp_change_pooled,414,0.11913909929920521,0.12066895419678768,0.0,0.0
XJTU,XJTU/XJTU_3C_battery-1,pchp_change_pooled,293,0.12104697153794196,0.12329449069073342,0.0,0.0
XJTU,XJTU/XJTU_3C_battery-10,pchp_change_pooled,158,0.10046030094765293,0.1040351776355464,0.0,0.0
XJTU,XJTU/XJTU_3C_battery-11,pchp_change_pooled,125,0.09468664687734872,0.09949566806820162,0.0,0.0
XJTU,XJTU/XJTU_3C_battery-12,pchp_change_pooled,206,0.12178282580513476,0.12391919137889246,0.0,0.0
XJTU,XJTU/XJTU_3C_battery-13,pchp_change_pooled,220,0.12428494431234259,0.12661535397663012,0.0,0.0
XJTU,XJTU/XJTU_3C_battery-14,pchp_change_pooled,141,0.09941698799616225,0.10302971574655917,0.0,0.0
XJTU,XJTU/XJTU_3C_battery-15,pchp_change_pooled,162,0.10137024525602845,0.10410648684302315,0.0,0.0
XJTU,XJTU/XJTU_3C_battery-2,pchp_change_pooled,286,0.12003526317663395,0.12219260084805297,0.0,0.0
XJTU,XJTU/XJTU_3C_battery-3,pchp_change_pooled,280,0.12197983780889624,0.12532851311720553,0.0,0.0
XJTU,XJTU/XJTU_3C_battery-4,pchp_change_pooled,316,0.11512611430795323,0.11700736644757254,0.0,0.0
XJTU,XJTU/XJTU_3C_battery-5,pchp_change_pooled,291,0.11658647022309614,0.11894555632129927,0.0,0.0
XJTU,XJTU/XJTU_3C_battery-6,pchp_change_pooled,316,0.1259532800775043,0.128287980701245,0.0,0.0
XJTU,XJTU/XJTU_3C_battery-7,pchp_change_pooled,313,0.12556962644318553,0.12885331533886477,0.0,0.0
XJTU,XJTU/XJTU_3C_battery-8,pchp_change_pooled,264,0.12193614020047923,0.12380842633247832,0.0,0.0
XJTU,XJTU/XJTU_3C_battery-9,pchp_change_pooled,281,0.12721415792052312,0.12931155805118252,0.0,0.0
CALB,CALB/CALB_0_B182,pchp_change_domain_equal,94,0.07003014673903026,0.07062965250814031,0.0,0.0
CALB,CALB/CALB_0_B183,pchp_change_domain_equal,94,0.05770406334881683,0.059518040934477746,0.0,0.0
CALB,CALB/CALB_0_B184,pchp_change_domain_equal,94,0.04191158201939918,0.042841320752838696,0.0,0.0
CALB,CALB/CALB_0_B185,pchp_change_domain_equal,94,0.04306061688227798,0.04352489605566092,0.0,0.0
CALB,CALB/CALB_0_B187,pchp_change_domain_equal,94,0.041567288756802205,0.042107426225451806,0.0,0.0
CALB,CALB/CALB_0_B188,pchp_change_domain_equal,202,0.0429808877905068,0.04975606607666185,0.0,0.0
CALB,CALB/CALB_0_B189,pchp_change_domain_equal,94,0.037633223895193677,0.03822206172545511,0.0,0.0
CALB,CALB/CALB_0_B190,pchp_change_domain_equal,94,0.06578534815835356,0.0673611103425578,0.0,0.0
CALB,CALB/CALB_25_T25-1,pchp_change_domain_equal,93,0.01606502386344885,0.016224163088096766,0.0,0.0
CALB,CALB/CALB_25_T25-2,pchp_change_domain_equal,93,0.020837987328008307,0.020870635550560988,0.0,0.0
CALB,CALB/CALB_35_B173,pchp_change_domain_equal,93,0.0214623245666209,0.0217644460178774,0.0,0.0
CALB,CALB/CALB_35_B174,pchp_change_domain_equal,93,0.023853043654186855,0.024090475976564982,0.0,0.0
CALB,CALB/CALB_35_B175,pchp_change_domain_equal,93,0.0254695509229138,0.025664404158797803,0.0,0.0
CALB,CALB/CALB_35_B222,pchp_change_domain_equal,93,0.022252173339814302,0.022530168049179317,0.0,0.0
CALB,CALB/CALB_35_B223,pchp_change_domain_equal,93,0.02088901944807743,0.021139585534407694,0.0,0.0
CALB,CALB/CALB_35_B224,pchp_change_domain_equal,93,0.020608745548345086,0.020959306174325332,0.0,0.0
CALB,CALB/CALB_35_B227,pchp_change_domain_equal,93,0.022058733367756406,0.02234099883501509,0.0,0.0
CALB,CALB/CALB_35_B228,pchp_change_domain_equal,93,0.024909936998452814,0.025229707090187525,0.0,0.0
CALB,CALB/CALB_35_B229,pchp_change_domain_equal,93,0.02222328685712305,0.022540362433858558,0.0,0.0
CALB,CALB/CALB_35_B230,pchp_change_domain_equal,93,0.021807123015082794,0.022179015364070912,0.0,0.0
CALB,CALB/CALB_35_B247,pchp_change_domain_equal,93,0.26446724160021295,0.26447873524417337,0.0,0.0
CALB,CALB/CALB_35_B248,pchp_change_domain_equal,93,0.02389266888742181,0.02410783462285349,0.0,0.0
CALB,CALB/CALB_35_B249,pchp_change_domain_equal,93,0.023141412972176194,0.02335820066690867,0.0,0.0
CALB,CALB/CALB_35_B250,pchp_change_domain_equal,93,0.021498502492424604,0.021826107406153712,0.0,0.0
CALB,CALB/CALB_45_B253,pchp_change_domain_equal,94,0.029889401940408632,0.030160176774563303,0.0,0.0
CALB,CALB/CALB_45_B255,pchp_change_domain_equal,94,0.03277358257657284,0.032982000814624844,0.0,0.0
CALB,CALB/CALB_45_B256,pchp_change_domain_equal,93,0.03353566913628379,0.033885771383152845,0.0,0.0
CALCE,CALCE/CALCE_CS2_33,pchp_change_domain_equal,655,0.0737649217112916,0.14904336407060087,0.0,0.0
CALCE,CALCE/CALCE_CS2_34,pchp_change_domain_equal,627,0.034925394235555456,0.055445365747465336,0.0,0.0
CALCE,CALCE/CALCE_CS2_35,pchp_change_domain_equal,775,0.06915408810097455,0.1162544073966436,0.0,0.0
CALCE,CALCE/CALCE_CS2_36,pchp_change_domain_equal,827,0.09146485361843242,0.15429653160541232,0.0,0.0
CALCE,CALCE/CALCE_CS2_37,pchp_change_domain_equal,900,0.0758602253100844,0.13065696293654203,0.0,0.0
CALCE,CALCE/CALCE_CS2_38,pchp_change_domain_equal,898,0.06941753375357121,0.11681056853386647,0.0,0.0
CALCE,CALCE/CALCE_CX2_16,pchp_change_domain_equal,1274,0.05869905169603193,0.07120712534515201,0.0,0.0
CALCE,CALCE/CALCE_CX2_33,pchp_change_domain_equal,1266,0.032776900958033706,0.04652984152596908,0.0,0.0
CALCE,CALCE/CALCE_CX2_34,pchp_change_domain_equal,1358,0.038177494127525996,0.05238731316827045,0.0,0.0
CALCE,CALCE/CALCE_CX2_35,pchp_change_domain_equal,1449,0.03056320492701959,0.05192874408658855,0.0,0.0
CALCE,CALCE/CALCE_CX2_36,pchp_change_domain_equal,1563,0.04525576826907221,0.057118194035548776,0.0,0.0
CALCE,CALCE/CALCE_CX2_37,pchp_change_domain_equal,1067,0.027004815245319294,0.033686059131572264,0.0,0.0
CALCE,CALCE/CALCE_CX2_38,pchp_change_domain_equal,1574,0.06102861419696096,0.08495361201624664,0.0,0.0
HNEI,HNEI/HNEI_18650_NMC_LCO_25C_0-100_0.5-1.5C_a,pchp_change_domain_equal,1081,0.1950198232796921,0.24061252515056716,0.0,0.0
HNEI,HNEI/HNEI_18650_NMC_LCO_25C_0-100_0.5-1.5C_b,pchp_change_domain_equal,1074,0.036317965917935506,0.043389669442979305,0.0,0.0
HNEI,HNEI/HNEI_18650_NMC_LCO_25C_0-100_0.5-1.5C_c,pchp_change_domain_equal,1076,0.04801908523774518,0.05131940444950046,0.0,0.0
HNEI,HNEI/HNEI_18650_NMC_LCO_25C_0-100_0.5-1.5C_d,pchp_change_domain_equal,1076,0.04986470110894942,0.052944775490605944,0.0,0.0
HNEI,HNEI/HNEI_18650_NMC_LCO_25C_0-100_0.5-1.5C_e,pchp_change_domain_equal,1101,0.049485105549845074,0.05409808327790869,0.0,0.0
HNEI,HNEI/HNEI_18650_NMC_LCO_25C_0-100_0.5-1.5C_f,pchp_change_domain_equal,1069,0.06608543612018546,0.07198510713033301,0.0,0.0
HNEI,HNEI/HNEI_18650_NMC_LCO_25C_0-100_0.5-1.5C_g,pchp_change_domain_equal,1076,0.06522661194844741,0.07140483681611774,0.0,0.0
HNEI,HNEI/HNEI_18650_NMC_LCO_25C_0-100_0.5-1.5C_j,pchp_change_domain_equal,1070,0.05020447738064435,0.0541431306392215,0.0,0.0
HNEI,HNEI/HNEI_18650_NMC_LCO_25C_0-100_0.5-1.5C_l,pchp_change_domain_equal,1076,0.05807625731751218,0.06369739147943165,0.0,0.0
HNEI,HNEI/HNEI_18650_NMC_LCO_25C_0-100_0.5-1.5C_n,pchp_change_domain_equal,1076,0.0454223919858696,0.0481162285995928,0.0,0.0
HNEI,HNEI/HNEI_18650_NMC_LCO_25C_0-100_0.5-1.5C_o,pchp_change_domain_equal,1076,0.01846784740118765,0.024899923181886486,0.0,0.0
HNEI,HNEI/HNEI_18650_NMC_LCO_25C_0-100_0.5-1.5C_p,pchp_change_domain_equal,1074,0.017449436138717044,0.02127697885567697,0.0,0.0
HNEI,HNEI/HNEI_18650_NMC_LCO_25C_0-100_0.5-1.5C_s,pchp_change_domain_equal,1082,0.04957732067768471,0.0521730587083749,0.0,0.0
HNEI,HNEI/HNEI_18650_NMC_LCO_25C_0-100_0.5-1.5C_t,pchp_change_domain_equal,1078,0.048786355497881205,0.05443575947757882,0.0,0.0
HUST,HUST/HUST_1-1,pchp_change_domain_equal,1499,0.019474125475966043,0.03489226191618662,0.0,0.0
HUST,HUST/HUST_1-2,pchp_change_domain_equal,2673,0.029370141617554458,0.04642254857548957,0.0,0.0
HUST,HUST/HUST_1-3,pchp_change_domain_equal,1853,0.03701967732233644,0.04533985772865986,0.0,0.0
HUST,HUST/HUST_1-4,pchp_change_domain_equal,1495,0.035208091455282114,0.04574708656895461,0.0,0.0
HUST,HUST/HUST_1-5,pchp_change_domain_equal,1966,0.03783046122813412,0.04306982322058963,0.0,0.0
HUST,HUST/HUST_1-6,pchp_change_domain_equal,1138,0.04210134755776292,0.052286601703389626,0.0,0.0
HUST,HUST/HUST_1-7,pchp_change_domain_equal,1673,0.020680559428905593,0.03886499292377474,0.0,0.0
HUST,HUST/HUST_1-8,pchp_change_domain_equal,2280,0.02411547995210911,0.04095305705344369,0.0,0.0
HUST,HUST/HUST_10-1,pchp_change_domain_equal,1697,0.024254024011053046,0.04052578613785045,0.0,0.0
HUST,HUST/HUST_10-2,pchp_change_domain_equal,1692,0.03917534976135978,0.05985759471438701,0.0,0.0
HUST,HUST/HUST_10-3,pchp_change_domain_equal,1843,0.0307763581247373,0.047555988639774026,0.0,0.0
HUST,HUST/HUST_10-4,pchp_change_domain_equal,1806,0.03170556817237273,0.042813299742000856,0.0,0.0
HUST,HUST/HUST_10-5,pchp_change_domain_equal,2025,0.03513468923925622,0.046892105898123634,0.0,0.0
HUST,HUST/HUST_10-6,pchp_change_domain_equal,2280,0.03257165026645294,0.05236134040501189,0.0,0.0
HUST,HUST/HUST_10-7,pchp_change_domain_equal,1778,0.033643036406185066,0.04780428309450488,0.0,0.0
HUST,HUST/HUST_10-8,pchp_change_domain_equal,1395,0.025446430234526016,0.04127388334993643,0.0,0.0
HUST,HUST/HUST_2-2,pchp_change_domain_equal,2646,0.033417667299609884,0.05013578006032505,0.0,0.0
HUST,HUST/HUST_2-3,pchp_change_domain_equal,1746,0.03516696558099516,0.04430196316789884,0.0,0.0
HUST,HUST/HUST_2-4,pchp_change_domain_equal,1494,0.021781078028267405,0.039060456079540194,0.0,0.0
HUST,HUST/HUST_2-5,pchp_change_domain_equal,1381,0.034580865494097356,0.04178621199042779,0.0,0.0
HUST,HUST/HUST_2-6,pchp_change_domain_equal,1567,0.03282038994726383,0.04615548914066793,0.0,0.0
HUST,HUST/HUST_2-7,pchp_change_domain_equal,2197,0.03377785156554424,0.04485300585588559,0.0,0.0
HUST,HUST/HUST_2-8,pchp_change_domain_equal,1476,0.026022882484258974,0.04515182729661761,0.0,0.0
HUST,HUST/HUST_3-1,pchp_change_domain_equal,1933,0.03697300702619711,0.051364174386152005,0.0,0.0
HUST,HUST/HUST_3-2,pchp_change_domain_equal,2278,0.03892919506717479,0.05332145244048637,0.0,0.0
HUST,HUST/HUST_3-3,pchp_change_domain_equal,1644,0.03550143926400726,0.05243408977204355,0.0,0.0
HUST,HUST/HUST_3-4,pchp_change_domain_equal,1761,0.02960366514795957,0.043648889320414254,0.0,0.0
HUST,HUST/HUST_3-5,pchp_change_domain_equal,2652,0.040532319745839346,0.059322137531710846,0.0,0.0
HUST,HUST/HUST_3-6,pchp_change_domain_equal,2486,0.037118952202722356,0.049364173546032085,0.0,0.0
HUST,HUST/HUST_3-7,pchp_change_domain_equal,2474,0.03057627824152903,0.046518240705737214,0.0,0.0
HUST,HUST/HUST_3-8,pchp_change_domain_equal,2337,0.0381429386987348,0.0539073816739903,0.0,0.0
HUST,HUST/HUST_4-1,pchp_change_domain_equal,2212,0.037029785780336735,0.05158039621291016,0.0,0.0
HUST,HUST/HUST_4-2,pchp_change_domain_equal,1777,0.03132607015974308,0.04185979794250977,0.0,0.0
HUST,HUST/HUST_4-3,pchp_change_domain_equal,1137,0.0211924890832554,0.0375081664879991,0.0,0.0
HUST,HUST/HUST_4-4,pchp_change_domain_equal,1486,0.02064210805316333,0.036816070161549995,0.0,0.0
HUST,HUST/HUST_4-5,pchp_change_domain_equal,1556,0.027538954049736292,0.04379093397774875,0.0,0.0
HUST,HUST/HUST_4-6,pchp_change_domain_equal,1375,0.02863910006553207,0.041534740317236134,0.0,0.0
HUST,HUST/HUST_4-7,pchp_change_domain_equal,2211,0.030497787417878102,0.05018777479106741,0.0,0.0
HUST,HUST/HUST_4-8,pchp_change_domain_equal,1701,0.033736300441508334,0.04558798567375257,0.0,0.0
HUST,HUST/HUST_5-1,pchp_change_domain_equal,2502,0.029141959171513042,0.046099685497724384,0.0,0.0
HUST,HUST/HUST_5-2,pchp_change_domain_equal,1921,0.0349713753503075,0.044895548555944756,0.0,0.0
HUST,HUST/HUST_5-3,pchp_change_domain_equal,2684,0.028736970791209612,0.04574867353927091,0.0,0.0
HUST,HUST/HUST_5-4,pchp_change_domain_equal,1957,0.022479848503240887,0.03675004927231424,0.0,0.0
HUST,HUST/HUST_5-5,pchp_change_domain_equal,1578,0.036124690959282425,0.0433256926357331,0.0,0.0
HUST,HUST/HUST_5-6,pchp_change_domain_equal,2455,0.028204631283036827,0.04550649512652428,0.0,0.0
HUST,HUST/HUST_5-7,pchp_change_domain_equal,1443,0.019247724579031664,0.035572993056846164,0.0,0.0
HUST,HUST/HUST_6-1,pchp_change_domain_equal,1604,0.019741697358358058,0.035577540148477214,0.0,0.0
HUST,HUST/HUST_6-2,pchp_change_domain_equal,1903,0.0387454414196901,0.04695678611812044,0.0,0.0
HUST,HUST/HUST_6-3,pchp_change_domain_equal,1799,0.03446785674150727,0.04818651413445694,0.0,0.0
HUST,HUST/HUST_6-4,pchp_change_domain_equal,1712,0.0233248241487102,0.0389200010069584,0.0,0.0
HUST,HUST/HUST_6-5,pchp_change_domain_equal,2173,0.024790788581129933,0.0384473830322348,0.0,0.0
HUST,HUST/HUST_6-6,pchp_change_domain_equal,2463,0.0419766331835594,0.046842938015189045,0.0,0.0
HUST,HUST/HUST_6-8,pchp_change_domain_equal,2445,0.04331099307002203,0.060002155240630455,0.0,0.0
HUST,HUST/HUST_7-1,pchp_change_domain_equal,1685,0.032825805813564465,0.048854549124274456,0.0,0.0
HUST,HUST/HUST_7-2,pchp_change_domain_equal,2025,0.03798343871362956,0.05851584155269197,0.0,0.0
HUST,HUST/HUST_7-3,pchp_change_domain_equal,1290,0.02012288357387649,0.03486904432290916,0.0,0.0
HUST,HUST/HUST_7-4,pchp_change_domain_equal,1388,0.020631073251819707,0.034309491857442684,0.0,0.0
HUST,HUST/HUST_7-5,pchp_change_domain_equal,1868,0.0313019119819807,0.04453753734813659,0.0,0.0
HUST,HUST/HUST_7-6,pchp_change_domain_equal,1414,0.02000655761065971,0.03593349975891601,0.0,0.0
HUST,HUST/HUST_7-7,pchp_change_domain_equal,1680,0.02074794586487313,0.037411356251394114,0.0,0.0
HUST,HUST/HUST_7-8,pchp_change_domain_equal,1933,0.03197979623586947,0.04090234717313817,0.0,0.0
HUST,HUST/HUST_8-1,pchp_change_domain_equal,1303,0.019805282218613426,0.03573882481007941,0.0,0.0
HUST,HUST/HUST_8-2,pchp_change_domain_equal,2036,0.023719088072863236,0.042726024873811046,0.0,0.0
HUST,HUST/HUST_8-3,pchp_change_domain_equal,2285,0.034062175355185915,0.04562402191171252,0.0,0.0
HUST,HUST/HUST_8-4,pchp_change_domain_equal,1880,0.021006544592528743,0.03737890800954879,0.0,0.0
HUST,HUST/HUST_8-5,pchp_change_domain_equal,1343,0.02131148294903656,0.03528942469425471,0.0,0.0
HUST,HUST/HUST_8-6,pchp_change_domain_equal,2360,0.02756822622640484,0.04748098272607058,0.0,0.0
HUST,HUST/HUST_8-7,pchp_change_domain_equal,2042,0.026629439809891662,0.04014863906367516,0.0,0.0
HUST,HUST/HUST_8-8,pchp_change_domain_equal,1674,0.03437805777844297,0.04902303138943002,0.0,0.0
HUST,HUST/HUST_9-1,pchp_change_domain_equal,2052,0.04028638608952062,0.059464543618310634,0.0,0.0
HUST,HUST/HUST_9-2,pchp_change_domain_equal,2138,0.034834943473622905,0.04601140649670472,0.0,0.0
HUST,HUST/HUST_9-3,pchp_change_domain_equal,1900,0.035918243335539335,0.04984673660746855,0.0,0.0
HUST,HUST/HUST_9-4,pchp_change_domain_equal,1970,0.037839549591145376,0.054630791291239045,0.0,0.0
HUST,HUST/HUST_9-5,pchp_change_domain_equal,2163,0.03691989249319253,0.05229819779517442,0.0,0.0
HUST,HUST/HUST_9-6,pchp_change_domain_equal,1737,0.0377599848880453,0.056655770425560525,0.0,0.0
HUST,HUST/HUST_9-7,pchp_change_domain_equal,2007,0.033446003497720464,0.045151123830583,0.0,0.0
HUST,HUST/HUST_9-8,pchp_change_domain_equal,2303,0.035493989699931484,0.04519141193278602,0.0,0.0
MATR,MATR/MATR_b1c0,pchp_change_domain_equal,1843,0.03783431312229049,0.042529961265151496,0.0,0.0
MATR,MATR/MATR_b1c1,pchp_change_domain_equal,2153,0.04473556563903398,0.04980143363707976,0.0,0.0
MATR,MATR/MATR_b1c11,pchp_change_domain_equal,781,0.061161041182819724,0.06668060583761287,0.0,0.0
MATR,MATR/MATR_b1c14,pchp_change_domain_equal,873,0.061646223249616994,0.06757334762552523,0.0,0.0
MATR,MATR/MATR_b1c15,pchp_change_domain_equal,712,0.05654094674579168,0.06165435666901182,0.0,0.0
MATR,MATR/MATR_b1c16,pchp_change_domain_equal,855,0.05039185650491511,0.05458067994746922,0.0,0.0
MATR,MATR/MATR_b1c17,pchp_change_domain_equal,850,0.05289926787341672,0.05708453147114385,0.0,0.0
MATR,MATR/MATR_b1c18,pchp_change_domain_equal,683,0.04845035783144688,0.05055995162826385,0.0,0.0
MATR,MATR/MATR_b1c19,pchp_change_domain_equal,781,0.047296731551243885,0.05144090658138755,0.0,0.0
MATR,MATR/MATR_b1c2,pchp_change_domain_equal,2229,0.04441589067438418,0.04918501315823145,0.0,0.0
MATR,MATR/MATR_b1c20,pchp_change_domain_equal,526,0.029696043865376328,0.032206136703550305,0.0,0.0
MATR,MATR/MATR_b1c21,pchp_change_domain_equal,552,0.04014915164492385,0.042868784552455616,0.0,0.0
MATR,MATR/MATR_b1c23,pchp_change_domain_equal,1007,0.06657412879646932,0.07281198006030809,0.0,0.0
MATR,MATR/MATR_b1c24,pchp_change_domain_equal,1010,0.08228408481103079,0.0870248791198562,0.0,0.0
MATR,MATR/MATR_b1c25,pchp_change_domain_equal,847,0.0746419852222763,0.08018874003467229,0.0,0.0
MATR,MATR/MATR_b1c26,pchp_change_domain_equal,863,0.05439850560389538,0.05921167335068213,0.0,0.0
MATR,MATR/MATR_b1c27,pchp_change_domain_equal,835,0.05874179342283071,0.06367461106941859,0.0,0.0
MATR,MATR/MATR_b1c28,pchp_change_domain_equal,853,0.07460404674196275,0.079146413994738,0.0,0.0
MATR,MATR/MATR_b1c29,pchp_change_domain_equal,910,0.07712221941889402,0.08145490863056566,0.0,0.0
MATR,MATR/MATR_b1c3,pchp_change_domain_equal,1427,0.04536482937799961,0.05006819882678223,0.0,0.0
MATR,MATR/MATR_b1c30,pchp_change_domain_equal,701,0.054554645714410405,0.05835728812603882,0.0,0.0
MATR,MATR/MATR_b1c31,pchp_change_domain_equal,869,0.05888822648131867,0.06287239267661812,0.0,0.0
MATR,MATR/MATR_b1c32,pchp_change_domain_equal,724,0.06687481517299011,0.07089734412473069,0.0,0.0
MATR,MATR/MATR_b1c33,pchp_change_domain_equal,750,0.06607223028359141,0.07009958310562774,0.0,0.0
MATR,MATR/MATR_b1c34,pchp_change_domain_equal,735,0.06961411659919187,0.07407064727222955,0.0,0.0
MATR,MATR/MATR_b1c35,pchp_change_domain_equal,695,0.06639484978280247,0.07077304281297465,0.0,0.0
MATR,MATR/MATR_b1c36,pchp_change_domain_equal,697,0.07251330712375334,0.07673976774500785,0.0,0.0
MATR,MATR/MATR_b1c37,pchp_change_domain_equal,640,0.06966379058898169,0.07347753611629776,0.0,0.0
MATR,MATR/MATR_b1c38,pchp_change_domain_equal,610,0.05465740111778827,0.057443688477751075,0.0,0.0
MATR,MATR/MATR_b1c39,pchp_change_domain_equal,618,0.05544710162202979,0.058636960018107434,0.0,0.0
MATR,MATR/MATR_b1c4,pchp_change_domain_equal,1702,0.04637896872995926,0.05170103564275276,0.0,0.0
MATR,MATR/MATR_b1c40,pchp_change_domain_equal,959,0.07537998501134426,0.08114109209661405,0.0,0.0
MATR,MATR/MATR_b1c41,pchp_change_domain_equal,1044,0.08084994192569964,0.0857072578686258,0.0,0.0
MATR,MATR/MATR_b1c42,pchp_change_domain_equal,695,0.059967348260901755,0.06439303211290763,0.0,0.0
MATR,MATR/MATR_b1c43,pchp_change_domain_equal,644,0.055908409135361554,0.05940651674330188,0.0,0.0
MATR,MATR/MATR_b1c44,pchp_change_domain_equal,608,0.06341130294529153,0.06927781839875408,0.0,0.0
MATR,MATR/MATR_b1c45,pchp_change_domain_equal,592,0.06109420436733965,0.06721221237926825,0.0,0.0
MATR,MATR/MATR_b1c5,pchp_change_domain_equal,1067,0.04323269717975681,0.04719344694600554,0.0,0.0
MATR,MATR/MATR_b1c6,pchp_change_domain_equal,629,0.03319523974893047,0.035772743351359264,0.0,0.0
MATR,MATR/MATR_b1c7,pchp_change_domain_equal,863,0.04763258575655791,0.0507169919918203,0.0,0.0
MATR,MATR/MATR_b1c9,pchp_change_domain_equal,1046,0.05631307967171307,0.0621068254373766,0.0,0.0
MATR,MATR/MATR_b2c0,pchp_change_domain_equal,320,0.02905958727848922,0.03571657379571425,0.0,0.0
MATR,MATR/MATR_b2c1,pchp_change_domain_equal,164,0.04709714108813121,0.0626044953406112,0.0,0.0
MATR,MATR/MATR_b2c10,pchp_change_domain_equal,590,0.029273411317756272,0.034512801868663734,0.0,0.0
MATR,MATR/MATR_b2c11,pchp_change_domain_equal,499,0.029900472210005233,0.03730442981974409,0.0,0.0
MATR,MATR/MATR_b2c12,pchp_change_domain_equal,484,0.023178458724088438,0.03507621057987137,0.0,0.0
MATR,MATR/MATR_b2c13,pchp_change_domain_equal,514,0.028757596783347727,0.03938203556442418,0.0,0.0
MATR,MATR/MATR_b2c14,pchp_change_domain_equal,503,0.034750420468030827,0.041454225804033185,0.0,0.0
MATR,MATR/MATR_b2c17,pchp_change_domain_equal,519,0.03769799074501401,0.04283116290251669,0.0,0.0
MATR,MATR/MATR_b2c18,pchp_change_domain_equal,517,0.026380324437042895,0.034801887837184665,0.0,0.0
MATR,MATR/MATR_b2c19,pchp_change_domain_equal,483,0.017457614662974453,0.027612534865000482,0.0,0.0
MATR,MATR/MATR_b2c2,pchp_change_domain_equal,458,0.04580950001210569,0.04975297010559345,0.0,0.0
MATR,MATR/MATR_b2c20,pchp_change_domain_equal,525,0.034506305267777905,0.04178990838530027,0.0,0.0
MATR,MATR/MATR_b2c21,pchp_change_domain_equal,514,0.02808390750409568,0.03697814954935226,0.0,0.0
MATR,MATR/MATR_b2c22,pchp_change_domain_equal,534,0.034316105173755995,0.04110294262052167,0.0,0.0
MATR,MATR/MATR_b2c23,pchp_change_domain_equal,556,0.031580529156613385,0.037995525221146915,0.0,0.0
MATR,MATR/MATR_b2c24,pchp_change_domain_equal,518,0.033024576289711276,0.03933370900210557,0.0,0.0
MATR,MATR/MATR_b2c25,pchp_change_domain_equal,481,0.02436331091541155,0.0338243261174855,0.0,0.0
MATR,MATR/MATR_b2c26,pchp_change_domain_equal,492,0.027091277501704626,0.03637195179962638,0.0,0.0
MATR,MATR/MATR_b2c27,pchp_change_domain_equal,489,0.03322569171522974,0.03960778140783502,0.0,0.0
MATR,MATR/MATR_b2c28,pchp_change_domain_equal,535,0.03787120472758889,0.04302742796068263,0.0,0.0
MATR,MATR/MATR_b2c29,pchp_change_domain_equal,516,0.04057303042091753,0.04634007458379843,0.0,0.0
MATR,MATR/MATR_b2c3,pchp_change_domain_equal,355,0.03028217314399819,0.03869641995257835,0.0,0.0
MATR,MATR/MATR_b2c30,pchp_change_domain_equal,501,0.03463181367753151,0.04010092759710292,0.0,0.0
MATR,MATR/MATR_b2c31,pchp_change_domain_equal,513,0.03670757443445562,0.041986535421477074,0.0,0.0
MATR,MATR/MATR_b2c32,pchp_change_domain_equal,538,0.03924006944467208,0.04381784098208051,0.0,0.0
MATR,MATR/MATR_b2c33,pchp_change_domain_equal,540,0.04141358618196879,0.04655350072284141,0.0,0.0
MATR,MATR/MATR_b2c34,pchp_change_domain_equal,520,0.04229075324309165,0.04584692973895518,0.0,0.0
MATR,MATR/MATR_b2c35,pchp_change_domain_equal,480,0.0373627230808787,0.04138781342863672,0.0,0.0
MATR,MATR/MATR_b2c36,pchp_change_domain_equal,554,0.040150177237492146,0.044491990647507,0.0,0.0
MATR,MATR/MATR_b2c37,pchp_change_domain_equal,496,0.04240546864140351,0.04731368470282254,0.0,0.0
MATR,MATR/MATR_b2c38,pchp_change_domain_equal,481,0.03918615734823115,0.04362836151017975,0.0,0.0
MATR,MATR/MATR_b2c39,pchp_change_domain_equal,474,0.04305398164767098,0.04729980039861936,0.0,0.0
MATR,MATR/MATR_b2c4,pchp_change_domain_equal,465,0.025604160333641705,0.03518519177439013,0.0,0.0
MATR,MATR/MATR_b2c40,pchp_change_domain_equal,524,0.029998106316826256,0.03682949724871352,0.0,0.0
MATR,MATR/MATR_b2c41,pchp_change_domain_equal,446,0.036127771496761905,0.040509648850540377,0.0,0.0
MATR,MATR/MATR_b2c42,pchp_change_domain_equal,486,0.03515868461230907,0.03975931314454177,0.0,0.0
MATR,MATR/MATR_b2c43,pchp_change_domain_equal,481,0.03631114625966191,0.039944257237797966,0.0,0.0
MATR,MATR/MATR_b2c44,pchp_change_domain_equal,472,0.03927198669418309,0.04268585737567539,0.0,0.0
MATR,MATR/MATR_b2c45,pchp_change_domain_equal,508,0.03402083602654143,0.039055545516197644,0.0,0.0
MATR,MATR/MATR_b2c46,pchp_change_domain_equal,443,0.03921090772868474,0.04257285163111866,0.0,0.0
MATR,MATR/MATR_b2c47,pchp_change_domain_equal,739,0.03846128903403208,0.04081726006826168,0.0,0.0
MATR,MATR/MATR_b2c5,pchp_change_domain_equal,501,0.03479638229831793,0.04093126898660442,0.0,0.0
MATR,MATR/MATR_b2c6,pchp_change_domain_equal,539,0.019911834287609047,0.029237038431887585,0.0,0.0
MATR,MATR/MATR_b3c0,pchp_change_domain_equal,1002,0.03787403854657453,0.04091341430384531,0.0,0.0
MATR,MATR/MATR_b3c1,pchp_change_domain_equal,1056,0.04804350105531044,0.051482974204157476,0.0,0.0
MATR,MATR/MATR_b3c10,pchp_change_domain_equal,1071,0.032306368277997904,0.03522538222608381,0.0,0.0
MATR,MATR/MATR_b3c11,pchp_change_domain_equal,810,0.03254923100175751,0.03493483730223317,0.0,0.0
MATR,MATR/MATR_b3c12,pchp_change_domain_equal,925,0.04422741443402182,0.047377234528961594,0.0,0.0
MATR,MATR/MATR_b3c13,pchp_change_domain_equal,809,0.03239720554046029,0.03424226657667443,0.0,0.0
MATR,MATR/MATR_b3c14,pchp_change_domain_equal,851,0.04112157972967337,0.043940690295318406,0.0,0.0
MATR,MATR/MATR_b3c15,pchp_change_domain_equal,869,0.036268421899763,0.03833999785569542,0.0,0.0
MATR,MATR/MATR_b3c16,pchp_change_domain_equal,1631,0.037099564870413174,0.04115160606739265,0.0,0.0
MATR,MATR/MATR_b3c17,pchp_change_domain_equal,1308,0.050596746538543826,0.05489645590970555,0.0,0.0
MATR,MATR/MATR_b3c18,pchp_change_domain_equal,1139,0.04020762028781762,0.042905165047017885,0.0,0.0
MATR,MATR/MATR_b3c19,pchp_change_domain_equal,1148,0.04284052640669052,0.04641568290230159,0.0,0.0
MATR,MATR/MATR_b3c20,pchp_change_domain_equal,806,0.033100145692723466,0.03561272824996424,0.0,0.0
MATR,MATR/MATR_b3c21,pchp_change_domain_equal,765,0.02484655822938574,0.026287017939052495,0.0,0.0
MATR,MATR/MATR_b3c22,pchp_change_domain_equal,995,0.07064832913658961,0.07390084842816834,0.0,0.0
MATR,MATR/MATR_b3c24,pchp_change_domain_equal,818,0.032999096978079706,0.03509067035750881,0.0,0.0
MATR,MATR/MATR_b3c25,pchp_change_domain_equal,982,0.045183232817813716,0.04823605783812481,0.0,0.0
MATR,MATR/MATR_b3c26,pchp_change_domain_equal,1021,0.03984772396910368,0.04283200215183805,0.0,0.0
MATR,MATR/MATR_b3c27,pchp_change_domain_equal,843,0.040235124119795886,0.042567842194082835,0.0,0.0
MATR,MATR/MATR_b3c28,pchp_change_domain_equal,534,0.017983027908012726,0.02090143775375016,0.0,0.0
MATR,MATR/MATR_b3c29,pchp_change_domain_equal,851,0.03706234087477438,0.03935174786548808,0.0,0.0
MATR,MATR/MATR_b3c3,pchp_change_domain_equal,1108,0.04929393168037781,0.05308116551754375,0.0,0.0
MATR,MATR/MATR_b3c30,pchp_change_domain_equal,928,0.045542206457497084,0.049273492437119766,0.0,0.0
MATR,MATR/MATR_b3c31,pchp_change_domain_equal,724,0.04864242800865966,0.05228290090429961,0.0,0.0
MATR,MATR/MATR_b3c33,pchp_change_domain_equal,1277,0.04151937410333436,0.04500771682936868,0.0,0.0
MATR,MATR/MATR_b3c34,pchp_change_domain_equal,1151,0.04557566117933632,0.04891992472093418,0.0,0.0
MATR,MATR/MATR_b3c35,pchp_change_domain_equal,1086,0.0357344624402105,0.038356440024557126,0.0,0.0
MATR,MATR/MATR_b3c36,pchp_change_domain_equal,916,0.044098938350517335,0.04618417434564457,0.0,0.0
MATR,MATR/MATR_b3c38,pchp_change_domain_equal,1928,0.05379532367211975,0.05826617264191843,0.0,0.0
MATR,MATR/MATR_b3c39,pchp_change_domain_equal,1149,0.05185890001779176,0.054454488243402994,0.0,0.0
MATR,MATR/MATR_b3c4,pchp_change_domain_equal,1041,0.036358781024568756,0.03890617343671777,0.0,0.0
MATR,MATR/MATR_b3c40,pchp_change_domain_equal,789,0.0329681654223298,0.03473994143007168,0.0,0.0
MATR,MATR/MATR_b3c41,pchp_change_domain_equal,779,0.04061697459348138,0.043008282521097146,0.0,0.0
MATR,MATR/MATR_b3c44,pchp_change_domain_equal,933,0.04984969570772727,0.052956061962506705,0.0,0.0
MATR,MATR/MATR_b3c45,pchp_change_domain_equal,1794,0.040445465567626154,0.04463018752200661,0.0,0.0
MATR,MATR/MATR_b3c5,pchp_change_domain_equal,821,0.03767066856082039,0.03945420847025005,0.0,0.0
MATR,MATR/MATR_b3c6,pchp_change_domain_equal,660,0.01716976056950488,0.019948990671477377,0.0,0.0
MATR,MATR/MATR_b3c7,pchp_change_domain_equal,1829,0.042147607259443554,0.04701710544437319,0.0,0.0
MATR,MATR/MATR_b3c8,pchp_change_domain_equal,821,0.03367749382999975,0.03551240783019339,0.0,0.0
MATR,MATR/MATR_b3c9,pchp_change_domain_equal,1032,0.05388850257432814,0.0573291637244161,0.0,0.0
MATR,MATR/MATR_b4c0,pchp_change_domain_equal,977,0.04144140648282444,0.05970953926805534,0.0,0.0
MATR,MATR/MATR_b4c1,pchp_change_domain_equal,856,0.04254379872840295,0.058638673518409165,0.0,0.0
MATR,MATR/MATR_b4c10,pchp_change_domain_equal,1077,0.0725134121896,0.10640407738042927,0.0,0.0
MATR,MATR/MATR_b4c11,pchp_change_domain_equal,925,0.04715133796506342,0.05114341393660676,0.0,0.0
MATR,MATR/MATR_b4c12,pchp_change_domain_equal,893,0.05045592630578387,0.05649869509328768,0.0,0.0
MATR,MATR/MATR_b4c13,pchp_change_domain_equal,864,0.05454610217722621,0.0638941008189379,0.0,0.0
MATR,MATR/MATR_b4c14,pchp_change_domain_equal,762,0.08622010003917531,0.1077191345059874,0.0,0.0
MATR,MATR/MATR_b4c15,pchp_change_domain_equal,866,0.09456406209752535,0.12908701129408653,0.0,0.0
MATR,MATR/MATR_b4c16,pchp_change_domain_equal,978,0.07279017960240555,0.07754010584314616,0.0,0.0
MATR,MATR/MATR_b4c17,pchp_change_domain_equal,925,0.06644529287959192,0.07007482956392475,0.0,0.0
MATR,MATR/MATR_b4c18,pchp_change_domain_equal,1052,0.06138374008395212,0.0757179355387905,0.0,0.0
MATR,MATR/MATR_b4c19,pchp_change_domain_equal,1106,0.07414364284919628,0.07978105817542461,0.0,0.0
MATR,MATR/MATR_b4c2,pchp_change_domain_equal,779,0.04019885978832218,0.044943048344954044,0.0,0.0
MATR,MATR/MATR_b4c20,pchp_change_domain_equal,799,0.037580123822086316,0.0419209396796903,0.0,0.0
MATR,MATR/MATR_b4c21,pchp_change_domain_equal,898,0.05531382469467242,0.07858576046861128,0.0,0.0
MATR,MATR/MATR_b4c22,pchp_change_domain_equal,740,0.06992343145602602,0.07451839987300855,0.0,0.0
MATR,MATR/MATR_b4c23,pchp_change_domain_equal,1089,0.05913728918468441,0.06424480308126504,0.0,0.0
MATR,MATR/MATR_b4c24,pchp_change_domain_equal,1110,0.04727338048504609,0.0587681312045057,0.0,0.0
MATR,MATR/MATR_b4c25,pchp_change_domain_equal,562,0.08547414380551588,0.10447606253596717,0.0,0.0
MATR,MATR/MATR_b4c26,pchp_change_domain_equal,574,0.08202923366942587,0.10030358206068103,0.0,0.0
MATR,MATR/MATR_b4c27,pchp_change_domain_equal,558,0.06364643364698455,0.06920461102157649,0.0,0.0
MATR,MATR/MATR_b4c28,pchp_change_domain_equal,877,0.050604791814017454,0.05516032230885635,0.0,0.0
MATR,MATR/MATR_b4c29,pchp_change_domain_equal,951,0.044415959416324716,0.05000986736496108,0.0,0.0
MATR,MATR/MATR_b4c3,pchp_change_domain_equal,906,0.07260897436308593,0.08638102289916005,0.0,0.0
MATR,MATR/MATR_b4c30,pchp_change_domain_equal,714,0.044651929240822105,0.06244994341543246,0.0,0.0
MATR,MATR/MATR_b4c31,pchp_change_domain_equal,827,0.1520479185360799,0.22118547264750543,0.0,0.0
MATR,MATR/MATR_b4c32,pchp_change_domain_equal,834,0.06864813945929162,0.0736427580035295,0.0,0.0
MATR,MATR/MATR_b4c33,pchp_change_domain_equal,525,0.06507003541576462,0.06818312168038564,0.0,0.0
MATR,MATR/MATR_b4c34,pchp_change_domain_equal,992,0.04206627088204375,0.04855303147357467,0.0,0.0
MATR,MATR/MATR_b4c35,pchp_change_domain_equal,1126,0.04131328349530758,0.0468898674820628,0.0,0.0
MATR,MATR/MATR_b4c36,pchp_change_domain_equal,708,0.08355609130712358,0.09831572447766093,0.0,0.0
MATR,MATR/MATR_b4c37,pchp_change_domain_equal,1000,0.07313676144070436,0.08008744987576832,0.0,0.0
MATR,MATR/MATR_b4c38,pchp_change_domain_equal,1225,0.047706271963222455,0.0528033754782747,0.0,0.0
MATR,MATR/MATR_b4c39,pchp_change_domain_equal,756,0.07000038862043502,0.07418432606036802,0.0,0.0
MATR,MATR/MATR_b4c4,pchp_change_domain_equal,907,0.13968867437109714,0.20334239128107537,0.0,0.0
MATR,MATR/MATR_b4c40,pchp_change_domain_equal,1117,0.041819180849266384,0.046286001324662,0.0,0.0
MATR,MATR/MATR_b4c41,pchp_change_domain_equal,992,0.06721433132965239,0.0997540166844679,0.0,0.0
MATR,MATR/MATR_b4c42,pchp_change_domain_equal,910,0.062150419917051995,0.08411656722192308,0.0,0.0
MATR,MATR/MATR_b4c43,pchp_change_domain_equal,946,0.07179183303019211,0.11205660849724096,0.0,0.0
MATR,MATR/MATR_b4c44,pchp_change_domain_equal,1072,0.06322124748684989,0.07026749330500075,0.0,0.0
MATR,MATR/MATR_b4c5,pchp_change_domain_equal,1062,0.05836594145332358,0.07339113460307271,0.0,0.0
MATR,MATR/MATR_b4c6,pchp_change_domain_equal,772,0.06559635186766238,0.06991098322346972,0.0,0.0
MATR,MATR/MATR_b4c7,pchp_change_domain_equal,557,0.06871969667745428,0.07107913042564279,0.0,0.0
MATR,MATR/MATR_b4c8,pchp_change_domain_equal,713,0.03725321923898353,0.0428081179627468,0.0,0.0
MATR,MATR/MATR_b4c9,pchp_change_domain_equal,524,0.06907067632646098,0.0790542778187944,0.0,0.0
MICH,MICH/MICH_BLForm10_pouch_NMC_25C_0-100_1-1C_j,pchp_change_domain_equal,454,0.10945190098650623,0.20838600136036628,0.0,0.0
MICH,MICH/MICH_BLForm11_pouch_NMC_25C_0-100_1-1C_a,pchp_change_domain_equal,420,0.06440721773266378,0.10886252787262386,0.0,0.0
MICH,MICH/MICH_BLForm12_pouch_NMC_25C_0-100_1-1C_b,pchp_change_domain_equal,427,0.08435217432751461,0.13698496539538124,0.0,0.0
MICH,MICH/MICH_BLForm13_pouch_NMC_25C_0-100_1-1C_c,pchp_change_domain_equal,432,0.10086413936006801,0.16301058036899355,0.0,0.0
MICH,MICH/MICH_BLForm14_pouch_NMC_25C_0-100_1-1C_d,pchp_change_domain_equal,471,0.075327311840001,0.12533834749750147,0.0,0.0
MICH,MICH/MICH_BLForm15_pouch_NMC_25C_0-100_1-1C_e,pchp_change_domain_equal,437,0.09993901472193642,0.1666657387551088,0.0,0.0
MICH,MICH/MICH_BLForm16_pouch_NMC_25C_0-100_1-1C_f,pchp_change_domain_equal,437,0.09585697990843813,0.16459754738145718,0.0,0.0
MICH,MICH/MICH_BLForm17_pouch_NMC_25C_0-100_1-1C_g,pchp_change_domain_equal,437,0.1351531518001151,0.21408235619876934,0.0,0.0
MICH,MICH/MICH_BLForm18_pouch_NMC_25C_0-100_1-1C_h,pchp_change_domain_equal,433,0.11225559668868476,0.18007608041989795,0.0,0.0
MICH,MICH/MICH_BLForm19_pouch_NMC_25C_0-100_1-1C_i,pchp_change_domain_equal,437,0.09403270839963461,0.15281170645366307,0.0,0.0
MICH,MICH/MICH_BLForm1_pouch_NMC_45C_0-100_1-1C_a,pchp_change_domain_equal,487,0.15363211393645326,0.25690424904574277,0.0,0.0
MICH,MICH/MICH_BLForm20_pouch_NMC_25C_0-100_1-1C_j,pchp_change_domain_equal,437,0.12860856840778132,0.2048198619163331,0.0,0.0
MICH,MICH/MICH_BLForm2_pouch_NMC_45C_0-100_1-1C_b,pchp_change_domain_equal,459,0.14787170904328928,0.24831356609027877,0.0,0.0
MICH,MICH/MICH_BLForm3_pouch_NMC_45C_0-100_1-1C_c,pchp_change_domain_equal,507,0.0752401457145522,0.1424366043224422,0.0,0.0
MICH,MICH/MICH_BLForm4_pouch_NMC_45C_0-100_1-1C_d,pchp_change_domain_equal,487,0.15717080861057858,0.2546453623062056,0.0,0.0
MICH,MICH/MICH_BLForm5_pouch_NMC_45C_0-100_1-1C_e,pchp_change_domain_equal,487,0.150893640763005,0.257710201087835,0.0,0.0
MICH,MICH/MICH_BLForm6_pouch_NMC_45C_0-100_1-1C_f,pchp_change_domain_equal,449,0.09694294918239167,0.19520173210722755,0.0,0.0
MICH,MICH/MICH_BLForm7_pouch_NMC_45C_0-100_1-1C_g,pchp_change_domain_equal,452,0.12102327040785203,0.22679290230062737,0.0,0.0
MICH,MICH/MICH_BLForm8_pouch_NMC_45C_0-100_1-1C_h,pchp_change_domain_equal,487,0.1494851463610647,0.2571675652430525,0.0,0.0
MICH,MICH/MICH_BLForm9_pouch_NMC_45C_0-100_1-1C_i,pchp_change_domain_equal,569,0.2833153985767015,0.35244651204647504,0.0,0.0
MICH,MICH/MICH_MCForm21_pouch_NMC_25C_0-100_1-1C_a,pchp_change_domain_equal,471,0.05653207371626923,0.09605468104816496,0.0,0.0
MICH,MICH/MICH_MCForm22_pouch_NMC_25C_0-100_1-1C_b,pchp_change_domain_equal,486,0.12604565855293545,0.20495147176999903,0.0,0.0
MICH,MICH/MICH_MCForm23_pouch_NMC_25C_0-100_1-1C_c,pchp_change_domain_equal,535,0.06534117975326764,0.10992412607518284,0.0,0.0
MICH,MICH/MICH_MCForm24_pouch_NMC_25C_0-100_1-1C_d,pchp_change_domain_equal,471,0.07534253431495472,0.12743907962777418,0.0,0.0
MICH,MICH/MICH_MCForm25_pouch_NMC_25C_0-100_1-1C_e,pchp_change_domain_equal,584,0.0753003685942698,0.12155465287564798,0.0,0.0
MICH,MICH/MICH_MCForm26_pouch_NMC_25C_0-100_1-1C_f,pchp_change_domain_equal,584,0.06625199335555211,0.10557559143306264,0.0,0.0
MICH,MICH/MICH_MCForm27_pouch_NMC_25C_0-100_1-1C_g,pchp_change_domain_equal,535,0.06607329182287652,0.10504408632969593,0.0,0.0
MICH,MICH/MICH_MCForm28_pouch_NMC_25C_0-100_1-1C_h,pchp_change_domain_equal,584,0.08248700248538482,0.13245982044390214,0.0,0.0
MICH,MICH/MICH_MCForm29_pouch_NMC_25C_0-100_1-1C_i,pchp_change_domain_equal,547,0.09978428747494965,0.16770058247549513,0.0,0.0
MICH,MICH/MICH_MCForm30_pouch_NMC_25C_0-100_1-1C_j,pchp_change_domain_equal,535,0.06592922404259881,0.10338696278812706,0.0,0.0
MICH,MICH/MICH_MCForm31_pouch_NMC_45C_0-100_1-1C_a,pchp_change_domain_equal,506,0.08877691748633618,0.1760979869462566,0.0,0.0
MICH,MICH/MICH_MCForm32_pouch_NMC_45C_0-100_1-1C_b,pchp_change_domain_equal,487,0.05306536457048396,0.10030570672282077,0.0,0.0
MICH,MICH/MICH_MCForm33_pouch_NMC_45C_0-100_1-1C_c,pchp_change_domain_equal,496,0.06915107833346285,0.14526491494910856,0.0,0.0
MICH,MICH/MICH_MCForm34_pouch_NMC_45C_0-100_1-1C_d,pchp_change_domain_equal,575,0.04296537538767226,0.0737061693653966,0.0,0.0
MICH,MICH/MICH_MCForm35_pouch_NMC_45C_0-100_1-1C_e,pchp_change_domain_equal,440,0.05320254730177919,0.10067692303656608,0.0,0.0
MICH,MICH/MICH_MCForm36_pouch_NMC_45C_0-100_1-1C_f,pchp_change_domain_equal,536,0.0789756747558979,0.14659595408600598,0.0,0.0
MICH,MICH/MICH_MCForm37_pouch_NMC_45C_0-100_1-1C_g,pchp_change_domain_equal,536,0.05832504926205228,0.11378286637507434,0.0,0.0
MICH,MICH/MICH_MCForm38_pouch_NMC_45C_0-100_1-1C_h,pchp_change_domain_equal,497,0.09176417413715139,0.17200376907615939,0.0,0.0
MICH,MICH/MICH_MCForm39_pouch_NMC_45C_0-100_1-1C_i,pchp_change_domain_equal,536,0.07264716939667713,0.14286258398812826,0.0,0.0
MICH,MICH/MICH_MCForm40_pouch_NMC_45C_0-100_1-1C_j,pchp_change_domain_equal,534,0.05561354999137181,0.09468886284836787,0.0,0.0
MICH_EXP,MICH_EXP/MICH_01R_pouch_NMC_25C_0-100_0.2-0.2C,pchp_change_domain_equal,374,0.07638841786657623,0.09340962920423221,0.0,0.0
MICH_EXP,MICH_EXP/MICH_02C_pouch_NMC_-5C_0-100_0.2-0.2C,pchp_change_domain_equal,288,0.013493108509634123,0.01538988669689801,0.0,0.0
MICH_EXP,MICH_EXP/MICH_03H_pouch_NMC_45C_0-100_0.2-0.2C,pchp_change_domain_equal,98,0.0430743058617703,0.053806908764229965,0.0,0.0
MICH_EXP,MICH_EXP/MICH_04R_pouch_NMC_25C_0-100_1.5-1.5C,pchp_change_domain_equal,322,0.09166892158543472,0.11395177487012587,0.0,0.0
MICH_EXP,MICH_EXP/MICH_05C_pouch_NMC_-5C_0-100_1.5-1.5C,pchp_change_domain_equal,568,0.04323525931806747,0.05062601929781894,0.0,0.0
MICH_EXP,MICH_EXP/MICH_06H_pouch_NMC_45C_0-100_1.5-1.5C,pchp_change_domain_equal,172,0.08785666416034317,0.10335928527082437,0.0,0.0
MICH_EXP,MICH_EXP/MICH_07R_pouch_NMC_25C_0-100_2-2C,pchp_change_domain_equal,240,0.1641458290109016,0.19205724457806733,0.0,0.0
MICH_EXP,MICH_EXP/MICH_08C_pouch_NMC_-5C_0-100_2-2C,pchp_change_domain_equal,568,0.01730881744167049,0.01963351726644298,0.0,0.0
MICH_EXP,MICH_EXP/MICH_09H_pouch_NMC_45C_0-100_2-2C,pchp_change_domain_equal,170,0.146202962544859,0.16906789609511147,0.0,0.0
MICH_EXP,MICH_EXP/MICH_10R_pouch_NMC_25C_0-100_0.2-1.5C,pchp_change_domain_equal,434,0.04361815524024211,0.057270925036928114,0.0,0.0
MICH_EXP,MICH_EXP/MICH_11C_pouch_NMC_-5C_0-100_0.2-1.5C,pchp_change_domain_equal,535,0.04316398436964537,0.05310136293408979,0.0,0.0
MICH_EXP,MICH_EXP/MICH_12H_pouch_NMC_45C_0-100_0.2-1.5C,pchp_change_domain_equal,177,0.11049597810772335,0.1293744918090827,0.0,0.0
MICH_EXP,MICH_EXP/MICH_13R_pouch_NMC_25C_50-100_0.2-0.2C,pchp_change_domain_equal,527,0.12774127028766816,0.13607307116807615,0.0,0.0
MICH_EXP,MICH_EXP/MICH_14C_pouch_NMC_-5C_50-100_0.2-0.2C,pchp_change_domain_equal,447,0.11635926620275418,0.1233618257457829,0.0,0.0
MICH_EXP,MICH_EXP/MICH_15H_pouch_NMC_45C_50-100_0.2-0.2C,pchp_change_domain_equal,166,0.06806950164776264,0.07107137608501411,0.0,0.0
MICH_EXP,MICH_EXP/MICH_16R_pouch_NMC_25C_50-100_0.2-1.5C,pchp_change_domain_equal,527,0.12407730702329733,0.13285151771707776,0.0,0.0
MICH_EXP,MICH_EXP/MICH_17C_pouch_NMC_-5C_50-100_0.2-1.5C,pchp_change_domain_equal,552,0.1166674766935037,0.12312679230680859,0.0,0.0
MICH_EXP,MICH_EXP/MICH_18H_pouch_NMC_45C_50-100_0.2-1.5C,pchp_change_domain_equal,290,0.09012172641009417,0.09624842634990959,0.0,0.0
RWTH,RWTH/RWTH_002,pchp_change_domain_equal,2406,0.17397969317326897,0.2281515664454269,0.0,0.0
RWTH,RWTH/RWTH_003,pchp_change_domain_equal,2432,0.1651724300106522,0.21151256602085672,0.0,0.0
RWTH,RWTH/RWTH_004,pchp_change_domain_equal,2410,0.16554186406183916,0.21516657999401312,0.0,0.0
RWTH,RWTH/RWTH_005,pchp_change_domain_equal,2390,0.16379481739702662,0.21698803963102425,0.0,0.0
RWTH,RWTH/RWTH_006,pchp_change_domain_equal,2413,0.15933375053675808,0.21246046857365616,0.0,0.0
RWTH,RWTH/RWTH_007,pchp_change_domain_equal,2409,0.16427750314056766,0.2179930599613934,0.0,0.0
RWTH,RWTH/RWTH_008,pchp_change_domain_equal,2409,0.16952410330866619,0.2159498615967463,0.0,0.0
RWTH,RWTH/RWTH_009,pchp_change_domain_equal,2392,0.15152530397358366,0.1979900532951569,0.0,0.0
RWTH,RWTH/RWTH_010,pchp_change_domain_equal,2436,0.16366159693060067,0.21048078963854466,0.0,0.0
RWTH,RWTH/RWTH_011,pchp_change_domain_equal,2432,0.1603712670356091,0.20654735879925265,0.0,0.0
RWTH,RWTH/RWTH_012,pchp_change_domain_equal,2442,0.1516831854346395,0.20268287941840496,0.0,0.0
RWTH,RWTH/RWTH_013,pchp_change_domain_equal,2442,0.16130781381817974,0.21536710783216856,0.0,0.0
RWTH,RWTH/RWTH_014,pchp_change_domain_equal,2303,0.16732913141824043,0.21648367759283663,0.0,0.0
RWTH,RWTH/RWTH_015,pchp_change_domain_equal,2282,0.15255445611211998,0.20196082473641994,0.0,0.0
RWTH,RWTH/RWTH_016,pchp_change_domain_equal,2281,0.15169255796640166,0.20324518040133602,0.0,0.0
RWTH,RWTH/RWTH_017,pchp_change_domain_equal,2274,0.16903696873051846,0.21784956293398752,0.0,0.0
RWTH,RWTH/RWTH_018,pchp_change_domain_equal,2239,0.15723872036474107,0.20542949832208887,0.0,0.0
RWTH,RWTH/RWTH_019,pchp_change_domain_equal,2282,0.16318264631385287,0.21207094299054197,0.0,0.0
RWTH,RWTH/RWTH_020,pchp_change_domain_equal,2232,0.16201789370687095,0.2093672556088288,0.0,0.0
RWTH,RWTH/RWTH_021,pchp_change_domain_equal,2278,0.16916082809850744,0.21843784935366556,0.0,0.0
RWTH,RWTH/RWTH_022,pchp_change_domain_equal,2277,0.15567665388853238,0.20013685460139952,0.0,0.0
RWTH,RWTH/RWTH_023,pchp_change_domain_equal,2316,0.13600577294271277,0.17882550003029057,0.0,0.0
RWTH,RWTH/RWTH_024,pchp_change_domain_equal,2315,0.14452848298658874,0.1870572717286389,0.0,0.0
RWTH,RWTH/RWTH_025,pchp_change_domain_equal,2304,0.16193233104087987,0.21554835024820085,0.0,0.0
RWTH,RWTH/RWTH_026,pchp_change_domain_equal,2002,0.13702425234563445,0.17882295299706907,0.0,0.0
RWTH,RWTH/RWTH_027,pchp_change_domain_equal,2006,0.14112587638366147,0.18340267065406232,0.0,0.0
RWTH,RWTH/RWTH_028,pchp_change_domain_equal,2005,0.15272349753944253,0.19658309506073404,0.0,0.0
RWTH,RWTH/RWTH_029,pchp_change_domain_equal,2006,0.13715514749842078,0.1811165984287474,0.0,0.0
RWTH,RWTH/RWTH_030,pchp_change_domain_equal,1483,0.07014380336748546,0.08799760387204122,0.0,0.0
RWTH,RWTH/RWTH_031,pchp_change_domain_equal,2259,0.1480787491908717,0.2004183040691208,0.0,0.0
RWTH,RWTH/RWTH_032,pchp_change_domain_equal,2277,0.16715410747734655,0.21498814879734426,0.0,0.0
RWTH,RWTH/RWTH_033,pchp_change_domain_equal,2254,0.18298946703661956,0.24233381654718786,0.0,0.0
RWTH,RWTH/RWTH_034,pchp_change_domain_equal,2121,0.11390788667609866,0.14667370402249177,0.0,0.0
RWTH,RWTH/RWTH_035,pchp_change_domain_equal,2147,0.1102292436018519,0.14532004486282663,0.0,0.0
RWTH,RWTH/RWTH_036,pchp_change_domain_equal,2144,0.1352660443383183,0.1776295212821444,0.0,0.0
RWTH,RWTH/RWTH_037,pchp_change_domain_equal,2162,0.1496113206631466,0.19525856768360225,0.0,0.0
RWTH,RWTH/RWTH_038,pchp_change_domain_equal,1959,0.10625712002456773,0.14326654229113497,0.0,0.0
RWTH,RWTH/RWTH_039,pchp_change_domain_equal,1943,0.11196854308644648,0.14828184231274513,0.0,0.0
RWTH,RWTH/RWTH_040,pchp_change_domain_equal,1939,0.11841332839607815,0.15470194925651215,0.0,0.0
RWTH,RWTH/RWTH_041,pchp_change_domain_equal,1939,0.1259398724823641,0.16844134561158328,0.0,0.0
RWTH,RWTH/RWTH_042,pchp_change_domain_equal,1891,0.11694499722014333,0.1537151384149819,0.0,0.0
RWTH,RWTH/RWTH_043,pchp_change_domain_equal,1890,0.1032669399337782,0.14031324635504827,0.0,0.0
RWTH,RWTH/RWTH_044,pchp_change_domain_equal,1889,0.11772568444732064,0.15827413760069117,0.0,0.0
RWTH,RWTH/RWTH_045,pchp_change_domain_equal,1890,0.11432607132037503,0.1503231694663562,0.0,0.0
RWTH,RWTH/RWTH_046,pchp_change_domain_equal,2131,0.14561653835639013,0.19158901468026893,0.0,0.0
RWTH,RWTH/RWTH_047,pchp_change_domain_equal,2146,0.14774322003298765,0.19359551802273434,0.0,0.0
RWTH,RWTH/RWTH_048,pchp_change_domain_equal,2131,0.14125588394946173,0.18309486314872575,0.0,0.0
RWTH,RWTH/RWTH_049,pchp_change_domain_equal,2130,0.1393613903690569,0.1849723826164627,0.0,0.0
SDU,SDU/SDU_Battery_1,pchp_change_domain_equal,956,0.06921318614294625,0.07478287533737109,0.0,0.0
SDU,SDU/SDU_Battery_10,pchp_change_domain_equal,431,0.043117850089700004,0.0498382744193867,0.0,0.0
SDU,SDU/SDU_Battery_11,pchp_change_domain_equal,550,0.06371502406217032,0.0683671337755006,0.0,0.0
SDU,SDU/SDU_Battery_12,pchp_change_domain_equal,481,0.0531203979269131,0.05891956527797882,0.0,0.0
SDU,SDU/SDU_Battery_13,pchp_change_domain_equal,516,0.05317243790615979,0.05866842501113606,0.0,0.0
SDU,SDU/SDU_Battery_14,pchp_change_domain_equal,506,0.04929928026195735,0.05422537726118519,0.0,0.0
SDU,SDU/SDU_Battery_15,pchp_change_domain_equal,581,0.06320259765925193,0.0698016948668115,0.0,0.0
SDU,SDU/SDU_Battery_16,pchp_change_domain_equal,581,0.05756871951910684,0.06274924660021945,0.0,0.0
SDU,SDU/SDU_Battery_17,pchp_change_domain_equal,405,0.05191106020722114,0.0578775901343833,0.0,0.0
SDU,SDU/SDU_Battery_18,pchp_change_domain_equal,436,0.0527804497907801,0.06009761787655917,0.0,0.0
SDU,SDU/SDU_Battery_19,pchp_change_domain_equal,411,0.04677618851587448,0.05239924816170468,0.0,0.0
SDU,SDU/SDU_Battery_2,pchp_change_domain_equal,890,0.07203582962474112,0.07828703168443411,0.0,0.0
SDU,SDU/SDU_Battery_20,pchp_change_domain_equal,411,0.047711248319388715,0.05339716771484504,0.0,0.0
SDU,SDU/SDU_Battery_21,pchp_change_domain_equal,481,0.035888220624730134,0.03931259886724314,0.0,0.0
SDU,SDU/SDU_Battery_22,pchp_change_domain_equal,486,0.05294490211378632,0.0593328293636947,0.0,0.0
SDU,SDU/SDU_Battery_23,pchp_change_domain_equal,481,0.07523698734812237,0.08132864030249051,0.0,0.0
SDU,SDU/SDU_Battery_24,pchp_change_domain_equal,436,0.060113340145329645,0.06470669026644696,0.0,0.0
SDU,SDU/SDU_Battery_25,pchp_change_domain_equal,436,0.05892672113497601,0.06333891573295138,0.0,0.0
SDU,SDU/SDU_Battery_26,pchp_change_domain_equal,541,0.09825494511389525,0.10756844602262755,0.0,0.0
SDU,SDU/SDU_Battery_27,pchp_change_domain_equal,486,0.0745151703598128,0.08276377621537792,0.0,0.0
SDU,SDU/SDU_Battery_28,pchp_change_domain_equal,456,0.0652785569531561,0.07272290237609903,0.0,0.0
SDU,SDU/SDU_Battery_29,pchp_change_domain_equal,486,0.06641678983566364,0.07356320889234874,0.0,0.0
SDU,SDU/SDU_Battery_3,pchp_change_domain_equal,851,0.052996798186177856,0.05665919273729034,0.0,0.0
SDU,SDU/SDU_Battery_30,pchp_change_domain_equal,441,0.05732304267144061,0.061462379596978575,0.0,0.0
SDU,SDU/SDU_Battery_31,pchp_change_domain_equal,176,0.051945987763463375,0.06245524748071914,0.0,0.0
SDU,SDU/SDU_Battery_32,pchp_change_domain_equal,121,0.061404363363660036,0.07541632667674228,0.0,0.0
SDU,SDU/SDU_Battery_33,pchp_change_domain_equal,191,0.047778825117913204,0.05613301875519438,0.0,0.0
SDU,SDU/SDU_Battery_34,pchp_change_domain_equal,161,0.05763802881138935,0.06896061272857468,0.0,0.0
SDU,SDU/SDU_Battery_35,pchp_change_domain_equal,151,0.06050135345558963,0.07148191727118777,0.0,0.0
SDU,SDU/SDU_Battery_36,pchp_change_domain_equal,136,0.05878065144008121,0.07022401684750215,0.0,0.0
SDU,SDU/SDU_Battery_37,pchp_change_domain_equal,146,0.05718472041196466,0.06989320936017974,0.0,0.0
SDU,SDU/SDU_Battery_38,pchp_change_domain_equal,106,0.053976427217977976,0.06567646698809046,0.0,0.0
SDU,SDU/SDU_Battery_39,pchp_change_domain_equal,71,0.07491490579993991,0.08527852268651882,0.0,0.0
SDU,SDU/SDU_Battery_4,pchp_change_domain_equal,881,0.06577494703549541,0.07192000142068213,0.0,0.0
SDU,SDU/SDU_Battery_40,pchp_change_domain_equal,66,0.07360029440833353,0.08310429286137347,0.0,0.0
SDU,SDU/SDU_Battery_41,pchp_change_domain_equal,86,0.06751474001805716,0.07754480069992047,0.0,0.0
SDU,SDU/SDU_Battery_42,pchp_change_domain_equal,71,0.06836646846719431,0.07897352273317101,0.0,0.0
SDU,SDU/SDU_Battery_43,pchp_change_domain_equal,71,0.07506793615845865,0.08621791391603213,0.0,0.0
SDU,SDU/SDU_Battery_44,pchp_change_domain_equal,61,0.06936506696685557,0.08015508597070478,0.0,0.0
SDU,SDU/SDU_Battery_45,pchp_change_domain_equal,1116,0.07783430407014304,0.08410044403468979,0.0,0.0
SDU,SDU/SDU_Battery_46,pchp_change_domain_equal,1071,0.07470537321231921,0.07990063339733032,0.0,0.0
SDU,SDU/SDU_Battery_47,pchp_change_domain_equal,1121,0.07962757984305686,0.08590354460422467,0.0,0.0
SDU,SDU/SDU_Battery_48,pchp_change_domain_equal,1054,0.07361186253592299,0.07814266271664516,0.0,0.0
SDU,SDU/SDU_Battery_49,pchp_change_domain_equal,1346,0.07705648669133189,0.08370615850872044,0.0,0.0
SDU,SDU/SDU_Battery_5,pchp_change_domain_equal,1051,0.061516622142536344,0.06774615989150491,0.0,0.0
SDU,SDU/SDU_Battery_50,pchp_change_domain_equal,1409,0.07987671967284612,0.08697899226454694,0.0,0.0
SDU,SDU/SDU_Battery_51,pchp_change_domain_equal,1421,0.07704664206015768,0.08391291049617672,0.0,0.0
SDU,SDU/SDU_Battery_52,pchp_change_domain_equal,1246,0.07402479410917302,0.0800999778007519,0.0,0.0
SDU,SDU/SDU_Battery_53,pchp_change_domain_equal,121,0.052711262499569526,0.06147104059078448,0.0,0.0
SDU,SDU/SDU_Battery_54,pchp_change_domain_equal,191,0.044936338785877494,0.051342868244053236,0.0,0.0
SDU,SDU/SDU_Battery_55,pchp_change_domain_equal,126,0.05179574783268725,0.05957003093264695,0.0,0.0
SDU,SDU/SDU_Battery_56,pchp_change_domain_equal,141,0.05182764337398897,0.0593170357950371,0.0,0.0
SDU,SDU/SDU_Battery_57,pchp_change_domain_equal,86,0.051137123968936805,0.06170048902928268,0.0,0.0
SDU,SDU/SDU_Battery_58,pchp_change_domain_equal,71,0.0644040302355607,0.0811892862151555,0.0,0.0
SDU,SDU/SDU_Battery_59,pchp_change_domain_equal,86,0.054808601500572665,0.06615576491801123,0.0,0.0
SDU,SDU/SDU_Battery_6,pchp_change_domain_equal,1111,0.07257999071865068,0.0789746194054999,0.0,0.0
SDU,SDU/SDU_Battery_60,pchp_change_domain_equal,81,0.053300441721134996,0.06446255384512407,0.0,0.0
SDU,SDU/SDU_Battery_61,pchp_change_domain_equal,391,0.07111370108976073,0.07495647442227073,0.0,0.0
SDU,SDU/SDU_Battery_62,pchp_change_domain_equal,431,0.07663424784967801,0.08094128863386833,0.0,0.0
SDU,SDU/SDU_Battery_63,pchp_change_domain_equal,361,0.0370329226424464,0.03931779947655098,0.0,0.0
SDU,SDU/SDU_Battery_64,pchp_change_domain_equal,411,0.0642468445786859,0.07049653726298519,0.0,0.0
SDU,SDU/SDU_Battery_65,pchp_change_domain_equal,230,0.030576664325312707,0.03356709775281894,0.0,0.0
SDU,SDU/SDU_Battery_66,pchp_change_domain_equal,271,0.02014649936458739,0.023942471234845438,0.0,0.0
SDU,SDU/SDU_Battery_67,pchp_change_domain_equal,181,0.04725517951835623,0.0599542312923428,0.0,0.0
SDU,SDU/SDU_Battery_68,pchp_change_domain_equal,191,0.045278133164453394,0.0560683696905628,0.0,0.0
SDU,SDU/SDU_Battery_69,pchp_change_domain_equal,71,0.07056549918933647,0.08411886003411154,0.0,0.0
SDU,SDU/SDU_Battery_7,pchp_change_domain_equal,1041,0.07523200466315466,0.08169629068875721,0.0,0.0
SDU,SDU/SDU_Battery_70,pchp_change_domain_equal,106,0.06258605684037889,0.07276508055816278,0.0,0.0
SDU,SDU/SDU_Battery_71,pchp_change_domain_equal,81,0.07654268183631711,0.09024808616388678,0.0,0.0
SDU,SDU/SDU_Battery_72,pchp_change_domain_equal,81,0.0765143955783167,0.08917435862095949,0.0,0.0
SDU,SDU/SDU_Battery_73,pchp_change_domain_equal,1175,0.09865986657508692,0.10705700217342076,0.0,0.0
SDU,SDU/SDU_Battery_74,pchp_change_domain_equal,1315,0.10426434262152441,0.11223809154863111,0.0,0.0
SDU,SDU/SDU_Battery_75,pchp_change_domain_equal,950,0.09665844825795195,0.10685572931235118,0.0,0.0
SDU,SDU/SDU_Battery_76,pchp_change_domain_equal,1120,0.08603460320502815,0.09371224007667661,0.0,0.0
SDU,SDU/SDU_Battery_77,pchp_change_domain_equal,1066,0.08375071456486997,0.09120339989095445,0.0,0.0
SDU,SDU/SDU_Battery_78,pchp_change_domain_equal,1021,0.08119369022104436,0.08812318048000739,0.0,0.0
SDU,SDU/SDU_Battery_79,pchp_change_domain_equal,1076,0.08813156293053978,0.0955225453226089,0.0,0.0
SDU,SDU/SDU_Battery_8,pchp_change_domain_equal,706,0.04731390197340091,0.05024186596213483,0.0,0.0
SDU,SDU/SDU_Battery_80,pchp_change_domain_equal,1060,0.08419954246557931,0.09146609230308819,0.0,0.0
SDU,SDU/SDU_Battery_81,pchp_change_domain_equal,1186,0.09112682816846839,0.09854446879549787,0.0,0.0
SDU,SDU/SDU_Battery_82,pchp_change_domain_equal,1140,0.08696968519306719,0.09444008941954637,0.0,0.0
SDU,SDU/SDU_Battery_83,pchp_change_domain_equal,1195,0.08356211899331016,0.08821390141980827,0.0,0.0
SDU,SDU/SDU_Battery_84,pchp_change_domain_equal,1131,0.08123219959482322,0.08615966975423635,0.0,0.0
SDU,SDU/SDU_Battery_85,pchp_change_domain_equal,1201,0.09137250874355053,0.09648895922600143,0.0,0.0
SDU,SDU/SDU_Battery_86,pchp_change_domain_equal,1036,0.08239008389665128,0.08760820667457377,0.0,0.0
SDU,SDU/SDU_Battery_9,pchp_change_domain_equal,411,0.03596488398956472,0.04170300505409403,0.0,0.0
SNL,SNL/SNL_18650_LFP_15C_0-100_0.5-2C_b,pchp_change_domain_equal,3749,0.05760647888282282,0.061119775872063825,0.0,0.0
SNL,SNL/SNL_18650_LFP_25C_0-100_0.5-0.5C_a,pchp_change_domain_equal,3045,0.04722298853373005,0.0491533682905269,0.0,0.0
SNL,SNL/SNL_18650_LFP_25C_0-100_0.5-1C_a,pchp_change_domain_equal,3540,0.06299958424622223,0.06517752192819486,0.0,0.0
SNL,SNL/SNL_18650_LFP_25C_0-100_0.5-1C_b,pchp_change_domain_equal,3541,0.06730835793905206,0.06902124935557247,0.0,0.0
SNL,SNL/SNL_18650_LFP_25C_0-100_0.5-1C_c,pchp_change_domain_equal,3033,0.06591455325081157,0.06782268392668217,0.0,0.0
SNL,SNL/SNL_18650_LFP_25C_0-100_0.5-1C_d,pchp_change_domain_equal,3033,0.06625574417230709,0.06817440850981177,0.0,0.0
SNL,SNL/SNL_18650_LFP_25C_0-100_0.5-2C_a,pchp_change_domain_equal,3539,0.054940608968347605,0.05660111248794555,0.0,0.0
SNL,SNL/SNL_18650_LFP_25C_0-100_0.5-2C_b,pchp_change_domain_equal,4045,0.0656027284751356,0.06703943700299854,0.0,0.0
SNL,SNL/SNL_18650_LFP_25C_0-100_0.5-3C_a,pchp_change_domain_equal,4564,0.0464817738745256,0.053816378935052166,0.0,0.0
SNL,SNL/SNL_18650_LFP_25C_0-100_0.5-3C_b,pchp_change_domain_equal,4057,0.04210358916364918,0.04935520654336324,0.0,0.0
SNL,SNL/SNL_18650_LFP_25C_0-100_0.5-3C_c,pchp_change_domain_equal,3550,0.04463499830244313,0.05591565163518495,0.0,0.0
SNL,SNL/SNL_18650_LFP_25C_0-100_0.5-3C_d,pchp_change_domain_equal,4057,0.04166619919403289,0.04941618391738022,0.0,0.0
SNL,SNL/SNL_18650_LFP_35C_0-100_0.5-1C_a,pchp_change_domain_equal,3151,0.02240728537130382,0.02499024613982376,0.0,0.0
SNL,SNL/SNL_18650_LFP_35C_0-100_0.5-1C_b,pchp_change_domain_equal,3337,0.020743136263329943,0.02352767816882911,0.0,0.0
SNL,SNL/SNL_18650_LFP_35C_0-100_0.5-1C_c,pchp_change_domain_equal,3337,0.025769203618680302,0.028460585065285735,0.0,0.0
SNL,SNL/SNL_18650_LFP_35C_0-100_0.5-1C_d,pchp_change_domain_equal,3793,0.026378056861383746,0.02923596537557859,0.0,0.0
SNL,SNL/SNL_18650_LFP_35C_0-100_0.5-2C_a,pchp_change_domain_equal,3851,0.024959680901179664,0.027297386330053755,0.0,0.0
SNL,SNL/SNL_18650_LFP_35C_0-100_0.5-2C_b,pchp_change_domain_equal,3593,0.024640353956865844,0.028139756781215903,0.0,0.0
SNL,SNL/SNL_18650_NCA_15C_0-100_0.5-1C_a,pchp_change_domain_equal,517,0.084730205928853,0.08948710010791208,0.0,0.0
SNL,SNL/SNL_18650_NCA_15C_0-100_0.5-1C_b,pchp_change_domain_equal,913,0.04438173700929103,0.0475171995012953,0.0,0.0
SNL,SNL/SNL_18650_NCA_15C_0-100_0.5-2C_a,pchp_change_domain_equal,911,0.14133058359993833,0.17648927665429273,0.0,0.0
SNL,SNL/SNL_18650_NCA_15C_0-100_0.5-2C_b,pchp_change_domain_equal,779,0.11645823602363457,0.12391473109571935,0.0,0.0
SNL,SNL/SNL_18650_NCA_25C_0-100_0.5-0.5C_a,pchp_change_domain_equal,508,0.0893091488547208,0.09914735302671163,0.0,0.0
SNL,SNL/SNL_18650_NCA_25C_0-100_0.5-0.5C_b,pchp_change_domain_equal,910,0.2501275609389053,0.29431140638171127,0.0,0.0
SNL,SNL/SNL_18650_NCA_25C_0-100_0.5-1C_a,pchp_change_domain_equal,649,0.056784039010178616,0.06664395586405053,0.0,0.0
SNL,SNL/SNL_18650_NCA_25C_0-100_0.5-1C_b,pchp_change_domain_equal,517,0.08472829297827146,0.09058122806723631,0.0,0.0
SNL,SNL/SNL_18650_NCA_25C_0-100_0.5-1C_c,pchp_change_domain_equal,517,0.08759411271559403,0.09423379238019458,0.0,0.0
SNL,SNL/SNL_18650_NCA_25C_0-100_0.5-1C_d,pchp_change_domain_equal,649,0.07677778761888274,0.08358635904810295,0.0,0.0
SNL,SNL/SNL_18650_NCA_25C_0-100_0.5-2C_a,pchp_change_domain_equal,781,0.10252322705411748,0.11571855219526125,0.0,0.0
SNL,SNL/SNL_18650_NCA_25C_0-100_0.5-2C_b,pchp_change_domain_equal,781,0.07723609365625367,0.09524067392011432,0.0,0.0
SNL,SNL/SNL_18650_NCA_25C_20-80_0.5-0.5C_a,pchp_change_domain_equal,1117,0.08680692523783361,0.10356978163742256,0.0,0.0
SNL,SNL/SNL_18650_NCA_25C_20-80_0.5-0.5C_b,pchp_change_domain_equal,1244,0.05778678040646158,0.07037782834627919,0.0,0.0
SNL,SNL/SNL_18650_NCA_25C_20-80_0.5-0.5C_c,pchp_change_domain_equal,1245,0.07778394075264616,0.09783432548554541,0.0,0.0
SNL,SNL/SNL_18650_NCA_25C_20-80_0.5-0.5C_d,pchp_change_domain_equal,1503,0.09379784052578281,0.12021837323860224,0.0,0.0
SNL,SNL/SNL_18650_NCA_35C_0-100_0.5-1C_a,pchp_change_domain_equal,510,0.06757132752620491,0.07523905533509094,0.0,0.0
SNL,SNL/SNL_18650_NCA_35C_0-100_0.5-1C_b,pchp_change_domain_equal,459,0.07231124668913899,0.090967470455205,0.0,0.0
SNL,SNL/SNL_18650_NCA_35C_0-100_0.5-1C_c,pchp_change_domain_equal,510,0.04163381594394624,0.058981314282439794,0.0,0.0
SNL,SNL/SNL_18650_NCA_35C_0-100_0.5-1C_d,pchp_change_domain_equal,649,0.07027268994258867,0.08332596194308182,0.0,0.0
SNL,SNL/SNL_18650_NCA_35C_0-100_0.5-2C_a,pchp_change_domain_equal,649,0.11923576920265334,0.1354773881015758,0.0,0.0
SNL,SNL/SNL_18650_NCA_35C_0-100_0.5-2C_b,pchp_change_domain_equal,781,0.11279753943214998,0.12477900811708302,0.0,0.0
SNL,SNL/SNL_18650_NMC_15C_0-100_0.5-1C_a,pchp_change_domain_equal,508,0.167597710749051,0.17632810416463246,0.0,0.0
SNL,SNL/SNL_18650_NMC_15C_0-100_0.5-1C_b,pchp_change_domain_equal,508,0.12340414195247695,0.13383290438613063,0.0,0.0
SNL,SNL/SNL_18650_NMC_15C_0-100_0.5-2C_a,pchp_change_domain_equal,384,0.1589885944061353,0.16864541781984635,0.0,0.0
SNL,SNL/SNL_18650_NMC_15C_0-100_0.5-2C_b,pchp_change_domain_equal,384,0.14856016826953292,0.15902018810817542,0.0,0.0
SNL,SNL/SNL_18650_NMC_25C_0-100_0.5-0.5C_b,pchp_change_domain_equal,674,0.07840131126975046,0.08361110311023484,0.0,0.0
SNL,SNL/SNL_18650_NMC_25C_0-100_0.5-1C_a,pchp_change_domain_equal,516,0.043891371085166234,0.04637159418639849,0.0,0.0
SNL,SNL/SNL_18650_NMC_25C_0-100_0.5-1C_b,pchp_change_domain_equal,780,0.0409210724215796,0.042563002064635584,0.0,0.0
SNL,SNL/SNL_18650_NMC_25C_0-100_0.5-1C_c,pchp_change_domain_equal,392,0.07438074956913343,0.07683560368200451,0.0,0.0
SNL,SNL/SNL_18650_NMC_25C_0-100_0.5-1C_d,pchp_change_domain_equal,524,0.04943779497410216,0.05446829719135612,0.0,0.0
SNL,SNL/SNL_18650_NMC_25C_0-100_0.5-2C_a,pchp_change_domain_equal,656,0.07634352190807081,0.07809420192679023,0.0,0.0
SNL,SNL/SNL_18650_NMC_25C_0-100_0.5-2C_b,pchp_change_domain_equal,1316,0.060208209344309024,0.0628309001895589,0.0,0.0
SNL,SNL/SNL_18650_NMC_25C_0-100_0.5-3C_a,pchp_change_domain_equal,725,0.045522430176987094,0.04656608843464064,0.0,0.0
SNL,SNL/SNL_18650_NMC_25C_0-100_0.5-3C_b,pchp_change_domain_equal,547,0.023507091588101044,0.0265670697307945,0.0,0.0
SNL,SNL/SNL_18650_NMC_25C_0-100_0.5-3C_c,pchp_change_domain_equal,693,0.029550039846790718,0.03109272057856013,0.0,0.0
SNL,SNL/SNL_18650_NMC_25C_0-100_0.5-3C_d,pchp_change_domain_equal,900,0.026716834247281874,0.028408169056271974,0.0,0.0
SNL,SNL/SNL_18650_NMC_35C_0-100_0.5-1C_a,pchp_change_domain_equal,781,0.013322742007555179,0.01489098756336251,0.0,0.0
SNL,SNL/SNL_18650_NMC_35C_0-100_0.5-1C_b,pchp_change_domain_equal,781,0.01628931085851089,0.018193891750866657,0.0,0.0
SNL,SNL/SNL_18650_NMC_35C_0-100_0.5-1C_c,pchp_change_domain_equal,780,0.012658395871523467,0.01447354284307715,0.0,0.0
SNL,SNL/SNL_18650_NMC_35C_0-100_0.5-1C_d,pchp_change_domain_equal,781,0.015183358241067466,0.01778384042714953,0.0,0.0
SNL,SNL/SNL_18650_NMC_35C_0-100_0.5-2C_a,pchp_change_domain_equal,781,0.03027767185517191,0.032273724110744716,0.0,0.0
SNL,SNL/SNL_18650_NMC_35C_0-100_0.5-2C_b,pchp_change_domain_equal,767,0.013168436340345714,0.016238219798572293,0.0,0.0
UL_PUR,UL_PUR/UL-PUR_N10-EX9_18650_NCA_23C_0-100_0.5-0.5C_i,pchp_change_domain_equal,189,0.06098136565045112,0.06506357898672688,0.0,0.0
UL_PUR,UL_PUR/UL-PUR_N10-NA7_18650_NCA_23C_0-100_0.5-0.5C_g,pchp_change_domain_equal,159,0.0172213591674484,0.020154819088929514,0.0,0.0
UL_PUR,UL_PUR/UL-PUR_N10-OV8_18650_NCA_23C_0-100_0.5-0.5C_h,pchp_change_domain_equal,186,0.06566385423143085,0.07095581162679973,0.0,0.0
UL_PUR,UL_PUR/UL-PUR_N15-EX4_18650_NCA_23C_0-100_0.5-0.5C_d,pchp_change_domain_equal,219,0.04019873099978436,0.053244219461929546,0.0,0.0
UL_PUR,UL_PUR/UL-PUR_N15-NA10_18650_NCA_23C_0-100_0.5-0.5C_j,pchp_change_domain_equal,254,0.01635917759496228,0.021475630854851817,0.0,0.0
UL_PUR,UL_PUR/UL-PUR_N15-OV3_18650_NCA_23C_0-100_0.5-0.5C_c,pchp_change_domain_equal,186,0.02650927976538381,0.039097837502468806,0.0,0.0
UL_PUR,UL_PUR/UL-PUR_N20-EX2_18650_NCA_23C_0-100_0.5-0.5C_b,pchp_change_domain_equal,304,0.02042217700714425,0.038854926677511295,0.0,0.0
UL_PUR,UL_PUR/UL-PUR_N20-NA5_18650_NCA_23C_0-100_0.5-0.5C_e,pchp_change_domain_equal,207,0.048198478996473455,0.07457219542564344,0.0,0.0
UL_PUR,UL_PUR/UL-PUR_N20-NA6_18650_NCA_23C_0-100_0.5-0.5C_f,pchp_change_domain_equal,206,0.053700902471022445,0.08160440173951639,0.0,0.0
UL_PUR,UL_PUR/UL-PUR_N20-OV1_18650_NCA_23C_0-100_0.5-0.5C_a,pchp_change_domain_equal,285,0.022246882198462638,0.04284121844592924,0.0,0.0
XJTU,XJTU/XJTU_2C_battery-1,pchp_change_domain_equal,384,0.13051016717134464,0.13125019328663465,0.0,0.0
XJTU,XJTU/XJTU_2C_battery-2,pchp_change_domain_equal,401,0.13016421811228873,0.13098103716408066,0.0,0.0
XJTU,XJTU/XJTU_2C_battery-3,pchp_change_domain_equal,387,0.12561504853319017,0.12644898756103537,0.0,0.0
XJTU,XJTU/XJTU_2C_battery-4,pchp_change_domain_equal,390,0.13232818163064516,0.13339553485887137,0.0,0.0
XJTU,XJTU/XJTU_2C_battery-5,pchp_change_domain_equal,397,0.10844879390199921,0.10970412445250387,0.0,0.0
XJTU,XJTU/XJTU_2C_battery-6,pchp_change_domain_equal,402,0.11827497380087929,0.11946530932055563,0.0,0.0
XJTU,XJTU/XJTU_2C_battery-7,pchp_change_domain_equal,396,0.08830073541992915,0.08951339952085573,0.0,0.0
XJTU,XJTU/XJTU_2C_battery-8,pchp_change_domain_equal,414,0.11909319612563099,0.12063308365664382,0.0,0.0
XJTU,XJTU/XJTU_3C_battery-1,pchp_change_domain_equal,293,0.12025664426187095,0.12283196383218511,0.0,0.0
XJTU,XJTU/XJTU_3C_battery-10,pchp_change_domain_equal,158,0.09788313793772843,0.10159915216796521,0.0,0.0
XJTU,XJTU/XJTU_3C_battery-11,pchp_change_domain_equal,125,0.08978565252438751,0.0942733948084771,0.0,0.0
XJTU,XJTU/XJTU_3C_battery-12,pchp_change_domain_equal,206,0.12111395793267976,0.12333068722289302,0.0,0.0
XJTU,XJTU/XJTU_3C_battery-13,pchp_change_domain_equal,220,0.12382026988045865,0.12639568290104908,0.0,0.0
XJTU,XJTU/XJTU_3C_battery-14,pchp_change_domain_equal,141,0.09711280532141012,0.10115853437399298,0.0,0.0
XJTU,XJTU/XJTU_3C_battery-15,pchp_change_domain_equal,162,0.10056785901229219,0.10367232759343846,0.0,0.0
XJTU,XJTU/XJTU_3C_battery-2,pchp_change_domain_equal,286,0.11944941065524545,0.12183966838296777,0.0,0.0
XJTU,XJTU/XJTU_3C_battery-3,pchp_change_domain_equal,280,0.12147579157180657,0.12504271764298286,0.0,0.0
XJTU,XJTU/XJTU_3C_battery-4,pchp_change_domain_equal,316,0.11436527933343026,0.1163957135168975,0.0,0.0
XJTU,XJTU/XJTU_3C_battery-5,pchp_change_domain_equal,291,0.11573803520028364,0.11841927133751977,0.0,0.0
XJTU,XJTU/XJTU_3C_battery-6,pchp_change_domain_equal,316,0.12495509757335152,0.12760867974964735,0.0,0.0
XJTU,XJTU/XJTU_3C_battery-7,pchp_change_domain_equal,313,0.1250822276972987,0.12851483154963822,0.0,0.0
XJTU,XJTU/XJTU_3C_battery-8,pchp_change_domain_equal,264,0.12163444659919988,0.12366678787684485,0.0,0.0
XJTU,XJTU/XJTU_3C_battery-9,pchp_change_domain_equal,281,0.12692684617590388,0.12916963470032802,0.0,0.0
