outer_target_domain,inner_validation_domain,alpha,recovery,physical_cells,validation_rows,method_cell_macro_mae
CALB,CALCE,1.0,0.0,13,14233,0.47075182392874115
CALB,CALCE,0.5,0.0,13,14233,0.3150134228606932
CALB,CALCE,0.2,0.0,13,14233,0.15523083506333657
CALB,CALCE,0.1,0.0,13,14233,0.09139666109924546
CALB,CALCE,0.05,0.0,13,14233,0.06852512736555708
CALB,CALCE,0.03,0.0,13,14233,0.06105576882257879
CALB,CALCE,0.02,0.0,13,14233,0.0571852609673413
CALB,CALCE,0.015,0.0,13,14233,0.054927138061991294
CALB,CALCE,0.01,0.0,13,14233,0.0520011147816626
CALB,CALCE,0.005,0.0,13,14233,0.051211659814103076
CALB,CALCE,1.0,0.00025,13,14233,0.40361958743699317
CALB,CALCE,0.5,0.00025,13,14233,0.2556785398954848
CALB,CALCE,0.2,0.00025,13,14233,0.11594511858540826
CALB,CALCE,0.1,0.00025,13,14233,0.07402886952343785
CALB,CALCE,0.05,0.00025,13,14233,0.0608713986698628
CALB,CALCE,0.03,0.00025,13,14233,0.056698565097981275
CALB,CALCE,0.02,0.00025,13,14233,0.05435104835026579
CALB,CALCE,0.015,0.00025,13,14233,0.052765420147630596
CALB,CALCE,0.01,0.00025,13,14233,0.050560822464730135
CALB,CALCE,0.005,0.00025,13,14233,0.05094034510527866
CALB,CALCE,1.0,0.0005,13,14233,0.35463273884156293
CALB,CALCE,0.5,0.0005,13,14233,0.21579443752455096
CALB,CALCE,0.2,0.0005,13,14233,0.09493741754798955
CALB,CALCE,0.1,0.0005,13,14233,0.06738646982032881
CALB,CALCE,0.05,0.0005,13,14233,0.0579737690211877
CALB,CALCE,0.03,0.0005,13,14233,0.05494168134347085
CALB,CALCE,0.02,0.0005,13,14233,0.053185433460554786
CALB,CALCE,0.015,0.0005,13,14233,0.051950139543560835
CALB,CALCE,0.01,0.0005,13,14233,0.05003363605652274
CALB,CALCE,0.005,0.0005,13,14233,0.05090652790847905
CALB,CALCE,1.0,0.001,13,14233,0.2954125003772393
CALB,CALCE,0.5,0.001,13,14233,0.16549612581913814
CALB,CALCE,0.2,0.001,13,14233,0.079244062528334
CALB,CALCE,0.1,0.001,13,14233,0.06158789813123275
CALB,CALCE,0.05,0.001,13,14233,0.055430325590990974
CALB,CALCE,0.03,0.001,13,14233,0.05360810042023364
CALB,CALCE,0.02,0.001,13,14233,0.052389541689797994
CALB,CALCE,0.015,0.001,13,14233,0.05140935574886656
CALB,CALCE,0.01,0.001,13,14233,0.04967345228337676
CALB,CALCE,0.005,0.001,13,14233,0.05090715445732938
CALB,CALCE,1.0,0.002,13,14233,0.22993435267864235
CALB,CALCE,0.5,0.002,13,14233,0.11874526699331193
CALB,CALCE,0.2,0.002,13,14233,0.06782680853983025
CALB,CALCE,0.1,0.002,13,14233,0.057382747513406766
CALB,CALCE,0.05,0.002,13,14233,0.05381018379602177
CALB,CALCE,0.03,0.002,13,14233,0.0528539237334391
CALB,CALCE,0.02,0.002,13,14233,0.05194803400901445
CALB,CALCE,0.015,0.002,13,14233,0.051053955454548154
CALB,CALCE,0.01,0.002,13,14233,0.04947346751604224
CALB,CALCE,0.005,0.002,13,14233,0.05095695748116769
CALB,CALCE,1.0,0.005,13,14233,0.14552741255844429
CALB,CALCE,0.5,0.005,13,14233,0.08318358693419851
CALB,CALCE,0.2,0.005,13,14233,0.0592434251641291
CALB,CALCE,0.1,0.005,13,14233,0.05448503731552389
CALB,CALCE,0.05,0.005,13,14233,0.05281619060313
CALB,CALCE,0.03,0.005,13,14233,0.05233233807208902
CALB,CALCE,0.02,0.005,13,14233,0.051602793561309895
CALB,CALCE,0.015,0.005,13,14233,0.05081302858335238
CALB,CALCE,0.01,0.005,13,14233,0.04936000097619252
CALB,CALCE,0.005,0.005,13,14233,0.05100489476361226
CALB,HNEI,1.0,0.0,14,15085,0.3372705618389501
CALB,HNEI,0.5,0.0,14,15085,0.24965667531394065
CALB,HNEI,0.2,0.0,14,15085,0.1367403165082914
CALB,HNEI,0.1,0.0,14,15085,0.0830323705768844
CALB,HNEI,0.05,0.0,14,15085,0.05373164707569859
CALB,HNEI,0.03,0.0,14,15085,0.043345523270777994
CALB,HNEI,0.02,0.0,14,15085,0.03718285447595603
CALB,HNEI,0.015,0.0,14,15085,0.033496879367556756
CALB,HNEI,0.01,0.0,14,15085,0.03184849433632263
CALB,HNEI,0.005,0.0,14,15085,0.057381211669611853
CALB,HNEI,1.0,0.00025,14,15085,0.29226951577839017
CALB,HNEI,0.5,0.00025,14,15085,0.2067622377171451
CALB,HNEI,0.2,0.00025,14,15085,0.10484127158233954
CALB,HNEI,0.1,0.00025,14,15085,0.062302620998662205
CALB,HNEI,0.05,0.00025,14,15085,0.04422646178841317
CALB,HNEI,0.03,0.00025,14,15085,0.03700024792705072
CALB,HNEI,0.02,0.00025,14,15085,0.03220149338462265
CALB,HNEI,0.015,0.00025,14,15085,0.0294329622598356
CALB,HNEI,0.01,0.00025,14,15085,0.028724724056030503
CALB,HNEI,0.005,0.00025,14,15085,0.054863596494701246
CALB,HNEI,1.0,0.0005,14,15085,0.2540264683045681
CALB,HNEI,0.5,0.0005,14,15085,0.1757442937390992
CALB,HNEI,0.2,0.0005,14,15085,0.0849066599983493
CALB,HNEI,0.1,0.0005,14,15085,0.05254895241101543
CALB,HNEI,0.05,0.0005,14,15085,0.039371520126217883
CALB,HNEI,0.03,0.0005,14,15085,0.03347972763306963
CALB,HNEI,0.02,0.0005,14,15085,0.029328871455417172
CALB,HNEI,0.015,0.0005,14,15085,0.026986501912690718
CALB,HNEI,0.01,0.0005,14,15085,0.026654497549057028
CALB,HNEI,0.005,0.0005,14,15085,0.05292176394301223
CALB,HNEI,1.0,0.001,14,15085,0.20695587439605806
CALB,HNEI,0.5,0.001,14,15085,0.13529630856214087
CALB,HNEI,0.2,0.001,14,15085,0.06477109099684858
CALB,HNEI,0.1,0.001,14,15085,0.044039641398994536
CALB,HNEI,0.05,0.001,14,15085,0.03472936070822173
CALB,HNEI,0.03,0.001,14,15085,0.030029176229713496
CALB,HNEI,0.02,0.001,14,15085,0.026468673525036263
CALB,HNEI,0.015,0.001,14,15085,0.024542956876461502
CALB,HNEI,0.01,0.001,14,15085,0.0245173168781222
CALB,HNEI,0.005,0.001,14,15085,0.051224187601968514
CALB,HNEI,1.0,0.002,14,15085,0.15753781291957086
CALB,HNEI,0.5,0.002,14,15085,0.09636578405516978
CALB,HNEI,0.2,0.002,14,15085,0.05074417766797621
CALB,HNEI,0.1,0.002,14,15085,0.037599559273290326
CALB,HNEI,0.05,0.002,14,15085,0.031110856389707675
CALB,HNEI,0.03,0.002,14,15085,0.027257435314813474
CALB,HNEI,0.02,0.002,14,15085,0.0242712718382862
CALB,HNEI,0.015,0.002,14,15085,0.022706875059905318
CALB,HNEI,0.01,0.002,14,15085,0.023014687574593667
CALB,HNEI,0.005,0.002,14,15085,0.050014281407775786
CALB,HNEI,1.0,0.005,14,15085,0.09844798276095366
CALB,HNEI,0.5,0.005,14,15085,0.062351840216030484
CALB,HNEI,0.2,0.005,14,15085,0.03912136123125618
CALB,HNEI,0.1,0.005,14,15085,0.03196509970045578
CALB,HNEI,0.05,0.005,14,15085,0.027791519053314756
CALB,HNEI,0.03,0.005,14,15085,0.024789989123086987
CALB,HNEI,0.02,0.005,14,15085,0.022373054671152488
CALB,HNEI,0.015,0.005,14,15085,0.021098111439927576
CALB,HNEI,0.01,0.005,14,15085,0.021834985355939775
CALB,HNEI,0.005,0.005,14,15085,0.0493903197472131
CALB,HUST,1.0,0.0,77,145735,0.03175727635083299
CALB,HUST,0.5,0.0,77,145735,0.03174185090906277
CALB,HUST,0.2,0.0,77,145735,0.03170182441420072
CALB,HUST,0.1,0.0,77,145735,0.03165471792435807
CALB,HUST,0.05,0.0,77,145735,0.03161183256803918
CALB,HUST,0.03,0.0,77,145735,0.03158274190060749
CALB,HUST,0.02,0.0,77,145735,0.03155324980873335
CALB,HUST,0.015,0.0,77,145735,0.03152340525516979
CALB,HUST,0.01,0.0,77,145735,0.03147156877736901
CALB,HUST,0.005,0.0,77,145735,0.0317744910652909
CALB,HUST,1.0,0.00025,77,145735,0.03272088217697964
CALB,HUST,0.5,0.00025,77,145735,0.03271624735237285
CALB,HUST,0.2,0.00025,77,145735,0.032689762929915295
CALB,HUST,0.1,0.00025,77,145735,0.032651133198190664
CALB,HUST,0.05,0.00025,77,145735,0.032583073747705554
CALB,HUST,0.03,0.00025,77,145735,0.03249591382712794
CALB,HUST,0.02,0.00025,77,145735,0.032369178668430636
CALB,HUST,0.015,0.00025,77,145735,0.03222744288004645
CALB,HUST,0.01,0.00025,77,145735,0.03198510768868644
CALB,HUST,0.005,0.00025,77,145735,0.031929302378805036
CALB,HUST,1.0,0.0005,77,145735,0.032830234942584004
CALB,HUST,0.5,0.0005,77,145735,0.032827837931987326
CALB,HUST,0.2,0.0005,77,145735,0.0328039303011946
CALB,HUST,0.1,0.0005,77,145735,0.03276518308063211
CALB,HUST,0.05,0.0005,77,145735,0.03269290881556038
CALB,HUST,0.03,0.0005,77,145735,0.03258989396927947
CALB,HUST,0.02,0.0005,77,145735,0.03244400007644271
CALB,HUST,0.015,0.0005,77,145735,0.03228905096970823
CALB,HUST,0.01,0.0005,77,145735,0.03202870146079549
CALB,HUST,0.005,0.0005,77,145735,0.03194927511899763
CALB,HUST,1.0,0.001,77,145735,0.03287761500443639
CALB,HUST,0.5,0.001,77,145735,0.03287569120939195
CALB,HUST,0.2,0.001,77,145735,0.03285065469705286
CALB,HUST,0.1,0.001,77,145735,0.03281032875415398
CALB,HUST,0.05,0.001,77,145735,0.032735386584443506
CALB,HUST,0.03,0.001,77,145735,0.032625909575671214
CALB,HUST,0.02,0.001,77,145735,0.03247566066244662
CALB,HUST,0.015,0.001,77,145735,0.032318256578126314
CALB,HUST,0.01,0.001,77,145735,0.032052592277686656
CALB,HUST,0.005,0.001,77,145735,0.0319672307521962
CALB,HUST,1.0,0.002,77,145735,0.032901132462083094
CALB,HUST,0.5,0.002,77,145735,0.03289783739419284
CALB,HUST,0.2,0.002,77,145735,0.03287105285654415
CALB,HUST,0.1,0.002,77,145735,0.03283035340337469
CALB,HUST,0.05,0.002,77,145735,0.03275390313520735
CALB,HUST,0.03,0.002,77,145735,0.032642457285028285
CALB,HUST,0.02,0.002,77,145735,0.03249069838302731
CALB,HUST,0.015,0.002,77,145735,0.032331996543619866
CALB,HUST,0.01,0.002,77,145735,0.03206410606319892
CALB,HUST,0.005,0.002,77,145735,0.031978058736734837
CALB,HUST,1.0,0.005,77,145735,0.032914860377999754
CALB,HUST,0.5,0.005,77,145735,0.03290969823132773
CALB,HUST,0.2,0.005,77,145735,0.032881556410991906
CALB,HUST,0.1,0.005,77,145735,0.03284084019941578
CALB,HUST,0.05,0.005,77,145735,0.03276380398621768
CALB,HUST,0.03,0.005,77,145735,0.03265072657220193
CALB,HUST,0.02,0.005,77,145735,0.0324976104053439
CALB,HUST,0.015,0.005,77,145735,0.03233794735369099
CALB,HUST,0.01,0.005,77,145735,0.03206955613524468
CALB,HUST,0.005,0.005,77,145735,0.03198297330974941
CALB,MATR,1.0,0.0,169,139148,0.07114014005672753
CALB,MATR,0.5,0.0,169,139148,0.07003367625134299
CALB,MATR,0.2,0.0,169,139148,0.06844400175165263
CALB,MATR,0.1,0.0,169,139148,0.06693359352201392
CALB,MATR,0.05,0.0,169,139148,0.06496561084096794
CALB,MATR,0.03,0.0,169,139148,0.0630801072295112
CALB,MATR,0.02,0.0,169,139148,0.06118953993805282
CALB,MATR,0.015,0.0,169,139148,0.05956457841781184
CALB,MATR,0.01,0.0,169,139148,0.05681240969405394
CALB,MATR,0.005,0.0,169,139148,0.05120673684099545
CALB,MATR,1.0,0.00025,169,139148,0.06869343798565514
CALB,MATR,0.5,0.00025,169,139148,0.06746731642405056
CALB,MATR,0.2,0.00025,169,139148,0.06578240728610678
CALB,MATR,0.1,0.00025,169,139148,0.06433886058145571
CALB,MATR,0.05,0.00025,169,139148,0.06259447413271543
CALB,MATR,0.03,0.00025,169,139148,0.060957477691115376
CALB,MATR,0.02,0.00025,169,139148,0.0593040722524935
CALB,MATR,0.015,0.00025,169,139148,0.05783958251253605
CALB,MATR,0.01,0.00025,169,139148,0.05526519279705167
CALB,MATR,0.005,0.00025,169,139148,0.049729827562715614
CALB,MATR,1.0,0.0005,169,139148,0.06770675608167712
CALB,MATR,0.5,0.0005,169,139148,0.06642748545447609
CALB,MATR,0.2,0.0005,169,139148,0.06474868717012437
CALB,MATR,0.1,0.0005,169,139148,0.06335512466056291
CALB,MATR,0.05,0.0005,169,139148,0.06168758577035062
CALB,MATR,0.03,0.0005,169,139148,0.06014129296746509
CALB,MATR,0.02,0.0005,169,139148,0.05858528570927219
CALB,MATR,0.015,0.0005,169,139148,0.05719730187353025
CALB,MATR,0.01,0.0005,169,139148,0.05467689700318621
CALB,MATR,0.005,0.0005,169,139148,0.04913717484662197
CALB,MATR,1.0,0.001,169,139148,0.0666224581634105
CALB,MATR,0.5,0.001,169,139148,0.06530658361500025
CALB,MATR,0.2,0.001,169,139148,0.06365257976209482
CALB,MATR,0.1,0.001,169,139148,0.06231947598499606
CALB,MATR,0.05,0.001,169,139148,0.06074042735655289
CALB,MATR,0.03,0.001,169,139148,0.05931676660852239
CALB,MATR,0.02,0.001,169,139148,0.057870857539670056
CALB,MATR,0.015,0.001,169,139148,0.0565325878363562
CALB,MATR,0.01,0.001,169,139148,0.05406362528293915
CALB,MATR,0.005,0.001,169,139148,0.04851096755639359
CALB,MATR,1.0,0.002,169,139148,0.06552263200026211
CALB,MATR,0.5,0.002,169,139148,0.06419003381384528
CALB,MATR,0.2,0.002,169,139148,0.0625908553659394
CALB,MATR,0.1,0.002,169,139148,0.061316558667822894
CALB,MATR,0.05,0.002,169,139148,0.059871887701426214
CALB,MATR,0.03,0.002,169,139148,0.05857895997375291
CALB,MATR,0.02,0.002,169,139148,0.05720982818834861
CALB,MATR,0.015,0.002,169,139148,0.05591103463477552
CALB,MATR,0.01,0.002,169,139148,0.053468193768519606
CALB,MATR,0.005,0.002,169,139148,0.047881440603754065
CALB,MATR,1.0,0.005,169,139148,0.06420413537774777
CALB,MATR,0.5,0.005,169,139148,0.06292597152817755
CALB,MATR,0.2,0.005,169,139148,0.061430439478932834
CALB,MATR,0.1,0.005,169,139148,0.06030567260686183
CALB,MATR,0.05,0.005,169,139148,0.059039242969890965
CALB,MATR,0.03,0.005,169,139148,0.05783134185060151
CALB,MATR,0.02,0.005,169,139148,0.05649744852412933
CALB,MATR,0.015,0.005,169,139148,0.05521976475931344
CALB,MATR,0.01,0.005,169,139148,0.05278884307880084
CALB,MATR,0.005,0.005,169,139148,0.047136693251964304
CALB,MICH,1.0,0.0,40,19681,0.08452247234598033
CALB,MICH,0.5,0.0,40,19681,0.08499999987778711
CALB,MICH,0.2,0.0,40,19681,0.08635949018418264
CALB,MICH,0.1,0.0,40,19681,0.08832713937691598
CALB,MICH,0.05,0.0,40,19681,0.09107957581756186
CALB,MICH,0.03,0.0,40,19681,0.09307983065212164
CALB,MICH,0.02,0.0,40,19681,0.09453119062953001
CALB,MICH,0.015,0.0,40,19681,0.0956008906078293
CALB,MICH,0.01,0.0,40,19681,0.09792757579669446
CALB,MICH,0.005,0.0,40,19681,0.1066431755492944
CALB,MICH,1.0,0.00025,40,19681,0.08560847411269616
CALB,MICH,0.5,0.00025,40,19681,0.08623083744593776
CALB,MICH,0.2,0.00025,40,19681,0.08771843901216149
CALB,MICH,0.1,0.00025,40,19681,0.0897257025361152
CALB,MICH,0.05,0.00025,40,19681,0.09249721397431179
CALB,MICH,0.03,0.00025,40,19681,0.09448032805202347
CALB,MICH,0.02,0.00025,40,19681,0.09587996564524867
CALB,MICH,0.015,0.00025,40,19681,0.09692992007109906
CALB,MICH,0.01,0.00025,40,19681,0.09911488852279998
CALB,MICH,0.005,0.00025,40,19681,0.10683164557587796
CALB,MICH,1.0,0.0005,40,19681,0.08644318014972807
CALB,MICH,0.5,0.0005,40,19681,0.08720065430320212
CALB,MICH,0.2,0.0005,40,19681,0.08875026923700703
CALB,MICH,0.1,0.0005,40,19681,0.09079153242501882
CALB,MICH,0.05,0.0005,40,19681,0.09359274473823956
CALB,MICH,0.03,0.0005,40,19681,0.09561289342726306
CALB,MICH,0.02,0.0005,40,19681,0.09700659505217493
CALB,MICH,0.015,0.0005,40,19681,0.09801162544658934
CALB,MICH,0.01,0.0005,40,19681,0.09996781592449468
CALB,MICH,0.005,0.0005,40,19681,0.10692416762017616
CALB,MICH,1.0,0.001,40,19681,0.08767498868623096
CALB,MICH,0.5,0.001,40,19681,0.08852958306077026
CALB,MICH,0.2,0.001,40,19681,0.09018013817189716
CALB,MICH,0.1,0.001,40,19681,0.09227026034438639
CALB,MICH,0.05,0.001,40,19681,0.09508028343292511
CALB,MICH,0.03,0.001,40,19681,0.09707566049095986
CALB,MICH,0.02,0.001,40,19681,0.09838996974208035
CALB,MICH,0.015,0.001,40,19681,0.0992533986698198
CALB,MICH,0.01,0.001,40,19681,0.10085854706964523
CALB,MICH,0.005,0.001,40,19681,0.10698841406077482
CALB,MICH,1.0,0.002,40,19681,0.08909608218133042
CALB,MICH,0.5,0.002,40,19681,0.0899158444091977
CALB,MICH,0.2,0.002,40,19681,0.09156588551413417
CALB,MICH,0.1,0.002,40,19681,0.09364155160266187
CALB,MICH,0.05,0.002,40,19681,0.09635351276089965
CALB,MICH,0.03,0.002,40,19681,0.09826694230309799
CALB,MICH,0.02,0.002,40,19681,0.09946749065938275
CALB,MICH,0.015,0.002,40,19681,0.10018671502794096
CALB,MICH,0.01,0.002,40,19681,0.10142662075989435
CALB,MICH,0.005,0.002,40,19681,0.10704294446050366
CALB,MICH,1.0,0.005,40,19681,0.09036935734609719
CALB,MICH,0.5,0.005,40,19681,0.09105507074543129
CALB,MICH,0.2,0.005,40,19681,0.09262219498131033
CALB,MICH,0.1,0.005,40,19681,0.094640308624106
CALB,MICH,0.05,0.005,40,19681,0.09726214443942174
CALB,MICH,0.03,0.005,40,19681,0.09913046324411397
CALB,MICH,0.02,0.005,40,19681,0.10023626319173387
CALB,MICH,0.015,0.005,40,19681,0.10083359333842008
CALB,MICH,0.01,0.005,40,19681,0.10182066417452991
CALB,MICH,0.005,0.005,40,19681,0.10710303452515857
CALB,MICH_EXP,1.0,0.0,18,6455,0.213314699150196
CALB,MICH_EXP,0.5,0.0,18,6455,0.15022456361883368
CALB,MICH_EXP,0.2,0.0,18,6455,0.10970972641013937
CALB,MICH_EXP,0.1,0.0,18,6455,0.09803476621906623
CALB,MICH_EXP,0.05,0.0,18,6455,0.0930841980913703
CALB,MICH_EXP,0.03,0.0,18,6455,0.09073990403525559
CALB,MICH_EXP,0.02,0.0,18,6455,0.08885949363939322
CALB,MICH_EXP,0.015,0.0,18,6455,0.08787602700583023
CALB,MICH_EXP,0.01,0.0,18,6455,0.08736095268156736
CALB,MICH_EXP,0.005,0.0,18,6455,0.09062151626768308
CALB,MICH_EXP,1.0,0.00025,18,6455,0.2043769085131661
CALB,MICH_EXP,0.5,0.00025,18,6455,0.14256542010562254
CALB,MICH_EXP,0.2,0.00025,18,6455,0.10331936290194382
CALB,MICH_EXP,0.1,0.00025,18,6455,0.09520923785600398
CALB,MICH_EXP,0.05,0.00025,18,6455,0.09220195710029987
CALB,MICH_EXP,0.03,0.00025,18,6455,0.09024256029577192
CALB,MICH_EXP,0.02,0.00025,18,6455,0.08854220032764032
CALB,MICH_EXP,0.015,0.00025,18,6455,0.08763172636462715
CALB,MICH_EXP,0.01,0.00025,18,6455,0.08721521631406222
CALB,MICH_EXP,0.005,0.00025,18,6455,0.09038782390618666
CALB,MICH_EXP,1.0,0.0005,18,6455,0.19648278041067554
CALB,MICH_EXP,0.5,0.0005,18,6455,0.13432635547852095
CALB,MICH_EXP,0.2,0.0005,18,6455,0.10000166767564667
CALB,MICH_EXP,0.1,0.0005,18,6455,0.09433950909570699
CALB,MICH_EXP,0.05,0.0005,18,6455,0.09179949254497462
CALB,MICH_EXP,0.03,0.0005,18,6455,0.08999127157841734
CALB,MICH_EXP,0.02,0.0005,18,6455,0.08838194133071879
CALB,MICH_EXP,0.015,0.0005,18,6455,0.08747138797489179
CALB,MICH_EXP,0.01,0.0005,18,6455,0.08704185406983185
CALB,MICH_EXP,0.005,0.0005,18,6455,0.09014105198655034
CALB,MICH_EXP,1.0,0.001,18,6455,0.1807498024801222
CALB,MICH_EXP,0.5,0.001,18,6455,0.12045954037554633
CALB,MICH_EXP,0.2,0.001,18,6455,0.09755608005462829
CALB,MICH_EXP,0.1,0.001,18,6455,0.09343557781634336
CALB,MICH_EXP,0.05,0.001,18,6455,0.0913371401673172
CALB,MICH_EXP,0.03,0.001,18,6455,0.08968846702055695
CALB,MICH_EXP,0.02,0.001,18,6455,0.08812466211331207
CALB,MICH_EXP,0.015,0.001,18,6455,0.08716435601942694
CALB,MICH_EXP,0.01,0.001,18,6455,0.08666767612329275
CALB,MICH_EXP,0.005,0.001,18,6455,0.08962895718356755
CALB,MICH_EXP,1.0,0.002,18,6455,0.15222224266584894
CALB,MICH_EXP,0.5,0.002,18,6455,0.11001444105000388
CALB,MICH_EXP,0.2,0.002,18,6455,0.09545455448775035
CALB,MICH_EXP,0.1,0.002,18,6455,0.09260358099014897
CALB,MICH_EXP,0.05,0.002,18,6455,0.09084397242182154
CALB,MICH_EXP,0.03,0.002,18,6455,0.08927273617147623
CALB,MICH_EXP,0.02,0.002,18,6455,0.0876295627909953
CALB,MICH_EXP,0.015,0.002,18,6455,0.08654684306366905
CALB,MICH_EXP,0.01,0.002,18,6455,0.08589951290136158
CALB,MICH_EXP,0.005,0.002,18,6455,0.08857356262465245
CALB,MICH_EXP,1.0,0.005,18,6455,0.12344842662318202
CALB,MICH_EXP,0.5,0.005,18,6455,0.1012051892770183
CALB,MICH_EXP,0.2,0.005,18,6455,0.09347010518229504
CALB,MICH_EXP,0.1,0.005,18,6455,0.09173403384607265
CALB,MICH_EXP,0.05,0.005,18,6455,0.09009257546600735
CALB,MICH_EXP,0.03,0.005,18,6455,0.08834734022324627
CALB,MICH_EXP,0.02,0.005,18,6455,0.08625236189156683
CALB,MICH_EXP,0.015,0.005,18,6455,0.08484055084640857
CALB,MICH_EXP,0.01,0.005,18,6455,0.08383121690149496
CALB,MICH_EXP,0.005,0.005,18,6455,0.0860276748731511
CALB,RWTH,1.0,0.0,48,105140,0.1446512433703952
CALB,RWTH,0.5,0.0,48,105140,0.14487732779793663
CALB,RWTH,0.2,0.0,48,105140,0.14498039622208883
CALB,RWTH,0.1,0.0,48,105140,0.14488571518812862
CALB,RWTH,0.05,0.0,48,105140,0.1446072784884273
CALB,RWTH,0.03,0.0,48,105140,0.1442072344758065
CALB,RWTH,0.02,0.0,48,105140,0.14369000647347677
CALB,RWTH,0.015,0.0,48,105140,0.14319749746380822
CALB,RWTH,0.01,0.0,48,105140,0.14237785419745766
CALB,RWTH,0.005,0.0,48,105140,0.14181228518610187
CALB,RWTH,1.0,0.00025,48,105140,0.14639589101239295
CALB,RWTH,0.5,0.00025,48,105140,0.14648781302810793
CALB,RWTH,0.2,0.00025,48,105140,0.1464352313254423
CALB,RWTH,0.1,0.00025,48,105140,0.14627548461756615
CALB,RWTH,0.05,0.00025,48,105140,0.14592745584442052
CALB,RWTH,0.03,0.00025,48,105140,0.145408947103933
CALB,RWTH,0.02,0.00025,48,105140,0.14474226821575312
CALB,RWTH,0.015,0.00025,48,105140,0.1440944575083847
CALB,RWTH,0.01,0.00025,48,105140,0.14298904016682235
CALB,RWTH,0.005,0.00025,48,105140,0.14195238136564112
CALB,RWTH,1.0,0.0005,48,105140,0.14652286867158623
CALB,RWTH,0.5,0.0005,48,105140,0.14658430678217207
CALB,RWTH,0.2,0.0005,48,105140,0.14653371347044244
CALB,RWTH,0.1,0.0005,48,105140,0.1463881398067748
CALB,RWTH,0.05,0.0005,48,105140,0.14605594746014713
CALB,RWTH,0.03,0.0005,48,105140,0.14554580773786688
CALB,RWTH,0.02,0.0005,48,105140,0.1448794658588166
CALB,RWTH,0.015,0.0005,48,105140,0.1442206302534169
CALB,RWTH,0.01,0.0005,48,105140,0.14309357168415224
CALB,RWTH,0.005,0.0005,48,105140,0.14201348945626113
CALB,RWTH,1.0,0.001,48,105140,0.14660666246255843
CALB,RWTH,0.5,0.001,48,105140,0.1466512121959955
CALB,RWTH,0.2,0.001,48,105140,0.14661096105688307
CALB,RWTH,0.1,0.001,48,105140,0.14647360650859667
CALB,RWTH,0.05,0.001,48,105140,0.14615284791743774
CALB,RWTH,0.03,0.001,48,105140,0.1456583226883242
CALB,RWTH,0.02,0.001,48,105140,0.14500161337141465
CALB,RWTH,0.015,0.001,48,105140,0.1443404357773446
CALB,RWTH,0.01,0.001,48,105140,0.14322337900656248
CALB,RWTH,0.005,0.001,48,105140,0.1421431231423493
CALB,RWTH,1.0,0.002,48,105140,0.1466716231095151
CALB,RWTH,0.5,0.002,48,105140,0.1467041202689599
CALB,RWTH,0.2,0.002,48,105140,0.14666763098603286
CALB,RWTH,0.1,0.002,48,105140,0.14653526587552262
CALB,RWTH,0.05,0.002,48,105140,0.14623486010008077
CALB,RWTH,0.03,0.002,48,105140,0.14575860223366713
CALB,RWTH,0.02,0.002,48,105140,0.14512249376888695
CALB,RWTH,0.015,0.002,48,105140,0.14448676276870412
CALB,RWTH,0.01,0.002,48,105140,0.1434104777715962
CALB,RWTH,0.005,0.002,48,105140,0.14240087491854156
CALB,RWTH,1.0,0.005,48,105140,0.14672421910578273
CALB,RWTH,0.5,0.005,48,105140,0.146745122870063
CALB,RWTH,0.2,0.005,48,105140,0.14670857467403906
CALB,RWTH,0.1,0.005,48,105140,0.1466023050425049
CALB,RWTH,0.05,0.005,48,105140,0.1463571737251002
CALB,RWTH,0.03,0.005,48,105140,0.14594671515391974
CALB,RWTH,0.02,0.005,48,105140,0.14538342927128436
CALB,RWTH,0.015,0.005,48,105140,0.1448234658336234
CALB,RWTH,0.01,0.005,48,105140,0.1438889902976755
CALB,RWTH,0.005,0.005,48,105140,0.143167130821704
CALB,SDU,1.0,0.0,86,48716,0.11869691916964074
CALB,SDU,0.5,0.0,86,48716,0.1171501396514909
CALB,SDU,0.2,0.0,86,48716,0.11499153284801487
CALB,SDU,0.1,0.0,86,48716,0.11294710561568648
CALB,SDU,0.05,0.0,86,48716,0.10982146391665426
CALB,SDU,0.03,0.0,86,48716,0.10612853928845177
CALB,SDU,0.02,0.0,86,48716,0.10207122055674442
CALB,SDU,0.015,0.0,86,48716,0.09861531643255626
CALB,SDU,0.01,0.0,86,48716,0.09277208524857895
CALB,SDU,0.005,0.0,86,48716,0.08037108351600758
CALB,SDU,1.0,0.00025,86,48716,0.11705623540382427
CALB,SDU,0.5,0.00025,86,48716,0.11562203065799066
CALB,SDU,0.2,0.00025,86,48716,0.11360263826718965
CALB,SDU,0.1,0.00025,86,48716,0.11188668860230752
CALB,SDU,0.05,0.00025,86,48716,0.10898582423379377
CALB,SDU,0.03,0.00025,86,48716,0.10540626628844163
CALB,SDU,0.02,0.00025,86,48716,0.10145059657836514
CALB,SDU,0.015,0.00025,86,48716,0.09805912239209374
CALB,SDU,0.01,0.00025,86,48716,0.09224206187441418
CALB,SDU,0.005,0.00025,86,48716,0.08004829425035667
CALB,SDU,1.0,0.0005,86,48716,0.11612769732408723
CALB,SDU,0.5,0.0005,86,48716,0.11465046986274749
CALB,SDU,0.2,0.0005,86,48716,0.11277696790618943
CALB,SDU,0.1,0.0005,86,48716,0.11122995782072133
CALB,SDU,0.05,0.0005,86,48716,0.10839809904947614
CALB,SDU,0.03,0.0005,86,48716,0.10488839397081291
CALB,SDU,0.02,0.0005,86,48716,0.10102732901502588
CALB,SDU,0.015,0.0005,86,48716,0.09769695753422745
CALB,SDU,0.01,0.0005,86,48716,0.09193579342176794
CALB,SDU,0.005,0.0005,86,48716,0.07995916539183187
CALB,SDU,1.0,0.001,86,48716,0.11500964075576134
CALB,SDU,0.5,0.001,86,48716,0.11355196501965646
CALB,SDU,0.2,0.001,86,48716,0.11191272255116154
CALB,SDU,0.1,0.001,86,48716,0.1103746858843983
CALB,SDU,0.05,0.001,86,48716,0.10748396314359304
CALB,SDU,0.03,0.001,86,48716,0.10405354648365292
CALB,SDU,0.02,0.001,86,48716,0.100340248572178
CALB,SDU,0.015,0.001,86,48716,0.09709913665259609
CALB,SDU,0.01,0.001,86,48716,0.0914538339529865
CALB,SDU,0.005,0.001,86,48716,0.07977720813514116
CALB,SDU,1.0,0.002,86,48716,0.11386267165399422
CALB,SDU,0.5,0.002,86,48716,0.11246143897906212
CALB,SDU,0.2,0.002,86,48716,0.1109646524578511
CALB,SDU,0.1,0.002,86,48716,0.10925543727538947
CALB,SDU,0.05,0.002,86,48716,0.10622477801526041
CALB,SDU,0.03,0.002,86,48716,0.10298021007160187
CALB,SDU,0.02,0.002,86,48716,0.09952701802493598
CALB,SDU,0.015,0.002,86,48716,0.09642305717960756
CALB,SDU,0.01,0.002,86,48716,0.0910300097604666
CALB,SDU,0.005,0.002,86,48716,0.07958202042548757
CALB,SDU,1.0,0.005,86,48716,0.1125340895911276
CALB,SDU,0.5,0.005,86,48716,0.11132495896973649
CALB,SDU,0.2,0.005,86,48716,0.10954808027023512
CALB,SDU,0.1,0.005,86,48716,0.10731142692654726
CALB,SDU,0.05,0.005,86,48716,0.10424628413710074
CALB,SDU,0.03,0.005,86,48716,0.10151268136470314
CALB,SDU,0.02,0.005,86,48716,0.09847167634496486
CALB,SDU,0.015,0.005,86,48716,0.09562577053214225
CALB,SDU,0.01,0.005,86,48716,0.09040759648989438
CALB,SDU,0.005,0.005,86,48716,0.07897557657295542
CALB,SNL,1.0,0.0,61,96092,0.0549301666947405
CALB,SNL,0.5,0.0,61,96092,0.05522773096629717
CALB,SNL,0.2,0.0,61,96092,0.055759016736199915
CALB,SNL,0.1,0.0,61,96092,0.05653549588823939
CALB,SNL,0.05,0.0,61,96092,0.05778855682555377
CALB,SNL,0.03,0.0,61,96092,0.05922205634273354
CALB,SNL,0.02,0.0,61,96092,0.06085072441496979
CALB,SNL,0.015,0.0,61,96092,0.06245972071054375
CALB,SNL,0.01,0.0,61,96092,0.0655523711098674
CALB,SNL,0.005,0.0,61,96092,0.07303586719485004
CALB,SNL,1.0,0.00025,61,96092,0.05579676997661741
CALB,SNL,0.5,0.00025,61,96092,0.05621616460723524
CALB,SNL,0.2,0.00025,61,96092,0.056896843898254536
CALB,SNL,0.1,0.00025,61,96092,0.05766219822027769
CALB,SNL,0.05,0.00025,61,96092,0.05885283673001884
CALB,SNL,0.03,0.00025,61,96092,0.06022189830914273
CALB,SNL,0.02,0.00025,61,96092,0.06179243118337016
CALB,SNL,0.015,0.00025,61,96092,0.06333755948243305
CALB,SNL,0.01,0.00025,61,96092,0.06627042191576513
CALB,SNL,0.005,0.00025,61,96092,0.07350289697635518
CALB,SNL,1.0,0.0005,61,96092,0.056338840202425515
CALB,SNL,0.5,0.0005,61,96092,0.05673167170556953
CALB,SNL,0.2,0.0005,61,96092,0.05737152622185226
CALB,SNL,0.1,0.0005,61,96092,0.058098048289502775
CALB,SNL,0.05,0.0005,61,96092,0.05925379023239785
CALB,SNL,0.03,0.0005,61,96092,0.060602930462907226
CALB,SNL,0.02,0.0005,61,96092,0.062162216815185356
CALB,SNL,0.015,0.0005,61,96092,0.06368346661821271
CALB,SNL,0.01,0.0005,61,96092,0.06657466543432439
CALB,SNL,0.005,0.0005,61,96092,0.07371898299432172
CALB,SNL,1.0,0.001,61,96092,0.05681978311974317
CALB,SNL,0.5,0.001,61,96092,0.0571713128583173
CALB,SNL,0.2,0.001,61,96092,0.05775251810634487
CALB,SNL,0.1,0.001,61,96092,0.058450776900364265
CALB,SNL,0.05,0.001,61,96092,0.05960058838390439
CALB,SNL,0.03,0.001,61,96092,0.06096142572007045
CALB,SNL,0.02,0.001,61,96092,0.0625383727860036
CALB,SNL,0.015,0.001,61,96092,0.06406586814497627
CALB,SNL,0.01,0.001,61,96092,0.06697443723811769
CALB,SNL,0.005,0.001,61,96092,0.07401284343929322
CALB,SNL,1.0,0.002,61,96092,0.0571750542167105
CALB,SNL,0.5,0.002,61,96092,0.05748659179344189
CALB,SNL,0.2,0.002,61,96092,0.058039701993111016
CALB,SNL,0.1,0.002,61,96092,0.05874327271082022
CALB,SNL,0.05,0.002,61,96092,0.0599236009304341
CALB,SNL,0.03,0.002,61,96092,0.061331506283280095
CALB,SNL,0.02,0.002,61,96092,0.06296815848647927
CALB,SNL,0.015,0.002,61,96092,0.06455015386331167
CALB,SNL,0.01,0.002,61,96092,0.06746501513107303
CALB,SNL,0.005,0.002,61,96092,0.07441391995551729
CALB,SNL,1.0,0.005,61,96092,0.0574516645813537
CALB,SNL,0.5,0.005,61,96092,0.05773653044573169
CALB,SNL,0.2,0.005,61,96092,0.058302483873875884
CALB,SNL,0.1,0.005,61,96092,0.059047654144336
CALB,SNL,0.05,0.005,61,96092,0.06031994508318752
CALB,SNL,0.03,0.005,61,96092,0.06182641233741392
CALB,SNL,0.02,0.005,61,96092,0.0635601061661597
CALB,SNL,0.015,0.005,61,96092,0.06521250776951937
CALB,SNL,0.01,0.005,61,96092,0.06823115377667587
CALB,SNL,0.005,0.005,61,96092,0.07495137422970755
CALB,UL_PUR,1.0,0.0,10,2195,0.03971619820664913
CALB,UL_PUR,0.5,0.0,10,2195,0.039331007217920155
CALB,UL_PUR,0.2,0.0,10,2195,0.038838847892984016
CALB,UL_PUR,0.1,0.0,10,2195,0.0383206332728546
CALB,UL_PUR,0.05,0.0,10,2195,0.03756302273892981
CALB,UL_PUR,0.03,0.0,10,2195,0.03679571985220988
CALB,UL_PUR,0.02,0.0,10,2195,0.03628561664820505
CALB,UL_PUR,0.015,0.0,10,2195,0.03631709159878434
CALB,UL_PUR,0.01,0.0,10,2195,0.037512208047815084
CALB,UL_PUR,0.005,0.0,10,2195,0.041621289005360426
CALB,UL_PUR,1.0,0.00025,10,2195,0.039636439611400495
CALB,UL_PUR,0.5,0.00025,10,2195,0.0393464123295949
CALB,UL_PUR,0.2,0.00025,10,2195,0.03893231571465137
CALB,UL_PUR,0.1,0.00025,10,2195,0.038491341298133364
CALB,UL_PUR,0.05,0.00025,10,2195,0.03772181788613321
CALB,UL_PUR,0.03,0.00025,10,2195,0.03694228536936843
CALB,UL_PUR,0.02,0.00025,10,2195,0.03633528210373351
CALB,UL_PUR,0.015,0.00025,10,2195,0.036324708793270856
CALB,UL_PUR,0.01,0.00025,10,2195,0.03748598383616371
CALB,UL_PUR,0.005,0.00025,10,2195,0.04158957156139827
CALB,UL_PUR,1.0,0.0005,10,2195,0.03960593433884825
CALB,UL_PUR,0.5,0.0005,10,2195,0.03932353907266457
CALB,UL_PUR,0.2,0.0005,10,2195,0.0388999408501163
CALB,UL_PUR,0.1,0.0005,10,2195,0.03851029409878252
CALB,UL_PUR,0.05,0.0005,10,2195,0.037813378851374764
CALB,UL_PUR,0.03,0.0005,10,2195,0.03702959744904395
CALB,UL_PUR,0.02,0.0005,10,2195,0.03635051849050501
CALB,UL_PUR,0.015,0.0005,10,2195,0.03633181432306863
CALB,UL_PUR,0.01,0.0005,10,2195,0.037464781365520936
CALB,UL_PUR,0.005,0.0005,10,2195,0.04156388726729661
CALB,UL_PUR,1.0,0.001,10,2195,0.03955472567387703
CALB,UL_PUR,0.5,0.001,10,2195,0.03925316936368718
CALB,UL_PUR,0.2,0.001,10,2195,0.0388776280048642
CALB,UL_PUR,0.1,0.001,10,2195,0.03850836094893719
CALB,UL_PUR,0.05,0.001,10,2195,0.037919599196299454
CALB,UL_PUR,0.03,0.001,10,2195,0.03708211660344695
CALB,UL_PUR,0.02,0.001,10,2195,0.036368005983990356
CALB,UL_PUR,0.015,0.001,10,2195,0.036336256554546545
CALB,UL_PUR,0.01,0.001,10,2195,0.037426423989088804
CALB,UL_PUR,0.005,0.001,10,2195,0.041525645980962395
CALB,UL_PUR,1.0,0.002,10,2195,0.03943068610360956
CALB,UL_PUR,0.5,0.002,10,2195,0.03916588696584016
CALB,UL_PUR,0.2,0.002,10,2195,0.038832482453057114
CALB,UL_PUR,0.1,0.002,10,2195,0.03856817647011464
CALB,UL_PUR,0.05,0.002,10,2195,0.03791737292793866
CALB,UL_PUR,0.03,0.002,10,2195,0.03710103093458232
CALB,UL_PUR,0.02,0.002,10,2195,0.0363680173594744
CALB,UL_PUR,0.015,0.002,10,2195,0.03631108133375604
CALB,UL_PUR,0.01,0.002,10,2195,0.037385991618040695
CALB,UL_PUR,0.005,0.002,10,2195,0.04148634312428747
CALB,UL_PUR,1.0,0.005,10,2195,0.039320890035271075
CALB,UL_PUR,0.5,0.005,10,2195,0.03910101310509742
CALB,UL_PUR,0.2,0.005,10,2195,0.03881862278431912
CALB,UL_PUR,0.1,0.005,10,2195,0.03856263603682952
CALB,UL_PUR,0.05,0.005,10,2195,0.037957997154380745
CALB,UL_PUR,0.03,0.005,10,2195,0.03714878845260555
CALB,UL_PUR,0.02,0.005,10,2195,0.03635966674156174
CALB,UL_PUR,0.015,0.005,10,2195,0.036290629905377375
CALB,UL_PUR,0.01,0.005,10,2195,0.03735506859324825
CALB,UL_PUR,0.005,0.005,10,2195,0.041456604913335346
CALB,XJTU,1.0,0.0,23,6823,0.1485634563026573
CALB,XJTU,0.5,0.0,23,6823,0.14734624443755012
CALB,XJTU,0.2,0.0,23,6823,0.1448596199928015
CALB,XJTU,0.1,0.0,23,6823,0.14164211416874617
CALB,XJTU,0.05,0.0,23,6823,0.1361178176420853
CALB,XJTU,0.03,0.0,23,6823,0.12955590290267746
CALB,XJTU,0.02,0.0,23,6823,0.1224386971046478
CALB,XJTU,0.015,0.0,23,6823,0.11639448439578118
CALB,XJTU,0.01,0.0,23,6823,0.10701294047554369
CALB,XJTU,0.005,0.0,23,6823,0.09178100383672008
CALB,XJTU,1.0,0.00025,23,6823,0.14663051501346244
CALB,XJTU,0.5,0.00025,23,6823,0.14546549965367497
CALB,XJTU,0.2,0.00025,23,6823,0.1431660465630345
CALB,XJTU,0.1,0.00025,23,6823,0.14015075360607365
CALB,XJTU,0.05,0.00025,23,6823,0.1348874729720447
CALB,XJTU,0.03,0.00025,23,6823,0.1285697067176298
CALB,XJTU,0.02,0.00025,23,6823,0.12168384578151067
CALB,XJTU,0.015,0.00025,23,6823,0.11577561414289039
CALB,XJTU,0.01,0.00025,23,6823,0.10654493865122845
CALB,XJTU,0.005,0.00025,23,6823,0.09114173863501199
CALB,XJTU,1.0,0.0005,23,6823,0.14559186039235197
CALB,XJTU,0.5,0.0005,23,6823,0.14447586228135065
CALB,XJTU,0.2,0.0005,23,6823,0.14227940580714998
CALB,XJTU,0.1,0.0005,23,6823,0.13939085772320192
CALB,XJTU,0.05,0.0005,23,6823,0.13424225325564887
CALB,XJTU,0.03,0.0005,23,6823,0.128050475069802
CALB,XJTU,0.02,0.0005,23,6823,0.12129184067924652
CALB,XJTU,0.015,0.0005,23,6823,0.11548694349778524
CALB,XJTU,0.01,0.0005,23,6823,0.10630639585741823
CALB,XJTU,0.005,0.0005,23,6823,0.09083778097389411
CALB,XJTU,1.0,0.001,23,6823,0.14465287092000614
CALB,XJTU,0.5,0.001,23,6823,0.14362026726921337
CALB,XJTU,0.2,0.001,23,6823,0.14155352961926443
CALB,XJTU,0.1,0.001,23,6823,0.13875743163921941
CALB,XJTU,0.05,0.001,23,6823,0.13373268948620662
CALB,XJTU,0.03,0.001,23,6823,0.12760363674055328
CALB,XJTU,0.02,0.001,23,6823,0.12094250814535847
CALB,XJTU,0.015,0.001,23,6823,0.11520709771991236
CALB,XJTU,0.01,0.001,23,6823,0.10606288695113984
CALB,XJTU,0.005,0.001,23,6823,0.09053856719832082
CALB,XJTU,1.0,0.002,23,6823,0.14398322800252297
CALB,XJTU,0.5,0.002,23,6823,0.14302478486583617
CALB,XJTU,0.2,0.002,23,6823,0.14103159491863063
CALB,XJTU,0.1,0.002,23,6823,0.13832137068745975
CALB,XJTU,0.05,0.002,23,6823,0.1333453376783063
CALB,XJTU,0.03,0.002,23,6823,0.12724770943136574
CALB,XJTU,0.02,0.002,23,6823,0.12065099935607174
CALB,XJTU,0.015,0.002,23,6823,0.11494359132022257
CALB,XJTU,0.01,0.002,23,6823,0.1058271889459638
CALB,XJTU,0.005,0.002,23,6823,0.09022776525281744
CALB,XJTU,1.0,0.005,23,6823,0.1435606530108907
CALB,XJTU,0.5,0.005,23,6823,0.14265550751273667
CALB,XJTU,0.2,0.005,23,6823,0.14073993922099468
CALB,XJTU,0.1,0.005,23,6823,0.13806822773795857
CALB,XJTU,0.05,0.005,23,6823,0.13311565557790117
CALB,XJTU,0.03,0.005,23,6823,0.1270574364658619
CALB,XJTU,0.02,0.005,23,6823,0.12050309419027261
CALB,XJTU,0.015,0.005,23,6823,0.11482753041099718
CALB,XJTU,0.01,0.005,23,6823,0.1057458888294883
CALB,XJTU,0.005,0.005,23,6823,0.09013624372008541
CALCE,CALB,1.0,0.0,27,2629,0.07446564689337565
CALCE,CALB,0.5,0.0,27,2629,0.0735346531444599
CALCE,CALB,0.2,0.0,27,2629,0.07201933611588826
CALCE,CALB,0.1,0.0,27,2629,0.070325106682046
CALCE,CALB,0.05,0.0,27,2629,0.06786955024607987
CALCE,CALB,0.03,0.0,27,2629,0.06567942839171909
CALCE,CALB,0.02,0.0,27,2629,0.06393842506427906
CALCE,CALB,0.015,0.0,27,2629,0.06280157611237935
CALCE,CALB,0.01,0.0,27,2629,0.06141890453275048
CALCE,CALB,0.005,0.0,27,2629,0.05971853769687997
CALCE,CALB,1.0,0.00025,27,2629,0.07358364368295935
CALCE,CALB,0.5,0.00025,27,2629,0.07271485301568065
CALCE,CALB,0.2,0.00025,27,2629,0.07124244547079249
CALCE,CALB,0.1,0.00025,27,2629,0.069510637251058
CALCE,CALB,0.05,0.00025,27,2629,0.06686608706076967
CALCE,CALB,0.03,0.00025,27,2629,0.06448725644017422
CALCE,CALB,0.02,0.00025,27,2629,0.06259282964677938
CALCE,CALB,0.015,0.00025,27,2629,0.0613448977826652
CALCE,CALB,0.01,0.00025,27,2629,0.05982409353879012
CALCE,CALB,0.005,0.00025,27,2629,0.0579477830518583
CALCE,CALB,1.0,0.0005,27,2629,0.07315760271644482
CALCE,CALB,0.5,0.0005,27,2629,0.0723132279530528
CALCE,CALB,0.2,0.0005,27,2629,0.07089608404716126
CALCE,CALB,0.1,0.0005,27,2629,0.0691315587132468
CALCE,CALB,0.05,0.0005,27,2629,0.066403598630103
CALCE,CALB,0.03,0.0005,27,2629,0.06392254608564725
CALCE,CALB,0.02,0.0005,27,2629,0.06193089450461239
CALCE,CALB,0.015,0.0005,27,2629,0.06061744969279586
CALCE,CALB,0.01,0.0005,27,2629,0.05901421800838531
CALCE,CALB,0.005,0.0005,27,2629,0.057031358127110195
CALCE,CALB,1.0,0.001,27,2629,0.07273354788865308
CALCE,CALB,0.5,0.001,27,2629,0.07194920289722384
CALCE,CALB,0.2,0.001,27,2629,0.07059506813606566
CALCE,CALB,0.1,0.001,27,2629,0.06881499177512877
CALCE,CALB,0.05,0.001,27,2629,0.06602621692100026
CALCE,CALB,0.03,0.001,27,2629,0.06347771206565156
CALCE,CALB,0.02,0.001,27,2629,0.06141393965116227
CALCE,CALB,0.015,0.001,27,2629,0.060050509005619576
CALCE,CALB,0.01,0.001,27,2629,0.05838079001370352
CALCE,CALB,0.005,0.001,27,2629,0.05630941358552634
CALCE,CALB,1.0,0.002,27,2629,0.07242293158320463
CALCE,CALB,0.5,0.002,27,2629,0.07171348981411643
CALCE,CALB,0.2,0.002,27,2629,0.0703890172630549
CALCE,CALB,0.1,0.002,27,2629,0.06858055541729582
CALCE,CALB,0.05,0.002,27,2629,0.06578711795348202
CALCE,CALB,0.03,0.002,27,2629,0.06320711354978728
CALCE,CALB,0.02,0.002,27,2629,0.06109245313151704
CALCE,CALB,0.015,0.002,27,2629,0.059707667319493125
CALCE,CALB,0.01,0.002,27,2629,0.05800502769228798
CALCE,CALB,0.005,0.002,27,2629,0.05589450486756338
CALCE,CALB,1.0,0.005,27,2629,0.07222494053851868
CALCE,CALB,0.5,0.005,27,2629,0.07154993900654077
CALCE,CALB,0.2,0.005,27,2629,0.0701972332657421
CALCE,CALB,0.1,0.005,27,2629,0.0683924221704472
CALCE,CALB,0.05,0.005,27,2629,0.06556635668698353
CALCE,CALB,0.03,0.005,27,2629,0.06293350508555812
CALCE,CALB,0.02,0.005,27,2629,0.06078087541135226
CALCE,CALB,0.015,0.005,27,2629,0.05936383849925501
CALCE,CALB,0.01,0.005,27,2629,0.05760243991401093
CALCE,CALB,0.005,0.005,27,2629,0.055416950880371824
CALCE,HNEI,1.0,0.0,14,15085,0.35692499700726593
CALCE,HNEI,0.5,0.0,14,15085,0.28848251212037335
CALCE,HNEI,0.2,0.0,14,15085,0.19821477228998682
CALCE,HNEI,0.1,0.0,14,15085,0.16137336540518477
CALCE,HNEI,0.05,0.0,14,15085,0.14458898951543483
CALCE,HNEI,0.03,0.0,14,15085,0.13478911133024538
CALCE,HNEI,0.02,0.0,14,15085,0.1250540313126142
CALCE,HNEI,0.015,0.0,14,15085,0.11598655899528554
CALCE,HNEI,0.01,0.0,14,15085,0.09871746717143212
CALCE,HNEI,0.005,0.0,14,15085,0.05494000304908269
CALCE,HNEI,1.0,0.00025,14,15085,0.3136463815372422
CALCE,HNEI,0.5,0.00025,14,15085,0.24773805007082034
CALCE,HNEI,0.2,0.00025,14,15085,0.1733877484226734
CALCE,HNEI,0.1,0.00025,14,15085,0.1494738795948058
CALCE,HNEI,0.05,0.00025,14,15085,0.13785120961771297
CALCE,HNEI,0.03,0.00025,14,15085,0.1294331380005368
CALCE,HNEI,0.02,0.00025,14,15085,0.12037007835311783
CALCE,HNEI,0.015,0.00025,14,15085,0.11167289970256274
CALCE,HNEI,0.01,0.00025,14,15085,0.09486135541111215
CALCE,HNEI,0.005,0.00025,14,15085,0.05080054906501431
CALCE,HNEI,1.0,0.0005,14,15085,0.27903798081724335
CALCE,HNEI,0.5,0.0005,14,15085,0.22101434499583997
CALCE,HNEI,0.2,0.0005,14,15085,0.161726999561767
CALCE,HNEI,0.1,0.0005,14,15085,0.14454709470710309
CALCE,HNEI,0.05,0.0005,14,15085,0.13492038599416747
CALCE,HNEI,0.03,0.0005,14,15085,0.12705934608349867
CALCE,HNEI,0.02,0.0005,14,15085,0.11834343450163332
CALCE,HNEI,0.015,0.0005,14,15085,0.10977123311041784
CALCE,HNEI,0.01,0.0005,14,15085,0.09300952205859389
CALCE,HNEI,0.005,0.0005,14,15085,0.048595423704884254
CALCE,HNEI,1.0,0.001,14,15085,0.24288267533460192
CALCE,HNEI,0.5,0.001,14,15085,0.19342208938491473
CALCE,HNEI,0.2,0.001,14,15085,0.1519453692076404
CALCE,HNEI,0.1,0.001,14,15085,0.1399199329495901
CALCE,HNEI,0.05,0.001,14,15085,0.13189173286623693
CALCE,HNEI,0.03,0.001,14,15085,0.12453737132175095
CALCE,HNEI,0.02,0.001,14,15085,0.11598918342842499
CALCE,HNEI,0.015,0.001,14,15085,0.10747381903716871
CALCE,HNEI,0.01,0.001,14,15085,0.09066818064499614
CALCE,HNEI,0.005,0.001,14,15085,0.04587865308891957
CALCE,HNEI,1.0,0.002,14,15085,0.20836538688962827
CALCE,HNEI,0.5,0.002,14,15085,0.17109796335196714
CALCE,HNEI,0.2,0.002,14,15085,0.14445023183059585
CALCE,HNEI,0.1,0.002,14,15085,0.1358509509307327
CALCE,HNEI,0.05,0.002,14,15085,0.12904681991390818
CALCE,HNEI,0.03,0.002,14,15085,0.12206507077834648
CALCE,HNEI,0.02,0.002,14,15085,0.11359826351743887
CALCE,HNEI,0.015,0.002,14,15085,0.10512309846980536
CALCE,HNEI,0.01,0.002,14,15085,0.08818169342180357
CALCE,HNEI,0.005,0.002,14,15085,0.04287429924285662
CALCE,HNEI,1.0,0.005,14,15085,0.17282891364299185
CALCE,HNEI,0.5,0.005,14,15085,0.1520414425207803
CALCE,HNEI,0.2,0.005,14,15085,0.13752980918625815
CALCE,HNEI,0.1,0.005,14,15085,0.13202068982391693
CALCE,HNEI,0.05,0.005,14,15085,0.12622612909934722
CALCE,HNEI,0.03,0.005,14,15085,0.11948830905032605
CALCE,HNEI,0.02,0.005,14,15085,0.11102636278940081
CALCE,HNEI,0.015,0.005,14,15085,0.10247717138050265
CALCE,HNEI,0.01,0.005,14,15085,0.08528118320689002
CALCE,HNEI,0.005,0.005,14,15085,0.039634684862263125
CALCE,HUST,1.0,0.0,77,145735,0.02894107350280549
CALCE,HUST,0.5,0.0,77,145735,0.028907315582181993
CALCE,HUST,0.2,0.0,77,145735,0.028892372293572943
CALCE,HUST,0.1,0.0,77,145735,0.02889473091880371
CALCE,HUST,0.05,0.0,77,145735,0.028921947571978746
CALCE,HUST,0.03,0.0,77,145735,0.02895103925278428
CALCE,HUST,0.02,0.0,77,145735,0.028946104199050488
CALCE,HUST,0.015,0.0,77,145735,0.02890211173717108
CALCE,HUST,0.01,0.0,77,145735,0.028774819914394987
CALCE,HUST,0.005,0.0,77,145735,0.028803167950014436
CALCE,HUST,1.0,0.00025,77,145735,0.029922747959023444
CALCE,HUST,0.5,0.00025,77,145735,0.029897882798099573
CALCE,HUST,0.2,0.00025,77,145735,0.029857567942297557
CALCE,HUST,0.1,0.00025,77,145735,0.029818919839821
CALCE,HUST,0.05,0.00025,77,145735,0.02976948679242399
CALCE,HUST,0.03,0.00025,77,145735,0.029691379725236826
CALCE,HUST,0.02,0.00025,77,145735,0.029574373596888585
CALCE,HUST,0.015,0.00025,77,145735,0.02942794171387436
CALCE,HUST,0.01,0.00025,77,145735,0.029105916842847114
CALCE,HUST,0.005,0.00025,77,145735,0.028794508603081248
CALCE,HUST,1.0,0.0005,77,145735,0.030000092664619348
CALCE,HUST,0.5,0.0005,77,145735,0.029975294746258985
CALCE,HUST,0.2,0.0005,77,145735,0.029932044801814012
CALCE,HUST,0.1,0.0005,77,145735,0.029888919906195067
CALCE,HUST,0.05,0.0005,77,145735,0.029828739368641794
CALCE,HUST,0.03,0.0005,77,145735,0.029744021563820337
CALCE,HUST,0.02,0.0005,77,145735,0.02962503155601961
CALCE,HUST,0.015,0.0005,77,145735,0.029474852291314083
CALCE,HUST,0.01,0.0005,77,145735,0.02914582253279369
CALCE,HUST,0.005,0.0005,77,145735,0.028820079598907533
CALCE,HUST,1.0,0.001,77,145735,0.030022446003031236
CALCE,HUST,0.5,0.001,77,145735,0.029999702080144196
CALCE,HUST,0.2,0.001,77,145735,0.02995643145976034
CALCE,HUST,0.1,0.001,77,145735,0.029911798742663417
CALCE,HUST,0.05,0.001,77,145735,0.029851285817875106
CALCE,HUST,0.03,0.001,77,145735,0.02976755302541924
CALCE,HUST,0.02,0.001,77,145735,0.029649525929766146
CALCE,HUST,0.015,0.001,77,145735,0.02950205696504939
CALCE,HUST,0.01,0.001,77,145735,0.029174105966587604
CALCE,HUST,0.005,0.001,77,145735,0.028842036044607385
CALCE,HUST,1.0,0.002,77,145735,0.030027847795029414
CALCE,HUST,0.5,0.002,77,145735,0.030007001781195374
CALCE,HUST,0.2,0.002,77,145735,0.029964625802901095
CALCE,HUST,0.1,0.002,77,145735,0.02992225476444492
CALCE,HUST,0.05,0.002,77,145735,0.02986285077067787
CALCE,HUST,0.03,0.002,77,145735,0.029780444256372284
CALCE,HUST,0.02,0.002,77,145735,0.029663962600254477
CALCE,HUST,0.015,0.002,77,145735,0.029518018768200763
CALCE,HUST,0.01,0.002,77,145735,0.029192657006850024
CALCE,HUST,0.005,0.002,77,145735,0.02885785208295938
CALCE,HUST,1.0,0.005,77,145735,0.030028272830531264
CALCE,HUST,0.5,0.005,77,145735,0.030009347601493756
CALCE,HUST,0.2,0.005,77,145735,0.029969444168201374
CALCE,HUST,0.1,0.005,77,145735,0.029928436094515207
CALCE,HUST,0.05,0.005,77,145735,0.02987020099562068
CALCE,HUST,0.03,0.005,77,145735,0.02978862944266345
CALCE,HUST,0.02,0.005,77,145735,0.02967286359332543
CALCE,HUST,0.015,0.005,77,145735,0.029527012986811017
CALCE,HUST,0.01,0.005,77,145735,0.029201849705371798
CALCE,HUST,0.005,0.005,77,145735,0.028866355528974343
CALCE,MATR,1.0,0.0,169,139148,0.05525774187333897
CALCE,MATR,0.5,0.0,169,139148,0.053919640362875616
CALCE,MATR,0.2,0.0,169,139148,0.05248025930381153
CALCE,MATR,0.1,0.0,169,139148,0.05126660901748005
CALCE,MATR,0.05,0.0,169,139148,0.04978146545669271
CALCE,MATR,0.03,0.0,169,139148,0.04841161044117997
CALCE,MATR,0.02,0.0,169,139148,0.04703894963378997
CALCE,MATR,0.015,0.0,169,139148,0.0458552004197185
CALCE,MATR,0.01,0.0,169,139148,0.04384993080264601
CALCE,MATR,0.005,0.0,169,139148,0.03990177780241632
CALCE,MATR,1.0,0.00025,169,139148,0.0524476024836206
CALCE,MATR,0.5,0.00025,169,139148,0.051319299464063675
CALCE,MATR,0.2,0.00025,169,139148,0.049969977250862024
CALCE,MATR,0.1,0.00025,169,139148,0.04888964944529086
CALCE,MATR,0.05,0.00025,169,139148,0.04764439410041936
CALCE,MATR,0.03,0.00025,169,139148,0.046517351077178935
CALCE,MATR,0.02,0.00025,169,139148,0.0453540463880312
CALCE,MATR,0.015,0.00025,169,139148,0.044313627204324024
CALCE,MATR,0.01,0.00025,169,139148,0.04249074891618949
CALCE,MATR,0.005,0.00025,169,139148,0.03864745287397888
CALCE,MATR,1.0,0.0005,169,139148,0.05134530107698579
CALCE,MATR,0.5,0.0005,169,139148,0.05026920740106614
CALCE,MATR,0.2,0.0005,169,139148,0.048976493343121714
CALCE,MATR,0.1,0.0005,169,139148,0.04795480787341572
CALCE,MATR,0.05,0.0005,169,139148,0.04678435356849961
CALCE,MATR,0.03,0.0005,169,139148,0.04574742433248186
CALCE,MATR,0.02,0.0005,169,139148,0.0446788290712313
CALCE,MATR,0.015,0.0005,169,139148,0.043706069366549194
CALCE,MATR,0.01,0.0005,169,139148,0.041956800412859166
CALCE,MATR,0.005,0.0005,169,139148,0.038167920673240076
CALCE,MATR,1.0,0.001,169,139148,0.05018877583970961
CALCE,MATR,0.5,0.001,169,139148,0.049152789341113105
CALCE,MATR,0.2,0.001,169,139148,0.047933531209357304
CALCE,MATR,0.1,0.001,169,139148,0.04695939811479343
CALCE,MATR,0.05,0.001,169,139148,0.04587797172139074
CALCE,MATR,0.03,0.001,169,139148,0.04495990806494558
CALCE,MATR,0.02,0.001,169,139148,0.04399228200821756
CALCE,MATR,0.015,0.001,169,139148,0.04308450528262175
CALCE,MATR,0.01,0.001,169,139148,0.0414035948216319
CALCE,MATR,0.005,0.001,169,139148,0.03769446828839152
CALCE,MATR,1.0,0.002,169,139148,0.049045861029739755
CALCE,MATR,0.5,0.002,169,139148,0.04806522269027888
CALCE,MATR,0.2,0.002,169,139148,0.04689897210503979
CALCE,MATR,0.1,0.002,169,139148,0.045971598160427535
CALCE,MATR,0.05,0.002,169,139148,0.045021257526799204
CALCE,MATR,0.03,0.002,169,139148,0.04420322127896347
CALCE,MATR,0.02,0.002,169,139148,0.04332192154339513
CALCE,MATR,0.015,0.002,169,139148,0.04246824162941326
CALCE,MATR,0.01,0.002,169,139148,0.040849678309350726
CALCE,MATR,0.005,0.002,169,139148,0.03724047556089353
CALCE,MATR,1.0,0.005,169,139148,0.04772816756910246
CALCE,MATR,0.5,0.005,169,139148,0.04681104062094185
CALCE,MATR,0.2,0.005,169,139148,0.045714804803414305
CALCE,MATR,0.1,0.005,169,139148,0.04491819677768757
CALCE,MATR,0.05,0.005,169,139148,0.04410291174723518
CALCE,MATR,0.03,0.005,169,139148,0.043378469928411
CALCE,MATR,0.02,0.005,169,139148,0.042567088846983896
CALCE,MATR,0.015,0.005,169,139148,0.04176111886212986
CALCE,MATR,0.01,0.005,169,139148,0.040206709057986685
CALCE,MATR,0.005,0.005,169,139148,0.03676138967292408
CALCE,MICH,1.0,0.0,40,19681,0.08104059768352675
CALCE,MICH,0.5,0.0,40,19681,0.0814106988771342
CALCE,MICH,0.2,0.0,40,19681,0.08243757518057618
CALCE,MICH,0.1,0.0,40,19681,0.08394201973910463
CALCE,MICH,0.05,0.0,40,19681,0.0863328756046531
CALCE,MICH,0.03,0.0,40,19681,0.08842221100442371
CALCE,MICH,0.02,0.0,40,19681,0.0902856816791401
CALCE,MICH,0.015,0.0,40,19681,0.09194418823191296
CALCE,MICH,0.01,0.0,40,19681,0.09535821986615518
CALCE,MICH,0.005,0.0,40,19681,0.10661431166132034
CALCE,MICH,1.0,0.00025,40,19681,0.08201114292694736
CALCE,MICH,0.5,0.00025,40,19681,0.08257157785975677
CALCE,MICH,0.2,0.00025,40,19681,0.0838008729487398
CALCE,MICH,0.1,0.00025,40,19681,0.08545053485253215
CALCE,MICH,0.05,0.00025,40,19681,0.08783942857621277
CALCE,MICH,0.03,0.00025,40,19681,0.08980329485420388
CALCE,MICH,0.02,0.00025,40,19681,0.0915727693727066
CALCE,MICH,0.015,0.00025,40,19681,0.0931037803825897
CALCE,MICH,0.01,0.00025,40,19681,0.09621338960124103
CALCE,MICH,0.005,0.00025,40,19681,0.10665749151003492
CALCE,MICH,1.0,0.0005,40,19681,0.08278314404999379
CALCE,MICH,0.5,0.0005,40,19681,0.08346946445326056
CALCE,MICH,0.2,0.0005,40,19681,0.08481786847420802
CALCE,MICH,0.1,0.0005,40,19681,0.08648760666244454
CALCE,MICH,0.05,0.0005,40,19681,0.08885347678379804
CALCE,MICH,0.03,0.0005,40,19681,0.090776885811252
CALCE,MICH,0.02,0.0005,40,19681,0.092471411066951
CALCE,MICH,0.015,0.0005,40,19681,0.09392812090055767
CALCE,MICH,0.01,0.0005,40,19681,0.09675596624352294
CALCE,MICH,0.005,0.0005,40,19681,0.10668924956058216
CALCE,MICH,1.0,0.001,40,19681,0.08384685761667875
CALCE,MICH,0.5,0.001,40,19681,0.08460150678952563
CALCE,MICH,0.2,0.001,40,19681,0.08597009084130475
CALCE,MICH,0.1,0.001,40,19681,0.08768890801899117
CALCE,MICH,0.05,0.001,40,19681,0.09005875193113534
CALCE,MICH,0.03,0.001,40,19681,0.0919505831566845
CALCE,MICH,0.02,0.001,40,19681,0.09357452427046717
CALCE,MICH,0.015,0.001,40,19681,0.09489360045226225
CALCE,MICH,0.01,0.001,40,19681,0.09739211543095032
CALCE,MICH,0.005,0.001,40,19681,0.10672987094769859
CALCE,MICH,1.0,0.002,40,19681,0.08494062643871661
CALCE,MICH,0.5,0.002,40,19681,0.08562885428741297
CALCE,MICH,0.2,0.002,40,19681,0.08702597790580709
CALCE,MICH,0.1,0.002,40,19681,0.08876875100473651
CALCE,MICH,0.05,0.002,40,19681,0.09114577635031704
CALCE,MICH,0.03,0.002,40,19681,0.09303834146136913
CALCE,MICH,0.02,0.002,40,19681,0.0945863017954756
CALCE,MICH,0.015,0.002,40,19681,0.0957543323990749
CALCE,MICH,0.01,0.002,40,19681,0.09785771553012645
CALCE,MICH,0.005,0.002,40,19681,0.10676864107017763
CALCE,MICH,1.0,0.005,40,19681,0.08585532583791401
CALCE,MICH,0.5,0.005,40,19681,0.08642518194152318
CALCE,MICH,0.2,0.005,40,19681,0.08775091537120391
CALCE,MICH,0.1,0.005,40,19681,0.08946607175092246
CALCE,MICH,0.05,0.005,40,19681,0.09179299874092267
CALCE,MICH,0.03,0.005,40,19681,0.09363878164250267
CALCE,MICH,0.02,0.005,40,19681,0.09505488483503455
CALCE,MICH,0.015,0.005,40,19681,0.09610080089920824
CALCE,MICH,0.01,0.005,40,19681,0.0980563579321588
CALCE,MICH,0.005,0.005,40,19681,0.1067948149068431
CALCE,MICH_EXP,1.0,0.0,18,6455,0.2025882408167704
CALCE,MICH_EXP,0.5,0.0,18,6455,0.14574270888097784
CALCE,MICH_EXP,0.2,0.0,18,6455,0.10882716247750623
CALCE,MICH_EXP,0.1,0.0,18,6455,0.09883434396558285
CALCE,MICH_EXP,0.05,0.0,18,6455,0.09517395778272722
CALCE,MICH_EXP,0.03,0.0,18,6455,0.09301523119941763
CALCE,MICH_EXP,0.02,0.0,18,6455,0.0910910372062435
CALCE,MICH_EXP,0.015,0.0,18,6455,0.08999623505794085
CALCE,MICH_EXP,0.01,0.0,18,6455,0.08953399754201426
CALCE,MICH_EXP,0.005,0.0,18,6455,0.09224024525498901
CALCE,MICH_EXP,1.0,0.00025,18,6455,0.1944726846936977
CALCE,MICH_EXP,0.5,0.00025,18,6455,0.13789087575987066
CALCE,MICH_EXP,0.2,0.00025,18,6455,0.10302895433642753
CALCE,MICH_EXP,0.1,0.00025,18,6455,0.09684587503325698
CALCE,MICH_EXP,0.05,0.00025,18,6455,0.09436442184143842
CALCE,MICH_EXP,0.03,0.00025,18,6455,0.09251323323122762
CALCE,MICH_EXP,0.02,0.00025,18,6455,0.09077595204355195
CALCE,MICH_EXP,0.015,0.00025,18,6455,0.08976266959185547
CALCE,MICH_EXP,0.01,0.00025,18,6455,0.08933975263361843
CALCE,MICH_EXP,0.005,0.00025,18,6455,0.09192709448190461
CALCE,MICH_EXP,1.0,0.0005,18,6455,0.18681014460952863
CALCE,MICH_EXP,0.5,0.0005,18,6455,0.1294767048360614
CALCE,MICH_EXP,0.2,0.0005,18,6455,0.1004513258600731
CALCE,MICH_EXP,0.1,0.0005,18,6455,0.09612195390161767
CALCE,MICH_EXP,0.05,0.0005,18,6455,0.0939620153040961
CALCE,MICH_EXP,0.03,0.0005,18,6455,0.0922473020323071
CALCE,MICH_EXP,0.02,0.0005,18,6455,0.09057393256584148
CALCE,MICH_EXP,0.015,0.0005,18,6455,0.08954577072719047
CALCE,MICH_EXP,0.01,0.0005,18,6455,0.08909885805298509
CALCE,MICH_EXP,0.005,0.0005,18,6455,0.0916124359573879
CALCE,MICH_EXP,1.0,0.001,18,6455,0.17102381855649815
CALCE,MICH_EXP,0.5,0.001,18,6455,0.11728972955381842
CALCE,MICH_EXP,0.2,0.001,18,6455,0.09856103250338989
CALCE,MICH_EXP,0.1,0.001,18,6455,0.095398379568689
CALCE,MICH_EXP,0.05,0.001,18,6455,0.09352548775319151
CALCE,MICH_EXP,0.03,0.001,18,6455,0.09193692393996285
CALCE,MICH_EXP,0.02,0.001,18,6455,0.09028234421482452
CALCE,MICH_EXP,0.015,0.001,18,6455,0.08918942190732017
CALCE,MICH_EXP,0.01,0.001,18,6455,0.08866232560871812
CALCE,MICH_EXP,0.005,0.001,18,6455,0.09105868750290577
CALCE,MICH_EXP,1.0,0.002,18,6455,0.14483140058293092
CALCE,MICH_EXP,0.5,0.002,18,6455,0.10883906833319046
CALCE,MICH_EXP,0.2,0.002,18,6455,0.0969887807320363
CALCE,MICH_EXP,0.1,0.002,18,6455,0.09477132138344586
CALCE,MICH_EXP,0.05,0.002,18,6455,0.09310627668226236
CALCE,MICH_EXP,0.03,0.002,18,6455,0.09154441174651198
CALCE,MICH_EXP,0.02,0.002,18,6455,0.0897782656166961
CALCE,MICH_EXP,0.015,0.002,18,6455,0.08858449057260027
CALCE,MICH_EXP,0.01,0.002,18,6455,0.08789820924546027
CALCE,MICH_EXP,0.005,0.002,18,6455,0.09007724247586414
CALCE,MICH_EXP,1.0,0.005,18,6455,0.12029261417708409
CALCE,MICH_EXP,0.5,0.005,18,6455,0.1016862207956173
CALCE,MICH_EXP,0.2,0.005,18,6455,0.09554452752409738
CALCE,MICH_EXP,0.1,0.005,18,6455,0.09405044117565461
CALCE,MICH_EXP,0.05,0.005,18,6455,0.09240720522371712
CALCE,MICH_EXP,0.03,0.005,18,6455,0.09059183336016213
CALCE,MICH_EXP,0.02,0.005,18,6455,0.08841954664511034
CALCE,MICH_EXP,0.015,0.005,18,6455,0.08692964577400461
CALCE,MICH_EXP,0.01,0.005,18,6455,0.0858534997466105
CALCE,MICH_EXP,0.005,0.005,18,6455,0.0878430446728442
CALCE,RWTH,1.0,0.0,48,105140,0.15110276224823285
CALCE,RWTH,0.5,0.0,48,105140,0.15124480401278126
CALCE,RWTH,0.2,0.0,48,105140,0.1514281877317496
CALCE,RWTH,0.1,0.0,48,105140,0.15144771845071553
CALCE,RWTH,0.05,0.0,48,105140,0.15126577124910265
CALCE,RWTH,0.03,0.0,48,105140,0.15097559406747543
CALCE,RWTH,0.02,0.0,48,105140,0.15065099449991687
CALCE,RWTH,0.015,0.0,48,105140,0.1503909843879155
CALCE,RWTH,0.01,0.0,48,105140,0.15003072178080407
CALCE,RWTH,0.005,0.0,48,105140,0.1507533173086175
CALCE,RWTH,1.0,0.00025,48,105140,0.15315946617091622
CALCE,RWTH,0.5,0.00025,48,105140,0.15330317751420355
CALCE,RWTH,0.2,0.00025,48,105140,0.15339884111572857
CALCE,RWTH,0.1,0.00025,48,105140,0.1533614981991678
CALCE,RWTH,0.05,0.00025,48,105140,0.15316613105829902
CALCE,RWTH,0.03,0.00025,48,105140,0.15282610429850152
CALCE,RWTH,0.02,0.00025,48,105140,0.15236276844946803
CALCE,RWTH,0.015,0.00025,48,105140,0.15192589578732232
CALCE,RWTH,0.01,0.00025,48,105140,0.15125485239905762
CALCE,RWTH,0.005,0.00025,48,105140,0.1513699541607137
CALCE,RWTH,1.0,0.0005,48,105140,0.15331785291582026
CALCE,RWTH,0.5,0.0005,48,105140,0.153459179613417
CALCE,RWTH,0.2,0.0005,48,105140,0.15358293610659227
CALCE,RWTH,0.1,0.0005,48,105140,0.15358168632247723
CALCE,RWTH,0.05,0.0005,48,105140,0.15341320493845442
CALCE,RWTH,0.03,0.0005,48,105140,0.15307182212147188
CALCE,RWTH,0.02,0.0005,48,105140,0.15259176041458536
CALCE,RWTH,0.015,0.0005,48,105140,0.15213684798138982
CALCE,RWTH,0.01,0.0005,48,105140,0.15143428583451912
CALCE,RWTH,0.005,0.0005,48,105140,0.1514911488609765
CALCE,RWTH,1.0,0.001,48,105140,0.1534578686415693
CALCE,RWTH,0.5,0.001,48,105140,0.15361922934039898
CALCE,RWTH,0.2,0.001,48,105140,0.1537782829669904
CALCE,RWTH,0.1,0.001,48,105140,0.1538001218578459
CALCE,RWTH,0.05,0.001,48,105140,0.15364316440706507
CALCE,RWTH,0.03,0.001,48,105140,0.15329398911818967
CALCE,RWTH,0.02,0.001,48,105140,0.15279770093008307
CALCE,RWTH,0.015,0.001,48,105140,0.15234349376073494
CALCE,RWTH,0.01,0.001,48,105140,0.15163203377895362
CALCE,RWTH,0.005,0.001,48,105140,0.15167862031451543
CALCE,RWTH,1.0,0.002,48,105140,0.15361148584449305
CALCE,RWTH,0.5,0.002,48,105140,0.15379939007840265
CALCE,RWTH,0.2,0.002,48,105140,0.15398278887958433
CALCE,RWTH,0.1,0.002,48,105140,0.15400784457963837
CALCE,RWTH,0.05,0.002,48,105140,0.15384805835331725
CALCE,RWTH,0.03,0.002,48,105140,0.15350413906070562
CALCE,RWTH,0.02,0.002,48,105140,0.15301477097728564
CALCE,RWTH,0.015,0.002,48,105140,0.1525676611148385
CALCE,RWTH,0.01,0.002,48,105140,0.15188537422379841
CALCE,RWTH,0.005,0.002,48,105140,0.15199399103140587
CALCE,RWTH,1.0,0.005,48,105140,0.15384486091842828
CALCE,RWTH,0.5,0.005,48,105140,0.15402827360215599
CALCE,RWTH,0.2,0.005,48,105140,0.15420240587287684
CALCE,RWTH,0.1,0.005,48,105140,0.15423001942939976
CALCE,RWTH,0.05,0.005,48,105140,0.15409659719548272
CALCE,RWTH,0.03,0.005,48,105140,0.15377821246681056
CALCE,RWTH,0.02,0.005,48,105140,0.1533580264045921
CALCE,RWTH,0.015,0.005,48,105140,0.15298358505782114
CALCE,RWTH,0.01,0.005,48,105140,0.15242940560494278
CALCE,RWTH,0.005,0.005,48,105140,0.15273400796420547
CALCE,SDU,1.0,0.0,86,48716,0.09127636771294732
CALCE,SDU,0.5,0.0,86,48716,0.08977505895333274
CALCE,SDU,0.2,0.0,86,48716,0.08800992194505605
CALCE,SDU,0.1,0.0,86,48716,0.08640255391324858
CALCE,SDU,0.05,0.0,86,48716,0.0837053869285873
CALCE,SDU,0.03,0.0,86,48716,0.08065184297079112
CALCE,SDU,0.02,0.0,86,48716,0.07738517693159044
CALCE,SDU,0.015,0.0,86,48716,0.07421986765329536
CALCE,SDU,0.01,0.0,86,48716,0.06834194615178348
CALCE,SDU,0.005,0.0,86,48716,0.05632741596857131
CALCE,SDU,1.0,0.00025,86,48716,0.09012541530625306
CALCE,SDU,0.5,0.00025,86,48716,0.08867491830834262
CALCE,SDU,0.2,0.00025,86,48716,0.08703147082483054
CALCE,SDU,0.1,0.00025,86,48716,0.08562449168378064
CALCE,SDU,0.05,0.00025,86,48716,0.08306958085339491
CALCE,SDU,0.03,0.00025,86,48716,0.08016068827984828
CALCE,SDU,0.02,0.00025,86,48716,0.07699760517006303
CALCE,SDU,0.015,0.00025,86,48716,0.07391309079131295
CALCE,SDU,0.01,0.00025,86,48716,0.06815577689501463
CALCE,SDU,0.005,0.00025,86,48716,0.056397749783178915
CALCE,SDU,1.0,0.0005,86,48716,0.08951258961723303
CALCE,SDU,0.5,0.0005,86,48716,0.08802984607652277
CALCE,SDU,0.2,0.0005,86,48716,0.0865108172960176
CALCE,SDU,0.1,0.0005,86,48716,0.08515320114013551
CALCE,SDU,0.05,0.0005,86,48716,0.08262155135815108
CALCE,SDU,0.03,0.0005,86,48716,0.07978963203027595
CALCE,SDU,0.02,0.0005,86,48716,0.07670160497118075
CALCE,SDU,0.015,0.0005,86,48716,0.07366435130568633
CALCE,SDU,0.01,0.0005,86,48716,0.06798102229008067
CALCE,SDU,0.005,0.0005,86,48716,0.05643230680735754
CALCE,SDU,1.0,0.001,86,48716,0.08874216580920756
CALCE,SDU,0.5,0.001,86,48716,0.08727219881169904
CALCE,SDU,0.2,0.001,86,48716,0.08592786948325166
CALCE,SDU,0.1,0.001,86,48716,0.08453990866961908
CALCE,SDU,0.05,0.001,86,48716,0.0819971630429017
CALCE,SDU,0.03,0.001,86,48716,0.07926717643410876
CALCE,SDU,0.02,0.001,86,48716,0.07624916835699817
CALCE,SDU,0.015,0.001,86,48716,0.07324547870128038
CALCE,SDU,0.01,0.001,86,48716,0.06764568327767069
CALCE,SDU,0.005,0.001,86,48716,0.056441628789702346
CALCE,SDU,1.0,0.002,86,48716,0.0879063074557466
CALCE,SDU,0.5,0.002,86,48716,0.08654437656607582
CALCE,SDU,0.2,0.002,86,48716,0.08531199807081907
CALCE,SDU,0.1,0.002,86,48716,0.08376983665243373
CALCE,SDU,0.05,0.002,86,48716,0.08117828272159497
CALCE,SDU,0.03,0.002,86,48716,0.07853077916847202
CALCE,SDU,0.02,0.002,86,48716,0.0755012110641972
CALCE,SDU,0.015,0.002,86,48716,0.07250109192415122
CALCE,SDU,0.01,0.002,86,48716,0.06713489446542159
CALCE,SDU,0.005,0.002,86,48716,0.05631250347568562
CALCE,SDU,1.0,0.005,86,48716,0.08684491247196521
CALCE,SDU,0.5,0.005,86,48716,0.0857644320681993
CALCE,SDU,0.2,0.005,86,48716,0.08430084994068991
CALCE,SDU,0.1,0.005,86,48716,0.08241075896677093
CALCE,SDU,0.05,0.005,86,48716,0.07994420296816727
CALCE,SDU,0.03,0.005,86,48716,0.07729262525279725
CALCE,SDU,0.02,0.005,86,48716,0.07437358667869944
CALCE,SDU,0.015,0.005,86,48716,0.07170430451180766
CALCE,SDU,0.01,0.005,86,48716,0.06672263239464753
CALCE,SDU,0.005,0.005,86,48716,0.05586259661149319
CALCE,SNL,1.0,0.0,61,96092,0.052744112207152034
CALCE,SNL,0.5,0.0,61,96092,0.052907043256230524
CALCE,SNL,0.2,0.0,61,96092,0.05335019350106471
CALCE,SNL,0.1,0.0,61,96092,0.05405861650546479
CALCE,SNL,0.05,0.0,61,96092,0.05537141256974592
CALCE,SNL,0.03,0.0,61,96092,0.0568433963649175
CALCE,SNL,0.02,0.0,61,96092,0.05849750435780836
CALCE,SNL,0.015,0.0,61,96092,0.06016343892794323
CALCE,SNL,0.01,0.0,61,96092,0.0633133183646789
CALCE,SNL,0.005,0.0,61,96092,0.07045052562162227
CALCE,SNL,1.0,0.00025,61,96092,0.05405903549748459
CALCE,SNL,0.5,0.00025,61,96092,0.054414371570056214
CALCE,SNL,0.2,0.00025,61,96092,0.055090166008466966
CALCE,SNL,0.1,0.00025,61,96092,0.055814775130481296
CALCE,SNL,0.05,0.00025,61,96092,0.057007852352287634
CALCE,SNL,0.03,0.00025,61,96092,0.058369347223083054
CALCE,SNL,0.02,0.00025,61,96092,0.059966219190036425
CALCE,SNL,0.015,0.00025,61,96092,0.06155325348219251
CALCE,SNL,0.01,0.00025,61,96092,0.06447682477412728
CALCE,SNL,0.005,0.00025,61,96092,0.07084033080578521
CALCE,SNL,1.0,0.0005,61,96092,0.05462180571909307
CALCE,SNL,0.5,0.0005,61,96092,0.054961837952130395
CALCE,SNL,0.2,0.0005,61,96092,0.05557167926332064
CALCE,SNL,0.1,0.0005,61,96092,0.05626115199865829
CALCE,SNL,0.05,0.0005,61,96092,0.05741919399665555
CALCE,SNL,0.03,0.0005,61,96092,0.05875665681056218
CALCE,SNL,0.02,0.0005,61,96092,0.060334043777352506
CALCE,SNL,0.015,0.0005,61,96092,0.06191679590140921
CALCE,SNL,0.01,0.0005,61,96092,0.06482538299869225
CALCE,SNL,0.005,0.0005,61,96092,0.07108746779089782
CALCE,SNL,1.0,0.001,61,96092,0.0550524763828493
CALCE,SNL,0.5,0.001,61,96092,0.055368214988485
CALCE,SNL,0.2,0.001,61,96092,0.055926209008981216
CALCE,SNL,0.1,0.001,61,96092,0.05658785468472741
CALCE,SNL,0.05,0.001,61,96092,0.05771779814690623
CALCE,SNL,0.03,0.001,61,96092,0.059057872715127135
CALCE,SNL,0.02,0.001,61,96092,0.06067913472898982
CALCE,SNL,0.015,0.001,61,96092,0.06227701044464433
CALCE,SNL,0.01,0.001,61,96092,0.06518183500494368
CALCE,SNL,0.005,0.001,61,96092,0.07137538551452888
CALCE,SNL,1.0,0.002,61,96092,0.05535629047587034
CALCE,SNL,0.5,0.002,61,96092,0.05564536136260433
CALCE,SNL,0.2,0.002,61,96092,0.05617177171426047
CALCE,SNL,0.1,0.002,61,96092,0.05683063041317062
CALCE,SNL,0.05,0.002,61,96092,0.0579716097726019
CALCE,SNL,0.03,0.002,61,96092,0.059360230817338676
CALCE,SNL,0.02,0.002,61,96092,0.06103773319837309
CALCE,SNL,0.015,0.002,61,96092,0.06266398078939572
CALCE,SNL,0.01,0.002,61,96092,0.06560307628702716
CALCE,SNL,0.005,0.002,61,96092,0.07166918642246373
CALCE,SNL,1.0,0.005,61,96092,0.055577833515166396
CALCE,SNL,0.5,0.005,61,96092,0.05585206029167821
CALCE,SNL,0.2,0.005,61,96092,0.05638699103472142
CALCE,SNL,0.1,0.005,61,96092,0.05708402518803475
CALCE,SNL,0.05,0.005,61,96092,0.05831735218438125
CALCE,SNL,0.03,0.005,61,96092,0.059824063960254546
CALCE,SNL,0.02,0.005,61,96092,0.061618808926451676
CALCE,SNL,0.015,0.005,61,96092,0.06334183943257535
CALCE,SNL,0.01,0.005,61,96092,0.0662770267044565
CALCE,SNL,0.005,0.005,61,96092,0.0720238741207032
CALCE,UL_PUR,1.0,0.0,10,2195,0.036981290727501934
CALCE,UL_PUR,0.5,0.0,10,2195,0.03664586299394762
CALCE,UL_PUR,0.2,0.0,10,2195,0.03607684301743651
CALCE,UL_PUR,0.1,0.0,10,2195,0.035528165973042
CALCE,UL_PUR,0.05,0.0,10,2195,0.03474121021536921
CALCE,UL_PUR,0.03,0.0,10,2195,0.03410064738614186
CALCE,UL_PUR,0.02,0.0,10,2195,0.034273099169498215
CALCE,UL_PUR,0.015,0.0,10,2195,0.0351780833963948
CALCE,UL_PUR,0.01,0.0,10,2195,0.037407504347874564
CALCE,UL_PUR,0.005,0.0,10,2195,0.04238104538583628
CALCE,UL_PUR,1.0,0.00025,10,2195,0.03693543909038543
CALCE,UL_PUR,0.5,0.00025,10,2195,0.03665615709760791
CALCE,UL_PUR,0.2,0.00025,10,2195,0.036241045758365356
CALCE,UL_PUR,0.1,0.00025,10,2195,0.035825929262046856
CALCE,UL_PUR,0.05,0.00025,10,2195,0.035084657546622204
CALCE,UL_PUR,0.03,0.00025,10,2195,0.03432366989309328
CALCE,UL_PUR,0.02,0.00025,10,2195,0.034365522707590544
CALCE,UL_PUR,0.015,0.00025,10,2195,0.035216979239167896
CALCE,UL_PUR,0.01,0.00025,10,2195,0.037398919183392394
CALCE,UL_PUR,0.005,0.00025,10,2195,0.04235798367648714
CALCE,UL_PUR,1.0,0.0005,10,2195,0.03685494116903299
CALCE,UL_PUR,0.5,0.0005,10,2195,0.03660803431091154
CALCE,UL_PUR,0.2,0.0005,10,2195,0.03626606525056347
CALCE,UL_PUR,0.1,0.0005,10,2195,0.035919986225219365
CALCE,UL_PUR,0.05,0.0005,10,2195,0.035228270026212274
CALCE,UL_PUR,0.03,0.0005,10,2195,0.03440295973345282
CALCE,UL_PUR,0.02,0.0005,10,2195,0.034400303478814606
CALCE,UL_PUR,0.015,0.0005,10,2195,0.03522145862419301
CALCE,UL_PUR,0.01,0.0005,10,2195,0.03739072127786214
CALCE,UL_PUR,0.005,0.0005,10,2195,0.042337914979144776
CALCE,UL_PUR,1.0,0.001,10,2195,0.03676466976382836
CALCE,UL_PUR,0.5,0.001,10,2195,0.03653979950950943
CALCE,UL_PUR,0.2,0.001,10,2195,0.03625959453839689
CALCE,UL_PUR,0.1,0.001,10,2195,0.03598914215017103
CALCE,UL_PUR,0.05,0.001,10,2195,0.03531080269127572
CALCE,UL_PUR,0.03,0.001,10,2195,0.03448675543721079
CALCE,UL_PUR,0.02,0.001,10,2195,0.034434547667566075
CALCE,UL_PUR,0.015,0.001,10,2195,0.035219714875645194
CALCE,UL_PUR,0.01,0.001,10,2195,0.03737435354580752
CALCE,UL_PUR,0.005,0.001,10,2195,0.042311805248303934
CALCE,UL_PUR,1.0,0.002,10,2195,0.03665938704771464
CALCE,UL_PUR,0.5,0.002,10,2195,0.036468125937733985
CALCE,UL_PUR,0.2,0.002,10,2195,0.03624903852606336
CALCE,UL_PUR,0.1,0.002,10,2195,0.03601164618744636
CALCE,UL_PUR,0.05,0.002,10,2195,0.03534776632459981
CALCE,UL_PUR,0.03,0.002,10,2195,0.03451242331825273
CALCE,UL_PUR,0.02,0.002,10,2195,0.034431473063604175
CALCE,UL_PUR,0.015,0.002,10,2195,0.03522630810241564
CALCE,UL_PUR,0.01,0.002,10,2195,0.037351504294496816
CALCE,UL_PUR,0.005,0.002,10,2195,0.042283955993066454
CALCE,UL_PUR,1.0,0.005,10,2195,0.03659521094006162
CALCE,UL_PUR,0.5,0.005,10,2195,0.036447193000459954
CALCE,UL_PUR,0.2,0.005,10,2195,0.03623472906938566
CALCE,UL_PUR,0.1,0.005,10,2195,0.03600662702469649
CALCE,UL_PUR,0.05,0.005,10,2195,0.03538818543689856
CALCE,UL_PUR,0.03,0.005,10,2195,0.03452528045550184
CALCE,UL_PUR,0.02,0.005,10,2195,0.03444866067653442
CALCE,UL_PUR,0.015,0.005,10,2195,0.035233674306601986
CALCE,UL_PUR,0.01,0.005,10,2195,0.037337531928653286
CALCE,UL_PUR,0.005,0.005,10,2195,0.042263487223329475
CALCE,XJTU,1.0,0.0,23,6823,0.14663581731478081
CALCE,XJTU,0.5,0.0,23,6823,0.145530298125913
CALCE,XJTU,0.2,0.0,23,6823,0.14317716267788314
CALCE,XJTU,0.1,0.0,23,6823,0.14007255563985513
CALCE,XJTU,0.05,0.0,23,6823,0.1345707882179215
CALCE,XJTU,0.03,0.0,23,6823,0.1280458047742002
CALCE,XJTU,0.02,0.0,23,6823,0.12104215043375839
CALCE,XJTU,0.015,0.0,23,6823,0.11511670549678979
CALCE,XJTU,0.01,0.0,23,6823,0.1059612316352805
CALCE,XJTU,0.005,0.0,23,6823,0.09192463142868003
CALCE,XJTU,1.0,0.00025,23,6823,0.1452767704016768
CALCE,XJTU,0.5,0.00025,23,6823,0.14421343361480987
CALCE,XJTU,0.2,0.00025,23,6823,0.14201725739549287
CALCE,XJTU,0.1,0.00025,23,6823,0.13900782313041632
CALCE,XJTU,0.05,0.00025,23,6823,0.13354936617671156
CALCE,XJTU,0.03,0.00025,23,6823,0.12708442251141536
CALCE,XJTU,0.02,0.00025,23,6823,0.12005447079361038
CALCE,XJTU,0.015,0.00025,23,6823,0.11408024973442914
CALCE,XJTU,0.01,0.00025,23,6823,0.10475524069837884
CALCE,XJTU,0.005,0.00025,23,6823,0.0903481895117935
CALCE,XJTU,1.0,0.0005,23,6823,0.14445676882885525
CALCE,XJTU,0.5,0.0005,23,6823,0.14346571650736398
CALCE,XJTU,0.2,0.0005,23,6823,0.1413732733621069
CALCE,XJTU,0.1,0.0005,23,6823,0.1384254662075632
CALCE,XJTU,0.05,0.0005,23,6823,0.13302665603990257
CALCE,XJTU,0.03,0.0005,23,6823,0.12657246594208313
CALCE,XJTU,0.02,0.0005,23,6823,0.11952172286923743
CALCE,XJTU,0.015,0.0005,23,6823,0.11353319659655754
CALCE,XJTU,0.01,0.0005,23,6823,0.10414655283681898
CALCE,XJTU,0.005,0.0005,23,6823,0.08956444526458932
CALCE,XJTU,1.0,0.001,23,6823,0.14369551673462644
CALCE,XJTU,0.5,0.001,23,6823,0.14276694568788126
CALCE,XJTU,0.2,0.001,23,6823,0.14076360451635073
CALCE,XJTU,0.1,0.001,23,6823,0.13786035301806784
CALCE,XJTU,0.05,0.001,23,6823,0.1324994224566414
CALCE,XJTU,0.03,0.001,23,6823,0.1260637051134821
CALCE,XJTU,0.02,0.001,23,6823,0.11900560056574559
CALCE,XJTU,0.015,0.001,23,6823,0.11301820997180602
CALCE,XJTU,0.01,0.001,23,6823,0.10359147556020792
CALCE,XJTU,0.005,0.001,23,6823,0.08887869407975015
CALCE,XJTU,1.0,0.002,23,6823,0.1431364217477647
CALCE,XJTU,0.5,0.002,23,6823,0.1422608295715123
CALCE,XJTU,0.2,0.002,23,6823,0.1403096298912589
CALCE,XJTU,0.1,0.002,23,6823,0.13746099266558587
CALCE,XJTU,0.05,0.002,23,6823,0.1321467326194999
CALCE,XJTU,0.03,0.002,23,6823,0.12574304108552492
CALCE,XJTU,0.02,0.002,23,6823,0.11871760566002118
CALCE,XJTU,0.015,0.002,23,6823,0.11275826338308485
CALCE,XJTU,0.01,0.002,23,6823,0.10332238208241117
CALCE,XJTU,0.005,0.002,23,6823,0.08852836253937502
CALCE,XJTU,1.0,0.005,23,6823,0.14277386541828122
CALCE,XJTU,0.5,0.005,23,6823,0.1419438663331682
CALCE,XJTU,0.2,0.005,23,6823,0.1400340531025318
CALCE,XJTU,0.1,0.005,23,6823,0.1371942236951997
CALCE,XJTU,0.05,0.005,23,6823,0.13189327672860102
CALCE,XJTU,0.03,0.005,23,6823,0.1254880228926418
CALCE,XJTU,0.02,0.005,23,6823,0.11844052413199987
CALCE,XJTU,0.015,0.005,23,6823,0.11244663698590678
CALCE,XJTU,0.01,0.005,23,6823,0.10293640235072025
CALCE,XJTU,0.005,0.005,23,6823,0.08798370550974863
HNEI,CALB,1.0,0.0,27,2629,0.06308234165612693
HNEI,CALB,0.5,0.0,27,2629,0.06222650328628956
HNEI,CALB,0.2,0.0,27,2629,0.060909324976160764
HNEI,CALB,0.1,0.0,27,2629,0.05926216109314017
HNEI,CALB,0.05,0.0,27,2629,0.056775178529252894
HNEI,CALB,0.03,0.0,27,2629,0.05448703499351076
HNEI,CALB,0.02,0.0,27,2629,0.05263348570607129
HNEI,CALB,0.015,0.0,27,2629,0.05141090069305356
HNEI,CALB,0.01,0.0,27,2629,0.04991809932755637
HNEI,CALB,0.005,0.0,27,2629,0.04820487519860605
HNEI,CALB,1.0,0.00025,27,2629,0.061735952266199295
HNEI,CALB,0.5,0.00025,27,2629,0.06098288333814913
HNEI,CALB,0.2,0.00025,27,2629,0.05965693018370611
HNEI,CALB,0.1,0.00025,27,2629,0.057906906951050434
HNEI,CALB,0.05,0.00025,27,2629,0.055196309299541425
HNEI,CALB,0.03,0.00025,27,2629,0.05271308879804284
HNEI,CALB,0.02,0.00025,27,2629,0.05069514864352048
HNEI,CALB,0.015,0.00025,27,2629,0.049360941667739626
HNEI,CALB,0.01,0.00025,27,2629,0.04772654156273149
HNEI,CALB,0.005,0.00025,27,2629,0.0458261624581681
HNEI,CALB,1.0,0.0005,27,2629,0.06112878016161662
HNEI,CALB,0.5,0.0005,27,2629,0.060445101026293975
HNEI,CALB,0.2,0.0005,27,2629,0.05909275233720789
HNEI,CALB,0.1,0.0005,27,2629,0.05729469281770934
HNEI,CALB,0.05,0.0005,27,2629,0.05446726795422831
HNEI,CALB,0.03,0.0005,27,2629,0.05185261247480608
HNEI,CALB,0.02,0.0005,27,2629,0.049720930618814
HNEI,CALB,0.015,0.0005,27,2629,0.04831414464784448
HNEI,CALB,0.01,0.0005,27,2629,0.04659016708813336
HNEI,CALB,0.005,0.0005,27,2629,0.04457445697233972
HNEI,CALB,1.0,0.001,27,2629,0.06063019406101581
HNEI,CALB,0.5,0.001,27,2629,0.0599953710049646
HNEI,CALB,0.2,0.001,27,2629,0.058627390975632125
HNEI,CALB,0.1,0.001,27,2629,0.0567949637571903
HNEI,CALB,0.05,0.001,27,2629,0.05389098947174516
HNEI,CALB,0.03,0.001,27,2629,0.05116668235084932
HNEI,CALB,0.02,0.001,27,2629,0.04894043086586941
HNEI,CALB,0.015,0.001,27,2629,0.04746170636202535
HNEI,CALB,0.01,0.001,27,2629,0.04565753301462695
HNEI,CALB,0.005,0.001,27,2629,0.04352877698147687
HNEI,CALB,1.0,0.002,27,2629,0.06032317234028001
HNEI,CALB,0.5,0.002,27,2629,0.05969870221472435
HNEI,CALB,0.2,0.002,27,2629,0.058333061182381414
HNEI,CALB,0.1,0.002,27,2629,0.056461228486568246
HNEI,CALB,0.05,0.002,27,2629,0.05348863132597681
HNEI,CALB,0.03,0.002,27,2629,0.05069230572651447
HNEI,CALB,0.02,0.002,27,2629,0.04841046663691225
HNEI,CALB,0.015,0.002,27,2629,0.04690562271057262
HNEI,CALB,0.01,0.002,27,2629,0.04504944502923398
HNEI,CALB,0.005,0.002,27,2629,0.042847849586733815
HNEI,CALB,1.0,0.005,27,2629,0.060126844820958175
HNEI,CALB,0.5,0.005,27,2629,0.059530762264189276
HNEI,CALB,0.2,0.005,27,2629,0.058149028103501144
HNEI,CALB,0.1,0.005,27,2629,0.05624400405228824
HNEI,CALB,0.05,0.005,27,2629,0.053243475853499644
HNEI,CALB,0.03,0.005,27,2629,0.05041343977687635
HNEI,CALB,0.02,0.005,27,2629,0.04809941881451736
HNEI,CALB,0.015,0.005,27,2629,0.04655658909164302
HNEI,CALB,0.01,0.005,27,2629,0.04464084686520877
HNEI,CALB,0.005,0.005,27,2629,0.04236855193755399
HNEI,CALCE,1.0,0.0,13,14233,0.5226174340404666
HNEI,CALCE,0.5,0.0,13,14233,0.37551167552863646
HNEI,CALCE,0.2,0.0,13,14233,0.21902660030556534
HNEI,CALCE,0.1,0.0,13,14233,0.1632776011072991
HNEI,CALCE,0.05,0.0,13,14233,0.13774261226605902
HNEI,CALCE,0.03,0.0,13,14233,0.1241853020928835
HNEI,CALCE,0.02,0.0,13,14233,0.11440683831027577
HNEI,CALCE,0.015,0.0,13,14233,0.10719965500205189
HNEI,CALCE,0.01,0.0,13,14233,0.09606108738985501
HNEI,CALCE,0.005,0.0,13,14233,0.07329762541573834
HNEI,CALCE,1.0,0.00025,13,14233,0.4574067490835094
HNEI,CALCE,0.5,0.00025,13,14233,0.3244336276910803
HNEI,CALCE,0.2,0.00025,13,14233,0.18694017972518598
HNEI,CALCE,0.1,0.00025,13,14233,0.1470995053727021
HNEI,CALCE,0.05,0.00025,13,14233,0.1284171412427183
HNEI,CALCE,0.03,0.00025,13,14233,0.11817766006884015
HNEI,CALCE,0.02,0.00025,13,14233,0.10988128655485657
HNEI,CALCE,0.015,0.00025,13,14233,0.1034481811382508
HNEI,CALCE,0.01,0.00025,13,14233,0.09321681698106819
HNEI,CALCE,0.005,0.00025,13,14233,0.07145602450723858
HNEI,CALCE,1.0,0.0005,13,14233,0.41781667339616885
HNEI,CALCE,0.5,0.0005,13,14233,0.29151983664159814
HNEI,CALCE,0.2,0.0005,13,14233,0.17042504649940454
HNEI,CALCE,0.1,0.0005,13,14233,0.13996928725905475
HNEI,CALCE,0.05,0.0005,13,14233,0.12492347627713324
HNEI,CALCE,0.03,0.0005,13,14233,0.11594170906161125
HNEI,CALCE,0.02,0.0005,13,14233,0.10827261841574899
HNEI,CALCE,0.015,0.0005,13,14233,0.10206019157999287
HNEI,CALCE,0.01,0.0005,13,14233,0.09202782870739071
HNEI,CALCE,0.005,0.0005,13,14233,0.07048967044987989
HNEI,CALCE,1.0,0.001,13,14233,0.36991460383563574
HNEI,CALCE,0.5,0.001,13,14233,0.24423033919687778
HNEI,CALCE,0.2,0.001,13,14233,0.15465158513448596
HNEI,CALCE,0.1,0.001,13,14233,0.1334461703184172
HNEI,CALCE,0.05,0.001,13,14233,0.1217858732685492
HNEI,CALCE,0.03,0.001,13,14233,0.11391215997377936
HNEI,CALCE,0.02,0.001,13,14233,0.10668367201920088
HNEI,CALCE,0.015,0.001,13,14233,0.10060708793475309
HNEI,CALCE,0.01,0.001,13,14233,0.09069109855217612
HNEI,CALCE,0.005,0.001,13,14233,0.06961527713452756
HNEI,CALCE,1.0,0.002,13,14233,0.3113491468014105
HNEI,CALCE,0.5,0.002,13,14233,0.19891468281830885
HNEI,CALCE,0.2,0.002,13,14233,0.1426207480998705
HNEI,CALCE,0.1,0.002,13,14233,0.12821472688513144
HNEI,CALCE,0.05,0.002,13,14233,0.11928011767024002
HNEI,CALCE,0.03,0.002,13,14233,0.11229195140432714
HNEI,CALCE,0.02,0.002,13,14233,0.10537388304047036
HNEI,CALCE,0.015,0.002,13,14233,0.09941077514278954
HNEI,CALCE,0.01,0.002,13,14233,0.08967629096965474
HNEI,CALCE,0.005,0.002,13,14233,0.06896474909356685
HNEI,CALCE,1.0,0.005,13,14233,0.2275013178401171
HNEI,CALCE,0.5,0.005,13,14233,0.16117557999722293
HNEI,CALCE,0.2,0.005,13,14233,0.13227857839147358
HNEI,CALCE,0.1,0.005,13,14233,0.12401116533643806
HNEI,CALCE,0.05,0.005,13,14233,0.1172291302238837
HNEI,CALCE,0.03,0.005,13,14233,0.1110179453244955
HNEI,CALCE,0.02,0.005,13,14233,0.10430487500326772
HNEI,CALCE,0.015,0.005,13,14233,0.0984327223906685
HNEI,CALCE,0.01,0.005,13,14233,0.08892508225632914
HNEI,CALCE,0.005,0.005,13,14233,0.06845428616870286
HNEI,HUST,1.0,0.0,77,145735,0.03078571676049283
HNEI,HUST,0.5,0.0,77,145735,0.030752444428027555
HNEI,HUST,0.2,0.0,77,145735,0.030712552816876126
HNEI,HUST,0.1,0.0,77,145735,0.03067725566942883
HNEI,HUST,0.05,0.0,77,145735,0.030629354471094574
HNEI,HUST,0.03,0.0,77,145735,0.030566475181407052
HNEI,HUST,0.02,0.0,77,145735,0.03047965076845653
HNEI,HUST,0.015,0.0,77,145735,0.030370116816205578
HNEI,HUST,0.01,0.0,77,145735,0.030120764990757807
HNEI,HUST,0.005,0.0,77,145735,0.029645447765062928
HNEI,HUST,1.0,0.00025,77,145735,0.03184806135213817
HNEI,HUST,0.5,0.00025,77,145735,0.03185604933276505
HNEI,HUST,0.2,0.00025,77,145735,0.031856929727549214
HNEI,HUST,0.1,0.00025,77,145735,0.031834493803996
HNEI,HUST,0.05,0.00025,77,145735,0.03176709005334191
HNEI,HUST,0.03,0.00025,77,145735,0.031660947700794174
HNEI,HUST,0.02,0.00025,77,145735,0.03149883615573994
HNEI,HUST,0.015,0.00025,77,145735,0.03132121398201335
HNEI,HUST,0.01,0.00025,77,145735,0.030924106077404513
HNEI,HUST,0.005,0.00025,77,145735,0.03008239084142497
HNEI,HUST,1.0,0.0005,77,145735,0.03203739363785275
HNEI,HUST,0.5,0.0005,77,145735,0.03206027888514343
HNEI,HUST,0.2,0.0005,77,145735,0.032073339006896205
HNEI,HUST,0.1,0.0005,77,145735,0.03205308558602936
HNEI,HUST,0.05,0.0005,77,145735,0.03198144994777489
HNEI,HUST,0.03,0.0005,77,145735,0.031865844985824655
HNEI,HUST,0.02,0.0005,77,145735,0.03169091388923315
HNEI,HUST,0.015,0.0005,77,145735,0.031492243771202987
HNEI,HUST,0.01,0.0005,77,145735,0.031049891367638364
HNEI,HUST,0.005,0.0005,77,145735,0.030145665170430224
HNEI,HUST,1.0,0.001,77,145735,0.032145465969265485
HNEI,HUST,0.5,0.001,77,145735,0.03217818887191526
HNEI,HUST,0.2,0.001,77,145735,0.03219070607393058
HNEI,HUST,0.1,0.001,77,145735,0.03216244656674015
HNEI,HUST,0.05,0.001,77,145735,0.03208253404541936
HNEI,HUST,0.03,0.001,77,145735,0.03195620245743909
HNEI,HUST,0.02,0.001,77,145735,0.03176655344321843
HNEI,HUST,0.015,0.001,77,145735,0.031554898684528356
HNEI,HUST,0.01,0.001,77,145735,0.031101105195573884
HNEI,HUST,0.005,0.001,77,145735,0.030180499986246695
HNEI,HUST,1.0,0.002,77,145735,0.03220568427735768
HNEI,HUST,0.5,0.002,77,145735,0.03223918015672844
HNEI,HUST,0.2,0.002,77,145735,0.032242937975623616
HNEI,HUST,0.1,0.002,77,145735,0.03220861440017819
HNEI,HUST,0.05,0.002,77,145735,0.03212426310335013
HNEI,HUST,0.03,0.002,77,145735,0.03199411330059717
HNEI,HUST,0.02,0.002,77,145735,0.031800983190591096
HNEI,HUST,0.015,0.002,77,145735,0.03158662383336342
HNEI,HUST,0.01,0.002,77,145735,0.031127886644932504
HNEI,HUST,0.005,0.002,77,145735,0.030202399036988865
HNEI,HUST,1.0,0.005,77,145735,0.03225733275803699
HNEI,HUST,0.5,0.005,77,145735,0.03227906419482633
HNEI,HUST,0.2,0.005,77,145735,0.032272287276840735
HNEI,HUST,0.1,0.005,77,145735,0.03223467338979165
HNEI,HUST,0.05,0.005,77,145735,0.03214742501709139
HNEI,HUST,0.03,0.005,77,145735,0.03201484905737255
HNEI,HUST,0.02,0.005,77,145735,0.031820502432878234
HNEI,HUST,0.015,0.005,77,145735,0.031603706048823836
HNEI,HUST,0.01,0.005,77,145735,0.031142999448032616
HNEI,HUST,0.005,0.005,77,145735,0.030213344079660816
HNEI,MATR,1.0,0.0,169,139148,0.06256751000611116
HNEI,MATR,0.5,0.0,169,139148,0.06105220265694998
HNEI,MATR,0.2,0.0,169,139148,0.05920175082694217
HNEI,MATR,0.1,0.0,169,139148,0.057697313977715076
HNEI,MATR,0.05,0.0,169,139148,0.05606614018920951
HNEI,MATR,0.03,0.0,169,139148,0.05468047425701685
HNEI,MATR,0.02,0.0,169,139148,0.05332804391427418
HNEI,MATR,0.015,0.0,169,139148,0.05216819148095311
HNEI,MATR,0.01,0.0,169,139148,0.05019080507230521
HNEI,MATR,0.005,0.0,169,139148,0.04603939393239656
HNEI,MATR,1.0,0.00025,169,139148,0.059206842961397596
HNEI,MATR,0.5,0.00025,169,139148,0.05769603255070088
HNEI,MATR,0.2,0.00025,169,139148,0.055927280951600794
HNEI,MATR,0.1,0.00025,169,139148,0.05471419879702693
HNEI,MATR,0.05,0.00025,169,139148,0.053494499873494125
HNEI,MATR,0.03,0.00025,169,139148,0.05243665618378669
HNEI,MATR,0.02,0.00025,169,139148,0.051332577436918436
HNEI,MATR,0.015,0.00025,169,139148,0.050338861955452924
HNEI,MATR,0.01,0.00025,169,139148,0.048532303080419885
HNEI,MATR,0.005,0.00025,169,139148,0.04445613230473205
HNEI,MATR,1.0,0.0005,169,139148,0.05786910559444783
HNEI,MATR,0.5,0.0005,169,139148,0.056372627171347695
HNEI,MATR,0.2,0.0005,169,139148,0.05474717051798802
HNEI,MATR,0.1,0.0005,169,139148,0.053660863508574616
HNEI,MATR,0.05,0.0005,169,139148,0.05257129017839474
HNEI,MATR,0.03,0.0005,169,139148,0.051591204380925265
HNEI,MATR,0.02,0.0005,169,139148,0.05055151670359674
HNEI,MATR,0.015,0.0005,169,139148,0.04961956970596756
HNEI,MATR,0.01,0.0005,169,139148,0.04788469055836605
HNEI,MATR,0.005,0.0005,169,139148,0.04384763380634502
HNEI,MATR,1.0,0.001,169,139148,0.05643832573249312
HNEI,MATR,0.5,0.001,169,139148,0.055025133794355634
HNEI,MATR,0.2,0.001,169,139148,0.05356468695477656
HNEI,MATR,0.1,0.001,169,139148,0.05261415540049835
HNEI,MATR,0.05,0.001,169,139148,0.05161269291176726
HNEI,MATR,0.03,0.001,169,139148,0.050686260147407354
HNEI,MATR,0.02,0.001,169,139148,0.04973248928683752
HNEI,MATR,0.015,0.001,169,139148,0.04887231476563103
HNEI,MATR,0.01,0.001,169,139148,0.047202864530623896
HNEI,MATR,0.005,0.001,169,139148,0.0432065827279413
HNEI,MATR,1.0,0.002,169,139148,0.05505065466120776
HNEI,MATR,0.5,0.002,169,139148,0.053748667105660966
HNEI,MATR,0.2,0.002,169,139148,0.05247312413285098
HNEI,MATR,0.1,0.002,169,139148,0.05160720390051953
HNEI,MATR,0.05,0.002,169,139148,0.05065858900419163
HNEI,MATR,0.03,0.002,169,139148,0.049818559456696124
HNEI,MATR,0.02,0.002,169,139148,0.04896217804605514
HNEI,MATR,0.015,0.002,169,139148,0.04814115619843772
HNEI,MATR,0.01,0.002,169,139148,0.04650541700081894
HNEI,MATR,0.005,0.002,169,139148,0.04256055261803161
HNEI,MATR,1.0,0.005,169,139148,0.05348745199262311
HNEI,MATR,0.5,0.005,169,139148,0.052394150808931436
HNEI,MATR,0.2,0.005,169,139148,0.05129501099116439
HNEI,MATR,0.1,0.005,169,139148,0.050502578226756314
HNEI,MATR,0.05,0.005,169,139148,0.049655215417907496
HNEI,MATR,0.03,0.005,169,139148,0.04889685641395733
HNEI,MATR,0.02,0.005,169,139148,0.048070192252200696
HNEI,MATR,0.015,0.005,169,139148,0.047273524917485536
HNEI,MATR,0.01,0.005,169,139148,0.045679682186199645
HNEI,MATR,0.005,0.005,169,139148,0.04182673955116494
HNEI,MICH,1.0,0.0,40,19681,0.07634480085635213
HNEI,MICH,0.5,0.0,40,19681,0.07686838631105544
HNEI,MICH,0.2,0.0,40,19681,0.0784103475170598
HNEI,MICH,0.1,0.0,40,19681,0.08064154568386568
HNEI,MICH,0.05,0.0,40,19681,0.08381786939548844
HNEI,MICH,0.03,0.0,40,19681,0.08656549289291623
HNEI,MICH,0.02,0.0,40,19681,0.0889117113061699
HNEI,MICH,0.015,0.0,40,19681,0.09084331557421257
HNEI,MICH,0.01,0.0,40,19681,0.09461011747864974
HNEI,MICH,0.005,0.0,40,19681,0.10739233500286871
HNEI,MICH,1.0,0.00025,40,19681,0.07678258884619633
HNEI,MICH,0.5,0.00025,40,19681,0.07739592955642506
HNEI,MICH,0.2,0.00025,40,19681,0.07906080360753079
HNEI,MICH,0.1,0.00025,40,19681,0.08136569294310433
HNEI,MICH,0.05,0.00025,40,19681,0.08455414699681124
HNEI,MICH,0.03,0.00025,40,19681,0.08725461650096746
HNEI,MICH,0.02,0.00025,40,19681,0.08939394695717377
HNEI,MICH,0.015,0.00025,40,19681,0.09114424158374437
HNEI,MICH,0.01,0.00025,40,19681,0.09456749504450888
HNEI,MICH,0.005,0.00025,40,19681,0.10729378995759568
HNEI,MICH,1.0,0.0005,40,19681,0.07705970262608516
HNEI,MICH,0.5,0.0005,40,19681,0.07771325680878115
HNEI,MICH,0.2,0.0005,40,19681,0.07942250384371162
HNEI,MICH,0.1,0.0005,40,19681,0.0817610271278698
HNEI,MICH,0.05,0.0005,40,19681,0.08497320311095968
HNEI,MICH,0.03,0.0005,40,19681,0.08762709787575958
HNEI,MICH,0.02,0.0005,40,19681,0.0896850388409702
HNEI,MICH,0.015,0.0005,40,19681,0.09133668797952008
HNEI,MICH,0.01,0.0005,40,19681,0.09457720351628376
HNEI,MICH,0.005,0.0005,40,19681,0.10727865509221637
HNEI,MICH,1.0,0.001,40,19681,0.07741620093806818
HNEI,MICH,0.5,0.001,40,19681,0.07807225468859694
HNEI,MICH,0.2,0.001,40,19681,0.0798063617231452
HNEI,MICH,0.1,0.001,40,19681,0.08217066675404831
HNEI,MICH,0.05,0.001,40,19681,0.08539723000239263
HNEI,MICH,0.03,0.001,40,19681,0.0880196890549457
HNEI,MICH,0.02,0.001,40,19681,0.08998048378608933
HNEI,MICH,0.015,0.001,40,19681,0.09154037766847277
HNEI,MICH,0.01,0.001,40,19681,0.09460490573955316
HNEI,MICH,0.005,0.001,40,19681,0.10727135013821276
HNEI,MICH,1.0,0.002,40,19681,0.07771594230190695
HNEI,MICH,0.5,0.002,40,19681,0.07836564331114726
HNEI,MICH,0.2,0.002,40,19681,0.0801000764929568
HNEI,MICH,0.1,0.002,40,19681,0.08245921571642253
HNEI,MICH,0.05,0.002,40,19681,0.08569841232870921
HNEI,MICH,0.03,0.002,40,19681,0.0883056109586122
HNEI,MICH,0.02,0.002,40,19681,0.09021504734160016
HNEI,MICH,0.015,0.002,40,19681,0.09168631388392802
HNEI,MICH,0.01,0.002,40,19681,0.0946368277966467
HNEI,MICH,0.005,0.002,40,19681,0.10727666102867435
HNEI,MICH,1.0,0.005,40,19681,0.07795174910183446
HNEI,MICH,0.5,0.005,40,19681,0.07858496768147206
HNEI,MICH,0.2,0.005,40,19681,0.08030582231247549
HNEI,MICH,0.1,0.005,40,19681,0.08265330351239522
HNEI,MICH,0.05,0.005,40,19681,0.08589934930360107
HNEI,MICH,0.03,0.005,40,19681,0.08848760973336443
HNEI,MICH,0.02,0.005,40,19681,0.09035972518120956
HNEI,MICH,0.015,0.005,40,19681,0.09178307341287645
HNEI,MICH,0.01,0.005,40,19681,0.09467614297839141
HNEI,MICH,0.005,0.005,40,19681,0.10729702820171845
HNEI,MICH_EXP,1.0,0.0,18,6455,0.2216674624251388
HNEI,MICH_EXP,0.5,0.0,18,6455,0.15688012927252573
HNEI,MICH_EXP,0.2,0.0,18,6455,0.11501427126876644
HNEI,MICH_EXP,0.1,0.0,18,6455,0.10324889503553464
HNEI,MICH_EXP,0.05,0.0,18,6455,0.09900801178523806
HNEI,MICH_EXP,0.03,0.0,18,6455,0.09655459852970366
HNEI,MICH_EXP,0.02,0.0,18,6455,0.09429482005426863
HNEI,MICH_EXP,0.015,0.0,18,6455,0.09263034716762074
HNEI,MICH_EXP,0.01,0.0,18,6455,0.09133114548973498
HNEI,MICH_EXP,0.005,0.0,18,6455,0.09261133438928283
HNEI,MICH_EXP,1.0,0.00025,18,6455,0.2133437287074324
HNEI,MICH_EXP,0.5,0.00025,18,6455,0.1492248336328816
HNEI,MICH_EXP,0.2,0.00025,18,6455,0.10872359487084372
HNEI,MICH_EXP,0.1,0.00025,18,6455,0.10065565476310095
HNEI,MICH_EXP,0.05,0.00025,18,6455,0.0975474211251289
HNEI,MICH_EXP,0.03,0.00025,18,6455,0.09546185584720407
HNEI,MICH_EXP,0.02,0.00025,18,6455,0.09354659665528173
HNEI,MICH_EXP,0.015,0.00025,18,6455,0.0922020763207061
HNEI,MICH_EXP,0.01,0.00025,18,6455,0.091257274145351
HNEI,MICH_EXP,0.005,0.00025,18,6455,0.09254708670035239
HNEI,MICH_EXP,1.0,0.0005,18,6455,0.20561420210030007
HNEI,MICH_EXP,0.5,0.0005,18,6455,0.1407697829506473
HNEI,MICH_EXP,0.2,0.0005,18,6455,0.10521859179430498
HNEI,MICH_EXP,0.1,0.0005,18,6455,0.09953773327520357
HNEI,MICH_EXP,0.05,0.0005,18,6455,0.0970215297509733
HNEI,MICH_EXP,0.03,0.0005,18,6455,0.0951838441173902
HNEI,MICH_EXP,0.02,0.0005,18,6455,0.09333156386284368
HNEI,MICH_EXP,0.015,0.0005,18,6455,0.09200111126367111
HNEI,MICH_EXP,0.01,0.0005,18,6455,0.09106454494416787
HNEI,MICH_EXP,0.005,0.0005,18,6455,0.09229533402539752
HNEI,MICH_EXP,1.0,0.001,18,6455,0.18964834888666324
HNEI,MICH_EXP,0.5,0.001,18,6455,0.12657722297079949
HNEI,MICH_EXP,0.2,0.001,18,6455,0.10268227988825171
HNEI,MICH_EXP,0.1,0.001,18,6455,0.09868237319084243
HNEI,MICH_EXP,0.05,0.001,18,6455,0.09660792184642306
HNEI,MICH_EXP,0.03,0.001,18,6455,0.09489683021515333
HNEI,MICH_EXP,0.02,0.001,18,6455,0.0930283775191326
HNEI,MICH_EXP,0.015,0.001,18,6455,0.09166032974136472
HNEI,MICH_EXP,0.01,0.001,18,6455,0.09064679225913688
HNEI,MICH_EXP,0.005,0.001,18,6455,0.0917592564875849
HNEI,MICH_EXP,1.0,0.002,18,6455,0.16046535265507558
HNEI,MICH_EXP,0.5,0.002,18,6455,0.11544726449428176
HNEI,MICH_EXP,0.2,0.002,18,6455,0.10076337834844831
HNEI,MICH_EXP,0.1,0.002,18,6455,0.09800069443902808
HNEI,MICH_EXP,0.05,0.002,18,6455,0.09620947004901127
HNEI,MICH_EXP,0.03,0.002,18,6455,0.09453198515636492
HNEI,MICH_EXP,0.02,0.002,18,6455,0.09255077787700537
HNEI,MICH_EXP,0.015,0.002,18,6455,0.09107462586561789
HNEI,MICH_EXP,0.01,0.002,18,6455,0.08987131221175021
HNEI,MICH_EXP,0.005,0.002,18,6455,0.09076231895129197
HNEI,MICH_EXP,1.0,0.005,18,6455,0.13024870751294915
HNEI,MICH_EXP,0.5,0.005,18,6455,0.10674521062319381
HNEI,MICH_EXP,0.2,0.005,18,6455,0.09901382296445366
HNEI,MICH_EXP,0.1,0.005,18,6455,0.09724227442279093
HNEI,MICH_EXP,0.05,0.005,18,6455,0.09552539119321989
HNEI,MICH_EXP,0.03,0.005,18,6455,0.09361343653082912
HNEI,MICH_EXP,0.02,0.005,18,6455,0.09123143054086226
HNEI,MICH_EXP,0.015,0.005,18,6455,0.08939476119388544
HNEI,MICH_EXP,0.01,0.005,18,6455,0.08770083779782474
HNEI,MICH_EXP,0.005,0.005,18,6455,0.08824611364028083
HNEI,RWTH,1.0,0.0,48,105140,0.1685674685257331
HNEI,RWTH,0.5,0.0,48,105140,0.1682035585307093
HNEI,RWTH,0.2,0.0,48,105140,0.16759327840078087
HNEI,RWTH,0.1,0.0,48,105140,0.16694080594095898
HNEI,RWTH,0.05,0.0,48,105140,0.16589811041802785
HNEI,RWTH,0.03,0.0,48,105140,0.16461624396885605
HNEI,RWTH,0.02,0.0,48,105140,0.16307915908876028
HNEI,RWTH,0.015,0.0,48,105140,0.16155937256106212
HNEI,RWTH,0.01,0.0,48,105140,0.15853698445789513
HNEI,RWTH,0.005,0.0,48,105140,0.15037401953702126
HNEI,RWTH,1.0,0.00025,48,105140,0.169581358162695
HNEI,RWTH,0.5,0.00025,48,105140,0.16919726439353788
HNEI,RWTH,0.2,0.00025,48,105140,0.1686723282371891
HNEI,RWTH,0.1,0.00025,48,105140,0.16808392107778677
HNEI,RWTH,0.05,0.00025,48,105140,0.16706281188141844
HNEI,RWTH,0.03,0.00025,48,105140,0.16576194924153057
HNEI,RWTH,0.02,0.00025,48,105140,0.1641366775767947
HNEI,RWTH,0.015,0.00025,48,105140,0.16250311896112932
HNEI,RWTH,0.01,0.00025,48,105140,0.1592906506515137
HNEI,RWTH,0.005,0.00025,48,105140,0.15069958731571229
HNEI,RWTH,1.0,0.0005,48,105140,0.16947607371902806
HNEI,RWTH,0.5,0.0005,48,105140,0.16912499917915266
HNEI,RWTH,0.2,0.0005,48,105140,0.16862870408344452
HNEI,RWTH,0.1,0.0005,48,105140,0.16804550475257082
HNEI,RWTH,0.05,0.0005,48,105140,0.16705311565237504
HNEI,RWTH,0.03,0.0005,48,105140,0.16578370908576437
HNEI,RWTH,0.02,0.0005,48,105140,0.16417495848173494
HNEI,RWTH,0.015,0.0005,48,105140,0.16255976936253613
HNEI,RWTH,0.01,0.0005,48,105140,0.15937430468962963
HNEI,RWTH,0.005,0.0005,48,105140,0.15077469649513356
HNEI,RWTH,1.0,0.001,48,105140,0.16934420999285962
HNEI,RWTH,0.5,0.001,48,105140,0.16902023218673193
HNEI,RWTH,0.2,0.001,48,105140,0.16853256737838918
HNEI,RWTH,0.1,0.001,48,105140,0.16797792139625525
HNEI,RWTH,0.05,0.001,48,105140,0.1670449036339787
HNEI,RWTH,0.03,0.001,48,105140,0.16581255672673348
HNEI,RWTH,0.02,0.001,48,105140,0.1642314993571945
HNEI,RWTH,0.015,0.001,48,105140,0.16263574228050673
HNEI,RWTH,0.01,0.001,48,105140,0.15947450316662512
HNEI,RWTH,0.005,0.001,48,105140,0.15088948807611555
HNEI,RWTH,1.0,0.002,48,105140,0.1692052343431697
HNEI,RWTH,0.5,0.002,48,105140,0.1688964200824524
HNEI,RWTH,0.2,0.002,48,105140,0.1684298513227461
HNEI,RWTH,0.1,0.002,48,105140,0.16793192701718007
HNEI,RWTH,0.05,0.002,48,105140,0.167053342393134
HNEI,RWTH,0.03,0.002,48,105140,0.1658647384236955
HNEI,RWTH,0.02,0.002,48,105140,0.1643139329362673
HNEI,RWTH,0.015,0.002,48,105140,0.16274464914102357
HNEI,RWTH,0.01,0.002,48,105140,0.1596250958211465
HNEI,RWTH,0.005,0.002,48,105140,0.15109862471365357
HNEI,RWTH,1.0,0.005,48,105140,0.16903883705994316
HNEI,RWTH,0.5,0.005,48,105140,0.16874075237557548
HNEI,RWTH,0.2,0.005,48,105140,0.1683424260320254
HNEI,RWTH,0.1,0.005,48,105140,0.16790704152278793
HNEI,RWTH,0.05,0.005,48,105140,0.16709794202285422
HNEI,RWTH,0.03,0.005,48,105140,0.16595827552701617
HNEI,RWTH,0.02,0.005,48,105140,0.16445733440696944
HNEI,RWTH,0.015,0.005,48,105140,0.16292039796901045
HNEI,RWTH,0.01,0.005,48,105140,0.1598543301808795
HNEI,RWTH,0.005,0.005,48,105140,0.1514579151695031
HNEI,SDU,1.0,0.0,86,48716,0.09105127517957592
HNEI,SDU,0.5,0.0,86,48716,0.08967299848157961
HNEI,SDU,0.2,0.0,86,48716,0.08806188121937303
HNEI,SDU,0.1,0.0,86,48716,0.08660378982971441
HNEI,SDU,0.05,0.0,86,48716,0.08444834484848732
HNEI,SDU,0.03,0.0,86,48716,0.08186249024016495
HNEI,SDU,0.02,0.0,86,48716,0.0788243080823297
HNEI,SDU,0.015,0.0,86,48716,0.07585365160633863
HNEI,SDU,0.01,0.0,86,48716,0.07050439005850671
HNEI,SDU,0.005,0.0,86,48716,0.059150260364078854
HNEI,SDU,1.0,0.00025,86,48716,0.0900082216280834
HNEI,SDU,0.5,0.00025,86,48716,0.08874920555078046
HNEI,SDU,0.2,0.00025,86,48716,0.08723575931116448
HNEI,SDU,0.1,0.00025,86,48716,0.08594925733705042
HNEI,SDU,0.05,0.00025,86,48716,0.08391142633841078
HNEI,SDU,0.03,0.00025,86,48716,0.08139789552824785
HNEI,SDU,0.02,0.00025,86,48716,0.07842742661531557
HNEI,SDU,0.015,0.00025,86,48716,0.07550331073402872
HNEI,SDU,0.01,0.00025,86,48716,0.07024955533276099
HNEI,SDU,0.005,0.00025,86,48716,0.05918858371404494
HNEI,SDU,1.0,0.0005,86,48716,0.08950072295095139
HNEI,SDU,0.5,0.0005,86,48716,0.08825095255981308
HNEI,SDU,0.2,0.0005,86,48716,0.08683254117293751
HNEI,SDU,0.1,0.0005,86,48716,0.0855972044729596
HNEI,SDU,0.05,0.0005,86,48716,0.08355361040775212
HNEI,SDU,0.03,0.0005,86,48716,0.0810602697865362
HNEI,SDU,0.02,0.0005,86,48716,0.07812809082339917
HNEI,SDU,0.015,0.0005,86,48716,0.07524561250178856
HNEI,SDU,0.01,0.0005,86,48716,0.0700540743884642
HNEI,SDU,0.005,0.0005,86,48716,0.059222115306212623
HNEI,SDU,1.0,0.001,86,48716,0.08888818047733837
HNEI,SDU,0.5,0.001,86,48716,0.0876648226372958
HNEI,SDU,0.2,0.001,86,48716,0.08638413531602611
HNEI,SDU,0.1,0.001,86,48716,0.08511587188568255
HNEI,SDU,0.05,0.001,86,48716,0.08300350694255906
HNEI,SDU,0.03,0.001,86,48716,0.08051923367037848
HNEI,SDU,0.02,0.001,86,48716,0.07764046447321646
HNEI,SDU,0.015,0.001,86,48716,0.07479961202407935
HNEI,SDU,0.01,0.001,86,48716,0.0697260934943501
HNEI,SDU,0.005,0.001,86,48716,0.059222729274224374
HNEI,SDU,1.0,0.002,86,48716,0.08820530729619694
HNEI,SDU,0.5,0.002,86,48716,0.08708431901119412
HNEI,SDU,0.2,0.002,86,48716,0.08585930378533624
HNEI,SDU,0.1,0.002,86,48716,0.08444187340676201
HNEI,SDU,0.05,0.002,86,48716,0.08220093416203687
HNEI,SDU,0.03,0.002,86,48716,0.07976041784787793
HNEI,SDU,0.02,0.002,86,48716,0.07691497693438297
HNEI,SDU,0.015,0.002,86,48716,0.0741452798762288
HNEI,SDU,0.01,0.002,86,48716,0.0693785132092378
HNEI,SDU,0.005,0.002,86,48716,0.05910313492483268
HNEI,SDU,1.0,0.005,86,48716,0.08732544712308109
HNEI,SDU,0.5,0.005,86,48716,0.0863601271091515
HNEI,SDU,0.2,0.005,86,48716,0.0848884749451246
HNEI,SDU,0.1,0.005,86,48716,0.08319244668226172
HNEI,SDU,0.05,0.005,86,48716,0.08094207324794142
HNEI,SDU,0.03,0.005,86,48716,0.07851516068815982
HNEI,SDU,0.02,0.005,86,48716,0.07603775401583014
HNEI,SDU,0.015,0.005,86,48716,0.07366112944357069
HNEI,SDU,0.01,0.005,86,48716,0.06909567852839756
HNEI,SDU,0.005,0.005,86,48716,0.05871536164174436
HNEI,SNL,1.0,0.0,61,96092,0.05589032331474793
HNEI,SNL,0.5,0.0,61,96092,0.05627002532666849
HNEI,SNL,0.2,0.0,61,96092,0.05693904067084559
HNEI,SNL,0.1,0.0,61,96092,0.05766530814936517
HNEI,SNL,0.05,0.0,61,96092,0.05894638869741586
HNEI,SNL,0.03,0.0,61,96092,0.060489034663307066
HNEI,SNL,0.02,0.0,61,96092,0.06225702800452425
HNEI,SNL,0.015,0.0,61,96092,0.06392457859547804
HNEI,SNL,0.01,0.0,61,96092,0.06688003014250087
HNEI,SNL,0.005,0.0,61,96092,0.0736396489581347
HNEI,SNL,1.0,0.00025,61,96092,0.057678346251014354
HNEI,SNL,0.5,0.00025,61,96092,0.05817059078422929
HNEI,SNL,0.2,0.00025,61,96092,0.058897119026968994
HNEI,SNL,0.1,0.00025,61,96092,0.059644035734627475
HNEI,SNL,0.05,0.00025,61,96092,0.0608469212277614
HNEI,SNL,0.03,0.00025,61,96092,0.06225196914307701
HNEI,SNL,0.02,0.00025,61,96092,0.06387238317580321
HNEI,SNL,0.015,0.00025,61,96092,0.06541989045795316
HNEI,SNL,0.01,0.00025,61,96092,0.06812559584797183
HNEI,SNL,0.005,0.00025,61,96092,0.07428355217107896
HNEI,SNL,1.0,0.0005,61,96092,0.058342431743180226
HNEI,SNL,0.5,0.0005,61,96092,0.05876270982749677
HNEI,SNL,0.2,0.0005,61,96092,0.059409735468910894
HNEI,SNL,0.1,0.0005,61,96092,0.06011691875371938
HNEI,SNL,0.05,0.0005,61,96092,0.061288371235376775
HNEI,SNL,0.03,0.0005,61,96092,0.06268012977854288
HNEI,SNL,0.02,0.0005,61,96092,0.06428992219886151
HNEI,SNL,0.015,0.0005,61,96092,0.06582477824429767
HNEI,SNL,0.01,0.0005,61,96092,0.06848716154000106
HNEI,SNL,0.005,0.0005,61,96092,0.07449924254747423
HNEI,SNL,1.0,0.001,61,96092,0.058878199267192004
HNEI,SNL,0.5,0.001,61,96092,0.05923788210171398
HNEI,SNL,0.2,0.001,61,96092,0.059817376369230006
HNEI,SNL,0.1,0.001,61,96092,0.06049785431997499
HNEI,SNL,0.05,0.001,61,96092,0.061659734985149976
HNEI,SNL,0.03,0.001,61,96092,0.0630620008214983
HNEI,SNL,0.02,0.001,61,96092,0.064683879751621
HNEI,SNL,0.015,0.001,61,96092,0.06621491008369743
HNEI,SNL,0.01,0.001,61,96092,0.06887906773177407
HNEI,SNL,0.005,0.001,61,96092,0.07471922125773199
HNEI,SNL,1.0,0.002,61,96092,0.05925738786207485
HNEI,SNL,0.5,0.002,61,96092,0.05956729761092282
HNEI,SNL,0.2,0.002,61,96092,0.06010685925094534
HNEI,SNL,0.1,0.002,61,96092,0.06078575141177278
HNEI,SNL,0.05,0.002,61,96092,0.06197403857237384
HNEI,SNL,0.03,0.002,61,96092,0.0634107153180287
HNEI,SNL,0.02,0.002,61,96092,0.06507423085567372
HNEI,SNL,0.015,0.002,61,96092,0.06661969082939025
HNEI,SNL,0.01,0.002,61,96092,0.06928576179032579
HNEI,SNL,0.005,0.002,61,96092,0.07496149503085212
HNEI,SNL,1.0,0.005,61,96092,0.059517002352214916
HNEI,SNL,0.5,0.005,61,96092,0.0597961498692432
HNEI,SNL,0.2,0.005,61,96092,0.060337339172312224
HNEI,SNL,0.1,0.005,61,96092,0.061052759800222234
HNEI,SNL,0.05,0.005,61,96092,0.062324339858179444
HNEI,SNL,0.03,0.005,61,96092,0.06384512100271442
HNEI,SNL,0.02,0.005,61,96092,0.06560252258601385
HNEI,SNL,0.015,0.005,61,96092,0.06721197098114419
HNEI,SNL,0.01,0.005,61,96092,0.06982608598339922
HNEI,SNL,0.005,0.005,61,96092,0.075217554964494
HNEI,UL_PUR,1.0,0.0,10,2195,0.03919915135715086
HNEI,UL_PUR,0.5,0.0,10,2195,0.038717384997157225
HNEI,UL_PUR,0.2,0.0,10,2195,0.03804337456929499
HNEI,UL_PUR,0.1,0.0,10,2195,0.03732065139933198
HNEI,UL_PUR,0.05,0.0,10,2195,0.03627776143782864
HNEI,UL_PUR,0.03,0.0,10,2195,0.035483443777897375
HNEI,UL_PUR,0.02,0.0,10,2195,0.03528429843432527
HNEI,UL_PUR,0.015,0.0,10,2195,0.03583934955321923
HNEI,UL_PUR,0.01,0.0,10,2195,0.03767432072969937
HNEI,UL_PUR,0.005,0.0,10,2195,0.04233895388899607
HNEI,UL_PUR,1.0,0.00025,10,2195,0.03917909633085641
HNEI,UL_PUR,0.5,0.00025,10,2195,0.03883963505387526
HNEI,UL_PUR,0.2,0.00025,10,2195,0.03827033024508962
HNEI,UL_PUR,0.1,0.00025,10,2195,0.037673727844573124
HNEI,UL_PUR,0.05,0.00025,10,2195,0.03665233863178101
HNEI,UL_PUR,0.03,0.00025,10,2195,0.03574327730512652
HNEI,UL_PUR,0.02,0.00025,10,2195,0.035344260255055014
HNEI,UL_PUR,0.015,0.00025,10,2195,0.035855081347559534
HNEI,UL_PUR,0.01,0.00025,10,2195,0.03764659776465153
HNEI,UL_PUR,0.005,0.00025,10,2195,0.042312572386075324
HNEI,UL_PUR,1.0,0.0005,10,2195,0.03911357288884636
HNEI,UL_PUR,0.5,0.0005,10,2195,0.038789397692008114
HNEI,UL_PUR,0.2,0.0005,10,2195,0.03828082654911854
HNEI,UL_PUR,0.1,0.0005,10,2195,0.037730465520497455
HNEI,UL_PUR,0.05,0.0005,10,2195,0.036794874303941884
HNEI,UL_PUR,0.03,0.0005,10,2195,0.03584376393393002
HNEI,UL_PUR,0.02,0.0005,10,2195,0.03538357836490806
HNEI,UL_PUR,0.015,0.0005,10,2195,0.035866365932232344
HNEI,UL_PUR,0.01,0.0005,10,2195,0.03761689873578462
HNEI,UL_PUR,0.005,0.0005,10,2195,0.0422915208138517
HNEI,UL_PUR,1.0,0.001,10,2195,0.03897918263337706
HNEI,UL_PUR,0.5,0.001,10,2195,0.03867736168273238
HNEI,UL_PUR,0.2,0.001,10,2195,0.03823628571359519
HNEI,UL_PUR,0.1,0.001,10,2195,0.03778887330724329
HNEI,UL_PUR,0.05,0.001,10,2195,0.03693786366808395
HNEI,UL_PUR,0.03,0.001,10,2195,0.035982030693392966
HNEI,UL_PUR,0.02,0.001,10,2195,0.035449804268094985
HNEI,UL_PUR,0.015,0.001,10,2195,0.03588219093011306
HNEI,UL_PUR,0.01,0.001,10,2195,0.03758187186056327
HNEI,UL_PUR,0.005,0.001,10,2195,0.04226052340783395
HNEI,UL_PUR,1.0,0.002,10,2195,0.03882026264135169
HNEI,UL_PUR,0.5,0.002,10,2195,0.03857373260143158
HNEI,UL_PUR,0.2,0.002,10,2195,0.03819954621803793
HNEI,UL_PUR,0.1,0.002,10,2195,0.03781607945674178
HNEI,UL_PUR,0.05,0.002,10,2195,0.03705251549858425
HNEI,UL_PUR,0.03,0.002,10,2195,0.03607750474399285
HNEI,UL_PUR,0.02,0.002,10,2195,0.035458096182010214
HNEI,UL_PUR,0.015,0.002,10,2195,0.03586408819987895
HNEI,UL_PUR,0.01,0.002,10,2195,0.03753836876279611
HNEI,UL_PUR,0.005,0.002,10,2195,0.042233367107258606
HNEI,UL_PUR,1.0,0.005,10,2195,0.03871156347078603
HNEI,UL_PUR,0.5,0.005,10,2195,0.03849685503905009
HNEI,UL_PUR,0.2,0.005,10,2195,0.03819895141688585
HNEI,UL_PUR,0.1,0.005,10,2195,0.03784713246596379
HNEI,UL_PUR,0.05,0.005,10,2195,0.03716771857823206
HNEI,UL_PUR,0.03,0.005,10,2195,0.03619432962507763
HNEI,UL_PUR,0.02,0.005,10,2195,0.03550448093750783
HNEI,UL_PUR,0.015,0.005,10,2195,0.03586037364677421
HNEI,UL_PUR,0.01,0.005,10,2195,0.03751211316924721
HNEI,UL_PUR,0.005,0.005,10,2195,0.042208021085442346
HNEI,XJTU,1.0,0.0,23,6823,0.158246793653537
HNEI,XJTU,0.5,0.0,23,6823,0.15705147162886318
HNEI,XJTU,0.2,0.0,23,6823,0.154642131151872
HNEI,XJTU,0.1,0.0,23,6823,0.15160743208606908
HNEI,XJTU,0.05,0.0,23,6823,0.14641642992654277
HNEI,XJTU,0.03,0.0,23,6823,0.1403181492943811
HNEI,XJTU,0.02,0.0,23,6823,0.13372184427123884
HNEI,XJTU,0.015,0.0,23,6823,0.1281290987676601
HNEI,XJTU,0.01,0.0,23,6823,0.11948684856600854
HNEI,XJTU,0.005,0.0,23,6823,0.10543048046637443
HNEI,XJTU,1.0,0.00025,23,6823,0.15704936438036735
HNEI,XJTU,0.5,0.00025,23,6823,0.15593650624520072
HNEI,XJTU,0.2,0.00025,23,6823,0.15368421999108395
HNEI,XJTU,0.1,0.00025,23,6823,0.15073156155711243
HNEI,XJTU,0.05,0.00025,23,6823,0.1456018025806319
HNEI,XJTU,0.03,0.00025,23,6823,0.13944325804186006
HNEI,XJTU,0.02,0.00025,23,6823,0.13276545286517571
HNEI,XJTU,0.015,0.00025,23,6823,0.1270581033999483
HNEI,XJTU,0.01,0.00025,23,6823,0.11823458595913106
HNEI,XJTU,0.005,0.00025,23,6823,0.10385876895324202
HNEI,XJTU,1.0,0.0005,23,6823,0.156292106370667
HNEI,XJTU,0.5,0.0005,23,6823,0.155229576203232
HNEI,XJTU,0.2,0.0005,23,6823,0.1530568500194767
HNEI,XJTU,0.1,0.0005,23,6823,0.15017551469441848
HNEI,XJTU,0.05,0.0005,23,6823,0.14504799098394125
HNEI,XJTU,0.03,0.0005,23,6823,0.13885394477257784
HNEI,XJTU,0.02,0.0005,23,6823,0.13212135097006816
HNEI,XJTU,0.015,0.0005,23,6823,0.12637901502655846
HNEI,XJTU,0.01,0.0005,23,6823,0.11749997689881421
HNEI,XJTU,0.005,0.0005,23,6823,0.10298864017220069
HNEI,XJTU,1.0,0.001,23,6823,0.15523545383655063
HNEI,XJTU,0.5,0.001,23,6823,0.15423354944272943
HNEI,XJTU,0.2,0.001,23,6823,0.1521917333542857
HNEI,XJTU,0.1,0.001,23,6823,0.14939929714869574
HNEI,XJTU,0.05,0.001,23,6823,0.14429535578934669
HNEI,XJTU,0.03,0.001,23,6823,0.13811460483793245
HNEI,XJTU,0.02,0.001,23,6823,0.1313633074632326
HNEI,XJTU,0.015,0.001,23,6823,0.12561924901566432
HNEI,XJTU,0.01,0.001,23,6823,0.1167061332530248
HNEI,XJTU,0.005,0.001,23,6823,0.10209733852408209
HNEI,XJTU,1.0,0.002,23,6823,0.15432890517608386
HNEI,XJTU,0.5,0.002,23,6823,0.15340492663630212
HNEI,XJTU,0.2,0.002,23,6823,0.15148814211537254
HNEI,XJTU,0.1,0.002,23,6823,0.14878704842480822
HNEI,XJTU,0.05,0.002,23,6823,0.14376227351135293
HNEI,XJTU,0.03,0.002,23,6823,0.13761300075167912
HNEI,XJTU,0.02,0.002,23,6823,0.1309011510941886
HNEI,XJTU,0.015,0.002,23,6823,0.12516692930094706
HNEI,XJTU,0.01,0.002,23,6823,0.11626134103203198
HNEI,XJTU,0.005,0.002,23,6823,0.10163213416449465
HNEI,XJTU,1.0,0.005,23,6823,0.1537620911592259
HNEI,XJTU,0.5,0.005,23,6823,0.152892759175269
HNEI,XJTU,0.2,0.005,23,6823,0.15103264712755723
HNEI,XJTU,0.1,0.005,23,6823,0.14837850760211319
HNEI,XJTU,0.05,0.005,23,6823,0.14340948186825656
HNEI,XJTU,0.03,0.005,23,6823,0.13732746632969356
HNEI,XJTU,0.02,0.005,23,6823,0.13067091330026723
HNEI,XJTU,0.015,0.005,23,6823,0.12495870657678541
HNEI,XJTU,0.01,0.005,23,6823,0.11604999144863005
HNEI,XJTU,0.005,0.005,23,6823,0.10137572000031056
HUST,CALB,1.0,0.0,27,2629,0.06613222549644762
HUST,CALB,0.5,0.0,27,2629,0.06520775207907142
HUST,CALB,0.2,0.0,27,2629,0.06356842887610509
HUST,CALB,0.1,0.0,27,2629,0.06169010383532812
HUST,CALB,0.05,0.0,27,2629,0.059240793999793796
HUST,CALB,0.03,0.0,27,2629,0.057280582249895316
HUST,CALB,0.02,0.0,27,2629,0.055825904263846524
HUST,CALB,0.015,0.0,27,2629,0.05491724513686015
HUST,CALB,0.01,0.0,27,2629,0.05385303558650997
HUST,CALB,0.005,0.0,27,2629,0.05270911035017663
HUST,CALB,1.0,0.00025,27,2629,0.06436821067954457
HUST,CALB,0.5,0.00025,27,2629,0.06346783478710458
HUST,CALB,0.2,0.00025,27,2629,0.06180512216053821
HUST,CALB,0.1,0.00025,27,2629,0.059860811689437944
HUST,CALB,0.05,0.00025,27,2629,0.05724524258720595
HUST,CALB,0.03,0.00025,27,2629,0.05512930588750983
HUST,CALB,0.02,0.00025,27,2629,0.05355819960949345
HUST,CALB,0.015,0.00025,27,2629,0.05257904410703289
HUST,CALB,0.01,0.00025,27,2629,0.05142203028504416
HUST,CALB,0.005,0.00025,27,2629,0.05018526495845324
HUST,CALB,1.0,0.0005,27,2629,0.06366211655664847
HUST,CALB,0.5,0.0005,27,2629,0.06279240466282494
HUST,CALB,0.2,0.0005,27,2629,0.06114932591477884
HUST,CALB,0.1,0.0005,27,2629,0.0591767286716184
HUST,CALB,0.05,0.0005,27,2629,0.056499468141099386
HUST,CALB,0.03,0.0005,27,2629,0.054310431610977546
HUST,CALB,0.02,0.0005,27,2629,0.05267367523280626
HUST,CALB,0.015,0.0005,27,2629,0.05164867156991801
HUST,CALB,0.01,0.0005,27,2629,0.05045622673826933
HUST,CALB,0.005,0.0005,27,2629,0.0491536614272377
HUST,CALB,1.0,0.001,27,2629,0.0631289208403478
HUST,CALB,0.5,0.001,27,2629,0.062286962494693655
HUST,CALB,0.2,0.001,27,2629,0.06066820024637795
HUST,CALB,0.1,0.001,27,2629,0.05868926879856113
HUST,CALB,0.05,0.001,27,2629,0.05599487631426013
HUST,CALB,0.03,0.001,27,2629,0.05375938903283501
HUST,CALB,0.02,0.001,27,2629,0.05210467783836292
HUST,CALB,0.015,0.001,27,2629,0.05103892857729201
HUST,CALB,0.01,0.001,27,2629,0.049778190515883
HUST,CALB,0.005,0.001,27,2629,0.04841460960701899
HUST,CALB,1.0,0.002,27,2629,0.06277363368878164
HUST,CALB,0.5,0.002,27,2629,0.06195741209518789
HUST,CALB,0.2,0.002,27,2629,0.06033844122901094
HUST,CALB,0.1,0.002,27,2629,0.058359196511167694
HUST,CALB,0.05,0.002,27,2629,0.05565508836858215
HUST,CALB,0.03,0.002,27,2629,0.053416583922620726
HUST,CALB,0.02,0.002,27,2629,0.05170334631394663
HUST,CALB,0.015,0.002,27,2629,0.05060661905525829
HUST,CALB,0.01,0.002,27,2629,0.0492996682938171
HUST,CALB,0.005,0.002,27,2629,0.047889476016641584
HUST,CALB,1.0,0.005,27,2629,0.06248685704401114
HUST,CALB,0.5,0.005,27,2629,0.06168623892402257
HUST,CALB,0.2,0.005,27,2629,0.06006270768074356
HUST,CALB,0.1,0.005,27,2629,0.0581066015833272
HUST,CALB,0.05,0.005,27,2629,0.0554001591776375
HUST,CALB,0.03,0.005,27,2629,0.05311438634232189
HUST,CALB,0.02,0.005,27,2629,0.0513422570459483
HUST,CALB,0.015,0.005,27,2629,0.050203119937170665
HUST,CALB,0.01,0.005,27,2629,0.04885375155770481
HUST,CALB,0.005,0.005,27,2629,0.04739990687046885
HUST,CALCE,1.0,0.0,13,14233,0.45813835199765407
HUST,CALCE,0.5,0.0,13,14233,0.30237772653642814
HUST,CALCE,0.2,0.0,13,14233,0.14145853170951214
HUST,CALCE,0.1,0.0,13,14233,0.07563230074952772
HUST,CALCE,0.05,0.0,13,14233,0.05193306160990492
HUST,CALCE,0.03,0.0,13,14233,0.04538266251403992
HUST,CALCE,0.02,0.0,13,14233,0.043412255685211336
HUST,CALCE,0.015,0.0,13,14233,0.04305378107552423
HUST,CALCE,0.01,0.0,13,14233,0.04394997831247233
HUST,CALCE,0.005,0.0,13,14233,0.05468747053491442
HUST,CALCE,1.0,0.00025,13,14233,0.39420838692443394
HUST,CALCE,0.5,0.00025,13,14233,0.24582357563276885
HUST,CALCE,0.2,0.00025,13,14233,0.10253951020115773
HUST,CALCE,0.1,0.00025,13,14233,0.057075393468797045
HUST,CALCE,0.05,0.00025,13,14233,0.04418462561886281
HUST,CALCE,0.03,0.00025,13,14233,0.04180618429238499
HUST,CALCE,0.02,0.00025,13,14233,0.041593279032128665
HUST,CALCE,0.015,0.00025,13,14233,0.041841170980463326
HUST,CALCE,0.01,0.00025,13,14233,0.04349038825109215
HUST,CALCE,0.005,0.00025,13,14233,0.0555960969939615
HUST,CALCE,1.0,0.0005,13,14233,0.34833687144802405
HUST,CALCE,0.5,0.0005,13,14233,0.20701127409864378
HUST,CALCE,0.2,0.0005,13,14233,0.07962347148796675
HUST,CALCE,0.1,0.0005,13,14233,0.050127732759469544
HUST,CALCE,0.05,0.0005,13,14233,0.04197917870633893
HUST,CALCE,0.03,0.0005,13,14233,0.04090337241125744
HUST,CALCE,0.02,0.0005,13,14233,0.04110787730241123
HUST,CALCE,0.015,0.0005,13,14233,0.04160978849186051
HUST,CALCE,0.01,0.0005,13,14233,0.04351844033344462
HUST,CALCE,0.005,0.0005,13,14233,0.056218228048378886
HUST,CALCE,1.0,0.001,13,14233,0.2897488881254439
HUST,CALCE,0.5,0.001,13,14233,0.1565555931343148
HUST,CALCE,0.2,0.001,13,14233,0.06241915364896577
HUST,CALCE,0.1,0.001,13,14233,0.044884191582201693
HUST,CALCE,0.05,0.001,13,14233,0.040480761842618
HUST,CALCE,0.03,0.001,13,14233,0.04023541644039735
HUST,CALCE,0.02,0.001,13,14233,0.04083451984222554
HUST,CALCE,0.015,0.001,13,14233,0.04155827991032179
HUST,CALCE,0.01,0.001,13,14233,0.0437018509220808
HUST,CALCE,0.005,0.001,13,14233,0.05691133264484744
HUST,CALCE,1.0,0.002,13,14233,0.22328116540388823
HUST,CALCE,0.5,0.002,13,14233,0.10481540525827854
HUST,CALCE,0.2,0.002,13,14233,0.0511862086192001
HUST,CALCE,0.1,0.002,13,14233,0.041617347948236835
HUST,CALCE,0.05,0.002,13,14233,0.03959091879609725
HUST,CALCE,0.03,0.002,13,14233,0.039919327960449835
HUST,CALCE,0.02,0.002,13,14233,0.0408392266943438
HUST,CALCE,0.015,0.002,13,14233,0.04168025963684949
HUST,CALCE,0.01,0.002,13,14233,0.04391885363766734
HUST,CALCE,0.005,0.002,13,14233,0.057555147921635005
HUST,CALCE,1.0,0.005,13,14233,0.13421157474151033
HUST,CALCE,0.5,0.005,13,14233,0.06739600829581566
HUST,CALCE,0.2,0.005,13,14233,0.04331916197175063
HUST,CALCE,0.1,0.005,13,14233,0.039583325182802546
HUST,CALCE,0.05,0.005,13,14233,0.039094479066737894
HUST,CALCE,0.03,0.005,13,14233,0.03978555571531583
HUST,CALCE,0.02,0.005,13,14233,0.04086000889436792
HUST,CALCE,0.015,0.005,13,14233,0.04181118347789593
HUST,CALCE,0.01,0.005,13,14233,0.0441214206584638
HUST,CALCE,0.005,0.005,13,14233,0.05815421820886922
HUST,HNEI,1.0,0.0,14,15085,0.3258741308622999
HUST,HNEI,0.5,0.0,14,15085,0.23584427286229293
HUST,HNEI,0.2,0.0,14,15085,0.12029099769835737
HUST,HNEI,0.1,0.0,14,15085,0.06743822794236047
HUST,HNEI,0.05,0.0,14,15085,0.04275546366184067
HUST,HNEI,0.03,0.0,14,15085,0.03584617565435665
HUST,HNEI,0.02,0.0,14,15085,0.03279368474075121
HUST,HNEI,0.015,0.0,14,15085,0.03247013869482303
HUST,HNEI,0.01,0.0,14,15085,0.037272862079036025
HUST,HNEI,0.005,0.0,14,15085,0.06874766764228467
HUST,HNEI,1.0,0.00025,14,15085,0.28081959894478997
HUST,HNEI,0.5,0.00025,14,15085,0.19246340082674407
HUST,HNEI,0.2,0.00025,14,15085,0.0893097042079375
HUST,HNEI,0.1,0.00025,14,15085,0.05008863787860618
HUST,HNEI,0.05,0.00025,14,15085,0.03584372426530753
HUST,HNEI,0.03,0.00025,14,15085,0.030986480627540867
HUST,HNEI,0.02,0.00025,14,15085,0.028910331791195964
HUST,HNEI,0.015,0.00025,14,15085,0.029107493100654715
HUST,HNEI,0.01,0.00025,14,15085,0.034327843842150194
HUST,HNEI,0.005,0.00025,14,15085,0.06651055156814875
HUST,HNEI,1.0,0.0005,14,15085,0.24256650000006783
HUST,HNEI,0.5,0.0005,14,15085,0.16154405908470457
HUST,HNEI,0.2,0.0005,14,15085,0.07113520924472501
HUST,HNEI,0.1,0.0005,14,15085,0.04221851291410398
HUST,HNEI,0.05,0.0005,14,15085,0.03210485063454275
HUST,HNEI,0.03,0.0005,14,15085,0.028316812027816846
HUST,HNEI,0.02,0.0005,14,15085,0.02663361423302137
HUST,HNEI,0.015,0.0005,14,15085,0.026997516125200755
HUST,HNEI,0.01,0.0005,14,15085,0.032385378484070595
HUST,HNEI,0.005,0.0005,14,15085,0.06477719698347079
HUST,HNEI,1.0,0.001,14,15085,0.19447693543550898
HUST,HNEI,0.5,0.001,14,15085,0.12190635505425582
HUST,HNEI,0.2,0.001,14,15085,0.053673484166966025
HUST,HNEI,0.1,0.001,14,15085,0.03553179040515915
HUST,HNEI,0.05,0.001,14,15085,0.02856081328521454
HUST,HNEI,0.03,0.001,14,15085,0.025618624446320144
HUST,HNEI,0.02,0.001,14,15085,0.024330253276561787
HUST,HNEI,0.015,0.001,14,15085,0.024894727091057885
HUST,HNEI,0.01,0.001,14,15085,0.030571230296482576
HUST,HNEI,0.005,0.001,14,15085,0.06347759089783796
HUST,HNEI,1.0,0.002,14,15085,0.14502276283966298
HUST,HNEI,0.5,0.002,14,15085,0.0843594911579476
HUST,HNEI,0.2,0.002,14,15085,0.04182607669680386
HUST,HNEI,0.1,0.002,14,15085,0.030536258248600203
HUST,HNEI,0.05,0.002,14,15085,0.0258146201349472
HUST,HNEI,0.03,0.002,14,15085,0.0235421825694733
HUST,HNEI,0.02,0.002,14,15085,0.022661449982070325
HUST,HNEI,0.015,0.002,14,15085,0.02347967976835363
HUST,HNEI,0.01,0.002,14,15085,0.029389012971106947
HUST,HNEI,0.005,0.002,14,15085,0.06270591423858453
HUST,HNEI,1.0,0.005,14,15085,0.08813016220941741
HUST,HNEI,0.5,0.005,14,15085,0.05391688227334849
HUST,HNEI,0.2,0.005,14,15085,0.032296157951892925
HUST,HNEI,0.1,0.005,14,15085,0.026422829576097363
HUST,HNEI,0.05,0.005,14,15085,0.023507942185444386
HUST,HNEI,0.03,0.005,14,15085,0.021854229540151253
HUST,HNEI,0.02,0.005,14,15085,0.021359782183909073
HUST,HNEI,0.015,0.005,14,15085,0.02246439782064336
HUST,HNEI,0.01,0.005,14,15085,0.028766670396119694
HUST,HNEI,0.005,0.005,14,15085,0.06230733818779588
HUST,MATR,1.0,0.0,169,139148,0.04722132632834194
HUST,MATR,0.5,0.0,169,139148,0.04655200094961969
HUST,MATR,0.2,0.0,169,139148,0.045648354450515766
HUST,MATR,0.1,0.0,169,139148,0.044764922672671785
HUST,MATR,0.05,0.0,169,139148,0.04349388227244404
HUST,MATR,0.03,0.0,169,139148,0.04216482233694254
HUST,MATR,0.02,0.0,169,139148,0.04072714600754827
HUST,MATR,0.015,0.0,169,139148,0.039391693823424875
HUST,MATR,0.01,0.0,169,139148,0.037036957874237796
HUST,MATR,0.005,0.0,169,139148,0.032758228765878354
HUST,MATR,1.0,0.00025,169,139148,0.045850556851548416
HUST,MATR,0.5,0.00025,169,139148,0.04512386633661666
HUST,MATR,0.2,0.00025,169,139148,0.0441024219736803
HUST,MATR,0.1,0.00025,169,139148,0.04324956743061138
HUST,MATR,0.05,0.00025,169,139148,0.042217782795684916
HUST,MATR,0.03,0.00025,169,139148,0.04109383858002672
HUST,MATR,0.02,0.00025,169,139148,0.03977589149828292
HUST,MATR,0.015,0.00025,169,139148,0.03847868205009555
HUST,MATR,0.01,0.00025,169,139148,0.03608276246562535
HUST,MATR,0.005,0.00025,169,139148,0.03172350463406649
HUST,MATR,1.0,0.0005,169,139148,0.04527540541392237
HUST,MATR,0.5,0.0005,169,139148,0.04451705953752391
HUST,MATR,0.2,0.0005,169,139148,0.04354234420125724
HUST,MATR,0.1,0.0005,169,139148,0.042825876646180185
HUST,MATR,0.05,0.0005,169,139148,0.04187486055320999
HUST,MATR,0.03,0.0005,169,139148,0.04079336967714921
HUST,MATR,0.02,0.0005,169,139148,0.03950078998237602
HUST,MATR,0.015,0.0005,169,139148,0.03820480200817587
HUST,MATR,0.01,0.0005,169,139148,0.035785125204533565
HUST,MATR,0.005,0.0005,169,139148,0.03138759893247104
HUST,MATR,1.0,0.001,169,139148,0.044649246950289656
HUST,MATR,0.5,0.001,169,139148,0.043910964803638576
HUST,MATR,0.2,0.001,169,139148,0.04308170458915059
HUST,MATR,0.1,0.001,169,139148,0.042455523445547344
HUST,MATR,0.05,0.001,169,139148,0.041569358419328566
HUST,MATR,0.03,0.001,169,139148,0.04053193515883881
HUST,MATR,0.02,0.001,169,139148,0.03924096719437535
HUST,MATR,0.015,0.001,169,139148,0.03793944164658899
HUST,MATR,0.01,0.001,169,139148,0.03549568318902077
HUST,MATR,0.005,0.001,169,139148,0.031054929922560322
HUST,MATR,1.0,0.002,169,139148,0.044075462617958146
HUST,MATR,0.5,0.002,169,139148,0.043419686860009264
HUST,MATR,0.2,0.002,169,139148,0.04272338450658721
HUST,MATR,0.1,0.002,169,139148,0.04216358029246489
HUST,MATR,0.05,0.002,169,139148,0.04134331569473183
HUST,MATR,0.03,0.002,169,139148,0.040312496501909226
HUST,MATR,0.02,0.002,169,139148,0.039017464235906615
HUST,MATR,0.015,0.002,169,139148,0.03770978207274464
HUST,MATR,0.01,0.002,169,139148,0.0352438015198931
HUST,MATR,0.005,0.002,169,139148,0.03075090033260915
HUST,MATR,1.0,0.005,169,139148,0.043533279279467284
HUST,MATR,0.5,0.005,169,139148,0.04300349962968862
HUST,MATR,0.2,0.005,169,139148,0.04242886177933329
HUST,MATR,0.1,0.005,169,139148,0.041942351081342505
HUST,MATR,0.05,0.005,169,139148,0.0411408096725808
HUST,MATR,0.03,0.005,169,139148,0.040102394865951733
HUST,MATR,0.02,0.005,169,139148,0.038803620462847396
HUST,MATR,0.015,0.005,169,139148,0.037494027919244485
HUST,MATR,0.01,0.005,169,139148,0.035013062727169204
HUST,MATR,0.005,0.005,169,139148,0.0304568319076791
HUST,MICH,1.0,0.0,40,19681,0.08115522639621356
HUST,MICH,0.5,0.0,40,19681,0.08166351559891825
HUST,MICH,0.2,0.0,40,19681,0.08296633684199113
HUST,MICH,0.1,0.0,40,19681,0.08480640539333639
HUST,MICH,0.05,0.0,40,19681,0.0873036358392646
HUST,MICH,0.03,0.0,40,19681,0.08924055775254905
HUST,MICH,0.02,0.0,40,19681,0.0908881282720033
HUST,MICH,0.015,0.0,40,19681,0.0923210898489589
HUST,MICH,0.01,0.0,40,19681,0.09531797398070949
HUST,MICH,0.005,0.0,40,19681,0.10615325290513825
HUST,MICH,1.0,0.00025,40,19681,0.08183034957261473
HUST,MICH,0.5,0.00025,40,19681,0.08248431010615377
HUST,MICH,0.2,0.00025,40,19681,0.0839313480495628
HUST,MICH,0.1,0.00025,40,19681,0.08588936110818092
HUST,MICH,0.05,0.00025,40,19681,0.08847489942387529
HUST,MICH,0.03,0.00025,40,19681,0.09044796733988833
HUST,MICH,0.02,0.00025,40,19681,0.09204380303909215
HUST,MICH,0.015,0.00025,40,19681,0.09334953957665895
HUST,MICH,0.01,0.00025,40,19681,0.09598769674174144
HUST,MICH,0.005,0.00025,40,19681,0.10605726005705281
HUST,MICH,1.0,0.0005,40,19681,0.08238697069421147
HUST,MICH,0.5,0.0005,40,19681,0.0830850123142753
HUST,MICH,0.2,0.0005,40,19681,0.08461689693828564
HUST,MICH,0.1,0.0005,40,19681,0.08664271220052093
HUST,MICH,0.05,0.0005,40,19681,0.08930104941707404
HUST,MICH,0.03,0.0005,40,19681,0.09129357070811375
HUST,MICH,0.02,0.0005,40,19681,0.09284578945203846
HUST,MICH,0.015,0.0005,40,19681,0.09405418647118505
HUST,MICH,0.01,0.0005,40,19681,0.09641714418873018
HUST,MICH,0.005,0.0005,40,19681,0.10604267598434461
HUST,MICH,1.0,0.001,40,19681,0.0831459322941662
HUST,MICH,0.5,0.001,40,19681,0.08387632001835714
HUST,MICH,0.2,0.001,40,19681,0.08546311824124216
HUST,MICH,0.1,0.001,40,19681,0.08754048477026485
HUST,MICH,0.05,0.001,40,19681,0.09023997498940475
HUST,MICH,0.03,0.001,40,19681,0.09226350074440956
HUST,MICH,0.02,0.001,40,19681,0.09375364260978496
HUST,MICH,0.015,0.001,40,19681,0.09484626912983044
HUST,MICH,0.01,0.001,40,19681,0.09685695723802241
HUST,MICH,0.005,0.001,40,19681,0.10604031946012923
HUST,MICH,1.0,0.002,40,19681,0.08392479137420741
HUST,MICH,0.5,0.002,40,19681,0.08461798903670249
HUST,MICH,0.2,0.002,40,19681,0.08620275032789611
HUST,MICH,0.1,0.002,40,19681,0.08827990995147376
HUST,MICH,0.05,0.002,40,19681,0.09098890874541114
HUST,MICH,0.03,0.002,40,19681,0.09302989781676839
HUST,MICH,0.02,0.002,40,19681,0.09445031091169644
HUST,MICH,0.015,0.002,40,19681,0.09542221663319453
HUST,MICH,0.01,0.002,40,19681,0.09716353657330176
HUST,MICH,0.005,0.002,40,19681,0.10604934660105729
HUST,MICH,1.0,0.005,40,19681,0.08458104554629084
HUST,MICH,0.5,0.005,40,19681,0.08516808454421164
HUST,MICH,0.2,0.005,40,19681,0.08667501429776485
HUST,MICH,0.1,0.005,40,19681,0.08871603997939562
HUST,MICH,0.05,0.005,40,19681,0.09138674755631397
HUST,MICH,0.03,0.005,40,19681,0.0934294810552889
HUST,MICH,0.02,0.005,40,19681,0.09482600469776692
HUST,MICH,0.015,0.005,40,19681,0.09574199375998
HUST,MICH,0.01,0.005,40,19681,0.09738678978672086
HUST,MICH,0.005,0.005,40,19681,0.10607047932489692
HUST,MICH_EXP,1.0,0.0,18,6455,0.20651786963810523
HUST,MICH_EXP,0.5,0.0,18,6455,0.14821669979462718
HUST,MICH_EXP,0.2,0.0,18,6455,0.10984089881938192
HUST,MICH_EXP,0.1,0.0,18,6455,0.09871758895221941
HUST,MICH_EXP,0.05,0.0,18,6455,0.09347939669421679
HUST,MICH_EXP,0.03,0.0,18,6455,0.09090219744068023
HUST,MICH_EXP,0.02,0.0,18,6455,0.08860714049156898
HUST,MICH_EXP,0.015,0.0,18,6455,0.08700638684341495
HUST,MICH_EXP,0.01,0.0,18,6455,0.08533752719637022
HUST,MICH_EXP,0.005,0.0,18,6455,0.08713102111922776
HUST,MICH_EXP,1.0,0.00025,18,6455,0.1990225422700456
HUST,MICH_EXP,0.5,0.00025,18,6455,0.14015194474588824
HUST,MICH_EXP,0.2,0.00025,18,6455,0.10283955080263937
HUST,MICH_EXP,0.1,0.00025,18,6455,0.09492177922251437
HUST,MICH_EXP,0.05,0.00025,18,6455,0.09184469331593866
HUST,MICH_EXP,0.03,0.00025,18,6455,0.08981886413347087
HUST,MICH_EXP,0.02,0.00025,18,6455,0.0878367770468167
HUST,MICH_EXP,0.015,0.00025,18,6455,0.08643806784494602
HUST,MICH_EXP,0.01,0.00025,18,6455,0.08493198057781372
HUST,MICH_EXP,0.005,0.00025,18,6455,0.08669235133541137
HUST,MICH_EXP,1.0,0.0005,18,6455,0.19127475286409618
HUST,MICH_EXP,0.5,0.0005,18,6455,0.13159382030790093
HUST,MICH_EXP,0.2,0.0005,18,6455,0.09911249854234412
HUST,MICH_EXP,0.1,0.0005,18,6455,0.09371913988226294
HUST,MICH_EXP,0.05,0.0005,18,6455,0.09123629174339305
HUST,MICH_EXP,0.03,0.0005,18,6455,0.0894156406263227
HUST,MICH_EXP,0.02,0.0005,18,6455,0.08749021522680074
HUST,MICH_EXP,0.015,0.0005,18,6455,0.08610430130366248
HUST,MICH_EXP,0.01,0.0005,18,6455,0.08459477642016175
HUST,MICH_EXP,0.005,0.0005,18,6455,0.0863199551180971
HUST,MICH_EXP,1.0,0.001,18,6455,0.17550822534012842
HUST,MICH_EXP,0.5,0.001,18,6455,0.1179360274278829
HUST,MICH_EXP,0.2,0.001,18,6455,0.09654701250212655
HUST,MICH_EXP,0.1,0.001,18,6455,0.09269908827102591
HUST,MICH_EXP,0.05,0.001,18,6455,0.09068350508616045
HUST,MICH_EXP,0.03,0.001,18,6455,0.08902307635700071
HUST,MICH_EXP,0.02,0.001,18,6455,0.0871193589186185
HUST,MICH_EXP,0.015,0.001,18,6455,0.08570091339222881
HUST,MICH_EXP,0.01,0.001,18,6455,0.08415009838936098
HUST,MICH_EXP,0.005,0.001,18,6455,0.08580228761410323
HUST,MICH_EXP,1.0,0.002,18,6455,0.14772929105399002
HUST,MICH_EXP,0.5,0.002,18,6455,0.10800687962879621
HUST,MICH_EXP,0.2,0.002,18,6455,0.09455691614288453
HUST,MICH_EXP,0.1,0.002,18,6455,0.09188686215974122
HUST,MICH_EXP,0.05,0.002,18,6455,0.0902298724576883
HUST,MICH_EXP,0.03,0.002,18,6455,0.08859824703213268
HUST,MICH_EXP,0.02,0.002,18,6455,0.08661047751453922
HUST,MICH_EXP,0.015,0.002,18,6455,0.08508508556289517
HUST,MICH_EXP,0.01,0.002,18,6455,0.0834633135352632
HUST,MICH_EXP,0.005,0.002,18,6455,0.08503558765548494
HUST,MICH_EXP,1.0,0.005,18,6455,0.12060069904523181
HUST,MICH_EXP,0.5,0.005,18,6455,0.09984418709561314
HUST,MICH_EXP,0.2,0.005,18,6455,0.0927598250229204
HUST,MICH_EXP,0.1,0.005,18,6455,0.09108456789916716
HUST,MICH_EXP,0.05,0.005,18,6455,0.08949787130057446
HUST,MICH_EXP,0.03,0.005,18,6455,0.08765230690241285
HUST,MICH_EXP,0.02,0.005,18,6455,0.08534902673083208
HUST,MICH_EXP,0.015,0.005,18,6455,0.08353205569140941
HUST,MICH_EXP,0.01,0.005,18,6455,0.08168671794161474
HUST,MICH_EXP,0.005,0.005,18,6455,0.08406422128132217
HUST,RWTH,1.0,0.0,48,105140,0.15392117187795853
HUST,RWTH,0.5,0.0,48,105140,0.15392496195605784
HUST,RWTH,0.2,0.0,48,105140,0.15388402062456558
HUST,RWTH,0.1,0.0,48,105140,0.15374505872077934
HUST,RWTH,0.05,0.0,48,105140,0.15338512317765526
HUST,RWTH,0.03,0.0,48,105140,0.1528474354936605
HUST,RWTH,0.02,0.0,48,105140,0.15212884867588095
HUST,RWTH,0.015,0.0,48,105140,0.15139432033518796
HUST,RWTH,0.01,0.0,48,105140,0.14997815322937325
HUST,RWTH,0.005,0.0,48,105140,0.14718599338904031
HUST,RWTH,1.0,0.00025,48,105140,0.15491493695826059
HUST,RWTH,0.5,0.00025,48,105140,0.15496362962253588
HUST,RWTH,0.2,0.00025,48,105140,0.1549506744844188
HUST,RWTH,0.1,0.00025,48,105140,0.1547834546257114
HUST,RWTH,0.05,0.00025,48,105140,0.15434729166877167
HUST,RWTH,0.03,0.00025,48,105140,0.1536903955893155
HUST,RWTH,0.02,0.00025,48,105140,0.15285530215626367
HUST,RWTH,0.015,0.00025,48,105140,0.15203428125537946
HUST,RWTH,0.01,0.00025,48,105140,0.15044375508999483
HUST,RWTH,0.005,0.00025,48,105140,0.14734947777651497
HUST,RWTH,1.0,0.0005,48,105140,0.15498501426349803
HUST,RWTH,0.5,0.0005,48,105140,0.1550494448574787
HUST,RWTH,0.2,0.0005,48,105140,0.15502968401927342
HUST,RWTH,0.1,0.0005,48,105140,0.15485605970930116
HUST,RWTH,0.05,0.0005,48,105140,0.15442604956627845
HUST,RWTH,0.03,0.0005,48,105140,0.15378725450702066
HUST,RWTH,0.02,0.0005,48,105140,0.15296750851392213
HUST,RWTH,0.015,0.0005,48,105140,0.15215014141547073
HUST,RWTH,0.01,0.0005,48,105140,0.1505489011070352
HUST,RWTH,0.005,0.0005,48,105140,0.14744418025145792
HUST,RWTH,1.0,0.001,48,105140,0.15505152722917745
HUST,RWTH,0.5,0.001,48,105140,0.1551170351588327
HUST,RWTH,0.2,0.001,48,105140,0.15507857136462647
HUST,RWTH,0.1,0.001,48,105140,0.15490603533947955
HUST,RWTH,0.05,0.001,48,105140,0.154499978555076
HUST,RWTH,0.03,0.001,48,105140,0.15388538216148226
HUST,RWTH,0.02,0.001,48,105140,0.15308472461255956
HUST,RWTH,0.015,0.001,48,105140,0.15227449670739304
HUST,RWTH,0.01,0.001,48,105140,0.15068622095390835
HUST,RWTH,0.005,0.001,48,105140,0.14761357958127086
HUST,RWTH,1.0,0.002,48,105140,0.15511444417325881
HUST,RWTH,0.5,0.002,48,105140,0.1551671183853306
HUST,RWTH,0.2,0.002,48,105140,0.1551190365001176
HUST,RWTH,0.1,0.002,48,105140,0.15496236081554954
HUST,RWTH,0.05,0.002,48,105140,0.15458703500539678
HUST,RWTH,0.03,0.002,48,105140,0.1540014691205369
HUST,RWTH,0.02,0.002,48,105140,0.15323080766046998
HUST,RWTH,0.015,0.002,48,105140,0.15244025983849324
HUST,RWTH,0.01,0.002,48,105140,0.15089560075923938
HUST,RWTH,0.005,0.002,48,105140,0.14792787552961295
HUST,RWTH,1.0,0.005,48,105140,0.15517926036479532
HUST,RWTH,0.5,0.005,48,105140,0.1552123910864142
HUST,RWTH,0.2,0.005,48,105140,0.15518052863892948
HUST,RWTH,0.1,0.005,48,105140,0.15505375013555997
HUST,RWTH,0.05,0.005,48,105140,0.15473589910163602
HUST,RWTH,0.03,0.005,48,105140,0.1542142697849899
HUST,RWTH,0.02,0.005,48,105140,0.15352196395181028
HUST,RWTH,0.015,0.005,48,105140,0.15279944298289494
HUST,RWTH,0.01,0.005,48,105140,0.1514030923253636
HUST,RWTH,0.005,0.005,48,105140,0.14859241361906658
HUST,SDU,1.0,0.0,86,48716,0.08794942246578502
HUST,SDU,0.5,0.0,86,48716,0.08675554728448048
HUST,SDU,0.2,0.0,86,48716,0.08499960274926487
HUST,SDU,0.1,0.0,86,48716,0.0833681573384126
HUST,SDU,0.05,0.0,86,48716,0.08102490790073631
HUST,SDU,0.03,0.0,86,48716,0.07854687967706808
HUST,SDU,0.02,0.0,86,48716,0.07577224647775029
HUST,SDU,0.015,0.0,86,48716,0.07314363003182041
HUST,SDU,0.01,0.0,86,48716,0.06842892814441368
HUST,SDU,0.005,0.0,86,48716,0.05789686889489843
HUST,SDU,1.0,0.00025,86,48716,0.08701649621540475
HUST,SDU,0.5,0.00025,86,48716,0.08584052433664949
HUST,SDU,0.2,0.00025,86,48716,0.08412745906414791
HUST,SDU,0.1,0.00025,86,48716,0.08264630496323258
HUST,SDU,0.05,0.00025,86,48716,0.080397725823698
HUST,SDU,0.03,0.00025,86,48716,0.07795935752112304
HUST,SDU,0.02,0.00025,86,48716,0.07523233203507491
HUST,SDU,0.015,0.00025,86,48716,0.07265012097649544
HUST,SDU,0.01,0.00025,86,48716,0.06797221191277339
HUST,SDU,0.005,0.00025,86,48716,0.057641319350519915
HUST,SDU,1.0,0.0005,86,48716,0.08653543325270972
HUST,SDU,0.5,0.0005,86,48716,0.08529896501339729
HUST,SDU,0.2,0.0005,86,48716,0.08365467542220952
HUST,SDU,0.1,0.0005,86,48716,0.0822260723955045
HUST,SDU,0.05,0.0005,86,48716,0.0799377383319146
HUST,SDU,0.03,0.0005,86,48716,0.07749517500392046
HUST,SDU,0.02,0.0005,86,48716,0.0748039779315245
HUST,SDU,0.015,0.0005,86,48716,0.07224211166769383
HUST,SDU,0.01,0.0005,86,48716,0.06758345853855813
HUST,SDU,0.005,0.0005,86,48716,0.05748740162531233
HUST,SDU,1.0,0.001,86,48716,0.0858977003122704
HUST,SDU,0.5,0.001,86,48716,0.08461323919712174
HUST,SDU,0.2,0.001,86,48716,0.08309278836005096
HUST,SDU,0.1,0.001,86,48716,0.08158929038700574
HUST,SDU,0.05,0.001,86,48716,0.07920055675084631
HUST,SDU,0.03,0.001,86,48716,0.07672941155522105
HUST,SDU,0.02,0.001,86,48716,0.0740881640598238
HUST,SDU,0.015,0.001,86,48716,0.07154820980535524
HUST,SDU,0.01,0.001,86,48716,0.06701502143059757
HUST,SDU,0.005,0.001,86,48716,0.057304559886150824
HUST,SDU,1.0,0.002,86,48716,0.08518221934533929
HUST,SDU,0.5,0.002,86,48716,0.083900360192948
HUST,SDU,0.2,0.002,86,48716,0.08237650244006285
HUST,SDU,0.1,0.002,86,48716,0.08062477454982092
HUST,SDU,0.05,0.002,86,48716,0.07810322936869503
HUST,SDU,0.03,0.002,86,48716,0.07560571432047021
HUST,SDU,0.02,0.002,86,48716,0.07301393442356036
HUST,SDU,0.015,0.002,86,48716,0.07062720136323701
HUST,SDU,0.01,0.002,86,48716,0.0664838002114369
HUST,SDU,0.005,0.002,86,48716,0.057043636506133796
HUST,SDU,1.0,0.005,86,48716,0.08420043590323928
HUST,SDU,0.5,0.005,86,48716,0.08301357773957285
HUST,SDU,0.2,0.005,86,48716,0.08111414786753353
HUST,SDU,0.1,0.005,86,48716,0.0789642913432564
HUST,SDU,0.05,0.005,86,48716,0.0763892553410411
HUST,SDU,0.03,0.005,86,48716,0.07401312791394483
HUST,SDU,0.02,0.005,86,48716,0.07182498154198266
HUST,SDU,0.015,0.005,86,48716,0.06982867156405298
HUST,SDU,0.01,0.005,86,48716,0.06596992381277887
HUST,SDU,0.005,0.005,86,48716,0.05651692863078577
HUST,SNL,1.0,0.0,61,96092,0.05556051430560541
HUST,SNL,0.5,0.0,61,96092,0.055865314471752144
HUST,SNL,0.2,0.0,61,96092,0.05645901976134574
HUST,SNL,0.1,0.0,61,96092,0.05719022099186719
HUST,SNL,0.05,0.0,61,96092,0.058345171037180114
HUST,SNL,0.03,0.0,61,96092,0.059605174319924466
HUST,SNL,0.02,0.0,61,96092,0.06101569250086327
HUST,SNL,0.015,0.0,61,96092,0.06233550520660454
HUST,SNL,0.01,0.0,61,96092,0.06498244770216674
HUST,SNL,0.005,0.0,61,96092,0.07224083373869444
HUST,SNL,1.0,0.00025,61,96092,0.056939619250225004
HUST,SNL,0.5,0.00025,61,96092,0.05735484856299218
HUST,SNL,0.2,0.00025,61,96092,0.05802259423737448
HUST,SNL,0.1,0.00025,61,96092,0.05873553233741282
HUST,SNL,0.05,0.00025,61,96092,0.059836826787196845
HUST,SNL,0.03,0.00025,61,96092,0.06109714895506674
HUST,SNL,0.02,0.00025,61,96092,0.06251595010734412
HUST,SNL,0.015,0.00025,61,96092,0.06386111316607607
HUST,SNL,0.01,0.00025,61,96092,0.0664616866073181
HUST,SNL,0.005,0.00025,61,96092,0.07346750997789013
HUST,SNL,1.0,0.0005,61,96092,0.05752232573728562
HUST,SNL,0.5,0.0005,61,96092,0.057905572389437256
HUST,SNL,0.2,0.0005,61,96092,0.05851313624092392
HUST,SNL,0.1,0.0005,61,96092,0.059180507788304366
HUST,SNL,0.05,0.0005,61,96092,0.06025404399902656
HUST,SNL,0.03,0.0005,61,96092,0.06149329338461905
HUST,SNL,0.02,0.0005,61,96092,0.06290710675080877
HUST,SNL,0.015,0.0005,61,96092,0.06424169086905658
HUST,SNL,0.01,0.0005,61,96092,0.06679085851879063
HUST,SNL,0.005,0.0005,61,96092,0.07369702228202057
HUST,SNL,1.0,0.001,61,96092,0.05800851465688779
HUST,SNL,0.5,0.001,61,96092,0.05834162342612131
HUST,SNL,0.2,0.001,61,96092,0.0588930539804507
HUST,SNL,0.1,0.001,61,96092,0.0595369251919376
HUST,SNL,0.05,0.001,61,96092,0.06058824901140894
HUST,SNL,0.03,0.001,61,96092,0.061817604209700366
HUST,SNL,0.02,0.001,61,96092,0.06323993047485638
HUST,SNL,0.015,0.001,61,96092,0.06457844900510627
HUST,SNL,0.01,0.001,61,96092,0.06709428333887049
HUST,SNL,0.005,0.001,61,96092,0.07390723942311477
HUST,SNL,1.0,0.002,61,96092,0.058352857507281065
HUST,SNL,0.5,0.002,61,96092,0.05864815000326275
HUST,SNL,0.2,0.002,61,96092,0.05916671201294295
HUST,SNL,0.1,0.002,61,96092,0.05979976840788402
HUST,SNL,0.05,0.002,61,96092,0.0608720642583544
HUST,SNL,0.03,0.002,61,96092,0.06213033212827045
HUST,SNL,0.02,0.002,61,96092,0.06357441410195533
HUST,SNL,0.015,0.002,61,96092,0.06493886966608843
HUST,SNL,0.01,0.002,61,96092,0.067517741947895
HUST,SNL,0.005,0.002,61,96092,0.07415542830331537
HUST,SNL,1.0,0.005,61,96092,0.05859731370993061
HUST,SNL,0.5,0.005,61,96092,0.05886739691087702
HUST,SNL,0.2,0.005,61,96092,0.059388435968412666
HUST,SNL,0.1,0.005,61,96092,0.06005855233303888
HUST,SNL,0.05,0.005,61,96092,0.06120646286066058
HUST,SNL,0.03,0.005,61,96092,0.06254607709151598
HUST,SNL,0.02,0.005,61,96092,0.06407957033265531
HUST,SNL,0.015,0.005,61,96092,0.06549482954010784
HUST,SNL,0.01,0.005,61,96092,0.06811494552959657
HUST,SNL,0.005,0.005,61,96092,0.07441201247142465
HUST,UL_PUR,1.0,0.0,10,2195,0.03702825325346287
HUST,UL_PUR,0.5,0.0,10,2195,0.03689605685062279
HUST,UL_PUR,0.2,0.0,10,2195,0.03666220681858903
HUST,UL_PUR,0.1,0.0,10,2195,0.036325134737190456
HUST,UL_PUR,0.05,0.0,10,2195,0.03563558403404289
HUST,UL_PUR,0.03,0.0,10,2195,0.0350091601535086
HUST,UL_PUR,0.02,0.0,10,2195,0.035140748546107624
HUST,UL_PUR,0.015,0.0,10,2195,0.03578095292161408
HUST,UL_PUR,0.01,0.0,10,2195,0.0375472038032979
HUST,UL_PUR,0.005,0.0,10,2195,0.04210585435691298
HUST,UL_PUR,1.0,0.00025,10,2195,0.03725968218982239
HUST,UL_PUR,0.5,0.00025,10,2195,0.037136887610907506
HUST,UL_PUR,0.2,0.00025,10,2195,0.03699690954301194
HUST,UL_PUR,0.1,0.00025,10,2195,0.03673142078170046
HUST,UL_PUR,0.05,0.00025,10,2195,0.03604186738853896
HUST,UL_PUR,0.03,0.00025,10,2195,0.03533208722472252
HUST,UL_PUR,0.02,0.00025,10,2195,0.035269114859738875
HUST,UL_PUR,0.015,0.00025,10,2195,0.03582384636594015
HUST,UL_PUR,0.01,0.00025,10,2195,0.03754264081763326
HUST,UL_PUR,0.005,0.00025,10,2195,0.04208031558628603
HUST,UL_PUR,1.0,0.0005,10,2195,0.03727939739555677
HUST,UL_PUR,0.5,0.0005,10,2195,0.03716688141613113
HUST,UL_PUR,0.2,0.0005,10,2195,0.03705391773710999
HUST,UL_PUR,0.1,0.0005,10,2195,0.03683193790981914
HUST,UL_PUR,0.05,0.0005,10,2195,0.036162793849283545
HUST,UL_PUR,0.03,0.0005,10,2195,0.03544924815489647
HUST,UL_PUR,0.02,0.0005,10,2195,0.03530603834769934
HUST,UL_PUR,0.015,0.0005,10,2195,0.03584449395418728
HUST,UL_PUR,0.01,0.0005,10,2195,0.03753540401898126
HUST,UL_PUR,0.005,0.0005,10,2195,0.042056887570761065
HUST,UL_PUR,1.0,0.001,10,2195,0.03726973124368184
HUST,UL_PUR,0.5,0.001,10,2195,0.03717158666737562
HUST,UL_PUR,0.2,0.001,10,2195,0.037050978939011506
HUST,UL_PUR,0.1,0.001,10,2195,0.03688429126623057
HUST,UL_PUR,0.05,0.001,10,2195,0.03630307285370791
HUST,UL_PUR,0.03,0.001,10,2195,0.035559960897598095
HUST,UL_PUR,0.02,0.001,10,2195,0.03533998168998184
HUST,UL_PUR,0.015,0.001,10,2195,0.035863576331016354
HUST,UL_PUR,0.01,0.001,10,2195,0.037501498056293534
HUST,UL_PUR,0.005,0.001,10,2195,0.042021472190260506
HUST,UL_PUR,1.0,0.002,10,2195,0.037211230993536445
HUST,UL_PUR,0.5,0.002,10,2195,0.037138956057510435
HUST,UL_PUR,0.2,0.002,10,2195,0.03707440384007529
HUST,UL_PUR,0.1,0.002,10,2195,0.036958645844921076
HUST,UL_PUR,0.05,0.002,10,2195,0.03639592185909946
HUST,UL_PUR,0.03,0.002,10,2195,0.03559359098110988
HUST,UL_PUR,0.02,0.002,10,2195,0.035381303620835546
HUST,UL_PUR,0.015,0.002,10,2195,0.03586559281030468
HUST,UL_PUR,0.01,0.002,10,2195,0.037467904318940704
HUST,UL_PUR,0.005,0.002,10,2195,0.04198597635776213
HUST,UL_PUR,1.0,0.005,10,2195,0.037204135976294336
HUST,UL_PUR,0.5,0.005,10,2195,0.037177011546517556
HUST,UL_PUR,0.2,0.005,10,2195,0.03711996550645823
HUST,UL_PUR,0.1,0.005,10,2195,0.03700729773811065
HUST,UL_PUR,0.05,0.005,10,2195,0.036442295633769314
HUST,UL_PUR,0.03,0.005,10,2195,0.035649413501695475
HUST,UL_PUR,0.02,0.005,10,2195,0.035389098920798334
HUST,UL_PUR,0.015,0.005,10,2195,0.03584688294875278
HUST,UL_PUR,0.01,0.005,10,2195,0.037441029392335456
HUST,UL_PUR,0.005,0.005,10,2195,0.04196035728342873
HUST,XJTU,1.0,0.0,23,6823,0.15044343338429417
HUST,XJTU,0.5,0.0,23,6823,0.14925255516025543
HUST,XJTU,0.2,0.0,23,6823,0.1468373324879642
HUST,XJTU,0.1,0.0,23,6823,0.14362756658721024
HUST,XJTU,0.05,0.0,23,6823,0.138030709131813
HUST,XJTU,0.03,0.0,23,6823,0.1314419742258325
HUST,XJTU,0.02,0.0,23,6823,0.1243718793023088
HUST,XJTU,0.015,0.0,23,6823,0.11845971089311534
HUST,XJTU,0.01,0.0,23,6823,0.10937194509283238
HUST,XJTU,0.005,0.0,23,6823,0.09501011708158459
HUST,XJTU,1.0,0.00025,23,6823,0.14915954893389238
HUST,XJTU,0.5,0.00025,23,6823,0.1480261431065944
HUST,XJTU,0.2,0.00025,23,6823,0.14579030245744012
HUST,XJTU,0.1,0.00025,23,6823,0.14276277606701485
HUST,XJTU,0.05,0.00025,23,6823,0.1373308455508197
HUST,XJTU,0.03,0.00025,23,6823,0.13081569332012985
HUST,XJTU,0.02,0.00025,23,6823,0.1238037633697722
HUST,XJTU,0.015,0.00025,23,6823,0.11792221219070924
HUST,XJTU,0.01,0.00025,23,6823,0.108712091684532
HUST,XJTU,0.005,0.00025,23,6823,0.09406641546002674
HUST,XJTU,1.0,0.0005,23,6823,0.1483331969309042
HUST,XJTU,0.5,0.0005,23,6823,0.14726175320219698
HUST,XJTU,0.2,0.0005,23,6823,0.1451338154308151
HUST,XJTU,0.1,0.0005,23,6823,0.14218919182559692
HUST,XJTU,0.05,0.0005,23,6823,0.13685777311010985
HUST,XJTU,0.03,0.0005,23,6823,0.13044615819738378
HUST,XJTU,0.02,0.0005,23,6823,0.12351061532559847
HUST,XJTU,0.015,0.0005,23,6823,0.1176576781754938
HUST,XJTU,0.01,0.0005,23,6823,0.10843141608366368
HUST,XJTU,0.005,0.0005,23,6823,0.09367277252243529
HUST,XJTU,1.0,0.001,23,6823,0.14740277480277203
HUST,XJTU,0.5,0.001,23,6823,0.1464173705773029
HUST,XJTU,0.2,0.001,23,6823,0.14438772678754286
HUST,XJTU,0.1,0.001,23,6823,0.14157570996823218
HUST,XJTU,0.05,0.001,23,6823,0.13638748710738358
HUST,XJTU,0.03,0.001,23,6823,0.13010407660914627
HUST,XJTU,0.02,0.001,23,6823,0.1232472078166895
HUST,XJTU,0.015,0.001,23,6823,0.11741517842648014
HUST,XJTU,0.01,0.001,23,6823,0.1081919089767059
HUST,XJTU,0.005,0.001,23,6823,0.09335098538327898
HUST,XJTU,1.0,0.002,23,6823,0.14672767233995795
HUST,XJTU,0.5,0.002,23,6823,0.14581697702524335
HUST,XJTU,0.2,0.002,23,6823,0.14387775546208498
HUST,XJTU,0.1,0.002,23,6823,0.14115230713423382
HUST,XJTU,0.05,0.002,23,6823,0.13608618664741937
HUST,XJTU,0.03,0.002,23,6823,0.1298777514034158
HUST,XJTU,0.02,0.002,23,6823,0.1230890829259124
HUST,XJTU,0.015,0.002,23,6823,0.11727877354813096
HUST,XJTU,0.01,0.002,23,6823,0.10806888963648209
HUST,XJTU,0.005,0.002,23,6823,0.09320537579665972
HUST,XJTU,1.0,0.005,23,6823,0.14627515665709712
HUST,XJTU,0.5,0.005,23,6823,0.1454283293318923
HUST,XJTU,0.2,0.005,23,6823,0.14354852902055287
HUST,XJTU,0.1,0.005,23,6823,0.14087665661639698
HUST,XJTU,0.05,0.005,23,6823,0.13588036148316338
HUST,XJTU,0.03,0.005,23,6823,0.12970920217397866
HUST,XJTU,0.02,0.005,23,6823,0.12296073521240833
HUST,XJTU,0.015,0.005,23,6823,0.11715628970185522
HUST,XJTU,0.01,0.005,23,6823,0.10792389072075256
HUST,XJTU,0.005,0.005,23,6823,0.09300314121257162
MATR,CALB,1.0,0.0,27,2629,0.05771428111003643
MATR,CALB,0.5,0.0,27,2629,0.05696150746344425
MATR,CALB,0.2,0.0,27,2629,0.05548472863848278
MATR,CALB,0.1,0.0,27,2629,0.05359856092798595
MATR,CALB,0.05,0.0,27,2629,0.05079360492511941
MATR,CALB,0.03,0.0,27,2629,0.04832365873794495
MATR,CALB,0.02,0.0,27,2629,0.04638523774122441
MATR,CALB,0.015,0.0,27,2629,0.045136660655350984
MATR,CALB,0.01,0.0,27,2629,0.043636576305121466
MATR,CALB,0.005,0.0,27,2629,0.04192824344858667
MATR,CALB,1.0,0.00025,27,2629,0.057162738947087885
MATR,CALB,0.5,0.00025,27,2629,0.056453861434751514
MATR,CALB,0.2,0.00025,27,2629,0.05500989879791941
MATR,CALB,0.1,0.00025,27,2629,0.05305535872474593
MATR,CALB,0.05,0.00025,27,2629,0.05010589690417359
MATR,CALB,0.03,0.00025,27,2629,0.0474871295465276
MATR,CALB,0.02,0.00025,27,2629,0.04542143614494639
MATR,CALB,0.015,0.00025,27,2629,0.044083263912501953
MATR,CALB,0.01,0.00025,27,2629,0.042476741085243803
MATR,CALB,0.005,0.00025,27,2629,0.04063880290018756
MATR,CALB,1.0,0.0005,27,2629,0.05694746518208609
MATR,CALB,0.5,0.0005,27,2629,0.056265125491525944
MATR,CALB,0.2,0.0005,27,2629,0.05482498962606631
MATR,CALB,0.1,0.0005,27,2629,0.05285472035683969
MATR,CALB,0.05,0.0005,27,2629,0.049845246036852336
MATR,CALB,0.03,0.0005,27,2629,0.04715306144942595
MATR,CALB,0.02,0.0005,27,2629,0.0450200416478532
MATR,CALB,0.015,0.0005,27,2629,0.043635766882129876
MATR,CALB,0.01,0.0005,27,2629,0.04197716874433369
MATR,CALB,0.005,0.0005,27,2629,0.04006694282924249
MATR,CALB,1.0,0.001,27,2629,0.05673859099624149
MATR,CALB,0.5,0.001,27,2629,0.05607709969037956
MATR,CALB,0.2,0.001,27,2629,0.05465024162885336
MATR,CALB,0.1,0.001,27,2629,0.052664227051714405
MATR,CALB,0.05,0.001,27,2629,0.04960501682918538
MATR,CALB,0.03,0.001,27,2629,0.046837597366262175
MATR,CALB,0.02,0.001,27,2629,0.04463247397393404
MATR,CALB,0.015,0.001,27,2629,0.043204449013368104
MATR,CALB,0.01,0.001,27,2629,0.041479956486348564
MATR,CALB,0.005,0.001,27,2629,0.03948213414482712
MATR,CALB,1.0,0.002,27,2629,0.05658581801960752
MATR,CALB,0.5,0.002,27,2629,0.055953634994291374
MATR,CALB,0.2,0.002,27,2629,0.05453783627494532
MATR,CALB,0.1,0.002,27,2629,0.0525444436970246
MATR,CALB,0.05,0.002,27,2629,0.049465839667105396
MATR,CALB,0.03,0.002,27,2629,0.04666858364275485
MATR,CALB,0.02,0.002,27,2629,0.0444357554867516
MATR,CALB,0.015,0.002,27,2629,0.04299165069770856
MATR,CALB,0.01,0.002,27,2629,0.04123919239575927
MATR,CALB,0.005,0.002,27,2629,0.03921156705199052
MATR,CALB,1.0,0.005,27,2629,0.0564851646066402
MATR,CALB,0.5,0.005,27,2629,0.05585412356898343
MATR,CALB,0.2,0.005,27,2629,0.0544314629734502
MATR,CALB,0.1,0.005,27,2629,0.0524396314292411
MATR,CALB,0.05,0.005,27,2629,0.04933808027798901
MATR,CALB,0.03,0.005,27,2629,0.046495234070863714
MATR,CALB,0.02,0.005,27,2629,0.04425059127028866
MATR,CALB,0.015,0.005,27,2629,0.04278992130255545
MATR,CALB,0.01,0.005,27,2629,0.04100824732513223
MATR,CALB,0.005,0.005,27,2629,0.0389403367742976
MATR,CALCE,1.0,0.0,13,14233,0.457803976233467
MATR,CALCE,0.5,0.0,13,14233,0.30262014677094673
MATR,CALCE,0.2,0.0,13,14233,0.13982332850615353
MATR,CALCE,0.1,0.0,13,14233,0.07211571471727508
MATR,CALCE,0.05,0.0,13,14233,0.04982230144985915
MATR,CALCE,0.03,0.0,13,14233,0.044448167687261425
MATR,CALCE,0.02,0.0,13,14233,0.04337261621813752
MATR,CALCE,0.015,0.0,13,14233,0.043534781771429096
MATR,CALCE,0.01,0.0,13,14233,0.04582516777106303
MATR,CALCE,0.005,0.0,13,14233,0.05891456153076158
MATR,CALCE,1.0,0.00025,13,14233,0.39314881267726115
MATR,CALCE,0.5,0.00025,13,14233,0.24524730491356245
MATR,CALCE,0.2,0.00025,13,14233,0.09976307308581998
MATR,CALCE,0.1,0.00025,13,14233,0.054874583451732684
MATR,CALCE,0.05,0.00025,13,14233,0.043569494379096775
MATR,CALCE,0.03,0.00025,13,14233,0.04174836147775618
MATR,CALCE,0.02,0.00025,13,14233,0.0419746361766202
MATR,CALCE,0.015,0.00025,13,14233,0.042719538363035596
MATR,CALCE,0.01,0.00025,13,14233,0.04584319432670554
MATR,CALCE,0.005,0.00025,13,14233,0.05998347989090089
MATR,CALCE,1.0,0.0005,13,14233,0.347503674274018
MATR,CALCE,0.5,0.0005,13,14233,0.2061823322079951
MATR,CALCE,0.2,0.0005,13,14233,0.07715137888798772
MATR,CALCE,0.1,0.0005,13,14233,0.048757443478954235
MATR,CALCE,0.05,0.0005,13,14233,0.041781510402526895
MATR,CALCE,0.03,0.0005,13,14233,0.04108560278285607
MATR,CALCE,0.02,0.0005,13,14233,0.04169178937661682
MATR,CALCE,0.015,0.0005,13,14233,0.042666573949045765
MATR,CALCE,0.01,0.0005,13,14233,0.04610221542132515
MATR,CALCE,0.005,0.0005,13,14233,0.060654044671349744
MATR,CALCE,1.0,0.001,13,14233,0.2887631501727536
MATR,CALCE,0.5,0.001,13,14233,0.1547793466433282
MATR,CALCE,0.2,0.001,13,14233,0.060637562426392545
MATR,CALCE,0.1,0.001,13,14233,0.044197386191314386
MATR,CALCE,0.05,0.001,13,14233,0.04051128845810302
MATR,CALCE,0.03,0.001,13,14233,0.04061218783621664
MATR,CALCE,0.02,0.001,13,14233,0.041616099284435694
MATR,CALCE,0.015,0.001,13,14233,0.04278865113598881
MATR,CALCE,0.01,0.001,13,14233,0.046443424001736296
MATR,CALCE,0.005,0.001,13,14233,0.061447010736009305
MATR,CALCE,1.0,0.002,13,14233,0.221895499186456
MATR,CALCE,0.5,0.002,13,14233,0.10409722629377277
MATR,CALCE,0.2,0.002,13,14233,0.050184200861078006
MATR,CALCE,0.1,0.002,13,14233,0.04134771881236614
MATR,CALCE,0.05,0.002,13,14233,0.039770434502189485
MATR,CALCE,0.03,0.002,13,14233,0.04039523156365203
MATR,CALCE,0.02,0.002,13,14233,0.04166953058588652
MATR,CALCE,0.015,0.002,13,14233,0.04293707185431598
MATR,CALCE,0.01,0.002,13,14233,0.046701276095240704
MATR,CALCE,0.005,0.002,13,14233,0.06216370458913567
MATR,CALCE,1.0,0.005,13,14233,0.1331980678266012
MATR,CALCE,0.5,0.005,13,14233,0.06668948753297228
MATR,CALCE,0.2,0.005,13,14233,0.04296862141125091
MATR,CALCE,0.1,0.005,13,14233,0.03944258593312104
MATR,CALCE,0.05,0.005,13,14233,0.039316305531153034
MATR,CALCE,0.03,0.005,13,14233,0.04036993620480679
MATR,CALCE,0.02,0.005,13,14233,0.04180661962950497
MATR,CALCE,0.015,0.005,13,14233,0.043120631011016416
MATR,CALCE,0.01,0.005,13,14233,0.047003477873219054
MATR,CALCE,0.005,0.005,13,14233,0.06280028150165783
MATR,HNEI,1.0,0.0,14,15085,0.327625951609228
MATR,HNEI,0.5,0.0,14,15085,0.2352918554789538
MATR,HNEI,0.2,0.0,14,15085,0.11825495769701248
MATR,HNEI,0.1,0.0,14,15085,0.06511458091281601
MATR,HNEI,0.05,0.0,14,15085,0.03963171768727726
MATR,HNEI,0.03,0.0,14,15085,0.03291065855241924
MATR,HNEI,0.02,0.0,14,15085,0.030204599439447085
MATR,HNEI,0.015,0.0,14,15085,0.03075735138380273
MATR,HNEI,0.01,0.0,14,15085,0.037414164394585225
MATR,HNEI,0.005,0.0,14,15085,0.07018272236187625
MATR,HNEI,1.0,0.00025,14,15085,0.2826186779630618
MATR,HNEI,0.5,0.00025,14,15085,0.1929185563074434
MATR,HNEI,0.2,0.00025,14,15085,0.08795954333817971
MATR,HNEI,0.1,0.00025,14,15085,0.04792546818652773
MATR,HNEI,0.05,0.00025,14,15085,0.03376829164074126
MATR,HNEI,0.03,0.00025,14,15085,0.029341595277097527
MATR,HNEI,0.02,0.00025,14,15085,0.02750658032267702
MATR,HNEI,0.015,0.00025,14,15085,0.028353259975635037
MATR,HNEI,0.01,0.00025,14,15085,0.03503897191743543
MATR,HNEI,0.005,0.00025,14,15085,0.06831010171794465
MATR,HNEI,1.0,0.0005,14,15085,0.24419261739523668
MATR,HNEI,0.5,0.0005,14,15085,0.16230663037807178
MATR,HNEI,0.2,0.0005,14,15085,0.06959254922968919
MATR,HNEI,0.1,0.0005,14,15085,0.040302589012127174
MATR,HNEI,0.05,0.0005,14,15085,0.030848608376793533
MATR,HNEI,0.03,0.0005,14,15085,0.027462744277671515
MATR,HNEI,0.02,0.0005,14,15085,0.026109472188470945
MATR,HNEI,0.015,0.0005,14,15085,0.02699066811660033
MATR,HNEI,0.01,0.0005,14,15085,0.03371443820668089
MATR,HNEI,0.005,0.0005,14,15085,0.06712512280721572
MATR,HNEI,1.0,0.001,14,15085,0.1972056503455268
MATR,HNEI,0.5,0.001,14,15085,0.123452208274909
MATR,HNEI,0.2,0.001,14,15085,0.05252909725556406
MATR,HNEI,0.1,0.001,14,15085,0.03443911440366469
MATR,HNEI,0.05,0.001,14,15085,0.028389957502974312
MATR,HNEI,0.03,0.001,14,15085,0.02582729586356219
MATR,HNEI,0.02,0.001,14,15085,0.02473458518862027
MATR,HNEI,0.015,0.001,14,15085,0.025694731550284233
MATR,HNEI,0.01,0.001,14,15085,0.03245592605799362
MATR,HNEI,0.005,0.001,14,15085,0.06615084831303877
MATR,HNEI,1.0,0.002,14,15085,0.14825539117568515
MATR,HNEI,0.5,0.002,14,15085,0.08494926116480055
MATR,HNEI,0.2,0.002,14,15085,0.04122154918419297
MATR,HNEI,0.1,0.002,14,15085,0.030437502849516185
MATR,HNEI,0.05,0.002,14,15085,0.026555326323632385
MATR,HNEI,0.03,0.002,14,15085,0.024505228403445867
MATR,HNEI,0.02,0.002,14,15085,0.023697609567350453
MATR,HNEI,0.015,0.002,14,15085,0.024818608926873414
MATR,HNEI,0.01,0.002,14,15085,0.03165708174744038
MATR,HNEI,0.005,0.002,14,15085,0.06566781350584915
MATR,HNEI,1.0,0.005,14,15085,0.09027458540431876
MATR,HNEI,0.5,0.005,14,15085,0.0538407173447052
MATR,HNEI,0.2,0.005,14,15085,0.032472225662948453
MATR,HNEI,0.1,0.005,14,15085,0.0272245370820647
MATR,HNEI,0.05,0.005,14,15085,0.024953221222681267
MATR,HNEI,0.03,0.005,14,15085,0.023399744865630796
MATR,HNEI,0.02,0.005,14,15085,0.022915443841475185
MATR,HNEI,0.015,0.005,14,15085,0.024224119561528156
MATR,HNEI,0.01,0.005,14,15085,0.031236079004385277
MATR,HNEI,0.005,0.005,14,15085,0.06550470727732503
MATR,HUST,1.0,0.0,77,145735,0.042733749386054114
MATR,HUST,0.5,0.0,77,145735,0.04257755927099878
MATR,HUST,0.2,0.0,77,145735,0.042294450536272385
MATR,HUST,0.1,0.0,77,145735,0.041956346030030275
MATR,HUST,0.05,0.0,77,145735,0.041378366635637334
MATR,HUST,0.03,0.0,77,145735,0.040666822449203506
MATR,HUST,0.02,0.0,77,145735,0.03981532386913483
MATR,HUST,0.015,0.0,77,145735,0.03898678484210353
MATR,HUST,0.01,0.0,77,145735,0.037396545511511316
MATR,HUST,0.005,0.0,77,145735,0.03330526099468911
MATR,HUST,1.0,0.00025,77,145735,0.043104688004029994
MATR,HUST,0.5,0.00025,77,145735,0.04296045392218149
MATR,HUST,0.2,0.00025,77,145735,0.042695269047796414
MATR,HUST,0.1,0.00025,77,145735,0.04237875148084934
MATR,HUST,0.05,0.00025,77,145735,0.041838596188846486
MATR,HUST,0.03,0.00025,77,145735,0.04115178958678393
MATR,HUST,0.02,0.00025,77,145735,0.040317090618460144
MATR,HUST,0.015,0.00025,77,145735,0.03948500505702408
MATR,HUST,0.01,0.00025,77,145735,0.037846574047010216
MATR,HUST,0.005,0.00025,77,145735,0.033511909826279565
MATR,HUST,1.0,0.0005,77,145735,0.04305416822060663
MATR,HUST,0.5,0.0005,77,145735,0.042909991541944824
MATR,HUST,0.2,0.0005,77,145735,0.04264817644073533
MATR,HUST,0.1,0.0005,77,145735,0.042344609933924825
MATR,HUST,0.05,0.0005,77,145735,0.04182163238764831
MATR,HUST,0.03,0.0005,77,145735,0.04114846427469489
MATR,HUST,0.02,0.0005,77,145735,0.04032550158081483
MATR,HUST,0.015,0.0005,77,145735,0.03950219695698715
MATR,HUST,0.01,0.0005,77,145735,0.03786906223768038
MATR,HUST,0.005,0.0005,77,145735,0.03353126508027938
MATR,HUST,1.0,0.001,77,145735,0.04299688629729698
MATR,HUST,0.5,0.001,77,145735,0.042856175112544206
MATR,HUST,0.2,0.001,77,145735,0.0426046314896847
MATR,HUST,0.1,0.001,77,145735,0.04231485879257367
MATR,HUST,0.05,0.001,77,145735,0.041808637218006484
MATR,HUST,0.03,0.001,77,145735,0.0411462590781034
MATR,HUST,0.02,0.001,77,145735,0.04033311568913284
MATR,HUST,0.015,0.001,77,145735,0.03951620622203549
MATR,HUST,0.01,0.001,77,145735,0.03788647535872312
MATR,HUST,0.005,0.001,77,145735,0.03354563205439039
MATR,HUST,1.0,0.002,77,145735,0.0429469158798027
MATR,HUST,0.5,0.002,77,145735,0.042813057181128024
MATR,HUST,0.2,0.002,77,145735,0.04257252093556659
MATR,HUST,0.1,0.002,77,145735,0.04229467021140331
MATR,HUST,0.05,0.002,77,145735,0.041801217276115694
MATR,HUST,0.03,0.002,77,145735,0.041145953859961296
MATR,HUST,0.02,0.002,77,145735,0.04033927507760375
MATR,HUST,0.015,0.002,77,145735,0.0395258328280744
MATR,HUST,0.01,0.002,77,145735,0.037898812370480865
MATR,HUST,0.005,0.002,77,145735,0.033556200864588236
MATR,HUST,1.0,0.005,77,145735,0.04291355047242067
MATR,HUST,0.5,0.005,77,145735,0.04278845262020106
MATR,HUST,0.2,0.005,77,145735,0.04255893854699115
MATR,HUST,0.1,0.005,77,145735,0.04228993680830299
MATR,HUST,0.05,0.005,77,145735,0.04180215168032764
MATR,HUST,0.03,0.005,77,145735,0.04115054999235173
MATR,HUST,0.02,0.005,77,145735,0.040346752233634
MATR,HUST,0.015,0.005,77,145735,0.03953398794096549
MATR,HUST,0.01,0.005,77,145735,0.03790763334580379
MATR,HUST,0.005,0.005,77,145735,0.033564050837699054
MATR,MICH,1.0,0.0,40,19681,0.07579361870588912
MATR,MICH,0.5,0.0,40,19681,0.07665674599882802
MATR,MICH,0.2,0.0,40,19681,0.0786567181733797
MATR,MICH,0.1,0.0,40,19681,0.08141547545907028
MATR,MICH,0.05,0.0,40,19681,0.08568176665536707
MATR,MICH,0.03,0.0,40,19681,0.08968579833610721
MATR,MICH,0.02,0.0,40,19681,0.09354744745434543
MATR,MICH,0.015,0.0,40,19681,0.09699470828814574
MATR,MICH,0.01,0.0,40,19681,0.10306075737246023
MATR,MICH,0.005,0.0,40,19681,0.11541254831714284
MATR,MICH,1.0,0.00025,40,19681,0.07623155640899962
MATR,MICH,0.5,0.00025,40,19681,0.07712738740411476
MATR,MICH,0.2,0.00025,40,19681,0.07911747141365434
MATR,MICH,0.1,0.00025,40,19681,0.08185266124681458
MATR,MICH,0.05,0.00025,40,19681,0.08599988265981208
MATR,MICH,0.03,0.00025,40,19681,0.08979320236098622
MATR,MICH,0.02,0.00025,40,19681,0.09350483035944038
MATR,MICH,0.015,0.00025,40,19681,0.09689956903465916
MATR,MICH,0.01,0.00025,40,19681,0.10301478223763443
MATR,MICH,0.005,0.00025,40,19681,0.11538550045505755
MATR,MICH,1.0,0.0005,40,19681,0.07659452037229862
MATR,MICH,0.5,0.0005,40,19681,0.077440094083186
MATR,MICH,0.2,0.0005,40,19681,0.07940741794362857
MATR,MICH,0.1,0.0005,40,19681,0.0820966719521345
MATR,MICH,0.05,0.0005,40,19681,0.0861559168324559
MATR,MICH,0.03,0.0005,40,19681,0.08986009966065928
MATR,MICH,0.02,0.0005,40,19681,0.0935176919950642
MATR,MICH,0.015,0.0005,40,19681,0.09688355030354992
MATR,MICH,0.01,0.0005,40,19681,0.10300640765791899
MATR,MICH,0.005,0.0005,40,19681,0.11539412361973907
MATR,MICH,1.0,0.001,40,19681,0.07700226690060559
MATR,MICH,0.5,0.001,40,19681,0.07778926992712071
MATR,MICH,0.2,0.001,40,19681,0.07970174836259462
MATR,MICH,0.1,0.001,40,19681,0.08235031051105969
MATR,MICH,0.05,0.001,40,19681,0.08630439484835412
MATR,MICH,0.03,0.001,40,19681,0.08994655882777355
MATR,MICH,0.02,0.001,40,19681,0.09353709483122537
MATR,MICH,0.015,0.001,40,19681,0.09688400613224366
MATR,MICH,0.01,0.001,40,19681,0.1030108552562687
MATR,MICH,0.005,0.001,40,19681,0.11541465983520323
MATR,MICH,1.0,0.002,40,19681,0.07738723043909508
MATR,MICH,0.5,0.002,40,19681,0.07811960822793865
MATR,MICH,0.2,0.002,40,19681,0.07997229406540587
MATR,MICH,0.1,0.002,40,19681,0.08258249175387607
MATR,MICH,0.05,0.002,40,19681,0.08642161459398788
MATR,MICH,0.03,0.002,40,19681,0.09001323442276735
MATR,MICH,0.02,0.002,40,19681,0.09356424682258271
MATR,MICH,0.015,0.002,40,19681,0.09690074332817855
MATR,MICH,0.01,0.002,40,19681,0.10302543143019802
MATR,MICH,0.005,0.002,40,19681,0.11544272298630812
MATR,MICH,1.0,0.005,40,19681,0.07772908749706717
MATR,MICH,0.5,0.005,40,19681,0.07841846681486585
MATR,MICH,0.2,0.005,40,19681,0.08022310380632804
MATR,MICH,0.1,0.005,40,19681,0.0827828284316403
MATR,MICH,0.05,0.005,40,19681,0.08654143501765342
MATR,MICH,0.03,0.005,40,19681,0.09008126860631072
MATR,MICH,0.02,0.005,40,19681,0.0936092852858446
MATR,MICH,0.015,0.005,40,19681,0.0969288753739769
MATR,MICH,0.01,0.005,40,19681,0.10304735066892179
MATR,MICH,0.005,0.005,40,19681,0.11546972005270131
MATR,MICH_EXP,1.0,0.0,18,6455,0.2081939822903371
MATR,MICH_EXP,0.5,0.0,18,6455,0.150942475762229
MATR,MICH_EXP,0.2,0.0,18,6455,0.11167503616280497
MATR,MICH_EXP,0.1,0.0,18,6455,0.10014553969541888
MATR,MICH_EXP,0.05,0.0,18,6455,0.09548231226648393
MATR,MICH_EXP,0.03,0.0,18,6455,0.09290806594658411
MATR,MICH_EXP,0.02,0.0,18,6455,0.09062991588760685
MATR,MICH_EXP,0.015,0.0,18,6455,0.08876437845885193
MATR,MICH_EXP,0.01,0.0,18,6455,0.08646231194044751
MATR,MICH_EXP,0.005,0.0,18,6455,0.08690084127861897
MATR,MICH_EXP,1.0,0.00025,18,6455,0.200294279574593
MATR,MICH_EXP,0.5,0.00025,18,6455,0.14246465804555208
MATR,MICH_EXP,0.2,0.00025,18,6455,0.1055369425421005
MATR,MICH_EXP,0.1,0.00025,18,6455,0.09794828616348127
MATR,MICH_EXP,0.05,0.00025,18,6455,0.09457746447038888
MATR,MICH_EXP,0.03,0.00025,18,6455,0.0923072178446382
MATR,MICH_EXP,0.02,0.00025,18,6455,0.09022113213592817
MATR,MICH_EXP,0.015,0.00025,18,6455,0.08848815819853519
MATR,MICH_EXP,0.01,0.00025,18,6455,0.08628360893264386
MATR,MICH_EXP,0.005,0.00025,18,6455,0.08672677654163036
MATR,MICH_EXP,1.0,0.0005,18,6455,0.1921944143322833
MATR,MICH_EXP,0.5,0.0005,18,6455,0.13392871528030934
MATR,MICH_EXP,0.2,0.0005,18,6455,0.1027435438294601
MATR,MICH_EXP,0.1,0.0005,18,6455,0.09708588500527007
MATR,MICH_EXP,0.05,0.0005,18,6455,0.0942712538776703
MATR,MICH_EXP,0.03,0.0005,18,6455,0.09211204432501173
MATR,MICH_EXP,0.02,0.0005,18,6455,0.09005095986213478
MATR,MICH_EXP,0.015,0.0005,18,6455,0.08832261760395597
MATR,MICH_EXP,0.01,0.0005,18,6455,0.08608933086460277
MATR,MICH_EXP,0.005,0.0005,18,6455,0.0865456792272876
MATR,MICH_EXP,1.0,0.001,18,6455,0.176233350921762
MATR,MICH_EXP,0.5,0.001,18,6455,0.12170734862456281
MATR,MICH_EXP,0.2,0.001,18,6455,0.10050545548888705
MATR,MICH_EXP,0.1,0.001,18,6455,0.09639295678121355
MATR,MICH_EXP,0.05,0.001,18,6455,0.09398335759784666
MATR,MICH_EXP,0.03,0.001,18,6455,0.09186521637667625
MATR,MICH_EXP,0.02,0.001,18,6455,0.08976263459687611
MATR,MICH_EXP,0.015,0.001,18,6455,0.08799048924652805
MATR,MICH_EXP,0.01,0.001,18,6455,0.08569169331497403
MATR,MICH_EXP,0.005,0.001,18,6455,0.08617350221439976
MATR,MICH_EXP,1.0,0.002,18,6455,0.15020263398901323
MATR,MICH_EXP,0.5,0.002,18,6455,0.11232159535658595
MATR,MICH_EXP,0.2,0.002,18,6455,0.09869635364949025
MATR,MICH_EXP,0.1,0.002,18,6455,0.09587605252822777
MATR,MICH_EXP,0.05,0.002,18,6455,0.09367327808920207
MATR,MICH_EXP,0.03,0.002,18,6455,0.09151114478547234
MATR,MICH_EXP,0.02,0.002,18,6455,0.08929394821369713
MATR,MICH_EXP,0.015,0.002,18,6455,0.08741058695237089
MATR,MICH_EXP,0.01,0.002,18,6455,0.08513047981075034
MATR,MICH_EXP,0.005,0.002,18,6455,0.08569108006898157
MATR,MICH_EXP,1.0,0.005,18,6455,0.12445362506558028
MATR,MICH_EXP,0.5,0.005,18,6455,0.10422481751782439
MATR,MICH_EXP,0.2,0.005,18,6455,0.09714834404382282
MATR,MICH_EXP,0.1,0.005,18,6455,0.095233586677551
MATR,MICH_EXP,0.05,0.005,18,6455,0.0930244551813838
MATR,MICH_EXP,0.03,0.005,18,6455,0.09059250614338032
MATR,MICH_EXP,0.02,0.005,18,6455,0.0882044024893962
MATR,MICH_EXP,0.015,0.005,18,6455,0.08617149559484594
MATR,MICH_EXP,0.01,0.005,18,6455,0.08395019059644625
MATR,MICH_EXP,0.005,0.005,18,6455,0.08497426253243567
MATR,RWTH,1.0,0.0,48,105140,0.14632023834090555
MATR,RWTH,0.5,0.0,48,105140,0.1463234473291831
MATR,RWTH,0.2,0.0,48,105140,0.14631847451709942
MATR,RWTH,0.1,0.0,48,105140,0.1463129753982972
MATR,RWTH,0.05,0.0,48,105140,0.14623505438031695
MATR,RWTH,0.03,0.0,48,105140,0.14607275309055778
MATR,RWTH,0.02,0.0,48,105140,0.14587159402530234
MATR,RWTH,0.015,0.0,48,105140,0.14571765188988317
MATR,RWTH,0.01,0.0,48,105140,0.14566396613019691
MATR,RWTH,0.005,0.0,48,105140,0.14869082300080874
MATR,RWTH,1.0,0.00025,48,105140,0.14727404122778143
MATR,RWTH,0.5,0.00025,48,105140,0.1473027428984565
MATR,RWTH,0.2,0.00025,48,105140,0.14733517139253
MATR,RWTH,0.1,0.00025,48,105140,0.14730286681832178
MATR,RWTH,0.05,0.00025,48,105140,0.14713696793474984
MATR,RWTH,0.03,0.00025,48,105140,0.14684967068092084
MATR,RWTH,0.02,0.00025,48,105140,0.14647036152478687
MATR,RWTH,0.015,0.00025,48,105140,0.14616008662752106
MATR,RWTH,0.01,0.00025,48,105140,0.14591269005799432
MATR,RWTH,0.005,0.00025,48,105140,0.1488976378631421
MATR,RWTH,1.0,0.0005,48,105140,0.14731600476341686
MATR,RWTH,0.5,0.0005,48,105140,0.14736289760777682
MATR,RWTH,0.2,0.0005,48,105140,0.14741783004583253
MATR,RWTH,0.1,0.0005,48,105140,0.14739732634151403
MATR,RWTH,0.05,0.0005,48,105140,0.14723629822324727
MATR,RWTH,0.03,0.0005,48,105140,0.14693999771034708
MATR,RWTH,0.02,0.0005,48,105140,0.14655221148980416
MATR,RWTH,0.015,0.0005,48,105140,0.14623041589282354
MATR,RWTH,0.01,0.0005,48,105140,0.14595630656012246
MATR,RWTH,0.005,0.0005,48,105140,0.14894363615106046
MATR,RWTH,1.0,0.001,48,105140,0.14735720420471957
MATR,RWTH,0.5,0.001,48,105140,0.1474304426832346
MATR,RWTH,0.2,0.001,48,105140,0.14750502411680483
MATR,RWTH,0.1,0.001,48,105140,0.14749093441490446
MATR,RWTH,0.05,0.001,48,105140,0.14733251957743165
MATR,RWTH,0.03,0.001,48,105140,0.14703885082494972
MATR,RWTH,0.02,0.001,48,105140,0.1466531448008369
MATR,RWTH,0.015,0.001,48,105140,0.14633216507832342
MATR,RWTH,0.01,0.001,48,105140,0.14604305438450713
MATR,RWTH,0.005,0.001,48,105140,0.1490478103395054
MATR,RWTH,1.0,0.002,48,105140,0.14742382126992604
MATR,RWTH,0.5,0.002,48,105140,0.14751812132680117
MATR,RWTH,0.2,0.002,48,105140,0.14759745808249927
MATR,RWTH,0.1,0.002,48,105140,0.14758345660657043
MATR,RWTH,0.05,0.002,48,105140,0.14743343148738164
MATR,RWTH,0.03,0.002,48,105140,0.14715843822726113
MATR,RWTH,0.02,0.002,48,105140,0.14679148265219585
MATR,RWTH,0.015,0.002,48,105140,0.14649092879088696
MATR,RWTH,0.01,0.002,48,105140,0.14621320912332073
MATR,RWTH,0.005,0.002,48,105140,0.1492848650580302
MATR,RWTH,1.0,0.005,48,105140,0.14752298113375856
MATR,RWTH,0.5,0.005,48,105140,0.14761028029681197
MATR,RWTH,0.2,0.005,48,105140,0.1476902822210689
MATR,RWTH,0.1,0.005,48,105140,0.14769166471873751
MATR,RWTH,0.05,0.005,48,105140,0.1475914667224023
MATR,RWTH,0.03,0.005,48,105140,0.1473763019766672
MATR,RWTH,0.02,0.005,48,105140,0.14708925461794914
MATR,RWTH,0.015,0.005,48,105140,0.14685884020225964
MATR,RWTH,0.01,0.005,48,105140,0.1466984098160838
MATR,RWTH,0.005,0.005,48,105140,0.1499968756278923
MATR,SDU,1.0,0.0,86,48716,0.08634705946440313
MATR,SDU,0.5,0.0,86,48716,0.08489334806480571
MATR,SDU,0.2,0.0,86,48716,0.08301475650276652
MATR,SDU,0.1,0.0,86,48716,0.08151305398671706
MATR,SDU,0.05,0.0,86,48716,0.07951733201004811
MATR,SDU,0.03,0.0,86,48716,0.0769939900553598
MATR,SDU,0.02,0.0,86,48716,0.07374782773947154
MATR,SDU,0.015,0.0,86,48716,0.0706238225670794
MATR,SDU,0.01,0.0,86,48716,0.06517993239277539
MATR,SDU,0.005,0.0,86,48716,0.05461048502502936
MATR,SDU,1.0,0.00025,86,48716,0.0852651359937521
MATR,SDU,0.5,0.00025,86,48716,0.08387939063543326
MATR,SDU,0.2,0.00025,86,48716,0.08211137868872805
MATR,SDU,0.1,0.00025,86,48716,0.0807665110283069
MATR,SDU,0.05,0.00025,86,48716,0.07884136232856515
MATR,SDU,0.03,0.00025,86,48716,0.07636639243565267
MATR,SDU,0.02,0.00025,86,48716,0.07321131815300017
MATR,SDU,0.015,0.00025,86,48716,0.07017669219051545
MATR,SDU,0.01,0.00025,86,48716,0.0648494559239272
MATR,SDU,0.005,0.00025,86,48716,0.0546101353686031
MATR,SDU,1.0,0.0005,86,48716,0.08470126525895959
MATR,SDU,0.5,0.0005,86,48716,0.08328062644491271
MATR,SDU,0.2,0.0005,86,48716,0.08160688879284143
MATR,SDU,0.1,0.0005,86,48716,0.08029829970824004
MATR,SDU,0.05,0.0005,86,48716,0.07836158240594022
MATR,SDU,0.03,0.0005,86,48716,0.07588934876804619
MATR,SDU,0.02,0.0005,86,48716,0.07277745425575731
MATR,SDU,0.015,0.0005,86,48716,0.06980652630965939
MATR,SDU,0.01,0.0005,86,48716,0.06454627319877125
MATR,SDU,0.005,0.0005,86,48716,0.05459970349360895
MATR,SDU,1.0,0.001,86,48716,0.08398266712894037
MATR,SDU,0.5,0.001,86,48716,0.08253369724184095
MATR,SDU,0.2,0.001,86,48716,0.0809826097744928
MATR,SDU,0.1,0.001,86,48716,0.07966163707736687
MATR,SDU,0.05,0.001,86,48716,0.07763322075596064
MATR,SDU,0.03,0.001,86,48716,0.07512198331792724
MATR,SDU,0.02,0.001,86,48716,0.07208000036701102
MATR,SDU,0.015,0.001,86,48716,0.069203802340491
MATR,SDU,0.01,0.001,86,48716,0.06412560482128778
MATR,SDU,0.005,0.001,86,48716,0.054597020569829714
MATR,SDU,1.0,0.002,86,48716,0.08314545455929982
MATR,SDU,0.5,0.002,86,48716,0.08174983491789733
MATR,SDU,0.2,0.002,86,48716,0.08026909346418373
MATR,SDU,0.1,0.002,86,48716,0.07879435167346234
MATR,SDU,0.05,0.002,86,48716,0.07658601476721386
MATR,SDU,0.03,0.002,86,48716,0.07400109173751052
MATR,SDU,0.02,0.002,86,48716,0.07114701945123597
MATR,SDU,0.015,0.002,86,48716,0.06850007227277029
MATR,SDU,0.01,0.002,86,48716,0.06379338847292942
MATR,SDU,0.005,0.002,86,48716,0.054562748444351626
MATR,SDU,1.0,0.005,86,48716,0.08198774633132147
MATR,SDU,0.5,0.005,86,48716,0.08075757092202461
MATR,SDU,0.2,0.005,86,48716,0.07903700326244534
MATR,SDU,0.1,0.005,86,48716,0.0771669840056925
MATR,SDU,0.05,0.005,86,48716,0.0745875693462101
MATR,SDU,0.03,0.005,86,48716,0.07230624647960851
MATR,SDU,0.02,0.005,86,48716,0.07000999164033254
MATR,SDU,0.015,0.005,86,48716,0.06780820947176741
MATR,SDU,0.01,0.005,86,48716,0.06338142008206477
MATR,SDU,0.005,0.005,86,48716,0.05405370222059044
MATR,SNL,1.0,0.0,61,96092,0.058086010134257765
MATR,SNL,0.5,0.0,61,96092,0.05858119494423631
MATR,SNL,0.2,0.0,61,96092,0.0592657331897814
MATR,SNL,0.1,0.0,61,96092,0.059910079443650795
MATR,SNL,0.05,0.0,61,96092,0.06103569782925677
MATR,SNL,0.03,0.0,61,96092,0.06248564471583932
MATR,SNL,0.02,0.0,61,96092,0.0642909778730574
MATR,SNL,0.015,0.0,61,96092,0.06605003661206836
MATR,SNL,0.01,0.0,61,96092,0.06926666986950795
MATR,SNL,0.005,0.0,61,96092,0.0760390822210485
MATR,SNL,1.0,0.00025,61,96092,0.061398789340243815
MATR,SNL,0.5,0.00025,61,96092,0.06198131343411541
MATR,SNL,0.2,0.00025,61,96092,0.06278416731018753
MATR,SNL,0.1,0.00025,61,96092,0.06354898330872291
MATR,SNL,0.05,0.00025,61,96092,0.0646429277400136
MATR,SNL,0.03,0.00025,61,96092,0.0659170591052867
MATR,SNL,0.02,0.00025,61,96092,0.0674449993014231
MATR,SNL,0.015,0.00025,61,96092,0.06889127326616246
MATR,SNL,0.01,0.00025,61,96092,0.07151247019295738
MATR,SNL,0.005,0.00025,61,96092,0.07712589130412652
MATR,SNL,1.0,0.0005,61,96092,0.06264754124148934
MATR,SNL,0.5,0.0005,61,96092,0.0630883560344637
MATR,SNL,0.2,0.0005,61,96092,0.06374092278138749
MATR,SNL,0.1,0.0005,61,96092,0.06439123853470552
MATR,SNL,0.05,0.0005,61,96092,0.065384075457813
MATR,SNL,0.03,0.0005,61,96092,0.06659893896206953
MATR,SNL,0.02,0.0005,61,96092,0.06807387174981017
MATR,SNL,0.015,0.0005,61,96092,0.06947730213433524
MATR,SNL,0.01,0.0005,61,96092,0.07200729120198741
MATR,SNL,0.005,0.0005,61,96092,0.07753895246127349
MATR,SNL,1.0,0.001,61,96092,0.0634388736484737
MATR,SNL,0.5,0.001,61,96092,0.06377139790967888
MATR,SNL,0.2,0.001,61,96092,0.06430258294096701
MATR,SNL,0.1,0.001,61,96092,0.06487432020779167
MATR,SNL,0.05,0.001,61,96092,0.06583405231066718
MATR,SNL,0.03,0.001,61,96092,0.06704437033058243
MATR,SNL,0.02,0.001,61,96092,0.06851851282088388
MATR,SNL,0.015,0.001,61,96092,0.06992907213847209
MATR,SNL,0.01,0.001,61,96092,0.07247929124364225
MATR,SNL,0.005,0.001,61,96092,0.07802161209368855
MATR,SNL,1.0,0.002,61,96092,0.06389179571152434
MATR,SNL,0.5,0.002,61,96092,0.06415845128178135
MATR,SNL,0.2,0.002,61,96092,0.06462248579073739
MATR,SNL,0.1,0.002,61,96092,0.06517296514058016
MATR,SNL,0.05,0.002,61,96092,0.06615355645492264
MATR,SNL,0.03,0.002,61,96092,0.0674122043861145
MATR,SNL,0.02,0.002,61,96092,0.0689309862874685
MATR,SNL,0.015,0.002,61,96092,0.07039654896500315
MATR,SNL,0.01,0.002,61,96092,0.07305626815180853
MATR,SNL,0.005,0.002,61,96092,0.07861600722669089
MATR,SNL,1.0,0.005,61,96092,0.06419029556674158
MATR,SNL,0.5,0.005,61,96092,0.06442177267758596
MATR,SNL,0.2,0.005,61,96092,0.0648784304431663
MATR,SNL,0.1,0.005,61,96092,0.06547849785060529
MATR,SNL,0.05,0.005,61,96092,0.06655358609426434
MATR,SNL,0.03,0.005,61,96092,0.0679303790055006
MATR,SNL,0.02,0.005,61,96092,0.06960033693722413
MATR,SNL,0.015,0.005,61,96092,0.07118765552341381
MATR,SNL,0.01,0.005,61,96092,0.07390306895676181
MATR,SNL,0.005,0.005,61,96092,0.07945279761955379
MATR,UL_PUR,1.0,0.0,10,2195,0.03705231162796341
MATR,UL_PUR,0.5,0.0,10,2195,0.03674968415414806
MATR,UL_PUR,0.2,0.0,10,2195,0.03634274897986731
MATR,UL_PUR,0.1,0.0,10,2195,0.0359820405359351
MATR,UL_PUR,0.05,0.0,10,2195,0.03551489980636551
MATR,UL_PUR,0.03,0.0,10,2195,0.03528401908522104
MATR,UL_PUR,0.02,0.0,10,2195,0.03546075867097713
MATR,UL_PUR,0.015,0.0,10,2195,0.03603510772594174
MATR,UL_PUR,0.01,0.0,10,2195,0.037811462292086415
MATR,UL_PUR,0.005,0.0,10,2195,0.04234416068366772
MATR,UL_PUR,1.0,0.00025,10,2195,0.03694334522725693
MATR,UL_PUR,0.5,0.00025,10,2195,0.036677872996736784
MATR,UL_PUR,0.2,0.00025,10,2195,0.036362445251557754
MATR,UL_PUR,0.1,0.00025,10,2195,0.03608820362168979
MATR,UL_PUR,0.05,0.00025,10,2195,0.03567366125274447
MATR,UL_PUR,0.03,0.00025,10,2195,0.035375350508468954
MATR,UL_PUR,0.02,0.00025,10,2195,0.03547807196184888
MATR,UL_PUR,0.015,0.00025,10,2195,0.03602769390787283
MATR,UL_PUR,0.01,0.00025,10,2195,0.03778113674517554
MATR,UL_PUR,0.005,0.00025,10,2195,0.042319972926597754
MATR,UL_PUR,1.0,0.0005,10,2195,0.03682723081156079
MATR,UL_PUR,0.5,0.0005,10,2195,0.03656427208118836
MATR,UL_PUR,0.2,0.0005,10,2195,0.036329297483656965
MATR,UL_PUR,0.1,0.0005,10,2195,0.03612246661702355
MATR,UL_PUR,0.05,0.0005,10,2195,0.0357296091485486
MATR,UL_PUR,0.03,0.0005,10,2195,0.03542193125777669
MATR,UL_PUR,0.02,0.0005,10,2195,0.035482641166353725
MATR,UL_PUR,0.015,0.0005,10,2195,0.03600731874405492
MATR,UL_PUR,0.01,0.0005,10,2195,0.037755334878346924
MATR,UL_PUR,0.005,0.0005,10,2195,0.04229980500594256
MATR,UL_PUR,1.0,0.001,10,2195,0.03664739117881745
MATR,UL_PUR,0.5,0.001,10,2195,0.036470528714687235
MATR,UL_PUR,0.2,0.001,10,2195,0.036314028895796706
MATR,UL_PUR,0.1,0.001,10,2195,0.03613436054280561
MATR,UL_PUR,0.05,0.001,10,2195,0.0357539876377148
MATR,UL_PUR,0.03,0.001,10,2195,0.03543181188878958
MATR,UL_PUR,0.02,0.001,10,2195,0.03549928774305786
MATR,UL_PUR,0.015,0.001,10,2195,0.03597596841394275
MATR,UL_PUR,0.01,0.001,10,2195,0.037720316714270355
MATR,UL_PUR,0.005,0.001,10,2195,0.042264998131911556
MATR,UL_PUR,1.0,0.002,10,2195,0.03652633438687712
MATR,UL_PUR,0.5,0.002,10,2195,0.036403612626108736
MATR,UL_PUR,0.2,0.002,10,2195,0.036264520397617225
MATR,UL_PUR,0.1,0.002,10,2195,0.03610524437144061
MATR,UL_PUR,0.05,0.002,10,2195,0.03577721229621783
MATR,UL_PUR,0.03,0.002,10,2195,0.03547262481442408
MATR,UL_PUR,0.02,0.002,10,2195,0.03548855063380836
MATR,UL_PUR,0.015,0.002,10,2195,0.035947295003893924
MATR,UL_PUR,0.01,0.002,10,2195,0.037685661922252686
MATR,UL_PUR,0.005,0.002,10,2195,0.04223031537616999
MATR,UL_PUR,1.0,0.005,10,2195,0.03645789058425434
MATR,UL_PUR,0.5,0.005,10,2195,0.03634936541133083
MATR,UL_PUR,0.2,0.005,10,2195,0.036238785620478345
MATR,UL_PUR,0.1,0.005,10,2195,0.036091015610053
MATR,UL_PUR,0.05,0.005,10,2195,0.03577409320773504
MATR,UL_PUR,0.03,0.005,10,2195,0.03549629781738865
MATR,UL_PUR,0.02,0.005,10,2195,0.03547909827682213
MATR,UL_PUR,0.015,0.005,10,2195,0.03592335415768454
MATR,UL_PUR,0.01,0.005,10,2195,0.03766184033771518
MATR,UL_PUR,0.005,0.005,10,2195,0.042206801874544383
MATR,XJTU,1.0,0.0,23,6823,0.15841117868963547
MATR,XJTU,0.5,0.0,23,6823,0.15720806286795494
MATR,XJTU,0.2,0.0,23,6823,0.15483032647673606
MATR,XJTU,0.1,0.0,23,6823,0.15178326150488786
MATR,XJTU,0.05,0.0,23,6823,0.14641281881247317
MATR,XJTU,0.03,0.0,23,6823,0.14009266380258942
MATR,XJTU,0.02,0.0,23,6823,0.1333305887954541
MATR,XJTU,0.015,0.0,23,6823,0.12757973811150605
MATR,XJTU,0.01,0.0,23,6823,0.11862992447451727
MATR,XJTU,0.005,0.0,23,6823,0.10437380409537844
MATR,XJTU,1.0,0.00025,23,6823,0.15657999078252074
MATR,XJTU,0.5,0.00025,23,6823,0.15539783973326737
MATR,XJTU,0.2,0.00025,23,6823,0.15311600614716667
MATR,XJTU,0.1,0.00025,23,6823,0.15015825999127255
MATR,XJTU,0.05,0.00025,23,6823,0.14488624250325263
MATR,XJTU,0.03,0.00025,23,6823,0.13860549379018944
MATR,XJTU,0.02,0.00025,23,6823,0.1317262656313501
MATR,XJTU,0.015,0.00025,23,6823,0.12582101745313684
MATR,XJTU,0.01,0.00025,23,6823,0.11646691488637496
MATR,XJTU,0.005,0.00025,23,6823,0.1014951859764782
MATR,XJTU,1.0,0.0005,23,6823,0.15555507650567674
MATR,XJTU,0.5,0.0005,23,6823,0.15441766210471397
MATR,XJTU,0.2,0.0005,23,6823,0.1522781251700091
MATR,XJTU,0.1,0.0005,23,6823,0.14936821259396635
MATR,XJTU,0.05,0.0005,23,6823,0.14408279389300313
MATR,XJTU,0.03,0.0005,23,6823,0.13775650418238533
MATR,XJTU,0.02,0.0005,23,6823,0.13079334302841825
MATR,XJTU,0.015,0.0005,23,6823,0.12477111633888763
MATR,XJTU,0.01,0.0005,23,6823,0.1151755908264434
MATR,XJTU,0.005,0.0005,23,6823,0.09978879824518935
MATR,XJTU,1.0,0.001,23,6823,0.15446643675650065
MATR,XJTU,0.5,0.001,23,6823,0.1534396700868995
MATR,XJTU,0.2,0.001,23,6823,0.15141734099354934
MATR,XJTU,0.1,0.001,23,6823,0.14855685563567606
MATR,XJTU,0.05,0.001,23,6823,0.14329427797394542
MATR,XJTU,0.03,0.001,23,6823,0.1369282646109171
MATR,XJTU,0.02,0.001,23,6823,0.12991529566165208
MATR,XJTU,0.015,0.001,23,6823,0.12381282447021703
MATR,XJTU,0.01,0.001,23,6823,0.11406363669226173
MATR,XJTU,0.005,0.001,23,6823,0.09844841969977594
MATR,XJTU,1.0,0.002,23,6823,0.153737130372568
MATR,XJTU,0.5,0.002,23,6823,0.15281840471667524
MATR,XJTU,0.2,0.002,23,6823,0.15085702806487805
MATR,XJTU,0.1,0.002,23,6823,0.14801709970067892
MATR,XJTU,0.05,0.002,23,6823,0.14277677110690754
MATR,XJTU,0.03,0.002,23,6823,0.13638073637586992
MATR,XJTU,0.02,0.002,23,6823,0.1293397514348565
MATR,XJTU,0.015,0.002,23,6823,0.12321891281874954
MATR,XJTU,0.01,0.002,23,6823,0.11342481623306233
MATR,XJTU,0.005,0.002,23,6823,0.09767734927572938
MATR,XJTU,1.0,0.005,23,6823,0.1533058683818328
MATR,XJTU,0.5,0.005,23,6823,0.15243275958686117
MATR,XJTU,0.2,0.005,23,6823,0.15050415650078444
MATR,XJTU,0.1,0.005,23,6823,0.14768524937409214
MATR,XJTU,0.05,0.005,23,6823,0.14244971730710923
MATR,XJTU,0.03,0.005,23,6823,0.13607233767490529
MATR,XJTU,0.02,0.005,23,6823,0.12904531107782552
MATR,XJTU,0.015,0.005,23,6823,0.1229238167990717
MATR,XJTU,0.01,0.005,23,6823,0.11311328240263287
MATR,XJTU,0.005,0.005,23,6823,0.09734715467332583
MICH,CALB,1.0,0.0,27,2629,0.05858499828613204
MICH,CALB,0.5,0.0,27,2629,0.05784316048231884
MICH,CALB,0.2,0.0,27,2629,0.05613019765672004
MICH,CALB,0.1,0.0,27,2629,0.05371280594499
MICH,CALB,0.05,0.0,27,2629,0.04982670621369184
MICH,CALB,0.03,0.0,27,2629,0.046205397521434044
MICH,CALB,0.02,0.0,27,2629,0.04327157359104666
MICH,CALB,0.015,0.0,27,2629,0.04135077935519337
MICH,CALB,0.01,0.0,27,2629,0.03913729052724403
MICH,CALB,0.005,0.0,27,2629,0.03657608627568671
MICH,CALB,1.0,0.00025,27,2629,0.05838293195308172
MICH,CALB,0.5,0.00025,27,2629,0.05767125382820567
MICH,CALB,0.2,0.00025,27,2629,0.055976808070498756
MICH,CALB,0.1,0.00025,27,2629,0.05353025713117068
MICH,CALB,0.05,0.00025,27,2629,0.04956976440209761
MICH,CALB,0.03,0.00025,27,2629,0.04585741730433493
MICH,CALB,0.02,0.00025,27,2629,0.042840119575631566
MICH,CALB,0.015,0.00025,27,2629,0.04086067764803644
MICH,CALB,0.01,0.00025,27,2629,0.03857107773510728
MICH,CALB,0.005,0.00025,27,2629,0.03593998944049538
MICH,CALB,1.0,0.0005,27,2629,0.0582743176393186
MICH,CALB,0.5,0.0005,27,2629,0.05758050157146993
MICH,CALB,0.2,0.0005,27,2629,0.055882046814227294
MICH,CALB,0.1,0.0005,27,2629,0.05341873783189431
MICH,CALB,0.05,0.0005,27,2629,0.04940919063928163
MICH,CALB,0.03,0.0005,27,2629,0.04564418671959048
MICH,CALB,0.02,0.0005,27,2629,0.04257853646891042
MICH,CALB,0.015,0.0005,27,2629,0.04056374782029743
MICH,CALB,0.01,0.0005,27,2629,0.03822739951450743
MICH,CALB,0.005,0.0005,27,2629,0.03555387675914693
MICH,CALB,1.0,0.001,27,2629,0.058165416798422985
MICH,CALB,0.5,0.001,27,2629,0.057485866353280235
MICH,CALB,0.2,0.001,27,2629,0.05578872546228694
MICH,CALB,0.1,0.001,27,2629,0.053311723436930525
MICH,CALB,0.05,0.001,27,2629,0.049268279238085154
MICH,CALB,0.03,0.001,27,2629,0.04546076813450249
MICH,CALB,0.02,0.001,27,2629,0.04235273577953022
MICH,CALB,0.015,0.001,27,2629,0.04030555950306325
MICH,CALB,0.01,0.001,27,2629,0.037928948218977396
MICH,CALB,0.005,0.001,27,2629,0.0352147238367642
MICH,CALB,1.0,0.002,27,2629,0.05809593294794086
MICH,CALB,0.5,0.002,27,2629,0.05742692084139339
MICH,CALB,0.2,0.002,27,2629,0.05572696928838448
MICH,CALB,0.1,0.002,27,2629,0.05324407191062666
MICH,CALB,0.05,0.002,27,2629,0.049190117256698467
MICH,CALB,0.03,0.002,27,2629,0.045355314780411535
MICH,CALB,0.02,0.002,27,2629,0.042226352064307256
MICH,CALB,0.015,0.002,27,2629,0.04016002987718923
MICH,CALB,0.01,0.002,27,2629,0.037759280151306106
MICH,CALB,0.005,0.002,27,2629,0.035023046847535176
MICH,CALB,1.0,0.005,27,2629,0.058052186061092054
MICH,CALB,0.5,0.005,27,2629,0.057382802418571216
MICH,CALB,0.2,0.005,27,2629,0.05566655996958226
MICH,CALB,0.1,0.005,27,2629,0.05316737520503594
MICH,CALB,0.05,0.005,27,2629,0.04911860948688756
MICH,CALB,0.03,0.005,27,2629,0.045258818191148534
MICH,CALB,0.02,0.005,27,2629,0.04212006548512052
MICH,CALB,0.015,0.005,27,2629,0.04003831827729153
MICH,CALB,0.01,0.005,27,2629,0.03761803009640642
MICH,CALB,0.005,0.005,27,2629,0.03485618201666069
MICH,CALCE,1.0,0.0,13,14233,0.2619697439746703
MICH,CALCE,0.5,0.0,13,14233,0.18669361934231749
MICH,CALCE,0.2,0.0,13,14233,0.09983050019328071
MICH,CALCE,0.1,0.0,13,14233,0.06159818487621896
MICH,CALCE,0.05,0.0,13,14233,0.04631687002838661
MICH,CALCE,0.03,0.0,13,14233,0.04240796957491056
MICH,CALCE,0.02,0.0,13,14233,0.04150460903193188
MICH,CALCE,0.015,0.0,13,14233,0.04180581751942512
MICH,CALCE,0.01,0.0,13,14233,0.04478492269558494
MICH,CALCE,0.005,0.0,13,14233,0.058962718832024814
MICH,CALCE,1.0,0.00025,13,14233,0.22579970454770493
MICH,CALCE,0.5,0.00025,13,14233,0.15461623971451072
MICH,CALCE,0.2,0.00025,13,14233,0.07309103165616473
MICH,CALCE,0.1,0.00025,13,14233,0.04893993791034358
MICH,CALCE,0.05,0.00025,13,14233,0.04154210353659797
MICH,CALCE,0.03,0.00025,13,14233,0.04008968796403785
MICH,CALCE,0.02,0.00025,13,14233,0.04011962968010334
MICH,CALCE,0.015,0.00025,13,14233,0.040941586038119024
MICH,CALCE,0.01,0.00025,13,14233,0.044848414560959525
MICH,CALCE,0.005,0.00025,13,14233,0.05984587659958695
MICH,CALCE,1.0,0.0005,13,14233,0.2040453806300896
MICH,CALCE,0.5,0.0005,13,14233,0.13035942590268837
MICH,CALCE,0.2,0.0005,13,14233,0.06084088975354003
MICH,CALCE,0.1,0.0005,13,14233,0.044621667887552285
MICH,CALCE,0.05,0.0005,13,14233,0.039874192062282314
MICH,CALCE,0.03,0.0005,13,14233,0.03918168808916175
MICH,CALCE,0.02,0.0005,13,14233,0.039606624983046186
MICH,CALCE,0.015,0.0005,13,14233,0.04072213980345222
MICH,CALCE,0.01,0.0005,13,14233,0.045038124337973565
MICH,CALCE,0.005,0.0005,13,14233,0.06041464207785153
MICH,CALCE,1.0,0.001,13,14233,0.17237765002592514
MICH,CALCE,0.5,0.001,13,14233,0.09865906118255527
MICH,CALCE,0.2,0.001,13,14233,0.05069688799126272
MICH,CALCE,0.1,0.001,13,14233,0.04118303999931815
MICH,CALCE,0.05,0.001,13,14233,0.03858092915857246
MICH,CALCE,0.03,0.001,13,14233,0.03851352711250334
MICH,CALCE,0.02,0.001,13,14233,0.03931522620829796
MICH,CALCE,0.015,0.001,13,14233,0.04063741645671342
MICH,CALCE,0.01,0.001,13,14233,0.045356501336720124
MICH,CALCE,0.005,0.001,13,14233,0.06115977791066664
MICH,CALCE,1.0,0.002,13,14233,0.1316046136081824
MICH,CALCE,0.5,0.002,13,14233,0.07230829928939071
MICH,CALCE,0.2,0.002,13,14233,0.04423593270442731
MICH,CALCE,0.1,0.002,13,14233,0.038973196020047604
MICH,CALCE,0.05,0.002,13,14233,0.037791019990647004
MICH,CALCE,0.03,0.002,13,14233,0.03820612907009273
MICH,CALCE,0.02,0.002,13,14233,0.03920225633098627
MICH,CALCE,0.015,0.002,13,14233,0.040659463673478946
MICH,CALCE,0.01,0.002,13,14233,0.04562882773412994
MICH,CALCE,0.005,0.002,13,14233,0.061874278583446476
MICH,CALCE,1.0,0.005,13,14233,0.08229363064531342
MICH,CALCE,0.5,0.005,13,14233,0.05230600805762001
MICH,CALCE,0.2,0.005,13,14233,0.039697324545775674
MICH,CALCE,0.1,0.005,13,14233,0.03753229566332762
MICH,CALCE,0.05,0.005,13,14233,0.03730502059142196
MICH,CALCE,0.03,0.005,13,14233,0.038014536779124995
MICH,CALCE,0.02,0.005,13,14233,0.03919669628703949
MICH,CALCE,0.015,0.005,13,14233,0.040749732685472745
MICH,CALCE,0.01,0.005,13,14233,0.0458632521390066
MICH,CALCE,0.005,0.005,13,14233,0.062495312094926356
MICH,HNEI,1.0,0.0,14,15085,0.21129297219041407
MICH,HNEI,0.5,0.0,14,15085,0.148694652475403
MICH,HNEI,0.2,0.0,14,15085,0.07429953008204318
MICH,HNEI,0.1,0.0,14,15085,0.03861803753160919
MICH,HNEI,0.05,0.0,14,15085,0.029727916281953537
MICH,HNEI,0.03,0.0,14,15085,0.031443890050834075
MICH,HNEI,0.02,0.0,14,15085,0.03615979199030762
MICH,HNEI,0.015,0.0,14,15085,0.041461094566864636
MICH,HNEI,0.01,0.0,14,15085,0.05310638801323454
MICH,HNEI,0.005,0.0,14,15085,0.0893313549285606
MICH,HNEI,1.0,0.00025,14,15085,0.17765040019405773
MICH,HNEI,0.5,0.00025,14,15085,0.12008434058775744
MICH,HNEI,0.2,0.00025,14,15085,0.05335789905537976
MICH,HNEI,0.1,0.00025,14,15085,0.030982645115376933
MICH,HNEI,0.05,0.00025,14,15085,0.027677600361144666
MICH,HNEI,0.03,0.00025,14,15085,0.030254577289518275
MICH,HNEI,0.02,0.00025,14,15085,0.034853476739480985
MICH,HNEI,0.015,0.00025,14,15085,0.03987923449913707
MICH,HNEI,0.01,0.00025,14,15085,0.051347223271655605
MICH,HNEI,0.005,0.00025,14,15085,0.08802489717148278
MICH,HNEI,1.0,0.0005,14,15085,0.15615852067727046
MICH,HNEI,0.5,0.0005,14,15085,0.10047479034008858
MICH,HNEI,0.2,0.0005,14,15085,0.04283640963318085
MICH,HNEI,0.1,0.0005,14,15085,0.027931232947360534
MICH,HNEI,0.05,0.0005,14,15085,0.027056328058779895
MICH,HNEI,0.03,0.0005,14,15085,0.02964882382699304
MICH,HNEI,0.02,0.0005,14,15085,0.034205375080090375
MICH,HNEI,0.015,0.0005,14,15085,0.03914778591459039
MICH,HNEI,0.01,0.0005,14,15085,0.050577456257975016
MICH,HNEI,0.005,0.0005,14,15085,0.08748510936368799
MICH,HNEI,1.0,0.001,14,15085,0.12796539795905068
MICH,HNEI,0.5,0.001,14,15085,0.07582237758568701
MICH,HNEI,0.2,0.001,14,15085,0.034390711054024366
MICH,HNEI,0.1,0.001,14,15085,0.026634736561148665
MICH,HNEI,0.05,0.001,14,15085,0.027009505028616525
MICH,HNEI,0.03,0.001,14,15085,0.029623789325087413
MICH,HNEI,0.02,0.001,14,15085,0.03409923068156786
MICH,HNEI,0.015,0.001,14,15085,0.038932906818538074
MICH,HNEI,0.01,0.001,14,15085,0.050123171828494885
MICH,HNEI,0.005,0.001,14,15085,0.08730879082268994
MICH,HNEI,1.0,0.002,14,15085,0.09716588577706385
MICH,HNEI,0.5,0.002,14,15085,0.054994040742871654
MICH,HNEI,0.2,0.002,14,15085,0.029623720952011594
MICH,HNEI,0.1,0.002,14,15085,0.026342105470316273
MICH,HNEI,0.05,0.002,14,15085,0.02720982855701822
MICH,HNEI,0.03,0.002,14,15085,0.029714688814144984
MICH,HNEI,0.02,0.002,14,15085,0.03397591166963831
MICH,HNEI,0.015,0.002,14,15085,0.03865814593161695
MICH,HNEI,0.01,0.002,14,15085,0.04970729078063741
MICH,HNEI,0.005,0.002,14,15085,0.08691793557522998
MICH,HNEI,1.0,0.005,14,15085,0.06331210935710342
MICH,HNEI,0.5,0.005,14,15085,0.0391057820288381
MICH,HNEI,0.2,0.005,14,15085,0.027611792381445267
MICH,HNEI,0.1,0.005,14,15085,0.026504113908857596
MICH,HNEI,0.05,0.005,14,15085,0.02741606982148854
MICH,HNEI,0.03,0.005,14,15085,0.02986048118576475
MICH,HNEI,0.02,0.005,14,15085,0.033995869269974006
MICH,HNEI,0.015,0.005,14,15085,0.03857088521902818
MICH,HNEI,0.01,0.005,14,15085,0.04966554250848292
MICH,HNEI,0.005,0.005,14,15085,0.08678736134840094
MICH,HUST,1.0,0.0,77,145735,0.03018576044933767
MICH,HUST,0.5,0.0,77,145735,0.030185584674839637
MICH,HUST,0.2,0.0,77,145735,0.030170019092075263
MICH,HUST,0.1,0.0,77,145735,0.030137801732861423
MICH,HUST,0.05,0.0,77,145735,0.030103841424832693
MICH,HUST,0.03,0.0,77,145735,0.030073922545102893
MICH,HUST,0.02,0.0,77,145735,0.03003144942985647
MICH,HUST,0.015,0.0,77,145735,0.029992251147946423
MICH,HUST,0.01,0.0,77,145735,0.02998599577519634
MICH,HUST,0.005,0.0,77,145735,0.03082217274098518
MICH,HUST,1.0,0.00025,77,145735,0.03078626695366217
MICH,HUST,0.5,0.00025,77,145735,0.03079815415158315
MICH,HUST,0.2,0.00025,77,145735,0.030792801597981284
MICH,HUST,0.1,0.00025,77,145735,0.030765423835578516
MICH,HUST,0.05,0.00025,77,145735,0.030703811614093166
MICH,HUST,0.03,0.00025,77,145735,0.030607622049516024
MICH,HUST,0.02,0.00025,77,145735,0.030468991988271955
MICH,HUST,0.015,0.00025,77,145735,0.030335761841488694
MICH,HUST,0.01,0.00025,77,145735,0.0301743446509041
MICH,HUST,0.005,0.00025,77,145735,0.03084731380465252
MICH,HUST,1.0,0.0005,77,145735,0.030843068468538896
MICH,HUST,0.5,0.0005,77,145735,0.030856573280359425
MICH,HUST,0.2,0.0005,77,145735,0.030848535901144933
MICH,HUST,0.1,0.0005,77,145735,0.03081905967562544
MICH,HUST,0.05,0.0005,77,145735,0.030751782696878883
MICH,HUST,0.03,0.0005,77,145735,0.030650989633077434
MICH,HUST,0.02,0.0005,77,145735,0.03050642161144769
MICH,HUST,0.015,0.0005,77,145735,0.030369414902337567
MICH,HUST,0.01,0.0005,77,145735,0.030199729823193095
MICH,HUST,0.005,0.0005,77,145735,0.03086667459553788
MICH,HUST,1.0,0.001,77,145735,0.030882856715323568
MICH,HUST,0.5,0.001,77,145735,0.03089633786829898
MICH,HUST,0.2,0.001,77,145735,0.030886702938904966
MICH,HUST,0.1,0.001,77,145735,0.030852468603677012
MICH,HUST,0.05,0.001,77,145735,0.0307800193004926
MICH,HUST,0.03,0.001,77,145735,0.03067695498695996
MICH,HUST,0.02,0.001,77,145735,0.030532398032575077
MICH,HUST,0.015,0.001,77,145735,0.0303935292446256
MICH,HUST,0.01,0.001,77,145735,0.030218848190474604
MICH,HUST,0.005,0.001,77,145735,0.030885468383164826
MICH,HUST,1.0,0.002,77,145735,0.030913983236363303
MICH,HUST,0.5,0.002,77,145735,0.030924800538240427
MICH,HUST,0.2,0.002,77,145735,0.030910517088354697
MICH,HUST,0.1,0.002,77,145735,0.030871651730521428
MICH,HUST,0.05,0.002,77,145735,0.03079719928271612
MICH,HUST,0.03,0.002,77,145735,0.03069380302804459
MICH,HUST,0.02,0.002,77,145735,0.030548010749622337
MICH,HUST,0.015,0.002,77,145735,0.03040667852305005
MICH,HUST,0.01,0.002,77,145735,0.030229680927887446
MICH,HUST,0.005,0.002,77,145735,0.030897237284271174
MICH,HUST,1.0,0.005,77,145735,0.030934131418025163
MICH,HUST,0.5,0.005,77,145735,0.03094026985506834
MICH,HUST,0.2,0.005,77,145735,0.030921943064416327
MICH,HUST,0.1,0.005,77,145735,0.030881273455250543
MICH,HUST,0.05,0.005,77,145735,0.030806534430640697
MICH,HUST,0.03,0.005,77,145735,0.030701540481943186
MICH,HUST,0.02,0.005,77,145735,0.030555116980947254
MICH,HUST,0.015,0.005,77,145735,0.03041335241513987
MICH,HUST,0.01,0.005,77,145735,0.030235454905137984
MICH,HUST,0.005,0.005,77,145735,0.03090320601918262
MICH,MATR,1.0,0.0,169,139148,0.05556380785459697
MICH,MATR,0.5,0.0,169,139148,0.05383633707661274
MICH,MATR,0.2,0.0,169,139148,0.052152000293748495
MICH,MATR,0.1,0.0,169,139148,0.05101532510825434
MICH,MATR,0.05,0.0,169,139148,0.04977690834419223
MICH,MATR,0.03,0.0,169,139148,0.04868018446187026
MICH,MATR,0.02,0.0,169,139148,0.04759648616111023
MICH,MATR,0.015,0.0,169,139148,0.046663108286250435
MICH,MATR,0.01,0.0,169,139148,0.045116437955347866
MICH,MATR,0.005,0.0,169,139148,0.04206794708178484
MICH,MATR,1.0,0.00025,169,139148,0.05224459853334302
MICH,MATR,0.5,0.00025,169,139148,0.05092400304743368
MICH,MATR,0.2,0.00025,169,139148,0.0495880920677252
MICH,MATR,0.1,0.00025,169,139148,0.04861757406998451
MICH,MATR,0.05,0.00025,169,139148,0.04752361685065093
MICH,MATR,0.03,0.00025,169,139148,0.046583708224848704
MICH,MATR,0.02,0.00025,169,139148,0.04566457001082529
MICH,MATR,0.015,0.00025,169,139148,0.0448520142900957
MICH,MATR,0.01,0.00025,169,139148,0.0434352171872813
MICH,MATR,0.005,0.00025,169,139148,0.0403948867766841
MICH,MATR,1.0,0.0005,169,139148,0.05103732571218969
MICH,MATR,0.5,0.0005,169,139148,0.04986606935270717
MICH,MATR,0.2,0.0005,169,139148,0.04863550126696918
MICH,MATR,0.1,0.0005,169,139148,0.047689870797546545
MICH,MATR,0.05,0.0005,169,139148,0.046646336445382415
MICH,MATR,0.03,0.0005,169,139148,0.04577914064097166
MICH,MATR,0.02,0.0005,169,139148,0.0449272274238312
MICH,MATR,0.015,0.0005,169,139148,0.044184773103685675
MICH,MATR,0.01,0.0005,169,139148,0.04284947552559316
MICH,MATR,0.005,0.0005,169,139148,0.039838066922551325
MICH,MATR,1.0,0.001,169,139148,0.049827719101288144
MICH,MATR,0.5,0.001,169,139148,0.048789299200318895
MICH,MATR,0.2,0.001,169,139148,0.04761927451155319
MICH,MATR,0.1,0.001,169,139148,0.046698676066544154
MICH,MATR,0.05,0.001,169,139148,0.045720998792889024
MICH,MATR,0.03,0.001,169,139148,0.04493752576150639
MICH,MATR,0.02,0.001,169,139148,0.04419883020731674
MICH,MATR,0.015,0.001,169,139148,0.043520153275094904
MICH,MATR,0.01,0.001,169,139148,0.04223535888782438
MICH,MATR,0.005,0.001,169,139148,0.03924783746531332
MICH,MATR,1.0,0.002,169,139148,0.04870587188685815
MICH,MATR,0.5,0.002,169,139148,0.04774975385621186
MICH,MATR,0.2,0.002,169,139148,0.046604045872529726
MICH,MATR,0.1,0.002,169,139148,0.04571541261231041
MICH,MATR,0.05,0.002,169,139148,0.044833971197470276
MICH,MATR,0.03,0.002,169,139148,0.04417590716785851
MICH,MATR,0.02,0.002,169,139148,0.043513479208313506
MICH,MATR,0.015,0.002,169,139148,0.042866596212833244
MICH,MATR,0.01,0.002,169,139148,0.04161694697625311
MICH,MATR,0.005,0.002,169,139148,0.038648858147718616
MICH,MATR,1.0,0.005,169,139148,0.04745336501721711
MICH,MATR,0.5,0.005,169,139148,0.046552817878052134
MICH,MATR,0.2,0.005,169,139148,0.045457078545768866
MICH,MATR,0.1,0.005,169,139148,0.04466918853340117
MICH,MATR,0.05,0.005,169,139148,0.043940882417825414
MICH,MATR,0.03,0.005,169,139148,0.04335753174070285
MICH,MATR,0.02,0.005,169,139148,0.042725951920480024
MICH,MATR,0.015,0.005,169,139148,0.0420989682621228
MICH,MATR,0.01,0.005,169,139148,0.04086538590019324
MICH,MATR,0.005,0.005,169,139148,0.0378929209561002
MICH,MICH_EXP,1.0,0.0,18,6455,0.1661137837664987
MICH,MICH_EXP,0.5,0.0,18,6455,0.12487865066581127
MICH,MICH_EXP,0.2,0.0,18,6455,0.0994595034486418
MICH,MICH_EXP,0.1,0.0,18,6455,0.09301191074356152
MICH,MICH_EXP,0.05,0.0,18,6455,0.09129904043801029
MICH,MICH_EXP,0.03,0.0,18,6455,0.09078481510210681
MICH,MICH_EXP,0.02,0.0,18,6455,0.09041332774659629
MICH,MICH_EXP,0.015,0.0,18,6455,0.09010186026774943
MICH,MICH_EXP,0.01,0.0,18,6455,0.08997288374762885
MICH,MICH_EXP,0.005,0.0,18,6455,0.0937808420665191
MICH,MICH_EXP,1.0,0.00025,18,6455,0.15867052471552293
MICH,MICH_EXP,0.5,0.00025,18,6455,0.11656452085563979
MICH,MICH_EXP,0.2,0.00025,18,6455,0.09452406711683131
MICH,MICH_EXP,0.1,0.00025,18,6455,0.09109777974077937
MICH,MICH_EXP,0.05,0.00025,18,6455,0.0902376712757362
MICH,MICH_EXP,0.03,0.00025,18,6455,0.09009557026542243
MICH,MICH_EXP,0.02,0.00025,18,6455,0.0899090308991792
MICH,MICH_EXP,0.015,0.00025,18,6455,0.08970604618175332
MICH,MICH_EXP,0.01,0.00025,18,6455,0.08968849068872203
MICH,MICH_EXP,0.005,0.00025,18,6455,0.09331309401628693
MICH,MICH_EXP,1.0,0.0005,18,6455,0.15069411515240505
MICH,MICH_EXP,0.5,0.0005,18,6455,0.10896905044635143
MICH,MICH_EXP,0.2,0.0005,18,6455,0.09267781879224431
MICH,MICH_EXP,0.1,0.0005,18,6455,0.09049749923557264
MICH,MICH_EXP,0.05,0.0005,18,6455,0.08992201899711387
MICH,MICH_EXP,0.03,0.0005,18,6455,0.08985939872320589
MICH,MICH_EXP,0.02,0.0005,18,6455,0.08968086931384284
MICH,MICH_EXP,0.015,0.0005,18,6455,0.08947936121167242
MICH,MICH_EXP,0.01,0.0005,18,6455,0.08941826352158506
MICH,MICH_EXP,0.005,0.0005,18,6455,0.0929046379033082
MICH,MICH_EXP,1.0,0.001,18,6455,0.13524710666082873
MICH,MICH_EXP,0.5,0.001,18,6455,0.10167700545157729
MICH,MICH_EXP,0.2,0.001,18,6455,0.09141523535626837
MICH,MICH_EXP,0.1,0.001,18,6455,0.08999482496715043
MICH,MICH_EXP,0.05,0.001,18,6455,0.08962602524143955
MICH,MICH_EXP,0.03,0.001,18,6455,0.08957536406576355
MICH,MICH_EXP,0.02,0.001,18,6455,0.08934966490039711
MICH,MICH_EXP,0.015,0.001,18,6455,0.08910372194781074
MICH,MICH_EXP,0.01,0.001,18,6455,0.08895108396689289
MICH,MICH_EXP,0.005,0.001,18,6455,0.09239576558041945
MICH,MICH_EXP,1.0,0.002,18,6455,0.11733733449488004
MICH,MICH_EXP,0.5,0.002,18,6455,0.09696259054450054
MICH,MICH_EXP,0.2,0.002,18,6455,0.09049956549142697
MICH,MICH_EXP,0.1,0.002,18,6455,0.08957011478765636
MICH,MICH_EXP,0.05,0.002,18,6455,0.08931539207873439
MICH,MICH_EXP,0.03,0.002,18,6455,0.08921354374872818
MICH,MICH_EXP,0.02,0.002,18,6455,0.08889513411346084
MICH,MICH_EXP,0.015,0.002,18,6455,0.08859016523165944
MICH,MICH_EXP,0.01,0.002,18,6455,0.0883553843321423
MICH,MICH_EXP,0.005,0.002,18,6455,0.09189656156812827
MICH,MICH_EXP,1.0,0.005,18,6455,0.10349269658617327
MICH,MICH_EXP,0.5,0.005,18,6455,0.09279138003190053
MICH,MICH_EXP,0.2,0.005,18,6455,0.08962563911757068
MICH,MICH_EXP,0.1,0.005,18,6455,0.08904091861817648
MICH,MICH_EXP,0.05,0.005,18,6455,0.08873864649881616
MICH,MICH_EXP,0.03,0.005,18,6455,0.08843662939511389
MICH,MICH_EXP,0.02,0.005,18,6455,0.08791161815003469
MICH,MICH_EXP,0.015,0.005,18,6455,0.08747636253347522
MICH,MICH_EXP,0.01,0.005,18,6455,0.0871768995343436
MICH,MICH_EXP,0.005,0.005,18,6455,0.09130828882294602
MICH,RWTH,1.0,0.0,48,105140,0.15666164870639174
MICH,RWTH,0.5,0.0,48,105140,0.15687415004360497
MICH,RWTH,0.2,0.0,48,105140,0.15713955619165906
MICH,RWTH,0.1,0.0,48,105140,0.1573963998120298
MICH,RWTH,0.05,0.0,48,105140,0.15777705020410912
MICH,RWTH,0.03,0.0,48,105140,0.15822382228644266
MICH,RWTH,0.02,0.0,48,105140,0.1587566166655429
MICH,RWTH,0.015,0.0,48,105140,0.15932181217427707
MICH,RWTH,0.01,0.0,48,105140,0.16068330914029627
MICH,RWTH,0.005,0.0,48,105140,0.16483250352235812
MICH,RWTH,1.0,0.00025,48,105140,0.15715991073563407
MICH,RWTH,0.5,0.00025,48,105140,0.15740654190086859
MICH,RWTH,0.2,0.00025,48,105140,0.15774107873118318
MICH,RWTH,0.1,0.00025,48,105140,0.1580156829747617
MICH,RWTH,0.05,0.00025,48,105140,0.15833600408404586
MICH,RWTH,0.03,0.00025,48,105140,0.15865532751158565
MICH,RWTH,0.02,0.00025,48,105140,0.15903044278571343
MICH,RWTH,0.015,0.00025,48,105140,0.1594735681412592
MICH,RWTH,0.01,0.00025,48,105140,0.16071922131163535
MICH,RWTH,0.005,0.00025,48,105140,0.16503061593692817
MICH,RWTH,1.0,0.0005,48,105140,0.1572843475734
MICH,RWTH,0.5,0.0005,48,105140,0.1575566748716321
MICH,RWTH,0.2,0.0005,48,105140,0.1579153367911866
MICH,RWTH,0.1,0.0005,48,105140,0.15819950922398854
MICH,RWTH,0.05,0.0005,48,105140,0.15851590047807915
MICH,RWTH,0.03,0.0005,48,105140,0.15880459921278428
MICH,RWTH,0.02,0.0005,48,105140,0.15914087547788044
MICH,RWTH,0.015,0.0005,48,105140,0.15955148123377247
MICH,RWTH,0.01,0.0005,48,105140,0.16075859716803523
MICH,RWTH,0.005,0.0005,48,105140,0.1651223731638549
MICH,RWTH,1.0,0.001,48,105140,0.1574343496190447
MICH,RWTH,0.5,0.001,48,105140,0.15772753678432738
MICH,RWTH,0.2,0.001,48,105140,0.15810660602304513
MICH,RWTH,0.1,0.001,48,105140,0.15839803323585658
MICH,RWTH,0.05,0.001,48,105140,0.1586997623679662
MICH,RWTH,0.03,0.001,48,105140,0.158961894298809
MICH,RWTH,0.02,0.001,48,105140,0.15927310243581297
MICH,RWTH,0.015,0.001,48,105140,0.15966262975936754
MICH,RWTH,0.01,0.001,48,105140,0.16083338911000783
MICH,RWTH,0.005,0.001,48,105140,0.1652628043761093
MICH,RWTH,1.0,0.002,48,105140,0.15760035545548823
MICH,RWTH,0.5,0.002,48,105140,0.1579110201967535
MICH,RWTH,0.2,0.002,48,105140,0.1582993222184371
MICH,RWTH,0.1,0.002,48,105140,0.15858889330059137
MICH,RWTH,0.05,0.002,48,105140,0.15887834694281053
MICH,RWTH,0.03,0.002,48,105140,0.15913929840584604
MICH,RWTH,0.02,0.002,48,105140,0.15944441786318322
MICH,RWTH,0.015,0.002,48,105140,0.15982579914496015
MICH,RWTH,0.01,0.002,48,105140,0.1609831288730224
MICH,RWTH,0.005,0.002,48,105140,0.16547051787632552
MICH,RWTH,1.0,0.005,48,105140,0.15782247792621001
MICH,RWTH,0.5,0.005,48,105140,0.15813881320974957
MICH,RWTH,0.2,0.005,48,105140,0.1585223872722483
MICH,RWTH,0.1,0.005,48,105140,0.15881754577936694
MICH,RWTH,0.05,0.005,48,105140,0.15913795584558058
MICH,RWTH,0.03,0.005,48,105140,0.15942059464493616
MICH,RWTH,0.02,0.005,48,105140,0.1597406406495791
MICH,RWTH,0.015,0.005,48,105140,0.16013100839312308
MICH,RWTH,0.01,0.005,48,105140,0.16132047313387818
MICH,RWTH,0.005,0.005,48,105140,0.16574983982285046
MICH,SDU,1.0,0.0,86,48716,0.07364449370111087
MICH,SDU,0.5,0.0,86,48716,0.07228744257725069
MICH,SDU,0.2,0.0,86,48716,0.07074362498420807
MICH,SDU,0.1,0.0,86,48716,0.06965587549133928
MICH,SDU,0.05,0.0,86,48716,0.06846799809517519
MICH,SDU,0.03,0.0,86,48716,0.06706592623225417
MICH,SDU,0.02,0.0,86,48716,0.06530797919337833
MICH,SDU,0.015,0.0,86,48716,0.06351925517084016
MICH,SDU,0.01,0.0,86,48716,0.06038460066519413
MICH,SDU,0.005,0.0,86,48716,0.05437743096019783
MICH,SDU,1.0,0.00025,86,48716,0.0728440130405002
MICH,SDU,0.5,0.00025,86,48716,0.07149856790612005
MICH,SDU,0.2,0.00025,86,48716,0.0698680745698695
MICH,SDU,0.1,0.00025,86,48716,0.06894224544007559
MICH,SDU,0.05,0.00025,86,48716,0.06790160656198534
MICH,SDU,0.03,0.00025,86,48716,0.06656358431367343
MICH,SDU,0.02,0.00025,86,48716,0.06489265056079584
MICH,SDU,0.015,0.00025,86,48716,0.0631652730673109
MICH,SDU,0.01,0.00025,86,48716,0.06008972075936793
MICH,SDU,0.005,0.00025,86,48716,0.05430692163514359
MICH,SDU,1.0,0.0005,86,48716,0.07240633046243934
MICH,SDU,0.5,0.0005,86,48716,0.07095145789843756
MICH,SDU,0.2,0.0005,86,48716,0.06932381096917052
MICH,SDU,0.1,0.0005,86,48716,0.06851552503227172
MICH,SDU,0.05,0.0005,86,48716,0.06747157744552072
MICH,SDU,0.03,0.0005,86,48716,0.06615270813816232
MICH,SDU,0.02,0.0005,86,48716,0.06454207769064606
MICH,SDU,0.015,0.0005,86,48716,0.06285104509024222
MICH,SDU,0.01,0.0005,86,48716,0.05981200941098642
MICH,SDU,0.005,0.0005,86,48716,0.05424985753608192
MICH,SDU,1.0,0.001,86,48716,0.07174748011362836
MICH,SDU,0.5,0.001,86,48716,0.07013702510760383
MICH,SDU,0.2,0.001,86,48716,0.06868073822795329
MICH,SDU,0.1,0.001,86,48716,0.06793096005813339
MICH,SDU,0.05,0.001,86,48716,0.06677123579504382
MICH,SDU,0.03,0.001,86,48716,0.06549978227620874
MICH,SDU,0.02,0.001,86,48716,0.06398177751246148
MICH,SDU,0.015,0.001,86,48716,0.062338483539016235
MICH,SDU,0.01,0.001,86,48716,0.059368268047806705
MICH,SDU,0.005,0.001,86,48716,0.054220677854112526
MICH,SDU,1.0,0.002,86,48716,0.07081536107169868
MICH,SDU,0.5,0.002,86,48716,0.06920438296267574
MICH,SDU,0.2,0.002,86,48716,0.06803353973050896
MICH,SDU,0.1,0.002,86,48716,0.06711891559431114
MICH,SDU,0.05,0.002,86,48716,0.0657615386607189
MICH,SDU,0.03,0.002,86,48716,0.06458744871826042
MICH,SDU,0.02,0.002,86,48716,0.06313966839144013
MICH,SDU,0.015,0.002,86,48716,0.06151689988686033
MICH,SDU,0.01,0.002,86,48716,0.058867306763088614
MICH,SDU,0.005,0.002,86,48716,0.05401124524274617
MICH,SDU,1.0,0.005,86,48716,0.06950819516396667
MICH,SDU,0.5,0.005,86,48716,0.06819469970218182
MICH,SDU,0.2,0.005,86,48716,0.06693681141819813
MICH,SDU,0.1,0.005,86,48716,0.06559060841964588
MICH,SDU,0.05,0.005,86,48716,0.06430788654936753
MICH,SDU,0.03,0.005,86,48716,0.06320527669167612
MICH,SDU,0.02,0.005,86,48716,0.062004855559453016
MICH,SDU,0.015,0.005,86,48716,0.06076822089829309
MICH,SDU,0.01,0.005,86,48716,0.05843186990968545
MICH,SDU,0.005,0.005,86,48716,0.05359359493257266
MICH,SNL,1.0,0.0,61,96092,0.054457256134145864
MICH,SNL,0.5,0.0,61,96092,0.054621024989098196
MICH,SNL,0.2,0.0,61,96092,0.05508325252372996
MICH,SNL,0.1,0.0,61,96092,0.055754392790908845
MICH,SNL,0.05,0.0,61,96092,0.056977622981913355
MICH,SNL,0.03,0.0,61,96092,0.05843961850397922
MICH,SNL,0.02,0.0,61,96092,0.060071554780463686
MICH,SNL,0.015,0.0,61,96092,0.06168064849606448
MICH,SNL,0.01,0.0,61,96092,0.06454377489825582
MICH,SNL,0.005,0.0,61,96092,0.07130009556809655
MICH,SNL,1.0,0.00025,61,96092,0.055152065208807693
MICH,SNL,0.5,0.00025,61,96092,0.05555720774816143
MICH,SNL,0.2,0.00025,61,96092,0.05615719803147689
MICH,SNL,0.1,0.00025,61,96092,0.056796642000566104
MICH,SNL,0.05,0.00025,61,96092,0.057843713325611786
MICH,SNL,0.03,0.00025,61,96092,0.05914618346824574
MICH,SNL,0.02,0.00025,61,96092,0.06061246035491019
MICH,SNL,0.015,0.00025,61,96092,0.062040213878353
MICH,SNL,0.01,0.00025,61,96092,0.064660716747375
MICH,SNL,0.005,0.00025,61,96092,0.07103499131291068
MICH,SNL,1.0,0.0005,61,96092,0.05571587643228994
MICH,SNL,0.5,0.0005,61,96092,0.0560702913436109
MICH,SNL,0.2,0.0005,61,96092,0.05660454462424288
MICH,SNL,0.1,0.0005,61,96092,0.057195663751294194
MICH,SNL,0.05,0.0005,61,96092,0.058190863540185205
MICH,SNL,0.03,0.0005,61,96092,0.05945077535468057
MICH,SNL,0.02,0.0005,61,96092,0.06088988514286338
MICH,SNL,0.015,0.0005,61,96092,0.06231094354367263
MICH,SNL,0.01,0.0005,61,96092,0.06493701531652296
MICH,SNL,0.005,0.0005,61,96092,0.07121424988963163
MICH,SNL,1.0,0.001,61,96092,0.056153889177802674
MICH,SNL,0.5,0.001,61,96092,0.05646201780333422
MICH,SNL,0.2,0.001,61,96092,0.056955954941872215
MICH,SNL,0.1,0.001,61,96092,0.057522333886227045
MICH,SNL,0.05,0.001,61,96092,0.05851898687755703
MICH,SNL,0.03,0.001,61,96092,0.05977341190150707
MICH,SNL,0.02,0.001,61,96092,0.06122356785211859
MICH,SNL,0.015,0.001,61,96092,0.06266495985161105
MICH,SNL,0.01,0.001,61,96092,0.06533656442724409
MICH,SNL,0.005,0.001,61,96092,0.07151327673661453
MICH,SNL,1.0,0.002,61,96092,0.05647126083476057
MICH,SNL,0.5,0.002,61,96092,0.05675376002223565
MICH,SNL,0.2,0.002,61,96092,0.057228550797474756
MICH,SNL,0.1,0.002,61,96092,0.05780320470105488
MICH,SNL,0.05,0.002,61,96092,0.0588313674157877
MICH,SNL,0.03,0.002,61,96092,0.060129771625184035
MICH,SNL,0.02,0.002,61,96092,0.061649899430646166
MICH,SNL,0.015,0.002,61,96092,0.06314282810363063
MICH,SNL,0.01,0.002,61,96092,0.0658492905427562
MICH,SNL,0.005,0.002,61,96092,0.07189952027396987
MICH,SNL,1.0,0.005,61,96092,0.05673061908491144
MICH,SNL,0.5,0.005,61,96092,0.05699488236974368
MICH,SNL,0.2,0.005,61,96092,0.05748320474095856
MICH,SNL,0.1,0.005,61,96092,0.05809907012439112
MICH,SNL,0.05,0.005,61,96092,0.0592276947376874
MICH,SNL,0.03,0.005,61,96092,0.06064011473672892
MICH,SNL,0.02,0.005,61,96092,0.06230787829265075
MICH,SNL,0.015,0.005,61,96092,0.06390398617716675
MICH,SNL,0.01,0.005,61,96092,0.06663298285100003
MICH,SNL,0.005,0.005,61,96092,0.07235329656405695
MICH,UL_PUR,1.0,0.0,10,2195,0.03874443606923268
MICH,UL_PUR,0.5,0.0,10,2195,0.038412476204806416
MICH,UL_PUR,0.2,0.0,10,2195,0.03788188175218537
MICH,UL_PUR,0.1,0.0,10,2195,0.037259949882764834
MICH,UL_PUR,0.05,0.0,10,2195,0.03620140015110797
MICH,UL_PUR,0.03,0.0,10,2195,0.0353310792412387
MICH,UL_PUR,0.02,0.0,10,2195,0.03528021856319822
MICH,UL_PUR,0.015,0.0,10,2195,0.035831384910685334
MICH,UL_PUR,0.01,0.0,10,2195,0.0376790836350971
MICH,UL_PUR,0.005,0.0,10,2195,0.04263572801095294
MICH,UL_PUR,1.0,0.00025,10,2195,0.03862611402744394
MICH,UL_PUR,0.5,0.00025,10,2195,0.03834479501458056
MICH,UL_PUR,0.2,0.00025,10,2195,0.03792946158247884
MICH,UL_PUR,0.1,0.00025,10,2195,0.03745141973439857
MICH,UL_PUR,0.05,0.00025,10,2195,0.03646814539993882
MICH,UL_PUR,0.03,0.00025,10,2195,0.03563332568066972
MICH,UL_PUR,0.02,0.00025,10,2195,0.03544923404076394
MICH,UL_PUR,0.015,0.00025,10,2195,0.03589689976811926
MICH,UL_PUR,0.01,0.00025,10,2195,0.03766186336661547
MICH,UL_PUR,0.005,0.00025,10,2195,0.04261520129988943
MICH,UL_PUR,1.0,0.0005,10,2195,0.03856232909456671
MICH,UL_PUR,0.5,0.0005,10,2195,0.03828306463488091
MICH,UL_PUR,0.2,0.0005,10,2195,0.03790359533400737
MICH,UL_PUR,0.1,0.0005,10,2195,0.0374613412783955
MICH,UL_PUR,0.05,0.0005,10,2195,0.036562883668467
MICH,UL_PUR,0.03,0.0005,10,2195,0.03574816683534945
MICH,UL_PUR,0.02,0.0005,10,2195,0.03551406047295183
MICH,UL_PUR,0.015,0.0005,10,2195,0.0359445480329628
MICH,UL_PUR,0.01,0.0005,10,2195,0.03764414310502459
MICH,UL_PUR,0.005,0.0005,10,2195,0.04259681214131798
MICH,UL_PUR,1.0,0.001,10,2195,0.03842606484624078
MICH,UL_PUR,0.5,0.001,10,2195,0.03814556916599409
MICH,UL_PUR,0.2,0.001,10,2195,0.037807776685741784
MICH,UL_PUR,0.1,0.001,10,2195,0.037448416974655147
MICH,UL_PUR,0.05,0.001,10,2195,0.0366633468277919
MICH,UL_PUR,0.03,0.001,10,2195,0.035818999560878514
MICH,UL_PUR,0.02,0.001,10,2195,0.0355614697252082
MICH,UL_PUR,0.015,0.001,10,2195,0.03596353988192359
MICH,UL_PUR,0.01,0.001,10,2195,0.03761881936424689
MICH,UL_PUR,0.005,0.001,10,2195,0.042570280168971214
MICH,UL_PUR,1.0,0.002,10,2195,0.038247766404589656
MICH,UL_PUR,0.5,0.002,10,2195,0.038006961381545135
MICH,UL_PUR,0.2,0.002,10,2195,0.03779385471297163
MICH,UL_PUR,0.1,0.002,10,2195,0.037430180744229574
MICH,UL_PUR,0.05,0.002,10,2195,0.036703741169682946
MICH,UL_PUR,0.03,0.002,10,2195,0.03584976159051765
MICH,UL_PUR,0.02,0.002,10,2195,0.035610439905976884
MICH,UL_PUR,0.015,0.002,10,2195,0.03597988194921788
MICH,UL_PUR,0.01,0.002,10,2195,0.0375951010412094
MICH,UL_PUR,0.005,0.002,10,2195,0.042547092457262535
MICH,UL_PUR,1.0,0.005,10,2195,0.03813314817518969
MICH,UL_PUR,0.5,0.005,10,2195,0.037970250031416145
MICH,UL_PUR,0.2,0.005,10,2195,0.03772438989958787
MICH,UL_PUR,0.1,0.005,10,2195,0.03741827338202899
MICH,UL_PUR,0.05,0.005,10,2195,0.036748983928492115
MICH,UL_PUR,0.03,0.005,10,2195,0.035910820028790175
MICH,UL_PUR,0.02,0.005,10,2195,0.035655898263236736
MICH,UL_PUR,0.015,0.005,10,2195,0.03601140007352514
MICH,UL_PUR,0.01,0.005,10,2195,0.03758194868584148
MICH,UL_PUR,0.005,0.005,10,2195,0.04253491098423779
MICH,XJTU,1.0,0.0,23,6823,0.14262477055582282
MICH,XJTU,0.5,0.0,23,6823,0.14155449123626498
MICH,XJTU,0.2,0.0,23,6823,0.13925296559534556
MICH,XJTU,0.1,0.0,23,6823,0.13605553869985823
MICH,XJTU,0.05,0.0,23,6823,0.1302393187125005
MICH,XJTU,0.03,0.0,23,6823,0.12333947274264057
MICH,XJTU,0.02,0.0,23,6823,0.1159772427506914
MICH,XJTU,0.015,0.0,23,6823,0.10979926108125272
MICH,XJTU,0.01,0.0,23,6823,0.1002573674306866
MICH,XJTU,0.005,0.0,23,6823,0.08462529998493659
MICH,XJTU,1.0,0.00025,23,6823,0.1402239781847149
MICH,XJTU,0.5,0.00025,23,6823,0.1392381961918695
MICH,XJTU,0.2,0.00025,23,6823,0.13715497185726405
MICH,XJTU,0.1,0.00025,23,6823,0.13422169422219865
MICH,XJTU,0.05,0.00025,23,6823,0.12876797045160207
MICH,XJTU,0.03,0.00025,23,6823,0.12234154460765259
MICH,XJTU,0.02,0.00025,23,6823,0.11535706304494632
MICH,XJTU,0.015,0.00025,23,6823,0.10934895441418045
MICH,XJTU,0.01,0.00025,23,6823,0.09998973732978185
MICH,XJTU,0.005,0.00025,23,6823,0.08429772775612665
MICH,XJTU,1.0,0.0005,23,6823,0.13929519617758998
MICH,XJTU,0.5,0.0005,23,6823,0.1383498654609861
MICH,XJTU,0.2,0.0005,23,6823,0.13635557270396123
MICH,XJTU,0.1,0.0005,23,6823,0.13352441836176135
MICH,XJTU,0.05,0.0005,23,6823,0.12823123533449285
MICH,XJTU,0.03,0.0005,23,6823,0.12194390121689654
MICH,XJTU,0.02,0.0005,23,6823,0.11506351233126388
MICH,XJTU,0.015,0.0005,23,6823,0.10912069009258177
MICH,XJTU,0.01,0.0005,23,6823,0.09982264048967585
MICH,XJTU,0.005,0.0005,23,6823,0.08411215878582538
MICH,XJTU,1.0,0.001,23,6823,0.1386695867457417
MICH,XJTU,0.5,0.001,23,6823,0.1377934362837172
MICH,XJTU,0.2,0.001,23,6823,0.13588069662072802
MICH,XJTU,0.1,0.001,23,6823,0.13310623890026
MICH,XJTU,0.05,0.001,23,6823,0.12783956127008367
MICH,XJTU,0.03,0.001,23,6823,0.12156616459112903
MICH,XJTU,0.02,0.001,23,6823,0.11470339264252566
MICH,XJTU,0.015,0.001,23,6823,0.10881646970498343
MICH,XJTU,0.01,0.001,23,6823,0.09959755217854804
MICH,XJTU,0.005,0.001,23,6823,0.08389683068637105
MICH,XJTU,1.0,0.002,23,6823,0.1382535044302195
MICH,XJTU,0.5,0.002,23,6823,0.13742542936244267
MICH,XJTU,0.2,0.002,23,6823,0.13557530685455327
MICH,XJTU,0.1,0.002,23,6823,0.13281288497602758
MICH,XJTU,0.05,0.002,23,6823,0.1275567408025213
MICH,XJTU,0.03,0.002,23,6823,0.12129871104824355
MICH,XJTU,0.02,0.002,23,6823,0.11445961685266255
MICH,XJTU,0.015,0.002,23,6823,0.10860057087048283
MICH,XJTU,0.01,0.002,23,6823,0.09942170913910924
MICH,XJTU,0.005,0.002,23,6823,0.0837509520082744
MICH,XJTU,1.0,0.005,23,6823,0.1379611353259215
MICH,XJTU,0.5,0.005,23,6823,0.13717931632503708
MICH,XJTU,0.2,0.005,23,6823,0.13536306765064668
MICH,XJTU,0.1,0.005,23,6823,0.13261268633209516
MICH,XJTU,0.05,0.005,23,6823,0.12738140183722613
MICH,XJTU,0.03,0.005,23,6823,0.12113735878998408
MICH,XJTU,0.02,0.005,23,6823,0.1143060294472683
MICH,XJTU,0.015,0.005,23,6823,0.10846795567618639
MICH,XJTU,0.01,0.005,23,6823,0.09933203335464177
MICH,XJTU,0.005,0.005,23,6823,0.08367667049474323
MICH_EXP,CALB,1.0,0.0,27,2629,0.0640225548347635
MICH_EXP,CALB,0.5,0.0,27,2629,0.063353100975184
MICH_EXP,CALB,0.2,0.0,27,2629,0.06206479477728738
MICH_EXP,CALB,0.1,0.0,27,2629,0.06047104695342758
MICH_EXP,CALB,0.05,0.0,27,2629,0.0581098445926187
MICH_EXP,CALB,0.03,0.0,27,2629,0.05601240323996267
MICH_EXP,CALB,0.02,0.0,27,2629,0.05434994663435773
MICH_EXP,CALB,0.015,0.0,27,2629,0.053266395737918464
MICH_EXP,CALB,0.01,0.0,27,2629,0.05196169244892651
MICH_EXP,CALB,0.005,0.0,27,2629,0.050459101767977105
MICH_EXP,CALB,1.0,0.00025,27,2629,0.06328759319745247
MICH_EXP,CALB,0.5,0.00025,27,2629,0.06262550060512008
MICH_EXP,CALB,0.2,0.00025,27,2629,0.0613252596708788
MICH_EXP,CALB,0.1,0.00025,27,2629,0.05963806053484617
MICH_EXP,CALB,0.05,0.00025,27,2629,0.05707340135225267
MICH_EXP,CALB,0.03,0.00025,27,2629,0.05475300055099971
MICH_EXP,CALB,0.02,0.00025,27,2629,0.052907661620683916
MICH_EXP,CALB,0.015,0.00025,27,2629,0.051700567616707126
MICH_EXP,CALB,0.01,0.00025,27,2629,0.05024760820027124
MICH_EXP,CALB,0.005,0.00025,27,2629,0.04855354122073837
MICH_EXP,CALB,1.0,0.0005,27,2629,0.06292731027622238
MICH_EXP,CALB,0.5,0.0005,27,2629,0.06228010492591362
MICH_EXP,CALB,0.2,0.0005,27,2629,0.060977689059981
MICH_EXP,CALB,0.1,0.0005,27,2629,0.059265362438441986
MICH_EXP,CALB,0.05,0.0005,27,2629,0.05662596015496057
MICH_EXP,CALB,0.03,0.0005,27,2629,0.054217304973004
MICH_EXP,CALB,0.02,0.0005,27,2629,0.05228241309288277
MICH_EXP,CALB,0.015,0.0005,27,2629,0.051014660301061415
MICH_EXP,CALB,0.01,0.0005,27,2629,0.049485973676834334
MICH_EXP,CALB,0.005,0.0005,27,2629,0.04770202577954944
MICH_EXP,CALB,1.0,0.001,27,2629,0.06258086868364822
MICH_EXP,CALB,0.5,0.001,27,2629,0.06195398065231166
MICH_EXP,CALB,0.2,0.001,27,2629,0.06065304195112192
MICH_EXP,CALB,0.1,0.001,27,2629,0.058933071064902254
MICH_EXP,CALB,0.05,0.001,27,2629,0.056208796694242356
MICH_EXP,CALB,0.03,0.001,27,2629,0.053700991792411265
MICH_EXP,CALB,0.02,0.001,27,2629,0.05167544082895144
MICH_EXP,CALB,0.015,0.001,27,2629,0.05034675876539915
MICH_EXP,CALB,0.01,0.001,27,2629,0.0487517601230607
MICH_EXP,CALB,0.005,0.001,27,2629,0.04686423227933737
MICH_EXP,CALB,1.0,0.002,27,2629,0.06235682349882158
MICH_EXP,CALB,0.5,0.002,27,2629,0.06174284257700124
MICH_EXP,CALB,0.2,0.002,27,2629,0.06046603908497996
MICH_EXP,CALB,0.1,0.002,27,2629,0.058736363717779426
MICH_EXP,CALB,0.05,0.002,27,2629,0.0559970779187995
MICH_EXP,CALB,0.03,0.002,27,2629,0.05342916901086891
MICH_EXP,CALB,0.02,0.002,27,2629,0.05135256524528757
MICH_EXP,CALB,0.015,0.002,27,2629,0.04999828665846143
MICH_EXP,CALB,0.01,0.002,27,2629,0.0483671991480934
MICH_EXP,CALB,0.005,0.002,27,2629,0.04642662796558102
MICH_EXP,CALB,1.0,0.005,27,2629,0.06221647394893986
MICH_EXP,CALB,0.5,0.005,27,2629,0.06163274129497324
MICH_EXP,CALB,0.2,0.005,27,2629,0.060358666652764556
MICH_EXP,CALB,0.1,0.005,27,2629,0.058609956883864986
MICH_EXP,CALB,0.05,0.005,27,2629,0.055853858942509854
MICH_EXP,CALB,0.03,0.005,27,2629,0.05326563937704071
MICH_EXP,CALB,0.02,0.005,27,2629,0.05118223580645157
MICH_EXP,CALB,0.015,0.005,27,2629,0.0498137245528298
MICH_EXP,CALB,0.01,0.005,27,2629,0.04815064931600404
MICH_EXP,CALB,0.005,0.005,27,2629,0.046167495806517946
MICH_EXP,CALCE,1.0,0.0,13,14233,0.4616087713379355
MICH_EXP,CALCE,0.5,0.0,13,14233,0.3085544102295002
MICH_EXP,CALCE,0.2,0.0,13,14233,0.1447777715809028
MICH_EXP,CALCE,0.1,0.0,13,14233,0.07963710314988107
MICH_EXP,CALCE,0.05,0.0,13,14233,0.057128249069202226
MICH_EXP,CALCE,0.03,0.0,13,14233,0.0508561388583042
MICH_EXP,CALCE,0.02,0.0,13,14233,0.04841662678275546
MICH_EXP,CALCE,0.015,0.0,13,14233,0.047658782820227515
MICH_EXP,CALCE,0.01,0.0,13,14233,0.047886512196926426
MICH_EXP,CALCE,0.005,0.0,13,14233,0.053536294593620734
MICH_EXP,CALCE,1.0,0.00025,13,14233,0.4006824851875144
MICH_EXP,CALCE,0.5,0.00025,13,14233,0.25115110339020663
MICH_EXP,CALCE,0.2,0.00025,13,14233,0.10469156211329353
MICH_EXP,CALCE,0.1,0.00025,13,14233,0.06128211551452494
MICH_EXP,CALCE,0.05,0.00025,13,14233,0.04953338629629666
MICH_EXP,CALCE,0.03,0.00025,13,14233,0.046999159546929875
MICH_EXP,CALCE,0.02,0.00025,13,14233,0.04641199004205984
MICH_EXP,CALCE,0.015,0.00025,13,14233,0.04637760427887793
MICH_EXP,CALCE,0.01,0.00025,13,14233,0.047280843797317715
MICH_EXP,CALCE,0.005,0.00025,13,14233,0.054002472751888034
MICH_EXP,CALCE,1.0,0.0005,13,14233,0.35617471743030993
MICH_EXP,CALCE,0.5,0.0005,13,14233,0.21102399576140574
MICH_EXP,CALCE,0.2,0.0005,13,14233,0.08279498451027356
MICH_EXP,CALCE,0.1,0.0005,13,14233,0.054865526717884534
MICH_EXP,CALCE,0.05,0.0005,13,14233,0.047408454848532254
MICH_EXP,CALCE,0.03,0.0005,13,14233,0.04605078165546184
MICH_EXP,CALCE,0.02,0.0005,13,14233,0.04593396973211407
MICH_EXP,CALCE,0.015,0.0005,13,14233,0.04614293346892048
MICH_EXP,CALCE,0.01,0.0005,13,14233,0.047311301362330874
MICH_EXP,CALCE,0.005,0.0005,13,14233,0.05448129375406568
MICH_EXP,CALCE,1.0,0.001,13,14233,0.29524851241895
MICH_EXP,CALCE,0.5,0.001,13,14233,0.1587734806224596
MICH_EXP,CALCE,0.2,0.001,13,14233,0.0664568942595709
MICH_EXP,CALCE,0.1,0.001,13,14233,0.05004577715404974
MICH_EXP,CALCE,0.05,0.001,13,14233,0.04588830394802189
MICH_EXP,CALCE,0.03,0.001,13,14233,0.04537088407238257
MICH_EXP,CALCE,0.02,0.001,13,14233,0.04566217654641524
MICH_EXP,CALCE,0.015,0.001,13,14233,0.04605691357474962
MICH_EXP,CALCE,0.01,0.001,13,14233,0.04748775389580225
MICH_EXP,CALCE,0.005,0.001,13,14233,0.05507356819931464
MICH_EXP,CALCE,1.0,0.002,13,14233,0.22717227358360764
MICH_EXP,CALCE,0.5,0.002,13,14233,0.1092556648787711
MICH_EXP,CALCE,0.2,0.002,13,14233,0.056048010691392314
MICH_EXP,CALCE,0.1,0.002,13,14233,0.04694855246020842
MICH_EXP,CALCE,0.05,0.002,13,14233,0.045005915416841694
MICH_EXP,CALCE,0.03,0.002,13,14233,0.045105179772363765
MICH_EXP,CALCE,0.02,0.002,13,14233,0.045604410704639844
MICH_EXP,CALCE,0.015,0.002,13,14233,0.04612387179407174
MICH_EXP,CALCE,0.01,0.002,13,14233,0.04765943404430685
MICH_EXP,CALCE,0.005,0.002,13,14233,0.05553132685445491
MICH_EXP,CALCE,1.0,0.005,13,14233,0.13798435863173678
MICH_EXP,CALCE,0.5,0.005,13,14233,0.07260947452033142
MICH_EXP,CALCE,0.2,0.005,13,14233,0.04863626317279256
MICH_EXP,CALCE,0.1,0.005,13,14233,0.04495795024373768
MICH_EXP,CALCE,0.05,0.005,13,14233,0.044486919123799
MICH_EXP,CALCE,0.03,0.005,13,14233,0.04490200419423451
MICH_EXP,CALCE,0.02,0.005,13,14233,0.04561232311267395
MICH_EXP,CALCE,0.015,0.005,13,14233,0.046224011886273154
MICH_EXP,CALCE,0.01,0.005,13,14233,0.04780373858679069
MICH_EXP,CALCE,0.005,0.005,13,14233,0.05595083460720491
MICH_EXP,HNEI,1.0,0.0,14,15085,0.3392884511378333
MICH_EXP,HNEI,0.5,0.0,14,15085,0.2517730158616386
MICH_EXP,HNEI,0.2,0.0,14,15085,0.13646686758026386
MICH_EXP,HNEI,0.1,0.0,14,15085,0.08505852935523742
MICH_EXP,HNEI,0.05,0.0,14,15085,0.06035377468487122
MICH_EXP,HNEI,0.03,0.0,14,15085,0.05061043097199668
MICH_EXP,HNEI,0.02,0.0,14,15085,0.04332568517982978
MICH_EXP,HNEI,0.015,0.0,14,15085,0.038185906307416695
MICH_EXP,HNEI,0.01,0.0,14,15085,0.03254804642728088
MICH_EXP,HNEI,0.005,0.0,14,15085,0.04970653612429422
MICH_EXP,HNEI,1.0,0.00025,14,15085,0.29451988075327307
MICH_EXP,HNEI,0.5,0.00025,14,15085,0.2097409269231209
MICH_EXP,HNEI,0.2,0.00025,14,15085,0.10486341917141916
MICH_EXP,HNEI,0.1,0.00025,14,15085,0.06694508338811402
MICH_EXP,HNEI,0.05,0.00025,14,15085,0.05165164714944083
MICH_EXP,HNEI,0.03,0.00025,14,15085,0.04421116853202941
MICH_EXP,HNEI,0.02,0.00025,14,15085,0.03789835938726235
MICH_EXP,HNEI,0.015,0.00025,14,15085,0.03352056918405224
MICH_EXP,HNEI,0.01,0.00025,14,15085,0.028886211615743125
MICH_EXP,HNEI,0.005,0.00025,14,15085,0.04693243068067954
MICH_EXP,HNEI,1.0,0.0005,14,15085,0.2566134776685049
MICH_EXP,HNEI,0.5,0.0005,14,15085,0.17841313677965645
MICH_EXP,HNEI,0.2,0.0005,14,15085,0.08662169320435562
MICH_EXP,HNEI,0.1,0.0005,14,15085,0.05886671996896882
MICH_EXP,HNEI,0.05,0.0005,14,15085,0.04729736657491607
MICH_EXP,HNEI,0.03,0.0005,14,15085,0.040842979676952065
MICH_EXP,HNEI,0.02,0.0005,14,15085,0.03506178694604662
MICH_EXP,HNEI,0.015,0.0005,14,15085,0.031048094245541443
MICH_EXP,HNEI,0.01,0.0005,14,15085,0.026709470611959097
MICH_EXP,HNEI,0.005,0.0005,14,15085,0.04502186033986909
MICH_EXP,HNEI,1.0,0.001,14,15085,0.20923705080752186
MICH_EXP,HNEI,0.5,0.001,14,15085,0.13829061063500825
MICH_EXP,HNEI,0.2,0.001,14,15085,0.0694927048380928
MICH_EXP,HNEI,0.1,0.001,14,15085,0.051641605903673886
MICH_EXP,HNEI,0.05,0.001,14,15085,0.04306155945202531
MICH_EXP,HNEI,0.03,0.001,14,15085,0.03742136179868228
MICH_EXP,HNEI,0.02,0.001,14,15085,0.03214732766620609
MICH_EXP,HNEI,0.015,0.001,14,15085,0.028396972713616398
MICH_EXP,HNEI,0.01,0.001,14,15085,0.02438147310215791
MICH_EXP,HNEI,0.005,0.001,14,15085,0.04310424336243403
MICH_EXP,HNEI,1.0,0.002,14,15085,0.1596657944516948
MICH_EXP,HNEI,0.5,0.002,14,15085,0.0997536121109042
MICH_EXP,HNEI,0.2,0.002,14,15085,0.05758118922384053
MICH_EXP,HNEI,0.1,0.002,14,15085,0.04593579211943528
MICH_EXP,HNEI,0.05,0.002,14,15085,0.039476707362585114
MICH_EXP,HNEI,0.03,0.002,14,15085,0.03454441169450951
MICH_EXP,HNEI,0.02,0.002,14,15085,0.029634216317074535
MICH_EXP,HNEI,0.015,0.002,14,15085,0.026216799574641295
MICH_EXP,HNEI,0.01,0.002,14,15085,0.022615235726214405
MICH_EXP,HNEI,0.005,0.002,14,15085,0.041911742603556436
MICH_EXP,HNEI,1.0,0.005,14,15085,0.10266734759709335
MICH_EXP,HNEI,0.5,0.005,14,15085,0.0684483749842232
MICH_EXP,HNEI,0.2,0.005,14,15085,0.0474076548273335
MICH_EXP,HNEI,0.1,0.005,14,15085,0.0408465420585909
MICH_EXP,HNEI,0.05,0.005,14,15085,0.03625283976605897
MICH_EXP,HNEI,0.03,0.005,14,15085,0.031914782930335305
MICH_EXP,HNEI,0.02,0.005,14,15085,0.02740310337159143
MICH_EXP,HNEI,0.015,0.005,14,15085,0.024393746840764657
MICH_EXP,HNEI,0.01,0.005,14,15085,0.021248961166251773
MICH_EXP,HNEI,0.005,0.005,14,15085,0.04134909344225075
MICH_EXP,HUST,1.0,0.0,77,145735,0.02805565715605453
MICH_EXP,HUST,0.5,0.0,77,145735,0.028075490269018566
MICH_EXP,HUST,0.2,0.0,77,145735,0.02809868961032637
MICH_EXP,HUST,0.1,0.0,77,145735,0.028122998358723485
MICH_EXP,HUST,0.05,0.0,77,145735,0.028158946331171223
MICH_EXP,HUST,0.03,0.0,77,145735,0.028184041113774278
MICH_EXP,HUST,0.02,0.0,77,145735,0.028187307443720788
MICH_EXP,HUST,0.015,0.0,77,145735,0.028180687881940142
MICH_EXP,HUST,0.01,0.0,77,145735,0.028177332295928517
MICH_EXP,HUST,0.005,0.0,77,145735,0.028615248455115705
MICH_EXP,HUST,1.0,0.00025,77,145735,0.028910177746019988
MICH_EXP,HUST,0.5,0.00025,77,145735,0.028930324250195438
MICH_EXP,HUST,0.2,0.00025,77,145735,0.02895296489928892
MICH_EXP,HUST,0.1,0.00025,77,145735,0.028961988978481866
MICH_EXP,HUST,0.05,0.00025,77,145735,0.028955399414529966
MICH_EXP,HUST,0.03,0.00025,77,145735,0.028914702056965003
MICH_EXP,HUST,0.02,0.00025,77,145735,0.028834986899943637
MICH_EXP,HUST,0.015,0.00025,77,145735,0.028740859614274687
MICH_EXP,HUST,0.01,0.00025,77,145735,0.028581271150620837
MICH_EXP,HUST,0.005,0.00025,77,145735,0.028727079104058587
MICH_EXP,HUST,1.0,0.0005,77,145735,0.02903175746390905
MICH_EXP,HUST,0.5,0.0005,77,145735,0.02905428359047863
MICH_EXP,HUST,0.2,0.0005,77,145735,0.02907397692482644
MICH_EXP,HUST,0.1,0.0005,77,145735,0.02907736580079789
MICH_EXP,HUST,0.05,0.0005,77,145735,0.02906249842797682
MICH_EXP,HUST,0.03,0.0005,77,145735,0.02901680576912459
MICH_EXP,HUST,0.02,0.0005,77,145735,0.028925306977543083
MICH_EXP,HUST,0.015,0.0005,77,145735,0.0288170582601969
MICH_EXP,HUST,0.01,0.0005,77,145735,0.028636811523253886
MICH_EXP,HUST,0.005,0.0005,77,145735,0.02875818521432538
MICH_EXP,HUST,1.0,0.001,77,145735,0.029086304134417585
MICH_EXP,HUST,0.5,0.001,77,145735,0.029109387957918367
MICH_EXP,HUST,0.2,0.001,77,145735,0.029126442101769134
MICH_EXP,HUST,0.1,0.001,77,145735,0.029127805047016637
MICH_EXP,HUST,0.05,0.001,77,145735,0.029110246865731968
MICH_EXP,HUST,0.03,0.001,77,145735,0.029060881088238094
MICH_EXP,HUST,0.02,0.001,77,145735,0.028965317821377793
MICH_EXP,HUST,0.015,0.001,77,145735,0.028854173107657095
MICH_EXP,HUST,0.01,0.001,77,145735,0.02866871898496677
MICH_EXP,HUST,0.005,0.001,77,145735,0.028783642745728824
MICH_EXP,HUST,1.0,0.002,77,145735,0.02912040170689287
MICH_EXP,HUST,0.5,0.002,77,145735,0.029142599749180584
MICH_EXP,HUST,0.2,0.002,77,145735,0.029156395205920314
MICH_EXP,HUST,0.1,0.002,77,145735,0.02915434985235664
MICH_EXP,HUST,0.05,0.002,77,145735,0.029134477749431887
MICH_EXP,HUST,0.03,0.002,77,145735,0.029084545022538426
MICH_EXP,HUST,0.02,0.002,77,145735,0.02898761336716697
MICH_EXP,HUST,0.015,0.002,77,145735,0.02887541913911757
MICH_EXP,HUST,0.01,0.002,77,145735,0.02868730790818448
MICH_EXP,HUST,0.005,0.002,77,145735,0.028798119043254765
MICH_EXP,HUST,1.0,0.005,77,145735,0.02914205994303692
MICH_EXP,HUST,0.5,0.005,77,145735,0.02916024295168046
MICH_EXP,HUST,0.2,0.005,77,145735,0.029169689473848133
MICH_EXP,HUST,0.1,0.005,77,145735,0.029165770877903844
MICH_EXP,HUST,0.05,0.005,77,145735,0.02914596096114204
MICH_EXP,HUST,0.03,0.005,77,145735,0.029095392503531117
MICH_EXP,HUST,0.02,0.005,77,145735,0.028996961087754514
MICH_EXP,HUST,0.015,0.005,77,145735,0.028883785341846466
MICH_EXP,HUST,0.01,0.005,77,145735,0.028694572181601204
MICH_EXP,HUST,0.005,0.005,77,145735,0.028803589113267858
MICH_EXP,MATR,1.0,0.0,169,139148,0.05797098420279416
MICH_EXP,MATR,0.5,0.0,169,139148,0.054937394093692055
MICH_EXP,MATR,0.2,0.0,169,139148,0.051497134520942255
MICH_EXP,MATR,0.1,0.0,169,139148,0.04978603441998804
MICH_EXP,MATR,0.05,0.0,169,139148,0.04813308278968322
MICH_EXP,MATR,0.03,0.0,169,139148,0.046751405218426426
MICH_EXP,MATR,0.02,0.0,169,139148,0.0454504799285361
MICH_EXP,MATR,0.015,0.0,169,139148,0.044387145180121386
MICH_EXP,MATR,0.01,0.0,169,139148,0.0426578720292345
MICH_EXP,MATR,0.005,0.0,169,139148,0.039437183688788235
MICH_EXP,MATR,1.0,0.00025,169,139148,0.052966816821893324
MICH_EXP,MATR,0.5,0.00025,169,139148,0.050630299788904036
MICH_EXP,MATR,0.2,0.00025,169,139148,0.048388200174712306
MICH_EXP,MATR,0.1,0.00025,169,139148,0.047120754895837426
MICH_EXP,MATR,0.05,0.00025,169,139148,0.045799857986022374
MICH_EXP,MATR,0.03,0.00025,169,139148,0.04465634252459959
MICH_EXP,MATR,0.02,0.00025,169,139148,0.04355122013548706
MICH_EXP,MATR,0.015,0.00025,169,139148,0.042604415351090975
MICH_EXP,MATR,0.01,0.00025,169,139148,0.04096958632561099
MICH_EXP,MATR,0.005,0.00025,169,139148,0.03783325084795358
MICH_EXP,MATR,1.0,0.0005,169,139148,0.05108050459875664
MICH_EXP,MATR,0.5,0.0005,169,139148,0.049125168820951116
MICH_EXP,MATR,0.2,0.0005,169,139148,0.04727027444997595
MICH_EXP,MATR,0.1,0.0005,169,139148,0.04613750568585468
MICH_EXP,MATR,0.05,0.0005,169,139148,0.044904522147133565
MICH_EXP,MATR,0.03,0.0005,169,139148,0.04383184928515257
MICH_EXP,MATR,0.02,0.0005,169,139148,0.04280206738230616
MICH_EXP,MATR,0.015,0.0005,169,139148,0.04191862778335098
MICH_EXP,MATR,0.01,0.0005,169,139148,0.040347994605165964
MICH_EXP,MATR,0.005,0.0005,169,139148,0.03724747103192365
MICH_EXP,MATR,1.0,0.001,169,139148,0.04925745058660974
MICH_EXP,MATR,0.5,0.001,169,139148,0.04768556709993895
MICH_EXP,MATR,0.2,0.001,169,139148,0.046157148663301444
MICH_EXP,MATR,0.1,0.001,169,139148,0.04511266792990206
MICH_EXP,MATR,0.05,0.001,169,139148,0.043959345528951754
MICH_EXP,MATR,0.03,0.001,169,139148,0.04296842286158462
MICH_EXP,MATR,0.02,0.001,169,139148,0.04206190303738069
MICH_EXP,MATR,0.015,0.001,169,139148,0.04125578222624981
MICH_EXP,MATR,0.01,0.001,169,139148,0.03973687679664776
MICH_EXP,MATR,0.005,0.001,169,139148,0.03666790014625246
MICH_EXP,MATR,1.0,0.002,169,139148,0.047682420637197374
MICH_EXP,MATR,0.5,0.002,169,139148,0.04642224176386113
MICH_EXP,MATR,0.2,0.002,169,139148,0.04509025081020506
MICH_EXP,MATR,0.1,0.002,169,139148,0.04410803750091093
MICH_EXP,MATR,0.05,0.002,169,139148,0.04303066951678201
MICH_EXP,MATR,0.03,0.002,169,139148,0.042192900079596585
MICH_EXP,MATR,0.02,0.002,169,139148,0.041382067083798324
MICH_EXP,MATR,0.015,0.002,169,139148,0.04062705564810359
MICH_EXP,MATR,0.01,0.002,169,139148,0.03914336041119137
MICH_EXP,MATR,0.005,0.002,169,139148,0.03611861852683524
MICH_EXP,MATR,1.0,0.005,169,139148,0.046117873715184006
MICH_EXP,MATR,0.5,0.005,169,139148,0.04509692935928336
MICH_EXP,MATR,0.2,0.005,169,139148,0.043904943015244224
MICH_EXP,MATR,0.1,0.005,169,139148,0.043013818349287115
MICH_EXP,MATR,0.05,0.005,169,139148,0.04214469860997798
MICH_EXP,MATR,0.03,0.005,169,139148,0.04141931460655928
MICH_EXP,MATR,0.02,0.005,169,139148,0.040660735348547666
MICH_EXP,MATR,0.015,0.005,169,139148,0.03993494903053771
MICH_EXP,MATR,0.01,0.005,169,139148,0.03848018490663363
MICH_EXP,MATR,0.005,0.005,169,139148,0.03554246279665536
MICH_EXP,MICH,1.0,0.0,40,19681,0.07766796889669476
MICH_EXP,MICH,0.5,0.0,40,19681,0.07842865171293152
MICH_EXP,MICH,0.2,0.0,40,19681,0.08027975780112316
MICH_EXP,MICH,0.1,0.0,40,19681,0.08285274800140392
MICH_EXP,MICH,0.05,0.0,40,19681,0.08671839374553597
MICH_EXP,MICH,0.03,0.0,40,19681,0.09058001910594735
MICH_EXP,MICH,0.02,0.0,40,19681,0.0946799794322911
MICH_EXP,MICH,0.015,0.0,40,19681,0.09827808251016636
MICH_EXP,MICH,0.01,0.0,40,19681,0.10413882984048468
MICH_EXP,MICH,0.005,0.0,40,19681,0.1160791781763637
MICH_EXP,MICH,1.0,0.00025,40,19681,0.07805248305197866
MICH_EXP,MICH,0.5,0.00025,40,19681,0.07879981278371136
MICH_EXP,MICH,0.2,0.00025,40,19681,0.08063443161870705
MICH_EXP,MICH,0.1,0.00025,40,19681,0.08315473346479513
MICH_EXP,MICH,0.05,0.00025,40,19681,0.0869138203992966
MICH_EXP,MICH,0.03,0.00025,40,19681,0.09067200312001121
MICH_EXP,MICH,0.02,0.00025,40,19681,0.09463655085264647
MICH_EXP,MICH,0.015,0.00025,40,19681,0.09818037368038605
MICH_EXP,MICH,0.01,0.00025,40,19681,0.10403723747814946
MICH_EXP,MICH,0.005,0.00025,40,19681,0.11598120353779928
MICH_EXP,MICH,1.0,0.0005,40,19681,0.07824037551636254
MICH_EXP,MICH,0.5,0.0005,40,19681,0.07895765271501176
MICH_EXP,MICH,0.2,0.0005,40,19681,0.08077931533054263
MICH_EXP,MICH,0.1,0.0005,40,19681,0.08327793033908255
MICH_EXP,MICH,0.05,0.0005,40,19681,0.08700177144709412
MICH_EXP,MICH,0.03,0.0005,40,19681,0.09072392451642097
MICH_EXP,MICH,0.02,0.0005,40,19681,0.09463298726020247
MICH_EXP,MICH,0.015,0.0005,40,19681,0.09815325851063246
MICH_EXP,MICH,0.01,0.0005,40,19681,0.10400301216473244
MICH_EXP,MICH,0.005,0.0005,40,19681,0.11594879882993732
MICH_EXP,MICH,1.0,0.001,40,19681,0.07843895411110309
MICH_EXP,MICH,0.5,0.001,40,19681,0.07913930950587598
MICH_EXP,MICH,0.2,0.001,40,19681,0.08093844247124421
MICH_EXP,MICH,0.1,0.001,40,19681,0.08340929764294315
MICH_EXP,MICH,0.05,0.001,40,19681,0.08708967834555663
MICH_EXP,MICH,0.03,0.001,40,19681,0.09077260260131367
MICH_EXP,MICH,0.02,0.001,40,19681,0.09463618825604647
MICH_EXP,MICH,0.015,0.001,40,19681,0.09813540661917809
MICH_EXP,MICH,0.01,0.001,40,19681,0.10397918986296202
MICH_EXP,MICH,0.005,0.001,40,19681,0.1159212805562743
MICH_EXP,MICH,1.0,0.002,40,19681,0.07863365581846601
MICH_EXP,MICH,0.5,0.002,40,19681,0.07931097461933138
MICH_EXP,MICH,0.2,0.002,40,19681,0.08108336305717109
MICH_EXP,MICH,0.1,0.002,40,19681,0.0835233086112844
MICH_EXP,MICH,0.05,0.002,40,19681,0.08716528568060346
MICH_EXP,MICH,0.03,0.002,40,19681,0.09083216716306594
MICH_EXP,MICH,0.02,0.002,40,19681,0.09464680345468472
MICH_EXP,MICH,0.015,0.002,40,19681,0.0981340196156215
MICH_EXP,MICH,0.01,0.002,40,19681,0.10397585452560183
MICH_EXP,MICH,0.005,0.002,40,19681,0.11590688290608495
MICH_EXP,MICH,1.0,0.005,40,19681,0.07881632566524399
MICH_EXP,MICH,0.5,0.005,40,19681,0.07947614929120456
MICH_EXP,MICH,0.2,0.005,40,19681,0.08121935177553762
MICH_EXP,MICH,0.1,0.005,40,19681,0.08362694689753493
MICH_EXP,MICH,0.05,0.005,40,19681,0.0872340544935015
MICH_EXP,MICH,0.03,0.005,40,19681,0.09087084176506773
MICH_EXP,MICH,0.02,0.005,40,19681,0.09466884080195
MICH_EXP,MICH,0.015,0.005,40,19681,0.09814477101334365
MICH_EXP,MICH,0.01,0.005,40,19681,0.10399129093004311
MICH_EXP,MICH,0.005,0.005,40,19681,0.11591194929253587
MICH_EXP,RWTH,1.0,0.0,48,105140,0.15354700971196278
MICH_EXP,RWTH,0.5,0.0,48,105140,0.1532833900999689
MICH_EXP,RWTH,0.2,0.0,48,105140,0.15277179968460802
MICH_EXP,RWTH,0.1,0.0,48,105140,0.1521677750529852
MICH_EXP,RWTH,0.05,0.0,48,105140,0.15107972662503247
MICH_EXP,RWTH,0.03,0.0,48,105140,0.14975054536827956
MICH_EXP,RWTH,0.02,0.0,48,105140,0.1482023884919171
MICH_EXP,RWTH,0.015,0.0,48,105140,0.14675478700038924
MICH_EXP,RWTH,0.01,0.0,48,105140,0.1441735009920951
MICH_EXP,RWTH,0.005,0.0,48,105140,0.1392463431377301
MICH_EXP,RWTH,1.0,0.00025,48,105140,0.15581683317177752
MICH_EXP,RWTH,0.5,0.00025,48,105140,0.15547215368458617
MICH_EXP,RWTH,0.2,0.00025,48,105140,0.15492566271609637
MICH_EXP,RWTH,0.1,0.00025,48,105140,0.15427225718125956
MICH_EXP,RWTH,0.05,0.00025,48,105140,0.15311834358667947
MICH_EXP,RWTH,0.03,0.00025,48,105140,0.15167328535131272
MICH_EXP,RWTH,0.02,0.00025,48,105140,0.1499882966102504
MICH_EXP,RWTH,0.015,0.00025,48,105140,0.14839695811008005
MICH_EXP,RWTH,0.01,0.00025,48,105140,0.1455553496289643
MICH_EXP,RWTH,0.005,0.00025,48,105140,0.14001444127051316
MICH_EXP,RWTH,1.0,0.0005,48,105140,0.1557593351297452
MICH_EXP,RWTH,0.5,0.0005,48,105140,0.1554183384991258
MICH_EXP,RWTH,0.2,0.0005,48,105140,0.15488032178500802
MICH_EXP,RWTH,0.1,0.0005,48,105140,0.1542343817597638
MICH_EXP,RWTH,0.05,0.0005,48,105140,0.1531098100670656
MICH_EXP,RWTH,0.03,0.0005,48,105140,0.15169546951389437
MICH_EXP,RWTH,0.02,0.0005,48,105140,0.15003739677690256
MICH_EXP,RWTH,0.015,0.0005,48,105140,0.14847129532710263
MICH_EXP,RWTH,0.01,0.0005,48,105140,0.14565497382981385
MICH_EXP,RWTH,0.005,0.0005,48,105140,0.14012638591089252
MICH_EXP,RWTH,1.0,0.001,48,105140,0.15562998247383608
MICH_EXP,RWTH,0.5,0.001,48,105140,0.15529400328915555
MICH_EXP,RWTH,0.2,0.001,48,105140,0.154761956029652
MICH_EXP,RWTH,0.1,0.001,48,105140,0.15414637525393043
MICH_EXP,RWTH,0.05,0.001,48,105140,0.1530667807707508
MICH_EXP,RWTH,0.03,0.001,48,105140,0.15170253760624877
MICH_EXP,RWTH,0.02,0.001,48,105140,0.15008196703893395
MICH_EXP,RWTH,0.015,0.001,48,105140,0.14855169791976328
MICH_EXP,RWTH,0.01,0.001,48,105140,0.14577981294831832
MICH_EXP,RWTH,0.005,0.001,48,105140,0.1403079691090055
MICH_EXP,RWTH,1.0,0.002,48,105140,0.15546988017377766
MICH_EXP,RWTH,0.5,0.002,48,105140,0.1551392588118984
MICH_EXP,RWTH,0.2,0.002,48,105140,0.1546329598005843
MICH_EXP,RWTH,0.1,0.002,48,105140,0.15406327972670178
MICH_EXP,RWTH,0.05,0.002,48,105140,0.15305363236840971
MICH_EXP,RWTH,0.03,0.002,48,105140,0.15172771880456298
MICH_EXP,RWTH,0.02,0.002,48,105140,0.1501511442007829
MICH_EXP,RWTH,0.015,0.002,48,105140,0.14864943301178699
MICH_EXP,RWTH,0.01,0.002,48,105140,0.14596944011738053
MICH_EXP,RWTH,0.005,0.002,48,105140,0.1406248297784716
MICH_EXP,RWTH,1.0,0.005,48,105140,0.1552770911661094
MICH_EXP,RWTH,0.5,0.005,48,105140,0.15496317876205695
MICH_EXP,RWTH,0.2,0.005,48,105140,0.15452507225249346
MICH_EXP,RWTH,0.1,0.005,48,105140,0.1540330208476096
MICH_EXP,RWTH,0.05,0.005,48,105140,0.1530921554168825
MICH_EXP,RWTH,0.03,0.005,48,105140,0.1518229085502358
MICH_EXP,RWTH,0.02,0.005,48,105140,0.15032550381084162
MICH_EXP,RWTH,0.015,0.005,48,105140,0.1489056853092558
MICH_EXP,RWTH,0.01,0.005,48,105140,0.1463492787611919
MICH_EXP,RWTH,0.005,0.005,48,105140,0.14111149657701696
MICH_EXP,SDU,1.0,0.0,86,48716,0.09805026366843274
MICH_EXP,SDU,0.5,0.0,86,48716,0.09603850061874328
MICH_EXP,SDU,0.2,0.0,86,48716,0.092059183839619
MICH_EXP,SDU,0.1,0.0,86,48716,0.08763705443545312
MICH_EXP,SDU,0.05,0.0,86,48716,0.08145112458307834
MICH_EXP,SDU,0.03,0.0,86,48716,0.07598523479042255
MICH_EXP,SDU,0.02,0.0,86,48716,0.07096141974113877
MICH_EXP,SDU,0.015,0.0,86,48716,0.067228678612224
MICH_EXP,SDU,0.01,0.0,86,48716,0.06245027116610558
MICH_EXP,SDU,0.005,0.0,86,48716,0.053572065697094
MICH_EXP,SDU,1.0,0.00025,86,48716,0.0973679122569227
MICH_EXP,SDU,0.5,0.00025,86,48716,0.09537432265281182
MICH_EXP,SDU,0.2,0.00025,86,48716,0.09140583741121563
MICH_EXP,SDU,0.1,0.00025,86,48716,0.08712406360618774
MICH_EXP,SDU,0.05,0.00025,86,48716,0.08100248020229917
MICH_EXP,SDU,0.03,0.00025,86,48716,0.07554171704554406
MICH_EXP,SDU,0.02,0.00025,86,48716,0.07052629044501678
MICH_EXP,SDU,0.015,0.00025,86,48716,0.06680337947917064
MICH_EXP,SDU,0.01,0.00025,86,48716,0.061978065248875544
MICH_EXP,SDU,0.005,0.00025,86,48716,0.05319253369889144
MICH_EXP,SDU,1.0,0.0005,86,48716,0.09702019697209283
MICH_EXP,SDU,0.5,0.0005,86,48716,0.09495684072155514
MICH_EXP,SDU,0.2,0.0005,86,48716,0.091050503702682
MICH_EXP,SDU,0.1,0.0005,86,48716,0.08683162693155691
MICH_EXP,SDU,0.05,0.0005,86,48716,0.08068238115320966
MICH_EXP,SDU,0.03,0.0005,86,48716,0.07520850892322367
MICH_EXP,SDU,0.02,0.0005,86,48716,0.07019831832002295
MICH_EXP,SDU,0.015,0.0005,86,48716,0.06646420904258762
MICH_EXP,SDU,0.01,0.0005,86,48716,0.06158952015848296
MICH_EXP,SDU,0.005,0.0005,86,48716,0.05298432395578582
MICH_EXP,SDU,1.0,0.001,86,48716,0.09651564823137762
MICH_EXP,SDU,0.5,0.001,86,48716,0.09441093198631066
MICH_EXP,SDU,0.2,0.001,86,48716,0.09061435367920273
MICH_EXP,SDU,0.1,0.001,86,48716,0.08637978866014129
MICH_EXP,SDU,0.05,0.001,86,48716,0.08015039820956903
MICH_EXP,SDU,0.03,0.001,86,48716,0.07467063498930596
MICH_EXP,SDU,0.02,0.001,86,48716,0.06967264069550674
MICH_EXP,SDU,0.015,0.001,86,48716,0.06588824486625769
MICH_EXP,SDU,0.01,0.001,86,48716,0.06099555044646215
MICH_EXP,SDU,0.005,0.001,86,48716,0.052778779465028076
MICH_EXP,SDU,1.0,0.002,86,48716,0.09588927754498369
MICH_EXP,SDU,0.5,0.002,86,48716,0.09378550002247675
MICH_EXP,SDU,0.2,0.002,86,48716,0.09000965727323727
MICH_EXP,SDU,0.1,0.002,86,48716,0.0856381704820404
MICH_EXP,SDU,0.05,0.002,86,48716,0.07932118122429918
MICH_EXP,SDU,0.03,0.002,86,48716,0.07389305317995915
MICH_EXP,SDU,0.02,0.002,86,48716,0.06884723742068219
MICH_EXP,SDU,0.015,0.002,86,48716,0.06506611530676029
MICH_EXP,SDU,0.01,0.002,86,48716,0.06047418345285956
MICH_EXP,SDU,0.005,0.002,86,48716,0.05250117182815364
MICH_EXP,SDU,1.0,0.005,86,48716,0.09489478755119019
MICH_EXP,SDU,0.5,0.005,86,48716,0.09284432895887995
MICH_EXP,SDU,0.2,0.005,86,48716,0.08868186846700943
MICH_EXP,SDU,0.1,0.005,86,48716,0.08406118087622617
MICH_EXP,SDU,0.05,0.005,86,48716,0.07789855636900272
MICH_EXP,SDU,0.03,0.005,86,48716,0.07254733621431396
MICH_EXP,SDU,0.02,0.005,86,48716,0.06781541645811773
MICH_EXP,SDU,0.015,0.005,86,48716,0.06438775990998256
MICH_EXP,SDU,0.01,0.005,86,48716,0.060008113206541765
MICH_EXP,SDU,0.005,0.005,86,48716,0.05196502969165873
MICH_EXP,SNL,1.0,0.0,61,96092,0.06243836033630211
MICH_EXP,SNL,0.5,0.0,61,96092,0.06293695417554379
MICH_EXP,SNL,0.2,0.0,61,96092,0.06419170540620966
MICH_EXP,SNL,0.1,0.0,61,96092,0.0652758789563119
MICH_EXP,SNL,0.05,0.0,61,96092,0.06678657034114495
MICH_EXP,SNL,0.03,0.0,61,96092,0.06842877486161435
MICH_EXP,SNL,0.02,0.0,61,96092,0.07026333325017109
MICH_EXP,SNL,0.015,0.0,61,96092,0.07196316219665183
MICH_EXP,SNL,0.01,0.0,61,96092,0.07503757931027408
MICH_EXP,SNL,0.005,0.0,61,96092,0.0819456650748467
MICH_EXP,SNL,1.0,0.00025,61,96092,0.0634504816868135
MICH_EXP,SNL,0.5,0.00025,61,96092,0.06402566705308609
MICH_EXP,SNL,0.2,0.00025,61,96092,0.06502434793480047
MICH_EXP,SNL,0.1,0.00025,61,96092,0.06591717894403733
MICH_EXP,SNL,0.05,0.00025,61,96092,0.0672197900559998
MICH_EXP,SNL,0.03,0.00025,61,96092,0.06871753871078383
MICH_EXP,SNL,0.02,0.00025,61,96092,0.07040570363123998
MICH_EXP,SNL,0.015,0.00025,61,96092,0.07197947010569175
MICH_EXP,SNL,0.01,0.00025,61,96092,0.07485849024903682
MICH_EXP,SNL,0.005,0.00025,61,96092,0.0815060602927182
MICH_EXP,SNL,1.0,0.0005,61,96092,0.06418055313302848
MICH_EXP,SNL,0.5,0.0005,61,96092,0.06466512765158723
MICH_EXP,SNL,0.2,0.0005,61,96092,0.0654786315257288
MICH_EXP,SNL,0.1,0.0005,61,96092,0.06627232722395902
MICH_EXP,SNL,0.05,0.0005,61,96092,0.06750715816010304
MICH_EXP,SNL,0.03,0.0005,61,96092,0.06895985714050915
MICH_EXP,SNL,0.02,0.0005,61,96092,0.0706198046436976
MICH_EXP,SNL,0.015,0.0005,61,96092,0.07216753867264601
MICH_EXP,SNL,0.01,0.0005,61,96092,0.07498111935595209
MICH_EXP,SNL,0.005,0.0005,61,96092,0.08156001179802774
MICH_EXP,SNL,1.0,0.001,61,96092,0.06478721438353044
MICH_EXP,SNL,0.5,0.001,61,96092,0.06517791790824724
MICH_EXP,SNL,0.2,0.001,61,96092,0.06585304977203854
MICH_EXP,SNL,0.1,0.001,61,96092,0.0665792819459293
MICH_EXP,SNL,0.05,0.001,61,96092,0.06778042493042843
MICH_EXP,SNL,0.03,0.001,61,96092,0.06921914915290117
MICH_EXP,SNL,0.02,0.001,61,96092,0.07086993120496651
MICH_EXP,SNL,0.015,0.001,61,96092,0.07240855358455081
MICH_EXP,SNL,0.01,0.001,61,96092,0.07517834752076151
MICH_EXP,SNL,0.005,0.001,61,96092,0.08167083997222228
MICH_EXP,SNL,1.0,0.002,61,96092,0.06521516356421589
MICH_EXP,SNL,0.5,0.002,61,96092,0.06553739113685009
MICH_EXP,SNL,0.2,0.002,61,96092,0.06611768583704196
MICH_EXP,SNL,0.1,0.002,61,96092,0.06681790732739372
MICH_EXP,SNL,0.05,0.002,61,96092,0.06803408772199106
MICH_EXP,SNL,0.03,0.002,61,96092,0.06950214496979013
MICH_EXP,SNL,0.02,0.002,61,96092,0.07117905193947216
MICH_EXP,SNL,0.015,0.002,61,96092,0.07271325086872
MICH_EXP,SNL,0.01,0.002,61,96092,0.07543983775038991
MICH_EXP,SNL,0.005,0.002,61,96092,0.0817795918273672
MICH_EXP,SNL,1.0,0.005,61,96092,0.0655267042254665
MICH_EXP,SNL,0.5,0.005,61,96092,0.06579524244545176
MICH_EXP,SNL,0.2,0.005,61,96092,0.06633965544451163
MICH_EXP,SNL,0.1,0.005,61,96092,0.06706335999531202
MICH_EXP,SNL,0.05,0.005,61,96092,0.068338810694274
MICH_EXP,SNL,0.03,0.005,61,96092,0.06986705403102611
MICH_EXP,SNL,0.02,0.005,61,96092,0.07156844250574726
MICH_EXP,SNL,0.015,0.005,61,96092,0.07310697286296258
MICH_EXP,SNL,0.01,0.005,61,96092,0.07580895994943476
MICH_EXP,SNL,0.005,0.005,61,96092,0.08190673156614815
MICH_EXP,UL_PUR,1.0,0.0,10,2195,0.039490302856349316
MICH_EXP,UL_PUR,0.5,0.0,10,2195,0.03916451941351915
MICH_EXP,UL_PUR,0.2,0.0,10,2195,0.03875989577319702
MICH_EXP,UL_PUR,0.1,0.0,10,2195,0.03837644593942519
MICH_EXP,UL_PUR,0.05,0.0,10,2195,0.037921854123292686
MICH_EXP,UL_PUR,0.03,0.0,10,2195,0.03778250206071263
MICH_EXP,UL_PUR,0.02,0.0,10,2195,0.03795934470827384
MICH_EXP,UL_PUR,0.015,0.0,10,2195,0.03832917939582611
MICH_EXP,UL_PUR,0.01,0.0,10,2195,0.039462455476917235
MICH_EXP,UL_PUR,0.005,0.0,10,2195,0.042660339649816435
MICH_EXP,UL_PUR,1.0,0.00025,10,2195,0.04004931282352385
MICH_EXP,UL_PUR,0.5,0.00025,10,2195,0.03978961317582003
MICH_EXP,UL_PUR,0.2,0.00025,10,2195,0.039451226611098816
MICH_EXP,UL_PUR,0.1,0.00025,10,2195,0.0391281870290125
MICH_EXP,UL_PUR,0.05,0.00025,10,2195,0.038676801953087536
MICH_EXP,UL_PUR,0.03,0.00025,10,2195,0.038315684282385146
MICH_EXP,UL_PUR,0.02,0.00025,10,2195,0.038222927892072246
MICH_EXP,UL_PUR,0.015,0.00025,10,2195,0.03846477221973875
MICH_EXP,UL_PUR,0.01,0.00025,10,2195,0.0394682499134774
MICH_EXP,UL_PUR,0.005,0.00025,10,2195,0.042617985366259284
MICH_EXP,UL_PUR,1.0,0.0005,10,2195,0.040047997909937884
MICH_EXP,UL_PUR,0.5,0.0005,10,2195,0.039799380286237765
MICH_EXP,UL_PUR,0.2,0.0005,10,2195,0.03948262042910155
MICH_EXP,UL_PUR,0.1,0.0005,10,2195,0.03922619199958473
MICH_EXP,UL_PUR,0.05,0.0005,10,2195,0.03879800409621626
MICH_EXP,UL_PUR,0.03,0.0005,10,2195,0.03845357042009952
MICH_EXP,UL_PUR,0.02,0.0005,10,2195,0.038348128277190675
MICH_EXP,UL_PUR,0.015,0.0005,10,2195,0.03853373883603477
MICH_EXP,UL_PUR,0.01,0.0005,10,2195,0.03945745759111092
MICH_EXP,UL_PUR,0.005,0.0005,10,2195,0.042589242375051274
MICH_EXP,UL_PUR,1.0,0.001,10,2195,0.03988619935155608
MICH_EXP,UL_PUR,0.5,0.001,10,2195,0.03963612110503979
MICH_EXP,UL_PUR,0.2,0.001,10,2195,0.03935680076677432
MICH_EXP,UL_PUR,0.1,0.001,10,2195,0.039166862794066525
MICH_EXP,UL_PUR,0.05,0.001,10,2195,0.038848734166534074
MICH_EXP,UL_PUR,0.03,0.001,10,2195,0.03855215980655326
MICH_EXP,UL_PUR,0.02,0.001,10,2195,0.038469940648864207
MICH_EXP,UL_PUR,0.015,0.001,10,2195,0.03856172105059485
MICH_EXP,UL_PUR,0.01,0.001,10,2195,0.03943182428051331
MICH_EXP,UL_PUR,0.005,0.001,10,2195,0.04255396327615643
MICH_EXP,UL_PUR,1.0,0.002,10,2195,0.03966798912072421
MICH_EXP,UL_PUR,0.5,0.002,10,2195,0.03947262899386303
MICH_EXP,UL_PUR,0.2,0.002,10,2195,0.03926308769445992
MICH_EXP,UL_PUR,0.1,0.002,10,2195,0.039120982670793995
MICH_EXP,UL_PUR,0.05,0.002,10,2195,0.038858449269388216
MICH_EXP,UL_PUR,0.03,0.002,10,2195,0.038662599895929115
MICH_EXP,UL_PUR,0.02,0.002,10,2195,0.038517509365315
MICH_EXP,UL_PUR,0.015,0.002,10,2195,0.038587847819264505
MICH_EXP,UL_PUR,0.01,0.002,10,2195,0.03942122388627537
MICH_EXP,UL_PUR,0.005,0.002,10,2195,0.042518273748035976
MICH_EXP,UL_PUR,1.0,0.005,10,2195,0.039536090159005624
MICH_EXP,UL_PUR,0.5,0.005,10,2195,0.039389512695546185
MICH_EXP,UL_PUR,0.2,0.005,10,2195,0.039202870962840544
MICH_EXP,UL_PUR,0.1,0.005,10,2195,0.0390986735105117
MICH_EXP,UL_PUR,0.05,0.005,10,2195,0.03889212508719738
MICH_EXP,UL_PUR,0.03,0.005,10,2195,0.03868539062912435
MICH_EXP,UL_PUR,0.02,0.005,10,2195,0.0385405653662635
MICH_EXP,UL_PUR,0.015,0.005,10,2195,0.038585549498694895
MICH_EXP,UL_PUR,0.01,0.005,10,2195,0.03943566999809178
MICH_EXP,UL_PUR,0.005,0.005,10,2195,0.042496575262642874
MICH_EXP,XJTU,1.0,0.0,23,6823,0.13400087433206617
MICH_EXP,XJTU,0.5,0.0,23,6823,0.13254366976693815
MICH_EXP,XJTU,0.2,0.0,23,6823,0.13038049863640108
MICH_EXP,XJTU,0.1,0.0,23,6823,0.12828950596954355
MICH_EXP,XJTU,0.05,0.0,23,6823,0.12548464398470643
MICH_EXP,XJTU,0.03,0.0,23,6823,0.122715509455956
MICH_EXP,XJTU,0.02,0.0,23,6823,0.11996638521959839
MICH_EXP,XJTU,0.015,0.0,23,6823,0.11774730800977093
MICH_EXP,XJTU,0.01,0.0,23,6823,0.11449390455731351
MICH_EXP,XJTU,0.005,0.0,23,6823,0.10924485026925071
MICH_EXP,XJTU,1.0,0.00025,23,6823,0.12747713307778824
MICH_EXP,XJTU,0.5,0.00025,23,6823,0.12609831517536355
MICH_EXP,XJTU,0.2,0.00025,23,6823,0.1240912448749262
MICH_EXP,XJTU,0.1,0.00025,23,6823,0.12196059499724399
MICH_EXP,XJTU,0.05,0.00025,23,6823,0.11896148078280482
MICH_EXP,XJTU,0.03,0.00025,23,6823,0.11580902870705403
MICH_EXP,XJTU,0.02,0.00025,23,6823,0.1126027973192992
MICH_EXP,XJTU,0.015,0.00025,23,6823,0.10994812695859553
MICH_EXP,XJTU,0.01,0.00025,23,6823,0.10594206301801366
MICH_EXP,XJTU,0.005,0.00025,23,6823,0.09961989780852695
MICH_EXP,XJTU,1.0,0.0005,23,6823,0.12344919870405408
MICH_EXP,XJTU,0.5,0.0005,23,6823,0.12217749649541747
MICH_EXP,XJTU,0.2,0.0005,23,6823,0.12023944919926165
MICH_EXP,XJTU,0.1,0.0005,23,6823,0.11810253435853779
MICH_EXP,XJTU,0.05,0.0005,23,6823,0.11492754346369317
MICH_EXP,XJTU,0.03,0.0005,23,6823,0.11149235502677188
MICH_EXP,XJTU,0.02,0.0005,23,6823,0.10795116518229747
MICH_EXP,XJTU,0.015,0.0005,23,6823,0.10497648431504983
MICH_EXP,XJTU,0.01,0.0005,23,6823,0.10053377168743409
MICH_EXP,XJTU,0.005,0.0005,23,6823,0.09368490722426144
MICH_EXP,XJTU,1.0,0.001,23,6823,0.1193553093822716
MICH_EXP,XJTU,0.5,0.001,23,6823,0.1182578805019775
MICH_EXP,XJTU,0.2,0.001,23,6823,0.11648144551832573
MICH_EXP,XJTU,0.1,0.001,23,6823,0.11442501963720794
MICH_EXP,XJTU,0.05,0.001,23,6823,0.11119517501116254
MICH_EXP,XJTU,0.03,0.001,23,6823,0.10761256394068087
MICH_EXP,XJTU,0.02,0.001,23,6823,0.10385055101712591
MICH_EXP,XJTU,0.015,0.001,23,6823,0.10068297999671945
MICH_EXP,XJTU,0.01,0.001,23,6823,0.09596561504595692
MICH_EXP,XJTU,0.005,0.001,23,6823,0.08880683971727463
MICH_EXP,XJTU,1.0,0.002,23,6823,0.11638678555834427
MICH_EXP,XJTU,0.5,0.002,23,6823,0.1154603218362248
MICH_EXP,XJTU,0.2,0.002,23,6823,0.11377979855987241
MICH_EXP,XJTU,0.1,0.002,23,6823,0.11169524675757471
MICH_EXP,XJTU,0.05,0.002,23,6823,0.10830440484225361
MICH_EXP,XJTU,0.03,0.002,23,6823,0.10450511909649426
MICH_EXP,XJTU,0.02,0.002,23,6823,0.10048033729439924
MICH_EXP,XJTU,0.015,0.002,23,6823,0.09708142798590805
MICH_EXP,XJTU,0.01,0.002,23,6823,0.09206741249903767
MICH_EXP,XJTU,0.005,0.002,23,6823,0.08453134227788617
MICH_EXP,XJTU,1.0,0.005,23,6823,0.11428094270113498
MICH_EXP,XJTU,0.5,0.005,23,6823,0.11345460478422259
MICH_EXP,XJTU,0.2,0.005,23,6823,0.1118138785456291
MICH_EXP,XJTU,0.1,0.005,23,6823,0.10975401457493224
MICH_EXP,XJTU,0.05,0.005,23,6823,0.10631137548560975
MICH_EXP,XJTU,0.03,0.005,23,6823,0.1024147627871369
MICH_EXP,XJTU,0.02,0.005,23,6823,0.09826185280108414
MICH_EXP,XJTU,0.015,0.005,23,6823,0.09473581492436277
MICH_EXP,XJTU,0.01,0.005,23,6823,0.08958417592341242
MICH_EXP,XJTU,0.005,0.005,23,6823,0.08167651660568102
RWTH,CALB,1.0,0.0,27,2629,0.053678596514990844
RWTH,CALB,0.5,0.0,27,2629,0.05287365571785686
RWTH,CALB,0.2,0.0,27,2629,0.05133337612199137
RWTH,CALB,0.1,0.0,27,2629,0.049438021345426485
RWTH,CALB,0.05,0.0,27,2629,0.04658722008543675
RWTH,CALB,0.03,0.0,27,2629,0.044013220598582196
RWTH,CALB,0.02,0.0,27,2629,0.042001212444594815
RWTH,CALB,0.015,0.0,27,2629,0.04073520223718358
RWTH,CALB,0.01,0.0,27,2629,0.0392801807932738
RWTH,CALB,0.005,0.0,27,2629,0.0377128139514721
RWTH,CALB,1.0,0.00025,27,2629,0.05325339523069027
RWTH,CALB,0.5,0.00025,27,2629,0.05247967736115737
RWTH,CALB,0.2,0.00025,27,2629,0.05100083959709251
RWTH,CALB,0.1,0.00025,27,2629,0.049102372793862564
RWTH,CALB,0.05,0.00025,27,2629,0.04612524872972676
RWTH,CALB,0.03,0.00025,27,2629,0.04340356681082769
RWTH,CALB,0.02,0.00025,27,2629,0.041259312946403934
RWTH,CALB,0.015,0.00025,27,2629,0.03989691467044192
RWTH,CALB,0.01,0.00025,27,2629,0.03832391244758902
RWTH,CALB,0.005,0.00025,27,2629,0.03661153735010069
RWTH,CALB,1.0,0.0005,27,2629,0.05304951618795653
RWTH,CALB,0.5,0.0005,27,2629,0.05229727660496829
RWTH,CALB,0.2,0.0005,27,2629,0.0508646824254303
RWTH,CALB,0.1,0.0005,27,2629,0.04895367359775727
RWTH,CALB,0.05,0.0005,27,2629,0.04592382664405073
RWTH,CALB,0.03,0.0005,27,2629,0.04314360222659196
RWTH,CALB,0.02,0.0005,27,2629,0.040943534965571765
RWTH,CALB,0.015,0.0005,27,2629,0.03954438704336201
RWTH,CALB,0.01,0.0005,27,2629,0.03792490484039021
RWTH,CALB,0.005,0.0005,27,2629,0.036155352632289174
RWTH,CALB,1.0,0.001,27,2629,0.052853629230913954
RWTH,CALB,0.5,0.001,27,2629,0.05212988100933978
RWTH,CALB,0.2,0.001,27,2629,0.05074008717354182
RWTH,CALB,0.1,0.001,27,2629,0.04883211095765602
RWTH,CALB,0.05,0.001,27,2629,0.04577617883589686
RWTH,CALB,0.03,0.001,27,2629,0.042943511028742866
RWTH,CALB,0.02,0.001,27,2629,0.04069073424121049
RWTH,CALB,0.015,0.001,27,2629,0.03924993693019991
RWTH,CALB,0.01,0.001,27,2629,0.03757635946013251
RWTH,CALB,0.005,0.001,27,2629,0.03574133461292827
RWTH,CALB,1.0,0.002,27,2629,0.05269342961591407
RWTH,CALB,0.5,0.002,27,2629,0.0520181751005277
RWTH,CALB,0.2,0.002,27,2629,0.05065060845751506
RWTH,CALB,0.1,0.002,27,2629,0.04874165154193357
RWTH,CALB,0.05,0.002,27,2629,0.0456585798461473
RWTH,CALB,0.03,0.002,27,2629,0.042779952918574796
RWTH,CALB,0.02,0.002,27,2629,0.04047751740189856
RWTH,CALB,0.015,0.002,27,2629,0.03900207189698434
RWTH,CALB,0.01,0.002,27,2629,0.03728669509183458
RWTH,CALB,0.005,0.002,27,2629,0.03540503769125341
RWTH,CALB,1.0,0.005,27,2629,0.05260854074740329
RWTH,CALB,0.5,0.005,27,2629,0.05196122147174883
RWTH,CALB,0.2,0.005,27,2629,0.050597541993395605
RWTH,CALB,0.1,0.005,27,2629,0.04870034157699873
RWTH,CALB,0.05,0.005,27,2629,0.04559342035644165
RWTH,CALB,0.03,0.005,27,2629,0.04267888863712344
RWTH,CALB,0.02,0.005,27,2629,0.04034830218892383
RWTH,CALB,0.015,0.005,27,2629,0.038852804619629686
RWTH,CALB,0.01,0.005,27,2629,0.03711196435695106
RWTH,CALB,0.005,0.005,27,2629,0.03519858556599898
RWTH,CALCE,1.0,0.0,13,14233,0.4688242602730606
RWTH,CALCE,0.5,0.0,13,14233,0.3082433531854197
RWTH,CALCE,0.2,0.0,13,14233,0.14255672351611592
RWTH,CALCE,0.1,0.0,13,14233,0.0779886095888435
RWTH,CALCE,0.05,0.0,13,14233,0.05709796747796885
RWTH,CALCE,0.03,0.0,13,14233,0.05117770939492573
RWTH,CALCE,0.02,0.0,13,14233,0.049195621805694624
RWTH,CALCE,0.015,0.0,13,14233,0.04863009457422174
RWTH,CALCE,0.01,0.0,13,14233,0.04886165074526575
RWTH,CALCE,0.005,0.0,13,14233,0.05588195347052724
RWTH,CALCE,1.0,0.00025,13,14233,0.4028327011987425
RWTH,CALCE,0.5,0.00025,13,14233,0.24929998752699795
RWTH,CALCE,0.2,0.00025,13,14233,0.10384128621227796
RWTH,CALCE,0.1,0.00025,13,14233,0.0624807665172247
RWTH,CALCE,0.05,0.00025,13,14233,0.05096880597603837
RWTH,CALCE,0.03,0.00025,13,14233,0.0481815548847596
RWTH,CALCE,0.02,0.00025,13,14233,0.04771889081029671
RWTH,CALCE,0.015,0.00025,13,14233,0.04770383513782594
RWTH,CALCE,0.01,0.00025,13,14233,0.04853004718868759
RWTH,CALCE,0.005,0.00025,13,14233,0.05667815980631667
RWTH,CALCE,1.0,0.0005,13,14233,0.3544039352576055
RWTH,CALCE,0.5,0.0005,13,14233,0.20917327009093917
RWTH,CALCE,0.2,0.0005,13,14233,0.08334702253529015
RWTH,CALCE,0.1,0.0005,13,14233,0.05649440943337643
RWTH,CALCE,0.05,0.0005,13,14233,0.04877486054844831
RWTH,CALCE,0.03,0.0005,13,14233,0.047210957082604185
RWTH,CALCE,0.02,0.0005,13,14233,0.047210617549542366
RWTH,CALCE,0.015,0.0005,13,14233,0.04739615128468222
RWTH,CALCE,0.01,0.0005,13,14233,0.048539692004689765
RWTH,CALCE,0.005,0.0005,13,14233,0.05719683942690125
RWTH,CALCE,1.0,0.001,13,14233,0.2928778841357723
RWTH,CALCE,0.5,0.001,13,14233,0.15742969293117975
RWTH,CALCE,0.2,0.001,13,14233,0.06809452505171927
RWTH,CALCE,0.1,0.001,13,14233,0.0515297357759695
RWTH,CALCE,0.05,0.001,13,14233,0.047082804150705884
RWTH,CALCE,0.03,0.001,13,14233,0.04648582192520846
RWTH,CALCE,0.02,0.001,13,14233,0.046810182683681534
RWTH,CALCE,0.015,0.001,13,14233,0.04728445749450832
RWTH,CALCE,0.01,0.001,13,14233,0.0486721058949677
RWTH,CALCE,0.005,0.001,13,14233,0.057812529080989376
RWTH,CALCE,1.0,0.002,13,14233,0.22341430236101997
RWTH,CALCE,0.5,0.002,13,14233,0.1080755512019052
RWTH,CALCE,0.2,0.002,13,14233,0.0575303375236541
RWTH,CALCE,0.1,0.002,13,14233,0.04814944708937952
RWTH,CALCE,0.05,0.002,13,14233,0.046069776647194166
RWTH,CALCE,0.03,0.002,13,14233,0.04610120125247857
RWTH,CALCE,0.02,0.002,13,14233,0.046642171004309854
RWTH,CALCE,0.015,0.002,13,14233,0.04730859910438465
RWTH,CALCE,0.01,0.002,13,14233,0.0488115900439496
RWTH,CALCE,0.005,0.002,13,14233,0.058482960297320655
RWTH,CALCE,1.0,0.005,13,14233,0.13723172591488275
RWTH,CALCE,0.5,0.005,13,14233,0.07268147919572356
RWTH,CALCE,0.2,0.005,13,14233,0.04969884385094939
RWTH,CALCE,0.1,0.005,13,14233,0.0459088017730295
RWTH,CALCE,0.05,0.005,13,14233,0.0454612292194772
RWTH,CALCE,0.03,0.005,13,14233,0.04585707590610954
RWTH,CALCE,0.02,0.005,13,14233,0.04656208686589095
RWTH,CALCE,0.015,0.005,13,14233,0.04735022969718839
RWTH,CALCE,0.01,0.005,13,14233,0.04900082882138485
RWTH,CALCE,0.005,0.005,13,14233,0.0590535077141776
RWTH,HNEI,1.0,0.0,14,15085,0.3211066064027219
RWTH,HNEI,0.5,0.0,14,15085,0.22568374453107537
RWTH,HNEI,0.2,0.0,14,15085,0.1049884750601093
RWTH,HNEI,0.1,0.0,14,15085,0.056562241667821415
RWTH,HNEI,0.05,0.0,14,15085,0.037424155786366035
RWTH,HNEI,0.03,0.0,14,15085,0.030373250782708448
RWTH,HNEI,0.02,0.0,14,15085,0.02715266821608408
RWTH,HNEI,0.015,0.0,14,15085,0.025848205001641256
RWTH,HNEI,0.01,0.0,14,15085,0.027872833703949378
RWTH,HNEI,0.005,0.0,14,15085,0.05635450168372164
RWTH,HNEI,1.0,0.00025,14,15085,0.27696487402002135
RWTH,HNEI,0.5,0.00025,14,15085,0.18345706302337858
RWTH,HNEI,0.2,0.00025,14,15085,0.07763525968419041
RWTH,HNEI,0.1,0.00025,14,15085,0.04545819723432064
RWTH,HNEI,0.05,0.00025,14,15085,0.03330091015642267
RWTH,HNEI,0.03,0.00025,14,15085,0.027955239649248936
RWTH,HNEI,0.02,0.00025,14,15085,0.025371679257857445
RWTH,HNEI,0.015,0.00025,14,15085,0.024507707821199272
RWTH,HNEI,0.01,0.00025,14,15085,0.026785451709860308
RWTH,HNEI,0.005,0.00025,14,15085,0.05555880744886682
RWTH,HNEI,1.0,0.0005,14,15085,0.23848796124763785
RWTH,HNEI,0.5,0.0005,14,15085,0.15372891344075842
RWTH,HNEI,0.2,0.0005,14,15085,0.06356833672346808
RWTH,HNEI,0.1,0.0005,14,15085,0.04091672972007866
RWTH,HNEI,0.05,0.0005,14,15085,0.031260983405501985
RWTH,HNEI,0.03,0.0005,14,15085,0.026678712337007363
RWTH,HNEI,0.02,0.0005,14,15085,0.024438975523796955
RWTH,HNEI,0.015,0.0005,14,15085,0.023868769899221598
RWTH,HNEI,0.01,0.0005,14,15085,0.026395140013055818
RWTH,HNEI,0.005,0.0005,14,15085,0.05548587814059574
RWTH,HNEI,1.0,0.001,14,15085,0.18947837510726642
RWTH,HNEI,0.5,0.001,14,15085,0.11547260662906654
RWTH,HNEI,0.2,0.001,14,15085,0.05146304505715086
RWTH,HNEI,0.1,0.001,14,15085,0.03635158462083015
RWTH,HNEI,0.05,0.001,14,15085,0.02918216882433392
RWTH,HNEI,0.03,0.001,14,15085,0.025363004501948144
RWTH,HNEI,0.02,0.001,14,15085,0.023659799741193758
RWTH,HNEI,0.015,0.001,14,15085,0.023486641382515022
RWTH,HNEI,0.01,0.001,14,15085,0.02628550589003114
RWTH,HNEI,0.005,0.001,14,15085,0.05560218111863191
RWTH,HNEI,1.0,0.002,14,15085,0.14070486528024997
RWTH,HNEI,0.5,0.002,14,15085,0.08092093442302277
RWTH,HNEI,0.2,0.002,14,15085,0.04256125499237036
RWTH,HNEI,0.1,0.002,14,15085,0.032760672524757166
RWTH,HNEI,0.05,0.002,14,15085,0.0273617792878748
RWTH,HNEI,0.03,0.002,14,15085,0.02427329612312296
RWTH,HNEI,0.02,0.002,14,15085,0.02297973781578715
RWTH,HNEI,0.015,0.002,14,15085,0.02315051164715437
RWTH,HNEI,0.01,0.002,14,15085,0.026195761903454313
RWTH,HNEI,0.005,0.002,14,15085,0.055687840188366235
RWTH,HNEI,1.0,0.005,14,15085,0.08621807069856505
RWTH,HNEI,0.5,0.005,14,15085,0.05412053315207187
RWTH,HNEI,0.2,0.005,14,15085,0.03509431006565805
RWTH,HNEI,0.1,0.005,14,15085,0.02956279986336591
RWTH,HNEI,0.05,0.005,14,15085,0.02577211206101172
RWTH,HNEI,0.03,0.005,14,15085,0.02325677280908595
RWTH,HNEI,0.02,0.005,14,15085,0.022387065933862447
RWTH,HNEI,0.015,0.005,14,15085,0.022820517124596176
RWTH,HNEI,0.01,0.005,14,15085,0.026306053498928606
RWTH,HNEI,0.005,0.005,14,15085,0.05594145811541264
RWTH,HUST,1.0,0.0,77,145735,0.031652863917957935
RWTH,HUST,0.5,0.0,77,145735,0.03168803925046801
RWTH,HUST,0.2,0.0,77,145735,0.03175927488323734
RWTH,HUST,0.1,0.0,77,145735,0.031867390222100195
RWTH,HUST,0.05,0.0,77,145735,0.032053158646110066
RWTH,HUST,0.03,0.0,77,145735,0.032273185547511726
RWTH,HUST,0.02,0.0,77,145735,0.032518891644370856
RWTH,HUST,0.015,0.0,77,145735,0.03273799279050461
RWTH,HUST,0.01,0.0,77,145735,0.033109338032837825
RWTH,HUST,0.005,0.0,77,145735,0.03405978752454242
RWTH,HUST,1.0,0.00025,77,145735,0.033203096514370915
RWTH,HUST,0.5,0.00025,77,145735,0.03325603408061713
RWTH,HUST,0.2,0.00025,77,145735,0.0333402317625023
RWTH,HUST,0.1,0.00025,77,145735,0.03342214096628235
RWTH,HUST,0.05,0.00025,77,145735,0.03353588575677885
RWTH,HUST,0.03,0.00025,77,145735,0.0336669021880165
RWTH,HUST,0.02,0.00025,77,145735,0.03380717641931623
RWTH,HUST,0.015,0.00025,77,145735,0.03390721641664055
RWTH,HUST,0.01,0.00025,77,145735,0.03402212150510238
RWTH,HUST,0.005,0.00025,77,145735,0.03442426723648605
RWTH,HUST,1.0,0.0005,77,145735,0.03346917720712817
RWTH,HUST,0.5,0.0005,77,145735,0.033529199352719384
RWTH,HUST,0.2,0.0005,77,145735,0.03360975811176714
RWTH,HUST,0.1,0.0005,77,145735,0.033673175160194274
RWTH,HUST,0.05,0.0005,77,145735,0.033762883317146115
RWTH,HUST,0.03,0.0005,77,145735,0.03385931328035472
RWTH,HUST,0.02,0.0005,77,145735,0.03396766040315749
RWTH,HUST,0.015,0.0005,77,145735,0.03403386056107321
RWTH,HUST,0.01,0.0005,77,145735,0.034106591353282555
RWTH,HUST,0.005,0.0005,77,145735,0.03446125436806944
RWTH,HUST,1.0,0.001,77,145735,0.03358587314997979
RWTH,HUST,0.5,0.001,77,145735,0.033649417231045496
RWTH,HUST,0.2,0.001,77,145735,0.033723701707282415
RWTH,HUST,0.1,0.001,77,145735,0.03377619961154271
RWTH,HUST,0.05,0.001,77,145735,0.0338468925768569
RWTH,HUST,0.03,0.001,77,145735,0.033928634938527005
RWTH,HUST,0.02,0.001,77,145735,0.03402899032644475
RWTH,HUST,0.015,0.001,77,145735,0.03408728505384831
RWTH,HUST,0.01,0.001,77,145735,0.03414982306272632
RWTH,HUST,0.005,0.001,77,145735,0.03448778705595604
RWTH,HUST,1.0,0.002,77,145735,0.03364588924178196
RWTH,HUST,0.5,0.002,77,145735,0.03370939523475669
RWTH,HUST,0.2,0.002,77,145735,0.03377607546737524
RWTH,HUST,0.1,0.002,77,145735,0.033821447649270864
RWTH,HUST,0.05,0.002,77,145735,0.03388501395478628
RWTH,HUST,0.03,0.002,77,145735,0.033963781985460295
RWTH,HUST,0.02,0.002,77,145735,0.0340608708459823
RWTH,HUST,0.015,0.002,77,145735,0.03411695398983775
RWTH,HUST,0.01,0.002,77,145735,0.03417480016398007
RWTH,HUST,0.005,0.002,77,145735,0.03450380380553616
RWTH,HUST,1.0,0.005,77,145735,0.03369376557370103
RWTH,HUST,0.5,0.005,77,145735,0.03374811532739262
RWTH,HUST,0.2,0.005,77,145735,0.03380339741203818
RWTH,HUST,0.1,0.005,77,145735,0.033843293557269845
RWTH,HUST,0.05,0.005,77,145735,0.0339033715299596
RWTH,HUST,0.03,0.005,77,145735,0.033980431087290874
RWTH,HUST,0.02,0.005,77,145735,0.034075083999514436
RWTH,HUST,0.015,0.005,77,145735,0.03412869743065534
RWTH,HUST,0.01,0.005,77,145735,0.03418368763320695
RWTH,HUST,0.005,0.005,77,145735,0.034509641870619556
RWTH,MATR,1.0,0.0,169,139148,0.053991956863593094
RWTH,MATR,0.5,0.0,169,139148,0.05236861248816249
RWTH,MATR,0.2,0.0,169,139148,0.05088889455701533
RWTH,MATR,0.1,0.0,169,139148,0.04977907144695542
RWTH,MATR,0.05,0.0,169,139148,0.04845303372520733
RWTH,MATR,0.03,0.0,169,139148,0.047228348722881626
RWTH,MATR,0.02,0.0,169,139148,0.04599984805354033
RWTH,MATR,0.015,0.0,169,139148,0.04492729679878464
RWTH,MATR,0.01,0.0,169,139148,0.04308951644628138
RWTH,MATR,0.005,0.0,169,139148,0.03956804854262003
RWTH,MATR,1.0,0.00025,169,139148,0.05194904480578814
RWTH,MATR,0.5,0.00025,169,139148,0.05068710602371138
RWTH,MATR,0.2,0.00025,169,139148,0.04939701418738206
RWTH,MATR,0.1,0.00025,169,139148,0.04839346579939162
RWTH,MATR,0.05,0.00025,169,139148,0.0472248622030561
RWTH,MATR,0.03,0.00025,169,139148,0.046143940069893544
RWTH,MATR,0.02,0.00025,169,139148,0.045020848378298256
RWTH,MATR,0.015,0.00025,169,139148,0.04399150545032447
RWTH,MATR,0.01,0.00025,169,139148,0.042139851119590496
RWTH,MATR,0.005,0.00025,169,139148,0.03850269639472659
RWTH,MATR,1.0,0.0005,169,139148,0.051162380068545316
RWTH,MATR,0.5,0.0005,169,139148,0.05000230432430339
RWTH,MATR,0.2,0.0005,169,139148,0.048774393766623785
RWTH,MATR,0.1,0.0005,169,139148,0.047825260933903886
RWTH,MATR,0.05,0.0005,169,139148,0.04670969108930909
RWTH,MATR,0.03,0.0005,169,139148,0.04567085828279758
RWTH,MATR,0.02,0.0005,169,139148,0.04460446730757713
RWTH,MATR,0.015,0.0005,169,139148,0.04360810978422297
RWTH,MATR,0.01,0.0005,169,139148,0.04175403657981983
RWTH,MATR,0.005,0.0005,169,139148,0.03805788080741511
RWTH,MATR,1.0,0.001,169,139148,0.05034959308744436
RWTH,MATR,0.5,0.001,169,139148,0.04928014826544257
RWTH,MATR,0.2,0.001,169,139148,0.04812227475270754
RWTH,MATR,0.1,0.001,169,139148,0.04721810069649297
RWTH,MATR,0.05,0.001,169,139148,0.046146116273012315
RWTH,MATR,0.03,0.001,169,139148,0.04518074827221938
RWTH,MATR,0.02,0.001,169,139148,0.044181152242542814
RWTH,MATR,0.015,0.001,169,139148,0.04321160324962287
RWTH,MATR,0.01,0.001,169,139148,0.04135868393090059
RWTH,MATR,0.005,0.001,169,139148,0.03758835298121103
RWTH,MATR,1.0,0.002,169,139148,0.04958297495857876
RWTH,MATR,0.5,0.002,169,139148,0.04859622129734831
RWTH,MATR,0.2,0.002,169,139148,0.04750993298090594
RWTH,MATR,0.1,0.002,169,139148,0.04663738047868814
RWTH,MATR,0.05,0.002,169,139148,0.045639033149591286
RWTH,MATR,0.03,0.002,169,139148,0.04475154228912072
RWTH,MATR,0.02,0.002,169,139148,0.04380192419922537
RWTH,MATR,0.015,0.002,169,139148,0.042854161894279645
RWTH,MATR,0.01,0.002,169,139148,0.040993360802491045
RWTH,MATR,0.005,0.002,169,139148,0.03712722983789017
RWTH,MATR,1.0,0.005,169,139148,0.04877404818511381
RWTH,MATR,0.5,0.005,169,139148,0.047891295486380325
RWTH,MATR,0.2,0.005,169,139148,0.04687506853749525
RWTH,MATR,0.1,0.005,169,139148,0.0460801398407647
RWTH,MATR,0.05,0.005,169,139148,0.04519127826579711
RWTH,MATR,0.03,0.005,169,139148,0.044361507598352404
RWTH,MATR,0.02,0.005,169,139148,0.043443558852275084
RWTH,MATR,0.015,0.005,169,139148,0.04251025299533713
RWTH,MATR,0.01,0.005,169,139148,0.040629247864350286
RWTH,MATR,0.005,0.005,169,139148,0.0366617966773321
RWTH,MICH,1.0,0.0,40,19681,0.08022272351772493
RWTH,MICH,0.5,0.0,40,19681,0.08091053031957475
RWTH,MICH,0.2,0.0,40,19681,0.08239902753773294
RWTH,MICH,0.1,0.0,40,19681,0.08434154999518131
RWTH,MICH,0.05,0.0,40,19681,0.08698335448177673
RWTH,MICH,0.03,0.0,40,19681,0.0891995194986228
RWTH,MICH,0.02,0.0,40,19681,0.09139776623932865
RWTH,MICH,0.015,0.0,40,19681,0.09346876680464047
RWTH,MICH,0.01,0.0,40,19681,0.09783618333378319
RWTH,MICH,0.005,0.0,40,19681,0.10909475271055055
RWTH,MICH,1.0,0.00025,40,19681,0.08120428599919181
RWTH,MICH,0.5,0.00025,40,19681,0.08195574268857457
RWTH,MICH,0.2,0.00025,40,19681,0.08351185502717848
RWTH,MICH,0.1,0.00025,40,19681,0.08546111807015988
RWTH,MICH,0.05,0.00025,40,19681,0.08812708079554357
RWTH,MICH,0.03,0.00025,40,19681,0.0903027143596073
RWTH,MICH,0.02,0.00025,40,19681,0.09233181790777405
RWTH,MICH,0.015,0.00025,40,19681,0.09420323714727379
RWTH,MICH,0.01,0.00025,40,19681,0.09821451208718773
RWTH,MICH,0.005,0.00025,40,19681,0.10912815311805404
RWTH,MICH,1.0,0.0005,40,19681,0.08185295246896153
RWTH,MICH,0.5,0.0005,40,19681,0.08264701197011222
RWTH,MICH,0.2,0.0005,40,19681,0.08423060403169125
RWTH,MICH,0.1,0.0005,40,19681,0.08618750124270369
RWTH,MICH,0.05,0.0005,40,19681,0.08886767155477177
RWTH,MICH,0.03,0.0005,40,19681,0.09099155616580219
RWTH,MICH,0.02,0.0005,40,19681,0.09291078378802373
RWTH,MICH,0.015,0.0005,40,19681,0.09464965145924968
RWTH,MICH,0.01,0.0005,40,19681,0.09842468475015846
RWTH,MICH,0.005,0.0005,40,19681,0.10914002869435072
RWTH,MICH,1.0,0.001,40,19681,0.08263952537715955
RWTH,MICH,0.5,0.001,40,19681,0.08345136948966086
RWTH,MICH,0.2,0.001,40,19681,0.0850057391180719
RWTH,MICH,0.1,0.001,40,19681,0.08694909403349912
RWTH,MICH,0.05,0.001,40,19681,0.08956981604463556
RWTH,MICH,0.03,0.001,40,19681,0.09161777919626174
RWTH,MICH,0.02,0.001,40,19681,0.09344181039749429
RWTH,MICH,0.015,0.001,40,19681,0.09507257085156726
RWTH,MICH,0.01,0.001,40,19681,0.09863334397092584
RWTH,MICH,0.005,0.001,40,19681,0.10916089261109725
RWTH,MICH,1.0,0.002,40,19681,0.08337992804997083
RWTH,MICH,0.5,0.002,40,19681,0.08409484313864721
RWTH,MICH,0.2,0.002,40,19681,0.0855902070504254
RWTH,MICH,0.1,0.002,40,19681,0.08750313633128545
RWTH,MICH,0.05,0.002,40,19681,0.09007423083876603
RWTH,MICH,0.03,0.002,40,19681,0.09210529066055134
RWTH,MICH,0.02,0.002,40,19681,0.09387422913906528
RWTH,MICH,0.015,0.002,40,19681,0.09543160533800461
RWTH,MICH,0.01,0.002,40,19681,0.09880274200078833
RWTH,MICH,0.005,0.002,40,19681,0.10919120659548502
RWTH,MICH,1.0,0.005,40,19681,0.08399170804171449
RWTH,MICH,0.5,0.005,40,19681,0.08459035040124245
RWTH,MICH,0.2,0.005,40,19681,0.08601217816514412
RWTH,MICH,0.1,0.005,40,19681,0.08790030952463326
RWTH,MICH,0.05,0.005,40,19681,0.09041714213870627
RWTH,MICH,0.03,0.005,40,19681,0.09244124110174864
RWTH,MICH,0.02,0.005,40,19681,0.09417976649155428
RWTH,MICH,0.015,0.005,40,19681,0.09565926830373953
RWTH,MICH,0.01,0.005,40,19681,0.09892913034253219
RWTH,MICH,0.005,0.005,40,19681,0.10921965202131119
RWTH,MICH_EXP,1.0,0.0,18,6455,0.20581113522757105
RWTH,MICH_EXP,0.5,0.0,18,6455,0.14907091859260257
RWTH,MICH_EXP,0.2,0.0,18,6455,0.11287600475287109
RWTH,MICH_EXP,0.1,0.0,18,6455,0.102752550542003
RWTH,MICH_EXP,0.05,0.0,18,6455,0.09902764079826155
RWTH,MICH_EXP,0.03,0.0,18,6455,0.09685139179097961
RWTH,MICH_EXP,0.02,0.0,18,6455,0.09461041523285571
RWTH,MICH_EXP,0.015,0.0,18,6455,0.0927263008771911
RWTH,MICH_EXP,0.01,0.0,18,6455,0.09012659721539899
RWTH,MICH_EXP,0.005,0.0,18,6455,0.08714205198047859
RWTH,MICH_EXP,1.0,0.00025,18,6455,0.19786618510204046
RWTH,MICH_EXP,0.5,0.00025,18,6455,0.14090395753983173
RWTH,MICH_EXP,0.2,0.00025,18,6455,0.10680125423780805
RWTH,MICH_EXP,0.1,0.00025,18,6455,0.10042344703998801
RWTH,MICH_EXP,0.05,0.00025,18,6455,0.09789450325941756
RWTH,MICH_EXP,0.03,0.00025,18,6455,0.09604551866663522
RWTH,MICH_EXP,0.02,0.00025,18,6455,0.0940639785339447
RWTH,MICH_EXP,0.015,0.00025,18,6455,0.09230877218168945
RWTH,MICH_EXP,0.01,0.00025,18,6455,0.0897939368698559
RWTH,MICH_EXP,0.005,0.00025,18,6455,0.08670497733196808
RWTH,MICH_EXP,1.0,0.0005,18,6455,0.19005860538246386
RWTH,MICH_EXP,0.5,0.0005,18,6455,0.13335409810946897
RWTH,MICH_EXP,0.2,0.0005,18,6455,0.1041804316572908
RWTH,MICH_EXP,0.1,0.0005,18,6455,0.09964821683191435
RWTH,MICH_EXP,0.05,0.0005,18,6455,0.09746322243397015
RWTH,MICH_EXP,0.03,0.0005,18,6455,0.09575615022183531
RWTH,MICH_EXP,0.02,0.0005,18,6455,0.09380637050213386
RWTH,MICH_EXP,0.015,0.0005,18,6455,0.09204547117371097
RWTH,MICH_EXP,0.01,0.0005,18,6455,0.08949982848804854
RWTH,MICH_EXP,0.005,0.0005,18,6455,0.08636043863374178
RWTH,MICH_EXP,1.0,0.001,18,6455,0.17464645208485918
RWTH,MICH_EXP,0.5,0.001,18,6455,0.12149011213374233
RWTH,MICH_EXP,0.2,0.001,18,6455,0.10236356045768574
RWTH,MICH_EXP,0.1,0.001,18,6455,0.09891521925037633
RWTH,MICH_EXP,0.05,0.001,18,6455,0.09706892893558318
RWTH,MICH_EXP,0.03,0.001,18,6455,0.09546380267850457
RWTH,MICH_EXP,0.02,0.001,18,6455,0.09349809943257727
RWTH,MICH_EXP,0.015,0.001,18,6455,0.09168613353737456
RWTH,MICH_EXP,0.01,0.001,18,6455,0.08903528628935399
RWTH,MICH_EXP,0.005,0.001,18,6455,0.08584818558344759
RWTH,MICH_EXP,1.0,0.002,18,6455,0.14993387093317892
RWTH,MICH_EXP,0.5,0.002,18,6455,0.11317223976120497
RWTH,MICH_EXP,0.2,0.002,18,6455,0.10070874303209223
RWTH,MICH_EXP,0.1,0.002,18,6455,0.09828118234255957
RWTH,MICH_EXP,0.05,0.002,18,6455,0.096672078527728
RWTH,MICH_EXP,0.03,0.002,18,6455,0.09508011580139104
RWTH,MICH_EXP,0.02,0.002,18,6455,0.09298660550359943
RWTH,MICH_EXP,0.015,0.002,18,6455,0.09106418506353718
RWTH,MICH_EXP,0.01,0.002,18,6455,0.0882417884468641
RWTH,MICH_EXP,0.005,0.002,18,6455,0.08509462644080787
RWTH,MICH_EXP,1.0,0.005,18,6455,0.12567734692069568
RWTH,MICH_EXP,0.5,0.005,18,6455,0.1058385203031946
RWTH,MICH_EXP,0.2,0.005,18,6455,0.09915330946497017
RWTH,MICH_EXP,0.1,0.005,18,6455,0.09757009143502351
RWTH,MICH_EXP,0.05,0.005,18,6455,0.09597084525004344
RWTH,MICH_EXP,0.03,0.005,18,6455,0.09411672585161233
RWTH,MICH_EXP,0.02,0.005,18,6455,0.09161871823499358
RWTH,MICH_EXP,0.015,0.005,18,6455,0.08943132064357322
RWTH,MICH_EXP,0.01,0.005,18,6455,0.08650411480312895
RWTH,MICH_EXP,0.005,0.005,18,6455,0.08382878711281919
RWTH,SDU,1.0,0.0,86,48716,0.09103122350902292
RWTH,SDU,0.5,0.0,86,48716,0.08922233357784544
RWTH,SDU,0.2,0.0,86,48716,0.08596858091030449
RWTH,SDU,0.1,0.0,86,48716,0.0826092159150495
RWTH,SDU,0.05,0.0,86,48716,0.07837865230091724
RWTH,SDU,0.03,0.0,86,48716,0.07495142554712551
RWTH,SDU,0.02,0.0,86,48716,0.07187744302205025
RWTH,SDU,0.015,0.0,86,48716,0.06920429010205814
RWTH,SDU,0.01,0.0,86,48716,0.06440878040678967
RWTH,SDU,0.005,0.0,86,48716,0.05380376238714951
RWTH,SDU,1.0,0.00025,86,48716,0.09025075336109693
RWTH,SDU,0.5,0.00025,86,48716,0.08839567765965022
RWTH,SDU,0.2,0.00025,86,48716,0.0851389567099617
RWTH,SDU,0.1,0.00025,86,48716,0.08190245707089513
RWTH,SDU,0.05,0.00025,86,48716,0.07774960449801678
RWTH,SDU,0.03,0.00025,86,48716,0.07437802214377523
RWTH,SDU,0.02,0.00025,86,48716,0.07137375717667925
RWTH,SDU,0.015,0.00025,86,48716,0.06873805023955507
RWTH,SDU,0.01,0.00025,86,48716,0.06394086495357576
RWTH,SDU,0.005,0.00025,86,48716,0.05345134778856413
RWTH,SDU,1.0,0.0005,86,48716,0.0898522348798616
RWTH,SDU,0.5,0.0005,86,48716,0.08789443384350704
RWTH,SDU,0.2,0.0005,86,48716,0.08468735274309087
RWTH,SDU,0.1,0.0005,86,48716,0.08153004789236015
RWTH,SDU,0.05,0.0005,86,48716,0.07737093320530937
RWTH,SDU,0.03,0.0005,86,48716,0.0739890751636725
RWTH,SDU,0.02,0.0005,86,48716,0.07102015713356218
RWTH,SDU,0.015,0.0005,86,48716,0.06838758290907535
RWTH,SDU,0.01,0.0005,86,48716,0.06355462616324625
RWTH,SDU,0.005,0.0005,86,48716,0.05326120993943478
RWTH,SDU,1.0,0.001,86,48716,0.08927012887066055
RWTH,SDU,0.5,0.001,86,48716,0.08722733154136585
RWTH,SDU,0.2,0.001,86,48716,0.08416263686555553
RWTH,SDU,0.1,0.001,86,48716,0.08101715106850896
RWTH,SDU,0.05,0.001,86,48716,0.07677522407269863
RWTH,SDU,0.03,0.001,86,48716,0.0734052754280897
RWTH,SDU,0.02,0.001,86,48716,0.07047709380430284
RWTH,SDU,0.015,0.001,86,48716,0.06780114699756508
RWTH,SDU,0.01,0.001,86,48716,0.06294603759039315
RWTH,SDU,0.005,0.001,86,48716,0.05308588724589715
RWTH,SDU,1.0,0.002,86,48716,0.08852662966118773
RWTH,SDU,0.5,0.002,86,48716,0.08646617808703205
RWTH,SDU,0.2,0.002,86,48716,0.08352265039478596
RWTH,SDU,0.1,0.002,86,48716,0.08024274455997864
RWTH,SDU,0.05,0.002,86,48716,0.07591419013080469
RWTH,SDU,0.03,0.002,86,48716,0.07260107830541727
RWTH,SDU,0.02,0.002,86,48716,0.0696122170881762
RWTH,SDU,0.015,0.002,86,48716,0.06689647946987333
RWTH,SDU,0.01,0.002,86,48716,0.06238409496888364
RWTH,SDU,0.005,0.002,86,48716,0.05285004066151755
RWTH,SDU,1.0,0.005,86,48716,0.08738952983274709
RWTH,SDU,0.5,0.005,86,48716,0.08550275427887491
RWTH,SDU,0.2,0.005,86,48716,0.08224976685571989
RWTH,SDU,0.1,0.005,86,48716,0.07874204406090825
RWTH,SDU,0.05,0.005,86,48716,0.07451199781898706
RWTH,SDU,0.03,0.005,86,48716,0.07109811798616271
RWTH,SDU,0.02,0.005,86,48716,0.06840550649613929
RWTH,SDU,0.015,0.005,86,48716,0.06613757527106498
RWTH,SDU,0.01,0.005,86,48716,0.0619377230284342
RWTH,SDU,0.005,0.005,86,48716,0.052427583659284974
RWTH,SNL,1.0,0.0,61,96092,0.05441721865982255
RWTH,SNL,0.5,0.0,61,96092,0.05475033141761281
RWTH,SNL,0.2,0.0,61,96092,0.05543878786100392
RWTH,SNL,0.1,0.0,61,96092,0.05624650842803426
RWTH,SNL,0.05,0.0,61,96092,0.057559850749144166
RWTH,SNL,0.03,0.0,61,96092,0.05916677465394579
RWTH,SNL,0.02,0.0,61,96092,0.06100196656715291
RWTH,SNL,0.015,0.0,61,96092,0.06270308377747966
RWTH,SNL,0.01,0.0,61,96092,0.06571164739573597
RWTH,SNL,0.005,0.0,61,96092,0.07283521027868825
RWTH,SNL,1.0,0.00025,61,96092,0.05574445342981078
RWTH,SNL,0.5,0.00025,61,96092,0.056167603617336595
RWTH,SNL,0.2,0.00025,61,96092,0.05687806451022871
RWTH,SNL,0.1,0.00025,61,96092,0.0576577086564847
RWTH,SNL,0.05,0.00025,61,96092,0.05889375274066486
RWTH,SNL,0.03,0.00025,61,96092,0.060366904415026235
RWTH,SNL,0.02,0.00025,61,96092,0.062060917424649926
RWTH,SNL,0.015,0.00025,61,96092,0.06367985477703123
RWTH,SNL,0.01,0.00025,61,96092,0.06650892543231354
RWTH,SNL,0.005,0.00025,61,96092,0.0729326786750927
RWTH,SNL,1.0,0.0005,61,96092,0.05637698806271059
RWTH,SNL,0.5,0.0005,61,96092,0.056764494762017344
RWTH,SNL,0.2,0.0005,61,96092,0.057406393417655514
RWTH,SNL,0.1,0.0005,61,96092,0.0581362219815046
RWTH,SNL,0.05,0.0005,61,96092,0.05932096036545771
RWTH,SNL,0.03,0.0005,61,96092,0.06075196347817232
RWTH,SNL,0.02,0.0005,61,96092,0.062426967856695756
RWTH,SNL,0.015,0.0005,61,96092,0.064023968796276
RWTH,SNL,0.01,0.0005,61,96092,0.06681321935663691
RWTH,SNL,0.005,0.0005,61,96092,0.07306955244677589
RWTH,SNL,1.0,0.001,61,96092,0.05687322403508758
RWTH,SNL,0.5,0.001,61,96092,0.057215897261112134
RWTH,SNL,0.2,0.001,61,96092,0.05779950430209114
RWTH,SNL,0.1,0.001,61,96092,0.05849268050887742
RWTH,SNL,0.05,0.001,61,96092,0.05965955665876674
RWTH,SNL,0.03,0.001,61,96092,0.06108815323951885
RWTH,SNL,0.02,0.001,61,96092,0.06276531568337035
RWTH,SNL,0.015,0.001,61,96092,0.0643474087289542
RWTH,SNL,0.01,0.001,61,96092,0.06711200040888124
RWTH,SNL,0.005,0.001,61,96092,0.07320779720426096
RWTH,SNL,1.0,0.002,61,96092,0.05720353961770302
RWTH,SNL,0.5,0.002,61,96092,0.0575119841052065
RWTH,SNL,0.2,0.002,61,96092,0.058057150630993495
RWTH,SNL,0.1,0.002,61,96092,0.058741118375546186
RWTH,SNL,0.05,0.002,61,96092,0.059926490874001315
RWTH,SNL,0.03,0.002,61,96092,0.06138168840507472
RWTH,SNL,0.02,0.002,61,96092,0.06308147821346606
RWTH,SNL,0.015,0.002,61,96092,0.06468285485878394
RWTH,SNL,0.01,0.002,61,96092,0.06744264327806265
RWTH,SNL,0.005,0.002,61,96092,0.07334977101285042
RWTH,SNL,1.0,0.005,61,96092,0.05744492121339434
RWTH,SNL,0.5,0.005,61,96092,0.0577258921744043
RWTH,SNL,0.2,0.005,61,96092,0.05826985402389916
RWTH,SNL,0.1,0.005,61,96092,0.05899305611070999
RWTH,SNL,0.05,0.005,61,96092,0.06026046182710823
RWTH,SNL,0.03,0.005,61,96092,0.06178853021164295
RWTH,SNL,0.02,0.005,61,96092,0.06356916874239267
RWTH,SNL,0.015,0.005,61,96092,0.06519574272053717
RWTH,SNL,0.01,0.005,61,96092,0.06786840821517202
RWTH,SNL,0.005,0.005,61,96092,0.07353100143557585
RWTH,UL_PUR,1.0,0.0,10,2195,0.037092080187556574
RWTH,UL_PUR,0.5,0.0,10,2195,0.03674735014194138
RWTH,UL_PUR,0.2,0.0,10,2195,0.03632481700727084
RWTH,UL_PUR,0.1,0.0,10,2195,0.03589736069561503
RWTH,UL_PUR,0.05,0.0,10,2195,0.03526073054971138
RWTH,UL_PUR,0.03,0.0,10,2195,0.03486510131245047
RWTH,UL_PUR,0.02,0.0,10,2195,0.035031481578358704
RWTH,UL_PUR,0.015,0.0,10,2195,0.03567566391147726
RWTH,UL_PUR,0.01,0.0,10,2195,0.03760695995522172
RWTH,UL_PUR,0.005,0.0,10,2195,0.042503081544865165
RWTH,UL_PUR,1.0,0.00025,10,2195,0.03712743156942003
RWTH,UL_PUR,0.5,0.00025,10,2195,0.03683492037597262
RWTH,UL_PUR,0.2,0.00025,10,2195,0.036517980597001835
RWTH,UL_PUR,0.1,0.00025,10,2195,0.036173569397398325
RWTH,UL_PUR,0.05,0.00025,10,2195,0.035554135784889
RWTH,UL_PUR,0.03,0.00025,10,2195,0.035057296086863934
RWTH,UL_PUR,0.02,0.00025,10,2195,0.03510797157413145
RWTH,UL_PUR,0.015,0.00025,10,2195,0.03572758193432024
RWTH,UL_PUR,0.01,0.00025,10,2195,0.037595701200098315
RWTH,UL_PUR,0.005,0.00025,10,2195,0.04247979277551171
RWTH,UL_PUR,1.0,0.0005,10,2195,0.037042896733716836
RWTH,UL_PUR,0.5,0.0005,10,2195,0.03681883738254081
RWTH,UL_PUR,0.2,0.0005,10,2195,0.03652286645246332
RWTH,UL_PUR,0.1,0.0005,10,2195,0.036230982620161126
RWTH,UL_PUR,0.05,0.0005,10,2195,0.03563192798969596
RWTH,UL_PUR,0.03,0.0005,10,2195,0.03512373635102592
RWTH,UL_PUR,0.02,0.0005,10,2195,0.03514927740687836
RWTH,UL_PUR,0.015,0.0005,10,2195,0.035746646565370306
RWTH,UL_PUR,0.01,0.0005,10,2195,0.037584852551777806
RWTH,UL_PUR,0.005,0.0005,10,2195,0.04245865601442812
RWTH,UL_PUR,1.0,0.001,10,2195,0.03692839608888958
RWTH,UL_PUR,0.5,0.001,10,2195,0.036726186770411715
RWTH,UL_PUR,0.2,0.001,10,2195,0.03647677219160779
RWTH,UL_PUR,0.1,0.001,10,2195,0.03624229904370295
RWTH,UL_PUR,0.05,0.001,10,2195,0.03569876158850026
RWTH,UL_PUR,0.03,0.001,10,2195,0.0352083647233247
RWTH,UL_PUR,0.02,0.001,10,2195,0.03520036877733819
RWTH,UL_PUR,0.015,0.001,10,2195,0.03577082460684929
RWTH,UL_PUR,0.01,0.001,10,2195,0.037563047524177356
RWTH,UL_PUR,0.005,0.001,10,2195,0.04242787391072511
RWTH,UL_PUR,1.0,0.002,10,2195,0.03679392577626026
RWTH,UL_PUR,0.5,0.002,10,2195,0.0366265981570916
RWTH,UL_PUR,0.2,0.002,10,2195,0.03642787003935115
RWTH,UL_PUR,0.1,0.002,10,2195,0.036243158517913834
RWTH,UL_PUR,0.05,0.002,10,2195,0.03574524444973331
RWTH,UL_PUR,0.03,0.002,10,2195,0.035307307566102196
RWTH,UL_PUR,0.02,0.002,10,2195,0.035232869026438005
RWTH,UL_PUR,0.015,0.002,10,2195,0.035763501102868404
RWTH,UL_PUR,0.01,0.002,10,2195,0.03754047195939254
RWTH,UL_PUR,0.005,0.002,10,2195,0.042402360685327926
RWTH,UL_PUR,1.0,0.005,10,2195,0.036684128702586485
RWTH,UL_PUR,0.5,0.005,10,2195,0.03653005205802466
RWTH,UL_PUR,0.2,0.005,10,2195,0.03639319100151904
RWTH,UL_PUR,0.1,0.005,10,2195,0.03625950390789852
RWTH,UL_PUR,0.05,0.005,10,2195,0.03585534712035777
RWTH,UL_PUR,0.03,0.005,10,2195,0.035395265660490595
RWTH,UL_PUR,0.02,0.005,10,2195,0.035229795887858115
RWTH,UL_PUR,0.015,0.005,10,2195,0.03576687418861537
RWTH,UL_PUR,0.01,0.005,10,2195,0.03752584388075938
RWTH,UL_PUR,0.005,0.005,10,2195,0.042385887164064
RWTH,XJTU,1.0,0.0,23,6823,0.2234460860311288
RWTH,XJTU,0.5,0.0,23,6823,0.22194467222064257
RWTH,XJTU,0.2,0.0,23,6823,0.21905002199654716
RWTH,XJTU,0.1,0.0,23,6823,0.21618378434416605
RWTH,XJTU,0.05,0.0,23,6823,0.21197493285110647
RWTH,XJTU,0.03,0.0,23,6823,0.2074375814685937
RWTH,XJTU,0.02,0.0,23,6823,0.20273143529702942
RWTH,XJTU,0.015,0.0,23,6823,0.19880250456963938
RWTH,XJTU,0.01,0.0,23,6823,0.19270498368960465
RWTH,XJTU,0.005,0.0,23,6823,0.18289541823839184
RWTH,XJTU,1.0,0.00025,23,6823,0.21954651406893963
RWTH,XJTU,0.5,0.00025,23,6823,0.21817440625173132
RWTH,XJTU,0.2,0.00025,23,6823,0.2155628833445457
RWTH,XJTU,0.1,0.00025,23,6823,0.21274658521297676
RWTH,XJTU,0.05,0.00025,23,6823,0.2083843107571833
RWTH,XJTU,0.03,0.00025,23,6823,0.20352292864377108
RWTH,XJTU,0.02,0.00025,23,6823,0.19832578182479543
RWTH,XJTU,0.015,0.00025,23,6823,0.19391205984420665
RWTH,XJTU,0.01,0.00025,23,6823,0.18708220163078296
RWTH,XJTU,0.005,0.00025,23,6823,0.17597662655249033
RWTH,XJTU,1.0,0.0005,23,6823,0.21719195332809585
RWTH,XJTU,0.5,0.0005,23,6823,0.21592014763231632
RWTH,XJTU,0.2,0.0005,23,6823,0.21355085697938528
RWTH,XJTU,0.1,0.0005,23,6823,0.21083118285320207
RWTH,XJTU,0.05,0.0005,23,6823,0.2065258870622488
RWTH,XJTU,0.03,0.0005,23,6823,0.2015698297017411
RWTH,XJTU,0.02,0.0005,23,6823,0.19616603950801792
RWTH,XJTU,0.015,0.0005,23,6823,0.19156963848651626
RWTH,XJTU,0.01,0.0005,23,6823,0.18441758501866626
RWTH,XJTU,0.005,0.0005,23,6823,0.1726532431767584
RWTH,XJTU,1.0,0.001,23,6823,0.21472067003576828
RWTH,XJTU,0.5,0.001,23,6823,0.21358879739331194
RWTH,XJTU,0.2,0.001,23,6823,0.21153398181071223
RWTH,XJTU,0.1,0.001,23,6823,0.20909087744373278
RWTH,XJTU,0.05,0.001,23,6823,0.2049403632066447
RWTH,XJTU,0.03,0.001,23,6823,0.19999892426299012
RWTH,XJTU,0.02,0.001,23,6823,0.19454429687312857
RWTH,XJTU,0.015,0.001,23,6823,0.18989919239071132
RWTH,XJTU,0.01,0.001,23,6823,0.18262844308367537
RWTH,XJTU,0.005,0.001,23,6823,0.17058193090042081
RWTH,XJTU,1.0,0.002,23,6823,0.2128345523448843
RWTH,XJTU,0.5,0.002,23,6823,0.21188326024991935
RWTH,XJTU,0.2,0.002,23,6823,0.21006155474264226
RWTH,XJTU,0.1,0.002,23,6823,0.20777364129639284
RWTH,XJTU,0.05,0.002,23,6823,0.2036662617759032
RWTH,XJTU,0.03,0.002,23,6823,0.198681975110332
RWTH,XJTU,0.02,0.002,23,6823,0.19320264213994887
RWTH,XJTU,0.015,0.002,23,6823,0.18851935869913578
RWTH,XJTU,0.01,0.002,23,6823,0.18112720262650622
RWTH,XJTU,0.005,0.002,23,6823,0.16868473150318453
RWTH,XJTU,1.0,0.005,23,6823,0.21182270277255663
RWTH,XJTU,0.5,0.005,23,6823,0.21096558888048222
RWTH,XJTU,0.2,0.005,23,6823,0.20926507620461599
RWTH,XJTU,0.1,0.005,23,6823,0.20704370832148544
RWTH,XJTU,0.05,0.005,23,6823,0.20295164383306297
RWTH,XJTU,0.03,0.005,23,6823,0.1979724602941799
RWTH,XJTU,0.02,0.005,23,6823,0.19249550280258984
RWTH,XJTU,0.015,0.005,23,6823,0.18776235879137865
RWTH,XJTU,0.01,0.005,23,6823,0.18027605035739033
RWTH,XJTU,0.005,0.005,23,6823,0.16764124786338844
SDU,CALB,1.0,0.0,27,2629,0.15781480195746592
SDU,CALB,0.5,0.0,27,2629,0.15716658777899772
SDU,CALB,0.2,0.0,27,2629,0.15600918361780833
SDU,CALB,0.1,0.0,27,2629,0.15459178297741266
SDU,CALB,0.05,0.0,27,2629,0.1525728937930943
SDU,CALB,0.03,0.0,27,2629,0.1508398754043484
SDU,CALB,0.02,0.0,27,2629,0.149502114974017
SDU,CALB,0.015,0.0,27,2629,0.14864368136969472
SDU,CALB,0.01,0.0,27,2629,0.14761446414126564
SDU,CALB,0.005,0.0,27,2629,0.14636769733554805
SDU,CALB,1.0,0.00025,27,2629,0.15562419063709346
SDU,CALB,0.5,0.00025,27,2629,0.15498356579205955
SDU,CALB,0.2,0.00025,27,2629,0.15377304665268293
SDU,CALB,0.1,0.00025,27,2629,0.15223894841885852
SDU,CALB,0.05,0.00025,27,2629,0.1500037146455964
SDU,CALB,0.03,0.00025,27,2629,0.14805374691591563
SDU,CALB,0.02,0.00025,27,2629,0.1465343854771556
SDU,CALB,0.015,0.00025,27,2629,0.14555203686692067
SDU,CALB,0.01,0.00025,27,2629,0.14436787378848484
SDU,CALB,0.005,0.00025,27,2629,0.14291972828082192
SDU,CALB,1.0,0.0005,27,2629,0.15444239265432066
SDU,CALB,0.5,0.0005,27,2629,0.15381583249849354
SDU,CALB,0.2,0.0005,27,2629,0.15257628050386854
SDU,CALB,0.1,0.0005,27,2629,0.1509518315245094
SDU,CALB,0.05,0.0005,27,2629,0.14858850228272458
SDU,CALB,0.03,0.0005,27,2629,0.1465273854518948
SDU,CALB,0.02,0.0005,27,2629,0.14492169361946902
SDU,CALB,0.015,0.0005,27,2629,0.14388624304296757
SDU,CALB,0.01,0.0005,27,2629,0.14263932682686245
SDU,CALB,0.005,0.0005,27,2629,0.14111158362430498
SDU,CALB,1.0,0.001,27,2629,0.15347731184660685
SDU,CALB,0.5,0.001,27,2629,0.15287170350125343
SDU,CALB,0.2,0.001,27,2629,0.1516011718978058
SDU,CALB,0.1,0.001,27,2629,0.1499202852797577
SDU,CALB,0.05,0.001,27,2629,0.14744760290392728
SDU,CALB,0.03,0.001,27,2629,0.14530401642004018
SDU,CALB,0.02,0.001,27,2629,0.14365418100772706
SDU,CALB,0.015,0.001,27,2629,0.14258078574494187
SDU,CALB,0.01,0.001,27,2629,0.14129410395567332
SDU,CALB,0.005,0.001,27,2629,0.1397326886785415
SDU,CALB,1.0,0.002,27,2629,0.1529347561468448
SDU,CALB,0.5,0.002,27,2629,0.152343931446341
SDU,CALB,0.2,0.002,27,2629,0.1510429325846759
SDU,CALB,0.1,0.002,27,2629,0.1493208455848628
SDU,CALB,0.05,0.002,27,2629,0.14677764826880277
SDU,CALB,0.03,0.002,27,2629,0.14458226472649727
SDU,CALB,0.02,0.002,27,2629,0.14288178803583915
SDU,CALB,0.015,0.002,27,2629,0.14178453750352749
SDU,CALB,0.01,0.002,27,2629,0.14045323777873295
SDU,CALB,0.005,0.002,27,2629,0.13881994612957446
SDU,CALB,1.0,0.005,27,2629,0.15270058747658433
SDU,CALB,0.5,0.005,27,2629,0.15211893855373673
SDU,CALB,0.2,0.005,27,2629,0.15079930982676665
SDU,CALB,0.1,0.005,27,2629,0.14902633373745053
SDU,CALB,0.05,0.005,27,2629,0.1464310137638792
SDU,CALB,0.03,0.005,27,2629,0.14421052757107608
SDU,CALB,0.02,0.005,27,2629,0.142471010527053
SDU,CALB,0.015,0.005,27,2629,0.141352215062091
SDU,CALB,0.01,0.005,27,2629,0.14001625845607873
SDU,CALB,0.005,0.005,27,2629,0.13837177510205395
SDU,CALCE,1.0,0.0,13,14233,0.47251313375551496
SDU,CALCE,0.5,0.0,13,14233,0.3161372676472562
SDU,CALCE,0.2,0.0,13,14233,0.15257406362132583
SDU,CALCE,0.1,0.0,13,14233,0.09050364120207309
SDU,CALCE,0.05,0.0,13,14233,0.0695229115522244
SDU,CALCE,0.03,0.0,13,14233,0.06271057538330471
SDU,CALCE,0.02,0.0,13,14233,0.05926049668401793
SDU,CALCE,0.015,0.0,13,14233,0.05739324704463552
SDU,CALCE,0.01,0.0,13,14233,0.05544373797866014
SDU,CALCE,0.005,0.0,13,14233,0.05505928523698023
SDU,CALCE,1.0,0.00025,13,14233,0.40726720697276153
SDU,CALCE,0.5,0.00025,13,14233,0.2576942516944177
SDU,CALCE,0.2,0.00025,13,14233,0.11298487812277808
SDU,CALCE,0.1,0.00025,13,14233,0.07294738154328842
SDU,CALCE,0.05,0.00025,13,14233,0.061413335502649276
SDU,CALCE,0.03,0.00025,13,14233,0.05809050938417152
SDU,CALCE,0.02,0.00025,13,14233,0.05647382405866969
SDU,CALCE,0.015,0.00025,13,14233,0.0554231525788963
SDU,CALCE,0.01,0.00025,13,14233,0.05423355543839415
SDU,CALCE,0.005,0.00025,13,14233,0.05475722859868949
SDU,CALCE,1.0,0.0005,13,14233,0.3598040862910181
SDU,CALCE,0.5,0.0005,13,14233,0.21766104265960629
SDU,CALCE,0.2,0.0005,13,14233,0.09282717871872233
SDU,CALCE,0.1,0.0005,13,14233,0.066854023360465
SDU,CALCE,0.05,0.0005,13,14233,0.05884496538933592
SDU,CALCE,0.03,0.0005,13,14233,0.05665857879949992
SDU,CALCE,0.02,0.0005,13,14233,0.05554559101571058
SDU,CALCE,0.015,0.0005,13,14233,0.05476336991685178
SDU,CALCE,0.01,0.0005,13,14233,0.053836187028532906
SDU,CALCE,0.005,0.0005,13,14233,0.054784533779114485
SDU,CALCE,1.0,0.001,13,14233,0.2993529260027694
SDU,CALCE,0.5,0.001,13,14233,0.1657688914923295
SDU,CALCE,0.2,0.001,13,14233,0.07788712251564384
SDU,CALCE,0.1,0.001,13,14233,0.06182386135238897
SDU,CALCE,0.05,0.001,13,14233,0.05685599067210502
SDU,CALCE,0.03,0.001,13,14233,0.055582920631261384
SDU,CALCE,0.02,0.001,13,14233,0.05489187932808875
SDU,CALCE,0.015,0.001,13,14233,0.05428353433299206
SDU,CALCE,0.01,0.001,13,14233,0.053580696763287944
SDU,CALCE,0.005,0.001,13,14233,0.05498483740058735
SDU,CALCE,1.0,0.002,13,14233,0.23196643799777533
SDU,CALCE,0.5,0.002,13,14233,0.11766501009524245
SDU,CALCE,0.2,0.002,13,14233,0.0677623879748668
SDU,CALCE,0.1,0.002,13,14233,0.058433699159259715
SDU,CALCE,0.05,0.002,13,14233,0.055620618094364103
SDU,CALCE,0.03,0.002,13,14233,0.054950935596669304
SDU,CALCE,0.02,0.002,13,14233,0.054544375518452655
SDU,CALCE,0.015,0.002,13,14233,0.05405942243279561
SDU,CALCE,0.01,0.002,13,14233,0.053481169961210634
SDU,CALCE,0.005,0.002,13,14233,0.05524576958012507
SDU,CALCE,1.0,0.005,13,14233,0.14634620936991644
SDU,CALCE,0.5,0.005,13,14233,0.08317801162845742
SDU,CALCE,0.2,0.005,13,14233,0.06027790046100793
SDU,CALCE,0.1,0.005,13,14233,0.05613185086500294
SDU,CALCE,0.05,0.005,13,14233,0.05481193221418436
SDU,CALCE,0.03,0.005,13,14233,0.05454354721872058
SDU,CALCE,0.02,0.005,13,14233,0.05429066453495665
SDU,CALCE,0.015,0.005,13,14233,0.05389968873556627
SDU,CALCE,0.01,0.005,13,14233,0.05347427154212921
SDU,CALCE,0.005,0.005,13,14233,0.05549981763775218
SDU,HNEI,1.0,0.0,14,15085,0.32960827867295706
SDU,HNEI,0.5,0.0,14,15085,0.2388729789200719
SDU,HNEI,0.2,0.0,14,15085,0.12649608073064528
SDU,HNEI,0.1,0.0,14,15085,0.08121465870047391
SDU,HNEI,0.05,0.0,14,15085,0.061990611993167556
SDU,HNEI,0.03,0.0,14,15085,0.053745843959251145
SDU,HNEI,0.02,0.0,14,15085,0.047368327824665435
SDU,HNEI,0.015,0.0,14,15085,0.04250202894965428
SDU,HNEI,0.01,0.0,14,15085,0.03572402475206312
SDU,HNEI,0.005,0.0,14,15085,0.044051241610232425
SDU,HNEI,1.0,0.00025,14,15085,0.2849159161658487
SDU,HNEI,0.5,0.00025,14,15085,0.19703965109052093
SDU,HNEI,0.2,0.00025,14,15085,0.09740905034714185
SDU,HNEI,0.1,0.00025,14,15085,0.06674127525213723
SDU,HNEI,0.05,0.00025,14,15085,0.05495083793477134
SDU,HNEI,0.03,0.00025,14,15085,0.04847057171503968
SDU,HNEI,0.02,0.00025,14,15085,0.04296545570521048
SDU,HNEI,0.015,0.00025,14,15085,0.0386442654065478
SDU,HNEI,0.01,0.00025,14,15085,0.03262396417185121
SDU,HNEI,0.005,0.00025,14,15085,0.04155881672721612
SDU,HNEI,1.0,0.0005,14,15085,0.24683039506851254
SDU,HNEI,0.5,0.0005,14,15085,0.16662184107956185
SDU,HNEI,0.2,0.0005,14,15085,0.08201139396632662
SDU,HNEI,0.1,0.0005,14,15085,0.06087772623669597
SDU,HNEI,0.05,0.0005,14,15085,0.05173039509244861
SDU,HNEI,0.03,0.0005,14,15085,0.045970823779324946
SDU,HNEI,0.02,0.0005,14,15085,0.04077625606002073
SDU,HNEI,0.015,0.0005,14,15085,0.03670908681810048
SDU,HNEI,0.01,0.0005,14,15085,0.030922184051525362
SDU,HNEI,0.005,0.0005,14,15085,0.03991444757380554
SDU,HNEI,1.0,0.001,14,15085,0.19884295884630943
SDU,HNEI,0.5,0.001,14,15085,0.12806137407282525
SDU,HNEI,0.2,0.001,14,15085,0.0693999493422731
SDU,HNEI,0.1,0.001,14,15085,0.055374922014943886
SDU,HNEI,0.05,0.001,14,15085,0.04816768664668097
SDU,HNEI,0.03,0.001,14,15085,0.043091900540921026
SDU,HNEI,0.02,0.001,14,15085,0.0382896265457316
SDU,HNEI,0.015,0.001,14,15085,0.03445197734529865
SDU,HNEI,0.01,0.001,14,15085,0.028957811900215836
SDU,HNEI,0.005,0.001,14,15085,0.038132950372451166
SDU,HNEI,1.0,0.002,14,15085,0.14998880598737152
SDU,HNEI,0.5,0.002,14,15085,0.0947994005760152
SDU,HNEI,0.2,0.002,14,15085,0.05999793523671922
SDU,HNEI,0.1,0.002,14,15085,0.05070618014751793
SDU,HNEI,0.05,0.002,14,15085,0.045137823059927515
SDU,HNEI,0.03,0.002,14,15085,0.04061299651148824
SDU,HNEI,0.02,0.002,14,15085,0.0361099611561392
SDU,HNEI,0.015,0.002,14,15085,0.03251661090670509
SDU,HNEI,0.01,0.002,14,15085,0.0273219109549297
SDU,HNEI,0.005,0.002,14,15085,0.03719613850947895
SDU,HNEI,1.0,0.005,14,15085,0.09844239203985215
SDU,HNEI,0.5,0.005,14,15085,0.06929863963626477
SDU,HNEI,0.2,0.005,14,15085,0.05207583775002037
SDU,HNEI,0.1,0.005,14,15085,0.04672651017811401
SDU,HNEI,0.05,0.005,14,15085,0.04242187606402282
SDU,HNEI,0.03,0.005,14,15085,0.038389268308035907
SDU,HNEI,0.02,0.005,14,15085,0.0341998597050804
SDU,HNEI,0.015,0.005,14,15085,0.03090332543646313
SDU,HNEI,0.01,0.005,14,15085,0.026254632712138133
SDU,HNEI,0.005,0.005,14,15085,0.036683595887007696
SDU,HUST,1.0,0.0,77,145735,0.029775953846860194
SDU,HUST,0.5,0.0,77,145735,0.029785958323571345
SDU,HUST,0.2,0.0,77,145735,0.029834667131924567
SDU,HUST,0.1,0.0,77,145735,0.029921481101705144
SDU,HUST,0.05,0.0,77,145735,0.030062805860910573
SDU,HUST,0.03,0.0,77,145735,0.03020396590237848
SDU,HUST,0.02,0.0,77,145735,0.030328524309157136
SDU,HUST,0.015,0.0,77,145735,0.030417680149264208
SDU,HUST,0.01,0.0,77,145735,0.030544415981766646
SDU,HUST,0.005,0.0,77,145735,0.03107108724552705
SDU,HUST,1.0,0.00025,77,145735,0.031303657446021024
SDU,HUST,0.5,0.00025,77,145735,0.03133098602994206
SDU,HUST,0.2,0.00025,77,145735,0.03138457773251501
SDU,HUST,0.1,0.00025,77,145735,0.03144909292238906
SDU,HUST,0.05,0.00025,77,145735,0.031534335173473343
SDU,HUST,0.03,0.00025,77,145735,0.03159204271953635
SDU,HUST,0.02,0.00025,77,145735,0.031600125373109855
SDU,HUST,0.015,0.00025,77,145735,0.03158266928760516
SDU,HUST,0.01,0.00025,77,145735,0.03151813644719243
SDU,HUST,0.005,0.00025,77,145735,0.03158433935429059
SDU,HUST,1.0,0.0005,77,145735,0.0315644278927105
SDU,HUST,0.5,0.0005,77,145735,0.031596391163735596
SDU,HUST,0.2,0.0005,77,145735,0.03164289277528309
SDU,HUST,0.1,0.0005,77,145735,0.03168807471666505
SDU,HUST,0.05,0.0005,77,145735,0.0317434565076511
SDU,HUST,0.03,0.0005,77,145735,0.03177844681161584
SDU,HUST,0.02,0.0005,77,145735,0.03176358450839537
SDU,HUST,0.015,0.0005,77,145735,0.03172058993710756
SDU,HUST,0.01,0.0005,77,145735,0.031606990883461084
SDU,HUST,0.005,0.0005,77,145735,0.03161100323786275
SDU,HUST,1.0,0.001,77,145735,0.031659231537248075
SDU,HUST,0.5,0.001,77,145735,0.03169113623344637
SDU,HUST,0.2,0.001,77,145735,0.031729155414978436
SDU,HUST,0.1,0.001,77,145735,0.031761323484026494
SDU,HUST,0.05,0.001,77,145735,0.031804746498559466
SDU,HUST,0.03,0.001,77,145735,0.031832014995266104
SDU,HUST,0.02,0.001,77,145735,0.03181088348384023
SDU,HUST,0.015,0.001,77,145735,0.031760392330239993
SDU,HUST,0.01,0.001,77,145735,0.03163615777969029
SDU,HUST,0.005,0.001,77,145735,0.03162539836800291
SDU,HUST,1.0,0.002,77,145735,0.03169788132084417
SDU,HUST,0.5,0.002,77,145735,0.03172805053246289
SDU,HUST,0.2,0.002,77,145735,0.03176076466692778
SDU,HUST,0.1,0.002,77,145735,0.031788497229467964
SDU,HUST,0.05,0.002,77,145735,0.03182859360784522
SDU,HUST,0.03,0.002,77,145735,0.031854274909722764
SDU,HUST,0.02,0.002,77,145735,0.0318318316890651
SDU,HUST,0.015,0.002,77,145735,0.03178000271684569
SDU,HUST,0.01,0.002,77,145735,0.0316502751890091
SDU,HUST,0.005,0.002,77,145735,0.0316368077686903
SDU,HUST,1.0,0.005,77,145735,0.031719187066269396
SDU,HUST,0.5,0.005,77,145735,0.031745043408702725
SDU,HUST,0.2,0.005,77,145735,0.031774700341096876
SDU,HUST,0.1,0.005,77,145735,0.03180088466615651
SDU,HUST,0.05,0.005,77,145735,0.03183991822049347
SDU,HUST,0.03,0.005,77,145735,0.031864741728062244
SDU,HUST,0.02,0.005,77,145735,0.031841091946368257
SDU,HUST,0.015,0.005,77,145735,0.03178833653164952
SDU,HUST,0.01,0.005,77,145735,0.03165679259588765
SDU,HUST,0.005,0.005,77,145735,0.031642813896715374
SDU,MATR,1.0,0.0,169,139148,0.05781423845143209
SDU,MATR,0.5,0.0,169,139148,0.056104641828432805
SDU,MATR,0.2,0.0,169,139148,0.054381453483935076
SDU,MATR,0.1,0.0,169,139148,0.05318844048127419
SDU,MATR,0.05,0.0,169,139148,0.05187422822824735
SDU,MATR,0.03,0.0,169,139148,0.050703096204845054
SDU,MATR,0.02,0.0,169,139148,0.04954773196221397
SDU,MATR,0.015,0.0,169,139148,0.04856379820929236
SDU,MATR,0.01,0.0,169,139148,0.046917988139069375
SDU,MATR,0.005,0.0,169,139148,0.043553343661766865
SDU,MATR,1.0,0.00025,169,139148,0.054586127598677675
SDU,MATR,0.5,0.00025,169,139148,0.05325621706164067
SDU,MATR,0.2,0.00025,169,139148,0.051873244906866255
SDU,MATR,0.1,0.00025,169,139148,0.05089714391737248
SDU,MATR,0.05,0.00025,169,139148,0.0498171931802109
SDU,MATR,0.03,0.00025,169,139148,0.04883839568703636
SDU,MATR,0.02,0.00025,169,139148,0.04783830346094567
SDU,MATR,0.015,0.00025,169,139148,0.046960995406740216
SDU,MATR,0.01,0.00025,169,139148,0.04539442290433401
SDU,MATR,0.005,0.00025,169,139148,0.04198083385323221
SDU,MATR,1.0,0.0005,169,139148,0.053364322212244304
SDU,MATR,0.5,0.0005,169,139148,0.052176253876059425
SDU,MATR,0.2,0.0005,169,139148,0.05093484807769063
SDU,MATR,0.1,0.0005,169,139148,0.050034563808841165
SDU,MATR,0.05,0.0005,169,139148,0.049017293833596556
SDU,MATR,0.03,0.0005,169,139148,0.048091951885102964
SDU,MATR,0.02,0.0005,169,139148,0.04716801093187161
SDU,MATR,0.015,0.0005,169,139148,0.04633284819615148
SDU,MATR,0.01,0.0005,169,139148,0.04482021263378598
SDU,MATR,0.005,0.0005,169,139148,0.04141480553300876
SDU,MATR,1.0,0.001,169,139148,0.052119096427691365
SDU,MATR,0.5,0.001,169,139148,0.05108000668130557
SDU,MATR,0.2,0.001,169,139148,0.04996403667710215
SDU,MATR,0.1,0.001,169,139148,0.049109179039545946
SDU,MATR,0.05,0.001,169,139148,0.04813960472256892
SDU,MATR,0.03,0.001,169,139148,0.04731117407663644
SDU,MATR,0.02,0.001,169,139148,0.0464702998001659
SDU,MATR,0.015,0.001,169,139148,0.045692708764335954
SDU,MATR,0.01,0.001,169,139148,0.04423272252882147
SDU,MATR,0.005,0.001,169,139148,0.04085984786673445
SDU,MATR,1.0,0.002,169,139148,0.05095465509043265
SDU,MATR,0.5,0.002,169,139148,0.05004403869284763
SDU,MATR,0.2,0.002,169,139148,0.049004824062487205
SDU,MATR,0.1,0.002,169,139148,0.048175766228453876
SDU,MATR,0.05,0.002,169,139148,0.047299385479450125
SDU,MATR,0.03,0.002,169,139148,0.04656870789796536
SDU,MATR,0.02,0.002,169,139148,0.04580677233964228
SDU,MATR,0.015,0.002,169,139148,0.04506612214970207
SDU,MATR,0.01,0.002,169,139148,0.04364498845179951
SDU,MATR,0.005,0.002,169,139148,0.04033962961857268
SDU,MATR,1.0,0.005,169,139148,0.04969599333853446
SDU,MATR,0.5,0.005,169,139148,0.04889250436809932
SDU,MATR,0.2,0.005,169,139148,0.04790879706042611
SDU,MATR,0.1,0.005,169,139148,0.04717282638316706
SDU,MATR,0.05,0.005,169,139148,0.04641862061934859
SDU,MATR,0.03,0.005,169,139148,0.04576888534550109
SDU,MATR,0.02,0.005,169,139148,0.04504126719316981
SDU,MATR,0.015,0.005,169,139148,0.04432607627957284
SDU,MATR,0.01,0.005,169,139148,0.04294994784557734
SDU,MATR,0.005,0.005,169,139148,0.039765746824831326
SDU,MICH,1.0,0.0,40,19681,0.08328709653110042
SDU,MICH,0.5,0.0,40,19681,0.08389925683501842
SDU,MICH,0.2,0.0,40,19681,0.08539607051206348
SDU,MICH,0.1,0.0,40,19681,0.08738859037428494
SDU,MICH,0.05,0.0,40,19681,0.09008302906439056
SDU,MICH,0.03,0.0,40,19681,0.0920809335719809
SDU,MICH,0.02,0.0,40,19681,0.0936031876508534
SDU,MICH,0.015,0.0,40,19681,0.09487111164721983
SDU,MICH,0.01,0.0,40,19681,0.09749852307710341
SDU,MICH,0.005,0.0,40,19681,0.10747129801988713
SDU,MICH,1.0,0.00025,40,19681,0.08413505391842102
SDU,MICH,0.5,0.00025,40,19681,0.08484628260997071
SDU,MICH,0.2,0.00025,40,19681,0.086418404135807
SDU,MICH,0.1,0.00025,40,19681,0.08844230867442328
SDU,MICH,0.05,0.00025,40,19681,0.09111899601466521
SDU,MICH,0.03,0.00025,40,19681,0.09302615368320821
SDU,MICH,0.02,0.00025,40,19681,0.09445251842703113
SDU,MICH,0.015,0.00025,40,19681,0.09561560266751842
SDU,MICH,0.01,0.00025,40,19681,0.09794167769473941
SDU,MICH,0.005,0.00025,40,19681,0.10750170493571556
SDU,MICH,1.0,0.0005,40,19681,0.08468147566194772
SDU,MICH,0.5,0.0005,40,19681,0.08543725678058856
SDU,MICH,0.2,0.0005,40,19681,0.08704756831702061
SDU,MICH,0.1,0.0005,40,19681,0.08910069609398794
SDU,MICH,0.05,0.0005,40,19681,0.09177268130694391
SDU,MICH,0.03,0.0005,40,19681,0.09366250323746743
SDU,MICH,0.02,0.0005,40,19681,0.0950473230904593
SDU,MICH,0.015,0.0005,40,19681,0.09612307613445673
SDU,MICH,0.01,0.0005,40,19681,0.09826280054012666
SDU,MICH,0.005,0.0005,40,19681,0.10752179238560848
SDU,MICH,1.0,0.001,40,19681,0.08536865790001828
SDU,MICH,0.5,0.001,40,19681,0.08612934023898274
SDU,MICH,0.2,0.001,40,19681,0.0877630609751908
SDU,MICH,0.1,0.001,40,19681,0.0898266731086865
SDU,MICH,0.05,0.001,40,19681,0.09248910115697728
SDU,MICH,0.03,0.001,40,19681,0.09437433250984127
SDU,MICH,0.02,0.001,40,19681,0.09569691838943087
SDU,MICH,0.015,0.001,40,19681,0.09668915206519843
SDU,MICH,0.01,0.001,40,19681,0.09859293432463404
SDU,MICH,0.005,0.001,40,19681,0.10755856082852802
SDU,MICH,1.0,0.002,40,19681,0.08600169602411142
SDU,MICH,0.5,0.002,40,19681,0.0867061111170937
SDU,MICH,0.2,0.002,40,19681,0.08828517795921911
SDU,MICH,0.1,0.002,40,19681,0.09031985787609614
SDU,MICH,0.05,0.002,40,19681,0.09293789621061474
SDU,MICH,0.03,0.002,40,19681,0.09480714330875244
SDU,MICH,0.02,0.002,40,19681,0.09607952411752478
SDU,MICH,0.015,0.002,40,19681,0.09701474861557695
SDU,MICH,0.01,0.002,40,19681,0.09880124096175316
SDU,MICH,0.005,0.002,40,19681,0.10759419023893249
SDU,MICH,1.0,0.005,40,19681,0.08651752997612297
SDU,MICH,0.5,0.005,40,19681,0.08711778675627471
SDU,MICH,0.2,0.005,40,19681,0.08864654757967981
SDU,MICH,0.1,0.005,40,19681,0.0906724620929937
SDU,MICH,0.05,0.005,40,19681,0.09325431579043322
SDU,MICH,0.03,0.005,40,19681,0.09511440816080319
SDU,MICH,0.02,0.005,40,19681,0.09637601854123945
SDU,MICH,0.015,0.005,40,19681,0.0972627188627587
SDU,MICH,0.01,0.005,40,19681,0.09894040718739254
SDU,MICH,0.005,0.005,40,19681,0.10762059302749123
SDU,MICH_EXP,1.0,0.0,18,6455,0.2119629599660461
SDU,MICH_EXP,0.5,0.0,18,6455,0.15134529889580411
SDU,MICH_EXP,0.2,0.0,18,6455,0.11137142453944622
SDU,MICH_EXP,0.1,0.0,18,6455,0.100426562849534
SDU,MICH_EXP,0.05,0.0,18,6455,0.09677831946693176
SDU,MICH_EXP,0.03,0.0,18,6455,0.09460934038759636
SDU,MICH_EXP,0.02,0.0,18,6455,0.09249921351189834
SDU,MICH_EXP,0.015,0.0,18,6455,0.09071157656778558
SDU,MICH_EXP,0.01,0.0,18,6455,0.08841440501597923
SDU,MICH_EXP,0.005,0.0,18,6455,0.08864059507712796
SDU,MICH_EXP,1.0,0.00025,18,6455,0.20470535066765205
SDU,MICH_EXP,0.5,0.00025,18,6455,0.14358815367712827
SDU,MICH_EXP,0.2,0.00025,18,6455,0.10556189287087132
SDU,MICH_EXP,0.1,0.00025,18,6455,0.09877325340825648
SDU,MICH_EXP,0.05,0.00025,18,6455,0.09619893821182762
SDU,MICH_EXP,0.03,0.00025,18,6455,0.0942660738720705
SDU,MICH_EXP,0.02,0.00025,18,6455,0.09226934099901914
SDU,MICH_EXP,0.015,0.00025,18,6455,0.09051824695661331
SDU,MICH_EXP,0.01,0.00025,18,6455,0.08821497292751072
SDU,MICH_EXP,0.005,0.00025,18,6455,0.08832760465174583
SDU,MICH_EXP,1.0,0.0005,18,6455,0.197052568091619
SDU,MICH_EXP,0.5,0.0005,18,6455,0.1351494607169404
SDU,MICH_EXP,0.2,0.0005,18,6455,0.1030393717965292
SDU,MICH_EXP,0.1,0.0005,18,6455,0.09816916446063426
SDU,MICH_EXP,0.05,0.0005,18,6455,0.09583177034694636
SDU,MICH_EXP,0.03,0.0005,18,6455,0.09400589267835403
SDU,MICH_EXP,0.02,0.0005,18,6455,0.09202253815798189
SDU,MICH_EXP,0.015,0.0005,18,6455,0.0902449974251499
SDU,MICH_EXP,0.01,0.0005,18,6455,0.08786865947264828
SDU,MICH_EXP,0.005,0.0005,18,6455,0.08788014321178542
SDU,MICH_EXP,1.0,0.001,18,6455,0.18131806241928375
SDU,MICH_EXP,0.5,0.001,18,6455,0.12233956834288534
SDU,MICH_EXP,0.2,0.001,18,6455,0.10117158418476722
SDU,MICH_EXP,0.1,0.001,18,6455,0.09739195010997886
SDU,MICH_EXP,0.05,0.001,18,6455,0.09541716445391084
SDU,MICH_EXP,0.03,0.001,18,6455,0.09369039840031511
SDU,MICH_EXP,0.02,0.001,18,6455,0.09167687841323019
SDU,MICH_EXP,0.015,0.001,18,6455,0.0898390383527597
SDU,MICH_EXP,0.01,0.001,18,6455,0.08734474205774458
SDU,MICH_EXP,0.005,0.001,18,6455,0.08740796598951964
SDU,MICH_EXP,1.0,0.002,18,6455,0.15385371746547494
SDU,MICH_EXP,0.5,0.002,18,6455,0.11320092741247192
SDU,MICH_EXP,0.2,0.002,18,6455,0.09934822487118966
SDU,MICH_EXP,0.1,0.002,18,6455,0.09670142720120846
SDU,MICH_EXP,0.05,0.002,18,6455,0.09500218145170382
SDU,MICH_EXP,0.03,0.002,18,6455,0.09329227259833124
SDU,MICH_EXP,0.02,0.002,18,6455,0.09115248053989748
SDU,MICH_EXP,0.015,0.002,18,6455,0.08919522409086963
SDU,MICH_EXP,0.01,0.002,18,6455,0.08651549767240295
SDU,MICH_EXP,0.005,0.002,18,6455,0.08689670598733638
SDU,MICH_EXP,1.0,0.005,18,6455,0.12697911772283288
SDU,MICH_EXP,0.5,0.005,18,6455,0.10507022851714816
SDU,MICH_EXP,0.2,0.005,18,6455,0.09756655852102686
SDU,MICH_EXP,0.1,0.005,18,6455,0.09592777840981413
SDU,MICH_EXP,0.05,0.005,18,6455,0.09428199680777591
SDU,MICH_EXP,0.03,0.005,18,6455,0.09234936608634138
SDU,MICH_EXP,0.02,0.005,18,6455,0.08980733162749274
SDU,MICH_EXP,0.015,0.005,18,6455,0.08760942201619377
SDU,MICH_EXP,0.01,0.005,18,6455,0.08493446804238135
SDU,MICH_EXP,0.005,0.005,18,6455,0.08623516067307396
SDU,RWTH,1.0,0.0,48,105140,0.17585807094301
SDU,RWTH,0.5,0.0,48,105140,0.17548457933585815
SDU,RWTH,0.2,0.0,48,105140,0.1748955835813125
SDU,RWTH,0.1,0.0,48,105140,0.17432172893850553
SDU,RWTH,0.05,0.0,48,105140,0.17351337164863245
SDU,RWTH,0.03,0.0,48,105140,0.17265231974683184
SDU,RWTH,0.02,0.0,48,105140,0.1716897939135553
SDU,RWTH,0.015,0.0,48,105140,0.17074926285195527
SDU,RWTH,0.01,0.0,48,105140,0.16879475541117062
SDU,RWTH,0.005,0.0,48,105140,0.1637889649973399
SDU,RWTH,1.0,0.00025,48,105140,0.17694554123589704
SDU,RWTH,0.5,0.00025,48,105140,0.1766051262559709
SDU,RWTH,0.2,0.00025,48,105140,0.1760962016097597
SDU,RWTH,0.1,0.00025,48,105140,0.17560814555495563
SDU,RWTH,0.05,0.00025,48,105140,0.17485877122813578
SDU,RWTH,0.03,0.00025,48,105140,0.17393725024004422
SDU,RWTH,0.02,0.00025,48,105140,0.17279558976771348
SDU,RWTH,0.015,0.00025,48,105140,0.17164190974777202
SDU,RWTH,0.01,0.00025,48,105140,0.16939848135632937
SDU,RWTH,0.005,0.00025,48,105140,0.16399079806783767
SDU,RWTH,1.0,0.0005,48,105140,0.17681994251010943
SDU,RWTH,0.5,0.0005,48,105140,0.17647332000232088
SDU,RWTH,0.2,0.0005,48,105140,0.17599920524054133
SDU,RWTH,0.1,0.0005,48,105140,0.17554686843399073
SDU,RWTH,0.05,0.0005,48,105140,0.17482658363990997
SDU,RWTH,0.03,0.0005,48,105140,0.1739315452026278
SDU,RWTH,0.02,0.0005,48,105140,0.17281186124556505
SDU,RWTH,0.015,0.0005,48,105140,0.1716698721733285
SDU,RWTH,0.01,0.0005,48,105140,0.1694487167558866
SDU,RWTH,0.005,0.0005,48,105140,0.16404193885609064
SDU,RWTH,1.0,0.001,48,105140,0.17665221369498216
SDU,RWTH,0.5,0.001,48,105140,0.17631002366242451
SDU,RWTH,0.2,0.001,48,105140,0.1758775580042322
SDU,RWTH,0.1,0.001,48,105140,0.1754542977133872
SDU,RWTH,0.05,0.001,48,105140,0.17476637486492239
SDU,RWTH,0.03,0.001,48,105140,0.17390890301478143
SDU,RWTH,0.02,0.001,48,105140,0.17283070317231544
SDU,RWTH,0.015,0.001,48,105140,0.17171039861339388
SDU,RWTH,0.01,0.001,48,105140,0.16952787029559
SDU,RWTH,0.005,0.001,48,105140,0.16415557503497957
SDU,RWTH,1.0,0.002,48,105140,0.17647220050835377
SDU,RWTH,0.5,0.002,48,105140,0.17615182160266804
SDU,RWTH,0.2,0.002,48,105140,0.17575941537280637
SDU,RWTH,0.1,0.002,48,105140,0.1753675829690202
SDU,RWTH,0.05,0.002,48,105140,0.17472300614274114
SDU,RWTH,0.03,0.002,48,105140,0.1739201118067618
SDU,RWTH,0.02,0.002,48,105140,0.17288223836067476
SDU,RWTH,0.015,0.002,48,105140,0.17179630223943052
SDU,RWTH,0.01,0.002,48,105140,0.16966349160392868
SDU,RWTH,0.005,0.002,48,105140,0.1643585440381082
SDU,RWTH,1.0,0.005,48,105140,0.17627966681285204
SDU,RWTH,0.5,0.005,48,105140,0.17602088192190193
SDU,RWTH,0.2,0.005,48,105140,0.17568327387229832
SDU,RWTH,0.1,0.005,48,105140,0.17533441497398636
SDU,RWTH,0.05,0.005,48,105140,0.17474656639086972
SDU,RWTH,0.03,0.005,48,105140,0.17399510965403106
SDU,RWTH,0.02,0.005,48,105140,0.17300577058301692
SDU,RWTH,0.015,0.005,48,105140,0.17195381567944998
SDU,RWTH,0.01,0.005,48,105140,0.16988190807172518
SDU,RWTH,0.005,0.005,48,105140,0.1645882671450983
SDU,SNL,1.0,0.0,61,96092,0.04131624119124265
SDU,SNL,0.5,0.0,61,96092,0.04092624002592731
SDU,SNL,0.2,0.0,61,96092,0.040642021413691026
SDU,SNL,0.1,0.0,61,96092,0.04101450858274449
SDU,SNL,0.05,0.0,61,96092,0.04209279175449338
SDU,SNL,0.03,0.0,61,96092,0.04353477527775126
SDU,SNL,0.02,0.0,61,96092,0.045237004187880576
SDU,SNL,0.015,0.0,61,96092,0.04688209779043296
SDU,SNL,0.01,0.0,61,96092,0.05006131242629089
SDU,SNL,0.005,0.0,61,96092,0.05875622986943373
SDU,SNL,1.0,0.00025,61,96092,0.03906117597393348
SDU,SNL,0.5,0.00025,61,96092,0.03905068056021959
SDU,SNL,0.2,0.00025,61,96092,0.039360664452037314
SDU,SNL,0.1,0.00025,61,96092,0.039991976400597526
SDU,SNL,0.05,0.00025,61,96092,0.04120238808347494
SDU,SNL,0.03,0.00025,61,96092,0.04270196109112453
SDU,SNL,0.02,0.00025,61,96092,0.04443845745610432
SDU,SNL,0.015,0.00025,61,96092,0.04611794459520851
SDU,SNL,0.01,0.00025,61,96092,0.049280139065827074
SDU,SNL,0.005,0.00025,61,96092,0.057887266244189745
SDU,SNL,1.0,0.0005,61,96092,0.03912943850369897
SDU,SNL,0.5,0.0005,61,96092,0.03920125281276109
SDU,SNL,0.2,0.0005,61,96092,0.03958763471035689
SDU,SNL,0.1,0.0005,61,96092,0.04022325856710508
SDU,SNL,0.05,0.0005,61,96092,0.041386000634617136
SDU,SNL,0.03,0.0005,61,96092,0.042866678810073916
SDU,SNL,0.02,0.0005,61,96092,0.04461478243793848
SDU,SNL,0.015,0.0005,61,96092,0.04627882146502581
SDU,SNL,0.01,0.0005,61,96092,0.04940210528448245
SDU,SNL,0.005,0.0005,61,96092,0.057942344683325986
SDU,SNL,1.0,0.001,61,96092,0.039310511617476056
SDU,SNL,0.5,0.001,61,96092,0.039431928414788396
SDU,SNL,0.2,0.001,61,96092,0.03982272468178658
SDU,SNL,0.1,0.001,61,96092,0.04042852167952374
SDU,SNL,0.05,0.001,61,96092,0.04157400336556545
SDU,SNL,0.03,0.001,61,96092,0.04307207122236674
SDU,SNL,0.02,0.001,61,96092,0.04484653550857826
SDU,SNL,0.015,0.001,61,96092,0.04649572109824076
SDU,SNL,0.01,0.001,61,96092,0.0495778287386345
SDU,SNL,0.005,0.001,61,96092,0.05803944911876563
SDU,SNL,1.0,0.002,61,96092,0.039481156161858495
SDU,SNL,0.5,0.002,61,96092,0.03962417154603862
SDU,SNL,0.2,0.002,61,96092,0.04000738276660658
SDU,SNL,0.1,0.002,61,96092,0.0406060069399589
SDU,SNL,0.05,0.002,61,96092,0.04176116561577069
SDU,SNL,0.03,0.002,61,96092,0.04328552861918694
SDU,SNL,0.02,0.002,61,96092,0.0450680673316442
SDU,SNL,0.015,0.002,61,96092,0.04672942204043503
SDU,SNL,0.01,0.002,61,96092,0.04978845993592489
SDU,SNL,0.005,0.002,61,96092,0.05813554073555903
SDU,SNL,1.0,0.005,61,96092,0.03965128971099718
SDU,SNL,0.5,0.005,61,96092,0.039804035365504024
SDU,SNL,0.2,0.005,61,96092,0.0401958185524318
SDU,SNL,0.1,0.005,61,96092,0.040800554852794046
SDU,SNL,0.05,0.005,61,96092,0.041989381946236054
SDU,SNL,0.03,0.005,61,96092,0.04356844043501662
SDU,SNL,0.02,0.005,61,96092,0.045404094674244715
SDU,SNL,0.015,0.005,61,96092,0.047081197581952075
SDU,SNL,0.01,0.005,61,96092,0.05008368452741637
SDU,SNL,0.005,0.005,61,96092,0.05824134449433999
SDU,UL_PUR,1.0,0.0,10,2195,0.046519954614089906
SDU,UL_PUR,0.5,0.0,10,2195,0.04589433581810035
SDU,UL_PUR,0.2,0.0,10,2195,0.04480533801976981
SDU,UL_PUR,0.1,0.0,10,2195,0.043516310274957545
SDU,UL_PUR,0.05,0.0,10,2195,0.041314365137141
SDU,UL_PUR,0.03,0.0,10,2195,0.03910841503222549
SDU,UL_PUR,0.02,0.0,10,2195,0.03698655577384198
SDU,UL_PUR,0.015,0.0,10,2195,0.035369138983755086
SDU,UL_PUR,0.01,0.0,10,2195,0.03321342769580889
SDU,UL_PUR,0.005,0.0,10,2195,0.034719528796717636
SDU,UL_PUR,1.0,0.00025,10,2195,0.04625815505595969
SDU,UL_PUR,0.5,0.00025,10,2195,0.045652632856649764
SDU,UL_PUR,0.2,0.00025,10,2195,0.04464659464098059
SDU,UL_PUR,0.1,0.00025,10,2195,0.04342890058453448
SDU,UL_PUR,0.05,0.00025,10,2195,0.04126949242461173
SDU,UL_PUR,0.03,0.00025,10,2195,0.0390707423786271
SDU,UL_PUR,0.02,0.00025,10,2195,0.036952436578865606
SDU,UL_PUR,0.015,0.00025,10,2195,0.035334958957135267
SDU,UL_PUR,0.01,0.00025,10,2195,0.03317956441772168
SDU,UL_PUR,0.005,0.00025,10,2195,0.03469761192731256
SDU,UL_PUR,1.0,0.0005,10,2195,0.04606916724179394
SDU,UL_PUR,0.5,0.0005,10,2195,0.04548786853207558
SDU,UL_PUR,0.2,0.0005,10,2195,0.04453061623543866
SDU,UL_PUR,0.1,0.0005,10,2195,0.043361713967842004
SDU,UL_PUR,0.05,0.0005,10,2195,0.041232198583037075
SDU,UL_PUR,0.03,0.0005,10,2195,0.03904270460315785
SDU,UL_PUR,0.02,0.0005,10,2195,0.03692512656577164
SDU,UL_PUR,0.015,0.0005,10,2195,0.03530700422238681
SDU,UL_PUR,0.01,0.0005,10,2195,0.03315149713803918
SDU,UL_PUR,0.005,0.0005,10,2195,0.034678610603126936
SDU,UL_PUR,1.0,0.001,10,2195,0.0458237921557101
SDU,UL_PUR,0.5,0.001,10,2195,0.04528012959624887
SDU,UL_PUR,0.2,0.001,10,2195,0.044379038903042754
SDU,UL_PUR,0.1,0.001,10,2195,0.043269908605414
SDU,UL_PUR,0.05,0.001,10,2195,0.04117370135255466
SDU,UL_PUR,0.03,0.001,10,2195,0.03900293803879383
SDU,UL_PUR,0.02,0.001,10,2195,0.0368879377655229
SDU,UL_PUR,0.015,0.001,10,2195,0.03527011645989943
SDU,UL_PUR,0.01,0.001,10,2195,0.03311494123344302
SDU,UL_PUR,0.005,0.001,10,2195,0.03464353337760919
SDU,UL_PUR,1.0,0.002,10,2195,0.045544546612502346
SDU,UL_PUR,0.5,0.002,10,2195,0.045058055841213876
SDU,UL_PUR,0.2,0.002,10,2195,0.044225381561239084
SDU,UL_PUR,0.1,0.002,10,2195,0.0431621424859634
SDU,UL_PUR,0.05,0.002,10,2195,0.04111125858420177
SDU,UL_PUR,0.03,0.002,10,2195,0.0389615505566747
SDU,UL_PUR,0.02,0.002,10,2195,0.036850157454021724
SDU,UL_PUR,0.015,0.002,10,2195,0.03523353276318583
SDU,UL_PUR,0.01,0.002,10,2195,0.033078863336569266
SDU,UL_PUR,0.005,0.002,10,2195,0.03460929607855299
SDU,UL_PUR,1.0,0.005,10,2195,0.04530258154989974
SDU,UL_PUR,0.5,0.005,10,2195,0.04487071906947639
SDU,UL_PUR,0.2,0.005,10,2195,0.04408336421212669
SDU,UL_PUR,0.1,0.005,10,2195,0.043061896446037376
SDU,UL_PUR,0.05,0.005,10,2195,0.041068265921582955
SDU,UL_PUR,0.03,0.005,10,2195,0.03893199465812987
SDU,UL_PUR,0.02,0.005,10,2195,0.03682308490778258
SDU,UL_PUR,0.015,0.005,10,2195,0.03520729915548983
SDU,UL_PUR,0.01,0.005,10,2195,0.033053431257488525
SDU,UL_PUR,0.005,0.005,10,2195,0.03458495091558486
SDU,XJTU,1.0,0.0,23,6823,0.17404692598413657
SDU,XJTU,0.5,0.0,23,6823,0.17301498078771796
SDU,XJTU,0.2,0.0,23,6823,0.170970764827247
SDU,XJTU,0.1,0.0,23,6823,0.16845910279953116
SDU,XJTU,0.05,0.0,23,6823,0.16426882537103105
SDU,XJTU,0.03,0.0,23,6823,0.159474551762298
SDU,XJTU,0.02,0.0,23,6823,0.1543710042505762
SDU,XJTU,0.015,0.0,23,6823,0.15008258213096215
SDU,XJTU,0.01,0.0,23,6823,0.14351114952261843
SDU,XJTU,0.005,0.0,23,6823,0.13342031290919232
SDU,XJTU,1.0,0.00025,23,6823,0.1710152307058535
SDU,XJTU,0.5,0.00025,23,6823,0.16999768606643545
SDU,XJTU,0.2,0.00025,23,6823,0.16800051701337068
SDU,XJTU,0.1,0.00025,23,6823,0.16546990838864295
SDU,XJTU,0.05,0.00025,23,6823,0.1611645644644448
SDU,XJTU,0.03,0.00025,23,6823,0.1561693984743928
SDU,XJTU,0.02,0.00025,23,6823,0.1507144936486724
SDU,XJTU,0.015,0.00025,23,6823,0.14606260490927386
SDU,XJTU,0.01,0.00025,23,6823,0.1389150880740551
SDU,XJTU,0.005,0.00025,23,6823,0.12768597132964904
SDU,XJTU,1.0,0.0005,23,6823,0.16919626769429894
SDU,XJTU,0.5,0.0005,23,6823,0.1681743254786813
SDU,XJTU,0.2,0.0005,23,6823,0.1662098256033171
SDU,XJTU,0.1,0.0005,23,6823,0.16368955661192636
SDU,XJTU,0.05,0.0005,23,6823,0.15933892325474194
SDU,XJTU,0.03,0.0005,23,6823,0.15424386655578082
SDU,XJTU,0.02,0.0005,23,6823,0.14862611130136327
SDU,XJTU,0.015,0.0005,23,6823,0.14382608084883128
SDU,XJTU,0.01,0.0005,23,6823,0.13635059231452704
SDU,XJTU,0.005,0.0005,23,6823,0.12441206951211611
SDU,XJTU,1.0,0.001,23,6823,0.16732645002228644
SDU,XJTU,0.5,0.001,23,6823,0.16637897140510374
SDU,XJTU,0.2,0.001,23,6823,0.1645065320738389
SDU,XJTU,0.1,0.001,23,6823,0.16206281122862418
SDU,XJTU,0.05,0.001,23,6823,0.1577380948627434
SDU,XJTU,0.03,0.001,23,6823,0.15254750802178554
SDU,XJTU,0.02,0.001,23,6823,0.14683505014625223
SDU,XJTU,0.015,0.001,23,6823,0.14193422435146322
SDU,XJTU,0.01,0.001,23,6823,0.1342916057562781
SDU,XJTU,0.005,0.001,23,6823,0.12188201828003918
SDU,XJTU,1.0,0.002,23,6823,0.16602066243643515
SDU,XJTU,0.5,0.002,23,6823,0.1651387138184696
SDU,XJTU,0.2,0.002,23,6823,0.16334640055883815
SDU,XJTU,0.1,0.002,23,6823,0.160964550892426
SDU,XJTU,0.05,0.002,23,6823,0.15664457272883817
SDU,XJTU,0.03,0.002,23,6823,0.151413167192588
SDU,XJTU,0.02,0.002,23,6823,0.14565889946371194
SDU,XJTU,0.015,0.002,23,6823,0.140699709780651
SDU,XJTU,0.01,0.002,23,6823,0.1329687810357229
SDU,XJTU,0.005,0.002,23,6823,0.12028449105559355
SDU,XJTU,1.0,0.005,23,6823,0.16527217278140488
SDU,XJTU,0.5,0.005,23,6823,0.1644610988495413
SDU,XJTU,0.2,0.005,23,6823,0.16275549382181537
SDU,XJTU,0.1,0.005,23,6823,0.16040150493066543
SDU,XJTU,0.05,0.005,23,6823,0.15605384375614492
SDU,XJTU,0.03,0.005,23,6823,0.15079363415770997
SDU,XJTU,0.02,0.005,23,6823,0.145002025764037
SDU,XJTU,0.015,0.005,23,6823,0.14002942304572108
SDU,XJTU,0.01,0.005,23,6823,0.1322539529432157
SDU,XJTU,0.005,0.005,23,6823,0.1194884470320556
SNL,CALB,1.0,0.0,27,2629,0.05971031445520771
SNL,CALB,0.5,0.0,27,2629,0.05907962425656322
SNL,CALB,0.2,0.0,27,2629,0.057659882297273785
SNL,CALB,0.1,0.0,27,2629,0.05566578354835113
SNL,CALB,0.05,0.0,27,2629,0.05257862887152739
SNL,CALB,0.03,0.0,27,2629,0.049822839883504694
SNL,CALB,0.02,0.0,27,2629,0.047652457060262075
SNL,CALB,0.015,0.0,27,2629,0.046244866017034224
SNL,CALB,0.01,0.0,27,2629,0.044565899159378884
SNL,CALB,0.005,0.0,27,2629,0.04281092060590214
SNL,CALB,1.0,0.00025,27,2629,0.059259175232122346
SNL,CALB,0.5,0.00025,27,2629,0.0586438280416555
SNL,CALB,0.2,0.00025,27,2629,0.05717883204533363
SNL,CALB,0.1,0.00025,27,2629,0.055083308680199755
SNL,CALB,0.05,0.00025,27,2629,0.05180571395468478
SNL,CALB,0.03,0.00025,27,2629,0.048857697557182
SNL,CALB,0.02,0.00025,27,2629,0.046526396224189304
SNL,CALB,0.015,0.00025,27,2629,0.04500972082663179
SNL,CALB,0.01,0.00025,27,2629,0.04320442126648052
SNL,CALB,0.005,0.00025,27,2629,0.04130259394532861
SNL,CALB,1.0,0.0005,27,2629,0.059097708815449373
SNL,CALB,0.5,0.0005,27,2629,0.05848590657437731
SNL,CALB,0.2,0.0005,27,2629,0.05699837476309184
SNL,CALB,0.1,0.0005,27,2629,0.05487137161900584
SNL,CALB,0.05,0.0005,27,2629,0.051530711258871084
SNL,CALB,0.03,0.0005,27,2629,0.048519896070181395
SNL,CALB,0.02,0.0005,27,2629,0.04614270912674705
SNL,CALB,0.015,0.0005,27,2629,0.04459520171588352
SNL,CALB,0.01,0.0005,27,2629,0.04274830666283761
SNL,CALB,0.005,0.0005,27,2629,0.040787449228970166
SNL,CALB,1.0,0.001,27,2629,0.058963461441075865
SNL,CALB,0.5,0.001,27,2629,0.058337127745301226
SNL,CALB,0.2,0.001,27,2629,0.05684404299229801
SNL,CALB,0.1,0.001,27,2629,0.05470797411905028
SNL,CALB,0.05,0.001,27,2629,0.051326924358575346
SNL,CALB,0.03,0.001,27,2629,0.04826702399533033
SNL,CALB,0.02,0.001,27,2629,0.04585595986043364
SNL,CALB,0.015,0.001,27,2629,0.044281122174330105
SNL,CALB,0.01,0.001,27,2629,0.042391197617705316
SNL,CALB,0.005,0.001,27,2629,0.04038761712974637
SNL,CALB,1.0,0.002,27,2629,0.05885068951906586
SNL,CALB,0.5,0.002,27,2629,0.058223507885023625
SNL,CALB,0.2,0.002,27,2629,0.05670836981006508
SNL,CALB,0.1,0.002,27,2629,0.05456189422218759
SNL,CALB,0.05,0.002,27,2629,0.051159967834073415
SNL,CALB,0.03,0.002,27,2629,0.048090068984231224
SNL,CALB,0.02,0.002,27,2629,0.04565963450860456
SNL,CALB,0.015,0.002,27,2629,0.0440788919024672
SNL,CALB,0.01,0.002,27,2629,0.04218056146158461
SNL,CALB,0.005,0.002,27,2629,0.04016717744734635
SNL,CALB,1.0,0.005,27,2629,0.05872839731970778
SNL,CALB,0.5,0.005,27,2629,0.05809668488943845
SNL,CALB,0.2,0.005,27,2629,0.05657884624422155
SNL,CALB,0.1,0.005,27,2629,0.0544375091164206
SNL,CALB,0.05,0.005,27,2629,0.05105722575624957
SNL,CALB,0.03,0.005,27,2629,0.04799003954940281
SNL,CALB,0.02,0.005,27,2629,0.04554619518270623
SNL,CALB,0.015,0.005,27,2629,0.043939623758759046
SNL,CALB,0.01,0.005,27,2629,0.042009173983237995
SNL,CALB,0.005,0.005,27,2629,0.03995444461275751
SNL,CALCE,1.0,0.0,13,14233,0.4426703698821788
SNL,CALCE,0.5,0.0,13,14233,0.28460969091773164
SNL,CALCE,0.2,0.0,13,14233,0.13431070389708827
SNL,CALCE,0.1,0.0,13,14233,0.07014145540090051
SNL,CALCE,0.05,0.0,13,14233,0.046952174597863376
SNL,CALCE,0.03,0.0,13,14233,0.04160936861737138
SNL,CALCE,0.02,0.0,13,14233,0.04069781494326486
SNL,CALCE,0.015,0.0,13,14233,0.04121976353890016
SNL,CALCE,0.01,0.0,13,14233,0.044421103193999285
SNL,CALCE,0.005,0.0,13,14233,0.059246673499102
SNL,CALCE,1.0,0.00025,13,14233,0.3747888835165135
SNL,CALCE,0.5,0.00025,13,14233,0.23045464536669452
SNL,CALCE,0.2,0.00025,13,14233,0.0957459969574482
SNL,CALCE,0.1,0.00025,13,14233,0.05256860202079424
SNL,CALCE,0.05,0.00025,13,14233,0.04094277942581766
SNL,CALCE,0.03,0.00025,13,14233,0.03898574449794822
SNL,CALCE,0.02,0.00025,13,14233,0.039414291108221214
SNL,CALCE,0.015,0.00025,13,14233,0.04070575018305151
SNL,CALCE,0.01,0.00025,13,14233,0.04490706164492345
SNL,CALCE,0.005,0.00025,13,14233,0.060220932530886256
SNL,CALCE,1.0,0.0005,13,14233,0.32859806320496693
SNL,CALCE,0.5,0.0005,13,14233,0.194375108982979
SNL,CALCE,0.2,0.0005,13,14233,0.07412286184565725
SNL,CALCE,0.1,0.0005,13,14233,0.046381515962580874
SNL,CALCE,0.05,0.0005,13,14233,0.03900689271521724
SNL,CALCE,0.03,0.0005,13,14233,0.0382066992986513
SNL,CALCE,0.02,0.0005,13,14233,0.03912637706632764
SNL,CALCE,0.015,0.0005,13,14233,0.04073808744663642
SNL,CALCE,0.01,0.0005,13,14233,0.04534714427006302
SNL,CALCE,0.005,0.0005,13,14233,0.060901982377117164
SNL,CALCE,1.0,0.001,13,14233,0.2724679882261531
SNL,CALCE,0.5,0.001,13,14233,0.14576730410168987
SNL,CALCE,0.2,0.001,13,14233,0.057793643528684734
SNL,CALCE,0.1,0.001,13,14233,0.041580416629121736
SNL,CALCE,0.05,0.001,13,14233,0.0375423882383291
SNL,CALCE,0.03,0.001,13,14233,0.03765864121117397
SNL,CALCE,0.02,0.001,13,14233,0.03903427940859001
SNL,CALCE,0.015,0.001,13,14233,0.04093423456766121
SNL,CALCE,0.01,0.001,13,14233,0.04590349213312249
SNL,CALCE,0.005,0.001,13,14233,0.061744519357884824
SNL,CALCE,1.0,0.002,13,14233,0.2097129334688092
SNL,CALCE,0.5,0.002,13,14233,0.09819332104326849
SNL,CALCE,0.2,0.002,13,14233,0.04722175097286156
SNL,CALCE,0.1,0.002,13,14233,0.03849342882889958
SNL,CALCE,0.05,0.002,13,14233,0.036769277650729175
SNL,CALCE,0.03,0.002,13,14233,0.03747551397741036
SNL,CALCE,0.02,0.002,13,14233,0.0391173802737771
SNL,CALCE,0.015,0.002,13,14233,0.041174702356890615
SNL,CALCE,0.01,0.002,13,14233,0.04636005159185384
SNL,CALCE,0.005,0.002,13,14233,0.062446940253849885
SNL,CALCE,1.0,0.005,13,14233,0.12490591596121597
SNL,CALCE,0.5,0.005,13,14233,0.06229504501750519
SNL,CALCE,0.2,0.005,13,14233,0.03991559616407951
SNL,CALCE,0.1,0.005,13,14233,0.036533562132323054
SNL,CALCE,0.05,0.005,13,14233,0.03632503222963322
SNL,CALCE,0.03,0.005,13,14233,0.037440718651569664
SNL,CALCE,0.02,0.005,13,14233,0.03929364382572687
SNL,CALCE,0.015,0.005,13,14233,0.04147505449596451
SNL,CALCE,0.01,0.005,13,14233,0.046816699928958774
SNL,CALCE,0.005,0.005,13,14233,0.0631816434486431
SNL,HNEI,1.0,0.0,14,15085,0.31588080211245834
SNL,HNEI,0.5,0.0,14,15085,0.2280247830864797
SNL,HNEI,0.2,0.0,14,15085,0.11644364931737604
SNL,HNEI,0.1,0.0,14,15085,0.06933471140427183
SNL,HNEI,0.05,0.0,14,15085,0.04887092221206683
SNL,HNEI,0.03,0.0,14,15085,0.04227187426315243
SNL,HNEI,0.02,0.0,14,15085,0.038305894293902513
SNL,HNEI,0.015,0.0,14,15085,0.03601343647154428
SNL,HNEI,0.01,0.0,14,15085,0.03686096179978621
SNL,HNEI,0.005,0.0,14,15085,0.06512637873285315
SNL,HNEI,1.0,0.00025,14,15085,0.2697699333251024
SNL,HNEI,0.5,0.00025,14,15085,0.18484313315817463
SNL,HNEI,0.2,0.00025,14,15085,0.08734925471088253
SNL,HNEI,0.1,0.00025,14,15085,0.05460692846946439
SNL,HNEI,0.05,0.00025,14,15085,0.04219613290755125
SNL,HNEI,0.03,0.00025,14,15085,0.03720612376383857
SNL,HNEI,0.02,0.00025,14,15085,0.034060231066516164
SNL,HNEI,0.015,0.00025,14,15085,0.032252196725983354
SNL,HNEI,0.01,0.00025,14,15085,0.03377995882932676
SNL,HNEI,0.005,0.00025,14,15085,0.06289045836251984
SNL,HNEI,1.0,0.0005,14,15085,0.2312744759742065
SNL,HNEI,0.5,0.0005,14,15085,0.1545132072109499
SNL,HNEI,0.2,0.0005,14,15085,0.0715783456068346
SNL,HNEI,0.1,0.0005,14,15085,0.047556616421275996
SNL,HNEI,0.05,0.0005,14,15085,0.03818707860844861
SNL,HNEI,0.03,0.0005,14,15085,0.03397333145204537
SNL,HNEI,0.02,0.0005,14,15085,0.03130655004187627
SNL,HNEI,0.015,0.0005,14,15085,0.029822458994909318
SNL,HNEI,0.01,0.0005,14,15085,0.03168624436606919
SNL,HNEI,0.005,0.0005,14,15085,0.06112587970228179
SNL,HNEI,1.0,0.001,14,15085,0.18501867472888725
SNL,HNEI,0.5,0.001,14,15085,0.11739249996654166
SNL,HNEI,0.2,0.001,14,15085,0.056651893472494
SNL,HNEI,0.1,0.001,14,15085,0.040949762512927715
SNL,HNEI,0.05,0.001,14,15085,0.03430687022953771
SNL,HNEI,0.03,0.001,14,15085,0.03084876582462392
SNL,HNEI,0.02,0.001,14,15085,0.02861994845120785
SNL,HNEI,0.015,0.001,14,15085,0.027341006556269244
SNL,HNEI,0.01,0.001,14,15085,0.029572772422433165
SNL,HNEI,0.005,0.001,14,15085,0.05955225212236411
SNL,HNEI,1.0,0.002,14,15085,0.13883260847239728
SNL,HNEI,0.5,0.002,14,15085,0.08346460305673575
SNL,HNEI,0.2,0.002,14,15085,0.045901704314531735
SNL,HNEI,0.1,0.002,14,15085,0.035943495865539805
SNL,HNEI,0.05,0.002,14,15085,0.03125384079946746
SNL,HNEI,0.03,0.002,14,15085,0.028385230272336703
SNL,HNEI,0.02,0.002,14,15085,0.026438255035706064
SNL,HNEI,0.015,0.002,14,15085,0.025391972483762022
SNL,HNEI,0.01,0.002,14,15085,0.028063644014898963
SNL,HNEI,0.005,0.002,14,15085,0.05840037257704111
SNL,HNEI,1.0,0.005,14,15085,0.08708896547862832
SNL,HNEI,0.5,0.005,14,15085,0.05629438142199666
SNL,HNEI,0.2,0.005,14,15085,0.03719183676463661
SNL,HNEI,0.1,0.005,14,15085,0.03180796240361385
SNL,HNEI,0.05,0.005,14,15085,0.02867890350766672
SNL,HNEI,0.03,0.005,14,15085,0.026332559269184326
SNL,HNEI,0.02,0.005,14,15085,0.02463403367524857
SNL,HNEI,0.015,0.005,14,15085,0.023898855172875023
SNL,HNEI,0.01,0.005,14,15085,0.027312215289516995
SNL,HNEI,0.005,0.005,14,15085,0.0578190969767291
SNL,HUST,1.0,0.0,77,145735,0.03369729667206069
SNL,HUST,0.5,0.0,77,145735,0.033614303873602966
SNL,HUST,0.2,0.0,77,145735,0.03348174435945473
SNL,HUST,0.1,0.0,77,145735,0.0333401923169023
SNL,HUST,0.05,0.0,77,145735,0.03311535910063236
SNL,HUST,0.03,0.0,77,145735,0.03285103244103305
SNL,HUST,0.02,0.0,77,145735,0.03255268804418096
SNL,HUST,0.015,0.0,77,145735,0.03227332631651818
SNL,HUST,0.01,0.0,77,145735,0.03176062642934587
SNL,HUST,0.005,0.0,77,145735,0.030630519538673837
SNL,HUST,1.0,0.00025,77,145735,0.03428255559590202
SNL,HUST,0.5,0.00025,77,145735,0.03421221340638686
SNL,HUST,0.2,0.00025,77,145735,0.03409058770210044
SNL,HUST,0.1,0.00025,77,145735,0.033954059389080346
SNL,HUST,0.05,0.00025,77,145735,0.03373514541070593
SNL,HUST,0.03,0.00025,77,145735,0.03345885633350565
SNL,HUST,0.02,0.00025,77,145735,0.03313580418548019
SNL,HUST,0.015,0.00025,77,145735,0.03280744007942067
SNL,HUST,0.01,0.00025,77,145735,0.0321412167523242
SNL,HUST,0.005,0.00025,77,145735,0.030670456992065415
SNL,HUST,1.0,0.0005,77,145735,0.03432433543233615
SNL,HUST,0.5,0.0005,77,145735,0.03425946389704444
SNL,HUST,0.2,0.0005,77,145735,0.03414363376321326
SNL,HUST,0.1,0.0005,77,145735,0.03401145151294777
SNL,HUST,0.05,0.0005,77,145735,0.03378778170347353
SNL,HUST,0.03,0.0005,77,145735,0.033510573128213615
SNL,HUST,0.02,0.0005,77,145735,0.033183568670375224
SNL,HUST,0.015,0.0005,77,145735,0.032846595863214
SNL,HUST,0.01,0.0005,77,145735,0.03216385424479713
SNL,HUST,0.005,0.0005,77,145735,0.030663694143720353
SNL,HUST,1.0,0.001,77,145735,0.03432288345850714
SNL,HUST,0.5,0.001,77,145735,0.03426650181815686
SNL,HUST,0.2,0.001,77,145735,0.03415872879247973
SNL,HUST,0.1,0.001,77,145735,0.03402681155865963
SNL,HUST,0.05,0.001,77,145735,0.033805372551127706
SNL,HUST,0.03,0.001,77,145735,0.03353025338447394
SNL,HUST,0.02,0.001,77,145735,0.033204441377662826
SNL,HUST,0.015,0.001,77,145735,0.032865567412048415
SNL,HUST,0.01,0.001,77,145735,0.03218004733418809
SNL,HUST,0.005,0.001,77,145735,0.030666953845429737
SNL,HUST,1.0,0.002,77,145735,0.034320496350318884
SNL,HUST,0.5,0.002,77,145735,0.03427016943124118
SNL,HUST,0.2,0.002,77,145735,0.03416348117945537
SNL,HUST,0.1,0.002,77,145735,0.034033704382715746
SNL,HUST,0.05,0.002,77,145735,0.033815042388138525
SNL,HUST,0.03,0.002,77,145735,0.033540003728947276
SNL,HUST,0.02,0.002,77,145735,0.03321720231744075
SNL,HUST,0.015,0.002,77,145735,0.032878900296310076
SNL,HUST,0.01,0.002,77,145735,0.03219217703723736
SNL,HUST,0.005,0.002,77,145735,0.030672493722625743
SNL,HUST,1.0,0.005,77,145735,0.034328173974909656
SNL,HUST,0.5,0.005,77,145735,0.034278740858862615
SNL,HUST,0.2,0.005,77,145735,0.03417099319416935
SNL,HUST,0.1,0.005,77,145735,0.034042636208190646
SNL,HUST,0.05,0.005,77,145735,0.0338240155709888
SNL,HUST,0.03,0.005,77,145735,0.0335494037701111
SNL,HUST,0.02,0.005,77,145735,0.03322648490764164
SNL,HUST,0.015,0.005,77,145735,0.032887560167151615
SNL,HUST,0.01,0.005,77,145735,0.03219968909530451
SNL,HUST,0.005,0.005,77,145735,0.03067771337412428
SNL,MATR,1.0,0.0,169,139148,0.05377765572857703
SNL,MATR,0.5,0.0,169,139148,0.05267535273908751
SNL,MATR,0.2,0.0,169,139148,0.05137878268491153
SNL,MATR,0.1,0.0,169,139148,0.0503611036334023
SNL,MATR,0.05,0.0,169,139148,0.04926473909604953
SNL,MATR,0.03,0.0,169,139148,0.048321173357182445
SNL,MATR,0.02,0.0,169,139148,0.04745807135353879
SNL,MATR,0.015,0.0,169,139148,0.046760429916589366
SNL,MATR,0.01,0.0,169,139148,0.04564166654331068
SNL,MATR,0.005,0.0,169,139148,0.04333612372092461
SNL,MATR,1.0,0.00025,169,139148,0.0516770797668371
SNL,MATR,0.5,0.00025,169,139148,0.05054424920508987
SNL,MATR,0.2,0.00025,169,139148,0.0492227981351709
SNL,MATR,0.1,0.00025,169,139148,0.04828995737347298
SNL,MATR,0.05,0.00025,169,139148,0.04731049590404402
SNL,MATR,0.03,0.00025,169,139148,0.04646406632932753
SNL,MATR,0.02,0.00025,169,139148,0.045684101440558816
SNL,MATR,0.015,0.00025,169,139148,0.04504311790499988
SNL,MATR,0.01,0.00025,169,139148,0.04395009207801901
SNL,MATR,0.005,0.00025,169,139148,0.04158763873714201
SNL,MATR,1.0,0.0005,169,139148,0.05082766655010134
SNL,MATR,0.5,0.0005,169,139148,0.049679779027897886
SNL,MATR,0.2,0.0005,169,139148,0.048402465645208684
SNL,MATR,0.1,0.0005,169,139148,0.04751469032467881
SNL,MATR,0.05,0.0005,169,139148,0.04655962243178882
SNL,MATR,0.03,0.0005,169,139148,0.04575082397909188
SNL,MATR,0.02,0.0005,169,139148,0.045003540941905285
SNL,MATR,0.015,0.0005,169,139148,0.04438161264633029
SNL,MATR,0.01,0.0005,169,139148,0.043311142813759036
SNL,MATR,0.005,0.0005,169,139148,0.04095372325450845
SNL,MATR,1.0,0.001,169,139148,0.04989232023804434
SNL,MATR,0.5,0.001,169,139148,0.0487538581664425
SNL,MATR,0.2,0.001,169,139148,0.04754056584718697
SNL,MATR,0.1,0.001,169,139148,0.04667791042741261
SNL,MATR,0.05,0.001,169,139148,0.04575691542325802
SNL,MATR,0.03,0.001,169,139148,0.04498432833467769
SNL,MATR,0.02,0.001,169,139148,0.0442857615872673
SNL,MATR,0.015,0.001,169,139148,0.04370210643946548
SNL,MATR,0.01,0.001,169,139148,0.04265784969827502
SNL,MATR,0.005,0.001,169,139148,0.040262786505481284
SNL,MATR,1.0,0.002,169,139148,0.04894531978996789
SNL,MATR,0.5,0.002,169,139148,0.04784776310314108
SNL,MATR,0.2,0.002,169,139148,0.046698878248521695
SNL,MATR,0.1,0.002,169,139148,0.045864886756418345
SNL,MATR,0.05,0.002,169,139148,0.04499093783850117
SNL,MATR,0.03,0.002,169,139148,0.0442855208478553
SNL,MATR,0.02,0.002,169,139148,0.04363755779691656
SNL,MATR,0.015,0.002,169,139148,0.04307720600607475
SNL,MATR,0.01,0.002,169,139148,0.04202424319945351
SNL,MATR,0.005,0.002,169,139148,0.03956731743903068
SNL,MATR,1.0,0.005,169,139148,0.04783168173329565
SNL,MATR,0.5,0.005,169,139148,0.046841426817491226
SNL,MATR,0.2,0.005,169,139148,0.04578056345251637
SNL,MATR,0.1,0.005,169,139148,0.04502288068039627
SNL,MATR,0.05,0.005,169,139148,0.04425048042948473
SNL,MATR,0.03,0.005,169,139148,0.04359948839900551
SNL,MATR,0.02,0.005,169,139148,0.042954137542495614
SNL,MATR,0.015,0.005,169,139148,0.042374794289834775
SNL,MATR,0.01,0.005,169,139148,0.04131511659158541
SNL,MATR,0.005,0.005,169,139148,0.03879158504928785
SNL,MICH,1.0,0.0,40,19681,0.08401805410535494
SNL,MICH,0.5,0.0,40,19681,0.08475007281264389
SNL,MICH,0.2,0.0,40,19681,0.08664326089407248
SNL,MICH,0.1,0.0,40,19681,0.08941928876467337
SNL,MICH,0.05,0.0,40,19681,0.0933468557628107
SNL,MICH,0.03,0.0,40,19681,0.0967886301355761
SNL,MICH,0.02,0.0,40,19681,0.09973185631031437
SNL,MICH,0.015,0.0,40,19681,0.10202731773395302
SNL,MICH,0.01,0.0,40,19681,0.10601223614925903
SNL,MICH,0.005,0.0,40,19681,0.11554088988830272
SNL,MICH,1.0,0.00025,40,19681,0.08486889452634047
SNL,MICH,0.5,0.00025,40,19681,0.08570753641194084
SNL,MICH,0.2,0.00025,40,19681,0.08770445931525457
SNL,MICH,0.1,0.00025,40,19681,0.09035339329576456
SNL,MICH,0.05,0.00025,40,19681,0.09423412297023956
SNL,MICH,0.03,0.00025,40,19681,0.0975096295184277
SNL,MICH,0.02,0.00025,40,19681,0.10022565504588998
SNL,MICH,0.015,0.00025,40,19681,0.10231340264742679
SNL,MICH,0.01,0.00025,40,19681,0.1059486549383986
SNL,MICH,0.005,0.00025,40,19681,0.11568857366284298
SNL,MICH,1.0,0.0005,40,19681,0.08538174859194349
SNL,MICH,0.5,0.0005,40,19681,0.08622132013106792
SNL,MICH,0.2,0.0005,40,19681,0.08813489366939432
SNL,MICH,0.1,0.0005,40,19681,0.09069977543723355
SNL,MICH,0.05,0.0005,40,19681,0.09454659523202802
SNL,MICH,0.03,0.0005,40,19681,0.09773740464863398
SNL,MICH,0.02,0.0005,40,19681,0.10039473672335582
SNL,MICH,0.015,0.0005,40,19681,0.10241948126464948
SNL,MICH,0.01,0.0005,40,19681,0.10593753086996653
SNL,MICH,0.005,0.0005,40,19681,0.11572364947643932
SNL,MICH,1.0,0.001,40,19681,0.08587596241170765
SNL,MICH,0.5,0.001,40,19681,0.08666927469232336
SNL,MICH,0.2,0.001,40,19681,0.08851592204317364
SNL,MICH,0.1,0.001,40,19681,0.09105302813087843
SNL,MICH,0.05,0.001,40,19681,0.09484531683444579
SNL,MICH,0.03,0.001,40,19681,0.09794877438493459
SNL,MICH,0.02,0.001,40,19681,0.1005521614073778
SNL,MICH,0.015,0.001,40,19681,0.10252719130908003
SNL,MICH,0.01,0.001,40,19681,0.10594067872308768
SNL,MICH,0.005,0.001,40,19681,0.11575689874660144
SNL,MICH,1.0,0.002,40,19681,0.0863607170652036
SNL,MICH,0.5,0.002,40,19681,0.08710458072808172
SNL,MICH,0.2,0.002,40,19681,0.08892129356466098
SNL,MICH,0.1,0.002,40,19681,0.09140053005833203
SNL,MICH,0.05,0.002,40,19681,0.09508017509920992
SNL,MICH,0.03,0.002,40,19681,0.09812335539589825
SNL,MICH,0.02,0.002,40,19681,0.1006753178440483
SNL,MICH,0.015,0.002,40,19681,0.1026090596683171
SNL,MICH,0.01,0.002,40,19681,0.10596096292941751
SNL,MICH,0.005,0.002,40,19681,0.11579074494883432
SNL,MICH,1.0,0.005,40,19681,0.08685208093212256
SNL,MICH,0.5,0.005,40,19681,0.08752557191928868
SNL,MICH,0.2,0.005,40,19681,0.08928247516473876
SNL,MICH,0.1,0.005,40,19681,0.09171748719958675
SNL,MICH,0.05,0.005,40,19681,0.09525494467071274
SNL,MICH,0.03,0.005,40,19681,0.09821764442997263
SNL,MICH,0.02,0.005,40,19681,0.10073809276285235
SNL,MICH,0.015,0.005,40,19681,0.10265073122568716
SNL,MICH,0.01,0.005,40,19681,0.1059883522484341
SNL,MICH,0.005,0.005,40,19681,0.11582070022268862
SNL,MICH_EXP,1.0,0.0,18,6455,0.20595905281380295
SNL,MICH_EXP,0.5,0.0,18,6455,0.1484723300384147
SNL,MICH_EXP,0.2,0.0,18,6455,0.11194989063428135
SNL,MICH_EXP,0.1,0.0,18,6455,0.10213904654314315
SNL,MICH_EXP,0.05,0.0,18,6455,0.09774606591128081
SNL,MICH_EXP,0.03,0.0,18,6455,0.09552156154070171
SNL,MICH_EXP,0.02,0.0,18,6455,0.09320794717834066
SNL,MICH_EXP,0.015,0.0,18,6455,0.09113053727852821
SNL,MICH_EXP,0.01,0.0,18,6455,0.08851454366297493
SNL,MICH_EXP,0.005,0.0,18,6455,0.08965013058163465
SNL,MICH_EXP,1.0,0.00025,18,6455,0.1982646888231899
SNL,MICH_EXP,0.5,0.00025,18,6455,0.14156437141669853
SNL,MICH_EXP,0.2,0.00025,18,6455,0.10639868435404884
SNL,MICH_EXP,0.1,0.00025,18,6455,0.0998781117302172
SNL,MICH_EXP,0.05,0.00025,18,6455,0.09730061029098987
SNL,MICH_EXP,0.03,0.00025,18,6455,0.09537405700900861
SNL,MICH_EXP,0.02,0.00025,18,6455,0.09320599235451707
SNL,MICH_EXP,0.015,0.00025,18,6455,0.09122635236235227
SNL,MICH_EXP,0.01,0.00025,18,6455,0.08878438207413179
SNL,MICH_EXP,0.005,0.00025,18,6455,0.08974816178322975
SNL,MICH_EXP,1.0,0.0005,18,6455,0.1911118335578653
SNL,MICH_EXP,0.5,0.0005,18,6455,0.13356515940461547
SNL,MICH_EXP,0.2,0.0005,18,6455,0.10346786819294546
SNL,MICH_EXP,0.1,0.0005,18,6455,0.09912991492742043
SNL,MICH_EXP,0.05,0.0005,18,6455,0.09704776728580648
SNL,MICH_EXP,0.03,0.0005,18,6455,0.09521102485767112
SNL,MICH_EXP,0.02,0.0005,18,6455,0.0931041170871019
SNL,MICH_EXP,0.015,0.0005,18,6455,0.0911393867203134
SNL,MICH_EXP,0.01,0.0005,18,6455,0.08867547902361393
SNL,MICH_EXP,0.005,0.0005,18,6455,0.08946888722603397
SNL,MICH_EXP,1.0,0.001,18,6455,0.1757821828740173
SNL,MICH_EXP,0.5,0.001,18,6455,0.12072356742714457
SNL,MICH_EXP,0.2,0.001,18,6455,0.10154857669563805
SNL,MICH_EXP,0.1,0.001,18,6455,0.0985611602482316
SNL,MICH_EXP,0.05,0.001,18,6455,0.09671214937166646
SNL,MICH_EXP,0.03,0.001,18,6455,0.09493817889164477
SNL,MICH_EXP,0.02,0.001,18,6455,0.09284164864691423
SNL,MICH_EXP,0.015,0.001,18,6455,0.09083368011478088
SNL,MICH_EXP,0.01,0.001,18,6455,0.0882857744593114
SNL,MICH_EXP,0.005,0.001,18,6455,0.08885614949580309
SNL,MICH_EXP,1.0,0.002,18,6455,0.14893899336567984
SNL,MICH_EXP,0.5,0.002,18,6455,0.11188598358276651
SNL,MICH_EXP,0.2,0.002,18,6455,0.10013993060566076
SNL,MICH_EXP,0.1,0.002,18,6455,0.09801667753853621
SNL,MICH_EXP,0.05,0.002,18,6455,0.09632922012714956
SNL,MICH_EXP,0.03,0.002,18,6455,0.09455197555478273
SNL,MICH_EXP,0.02,0.002,18,6455,0.09236198719182487
SNL,MICH_EXP,0.015,0.002,18,6455,0.09023071180873314
SNL,MICH_EXP,0.01,0.002,18,6455,0.08748280058136555
SNL,MICH_EXP,0.005,0.002,18,6455,0.0877400529562989
SNL,MICH_EXP,1.0,0.005,18,6455,0.12390386895840673
SNL,MICH_EXP,0.5,0.005,18,6455,0.10497193100241708
SNL,MICH_EXP,0.2,0.005,18,6455,0.09883806584736822
SNL,MICH_EXP,0.1,0.005,18,6455,0.09733077167501326
SNL,MICH_EXP,0.05,0.005,18,6455,0.09560431208499452
SNL,MICH_EXP,0.03,0.005,18,6455,0.09360838449104032
SNL,MICH_EXP,0.02,0.005,18,6455,0.09106093720506706
SNL,MICH_EXP,0.015,0.005,18,6455,0.08854046386352331
SNL,MICH_EXP,0.01,0.005,18,6455,0.08535361429699138
SNL,MICH_EXP,0.005,0.005,18,6455,0.08505097168201534
SNL,RWTH,1.0,0.0,48,105140,0.15332422420005706
SNL,RWTH,0.5,0.0,48,105140,0.1531653969597344
SNL,RWTH,0.2,0.0,48,105140,0.1528733385349948
SNL,RWTH,0.1,0.0,48,105140,0.15253559091361235
SNL,RWTH,0.05,0.0,48,105140,0.15202068664536053
SNL,RWTH,0.03,0.0,48,105140,0.15142811184799057
SNL,RWTH,0.02,0.0,48,105140,0.150749012421771
SNL,RWTH,0.015,0.0,48,105140,0.15008362146617768
SNL,RWTH,0.01,0.0,48,105140,0.1488655470954588
SNL,RWTH,0.005,0.0,48,105140,0.14673953993476954
SNL,RWTH,1.0,0.00025,48,105140,0.1543159905440387
SNL,RWTH,0.5,0.00025,48,105140,0.15413705772649816
SNL,RWTH,0.2,0.00025,48,105140,0.15385000923094613
SNL,RWTH,0.1,0.00025,48,105140,0.15352335082713062
SNL,RWTH,0.05,0.00025,48,105140,0.15299485121518802
SNL,RWTH,0.03,0.00025,48,105140,0.15238116407407962
SNL,RWTH,0.02,0.00025,48,105140,0.1516428279972156
SNL,RWTH,0.015,0.00025,48,105140,0.1509205493812441
SNL,RWTH,0.01,0.00025,48,105140,0.14955746488888397
SNL,RWTH,0.005,0.00025,48,105140,0.14701626239902496
SNL,RWTH,1.0,0.0005,48,105140,0.15423695933149933
SNL,RWTH,0.5,0.0005,48,105140,0.15405782416977662
SNL,RWTH,0.2,0.0005,48,105140,0.15378113817549263
SNL,RWTH,0.1,0.0005,48,105140,0.15348381567442634
SNL,RWTH,0.05,0.0005,48,105140,0.15299169636844126
SNL,RWTH,0.03,0.0005,48,105140,0.1524016604634565
SNL,RWTH,0.02,0.0005,48,105140,0.15168561841116865
SNL,RWTH,0.015,0.0005,48,105140,0.15097460983447122
SNL,RWTH,0.01,0.0005,48,105140,0.14961963898279726
SNL,RWTH,0.005,0.0005,48,105140,0.14708247278025574
SNL,RWTH,1.0,0.001,48,105140,0.1541415197781398
SNL,RWTH,0.5,0.001,48,105140,0.15396262401464253
SNL,RWTH,0.2,0.001,48,105140,0.15371779180154826
SNL,RWTH,0.1,0.001,48,105140,0.15345080409836367
SNL,RWTH,0.05,0.001,48,105140,0.1529850841472267
SNL,RWTH,0.03,0.001,48,105140,0.15242818155298796
SNL,RWTH,0.02,0.001,48,105140,0.15174424982710974
SNL,RWTH,0.015,0.001,48,105140,0.1510542862446684
SNL,RWTH,0.01,0.001,48,105140,0.1497226264963239
SNL,RWTH,0.005,0.001,48,105140,0.14721385028888234
SNL,RWTH,1.0,0.002,48,105140,0.1540424001395522
SNL,RWTH,0.5,0.002,48,105140,0.15388268072704117
SNL,RWTH,0.2,0.002,48,105140,0.1536705158021675
SNL,RWTH,0.1,0.002,48,105140,0.15343087989581752
SNL,RWTH,0.05,0.002,48,105140,0.15300158033902414
SNL,RWTH,0.03,0.002,48,105140,0.15248374619889846
SNL,RWTH,0.02,0.002,48,105140,0.15184655156324553
SNL,RWTH,0.015,0.002,48,105140,0.15118528788232835
SNL,RWTH,0.01,0.002,48,105140,0.14991865675262028
SNL,RWTH,0.005,0.002,48,105140,0.1474886469356798
SNL,RWTH,1.0,0.005,48,105140,0.15396282382984966
SNL,RWTH,0.5,0.005,48,105140,0.15383774426118804
SNL,RWTH,0.2,0.005,48,105140,0.15366353471165137
SNL,RWTH,0.1,0.005,48,105140,0.15346814615091522
SNL,RWTH,0.05,0.005,48,105140,0.1531097161863986
SNL,RWTH,0.03,0.005,48,105140,0.152673955719288
SNL,RWTH,0.02,0.005,48,105140,0.15213515805979444
SNL,RWTH,0.015,0.005,48,105140,0.15156635879419983
SNL,RWTH,0.01,0.005,48,105140,0.15045339327033538
SNL,RWTH,0.005,0.005,48,105140,0.14818202462781305
SNL,SDU,1.0,0.0,86,48716,0.06942488564767185
SNL,SDU,0.5,0.0,86,48716,0.06813042447020443
SNL,SDU,0.2,0.0,86,48716,0.06631697698298378
SNL,SDU,0.1,0.0,86,48716,0.0648958949748998
SNL,SDU,0.05,0.0,86,48716,0.06301170412198258
SNL,SDU,0.03,0.0,86,48716,0.060870187042380924
SNL,SDU,0.02,0.0,86,48716,0.05840238778255731
SNL,SDU,0.015,0.0,86,48716,0.056201108960081576
SNL,SDU,0.01,0.0,86,48716,0.05240994743919281
SNL,SDU,0.005,0.0,86,48716,0.04518157288429597
SNL,SDU,1.0,0.00025,86,48716,0.06835649820746585
SNL,SDU,0.5,0.00025,86,48716,0.06697611399521183
SNL,SDU,0.2,0.00025,86,48716,0.0650236743646816
SNL,SDU,0.1,0.00025,86,48716,0.0635295089503191
SNL,SDU,0.05,0.00025,86,48716,0.06156730542599372
SNL,SDU,0.03,0.00025,86,48716,0.05953219255311955
SNL,SDU,0.02,0.00025,86,48716,0.057391691500005476
SNL,SDU,0.015,0.00025,86,48716,0.05553705498793666
SNL,SDU,0.01,0.00025,86,48716,0.052234132355574205
SNL,SDU,0.005,0.00025,86,48716,0.0453585118961691
SNL,SDU,1.0,0.0005,86,48716,0.06783429582265967
SNL,SDU,0.5,0.0005,86,48716,0.06635665602235946
SNL,SDU,0.2,0.0005,86,48716,0.06428330198580891
SNL,SDU,0.1,0.0005,86,48716,0.06272256531362544
SNL,SDU,0.05,0.0005,86,48716,0.06074170448378106
SNL,SDU,0.03,0.0005,86,48716,0.05900290996993001
SNL,SDU,0.02,0.0005,86,48716,0.0571710213840762
SNL,SDU,0.015,0.0005,86,48716,0.05533642437030655
SNL,SDU,0.01,0.0005,86,48716,0.05205713131203358
SNL,SDU,0.005,0.0005,86,48716,0.04531084277349829
SNL,SDU,1.0,0.001,86,48716,0.06723754365002485
SNL,SDU,0.5,0.001,86,48716,0.06553555667931474
SNL,SDU,0.2,0.001,86,48716,0.06330386817764566
SNL,SDU,0.1,0.001,86,48716,0.061748025140082846
SNL,SDU,0.05,0.001,86,48716,0.05999736037428981
SNL,SDU,0.03,0.001,86,48716,0.05859935667471971
SNL,SDU,0.02,0.001,86,48716,0.05681845451557783
SNL,SDU,0.015,0.001,86,48716,0.05502870374384865
SNL,SDU,0.01,0.001,86,48716,0.051841332336806184
SNL,SDU,0.005,0.001,86,48716,0.04520796443362341
SNL,SDU,1.0,0.002,86,48716,0.06649211722765656
SNL,SDU,0.5,0.002,86,48716,0.06449037251731671
SNL,SDU,0.2,0.002,86,48716,0.06225984533317318
SNL,SDU,0.1,0.002,86,48716,0.06087309003988334
SNL,SDU,0.05,0.002,86,48716,0.059435070640720296
SNL,SDU,0.03,0.002,86,48716,0.058125213624985655
SNL,SDU,0.02,0.002,86,48716,0.05643040102933198
SNL,SDU,0.015,0.002,86,48716,0.054698057561568265
SNL,SDU,0.01,0.002,86,48716,0.051590488956802516
SNL,SDU,0.005,0.002,86,48716,0.04500088659964344
SNL,SDU,1.0,0.005,86,48716,0.0652314435498649
SNL,SDU,0.5,0.005,86,48716,0.06303702728588692
SNL,SDU,0.2,0.005,86,48716,0.06121839888443469
SNL,SDU,0.1,0.005,86,48716,0.060063552349179795
SNL,SDU,0.05,0.005,86,48716,0.05863658309838844
SNL,SDU,0.03,0.005,86,48716,0.05753512803877559
SNL,SDU,0.02,0.005,86,48716,0.056035144388412714
SNL,SDU,0.015,0.005,86,48716,0.0543975758439938
SNL,SDU,0.01,0.005,86,48716,0.05129948275498233
SNL,SDU,0.005,0.005,86,48716,0.04472335069359923
SNL,UL_PUR,1.0,0.0,10,2195,0.039291841799054525
SNL,UL_PUR,0.5,0.0,10,2195,0.03951494739019258
SNL,UL_PUR,0.2,0.0,10,2195,0.04003598467151551
SNL,UL_PUR,0.1,0.0,10,2195,0.040585273180705435
SNL,UL_PUR,0.05,0.0,10,2195,0.04132478000251828
SNL,UL_PUR,0.03,0.0,10,2195,0.0420411565105707
SNL,UL_PUR,0.02,0.0,10,2195,0.04270538845300933
SNL,UL_PUR,0.015,0.0,10,2195,0.04320029809730875
SNL,UL_PUR,0.01,0.0,10,2195,0.04388000258440458
SNL,UL_PUR,0.005,0.0,10,2195,0.044860250872004084
SNL,UL_PUR,1.0,0.00025,10,2195,0.04079511868504101
SNL,UL_PUR,0.5,0.00025,10,2195,0.04115099071504461
SNL,UL_PUR,0.2,0.00025,10,2195,0.04170692653429649
SNL,UL_PUR,0.1,0.00025,10,2195,0.04228468997055666
SNL,UL_PUR,0.05,0.00025,10,2195,0.04315996869763416
SNL,UL_PUR,0.03,0.00025,10,2195,0.044088372586774935
SNL,UL_PUR,0.02,0.00025,10,2195,0.044963420155651586
SNL,UL_PUR,0.015,0.00025,10,2195,0.045660280048964726
SNL,UL_PUR,0.01,0.00025,10,2195,0.04661085566787378
SNL,UL_PUR,0.005,0.00025,10,2195,0.048048828798090415
SNL,UL_PUR,1.0,0.0005,10,2195,0.04173750059819313
SNL,UL_PUR,0.5,0.0005,10,2195,0.04207768816250031
SNL,UL_PUR,0.2,0.0005,10,2195,0.04256052279539262
SNL,UL_PUR,0.1,0.0005,10,2195,0.04310678199336147
SNL,UL_PUR,0.05,0.0005,10,2195,0.04398481677901508
SNL,UL_PUR,0.03,0.0005,10,2195,0.04492156135632799
SNL,UL_PUR,0.02,0.0005,10,2195,0.045821827956979484
SNL,UL_PUR,0.015,0.0005,10,2195,0.046510996977582444
SNL,UL_PUR,0.01,0.0005,10,2195,0.04748932799710853
SNL,UL_PUR,0.005,0.0005,10,2195,0.04900371455489167
SNL,UL_PUR,1.0,0.001,10,2195,0.04239937459685646
SNL,UL_PUR,0.5,0.001,10,2195,0.042678558577754724
SNL,UL_PUR,0.2,0.001,10,2195,0.04312504973519342
SNL,UL_PUR,0.1,0.001,10,2195,0.04366956708868012
SNL,UL_PUR,0.05,0.001,10,2195,0.04452257026980536
SNL,UL_PUR,0.03,0.001,10,2195,0.04543867363510954
SNL,UL_PUR,0.02,0.001,10,2195,0.04633210173015367
SNL,UL_PUR,0.015,0.001,10,2195,0.04704172896895255
SNL,UL_PUR,0.01,0.001,10,2195,0.048068235118015834
SNL,UL_PUR,0.005,0.001,10,2195,0.04967677690162312
SNL,UL_PUR,1.0,0.002,10,2195,0.04281939336028821
SNL,UL_PUR,0.5,0.002,10,2195,0.04307198746972131
SNL,UL_PUR,0.2,0.002,10,2195,0.043498539790329895
SNL,UL_PUR,0.1,0.002,10,2195,0.044040030123196114
SNL,UL_PUR,0.05,0.002,10,2195,0.04486755305791769
SNL,UL_PUR,0.03,0.002,10,2195,0.04577795630307392
SNL,UL_PUR,0.02,0.002,10,2195,0.046687990879601134
SNL,UL_PUR,0.015,0.002,10,2195,0.04741803914491835
SNL,UL_PUR,0.01,0.002,10,2195,0.04849288883561393
SNL,UL_PUR,0.005,0.002,10,2195,0.05019322051582813
SNL,UL_PUR,1.0,0.005,10,2195,0.04298583559330271
SNL,UL_PUR,0.5,0.005,10,2195,0.04320265258839998
SNL,UL_PUR,0.2,0.005,10,2195,0.04360792844891469
SNL,UL_PUR,0.1,0.005,10,2195,0.04411153376229011
SNL,UL_PUR,0.05,0.005,10,2195,0.04491479720318272
SNL,UL_PUR,0.03,0.005,10,2195,0.0458179557736466
SNL,UL_PUR,0.02,0.005,10,2195,0.04671039527706385
SNL,UL_PUR,0.015,0.005,10,2195,0.0474414734581437
SNL,UL_PUR,0.01,0.005,10,2195,0.04853440797332847
SNL,UL_PUR,0.005,0.005,10,2195,0.05029137746992538
SNL,XJTU,1.0,0.0,23,6823,0.16669712420076999
SNL,XJTU,0.5,0.0,23,6823,0.1654174698434612
SNL,XJTU,0.2,0.0,23,6823,0.16294160028588617
SNL,XJTU,0.1,0.0,23,6823,0.1598341123646731
SNL,XJTU,0.05,0.0,23,6823,0.15451003296591395
SNL,XJTU,0.03,0.0,23,6823,0.14831048023690202
SNL,XJTU,0.02,0.0,23,6823,0.14172525466301503
SNL,XJTU,0.015,0.0,23,6823,0.1362163941235698
SNL,XJTU,0.01,0.0,23,6823,0.127695918455458
SNL,XJTU,0.005,0.0,23,6823,0.11407277626147852
SNL,XJTU,1.0,0.00025,23,6823,0.1652016247529447
SNL,XJTU,0.5,0.00025,23,6823,0.1639961337809521
SNL,XJTU,0.2,0.00025,23,6823,0.16164699151146436
SNL,XJTU,0.1,0.00025,23,6823,0.15857471295340558
SNL,XJTU,0.05,0.00025,23,6823,0.15315854328346767
SNL,XJTU,0.03,0.00025,23,6823,0.1468633221567406
SNL,XJTU,0.02,0.00025,23,6823,0.14013861886943527
SNL,XJTU,0.015,0.00025,23,6823,0.1344536585377839
SNL,XJTU,0.01,0.00025,23,6823,0.12554024073340175
SNL,XJTU,0.005,0.00025,23,6823,0.11117135109047308
SNL,XJTU,1.0,0.0005,23,6823,0.16420597973420933
SNL,XJTU,0.5,0.0005,23,6823,0.16304561306793006
SNL,XJTU,0.2,0.0005,23,6823,0.1608060015085398
SNL,XJTU,0.1,0.0005,23,6823,0.15774683080489876
SNL,XJTU,0.05,0.0005,23,6823,0.15231042002247835
SNL,XJTU,0.03,0.0005,23,6823,0.14599413285788013
SNL,XJTU,0.02,0.0005,23,6823,0.13920865380276948
SNL,XJTU,0.015,0.0005,23,6823,0.13342027465547965
SNL,XJTU,0.01,0.0005,23,6823,0.12427430047100904
SNL,XJTU,0.005,0.0005,23,6823,0.10947237689709055
SNL,XJTU,1.0,0.001,23,6823,0.16300332379205787
SNL,XJTU,0.5,0.001,23,6823,0.161933976370117
SNL,XJTU,0.2,0.001,23,6823,0.15980885912156365
SNL,XJTU,0.1,0.001,23,6823,0.156810644399417
SNL,XJTU,0.05,0.001,23,6823,0.15139317035640798
SNL,XJTU,0.03,0.001,23,6823,0.14498913240962363
SNL,XJTU,0.02,0.001,23,6823,0.13807926662979916
SNL,XJTU,0.015,0.001,23,6823,0.13213679927512476
SNL,XJTU,0.01,0.001,23,6823,0.12272184899975071
SNL,XJTU,0.005,0.001,23,6823,0.10742982877609829
SNL,XJTU,1.0,0.002,23,6823,0.16186775811110732
SNL,XJTU,0.5,0.002,23,6823,0.16088578550026575
SNL,XJTU,0.2,0.002,23,6823,0.15881917588237676
SNL,XJTU,0.1,0.002,23,6823,0.15586345651104286
SNL,XJTU,0.05,0.002,23,6823,0.15048290019406685
SNL,XJTU,0.03,0.002,23,6823,0.14405073464750962
SNL,XJTU,0.02,0.002,23,6823,0.13704423569750332
SNL,XJTU,0.015,0.002,23,6823,0.13100215464449344
SNL,XJTU,0.01,0.002,23,6823,0.1214129486942391
SNL,XJTU,0.005,0.002,23,6823,0.10577408809631164
SNL,XJTU,1.0,0.005,23,6823,0.16111538842647566
SNL,XJTU,0.5,0.005,23,6823,0.1601911423954607
SNL,XJTU,0.2,0.005,23,6823,0.1581907059884732
SNL,XJTU,0.1,0.005,23,6823,0.15526372919951542
SNL,XJTU,0.05,0.005,23,6823,0.14990185128387884
SNL,XJTU,0.03,0.005,23,6823,0.14346444981197193
SNL,XJTU,0.02,0.005,23,6823,0.1364226656900501
SNL,XJTU,0.015,0.005,23,6823,0.13034256194338348
SNL,XJTU,0.01,0.005,23,6823,0.12063444670990546
SNL,XJTU,0.005,0.005,23,6823,0.10475662198683881
UL_PUR,CALB,1.0,0.0,27,2629,0.05746560191179654
UL_PUR,CALB,0.5,0.0,27,2629,0.05690912415502232
UL_PUR,CALB,0.2,0.0,27,2629,0.05564444849447595
UL_PUR,CALB,0.1,0.0,27,2629,0.05393725380321192
UL_PUR,CALB,0.05,0.0,27,2629,0.051335303880084435
UL_PUR,CALB,0.03,0.0,27,2629,0.048980881223154075
UL_PUR,CALB,0.02,0.0,27,2629,0.04710081564385197
UL_PUR,CALB,0.015,0.0,27,2629,0.0458779468173268
UL_PUR,CALB,0.01,0.0,27,2629,0.04443890630707029
UL_PUR,CALB,0.005,0.0,27,2629,0.04287153796442188
UL_PUR,CALB,1.0,0.00025,27,2629,0.0567982573135511
UL_PUR,CALB,0.5,0.00025,27,2629,0.05624418091695074
UL_PUR,CALB,0.2,0.00025,27,2629,0.05495349594263472
UL_PUR,CALB,0.1,0.00025,27,2629,0.05316508798946833
UL_PUR,CALB,0.05,0.00025,27,2629,0.050371131556742804
UL_PUR,CALB,0.03,0.00025,27,2629,0.047825815970993946
UL_PUR,CALB,0.02,0.00025,27,2629,0.045791106611781034
UL_PUR,CALB,0.015,0.00025,27,2629,0.04445949614289905
UL_PUR,CALB,0.01,0.00025,27,2629,0.04288907595999944
UL_PUR,CALB,0.005,0.00025,27,2629,0.0411208622142705
UL_PUR,CALB,1.0,0.0005,27,2629,0.05648566522402939
UL_PUR,CALB,0.5,0.0005,27,2629,0.05593906894018859
UL_PUR,CALB,0.2,0.0005,27,2629,0.054639861609969975
UL_PUR,CALB,0.1,0.0005,27,2629,0.05282216517280306
UL_PUR,CALB,0.05,0.0005,27,2629,0.04995793066087944
UL_PUR,CALB,0.03,0.0005,27,2629,0.04734378298244542
UL_PUR,CALB,0.02,0.0005,27,2629,0.04523905838277566
UL_PUR,CALB,0.015,0.0005,27,2629,0.043866821939810834
UL_PUR,CALB,0.01,0.0005,27,2629,0.04224261774241908
UL_PUR,CALB,0.005,0.0005,27,2629,0.04038828509329234
UL_PUR,CALB,1.0,0.001,27,2629,0.056226903661085265
UL_PUR,CALB,0.5,0.001,27,2629,0.05568647660482818
UL_PUR,CALB,0.2,0.001,27,2629,0.054384222082223224
UL_PUR,CALB,0.1,0.001,27,2629,0.052563097699741046
UL_PUR,CALB,0.05,0.001,27,2629,0.049672532526891064
UL_PUR,CALB,0.03,0.001,27,2629,0.04700448437967734
UL_PUR,CALB,0.02,0.001,27,2629,0.044844966833477995
UL_PUR,CALB,0.015,0.001,27,2629,0.043428326033099346
UL_PUR,CALB,0.01,0.001,27,2629,0.041757613027586266
UL_PUR,CALB,0.005,0.001,27,2629,0.03982168895685912
UL_PUR,CALB,1.0,0.002,27,2629,0.05609188243859968
UL_PUR,CALB,0.5,0.002,27,2629,0.055554273528624604
UL_PUR,CALB,0.2,0.002,27,2629,0.05425158922068602
UL_PUR,CALB,0.1,0.002,27,2629,0.052434210525992314
UL_PUR,CALB,0.05,0.002,27,2629,0.04952807451594707
UL_PUR,CALB,0.03,0.002,27,2629,0.04684291344442547
UL_PUR,CALB,0.02,0.002,27,2629,0.04467581970724372
UL_PUR,CALB,0.015,0.002,27,2629,0.04324723641933699
UL_PUR,CALB,0.01,0.002,27,2629,0.041569555791433475
UL_PUR,CALB,0.005,0.002,27,2629,0.03961292255336586
UL_PUR,CALB,1.0,0.005,27,2629,0.055983842456562
UL_PUR,CALB,0.5,0.005,27,2629,0.05543947087513078
UL_PUR,CALB,0.2,0.005,27,2629,0.054138175844154396
UL_PUR,CALB,0.1,0.005,27,2629,0.052294650737038394
UL_PUR,CALB,0.05,0.005,27,2629,0.04935291512607216
UL_PUR,CALB,0.03,0.005,27,2629,0.04664500048406327
UL_PUR,CALB,0.02,0.005,27,2629,0.04444432049773313
UL_PUR,CALB,0.015,0.005,27,2629,0.04300682530904744
UL_PUR,CALB,0.01,0.005,27,2629,0.041307616247440795
UL_PUR,CALB,0.005,0.005,27,2629,0.03928680490116744
UL_PUR,CALCE,1.0,0.0,13,14233,0.44781148856058095
UL_PUR,CALCE,0.5,0.0,13,14233,0.29435613890092915
UL_PUR,CALCE,0.2,0.0,13,14233,0.1397997871922249
UL_PUR,CALCE,0.1,0.0,13,14233,0.07993766805264703
UL_PUR,CALCE,0.05,0.0,13,14233,0.05889421665921145
UL_PUR,CALCE,0.03,0.0,13,14233,0.05289458930188196
UL_PUR,CALCE,0.02,0.0,13,14233,0.050403422812692625
UL_PUR,CALCE,0.015,0.0,13,14233,0.04939222622572976
UL_PUR,CALCE,0.01,0.0,13,14233,0.048672868942148236
UL_PUR,CALCE,0.005,0.0,13,14233,0.054024433574156774
UL_PUR,CALCE,1.0,0.00025,13,14233,0.3840943007861447
UL_PUR,CALCE,0.5,0.00025,13,14233,0.23986559401258584
UL_PUR,CALCE,0.2,0.00025,13,14233,0.10255373530089466
UL_PUR,CALCE,0.1,0.00025,13,14233,0.06250526596679926
UL_PUR,CALCE,0.05,0.00025,13,14233,0.0516691326138717
UL_PUR,CALCE,0.03,0.00025,13,14233,0.04939503898089956
UL_PUR,CALCE,0.02,0.00025,13,14233,0.04857288931401185
UL_PUR,CALCE,0.015,0.00025,13,14233,0.048225662840388796
UL_PUR,CALCE,0.01,0.00025,13,14233,0.04818849646691181
UL_PUR,CALCE,0.005,0.00025,13,14233,0.05459842232878198
UL_PUR,CALCE,1.0,0.0005,13,14233,0.34045489182852484
UL_PUR,CALCE,0.5,0.0005,13,14233,0.2023211253533565
UL_PUR,CALCE,0.2,0.0005,13,14233,0.08253594200470481
UL_PUR,CALCE,0.1,0.0005,13,14233,0.056662360151936965
UL_PUR,CALCE,0.05,0.0005,13,14233,0.049816664513470346
UL_PUR,CALCE,0.03,0.0005,13,14233,0.04856793824307078
UL_PUR,CALCE,0.02,0.0005,13,14233,0.048191524507961644
UL_PUR,CALCE,0.015,0.0005,13,14233,0.04808347038339951
UL_PUR,CALCE,0.01,0.0005,13,14233,0.048248153867527205
UL_PUR,CALCE,0.005,0.0005,13,14233,0.05514002601004942
UL_PUR,CALCE,1.0,0.001,13,14233,0.28305874734264974
UL_PUR,CALCE,0.5,0.001,13,14233,0.1524161999973087
UL_PUR,CALCE,0.2,0.001,13,14233,0.06745172898652771
UL_PUR,CALCE,0.1,0.001,13,14233,0.05234055220868982
UL_PUR,CALCE,0.05,0.001,13,14233,0.04854272765565222
UL_PUR,CALCE,0.03,0.001,13,14233,0.04805264929535653
UL_PUR,CALCE,0.02,0.001,13,14233,0.04807792872842242
UL_PUR,CALCE,0.015,0.001,13,14233,0.0481553056677918
UL_PUR,CALCE,0.01,0.001,13,14233,0.04844193875351991
UL_PUR,CALCE,0.005,0.001,13,14233,0.05569791032311915
UL_PUR,CALCE,1.0,0.002,13,14233,0.21838524227296144
UL_PUR,CALCE,0.5,0.002,13,14233,0.10675523148552214
UL_PUR,CALCE,0.2,0.002,13,14233,0.05803155413483511
UL_PUR,CALCE,0.1,0.002,13,14233,0.049704352286824356
UL_PUR,CALCE,0.05,0.002,13,14233,0.04781184319347713
UL_PUR,CALCE,0.03,0.002,13,14233,0.04785757907718146
UL_PUR,CALCE,0.02,0.002,13,14233,0.04812585015452076
UL_PUR,CALCE,0.015,0.002,13,14233,0.04832438504255936
UL_PUR,CALCE,0.01,0.002,13,14233,0.04870754275589621
UL_PUR,CALCE,0.005,0.002,13,14233,0.05628796392650229
UL_PUR,CALCE,1.0,0.005,13,14233,0.13510725819410643
UL_PUR,CALCE,0.5,0.005,13,14233,0.07327311936573769
UL_PUR,CALCE,0.2,0.005,13,14233,0.051444227973922216
UL_PUR,CALCE,0.1,0.005,13,14233,0.04800285076693988
UL_PUR,CALCE,0.05,0.005,13,14233,0.04743523760959426
UL_PUR,CALCE,0.03,0.005,13,14233,0.04779192241481567
UL_PUR,CALCE,0.02,0.005,13,14233,0.04821197373334038
UL_PUR,CALCE,0.015,0.005,13,14233,0.04849090824782079
UL_PUR,CALCE,0.01,0.005,13,14233,0.04891216833878749
UL_PUR,CALCE,0.005,0.005,13,14233,0.05679131050711838
UL_PUR,HNEI,1.0,0.0,14,15085,0.32822821582097367
UL_PUR,HNEI,0.5,0.0,14,15085,0.23820959154382448
UL_PUR,HNEI,0.2,0.0,14,15085,0.1212300028792318
UL_PUR,HNEI,0.1,0.0,14,15085,0.06946099219582814
UL_PUR,HNEI,0.05,0.0,14,15085,0.04564754301066508
UL_PUR,HNEI,0.03,0.0,14,15085,0.03900964045415239
UL_PUR,HNEI,0.02,0.0,14,15085,0.036040690017625394
UL_PUR,HNEI,0.015,0.0,14,15085,0.03511016242933587
UL_PUR,HNEI,0.01,0.0,14,15085,0.03735536950641586
UL_PUR,HNEI,0.005,0.0,14,15085,0.06600607615966458
UL_PUR,HNEI,1.0,0.00025,14,15085,0.2835480487220858
UL_PUR,HNEI,0.5,0.00025,14,15085,0.1947404004099604
UL_PUR,HNEI,0.2,0.00025,14,15085,0.09009171897281064
UL_PUR,HNEI,0.1,0.00025,14,15085,0.052758669676039587
UL_PUR,HNEI,0.05,0.00025,14,15085,0.039248803654588986
UL_PUR,HNEI,0.03,0.00025,14,15085,0.034908868792556266
UL_PUR,HNEI,0.02,0.00025,14,15085,0.03256298471084625
UL_PUR,HNEI,0.015,0.00025,14,15085,0.03195073022505415
UL_PUR,HNEI,0.01,0.00025,14,15085,0.03443224076240802
UL_PUR,HNEI,0.005,0.00025,14,15085,0.06372707217044704
UL_PUR,HNEI,1.0,0.0005,14,15085,0.24445104285158673
UL_PUR,HNEI,0.5,0.0005,14,15085,0.163756487087989
UL_PUR,HNEI,0.2,0.0005,14,15085,0.0725996339559344
UL_PUR,HNEI,0.1,0.0005,14,15085,0.045628427355613364
UL_PUR,HNEI,0.05,0.0005,14,15085,0.036307087410468335
UL_PUR,HNEI,0.03,0.0005,14,15085,0.032819683762609075
UL_PUR,HNEI,0.02,0.0005,14,15085,0.03082383924795284
UL_PUR,HNEI,0.015,0.0005,14,15085,0.03020339948508995
UL_PUR,HNEI,0.01,0.0005,14,15085,0.03268224829033725
UL_PUR,HNEI,0.005,0.0005,14,15085,0.06207556069879042
UL_PUR,HNEI,1.0,0.001,14,15085,0.19629610202126907
UL_PUR,HNEI,0.5,0.001,14,15085,0.12430177845952438
UL_PUR,HNEI,0.2,0.001,14,15085,0.05672797094020288
UL_PUR,HNEI,0.1,0.001,14,15085,0.03986363917838415
UL_PUR,HNEI,0.05,0.001,14,15085,0.033461685402482795
UL_PUR,HNEI,0.03,0.001,14,15085,0.030684738642459013
UL_PUR,HNEI,0.02,0.001,14,15085,0.028837640383637602
UL_PUR,HNEI,0.015,0.001,14,15085,0.02821551179203351
UL_PUR,HNEI,0.01,0.001,14,15085,0.030738235411823016
UL_PUR,HNEI,0.005,0.001,14,15085,0.06069638307555133
UL_PUR,HNEI,1.0,0.002,14,15085,0.14754492524779103
UL_PUR,HNEI,0.5,0.002,14,15085,0.08736450161087705
UL_PUR,HNEI,0.2,0.002,14,15085,0.046091691057121444
UL_PUR,HNEI,0.1,0.002,14,15085,0.035586670480945694
UL_PUR,HNEI,0.05,0.002,14,15085,0.031197215952035066
UL_PUR,HNEI,0.03,0.002,14,15085,0.028942938490518943
UL_PUR,HNEI,0.02,0.002,14,15085,0.02735318864588644
UL_PUR,HNEI,0.015,0.002,14,15085,0.02688831757405918
UL_PUR,HNEI,0.01,0.002,14,15085,0.029627788582343828
UL_PUR,HNEI,0.005,0.002,14,15085,0.060149059119452675
UL_PUR,HNEI,1.0,0.005,14,15085,0.09208123617003115
UL_PUR,HNEI,0.5,0.005,14,15085,0.05794898524174086
UL_PUR,HNEI,0.2,0.005,14,15085,0.037524580310038635
UL_PUR,HNEI,0.1,0.005,14,15085,0.03201193144626963
UL_PUR,HNEI,0.05,0.005,14,15085,0.029241996706069688
UL_PUR,HNEI,0.03,0.005,14,15085,0.02753888443128536
UL_PUR,HNEI,0.02,0.005,14,15085,0.026204249661799354
UL_PUR,HNEI,0.015,0.005,14,15085,0.025870750048061754
UL_PUR,HNEI,0.01,0.005,14,15085,0.028994930198341613
UL_PUR,HNEI,0.005,0.005,14,15085,0.05987982822571721
UL_PUR,HUST,1.0,0.0,77,145735,0.028007325224701465
UL_PUR,HUST,0.5,0.0,77,145735,0.02800180115929815
UL_PUR,HUST,0.2,0.0,77,145735,0.028013638047310416
UL_PUR,HUST,0.1,0.0,77,145735,0.028044623888855844
UL_PUR,HUST,0.05,0.0,77,145735,0.028098466849553933
UL_PUR,HUST,0.03,0.0,77,145735,0.028157100842663138
UL_PUR,HUST,0.02,0.0,77,145735,0.028183822185068066
UL_PUR,HUST,0.015,0.0,77,145735,0.02817034038328049
UL_PUR,HUST,0.01,0.0,77,145735,0.02810568807224701
UL_PUR,HUST,0.005,0.0,77,145735,0.028163066935959474
UL_PUR,HUST,1.0,0.00025,77,145735,0.028474891376019017
UL_PUR,HUST,0.5,0.00025,77,145735,0.028485964412941996
UL_PUR,HUST,0.2,0.00025,77,145735,0.02850214927145887
UL_PUR,HUST,0.1,0.00025,77,145735,0.028513379352382514
UL_PUR,HUST,0.05,0.00025,77,145735,0.02852033206025139
UL_PUR,HUST,0.03,0.00025,77,145735,0.028517577752354376
UL_PUR,HUST,0.02,0.00025,77,145735,0.0284594164013106
UL_PUR,HUST,0.015,0.00025,77,145735,0.02836765421640604
UL_PUR,HUST,0.01,0.00025,77,145735,0.028195179715295813
UL_PUR,HUST,0.005,0.00025,77,145735,0.028108210855773412
UL_PUR,HUST,1.0,0.0005,77,145735,0.028517373241196277
UL_PUR,HUST,0.5,0.0005,77,145735,0.028533760448054148
UL_PUR,HUST,0.2,0.0005,77,145735,0.028550070455295784
UL_PUR,HUST,0.1,0.0005,77,145735,0.028554245180327096
UL_PUR,HUST,0.05,0.0005,77,145735,0.028557942115048883
UL_PUR,HUST,0.03,0.0005,77,145735,0.028551126703004477
UL_PUR,HUST,0.02,0.0005,77,145735,0.028489426962242652
UL_PUR,HUST,0.015,0.0005,77,145735,0.028394028483419907
UL_PUR,HUST,0.01,0.0005,77,145735,0.028213304326890853
UL_PUR,HUST,0.005,0.0005,77,145735,0.028126877397546254
UL_PUR,HUST,1.0,0.001,77,145735,0.028547567299596264
UL_PUR,HUST,0.5,0.001,77,145735,0.028567016441941557
UL_PUR,HUST,0.2,0.001,77,145735,0.028578408388081983
UL_PUR,HUST,0.1,0.001,77,145735,0.028577033353584982
UL_PUR,HUST,0.05,0.001,77,145735,0.028580103275575808
UL_PUR,HUST,0.03,0.001,77,145735,0.028571212341241076
UL_PUR,HUST,0.02,0.001,77,145735,0.028510136342096423
UL_PUR,HUST,0.015,0.001,77,145735,0.02841223105614231
UL_PUR,HUST,0.01,0.001,77,145735,0.02822747809824084
UL_PUR,HUST,0.005,0.001,77,145735,0.028142574405701986
UL_PUR,HUST,1.0,0.002,77,145735,0.02857622618437665
UL_PUR,HUST,0.5,0.002,77,145735,0.028594215757948883
UL_PUR,HUST,0.2,0.002,77,145735,0.028597922456323626
UL_PUR,HUST,0.1,0.002,77,145735,0.028592694483798118
UL_PUR,HUST,0.05,0.002,77,145735,0.028594412424717157
UL_PUR,HUST,0.03,0.002,77,145735,0.028583819657774626
UL_PUR,HUST,0.02,0.002,77,145735,0.028521586644124634
UL_PUR,HUST,0.015,0.002,77,145735,0.02842232030314441
UL_PUR,HUST,0.01,0.002,77,145735,0.0282364796949551
UL_PUR,HUST,0.005,0.002,77,145735,0.02815393265199943
UL_PUR,HUST,1.0,0.005,77,145735,0.028603223322212715
UL_PUR,HUST,0.5,0.005,77,145735,0.028613589033220446
UL_PUR,HUST,0.2,0.005,77,145735,0.02861181308778151
UL_PUR,HUST,0.1,0.005,77,145735,0.028604284892044637
UL_PUR,HUST,0.05,0.005,77,145735,0.028603406069328135
UL_PUR,HUST,0.03,0.005,77,145735,0.028591575986079056
UL_PUR,HUST,0.02,0.005,77,145735,0.028528668704011256
UL_PUR,HUST,0.015,0.005,77,145735,0.028429165256039095
UL_PUR,HUST,0.01,0.005,77,145735,0.028242820765019508
UL_PUR,HUST,0.005,0.005,77,145735,0.028160867866209017
UL_PUR,MATR,1.0,0.0,169,139148,0.05447790901369381
UL_PUR,MATR,0.5,0.0,169,139148,0.05336801847549913
UL_PUR,MATR,0.2,0.0,169,139148,0.0520302163118067
UL_PUR,MATR,0.1,0.0,169,139148,0.05088846474826472
UL_PUR,MATR,0.05,0.0,169,139148,0.049602416834014416
UL_PUR,MATR,0.03,0.0,169,139148,0.04847209775546486
UL_PUR,MATR,0.02,0.0,169,139148,0.04736883865772921
UL_PUR,MATR,0.015,0.0,169,139148,0.046407822486294825
UL_PUR,MATR,0.01,0.0,169,139148,0.044763267156095576
UL_PUR,MATR,0.005,0.0,169,139148,0.04155604931326452
UL_PUR,MATR,1.0,0.00025,169,139148,0.051963623639337105
UL_PUR,MATR,0.5,0.00025,169,139148,0.05086922233375064
UL_PUR,MATR,0.2,0.00025,169,139148,0.04955667984138068
UL_PUR,MATR,0.1,0.00025,169,139148,0.04859732766486482
UL_PUR,MATR,0.05,0.00025,169,139148,0.047544846237963935
UL_PUR,MATR,0.03,0.00025,169,139148,0.04661744622510692
UL_PUR,MATR,0.02,0.00025,169,139148,0.045657285362255835
UL_PUR,MATR,0.015,0.00025,169,139148,0.0447860578944579
UL_PUR,MATR,0.01,0.00025,169,139148,0.04324175834290529
UL_PUR,MATR,0.005,0.00025,169,139148,0.04006378118026924
UL_PUR,MATR,1.0,0.0005,169,139148,0.050964760583146425
UL_PUR,MATR,0.5,0.0005,169,139148,0.049874145641351605
UL_PUR,MATR,0.2,0.0005,169,139148,0.0486423216323448
UL_PUR,MATR,0.1,0.0005,169,139148,0.047753726372587874
UL_PUR,MATR,0.05,0.0005,169,139148,0.04677333712781895
UL_PUR,MATR,0.03,0.0005,169,139148,0.04589874728098009
UL_PUR,MATR,0.02,0.0005,169,139148,0.04501057030590489
UL_PUR,MATR,0.015,0.0005,169,139148,0.04419207863997561
UL_PUR,MATR,0.01,0.0005,169,139148,0.0426813235643016
UL_PUR,MATR,0.005,0.0005,169,139148,0.03950502141438125
UL_PUR,MATR,1.0,0.001,169,139148,0.04989082011821213
UL_PUR,MATR,0.5,0.001,169,139148,0.048839928720421005
UL_PUR,MATR,0.2,0.001,169,139148,0.04771177391550022
UL_PUR,MATR,0.1,0.001,169,139148,0.04687753249283541
UL_PUR,MATR,0.05,0.001,169,139148,0.04595316230507626
UL_PUR,MATR,0.03,0.001,169,139148,0.045162209985899496
UL_PUR,MATR,0.02,0.001,169,139148,0.04435143993484885
UL_PUR,MATR,0.015,0.001,169,139148,0.043575875349495766
UL_PUR,MATR,0.01,0.001,169,139148,0.042104675956378824
UL_PUR,MATR,0.005,0.001,169,139148,0.03893035232931115
UL_PUR,MATR,1.0,0.002,169,139148,0.04885278376435256
UL_PUR,MATR,0.5,0.002,169,139148,0.04787091022188515
UL_PUR,MATR,0.2,0.002,169,139148,0.04681731825760788
UL_PUR,MATR,0.1,0.002,169,139148,0.04601881617666779
UL_PUR,MATR,0.05,0.002,169,139148,0.045176828937273907
UL_PUR,MATR,0.03,0.002,169,139148,0.04447154832076619
UL_PUR,MATR,0.02,0.002,169,139148,0.04371313536922839
UL_PUR,MATR,0.015,0.002,169,139148,0.04296306927628856
UL_PUR,MATR,0.01,0.002,169,139148,0.041531145741891845
UL_PUR,MATR,0.005,0.002,169,139148,0.03836624518687741
UL_PUR,MATR,1.0,0.005,169,139148,0.047686920457573445
UL_PUR,MATR,0.5,0.005,169,139148,0.04680789280454147
UL_PUR,MATR,0.2,0.005,169,139148,0.04582860844385911
UL_PUR,MATR,0.1,0.005,169,139148,0.04512787117605917
UL_PUR,MATR,0.05,0.005,169,139148,0.044386516940414095
UL_PUR,MATR,0.03,0.005,169,139148,0.043719882012491114
UL_PUR,MATR,0.02,0.005,169,139148,0.042986870298539856
UL_PUR,MATR,0.015,0.005,169,139148,0.042260033226418504
UL_PUR,MATR,0.01,0.005,169,139148,0.04086011748591074
UL_PUR,MATR,0.005,0.005,169,139148,0.03769930980221671
UL_PUR,MICH,1.0,0.0,40,19681,0.0840633485208329
UL_PUR,MICH,0.5,0.0,40,19681,0.08461556030834053
UL_PUR,MICH,0.2,0.0,40,19681,0.08616445736166695
UL_PUR,MICH,0.1,0.0,40,19681,0.0883604187465875
UL_PUR,MICH,0.05,0.0,40,19681,0.0913442571868882
UL_PUR,MICH,0.03,0.0,40,19681,0.09362429940832726
UL_PUR,MICH,0.02,0.0,40,19681,0.09537216719524065
UL_PUR,MICH,0.015,0.0,40,19681,0.09668909815580498
UL_PUR,MICH,0.01,0.0,40,19681,0.09920200093257361
UL_PUR,MICH,0.005,0.0,40,19681,0.10865385661313558
UL_PUR,MICH,1.0,0.00025,40,19681,0.08496300447698783
UL_PUR,MICH,0.5,0.00025,40,19681,0.08559504812199836
UL_PUR,MICH,0.2,0.00025,40,19681,0.08713428265527241
UL_PUR,MICH,0.1,0.00025,40,19681,0.08933087417598082
UL_PUR,MICH,0.05,0.00025,40,19681,0.09232801487633367
UL_PUR,MICH,0.03,0.00025,40,19681,0.09450442403121254
UL_PUR,MICH,0.02,0.00025,40,19681,0.09600946048744192
UL_PUR,MICH,0.015,0.00025,40,19681,0.09708129902309931
UL_PUR,MICH,0.01,0.00025,40,19681,0.09924223063219985
UL_PUR,MICH,0.005,0.00025,40,19681,0.1085350562893018
UL_PUR,MICH,1.0,0.0005,40,19681,0.08541334059770647
UL_PUR,MICH,0.5,0.0005,40,19681,0.08605313006688689
UL_PUR,MICH,0.2,0.0005,40,19681,0.08756117178248798
UL_PUR,MICH,0.1,0.0005,40,19681,0.0897485216693815
UL_PUR,MICH,0.05,0.0005,40,19681,0.09270590873144643
UL_PUR,MICH,0.03,0.0005,40,19681,0.09483170891081943
UL_PUR,MICH,0.02,0.0005,40,19681,0.09627163560538132
UL_PUR,MICH,0.015,0.0005,40,19681,0.09727215159055033
UL_PUR,MICH,0.01,0.0005,40,19681,0.09929541017312996
UL_PUR,MICH,0.005,0.0005,40,19681,0.10851020853542084
UL_PUR,MICH,1.0,0.001,40,19681,0.08587149332135081
UL_PUR,MICH,0.5,0.001,40,19681,0.08644750726082628
UL_PUR,MICH,0.2,0.001,40,19681,0.08794619196254765
UL_PUR,MICH,0.1,0.001,40,19681,0.09010549352282013
UL_PUR,MICH,0.05,0.001,40,19681,0.09301435185670318
UL_PUR,MICH,0.03,0.001,40,19681,0.09510730455525515
UL_PUR,MICH,0.02,0.001,40,19681,0.09651534421142954
UL_PUR,MICH,0.015,0.001,40,19681,0.09745440788993093
UL_PUR,MICH,0.01,0.001,40,19681,0.09933952892253942
UL_PUR,MICH,0.005,0.001,40,19681,0.10847721619323321
UL_PUR,MICH,1.0,0.002,40,19681,0.08620919109419159
UL_PUR,MICH,0.5,0.002,40,19681,0.0867485358740224
UL_PUR,MICH,0.2,0.002,40,19681,0.08823854284345711
UL_PUR,MICH,0.1,0.002,40,19681,0.09037990004675421
UL_PUR,MICH,0.05,0.002,40,19681,0.09324505282547683
UL_PUR,MICH,0.03,0.002,40,19681,0.0953294366115319
UL_PUR,MICH,0.02,0.002,40,19681,0.09672246594591763
UL_PUR,MICH,0.015,0.002,40,19681,0.09762915386115856
UL_PUR,MICH,0.01,0.002,40,19681,0.09940051469609566
UL_PUR,MICH,0.005,0.002,40,19681,0.10847890417185461
UL_PUR,MICH,1.0,0.005,40,19681,0.08646295365869039
UL_PUR,MICH,0.5,0.005,40,19681,0.08698111811178472
UL_PUR,MICH,0.2,0.005,40,19681,0.08847812311770072
UL_PUR,MICH,0.1,0.005,40,19681,0.09060127372789431
UL_PUR,MICH,0.05,0.005,40,19681,0.09339757627387305
UL_PUR,MICH,0.03,0.005,40,19681,0.09549716656441412
UL_PUR,MICH,0.02,0.005,40,19681,0.09686432923785168
UL_PUR,MICH,0.015,0.005,40,19681,0.09775928995784346
UL_PUR,MICH,0.01,0.005,40,19681,0.0994509014870994
UL_PUR,MICH,0.005,0.005,40,19681,0.10847587269855008
UL_PUR,MICH_EXP,1.0,0.0,18,6455,0.2038810040297589
UL_PUR,MICH_EXP,0.5,0.0,18,6455,0.14522651649905646
UL_PUR,MICH_EXP,0.2,0.0,18,6455,0.10667865136769922
UL_PUR,MICH_EXP,0.1,0.0,18,6455,0.09570937142815363
UL_PUR,MICH_EXP,0.05,0.0,18,6455,0.09155137558437569
UL_PUR,MICH_EXP,0.03,0.0,18,6455,0.08914840344785877
UL_PUR,MICH_EXP,0.02,0.0,18,6455,0.08726226801141596
UL_PUR,MICH_EXP,0.015,0.0,18,6455,0.08630029029133801
UL_PUR,MICH_EXP,0.01,0.0,18,6455,0.08524018006801277
UL_PUR,MICH_EXP,0.005,0.0,18,6455,0.08725162430731628
UL_PUR,MICH_EXP,1.0,0.00025,18,6455,0.19638737987262958
UL_PUR,MICH_EXP,0.5,0.00025,18,6455,0.1371216866702376
UL_PUR,MICH_EXP,0.2,0.00025,18,6455,0.10044604648945402
UL_PUR,MICH_EXP,0.1,0.00025,18,6455,0.09341385505222322
UL_PUR,MICH_EXP,0.05,0.00025,18,6455,0.09056586471704825
UL_PUR,MICH_EXP,0.03,0.00025,18,6455,0.08857649718212098
UL_PUR,MICH_EXP,0.02,0.00025,18,6455,0.0869448942388501
UL_PUR,MICH_EXP,0.015,0.00025,18,6455,0.08606025378401627
UL_PUR,MICH_EXP,0.01,0.00025,18,6455,0.08505003106817231
UL_PUR,MICH_EXP,0.005,0.00025,18,6455,0.08701319022252897
UL_PUR,MICH_EXP,1.0,0.0005,18,6455,0.18854663749108833
UL_PUR,MICH_EXP,0.5,0.0005,18,6455,0.1285859757383968
UL_PUR,MICH_EXP,0.2,0.0005,18,6455,0.0976646914404613
UL_PUR,MICH_EXP,0.1,0.0005,18,6455,0.09257106012576374
UL_PUR,MICH_EXP,0.05,0.0005,18,6455,0.09007742768641544
UL_PUR,MICH_EXP,0.03,0.0005,18,6455,0.08830455499279902
UL_PUR,MICH_EXP,0.02,0.0005,18,6455,0.08673125762220124
UL_PUR,MICH_EXP,0.015,0.0005,18,6455,0.08584100418959334
UL_PUR,MICH_EXP,0.01,0.0005,18,6455,0.08479493674407865
UL_PUR,MICH_EXP,0.005,0.0005,18,6455,0.08675629432317113
UL_PUR,MICH_EXP,1.0,0.001,18,6455,0.1726461542545736
UL_PUR,MICH_EXP,0.5,0.001,18,6455,0.11601149906445099
UL_PUR,MICH_EXP,0.2,0.001,18,6455,0.09545943741099892
UL_PUR,MICH_EXP,0.1,0.001,18,6455,0.09157711004521046
UL_PUR,MICH_EXP,0.05,0.001,18,6455,0.08953145923455098
UL_PUR,MICH_EXP,0.03,0.001,18,6455,0.08790823202397352
UL_PUR,MICH_EXP,0.02,0.001,18,6455,0.08631444903154976
UL_PUR,MICH_EXP,0.015,0.001,18,6455,0.08535756768474724
UL_PUR,MICH_EXP,0.01,0.001,18,6455,0.08421930145644292
UL_PUR,MICH_EXP,0.005,0.001,18,6455,0.08626456475317466
UL_PUR,MICH_EXP,1.0,0.002,18,6455,0.14568221885440497
UL_PUR,MICH_EXP,0.5,0.002,18,6455,0.10684938106349386
UL_PUR,MICH_EXP,0.2,0.002,18,6455,0.09341147873205102
UL_PUR,MICH_EXP,0.1,0.002,18,6455,0.0907476842838651
UL_PUR,MICH_EXP,0.05,0.002,18,6455,0.089042710571415
UL_PUR,MICH_EXP,0.03,0.002,18,6455,0.08747331587560231
UL_PUR,MICH_EXP,0.02,0.002,18,6455,0.08572428800527425
UL_PUR,MICH_EXP,0.015,0.002,18,6455,0.08465373064731126
UL_PUR,MICH_EXP,0.01,0.002,18,6455,0.083466274069291
UL_PUR,MICH_EXP,0.005,0.002,18,6455,0.08574316600045793
UL_PUR,MICH_EXP,1.0,0.005,18,6455,0.11943010929144177
UL_PUR,MICH_EXP,0.5,0.005,18,6455,0.0986282735268166
UL_PUR,MICH_EXP,0.2,0.005,18,6455,0.09155970900017917
UL_PUR,MICH_EXP,0.1,0.005,18,6455,0.08991521898914472
UL_PUR,MICH_EXP,0.05,0.005,18,6455,0.08826910886861282
UL_PUR,MICH_EXP,0.03,0.005,18,6455,0.0864231367015651
UL_PUR,MICH_EXP,0.02,0.005,18,6455,0.08439143392420977
UL_PUR,MICH_EXP,0.015,0.005,18,6455,0.08323869867409
UL_PUR,MICH_EXP,0.01,0.005,18,6455,0.0821757966469256
UL_PUR,MICH_EXP,0.005,0.005,18,6455,0.08499689398625096
UL_PUR,RWTH,1.0,0.0,48,105140,0.16283494961459688
UL_PUR,RWTH,0.5,0.0,48,105140,0.16268617530967464
UL_PUR,RWTH,0.2,0.0,48,105140,0.16246860421141104
UL_PUR,RWTH,0.1,0.0,48,105140,0.16223015504931274
UL_PUR,RWTH,0.05,0.0,48,105140,0.16178928010023466
UL_PUR,RWTH,0.03,0.0,48,105140,0.16119588868441703
UL_PUR,RWTH,0.02,0.0,48,105140,0.16042135248335582
UL_PUR,RWTH,0.015,0.0,48,105140,0.1596325432060351
UL_PUR,RWTH,0.01,0.0,48,105140,0.15808378047578012
UL_PUR,RWTH,0.005,0.0,48,105140,0.1545639584073027
UL_PUR,RWTH,1.0,0.00025,48,105140,0.16293093132797576
UL_PUR,RWTH,0.5,0.00025,48,105140,0.16286284798317888
UL_PUR,RWTH,0.2,0.00025,48,105140,0.16276318241528756
UL_PUR,RWTH,0.1,0.00025,48,105140,0.16258562408022356
UL_PUR,RWTH,0.05,0.00025,48,105140,0.16216341074119636
UL_PUR,RWTH,0.03,0.00025,48,105140,0.1615280562729371
UL_PUR,RWTH,0.02,0.00025,48,105140,0.16070749528078934
UL_PUR,RWTH,0.015,0.00025,48,105140,0.1598804984277538
UL_PUR,RWTH,0.01,0.00025,48,105140,0.1583206419737783
UL_PUR,RWTH,0.005,0.00025,48,105140,0.15464574101231648
UL_PUR,RWTH,1.0,0.0005,48,105140,0.16294601336320796
UL_PUR,RWTH,0.5,0.0005,48,105140,0.16289913103639433
UL_PUR,RWTH,0.2,0.0005,48,105140,0.16282144511301236
UL_PUR,RWTH,0.1,0.0005,48,105140,0.16265559417712103
UL_PUR,RWTH,0.05,0.0005,48,105140,0.16224231072247652
UL_PUR,RWTH,0.03,0.0005,48,105140,0.16161390534069509
UL_PUR,RWTH,0.02,0.0005,48,105140,0.16079844600957466
UL_PUR,RWTH,0.015,0.0005,48,105140,0.15997920168112056
UL_PUR,RWTH,0.01,0.0005,48,105140,0.15841563714131665
UL_PUR,RWTH,0.005,0.0005,48,105140,0.154720842515334
UL_PUR,RWTH,1.0,0.001,48,105140,0.16295735491813937
UL_PUR,RWTH,0.5,0.001,48,105140,0.16293236587411775
UL_PUR,RWTH,0.2,0.001,48,105140,0.16287429735053513
UL_PUR,RWTH,0.1,0.001,48,105140,0.16272341504363694
UL_PUR,RWTH,0.05,0.001,48,105140,0.1623241827889301
UL_PUR,RWTH,0.03,0.001,48,105140,0.16170447004731162
UL_PUR,RWTH,0.02,0.001,48,105140,0.16090667398823924
UL_PUR,RWTH,0.015,0.001,48,105140,0.1601026899484451
UL_PUR,RWTH,0.01,0.001,48,105140,0.1585461072150859
UL_PUR,RWTH,0.005,0.001,48,105140,0.15486678223677144
UL_PUR,RWTH,1.0,0.002,48,105140,0.16298107630095351
UL_PUR,RWTH,0.5,0.002,48,105140,0.16297131996480504
UL_PUR,RWTH,0.2,0.002,48,105140,0.16292808156718622
UL_PUR,RWTH,0.1,0.002,48,105140,0.16278986393261693
UL_PUR,RWTH,0.05,0.002,48,105140,0.1624113933529098
UL_PUR,RWTH,0.03,0.002,48,105140,0.1618130682495035
UL_PUR,RWTH,0.02,0.002,48,105140,0.16104585516422404
UL_PUR,RWTH,0.015,0.002,48,105140,0.1602700607640227
UL_PUR,RWTH,0.01,0.002,48,105140,0.15874728043580766
UL_PUR,RWTH,0.005,0.002,48,105140,0.1551423635113838
UL_PUR,RWTH,1.0,0.005,48,105140,0.1630273665394472
UL_PUR,RWTH,0.5,0.005,48,105140,0.16302865750063347
UL_PUR,RWTH,0.2,0.005,48,105140,0.16299881390827425
UL_PUR,RWTH,0.1,0.005,48,105140,0.16288947003622437
UL_PUR,RWTH,0.05,0.005,48,105140,0.16256439158723626
UL_PUR,RWTH,0.03,0.005,48,105140,0.16202405631626088
UL_PUR,RWTH,0.02,0.005,48,105140,0.1613399584998274
UL_PUR,RWTH,0.015,0.005,48,105140,0.1606306997215057
UL_PUR,RWTH,0.01,0.005,48,105140,0.1591909671801391
UL_PUR,RWTH,0.005,0.005,48,105140,0.1556436164717736
UL_PUR,SDU,1.0,0.0,86,48716,0.09082456540979457
UL_PUR,SDU,0.5,0.0,86,48716,0.08948733289058122
UL_PUR,SDU,0.2,0.0,86,48716,0.0874986528478068
UL_PUR,SDU,0.1,0.0,86,48716,0.08553128165698756
UL_PUR,SDU,0.05,0.0,86,48716,0.08273869616814847
UL_PUR,SDU,0.03,0.0,86,48716,0.07980354860831533
UL_PUR,SDU,0.02,0.0,86,48716,0.07650488181908495
UL_PUR,SDU,0.015,0.0,86,48716,0.07355326936187745
UL_PUR,SDU,0.01,0.0,86,48716,0.06854153884948103
UL_PUR,SDU,0.005,0.0,86,48716,0.057246935635279876
UL_PUR,SDU,1.0,0.00025,86,48716,0.09026018089396345
UL_PUR,SDU,0.5,0.00025,86,48716,0.08892461368361863
UL_PUR,SDU,0.2,0.00025,86,48716,0.087013244836473
UL_PUR,SDU,0.1,0.00025,86,48716,0.08519947054776808
UL_PUR,SDU,0.05,0.00025,86,48716,0.0825070542609806
UL_PUR,SDU,0.03,0.00025,86,48716,0.0796075189744995
UL_PUR,SDU,0.02,0.00025,86,48716,0.07634220844057632
UL_PUR,SDU,0.015,0.00025,86,48716,0.07341987674065353
UL_PUR,SDU,0.01,0.00025,86,48716,0.06845796308624445
UL_PUR,SDU,0.005,0.00025,86,48716,0.0574233159620312
UL_PUR,SDU,1.0,0.0005,86,48716,0.08984342636110881
UL_PUR,SDU,0.5,0.0005,86,48716,0.08845281006183506
UL_PUR,SDU,0.2,0.0005,86,48716,0.08668838323892199
UL_PUR,SDU,0.1,0.0005,86,48716,0.08498116632198477
UL_PUR,SDU,0.05,0.0005,86,48716,0.08230322440241516
UL_PUR,SDU,0.03,0.0005,86,48716,0.07939765441527351
UL_PUR,SDU,0.02,0.0005,86,48716,0.07615516168098449
UL_PUR,SDU,0.015,0.0005,86,48716,0.07325175190356184
UL_PUR,SDU,0.01,0.0005,86,48716,0.06831837007005569
UL_PUR,SDU,0.005,0.0005,86,48716,0.05755365064672994
UL_PUR,SDU,1.0,0.001,86,48716,0.08903659126021952
UL_PUR,SDU,0.5,0.001,86,48716,0.08769023537404369
UL_PUR,SDU,0.2,0.001,86,48716,0.08617169551276632
UL_PUR,SDU,0.1,0.001,86,48716,0.08452465033589941
UL_PUR,SDU,0.05,0.001,86,48716,0.08183845239282235
UL_PUR,SDU,0.03,0.001,86,48716,0.07893463263889788
UL_PUR,SDU,0.02,0.001,86,48716,0.07574570861803728
UL_PUR,SDU,0.015,0.001,86,48716,0.07287763445389353
UL_PUR,SDU,0.01,0.001,86,48716,0.06805058582732879
UL_PUR,SDU,0.005,0.001,86,48716,0.05776191808987204
UL_PUR,SDU,1.0,0.002,86,48716,0.08795876827191673
UL_PUR,SDU,0.5,0.002,86,48716,0.08676487633081852
UL_PUR,SDU,0.2,0.002,86,48716,0.08539523664030832
UL_PUR,SDU,0.1,0.002,86,48716,0.0836726484497515
UL_PUR,SDU,0.05,0.002,86,48716,0.08086639742610775
UL_PUR,SDU,0.03,0.002,86,48716,0.07796422953204434
UL_PUR,SDU,0.02,0.002,86,48716,0.07484771753940844
UL_PUR,SDU,0.015,0.002,86,48716,0.07209745444986992
UL_PUR,SDU,0.01,0.002,86,48716,0.0676152818254026
UL_PUR,SDU,0.005,0.002,86,48716,0.0576672579746516
UL_PUR,SDU,1.0,0.005,86,48716,0.08684388416211684
UL_PUR,SDU,0.5,0.005,86,48716,0.08581277243205133
UL_PUR,SDU,0.2,0.005,86,48716,0.08423435252482997
UL_PUR,SDU,0.1,0.005,86,48716,0.08216852412125837
UL_PUR,SDU,0.05,0.005,86,48716,0.07912815923246802
UL_PUR,SDU,0.03,0.005,86,48716,0.0763970293260418
UL_PUR,SDU,0.02,0.005,86,48716,0.07371692230895188
UL_PUR,SDU,0.015,0.005,86,48716,0.0713188451460681
UL_PUR,SDU,0.01,0.005,86,48716,0.06700792799833384
UL_PUR,SDU,0.005,0.005,86,48716,0.05711219292088093
UL_PUR,SNL,1.0,0.0,61,96092,0.054837624620690466
UL_PUR,SNL,0.5,0.0,61,96092,0.055064741887367215
UL_PUR,SNL,0.2,0.0,61,96092,0.05557067264828205
UL_PUR,SNL,0.1,0.0,61,96092,0.05620902604108562
UL_PUR,SNL,0.05,0.0,61,96092,0.05717378194183072
UL_PUR,SNL,0.03,0.0,61,96092,0.05831840854005851
UL_PUR,SNL,0.02,0.0,61,96092,0.059615868330095814
UL_PUR,SNL,0.015,0.0,61,96092,0.06078614073856493
UL_PUR,SNL,0.01,0.0,61,96092,0.06291407100646948
UL_PUR,SNL,0.005,0.0,61,96092,0.06806329351071423
UL_PUR,SNL,1.0,0.00025,61,96092,0.056018389084805865
UL_PUR,SNL,0.5,0.00025,61,96092,0.05647637025856627
UL_PUR,SNL,0.2,0.00025,61,96092,0.057099119480914375
UL_PUR,SNL,0.1,0.00025,61,96092,0.0577329303461644
UL_PUR,SNL,0.05,0.00025,61,96092,0.05864871651708634
UL_PUR,SNL,0.03,0.00025,61,96092,0.05973050264059972
UL_PUR,SNL,0.02,0.00025,61,96092,0.06096549686781284
UL_PUR,SNL,0.015,0.00025,61,96092,0.06208925247270191
UL_PUR,SNL,0.01,0.00025,61,96092,0.0641277878460813
UL_PUR,SNL,0.005,0.00025,61,96092,0.06902166953448995
UL_PUR,SNL,1.0,0.0005,61,96092,0.056655999713961756
UL_PUR,SNL,0.5,0.0005,61,96092,0.05703575414438242
UL_PUR,SNL,0.2,0.0005,61,96092,0.05756937523267478
UL_PUR,SNL,0.1,0.0005,61,96092,0.05814093679388125
UL_PUR,SNL,0.05,0.0005,61,96092,0.059028219991307744
UL_PUR,SNL,0.03,0.0005,61,96092,0.060105530523173196
UL_PUR,SNL,0.02,0.0005,61,96092,0.06134531279629145
UL_PUR,SNL,0.015,0.0005,61,96092,0.062482813607236676
UL_PUR,SNL,0.01,0.0005,61,96092,0.06453352518334696
UL_PUR,SNL,0.005,0.0005,61,96092,0.06938265174937193
UL_PUR,SNL,1.0,0.001,61,96092,0.05706929343414543
UL_PUR,SNL,0.5,0.001,61,96092,0.05737562191883816
UL_PUR,SNL,0.2,0.001,61,96092,0.0578477788301987
UL_PUR,SNL,0.1,0.001,61,96092,0.05838160488548107
UL_PUR,SNL,0.05,0.001,61,96092,0.059253586838850646
UL_PUR,SNL,0.03,0.001,61,96092,0.06033459402115977
UL_PUR,SNL,0.02,0.001,61,96092,0.061613912097925674
UL_PUR,SNL,0.015,0.001,61,96092,0.0627535678886401
UL_PUR,SNL,0.01,0.001,61,96092,0.06483434228170495
UL_PUR,SNL,0.005,0.001,61,96092,0.06967996336108334
UL_PUR,SNL,1.0,0.002,61,96092,0.05734144947017986
UL_PUR,SNL,0.5,0.002,61,96092,0.05760008888699276
UL_PUR,SNL,0.2,0.002,61,96092,0.05803083328770693
UL_PUR,SNL,0.1,0.002,61,96092,0.05855469816673121
UL_PUR,SNL,0.05,0.002,61,96092,0.05944297674117737
UL_PUR,SNL,0.03,0.002,61,96092,0.060568662993765336
UL_PUR,SNL,0.02,0.002,61,96092,0.06188082785522439
UL_PUR,SNL,0.015,0.002,61,96092,0.06304739080918999
UL_PUR,SNL,0.01,0.002,61,96092,0.06518037985988889
UL_PUR,SNL,0.005,0.002,61,96092,0.07001619042124105
UL_PUR,SNL,1.0,0.005,61,96092,0.05753840848829676
UL_PUR,SNL,0.5,0.005,61,96092,0.05776068507154334
UL_PUR,SNL,0.2,0.005,61,96092,0.05818055690242358
UL_PUR,SNL,0.1,0.005,61,96092,0.058727256440565305
UL_PUR,SNL,0.05,0.005,61,96092,0.05969521327573231
UL_PUR,SNL,0.03,0.005,61,96092,0.06091123524748336
UL_PUR,SNL,0.02,0.005,61,96092,0.062287037406932824
UL_PUR,SNL,0.015,0.005,61,96092,0.06351940061754947
UL_PUR,SNL,0.01,0.005,61,96092,0.06574123859324311
UL_PUR,SNL,0.005,0.005,61,96092,0.07056197647314699
UL_PUR,XJTU,1.0,0.0,23,6823,0.15577544828096454
UL_PUR,XJTU,0.5,0.0,23,6823,0.15453098827005143
UL_PUR,XJTU,0.2,0.0,23,6823,0.15207173689723333
UL_PUR,XJTU,0.1,0.0,23,6823,0.14888302583792576
UL_PUR,XJTU,0.05,0.0,23,6823,0.14337566986814562
UL_PUR,XJTU,0.03,0.0,23,6823,0.1368126505094993
UL_PUR,XJTU,0.02,0.0,23,6823,0.1296746342604787
UL_PUR,XJTU,0.015,0.0,23,6823,0.12364000512283152
UL_PUR,XJTU,0.01,0.0,23,6823,0.1142645911314941
UL_PUR,XJTU,0.005,0.0,23,6823,0.09887882598316348
UL_PUR,XJTU,1.0,0.00025,23,6823,0.15392281225733978
UL_PUR,XJTU,0.5,0.00025,23,6823,0.15272904284209216
UL_PUR,XJTU,0.2,0.00025,23,6823,0.15042169281955553
UL_PUR,XJTU,0.1,0.00025,23,6823,0.1474124001609391
UL_PUR,XJTU,0.05,0.00025,23,6823,0.14205264486812386
UL_PUR,XJTU,0.03,0.00025,23,6823,0.13555583209546973
UL_PUR,XJTU,0.02,0.00025,23,6823,0.12844850300969574
UL_PUR,XJTU,0.015,0.00025,23,6823,0.12233114741893188
UL_PUR,XJTU,0.01,0.00025,23,6823,0.11269506859458855
UL_PUR,XJTU,0.005,0.00025,23,6823,0.09672336245592003
UL_PUR,XJTU,1.0,0.0005,23,6823,0.1529904860639933
UL_PUR,XJTU,0.5,0.0005,23,6823,0.15184639907147215
UL_PUR,XJTU,0.2,0.0005,23,6823,0.14960180320326993
UL_PUR,XJTU,0.1,0.0005,23,6823,0.14662863556848355
UL_PUR,XJTU,0.05,0.0005,23,6823,0.14125105679160233
UL_PUR,XJTU,0.03,0.0005,23,6823,0.13472287683478462
UL_PUR,XJTU,0.02,0.0005,23,6823,0.1275761528868106
UL_PUR,XJTU,0.015,0.0005,23,6823,0.12137511597592728
UL_PUR,XJTU,0.01,0.0005,23,6823,0.11154600852171992
UL_PUR,XJTU,0.005,0.0005,23,6823,0.09523672267111945
UL_PUR,XJTU,1.0,0.001,23,6823,0.15196895448072054
UL_PUR,XJTU,0.5,0.001,23,6823,0.15088731020285334
UL_PUR,XJTU,0.2,0.001,23,6823,0.14875154145011005
UL_PUR,XJTU,0.1,0.001,23,6823,0.14581939641742822
UL_PUR,XJTU,0.05,0.001,23,6823,0.14044827615757213
UL_PUR,XJTU,0.03,0.001,23,6823,0.13390359925581305
UL_PUR,XJTU,0.02,0.001,23,6823,0.12670793381536957
UL_PUR,XJTU,0.015,0.001,23,6823,0.12046512393476046
UL_PUR,XJTU,0.01,0.001,23,6823,0.11049916482031158
UL_PUR,XJTU,0.005,0.001,23,6823,0.09396494829163282
UL_PUR,XJTU,1.0,0.002,23,6823,0.15120239332411112
UL_PUR,XJTU,0.5,0.002,23,6823,0.15021360511240078
UL_PUR,XJTU,0.2,0.002,23,6823,0.14815073963230493
UL_PUR,XJTU,0.1,0.002,23,6823,0.14523628822790197
UL_PUR,XJTU,0.05,0.002,23,6823,0.13986440713516463
UL_PUR,XJTU,0.03,0.002,23,6823,0.13331709486740742
UL_PUR,XJTU,0.02,0.002,23,6823,0.12610288913810533
UL_PUR,XJTU,0.015,0.002,23,6823,0.1198532243834679
UL_PUR,XJTU,0.01,0.002,23,6823,0.10983985060587968
UL_PUR,XJTU,0.005,0.002,23,6823,0.09315166651729465
UL_PUR,XJTU,1.0,0.005,23,6823,0.15063960493863054
UL_PUR,XJTU,0.5,0.005,23,6823,0.14971559703221785
UL_PUR,XJTU,0.2,0.005,23,6823,0.14766899272579154
UL_PUR,XJTU,0.1,0.005,23,6823,0.14477822281081265
UL_PUR,XJTU,0.05,0.005,23,6823,0.13940051297629258
UL_PUR,XJTU,0.03,0.005,23,6823,0.13282034353674738
UL_PUR,XJTU,0.02,0.005,23,6823,0.12552140884627663
UL_PUR,XJTU,0.015,0.005,23,6823,0.11921240811066801
UL_PUR,XJTU,0.01,0.005,23,6823,0.10912302044518017
UL_PUR,XJTU,0.005,0.005,23,6823,0.0923726664932768
XJTU,CALB,1.0,0.0,27,2629,0.061256823188724656
XJTU,CALB,0.5,0.0,27,2629,0.0603905854561796
XJTU,CALB,0.2,0.0,27,2629,0.058876443354171346
XJTU,CALB,0.1,0.0,27,2629,0.05716477890530792
XJTU,CALB,0.05,0.0,27,2629,0.054689084817692774
XJTU,CALB,0.03,0.0,27,2629,0.05253861013085299
XJTU,CALB,0.02,0.0,27,2629,0.05091685424161162
XJTU,CALB,0.015,0.0,27,2629,0.049915925118520305
XJTU,CALB,0.01,0.0,27,2629,0.04870442820469078
XJTU,CALB,0.005,0.0,27,2629,0.04720124139626299
XJTU,CALB,1.0,0.00025,27,2629,0.060322796171067054
XJTU,CALB,0.5,0.00025,27,2629,0.05949507182262871
XJTU,CALB,0.2,0.00025,27,2629,0.05804069421651264
XJTU,CALB,0.1,0.00025,27,2629,0.056230933368246305
XJTU,CALB,0.05,0.00025,27,2629,0.053539644830887315
XJTU,CALB,0.03,0.00025,27,2629,0.051173074500938456
XJTU,CALB,0.02,0.00025,27,2629,0.04937998863100343
XJTU,CALB,0.015,0.00025,27,2629,0.048264658126767425
XJTU,CALB,0.01,0.00025,27,2629,0.04691648314461697
XJTU,CALB,0.005,0.00025,27,2629,0.04525393697977765
XJTU,CALB,1.0,0.0005,27,2629,0.05985610755595713
XJTU,CALB,0.5,0.0005,27,2629,0.05906346993140131
XJTU,CALB,0.2,0.0005,27,2629,0.057642616113875174
XJTU,CALB,0.1,0.0005,27,2629,0.055781142705859384
XJTU,CALB,0.05,0.0005,27,2629,0.052991023018339786
XJTU,CALB,0.03,0.0005,27,2629,0.05050345988220285
XJTU,CALB,0.02,0.0005,27,2629,0.04860863517901417
XJTU,CALB,0.015,0.0005,27,2629,0.047438567085382514
XJTU,CALB,0.01,0.0005,27,2629,0.04602234589359267
XJTU,CALB,0.005,0.0005,27,2629,0.044264826274059116
XJTU,CALB,1.0,0.001,27,2629,0.05943125132172646
XJTU,CALB,0.5,0.001,27,2629,0.058693835612973616
XJTU,CALB,0.2,0.001,27,2629,0.05728749733298732
XJTU,CALB,0.1,0.001,27,2629,0.05541173484329174
XJTU,CALB,0.05,0.001,27,2629,0.052575029861033816
XJTU,CALB,0.03,0.001,27,2629,0.05001954989593997
XJTU,CALB,0.02,0.001,27,2629,0.04808172091573421
XJTU,CALB,0.015,0.001,27,2629,0.0468656942012904
XJTU,CALB,0.01,0.001,27,2629,0.045404204773409555
XJTU,CALB,0.005,0.001,27,2629,0.043591314048060985
XJTU,CALB,1.0,0.002,27,2629,0.0591399320788633
XJTU,CALB,0.5,0.002,27,2629,0.058453821021055986
XJTU,CALB,0.2,0.002,27,2629,0.05707359243575559
XJTU,CALB,0.1,0.002,27,2629,0.055218067831124956
XJTU,CALB,0.05,0.002,27,2629,0.05236403036228581
XJTU,CALB,0.03,0.002,27,2629,0.04980596544992061
XJTU,CALB,0.02,0.002,27,2629,0.047846373479843676
XJTU,CALB,0.015,0.002,27,2629,0.04661127495670813
XJTU,CALB,0.01,0.002,27,2629,0.04513405383309724
XJTU,CALB,0.005,0.002,27,2629,0.0432886025101799
XJTU,CALB,1.0,0.005,27,2629,0.05894783112047279
XJTU,CALB,0.5,0.005,27,2629,0.058290130353730714
XJTU,CALB,0.2,0.005,27,2629,0.05693646468736411
XJTU,CALB,0.1,0.005,27,2629,0.05508345571113433
XJTU,CALB,0.05,0.005,27,2629,0.05224342716203249
XJTU,CALB,0.03,0.005,27,2629,0.04966523953409333
XJTU,CALB,0.02,0.005,27,2629,0.047694807654779674
XJTU,CALB,0.015,0.005,27,2629,0.04646327648265625
XJTU,CALB,0.01,0.005,27,2629,0.04497284020094039
XJTU,CALB,0.005,0.005,27,2629,0.04313146749689921
XJTU,CALCE,1.0,0.0,13,14233,0.4429321637493106
XJTU,CALCE,0.5,0.0,13,14233,0.2951079893520819
XJTU,CALCE,0.2,0.0,13,14233,0.13867761572503448
XJTU,CALCE,0.1,0.0,13,14233,0.07761051958582418
XJTU,CALCE,0.05,0.0,13,14233,0.055751890476778115
XJTU,CALCE,0.03,0.0,13,14233,0.050168313982780585
XJTU,CALCE,0.02,0.0,13,14233,0.04813340033837597
XJTU,CALCE,0.015,0.0,13,14233,0.04744675138449468
XJTU,CALCE,0.01,0.0,13,14233,0.04724227753474673
XJTU,CALCE,0.005,0.0,13,14233,0.05475931285962675
XJTU,CALCE,1.0,0.00025,13,14233,0.3828340810690181
XJTU,CALCE,0.5,0.00025,13,14233,0.23975552353052446
XJTU,CALCE,0.2,0.00025,13,14233,0.10125220747493545
XJTU,CALCE,0.1,0.00025,13,14233,0.060561750934928354
XJTU,CALCE,0.05,0.00025,13,14233,0.049156718329181635
XJTU,CALCE,0.03,0.00025,13,14233,0.04696703367121308
XJTU,CALCE,0.02,0.00025,13,14233,0.04644545667316179
XJTU,CALCE,0.015,0.00025,13,14233,0.04631058787989897
XJTU,CALCE,0.01,0.00025,13,14233,0.046649416923104474
XJTU,CALCE,0.005,0.00025,13,14233,0.055185752384072875
XJTU,CALCE,1.0,0.0005,13,14233,0.34006572148558945
XJTU,CALCE,0.5,0.0005,13,14233,0.20261772965753172
XJTU,CALCE,0.2,0.0005,13,14233,0.08116906368526647
XJTU,CALCE,0.1,0.0005,13,14233,0.0546948534411872
XJTU,CALCE,0.05,0.0005,13,14233,0.04723625351587504
XJTU,CALCE,0.03,0.0005,13,14233,0.04606677928254802
XJTU,CALCE,0.02,0.0005,13,14233,0.04596885419750388
XJTU,CALCE,0.015,0.0005,13,14233,0.04604833140256203
XJTU,CALCE,0.01,0.0005,13,14233,0.046685939645766096
XJTU,CALCE,0.005,0.0005,13,14233,0.05559825926471926
XJTU,CALCE,1.0,0.001,13,14233,0.28293809430564854
XJTU,CALCE,0.5,0.001,13,14233,0.15258643018723828
XJTU,CALCE,0.2,0.001,13,14233,0.06594234378699883
XJTU,CALCE,0.1,0.001,13,14233,0.0501999311422024
XJTU,CALCE,0.05,0.001,13,14233,0.045800018520410206
XJTU,CALCE,0.03,0.001,13,14233,0.04543605702266861
XJTU,CALCE,0.02,0.001,13,14233,0.04571607432686824
XJTU,CALCE,0.015,0.001,13,14233,0.0460042913380203
XJTU,CALCE,0.01,0.001,13,14233,0.04683499914669764
XJTU,CALCE,0.005,0.001,13,14233,0.05614326505429871
XJTU,CALCE,1.0,0.002,13,14233,0.21837046459573184
XJTU,CALCE,0.5,0.002,13,14233,0.10550547953020106
XJTU,CALCE,0.2,0.002,13,14233,0.05613384913840458
XJTU,CALCE,0.1,0.002,13,14233,0.04718539985534413
XJTU,CALCE,0.05,0.002,13,14233,0.04496165476669678
XJTU,CALCE,0.03,0.002,13,14233,0.04516961013662692
XJTU,CALCE,0.02,0.002,13,14233,0.04569488205645655
XJTU,CALCE,0.015,0.002,13,14233,0.04610770537583067
XJTU,CALCE,0.01,0.002,13,14233,0.04704060098590446
XJTU,CALCE,0.005,0.002,13,14233,0.05663280304646472
XJTU,CALCE,1.0,0.005,13,14233,0.13324501133828512
XJTU,CALCE,0.5,0.005,13,14233,0.0711600834327904
XJTU,CALCE,0.2,0.005,13,14233,0.04892299724885399
XJTU,CALCE,0.1,0.005,13,14233,0.04520989867832918
XJTU,CALCE,0.05,0.005,13,14233,0.04448818470860543
XJTU,CALCE,0.03,0.005,13,14233,0.04510401945195121
XJTU,CALCE,0.02,0.005,13,14233,0.045743475876244326
XJTU,CALCE,0.015,0.005,13,14233,0.04627960356597076
XJTU,CALCE,0.01,0.005,13,14233,0.04723476893164159
XJTU,CALCE,0.005,0.005,13,14233,0.05708979483068115
XJTU,HNEI,1.0,0.0,14,15085,0.3300213896509024
XJTU,HNEI,0.5,0.0,14,15085,0.23874128582220847
XJTU,HNEI,0.2,0.0,14,15085,0.12330172215026311
XJTU,HNEI,0.1,0.0,14,15085,0.07580809299353657
XJTU,HNEI,0.05,0.0,14,15085,0.05291316627242445
XJTU,HNEI,0.03,0.0,14,15085,0.044315722313956314
XJTU,HNEI,0.02,0.0,14,15085,0.03862073846818504
XJTU,HNEI,0.015,0.0,14,15085,0.03508076791415935
XJTU,HNEI,0.01,0.0,14,15085,0.03299877441434825
XJTU,HNEI,0.005,0.0,14,15085,0.057483037340282254
XJTU,HNEI,1.0,0.00025,14,15085,0.28541156183869903
XJTU,HNEI,0.5,0.00025,14,15085,0.19627232015388493
XJTU,HNEI,0.2,0.00025,14,15085,0.09379652180961737
XJTU,HNEI,0.1,0.00025,14,15085,0.05914936852990817
XJTU,HNEI,0.05,0.00025,14,15085,0.04508838234278474
XJTU,HNEI,0.03,0.00025,14,15085,0.03890160631027454
XJTU,HNEI,0.02,0.00025,14,15085,0.03419022223098486
XJTU,HNEI,0.015,0.00025,14,15085,0.03125520610335382
XJTU,HNEI,0.01,0.00025,14,15085,0.02975677196972867
XJTU,HNEI,0.005,0.00025,14,15085,0.05512079365817589
XJTU,HNEI,1.0,0.0005,14,15085,0.2469322128773143
XJTU,HNEI,0.5,0.0005,14,15085,0.1655898403785822
XJTU,HNEI,0.2,0.0005,14,15085,0.07695786059316499
XJTU,HNEI,0.1,0.0005,14,15085,0.05137743084815771
XJTU,HNEI,0.05,0.0005,14,15085,0.04111014319893631
XJTU,HNEI,0.03,0.0005,14,15085,0.03596998739166305
XJTU,HNEI,0.02,0.0005,14,15085,0.03169052683590461
XJTU,HNEI,0.015,0.0005,14,15085,0.028951805328880215
XJTU,HNEI,0.01,0.0005,14,15085,0.027654799157086973
XJTU,HNEI,0.005,0.0005,14,15085,0.05322547313927801
XJTU,HNEI,1.0,0.001,14,15085,0.19884217384096387
XJTU,HNEI,0.5,0.001,14,15085,0.12643436144877468
XJTU,HNEI,0.2,0.001,14,15085,0.061030623938454986
XJTU,HNEI,0.1,0.001,14,15085,0.04489518758287458
XJTU,HNEI,0.05,0.001,14,15085,0.037477799295927434
XJTU,HNEI,0.03,0.001,14,15085,0.033123639589723884
XJTU,HNEI,0.02,0.001,14,15085,0.029141962831469106
XJTU,HNEI,0.015,0.001,14,15085,0.026578861047793594
XJTU,HNEI,0.01,0.001,14,15085,0.025473684773634604
XJTU,HNEI,0.005,0.001,14,15085,0.05153170410900383
XJTU,HNEI,1.0,0.002,14,15085,0.14979532394057266
XJTU,HNEI,0.5,0.002,14,15085,0.08971391141357642
XJTU,HNEI,0.2,0.002,14,15085,0.05025360571643616
XJTU,HNEI,0.1,0.002,14,15085,0.039924719135131674
XJTU,HNEI,0.05,0.002,14,15085,0.03457590662289148
XJTU,HNEI,0.03,0.002,14,15085,0.03078971378187433
XJTU,HNEI,0.02,0.002,14,15085,0.02713174080581222
XJTU,HNEI,0.015,0.002,14,15085,0.02468934866811235
XJTU,HNEI,0.01,0.002,14,15085,0.023767338979426407
XJTU,HNEI,0.005,0.002,14,15085,0.05041292409021874
XJTU,HNEI,1.0,0.005,14,15085,0.09445978404251203
XJTU,HNEI,0.5,0.005,14,15085,0.06090449501831817
XJTU,HNEI,0.2,0.005,14,15085,0.0414783056427092
XJTU,HNEI,0.1,0.005,14,15085,0.03581330210269542
XJTU,HNEI,0.05,0.005,14,15085,0.032084694020660026
XJTU,HNEI,0.03,0.005,14,15085,0.02880134760838874
XJTU,HNEI,0.02,0.005,14,15085,0.025420921291160383
XJTU,HNEI,0.015,0.005,14,15085,0.02315260860907142
XJTU,HNEI,0.01,0.005,14,15085,0.022689455247868442
XJTU,HNEI,0.005,0.005,14,15085,0.049769200871136975
XJTU,HUST,1.0,0.0,77,145735,0.03178191537334702
XJTU,HUST,0.5,0.0,77,145735,0.03177540177152204
XJTU,HUST,0.2,0.0,77,145735,0.03177219006795476
XJTU,HUST,0.1,0.0,77,145735,0.031802616840188036
XJTU,HUST,0.05,0.0,77,145735,0.0318742296556237
XJTU,HUST,0.03,0.0,77,145735,0.031939397340938765
XJTU,HUST,0.02,0.0,77,145735,0.031984466972066895
XJTU,HUST,0.015,0.0,77,145735,0.03201431846913682
XJTU,HUST,0.01,0.0,77,145735,0.03208170816181125
XJTU,HUST,0.005,0.0,77,145735,0.03251701585208931
XJTU,HUST,1.0,0.00025,77,145735,0.032688589452778166
XJTU,HUST,0.5,0.00025,77,145735,0.032691935235338
XJTU,HUST,0.2,0.00025,77,145735,0.03269333492510585
XJTU,HUST,0.1,0.00025,77,145735,0.03269994813245327
XJTU,HUST,0.05,0.00025,77,145735,0.032698868844583645
XJTU,HUST,0.03,0.00025,77,145735,0.03267848168143764
XJTU,HUST,0.02,0.00025,77,145735,0.03263896022495108
XJTU,HUST,0.015,0.00025,77,145735,0.032593049702270456
XJTU,HUST,0.01,0.00025,77,145735,0.03254580196672479
XJTU,HUST,0.005,0.00025,77,145735,0.03272849525992371
XJTU,HUST,1.0,0.0005,77,145735,0.032773031925865226
XJTU,HUST,0.5,0.0005,77,145735,0.032782775153679694
XJTU,HUST,0.2,0.0005,77,145735,0.032788930448366393
XJTU,HUST,0.1,0.0005,77,145735,0.03278949200286899
XJTU,HUST,0.05,0.0005,77,145735,0.03278362999436382
XJTU,HUST,0.03,0.0005,77,145735,0.03276191598154477
XJTU,HUST,0.02,0.0005,77,145735,0.032720622921717145
XJTU,HUST,0.015,0.0005,77,145735,0.03267078774535487
XJTU,HUST,0.01,0.0005,77,145735,0.032610620388591256
XJTU,HUST,0.005,0.0005,77,145735,0.032755134326673964
XJTU,HUST,1.0,0.001,77,145735,0.0328117735073612
XJTU,HUST,0.5,0.001,77,145735,0.03282669132573774
XJTU,HUST,0.2,0.001,77,145735,0.03283304315939661
XJTU,HUST,0.1,0.001,77,145735,0.032830811484822524
XJTU,HUST,0.05,0.001,77,145735,0.032821576229579964
XJTU,HUST,0.03,0.001,77,145735,0.032798304507534064
XJTU,HUST,0.02,0.001,77,145735,0.03275618709997314
XJTU,HUST,0.015,0.001,77,145735,0.03270340692859267
XJTU,HUST,0.01,0.001,77,145735,0.03263734363378263
XJTU,HUST,0.005,0.001,77,145735,0.03276911273082439
XJTU,HUST,1.0,0.002,77,145735,0.032839012631861036
XJTU,HUST,0.5,0.002,77,145735,0.0328558947792365
XJTU,HUST,0.2,0.002,77,145735,0.032860363134133756
XJTU,HUST,0.1,0.002,77,145735,0.032854967405509736
XJTU,HUST,0.05,0.002,77,145735,0.03284445762257979
XJTU,HUST,0.03,0.002,77,145735,0.03282000372888515
XJTU,HUST,0.02,0.002,77,145735,0.032776957011645985
XJTU,HUST,0.015,0.002,77,145735,0.032723095709549656
XJTU,HUST,0.01,0.002,77,145735,0.032655688590987206
XJTU,HUST,0.005,0.002,77,145735,0.032778523024122846
XJTU,HUST,1.0,0.005,77,145735,0.032869419424189
XJTU,HUST,0.5,0.005,77,145735,0.03288144059133162
XJTU,HUST,0.2,0.005,77,145735,0.03287919497697679
XJTU,HUST,0.1,0.005,77,145735,0.032870614883945326
XJTU,HUST,0.05,0.005,77,145735,0.03285636480514035
XJTU,HUST,0.03,0.005,77,145735,0.03282973257101643
XJTU,HUST,0.02,0.005,77,145735,0.03278549809164101
XJTU,HUST,0.015,0.005,77,145735,0.03273159503550708
XJTU,HUST,0.01,0.005,77,145735,0.032663718289824326
XJTU,HUST,0.005,0.005,77,145735,0.032784356461696695
XJTU,MATR,1.0,0.0,169,139148,0.07378478534656585
XJTU,MATR,0.5,0.0,169,139148,0.07271295327762108
XJTU,MATR,0.2,0.0,169,139148,0.07138219136955513
XJTU,MATR,0.1,0.0,169,139148,0.0702424031310144
XJTU,MATR,0.05,0.0,169,139148,0.06887688979909787
XJTU,MATR,0.03,0.0,169,139148,0.06763676518008795
XJTU,MATR,0.02,0.0,169,139148,0.06640864973297261
XJTU,MATR,0.015,0.0,169,139148,0.06534166612288335
XJTU,MATR,0.01,0.0,169,139148,0.06345772016755159
XJTU,MATR,0.005,0.0,169,139148,0.05925186846241456
XJTU,MATR,1.0,0.00025,169,139148,0.07182381402845071
XJTU,MATR,0.5,0.00025,169,139148,0.07073811791367762
XJTU,MATR,0.2,0.00025,169,139148,0.06944300957204673
XJTU,MATR,0.1,0.00025,169,139148,0.06842574567057806
XJTU,MATR,0.05,0.00025,169,139148,0.06723242493810401
XJTU,MATR,0.03,0.00025,169,139148,0.06611108317335454
XJTU,MATR,0.02,0.00025,169,139148,0.06497860671628783
XJTU,MATR,0.015,0.00025,169,139148,0.06400845391372537
XJTU,MATR,0.01,0.00025,169,139148,0.06227795484978198
XJTU,MATR,0.005,0.00025,169,139148,0.058117324945721485
XJTU,MATR,1.0,0.0005,169,139148,0.07103482798412432
XJTU,MATR,0.5,0.0005,169,139148,0.06995865622973409
XJTU,MATR,0.2,0.0005,169,139148,0.06870345648210945
XJTU,MATR,0.1,0.0005,169,139148,0.06772512783035925
XJTU,MATR,0.05,0.0005,169,139148,0.0665462961249032
XJTU,MATR,0.03,0.0005,169,139148,0.06543066706219014
XJTU,MATR,0.02,0.0005,169,139148,0.06433905543993941
XJTU,MATR,0.015,0.0005,169,139148,0.0634165694824635
XJTU,MATR,0.01,0.0005,169,139148,0.06177306818682472
XJTU,MATR,0.005,0.0005,169,139148,0.057625671084099495
XJTU,MATR,1.0,0.001,169,139148,0.07017821181108319
XJTU,MATR,0.5,0.001,169,139148,0.06911440327793673
XJTU,MATR,0.2,0.001,169,139148,0.06791167661341131
XJTU,MATR,0.1,0.001,169,139148,0.06694177910943251
XJTU,MATR,0.05,0.001,169,139148,0.06576019831223492
XJTU,MATR,0.03,0.001,169,139148,0.06467011862075486
XJTU,MATR,0.02,0.001,169,139148,0.06365231739895176
XJTU,MATR,0.015,0.001,169,139148,0.06278424327925398
XJTU,MATR,0.01,0.001,169,139148,0.061217056368933376
XJTU,MATR,0.005,0.001,169,139148,0.05707622323426195
XJTU,MATR,1.0,0.002,169,139148,0.06930291215108568
XJTU,MATR,0.5,0.002,169,139148,0.06828458175700135
XJTU,MATR,0.2,0.002,169,139148,0.06710533591383475
XJTU,MATR,0.1,0.002,169,139148,0.06611505528024181
XJTU,MATR,0.05,0.002,169,139148,0.06494568891679377
XJTU,MATR,0.03,0.002,169,139148,0.06393108389326622
XJTU,MATR,0.02,0.002,169,139148,0.06297772390203776
XJTU,MATR,0.015,0.002,169,139148,0.06215583216136667
XJTU,MATR,0.01,0.002,169,139148,0.06062995978558193
XJTU,MATR,0.005,0.002,169,139148,0.05651355167778257
XJTU,MATR,1.0,0.005,169,139148,0.06828724127750539
XJTU,MATR,0.5,0.005,169,139148,0.06732007576756381
XJTU,MATR,0.2,0.005,169,139148,0.06611829926023671
XJTU,MATR,0.1,0.005,169,139148,0.06514377439184531
XJTU,MATR,0.05,0.005,169,139148,0.06407891113462055
XJTU,MATR,0.03,0.005,169,139148,0.06313362757734851
XJTU,MATR,0.02,0.005,169,139148,0.06220700068730368
XJTU,MATR,0.015,0.005,169,139148,0.06139793646464054
XJTU,MATR,0.01,0.005,169,139148,0.05988368597375085
XJTU,MATR,0.005,0.005,169,139148,0.05579860832967098
XJTU,MICH,1.0,0.0,40,19681,0.08149560189446638
XJTU,MICH,0.5,0.0,40,19681,0.08187557626083888
XJTU,MICH,0.2,0.0,40,19681,0.0831428364573673
XJTU,MICH,0.1,0.0,40,19681,0.08486729758350917
XJTU,MICH,0.05,0.0,40,19681,0.08735694830035526
XJTU,MICH,0.03,0.0,40,19681,0.08934586664522605
XJTU,MICH,0.02,0.0,40,19681,0.09084867351272509
XJTU,MICH,0.015,0.0,40,19681,0.09201287070105577
XJTU,MICH,0.01,0.0,40,19681,0.09442797229219085
XJTU,MICH,0.005,0.0,40,19681,0.1036533204643683
XJTU,MICH,1.0,0.00025,40,19681,0.08198938157722006
XJTU,MICH,0.5,0.00025,40,19681,0.08248019466872855
XJTU,MICH,0.2,0.00025,40,19681,0.08384039550227128
XJTU,MICH,0.1,0.00025,40,19681,0.08554562054806696
XJTU,MICH,0.05,0.00025,40,19681,0.08793277384433437
XJTU,MICH,0.03,0.00025,40,19681,0.089723685270955
XJTU,MICH,0.02,0.00025,40,19681,0.09107412755712598
XJTU,MICH,0.015,0.00025,40,19681,0.09206573721837731
XJTU,MICH,0.01,0.00025,40,19681,0.09442350432048277
XJTU,MICH,0.005,0.00025,40,19681,0.10362054693202778
XJTU,MICH,1.0,0.0005,40,19681,0.0823521169022271
XJTU,MICH,0.5,0.0005,40,19681,0.08286535940889969
XJTU,MICH,0.2,0.0005,40,19681,0.08419988911616826
XJTU,MICH,0.1,0.0005,40,19681,0.08586665074679026
XJTU,MICH,0.05,0.0005,40,19681,0.0881969941124085
XJTU,MICH,0.03,0.0005,40,19681,0.08994509154698249
XJTU,MICH,0.02,0.0005,40,19681,0.09117803678911655
XJTU,MICH,0.015,0.0005,40,19681,0.09209606250863234
XJTU,MICH,0.01,0.0005,40,19681,0.09442596670057643
XJTU,MICH,0.005,0.0005,40,19681,0.10361810391885531
XJTU,MICH,1.0,0.001,40,19681,0.08280410975574669
XJTU,MICH,0.5,0.001,40,19681,0.08330757092383193
XJTU,MICH,0.2,0.001,40,19681,0.08460121152355557
XJTU,MICH,0.1,0.001,40,19681,0.08625534471620072
XJTU,MICH,0.05,0.001,40,19681,0.08849828404935932
XJTU,MICH,0.03,0.001,40,19681,0.09014035898135035
XJTU,MICH,0.02,0.001,40,19681,0.09127815833845349
XJTU,MICH,0.015,0.001,40,19681,0.09213152811243468
XJTU,MICH,0.01,0.001,40,19681,0.09443169249574973
XJTU,MICH,0.005,0.001,40,19681,0.10362115587071859
XJTU,MICH,1.0,0.002,40,19681,0.08321074837366342
XJTU,MICH,0.5,0.002,40,19681,0.08369000999492308
XJTU,MICH,0.2,0.002,40,19681,0.08493850041008226
XJTU,MICH,0.1,0.002,40,19681,0.08657475049440796
XJTU,MICH,0.05,0.002,40,19681,0.08870405824156133
XJTU,MICH,0.03,0.002,40,19681,0.0902843994629112
XJTU,MICH,0.02,0.002,40,19681,0.09134954316294117
XJTU,MICH,0.015,0.002,40,19681,0.09216785891251308
XJTU,MICH,0.01,0.002,40,19681,0.09444157899566033
XJTU,MICH,0.005,0.002,40,19681,0.10363042044622092
XJTU,MICH,1.0,0.005,40,19681,0.0835356688775815
XJTU,MICH,0.5,0.005,40,19681,0.08398230265971578
XJTU,MICH,0.2,0.005,40,19681,0.08519171091236404
XJTU,MICH,0.1,0.005,40,19681,0.08679613885748252
XJTU,MICH,0.05,0.005,40,19681,0.08884423548697559
XJTU,MICH,0.03,0.005,40,19681,0.09039203167114498
XJTU,MICH,0.02,0.005,40,19681,0.09141314813672913
XJTU,MICH,0.015,0.005,40,19681,0.09220183562242205
XJTU,MICH,0.01,0.005,40,19681,0.09445969917888877
XJTU,MICH,0.005,0.005,40,19681,0.10364961820576138
XJTU,MICH_EXP,1.0,0.0,18,6455,0.19994080890371232
XJTU,MICH_EXP,0.5,0.0,18,6455,0.13893730361062917
XJTU,MICH_EXP,0.2,0.0,18,6455,0.0990214431321118
XJTU,MICH_EXP,0.1,0.0,18,6455,0.08719268552048615
XJTU,MICH_EXP,0.05,0.0,18,6455,0.08288082883741728
XJTU,MICH_EXP,0.03,0.0,18,6455,0.08090232603259227
XJTU,MICH_EXP,0.02,0.0,18,6455,0.07943493342628337
XJTU,MICH_EXP,0.015,0.0,18,6455,0.07876655386900028
XJTU,MICH_EXP,0.01,0.0,18,6455,0.07852499474760438
XJTU,MICH_EXP,0.005,0.0,18,6455,0.08077623339342367
XJTU,MICH_EXP,1.0,0.00025,18,6455,0.19145928544889834
XJTU,MICH_EXP,0.5,0.00025,18,6455,0.13078807032370673
XJTU,MICH_EXP,0.2,0.00025,18,6455,0.09196385753218576
XJTU,MICH_EXP,0.1,0.00025,18,6455,0.08427326549089119
XJTU,MICH_EXP,0.05,0.00025,18,6455,0.08138528013565252
XJTU,MICH_EXP,0.03,0.00025,18,6455,0.0797376270140675
XJTU,MICH_EXP,0.02,0.00025,18,6455,0.07843511827386804
XJTU,MICH_EXP,0.015,0.00025,18,6455,0.07784800601865872
XJTU,MICH_EXP,0.01,0.00025,18,6455,0.07764727362653386
XJTU,MICH_EXP,0.005,0.00025,18,6455,0.07977571424318118
XJTU,MICH_EXP,1.0,0.0005,18,6455,0.18364906567781303
XJTU,MICH_EXP,0.5,0.0005,18,6455,0.12214233459145772
XJTU,MICH_EXP,0.2,0.0005,18,6455,0.08875698117885053
XJTU,MICH_EXP,0.1,0.0005,18,6455,0.08321833368652418
XJTU,MICH_EXP,0.05,0.0005,18,6455,0.080841741572718
XJTU,MICH_EXP,0.03,0.0005,18,6455,0.07937211421454346
XJTU,MICH_EXP,0.02,0.0005,18,6455,0.07811265724746745
XJTU,MICH_EXP,0.015,0.0005,18,6455,0.07749542449381897
XJTU,MICH_EXP,0.01,0.0005,18,6455,0.07726237316958162
XJTU,MICH_EXP,0.005,0.0005,18,6455,0.07932640173501287
XJTU,MICH_EXP,1.0,0.001,18,6455,0.1676188681408129
XJTU,MICH_EXP,0.5,0.001,18,6455,0.10842616571398049
XJTU,MICH_EXP,0.2,0.001,18,6455,0.08633942719031101
XJTU,MICH_EXP,0.1,0.001,18,6455,0.08228922734425675
XJTU,MICH_EXP,0.05,0.001,18,6455,0.0803781366187985
XJTU,MICH_EXP,0.03,0.001,18,6455,0.07898725046536813
XJTU,MICH_EXP,0.02,0.001,18,6455,0.07773301424766534
XJTU,MICH_EXP,0.015,0.001,18,6455,0.07704558257560262
XJTU,MICH_EXP,0.01,0.001,18,6455,0.07673599871810331
XJTU,MICH_EXP,0.005,0.001,18,6455,0.07871211345372332
XJTU,MICH_EXP,1.0,0.002,18,6455,0.13961981833143644
XJTU,MICH_EXP,0.5,0.002,18,6455,0.09844178217764776
XJTU,MICH_EXP,0.2,0.002,18,6455,0.08430580715791205
XJTU,MICH_EXP,0.1,0.002,18,6455,0.08155608079323041
XJTU,MICH_EXP,0.05,0.002,18,6455,0.07992531103205708
XJTU,MICH_EXP,0.03,0.002,18,6455,0.07853688798950585
XJTU,MICH_EXP,0.02,0.002,18,6455,0.07718242637554089
XJTU,MICH_EXP,0.015,0.002,18,6455,0.07636333619147151
XJTU,MICH_EXP,0.01,0.002,18,6455,0.07594033141019924
XJTU,MICH_EXP,0.005,0.002,18,6455,0.07785912366274511
XJTU,MICH_EXP,1.0,0.005,18,6455,0.11188524747903032
XJTU,MICH_EXP,0.5,0.005,18,6455,0.08996619418689532
XJTU,MICH_EXP,0.2,0.005,18,6455,0.08251103198024688
XJTU,MICH_EXP,0.1,0.005,18,6455,0.08079015173797796
XJTU,MICH_EXP,0.05,0.005,18,6455,0.07917262735272214
XJTU,MICH_EXP,0.03,0.005,18,6455,0.07752810367778686
XJTU,MICH_EXP,0.02,0.005,18,6455,0.07573807197521112
XJTU,MICH_EXP,0.015,0.005,18,6455,0.07463250620619633
XJTU,MICH_EXP,0.01,0.005,18,6455,0.0742201362767394
XJTU,MICH_EXP,0.005,0.005,18,6455,0.07623340920469794
XJTU,RWTH,1.0,0.0,48,105140,0.18304591844824203
XJTU,RWTH,0.5,0.0,48,105140,0.18279251175353758
XJTU,RWTH,0.2,0.0,48,105140,0.18240082315114184
XJTU,RWTH,0.1,0.0,48,105140,0.18200095345767206
XJTU,RWTH,0.05,0.0,48,105140,0.1814557189053517
XJTU,RWTH,0.03,0.0,48,105140,0.1808551263999241
XJTU,RWTH,0.02,0.0,48,105140,0.1801928395314232
XJTU,RWTH,0.015,0.0,48,105140,0.1795918981423594
XJTU,RWTH,0.01,0.0,48,105140,0.17849805995971857
XJTU,RWTH,0.005,0.0,48,105140,0.17603791700569596
XJTU,RWTH,1.0,0.00025,48,105140,0.18389586100157676
XJTU,RWTH,0.5,0.00025,48,105140,0.18357920807576678
XJTU,RWTH,0.2,0.00025,48,105140,0.18316244600658807
XJTU,RWTH,0.1,0.00025,48,105140,0.18278064452005602
XJTU,RWTH,0.05,0.00025,48,105140,0.1822603400291226
XJTU,RWTH,0.03,0.00025,48,105140,0.18171481171240203
XJTU,RWTH,0.02,0.00025,48,105140,0.18109958037018037
XJTU,RWTH,0.015,0.00025,48,105140,0.18050109425595018
XJTU,RWTH,0.01,0.00025,48,105140,0.1793122912337146
XJTU,RWTH,0.005,0.00025,48,105140,0.1764844115672202
XJTU,RWTH,1.0,0.0005,48,105140,0.1837576804996235
XJTU,RWTH,0.5,0.0005,48,105140,0.1834406557953194
XJTU,RWTH,0.2,0.0005,48,105140,0.18304109490351528
XJTU,RWTH,0.1,0.0005,48,105140,0.18267375837847424
XJTU,RWTH,0.05,0.0005,48,105140,0.1821991677807243
XJTU,RWTH,0.03,0.0005,48,105140,0.18169228482950084
XJTU,RWTH,0.02,0.0005,48,105140,0.18111294513181364
XJTU,RWTH,0.015,0.0005,48,105140,0.18054081034106398
XJTU,RWTH,0.01,0.0005,48,105140,0.17939039237131318
XJTU,RWTH,0.005,0.0005,48,105140,0.17657886627706446
XJTU,RWTH,1.0,0.001,48,105140,0.1835811277719691
XJTU,RWTH,0.5,0.001,48,105140,0.18327626135776687
XJTU,RWTH,0.2,0.001,48,105140,0.1828852671975478
XJTU,RWTH,0.1,0.001,48,105140,0.1825501335769335
XJTU,RWTH,0.05,0.001,48,105140,0.18213150464885042
XJTU,RWTH,0.03,0.001,48,105140,0.18167070262758042
XJTU,RWTH,0.02,0.001,48,105140,0.18112755125546257
XJTU,RWTH,0.015,0.001,48,105140,0.1805816252101959
XJTU,RWTH,0.01,0.001,48,105140,0.1794847177028922
XJTU,RWTH,0.005,0.001,48,105140,0.17672513564469947
XJTU,RWTH,1.0,0.002,48,105140,0.18339613459256712
XJTU,RWTH,0.5,0.002,48,105140,0.18310433105592042
XJTU,RWTH,0.2,0.002,48,105140,0.1827439315991226
XJTU,RWTH,0.1,0.002,48,105140,0.18245539711429884
XJTU,RWTH,0.05,0.002,48,105140,0.18209451610025248
XJTU,RWTH,0.03,0.002,48,105140,0.18168001150130997
XJTU,RWTH,0.02,0.002,48,105140,0.18117643225433366
XJTU,RWTH,0.015,0.002,48,105140,0.18067025623689056
XJTU,RWTH,0.01,0.002,48,105140,0.17963612196767267
XJTU,RWTH,0.005,0.002,48,105140,0.17697919141262755
XJTU,RWTH,1.0,0.005,48,105140,0.18320146438887522
XJTU,RWTH,0.5,0.005,48,105140,0.18293574377652014
XJTU,RWTH,0.2,0.005,48,105140,0.18264090808730338
XJTU,RWTH,0.1,0.005,48,105140,0.182422496525488
XJTU,RWTH,0.05,0.005,48,105140,0.18214162775247686
XJTU,RWTH,0.03,0.005,48,105140,0.18179100351027047
XJTU,RWTH,0.02,0.005,48,105140,0.18134479169703152
XJTU,RWTH,0.015,0.005,48,105140,0.1808820067271768
XJTU,RWTH,0.01,0.005,48,105140,0.1799451688902934
XJTU,RWTH,0.005,0.005,48,105140,0.1773953013736795
XJTU,SDU,1.0,0.0,86,48716,0.09458525190002133
XJTU,SDU,0.5,0.0,86,48716,0.09314036743636253
XJTU,SDU,0.2,0.0,86,48716,0.0907873522575117
XJTU,SDU,0.1,0.0,86,48716,0.08838070049387609
XJTU,SDU,0.05,0.0,86,48716,0.0847363982141561
XJTU,SDU,0.03,0.0,86,48716,0.08068247816237507
XJTU,SDU,0.02,0.0,86,48716,0.07687977663162263
XJTU,SDU,0.015,0.0,86,48716,0.07375195872981265
XJTU,SDU,0.01,0.0,86,48716,0.06820420696881627
XJTU,SDU,0.005,0.0,86,48716,0.056927528652806154
XJTU,SDU,1.0,0.00025,86,48716,0.09355518835461016
XJTU,SDU,0.5,0.00025,86,48716,0.09220920160871893
XJTU,SDU,0.2,0.00025,86,48716,0.09003112184990622
XJTU,SDU,0.1,0.00025,86,48716,0.0878940475922923
XJTU,SDU,0.05,0.00025,86,48716,0.08435705412793572
XJTU,SDU,0.03,0.00025,86,48716,0.08032766840642366
XJTU,SDU,0.02,0.00025,86,48716,0.07651575795878522
XJTU,SDU,0.015,0.00025,86,48716,0.07340806440159896
XJTU,SDU,0.01,0.00025,86,48716,0.06784781662277027
XJTU,SDU,0.005,0.00025,86,48716,0.05679701168887372
XJTU,SDU,1.0,0.0005,86,48716,0.0928839150504008
XJTU,SDU,0.5,0.0005,86,48716,0.09152233104791674
XJTU,SDU,0.2,0.0005,86,48716,0.08950131446095595
XJTU,SDU,0.1,0.0005,86,48716,0.08750232822148084
XJTU,SDU,0.05,0.0005,86,48716,0.08398072814529081
XJTU,SDU,0.03,0.0005,86,48716,0.0799565715218696
XJTU,SDU,0.02,0.0005,86,48716,0.07615374832931576
XJTU,SDU,0.015,0.0005,86,48716,0.07305931578342835
XJTU,SDU,0.01,0.0005,86,48716,0.0675017697344714
XJTU,SDU,0.005,0.0005,86,48716,0.05671716486713005
XJTU,SDU,1.0,0.001,86,48716,0.09196067862214999
XJTU,SDU,0.5,0.001,86,48716,0.09058391113185518
XJTU,SDU,0.2,0.001,86,48716,0.08874325100199576
XJTU,SDU,0.1,0.001,86,48716,0.08674608748422294
XJTU,SDU,0.05,0.001,86,48716,0.08318272380601778
XJTU,SDU,0.03,0.001,86,48716,0.07917231642842845
XJTU,SDU,0.02,0.001,86,48716,0.07539730818689824
XJTU,SDU,0.015,0.001,86,48716,0.07233139760864145
XJTU,SDU,0.01,0.001,86,48716,0.06687437380517426
XJTU,SDU,0.005,0.001,86,48716,0.05652214366630069
XJTU,SDU,1.0,0.002,86,48716,0.09105719736437053
XJTU,SDU,0.5,0.002,86,48716,0.08970061087318511
XJTU,SDU,0.2,0.002,86,48716,0.08788885022444944
XJTU,SDU,0.1,0.002,86,48716,0.08568364250506398
XJTU,SDU,0.05,0.002,86,48716,0.08199935998150527
XJTU,SDU,0.03,0.002,86,48716,0.07802729708249348
XJTU,SDU,0.02,0.002,86,48716,0.07432087656749341
XJTU,SDU,0.015,0.002,86,48716,0.07140513233196574
XJTU,SDU,0.01,0.002,86,48716,0.06635248812007423
XJTU,SDU,0.005,0.002,86,48716,0.056237037354805196
XJTU,SDU,1.0,0.005,86,48716,0.09002651966905716
XJTU,SDU,0.5,0.005,86,48716,0.08873200309143457
XJTU,SDU,0.2,0.005,86,48716,0.086548597632649
XJTU,SDU,0.1,0.005,86,48716,0.08375909128925248
XJTU,SDU,0.05,0.005,86,48716,0.07999516978579702
XJTU,SDU,0.03,0.005,86,48716,0.07632483834646328
XJTU,SDU,0.02,0.005,86,48716,0.07317791331594244
XJTU,SDU,0.015,0.005,86,48716,0.07066109617056325
XJTU,SDU,0.01,0.005,86,48716,0.06584108430662826
XJTU,SDU,0.005,0.005,86,48716,0.055753007654983325
XJTU,SNL,1.0,0.0,61,96092,0.053803010395906695
XJTU,SNL,0.5,0.0,61,96092,0.05404839839493741
XJTU,SNL,0.2,0.0,61,96092,0.054630077461630115
XJTU,SNL,0.1,0.0,61,96092,0.055385492348833554
XJTU,SNL,0.05,0.0,61,96092,0.05669420088289669
XJTU,SNL,0.03,0.0,61,96092,0.058156126651701556
XJTU,SNL,0.02,0.0,61,96092,0.059783691190614476
XJTU,SNL,0.015,0.0,61,96092,0.06126024292643012
XJTU,SNL,0.01,0.0,61,96092,0.0639280357128928
XJTU,SNL,0.005,0.0,61,96092,0.07034369553903146
XJTU,SNL,1.0,0.00025,61,96092,0.05522635242847847
XJTU,SNL,0.5,0.00025,61,96092,0.05558562288995964
XJTU,SNL,0.2,0.00025,61,96092,0.05628951943240838
XJTU,SNL,0.1,0.00025,61,96092,0.057025050534507536
XJTU,SNL,0.05,0.00025,61,96092,0.058172624264932436
XJTU,SNL,0.03,0.00025,61,96092,0.0595292152367956
XJTU,SNL,0.02,0.00025,61,96092,0.06107174869011665
XJTU,SNL,0.015,0.00025,61,96092,0.062450136100626635
XJTU,SNL,0.01,0.00025,61,96092,0.06491353738938019
XJTU,SNL,0.005,0.00025,61,96092,0.07084461261769232
XJTU,SNL,1.0,0.0005,61,96092,0.05580518429403169
XJTU,SNL,0.5,0.0005,61,96092,0.056161433035958316
XJTU,SNL,0.2,0.0005,61,96092,0.056793941869829154
XJTU,SNL,0.1,0.0005,61,96092,0.057463664968583635
XJTU,SNL,0.05,0.0005,61,96092,0.058565675690440876
XJTU,SNL,0.03,0.0005,61,96092,0.05988786273067327
XJTU,SNL,0.02,0.0005,61,96092,0.061395943182505935
XJTU,SNL,0.015,0.0005,61,96092,0.06278069834331905
XJTU,SNL,0.01,0.0005,61,96092,0.06522641253762038
XJTU,SNL,0.005,0.0005,61,96092,0.07104919419483981
XJTU,SNL,1.0,0.001,61,96092,0.056284985655960434
XJTU,SNL,0.5,0.001,61,96092,0.05661331209170554
XJTU,SNL,0.2,0.001,61,96092,0.05717234932249458
XJTU,SNL,0.1,0.001,61,96092,0.05780853970862586
XJTU,SNL,0.05,0.001,61,96092,0.05888869041637481
XJTU,SNL,0.03,0.001,61,96092,0.060201831764866515
XJTU,SNL,0.02,0.001,61,96092,0.06173462116602828
XJTU,SNL,0.015,0.001,61,96092,0.0631209694007912
XJTU,SNL,0.01,0.001,61,96092,0.0655663973059404
XJTU,SNL,0.005,0.001,61,96092,0.071364241242681
XJTU,SNL,1.0,0.002,61,96092,0.056630059864361204
XJTU,SNL,0.5,0.002,61,96092,0.05692523178930683
XJTU,SNL,0.2,0.002,61,96092,0.057440831869874434
XJTU,SNL,0.1,0.002,61,96092,0.05807347436259986
XJTU,SNL,0.05,0.002,61,96092,0.05917173918505187
XJTU,SNL,0.03,0.002,61,96092,0.060528873131820364
XJTU,SNL,0.02,0.002,61,96092,0.06211150089698586
XJTU,SNL,0.015,0.002,61,96092,0.06353317459561703
XJTU,SNL,0.01,0.002,61,96092,0.0660109316934424
XJTU,SNL,0.005,0.002,61,96092,0.07174081606242208
XJTU,SNL,1.0,0.005,61,96092,0.05690165198679821
XJTU,SNL,0.5,0.005,61,96092,0.05716903798411066
XJTU,SNL,0.2,0.005,61,96092,0.05769110008291233
XJTU,SNL,0.1,0.005,61,96092,0.05836001709156372
XJTU,SNL,0.05,0.005,61,96092,0.059553837519761864
XJTU,SNL,0.03,0.005,61,96092,0.061024446529196634
XJTU,SNL,0.02,0.005,61,96092,0.06271076075799403
XJTU,SNL,0.015,0.005,61,96092,0.06419901796919533
XJTU,SNL,0.01,0.005,61,96092,0.06667199584124014
XJTU,SNL,0.005,0.005,61,96092,0.07212177158304768
XJTU,UL_PUR,1.0,0.0,10,2195,0.03724401407548521
XJTU,UL_PUR,0.5,0.0,10,2195,0.036980238593673
XJTU,UL_PUR,0.2,0.0,10,2195,0.03649296653038754
XJTU,UL_PUR,0.1,0.0,10,2195,0.03592051613243679
XJTU,UL_PUR,0.05,0.0,10,2195,0.034987242098431855
XJTU,UL_PUR,0.03,0.0,10,2195,0.03410351895522051
XJTU,UL_PUR,0.02,0.0,10,2195,0.033770528031966354
XJTU,UL_PUR,0.015,0.0,10,2195,0.034293944130412105
XJTU,UL_PUR,0.01,0.0,10,2195,0.03664460940607216
XJTU,UL_PUR,0.005,0.0,10,2195,0.04221316397088622
XJTU,UL_PUR,1.0,0.00025,10,2195,0.03732234155301896
XJTU,UL_PUR,0.5,0.00025,10,2195,0.03702665631872372
XJTU,UL_PUR,0.2,0.00025,10,2195,0.03656369366494864
XJTU,UL_PUR,0.1,0.00025,10,2195,0.036069142604027646
XJTU,UL_PUR,0.05,0.00025,10,2195,0.03519013414838419
XJTU,UL_PUR,0.03,0.00025,10,2195,0.034224484228497984
XJTU,UL_PUR,0.02,0.00025,10,2195,0.033812810493519835
XJTU,UL_PUR,0.015,0.00025,10,2195,0.034306148512445754
XJTU,UL_PUR,0.01,0.00025,10,2195,0.03662071163289515
XJTU,UL_PUR,0.005,0.00025,10,2195,0.042190336310144384
XJTU,UL_PUR,1.0,0.0005,10,2195,0.03727178980346194
XJTU,UL_PUR,0.5,0.0005,10,2195,0.03696115069753072
XJTU,UL_PUR,0.2,0.0005,10,2195,0.03656128725223615
XJTU,UL_PUR,0.1,0.0005,10,2195,0.03612920573217188
XJTU,UL_PUR,0.05,0.0005,10,2195,0.03525988731160877
XJTU,UL_PUR,0.03,0.0005,10,2195,0.0343024924313207
XJTU,UL_PUR,0.02,0.0005,10,2195,0.03383557465807448
XJTU,UL_PUR,0.015,0.0005,10,2195,0.03431542117157327
XJTU,UL_PUR,0.01,0.0005,10,2195,0.036599053229675806
XJTU,UL_PUR,0.005,0.0005,10,2195,0.04217047924559659
XJTU,UL_PUR,1.0,0.001,10,2195,0.03718265197824583
XJTU,UL_PUR,0.5,0.001,10,2195,0.03687581153022427
XJTU,UL_PUR,0.2,0.001,10,2195,0.03651672478611104
XJTU,UL_PUR,0.1,0.001,10,2195,0.036182843994613294
XJTU,UL_PUR,0.05,0.001,10,2195,0.0353691908417656
XJTU,UL_PUR,0.03,0.001,10,2195,0.034345516423553345
XJTU,UL_PUR,0.02,0.001,10,2195,0.03387130400988201
XJTU,UL_PUR,0.015,0.001,10,2195,0.034321029115899945
XJTU,UL_PUR,0.01,0.001,10,2195,0.036569092400281125
XJTU,UL_PUR,0.005,0.001,10,2195,0.042141847029270235
XJTU,UL_PUR,1.0,0.002,10,2195,0.037090518458581315
XJTU,UL_PUR,0.5,0.002,10,2195,0.03682062378467874
XJTU,UL_PUR,0.2,0.002,10,2195,0.03650532874776181
XJTU,UL_PUR,0.1,0.002,10,2195,0.03620706257896296
XJTU,UL_PUR,0.05,0.002,10,2195,0.035489525061493686
XJTU,UL_PUR,0.03,0.002,10,2195,0.03445499985350715
XJTU,UL_PUR,0.02,0.002,10,2195,0.03390907583296851
XJTU,UL_PUR,0.015,0.002,10,2195,0.03430627076738824
XJTU,UL_PUR,0.01,0.002,10,2195,0.03654406723071144
XJTU,UL_PUR,0.005,0.002,10,2195,0.04211843570172707
XJTU,UL_PUR,1.0,0.005,10,2195,0.036997269719430084
XJTU,UL_PUR,0.5,0.005,10,2195,0.0367784866174639
XJTU,UL_PUR,0.2,0.005,10,2195,0.036527013144515987
XJTU,UL_PUR,0.1,0.005,10,2195,0.036299813856536314
XJTU,UL_PUR,0.05,0.005,10,2195,0.03557707232737934
XJTU,UL_PUR,0.03,0.005,10,2195,0.03454674928452409
XJTU,UL_PUR,0.02,0.005,10,2195,0.03391116935384798
XJTU,UL_PUR,0.015,0.005,10,2195,0.03428661231176523
XJTU,UL_PUR,0.01,0.005,10,2195,0.03652448397828526
XJTU,UL_PUR,0.005,0.005,10,2195,0.042099855110313764
