domain,cell_id,records,comparator_alpha,baseline_mae,pchp_mae,source_tuned_causal_candidate_mae,pchp_max_displacement,source_tuned_candidate_max_displacement,pchp_violation_records,source_tuned_candidate_violation_records,pchp_minus_baseline,source_tuned_candidate_minus_baseline,pchp_minus_source_tuned_candidate,pchp_violates,source_tuned_candidate_violates
CALB,CALB/CALB_0_B182,94,0.050000000000000003,0.08003014673903025,0.070030146739030255,0.019120980401143312,0.010000000000000009,0.069258523447774833,0,94,-0.009999999999999995,-0.060909166337886941,0.050909166337886946,False,True
CALB,CALB/CALB_0_B183,94,0.050000000000000003,0.067704063348816845,0.057704063348816829,0.011418611810985826,0.010000000000000009,0.075695695223159665,0,94,-0.010000000000000016,-0.056285451537831016,0.046285451537831007,False,True
CALB,CALB/CALB_0_B184,94,0.050000000000000003,0.051911582019399195,0.041911582019399186,0.0091706649678597232,0.010000000000000009,0.060452287186853915,0,94,-0.010000000000000009,-0.04274091705153947,0.032740917051539462,False,True
CALB,CALB/CALB_0_B185,94,0.050000000000000003,0.053060616882277985,0.043060616882277983,0.0052340048981033274,0.010000000000000009,0.057588685520273741,0,94,-0.010000000000000002,-0.047826611984174656,0.037826611984174655,False,True
CALB,CALB/CALB_0_B187,94,0.050000000000000003,0.051567288756802214,0.041567288756802205,0.006181266238860025,0.010000000000000009,0.05813093345951148,0,94,-0.010000000000000009,-0.045386022517942187,0.035386022517942178,False,True
CALB,CALB/CALB_0_B188,202,0.050000000000000003,0.051124056143554787,0.042980887790506801,0.016607938625020593,0.010000000000000009,0.073524989170276278,0,202,-0.0081431683530479859,-0.034516117518534194,0.026372949165486208,False,True
CALB,CALB/CALB_0_B189,94,0.050000000000000003,0.047633223895193685,0.037633223895193683,0.0049433167971249274,0.010000000000000009,0.05158985087581569,0,94,-0.010000000000000002,-0.042689907098068761,0.032689907098068759,False,True
CALB,CALB/CALB_0_B190,94,0.050000000000000003,0.075785348158353569,0.06578534815835356,0.01078076921699743,0.010000000000000009,0.079345687771107842,0,94,-0.010000000000000009,-0.065004578941356139,0.05500457894135613,False,True
CALB,CALB/CALB_25_T25-1,93,0.050000000000000003,0.024357620726221347,0.016065023863448848,0.0092581924568237734,0.010000000000000009,0.021566622752238862,0,93,-0.0082925968627724986,-0.015099428269397574,0.0068068314066250749,False,True
CALB,CALB/CALB_25_T25-2,93,0.050000000000000003,0.030837987328008316,0.020837987328008303,0.0084082495777526248,0.010000000000000009,0.028940267018705335,0,93,-0.010000000000000012,-0.022429737750255689,0.012429737750255678,False,True
CALB,CALB/CALB_35_B173,93,0.050000000000000003,0.03146232456662091,0.021462324566620897,0.007116797291348567,0.010000000000000009,0.026377702681773862,0,93,-0.010000000000000012,-0.024345527275272342,0.01434552727527233,False,True
CALB,CALB/CALB_35_B174,93,0.050000000000000003,0.033853043654186864,0.023853043654186855,0.0069256680324896371,0.010000000000000009,0.029417777821675317,0,93,-0.010000000000000009,-0.026927375621697225,0.016927375621697216,False,True
CALB,CALB/CALB_35_B175,93,0.050000000000000003,0.03546955092291381,0.025469550922913801,0.0063625207859983931,0.010000000000000009,0.032460936968187082,0,93,-0.010000000000000009,-0.029107030136915416,0.019107030136915407,False,True
CALB,CALB/CALB_35_B222,93,0.050000000000000003,0.032252173339814311,0.022252173339814298,0.0064915224507941472,0.010000000000000009,0.028399179763926141,0,93,-0.010000000000000012,-0.025760650889020163,0.01576065088902015,False,True
CALB,CALB/CALB_35_B223,93,0.050000000000000003,0.03088901944807744,0.020889019448077431,0.005529410601650268,0.010000000000000009,0.028172998744143807,0,93,-0.010000000000000009,-0.02535960884642717,0.015359608846427163,False,True
CALB,CALB/CALB_35_B224,93,0.050000000000000003,0.030608745548345098,0.020608745548345089,0.0059274973723833606,0.010000000000000009,0.027412601613123755,0,93,-0.010000000000000009,-0.024681248175961738,0.014681248175961729,False,True
CALB,CALB/CALB_35_B227,93,0.050000000000000003,0.032058733367756422,0.022058733367756406,0.0069897267747294775,0.010000000000000009,0.027986673621083424,0,93,-0.010000000000000016,-0.025069006593026945,0.015069006593026929,False,True
CALB,CALB/CALB_35_B228,93,0.050000000000000003,0.034909936998452823,0.024909936998452814,0.0081904716817691667,0.010000000000000009,0.028416628263793209,0,93,-0.010000000000000009,-0.026719465316683656,0.016719465316683647,False,True
CALB,CALB/CALB_35_B229,93,0.050000000000000003,0.032223286857123057,0.022223286857123044,0.0079165364124894246,0.010000000000000009,0.026300912661453513,0,93,-0.010000000000000012,-0.02430675044463363,0.01430675044463362,False,True
CALB,CALB/CALB_35_B230,93,0.050000000000000003,0.031807123015082803,0.021807123015082794,0.0080780497242610751,0.010000000000000009,0.025532716786638043,0,93,-0.010000000000000009,-0.023729073290821728,0.013729073290821719,False,True
CALB,CALB/CALB_35_B247,93,0.050000000000000003,0.27446724160021296,0.26446724160021295,0.1277894813498329,0.010000000000000009,0.14840435852870859,0,93,-0.010000000000000009,-0.14667776025038007,0.13667776025038006,False,True
CALB,CALB/CALB_35_B248,93,0.050000000000000003,0.033892668887421824,0.023892668887421808,0.0067620563188955417,0.010000000000000009,0.029919396420719169,0,93,-0.010000000000000016,-0.027130612568526283,0.017130612568526268,False,True
CALB,CALB/CALB_35_B249,93,0.050000000000000003,0.033141412972176196,0.023141412972176187,0.005860761152721365,0.010000000000000009,0.030248492871521648,0,93,-0.010000000000000009,-0.02728065181945483,0.017280651819454821,False,True
CALB,CALB/CALB_35_B250,93,0.050000000000000003,0.031498502492424613,0.021498502492424604,0.0061434456284697146,0.010000000000000009,0.028146403199019843,0,93,-0.010000000000000009,-0.025355056863954898,0.015355056863954889,False,True
CALB,CALB/CALB_45_B253,94,0.050000000000000003,0.039889401940408638,0.029889401940408629,0.018574521470728519,0.010000000000000009,0.024072534091358344,0,94,-0.010000000000000009,-0.021314880469680119,0.01131488046968011,False,True
CALB,CALB/CALB_45_B255,94,0.050000000000000003,0.042773582576572849,0.032773582576572848,0.018825703008099673,0.010000000000000009,0.026186734545805557,0,94,-0.010000000000000002,-0.023947879568473177,0.013947879568473175,False,True
CALB,CALB/CALB_45_B256,93,0.050000000000000003,0.043535669136283789,0.03353566913628378,0.021068762252063937,0.010000000000000009,0.0241140973824433,0,93,-0.010000000000000009,-0.022466906884219852,0.012466906884219843,False,True
CALCE,CALCE/CALCE_CS2_33,655,0.050000000000000003,0.081912986526032558,0.073764921711291592,0.037483535436355415,0.010000000000000009,0.2247928525045268,0,506,-0.0081480648147409657,-0.044429451089677142,0.036281386274936177,False,True
CALCE,CALCE/CALCE_CS2_34,627,0.050000000000000003,0.042868487485064631,0.034925394235555449,0.032267054033344192,0.010000000000000009,0.17758996956907619,0,537,-0.0079430932495091824,-0.010601433451720439,0.0026583402022112568,False,True
CALCE,CALCE/CALCE_CS2_35,775,0.050000000000000003,0.075243735896916242,0.069154088100974551,0.046406018430855692,0.010000000000000009,0.18889455045809939,0,582,-0.0060896477959416911,-0.02883771746606055,0.022748069670118859,False,True
CALCE,CALCE/CALCE_CS2_36,827,0.050000000000000003,0.097371499389188779,0.091464853618432401,0.062087021413302357,0.010000000000000009,0.19054044516601554,0,594,-0.0059066457707563774,-0.035284477975886422,0.029377832205130044,False,True
CALCE,CALCE/CALCE_CS2_37,900,0.050000000000000003,0.082217674225131959,0.075860225310084406,0.053931023312764073,0.010000000000000009,0.17698760457187229,0,623,-0.0063574489150475533,-0.028286650912367886,0.021929201997320333,False,True
CALCE,CALCE/CALCE_CS2_38,898,0.050000000000000003,0.076349931912542066,0.069417533753571209,0.044250287182722552,0.010000000000000009,0.17677688639422195,0,783,-0.0069323981589708566,-0.032099644729819514,0.025167246570848657,False,True
CALCE,CALCE/CALCE_CX2_16,1274,0.050000000000000003,0.057097504572425441,0.058699051696031929,0.040339863624067579,0.010000000000000009,0.050555421514069887,0,1018,0.0016015471236064879,-0.016757640948357862,0.01835918807196435,False,True
CALCE,CALCE/CALCE_CX2_33,1266,0.050000000000000003,0.031048371970612536,0.032776900958033699,0.021737103699078747,0.010000000000000009,0.11913860940649368,0,933,0.0017285289874211622,-0.0093112682715337895,0.011039797258954952,False,True
CALCE,CALCE/CALCE_CX2_34,1358,0.050000000000000003,0.042647825119290689,0.038177494127525996,0.053110188663490779,0.010000000000000009,0.071203488458739694,0,972,-0.0044703309917646927,0.01046236354420009,-0.014932694535964783,False,True
CALCE,CALCE/CALCE_CX2_35,1449,0.050000000000000003,0.032306367036497849,0.030563204927019583,0.014566051766815809,0.010000000000000009,0.16653782049484378,0,1097,-0.0017431621094782662,-0.01774031526968204,0.015997153160203774,False,True
CALCE,CALCE/CALCE_CX2_36,1563,0.050000000000000003,0.049535098426942779,0.045255768269072211,0.056531711232276238,0.010000000000000009,0.066972504494977048,0,1177,-0.0042793301578705686,0.0069966128053334589,-0.011275942963204028,False,True
CALCE,CALCE/CALCE_CX2_37,1067,0.050000000000000003,0.032046067907574027,0.027004815245319294,0.035904229150400264,0.010000000000000009,0.054550332615989849,0,767,-0.0050412526622547332,0.0038581612428262371,-0.0088994139050809704,False,True
CALCE,CALCE/CALCE_CX2_38,1574,0.050000000000000003,0.065885013575351439,0.061028614196960963,0.059337728568543836,0.010000000000000009,0.10319820479187064,0,1233,-0.004856399378390476,-0.006547285006807603,0.001690885628417127,False,True
HNEI,HNEI/HNEI_18650_NMC_LCO_25C_0-100_0.5-1.5C_a,1081,0.050000000000000003,0.19381008286244755,0.19501982327969211,0.16400530099996552,0.010000000000000009,0.35680109452892395,0,1081,0.0012097404172445592,-0.029804781862482033,0.031014522279726592,False,True
HNEI,HNEI/HNEI_18650_NMC_LCO_25C_0-100_0.5-1.5C_b,1074,0.050000000000000003,0.044010805598685004,0.036317965917935499,0.023927596355124266,0.010000000000000009,0.075650129390931298,0,967,-0.0076928396807495053,-0.020083209243560739,0.012390369562811233,False,True
HNEI,HNEI/HNEI_18650_NMC_LCO_25C_0-100_0.5-1.5C_c,1076,0.050000000000000003,0.057486147245105125,0.048019085237745181,0.020377708320027145,0.010000000000000009,0.11687741141791019,0,1053,-0.0094670620073599443,-0.03710843892507798,0.027641376917718036,False,True
HNEI,HNEI/HNEI_18650_NMC_LCO_25C_0-100_0.5-1.5C_d,1076,0.050000000000000003,0.059322344963677109,0.049864701108949423,0.015322802310550374,0.010000000000000009,0.10592896194626655,0,1055,-0.0094576438547276862,-0.043999542653126736,0.03454189879839905,False,True
HNEI,HNEI/HNEI_18650_NMC_LCO_25C_0-100_0.5-1.5C_e,1101,0.050000000000000003,0.059079168999535414,0.049485105549845074,0.018302744548577873,0.010000000000000009,0.10261235707168537,0,1076,-0.0095940634496903404,-0.040776424450957541,0.0311823610012672,False,True
HNEI,HNEI/HNEI_18650_NMC_LCO_25C_0-100_0.5-1.5C_f,1069,0.050000000000000003,0.075646725364987372,0.066085436120185456,0.027214792555355884,0.010000000000000009,0.13320283369040042,0,1049,-0.0095612892448019154,-0.048431932809631484,0.038870643564829568,False,True
HNEI,HNEI/HNEI_18650_NMC_LCO_25C_0-100_0.5-1.5C_g,1076,0.050000000000000003,0.074825889829655115,0.065226611948447408,0.027560538033599969,0.010000000000000009,0.11112347629721986,0,1058,-0.0095992778812077073,-0.047265351796055149,0.037666073914847442,False,True
HNEI,HNEI/HNEI_18650_NMC_LCO_25C_0-100_0.5-1.5C_j,1070,0.050000000000000003,0.059759764447370183,0.050204477380644347,0.017989302318431218,0.010000000000000009,0.093055418693710812,0,1046,-0.0095552870667258358,-0.041770462128938965,0.032215175062213129,False,True
HNEI,HNEI/HNEI_18650_NMC_LCO_25C_0-100_0.5-1.5C_l,1076,0.050000000000000003,0.067649477939973099,0.058076257317512182,0.029293316543680458,0.010000000000000009,0.12915267152682675,0,1060,-0.0095732206224609165,-0.038356161396292637,0.028782940773831724,False,True
HNEI,HNEI/HNEI_18650_NMC_LCO_25C_0-100_0.5-1.5C_n,1076,0.050000000000000003,0.055008149844406898,0.045422391985869601,0.018582384032065413,0.010000000000000009,0.13015695953999562,0,1052,-0.0095857578585372971,-0.036425765812341485,0.026840007953804187,False,True
HNEI,HNEI/HNEI_18650_NMC_LCO_25C_0-100_0.5-1.5C_o,1076,0.050000000000000003,0.024801320229869285,0.018467847401187648,0.026284876538334022,0.010000000000000009,0.101369630214865,0,966,-0.0063334728286816369,0.0014835563084647369,-0.0078170291371463738,False,True
HNEI,HNEI/HNEI_18650_NMC_LCO_25C_0-100_0.5-1.5C_p,1074,0.050000000000000003,0.025847662365331196,0.017449436138717044,0.031188838115356898,0.010000000000000009,0.14166947016711928,0,1055,-0.0083982262266141527,0.0053411757500257014,-0.013739401976639854,False,True
HNEI,HNEI/HNEI_18650_NMC_LCO_25C_0-100_0.5-1.5C_s,1082,0.050000000000000003,0.059128063273159892,0.049577320677684701,0.017373814027386199,0.010000000000000009,0.10479076682294108,0,1061,-0.0095507425954751909,-0.041754249245773693,0.032203506650298502,False,True
HNEI,HNEI/HNEI_18650_NMC_LCO_25C_0-100_0.5-1.5C_t,1078,0.050000000000000003,0.057775405043122119,0.048786355497881212,0.019159168189994049,0.010000000000000009,0.11829586565868722,0,1054,-0.0089890495452409069,-0.038616236853128066,0.029627187307887163,False,True
HUST,HUST/HUST_1-1,1499,0.050000000000000003,0.02464603074336762,0.019474125475966043,0.015813234556018563,0.010000000000000009,0.043734105776510934,0,857,-0.0051719052674015775,-0.0088327961873490568,0.0036608909199474793,False,True
HUST,HUST/HUST_1-2,2673,0.050000000000000003,0.032802038131039914,0.029370141617554458,0.036185715224613633,0.010000000000000009,0.029608709607182648,0,2253,-0.0034318965134854558,0.0033836770935737198,-0.0068155736070591756,False,True
HUST,HUST/HUST_1-3,1853,0.050000000000000003,0.040640686090067921,0.03701967732233645,0.041959740847020068,0.010000000000000009,0.061249355434591424,0,1853,-0.0036210087677314706,0.0013190547569521469,-0.0049400635246836175,False,True
HUST,HUST/HUST_1-4,1495,0.050000000000000003,0.038608780152884048,0.035208091455282108,0.047516514292710824,0.010000000000000009,0.060765865821711729,0,1495,-0.0034006886976019404,0.0089077341398267756,-0.012308422837428716,False,True
HUST,HUST/HUST_1-5,1966,0.050000000000000003,0.040988730097984871,0.037830461228134118,0.04881214110269131,0.010000000000000009,0.082904579201797723,0,1966,-0.0031582688698507527,0.007823411004706439,-0.010981679874557192,False,True
HUST,HUST/HUST_1-6,1138,0.050000000000000003,0.04019068114816407,0.042101347557762923,0.043425596476782041,0.010000000000000009,0.03716613225387988,0,687,0.0019106664095988532,0.003234915328617971,-0.0013242489190191178,False,True
HUST,HUST/HUST_1-7,1673,0.050000000000000003,0.027077110871988018,0.020680559428905596,0.018718878756685174,0.010000000000000009,0.036205245730443703,0,1103,-0.0063965514430824218,-0.0083582321153028438,0.0019616806722204221,False,True
HUST,HUST/HUST_1-8,2280,0.050000000000000003,0.031183689167676786,0.024115479952109109,0.022377495334620759,0.010000000000000009,0.02684870071228318,0,1218,-0.0070682092155676772,-0.0088061938330560273,0.0017379846174883501,False,True
HUST,HUST/HUST_10-1,1697,0.050000000000000003,0.029198394680756204,0.02425402401105305,0.024551560860089371,0.010000000000000009,0.027725201879405637,0,1314,-0.0049443706697031541,-0.0046468338206668326,-0.00029753684903632144,False,True
HUST,HUST/HUST_10-2,1692,0.050000000000000003,0.038684844205033916,0.039175349761359779,0.049428433269950944,0.010000000000000009,0.034955721938509932,0,1684,0.00049050555632586257,0.010743589064917028,-0.010253083508591165,False,True
HUST,HUST/HUST_10-3,1843,0.050000000000000003,0.032648151050671925,0.030776358124737307,0.029125464357542704,0.010000000000000009,0.03223555115348431,0,1285,-0.0018717929259346178,-0.0035226866931292213,0.0016508937671946035,False,True
HUST,HUST/HUST_10-4,1806,0.050000000000000003,0.035483914790884197,0.031705568172372731,0.033352899013992771,0.010000000000000009,0.038052921050187427,0,1659,-0.0037783466185114661,-0.0021310157768914262,-0.00164733084162004,False,True
HUST,HUST/HUST_10-5,2025,0.050000000000000003,0.037263013513819852,0.035134689239256216,0.038194133437742264,0.010000000000000009,0.040339569823908406,0,1924,-0.0021283242745636366,0.00093111992392241189,-0.0030594441984860485,False,True
HUST,HUST/HUST_10-6,2280,0.050000000000000003,0.037874662417410526,0.032571650266452937,0.033799639019064687,0.010000000000000009,0.02852132194332202,0,1651,-0.0053030121509575895,-0.0040750233983458395,-0.00122798875261175,False,True
HUST,HUST/HUST_10-7,1778,0.050000000000000003,0.035088612307400194,0.033643036406185066,0.042856369573090108,0.010000000000000009,0.04340327849521386,0,1744,-0.0014455759012151279,0.0077677572656899146,-0.0092133331669050425,False,True
HUST,HUST/HUST_10-8,1395,0.050000000000000003,0.028715434253651157,0.025446430234526016,0.022984243452881685,0.010000000000000009,0.0340343983478123,0,1105,-0.0032690040191251414,-0.0057311908007694722,0.0024621867816443307,False,True
HUST,HUST/HUST_2-2,2646,0.050000000000000003,0.033107680195857865,0.033417667299609884,0.038872361231707064,0.010000000000000009,0.024901196762811328,0,2048,0.00030998710375201854,0.0057646810358491993,-0.0054546939320971807,False,True
HUST,HUST/HUST_2-3,1746,0.050000000000000003,0.039048829270887965,0.03516696558099517,0.039176861058604892,0.010000000000000009,0.056224024830144437,0,1672,-0.003881863689892795,0.00012803178771692708,-0.004009895477609722,False,True
HUST,HUST/HUST_2-4,1494,0.050000000000000003,0.026832595861428402,0.021781078028267405,0.020425716001487893,0.010000000000000009,0.03744161851584149,0,859,-0.005051517833160997,-0.0064068798599405084,0.0013553620267795115,False,True
HUST,HUST/HUST_2-5,1381,0.050000000000000003,0.03789754292792729,0.034580865494097356,0.046112658573011021,0.010000000000000009,0.072782092069896387,0,1381,-0.0033166774338299343,0.0082151156450837315,-0.011531793078913666,False,True
HUST,HUST/HUST_2-6,1567,0.050000000000000003,0.035095388043992877,0.032820389947263828,0.040145855130597735,0.010000000000000009,0.042753931301021897,0,1567,-0.0022749980967290487,0.0050504670866048582,-0.0073254651833339068,False,True
HUST,HUST/HUST_2-7,2197,0.050000000000000003,0.036097681258009703,0.033777851565544241,0.042833809255169365,0.010000000000000009,0.050630048169142627,0,2197,-0.0023198296924654624,0.0067361279971596619,-0.0090559576896251243,False,True
HUST,HUST/HUST_2-8,1476,0.050000000000000003,0.030881667524339091,0.026022882484258974,0.014736711556976178,0.010000000000000009,0.063229418358704659,0,631,-0.0048587850400801172,-0.016144955967362914,0.011286170927282796,False,True
HUST,HUST/HUST_3-1,1933,0.050000000000000003,0.038091031218605222,0.036973007026197109,0.042384002519165347,0.010000000000000009,0.038657516677320314,0,1846,-0.0011180241924081125,0.004292971300560125,-0.0054109954929682375,False,True
HUST,HUST/HUST_3-2,2278,0.050000000000000003,0.039102787453015576,0.038929195067174793,0.047524922869522798,0.010000000000000009,0.04118933798686164,0,2270,-0.00017359238584078313,0.0084221354165072218,-0.0085957278023480049,False,True
HUST,HUST/HUST_3-3,1644,0.050000000000000003,0.035795346958720782,0.03550143926400727,0.045739340734142618,0.010000000000000009,0.037649418433325144,0,1644,-0.00029390769471351191,0.009943993775421836,-0.010237901470135348,False,True
HUST,HUST/HUST_3-4,1761,0.050000000000000003,0.031434715964262033,0.029603665147959573,0.032098505016277548,0.010000000000000009,0.025331987056071537,0,1412,-0.0018310508163024604,0.00066378905201551486,-0.0024948398683179752,False,True
HUST,HUST/HUST_3-5,2652,0.050000000000000003,0.041959177780249809,0.040532319745839346,0.045643209868251156,0.010000000000000009,0.03100439184659054,0,1749,-0.0014268580344104637,0.0036840320880013461,-0.0051108901224118097,False,True
HUST,HUST/HUST_3-6,2486,0.050000000000000003,0.038004872649989051,0.037118952202722356,0.042454950932063404,0.010000000000000009,0.042582335093736767,0,2459,-0.00088592044726669428,0.0044500782820743531,-0.0053359987293410474,False,True
HUST,HUST/HUST_3-7,2474,0.050000000000000003,0.03604365532930958,0.030576278241529031,0.033070581459511458,0.010000000000000009,0.025172399095748754,0,1463,-0.0054673770877805491,-0.0029730738697981221,-0.002494303217982427,False,True
HUST,HUST/HUST_3-8,2337,0.050000000000000003,0.038282192285015039,0.038142938698734793,0.049013109109328608,0.010000000000000009,0.041950100655454348,0,2337,-0.00013925358628024548,0.010730916824313569,-0.010870170410593814,False,True
HUST,HUST/HUST_4-1,2212,0.050000000000000003,0.034849584302127423,0.037029785780336742,0.040857973848384382,0.010000000000000009,0.023299159313731832,0,1518,0.002180201478209319,0.0060083895462569592,-0.0038281880680476402,False,True
HUST,HUST/HUST_4-2,1777,0.050000000000000003,0.035361669543082591,0.031326070159743077,0.031688369950007421,0.010000000000000009,0.035325589126999568,0,1610,-0.0040355993833395137,-0.0036732995930751702,-0.0003622997902643435,False,True
HUST,HUST/HUST_4-3,1137,0.050000000000000003,0.025241968546374585,0.021192489083255404,0.01337683640630258,0.010000000000000009,0.05819097156427544,0,705,-0.0040494794631191801,-0.011865132140072005,0.0078156526769528247,False,True
HUST,HUST/HUST_4-4,1486,0.050000000000000003,0.026697003212278612,0.020642108053163331,0.01615762872454337,0.010000000000000009,0.037357760695484243,0,891,-0.0060548951591152811,-0.010539374487735242,0.0044844793286199607,False,True
HUST,HUST/HUST_4-5,1556,0.050000000000000003,0.030611550808810915,0.027538954049736292,0.026730097189650508,0.010000000000000009,0.035609254085894215,0,1274,-0.003072596759074623,-0.003881453619160407,0.000808856860085784,False,True
HUST,HUST/HUST_4-6,1375,0.050000000000000003,0.029976856272030509,0.02863910006553207,0.027753278697622626,0.010000000000000009,0.027178948184014118,0,1109,-0.0013377562064984388,-0.0022235775744078833,0.00088582136790944441,False,True
HUST,HUST/HUST_4-7,2211,0.050000000000000003,0.035759973492590844,0.030497787417878102,0.02877214374549714,0.010000000000000009,0.042419792084947727,0,1756,-0.0052621860747127415,-0.0069878297470937038,0.0017256436723809623,False,True
HUST,HUST/HUST_4-8,1701,0.050000000000000003,0.036713349951152205,0.033736300441508334,0.038066787772101304,0.010000000000000009,0.043592057908961368,0,1608,-0.0029770495096438712,0.0013534378209490994,-0.0043304873305929706,False,True
HUST,HUST/HUST_5-1,2502,0.050000000000000003,0.033333298085495164,0.029141959171513042,0.037389520086693252,0.010000000000000009,0.032078430146772474,0,2042,-0.0041913389139821219,0.0040562220011980885,-0.0082475609151802104,False,True
HUST,HUST/HUST_5-2,1921,0.050000000000000003,0.038103048730050645,0.034971375350307497,0.036235347771894778,0.010000000000000009,0.047594321661004857,0,1891,-0.0031316733797431481,-0.0018677009581558671,-0.0012639724215872811,False,True
HUST,HUST/HUST_5-3,2684,0.050000000000000003,0.031576570104730355,0.028736970791209609,0.037591319595651262,0.010000000000000009,0.033242263847782061,0,2198,-0.0028395993135207458,0.0060147494909209079,-0.0088543488044416536,False,True
HUST,HUST/HUST_5-4,1957,0.050000000000000003,0.030245969983689284,0.022479848503240883,0.016790718658545312,0.010000000000000009,0.042109736342289983,0,1263,-0.0077661214804484006,-0.013455251325143972,0.0056891298446955715,False,True
HUST,HUST/HUST_5-5,1578,0.050000000000000003,0.039755614296354817,0.036124690959282425,0.043671968894894692,0.010000000000000009,0.075913288325926809,0,1578,-0.003630923337072392,0.0039163545985398743,-0.0075472779356122663,False,True
HUST,HUST/HUST_5-6,2455,0.050000000000000003,0.032971114192735608,0.028204631283036827,0.034606047991058424,0.010000000000000009,0.029823986868903751,0,1962,-0.0047664829096987806,0.0016349337983228157,-0.0064014167080215963,False,True
HUST,HUST/HUST_5-7,1443,0.050000000000000003,0.024553538323171083,0.019247724579031664,0.02092107475790999,0.010000000000000009,0.026724936396036791,0,933,-0.0053058137441394197,-0.0036324635652610938,-0.0016733501788783259,False,True
HUST,HUST/HUST_6-1,1604,0.050000000000000003,0.025596187729142999,0.019741697358358058,0.02259564247026152,0.010000000000000009,0.034329710351198806,0,1366,-0.0058544903707849413,-0.003000545258881479,-0.0028539451119034623,False,True
HUST,HUST/HUST_6-2,1903,0.050000000000000003,0.042285566624684384,0.038745441419690101,0.042683974240194433,0.010000000000000009,0.065844647704341619,0,1903,-0.0035401252049942836,0.00039840761551004911,-0.0039385328205043327,False,True
HUST,HUST/HUST_6-3,1799,0.050000000000000003,0.036559152030385969,0.03446785674150727,0.04658621999469785,0.010000000000000009,0.051871936723780654,0,1799,-0.0020912952888786987,0.010027067964311881,-0.01211836325319058,False,True
HUST,HUST/HUST_6-4,1712,0.050000000000000003,0.028020908787963851,0.023324824148710201,0.025649880604602705,0.010000000000000009,0.022835474687923019,0,1174,-0.0046960846392536497,-0.0023710281833611464,-0.0023250564558925033,False,True
HUST,HUST/HUST_6-5,2173,0.050000000000000003,0.031089209957084762,0.02479078858112993,0.024490892647306785,0.010000000000000009,0.023456004602253278,0,1870,-0.0062984213759548317,-0.006598317309777977,0.00029989593382314522,False,True
HUST,HUST/HUST_6-6,2463,0.050000000000000003,0.046031033277271899,0.041976633183559403,0.035675626478576319,0.010000000000000009,0.079322377966135948,0,2463,-0.0040544000937124958,-0.010355406798695579,0.0063010067049830837,False,True
HUST,HUST/HUST_6-8,2445,0.050000000000000003,0.037953295216018125,0.043310993070022029,0.054180082752444472,0.010000000000000009,0.029432189698477607,0,2021,0.0053576978540039039,0.016226787536426347,-0.010869089682422443,False,True
HUST,HUST/HUST_7-1,1685,0.050000000000000003,0.035064308099989318,0.032825805813564465,0.029412285157761533,0.010000000000000009,0.035163608760602316,0,1182,-0.0022385022864248524,-0.005652022942227785,0.0034135206558029325,False,True
HUST,HUST/HUST_7-2,2025,0.050000000000000003,0.038039012413767601,0.037983438713629566,0.048218335602811559,0.010000000000000009,0.033150673606329617,0,1624,-5.5573700138034088e-05,0.010179323189043958,-0.010234896889181992,False,True
HUST,HUST/HUST_7-3,1290,0.050000000000000003,0.023824389482593997,0.020122883573876493,0.013113724026173832,0.010000000000000009,0.062817334926521085,0,757,-0.0037015059087175048,-0.010710665456420165,0.0070091595477026602,False,True
HUST,HUST/HUST_7-4,1388,0.050000000000000003,0.023576215150368476,0.020631073251819707,0.01519567865117475,0.010000000000000009,0.049105060633699904,0,785,-0.0029451418985487685,-0.0083805364991937255,0.005435394600644957,False,True
HUST,HUST/HUST_7-5,1868,0.050000000000000003,0.0343822218416538,0.031301911981980693,0.034699259824563781,0.010000000000000009,0.035772505356070905,0,1679,-0.0030803098596731068,0.00031703798290998175,-0.0033973478425830886,False,True
HUST,HUST/HUST_7-6,1414,0.050000000000000003,0.025412808663844183,0.020006557610659711,0.014236552046289448,0.010000000000000009,0.036296570130258776,0,868,-0.0054062510531844715,-0.011176256617554736,0.005770005564370264,False,True
HUST,HUST/HUST_7-7,1680,0.050000000000000003,0.027827856959874483,0.020747945864873132,0.015788093142814635,0.010000000000000009,0.031798548946034288,0,962,-0.0070799110950013518,-0.012039763817059849,0.004959852722058497,False,True
HUST,HUST/HUST_7-8,1933,0.050000000000000003,0.036124697486822933,0.031979796235869468,0.030529473816920793,0.010000000000000009,0.037700444168976111,0,1776,-0.0041449012509534658,-0.0055952236699021406,0.0014503224189486748,False,True
HUST,HUST/HUST_8-1,1303,0.050000000000000003,0.024555198999804226,0.019805282218613426,0.014667239367526681,0.010000000000000009,0.041659948043514694,0,772,-0.0047499167811907994,-0.0098879596322775445,0.0051380428510867451,False,True
HUST,HUST/HUST_8-2,2036,0.050000000000000003,0.028966009719390153,0.023719088072863232,0.023512795733847909,0.010000000000000009,0.02861092510723473,0,1195,-0.0052469216465269204,-0.0054532139855422435,0.00020629233901532304,False,True
HUST,HUST/HUST_8-3,2285,0.050000000000000003,0.036244426609963271,0.034062175355185915,0.036288978641844036,0.010000000000000009,0.040660921771156433,0,2124,-0.0021822512547773551,4.4552031880765175e-05,-0.0022268032866581203,False,True
HUST,HUST/HUST_8-4,1880,0.050000000000000003,0.02871497002746087,0.021006544592528754,0.017686661867473835,0.010000000000000009,0.025348109684952713,0,1420,-0.007708425434932116,-0.011028308159987035,0.0033198827250549186,False,True
HUST,HUST/HUST_8-5,1343,0.050000000000000003,0.02436522706113084,0.021311482949036561,0.014599217138031048,0.010000000000000009,0.060328356985356213,0,781,-0.0030537441120942789,-0.0097660099230997919,0.006712265811005513,False,True
HUST,HUST/HUST_8-6,2360,0.050000000000000003,0.033199618824199119,0.027568226226404834,0.026509034712283112,0.010000000000000009,0.031750126060380746,0,1687,-0.0056313925977942852,-0.0066905841119160071,0.0010591915141217219,False,True
HUST,HUST/HUST_8-7,2042,0.050000000000000003,0.030347681777705329,0.026629439809891662,0.020207985429381407,0.010000000000000009,0.038799214651787262,0,1162,-0.0037182419678136666,-0.010139696348323922,0.0064214543805102553,False,True
HUST,HUST/HUST_8-8,1674,0.050000000000000003,0.035625588756311048,0.034378057778442973,0.043230537373412092,0.010000000000000009,0.041900330332942715,0,1668,-0.0012475309778680749,0.0076049486171010441,-0.008852479594969119,False,True
HUST,HUST/HUST_9-1,2052,0.050000000000000003,0.040173021509827572,0.040286386089520621,0.048189804203105084,0.010000000000000009,0.037931943231412135,0,2052,0.00011336457969304825,0.0080167826932775119,-0.0079034181135844636,False,True
HUST,HUST/HUST_9-2,2138,0.050000000000000003,0.037441536027612868,0.034834943473622905,0.037754651037352802,0.010000000000000009,0.0384974934309118,0,1926,-0.0026065925539899629,0.00031311500973993378,-0.0029197075637298966,False,True
HUST,HUST/HUST_9-3,1900,0.050000000000000003,0.038899153683833225,0.035918243335539335,0.037195194434597588,0.010000000000000009,0.034869230852566657,0,1617,-0.0029809103482938901,-0.001703959249235637,-0.001276951099058253,False,True
HUST,HUST/HUST_9-4,1970,0.050000000000000003,0.03906729697257267,0.037839549591145376,0.042683697550790538,0.010000000000000009,0.03774309475021842,0,1835,-0.0012277473814272938,0.0036164005782178682,-0.004844147959645162,False,True
HUST,HUST/HUST_9-5,2163,0.050000000000000003,0.037661791731382288,0.036919892493192531,0.043624409242628032,0.010000000000000009,0.038295583768917618,0,2084,-0.00074189923818975684,0.0059626175112457436,-0.0067045167494355004,False,True
HUST,HUST/HUST_9-6,1737,0.050000000000000003,0.036792054535617146,0.037759984888045307,0.054824595493075563,0.010000000000000009,0.038836897345731147,0,1737,0.00096793035242816183,0.018032540957458418,-0.017064610605030256,False,True
HUST,HUST/HUST_9-7,2007,0.050000000000000003,0.037681323886872696,0.033446003497720471,0.032325723589253362,0.010000000000000009,0.033071859799698844,0,1705,-0.0042353203891522251,-0.005355600297619334,0.0011202799084671089,False,True
HUST,HUST/HUST_9-8,2303,0.050000000000000003,0.037870348256635329,0.035493989699931484,0.035935391512073589,0.010000000000000009,0.041410193263346051,0,2164,-0.0023763585567038448,-0.0019349567445617402,-0.00044140181214210455,False,True
MATR,MATR/MATR_b1c0,1843,0.050000000000000003,0.043933781789203735,0.037834313122290492,0.023144826063410884,0.010000000000000009,0.042630671588015034,0,1614,-0.0060994686669132436,-0.020788955725792851,0.014689487058879607,False,True
MATR,MATR/MATR_b1c1,2153,0.050000000000000003,0.052702772713647213,0.044735565639033983,0.017832288107883666,0.010000000000000009,0.060917538284614547,0,2035,-0.0079672070746132292,-0.034870484605763544,0.026903277531150318,False,True
MATR,MATR/MATR_b1c11,781,0.050000000000000003,0.070807649954819279,0.061161041182819731,0.016054979152468646,0.010000000000000009,0.084616799669318232,0,781,-0.0096466087719995486,-0.054752670802350634,0.045106062030351085,False,True
MATR,MATR/MATR_b1c14,873,0.050000000000000003,0.071111218326095557,0.061646223249616994,0.022569036791267132,0.010000000000000009,0.079931361450032545,0,867,-0.0094649950764785634,-0.048542181534828421,0.039077186458349858,False,True
MATR,MATR/MATR_b1c15,712,0.050000000000000003,0.066237097459871316,0.05654094674579168,0.023817904880966266,0.010000000000000009,0.062879017430186313,0,697,-0.0096961507140796363,-0.04241919257890505,0.032723041864825414,False,True
MATR,MATR/MATR_b1c16,855,0.050000000000000003,0.058512643466745951,0.050391856504915108,0.023949881412409824,0.010000000000000009,0.058470465920619441,0,763,-0.008120786961830842,-0.03456276205433613,0.026441975092505284,False,True
MATR,MATR/MATR_b1c17,850,0.050000000000000003,0.05844059920518066,0.052899267873416714,0.029606142104934598,0.010000000000000009,0.052222143865581216,0,742,-0.0055413313317639462,-0.028834457100246062,0.023293125768482116,False,True
MATR,MATR/MATR_b1c18,683,0.050000000000000003,0.04514144553393127,0.048450357831446883,0.040757501404091158,0.010000000000000009,0.024489947045014948,0,47,0.0033089122975156135,-0.0043839441298401116,0.0076928564273557251,False,True
MATR,MATR/MATR_b1c19,781,0.050000000000000003,0.056431276579470051,0.047296731551243885,0.034482392087160536,0.010000000000000009,0.032446429393563903,0,756,-0.0091345450282261653,-0.021948884492309514,0.012814339464083349,False,True
MATR,MATR/MATR_b1c2,2229,0.050000000000000003,0.052270641275405601,0.04441589067438418,0.016653795244447989,0.010000000000000009,0.061359265221688997,0,2103,-0.0078547506010214208,-0.035616846030957612,0.027762095429936191,False,True
MATR,MATR/MATR_b1c20,526,0.050000000000000003,0.027996446790794893,0.029696043865376328,0.036231329437305129,0.010000000000000009,0.047493830426203032,0,510,0.0016995970745814354,0.0082348826465102366,-0.0065352855719288012,False,True
MATR,MATR/MATR_b1c21,552,0.050000000000000003,0.037509947776230901,0.040149151644923851,0.048360502675677229,0.010000000000000009,0.049484539087482404,0,534,0.0026392038686929506,0.010850554899446328,-0.0082113510307533777,False,True
MATR,MATR/MATR_b1c23,1007,0.050000000000000003,0.076242996448589201,0.066574128796469303,0.016863709177064624,0.010000000000000009,0.086001512451358231,0,991,-0.0096688676521198974,-0.059379287271524576,0.049710419619404679,False,True
MATR,MATR/MATR_b1c24,1010,0.050000000000000003,0.091453128095676156,0.082284084811030792,0.036589009985785494,0.010000000000000009,0.097475356083369546,0,1007,-0.0091690432846453646,-0.054864118109890662,0.045695074825245298,False,True
MATR,MATR/MATR_b1c25,847,0.050000000000000003,0.084250092965532847,0.074641985222276303,0.017119809073268974,0.010000000000000009,0.093066700167935834,0,844,-0.0096081077432565443,-0.067130283892263873,0.057522176149007329,False,True
MATR,MATR/MATR_b1c26,863,0.050000000000000003,0.063300757015095951,0.054398505603895378,0.031273415036635714,0.010000000000000009,0.049559718375080331,0,832,-0.0089022514112005735,-0.032027341978460237,0.023125090567259664,False,True
MATR,MATR/MATR_b1c27,835,0.050000000000000003,0.067569922732851589,0.058741793422830701,0.023407477681491932,0.010000000000000009,0.063028201414133789,0,809,-0.008828129310020888,-0.044162445051359661,0.035334315741338773,False,True
MATR,MATR/MATR_b1c28,853,0.050000000000000003,0.081586947172076429,0.074604046741962735,0.034960983831250902,0.010000000000000009,0.12757942729747829,0,840,-0.0069829004301136949,-0.046625963340825527,0.039643062910711832,False,True
MATR,MATR/MATR_b1c29,910,0.050000000000000003,0.084446996019281323,0.077122219418894022,0.030165624129963764,0.010000000000000009,0.12736430016058664,0,901,-0.0073247766003873005,-0.054281371889317559,0.046956595288930258,False,True
MATR,MATR/MATR_b1c3,1427,0.050000000000000003,0.052830185802398441,0.045364829377999613,0.017066639833488301,0.010000000000000009,0.064736094658495613,0,1344,-0.007465356424398828,-0.03576354596891014,0.028298189544511312,False,True
MATR,MATR/MATR_b1c30,701,0.050000000000000003,0.061378672341532471,0.054554645714410405,0.031502876705539834,0.010000000000000009,0.070717226792443411,0,671,-0.0068240266271220665,-0.029875795635992637,0.023051769008870571,False,True
MATR,MATR/MATR_b1c31,869,0.050000000000000003,0.065268615300884195,0.058888226481318667,0.026295313829870146,0.010000000000000009,0.062065355038851022,0,852,-0.0063803888195655273,-0.038973301471014049,0.032592912651448522,False,True
MATR,MATR/MATR_b1c32,724,0.050000000000000003,0.070425167960725163,0.066874815172990099,0.038353025998077897,0.010000000000000009,0.1137112592857068,0,704,-0.0035503527877350644,-0.032072141962647266,0.028521789174912202,False,True
MATR,MATR/MATR_b1c33,750,0.050000000000000003,0.069763400691799107,0.06607223028359141,0.040869906993944979,0.010000000000000009,0.12553507849044576,0,736,-0.0036911704082076974,-0.028893493697854128,0.025202323289646431,False,True
MATR,MATR/MATR_b1c34,735,0.050000000000000003,0.077750231804178269,0.069614116599191866,0.0270543727993705,0.010000000000000009,0.1460586834110732,0,729,-0.0081361152049864022,-0.050695859004807768,0.042559743799821366,False,True
MATR,MATR/MATR_b1c35,695,0.050000000000000003,0.074453327415178072,0.066394849782802468,0.033866498803991445,0.010000000000000009,0.14192359722649339,0,686,-0.0080584776323756047,-0.040586828611186627,0.032528350978811023,False,True
MATR,MATR/MATR_b1c36,697,0.050000000000000003,0.079141871399544622,0.07251330712375334,0.039739294087494402,0.010000000000000009,0.15509247474621601,0,692,-0.0066285642757912822,-0.03940257731205022,0.032774013036258938,False,True
MATR,MATR/MATR_b1c37,640,0.050000000000000003,0.075410173125030761,0.069663790588981686,0.038488504887919009,0.010000000000000009,0.15881837870629911,0,636,-0.0057463825360490745,-0.036921668237111752,0.031175285701062677,False,True
MATR,MATR/MATR_b1c38,610,0.050000000000000003,0.061502229281129507,0.05465740111778828,0.053056936528541085,0.010000000000000009,0.13729285597158769,0,602,-0.0068448281633412267,-0.0084452927525884222,0.0016004645892471955,False,True
MATR,MATR/MATR_b1c39,618,0.050000000000000003,0.061852781929713961,0.055447101622029787,0.048173204975047824,0.010000000000000009,0.13705436623091471,0,603,-0.0064056803076841737,-0.013679576954666137,0.007273896646981963,False,True
MATR,MATR/MATR_b1c4,1702,0.050000000000000003,0.055151123699687943,0.046378968729959259,0.014538294551717882,0.010000000000000009,0.069933520572410646,0,1702,-0.0087721549697286835,-0.040612829147970063,0.031840674178241379,False,True
MATR,MATR/MATR_b1c40,959,0.050000000000000003,0.084505537882115692,0.075379985011344255,0.019210787000099136,0.010000000000000009,0.13597435466494101,0,957,-0.0091255528707714362,-0.065294750882016556,0.056169198011245119,False,True
MATR,MATR/MATR_b1c41,1044,0.050000000000000003,0.089151280704987373,0.080849941925699637,0.026067325460571097,0.010000000000000009,0.15387778795199392,0,1040,-0.0083013387792877369,-0.063083955244416276,0.054782616465128539,False,True
MATR,MATR/MATR_b1c42,695,0.050000000000000003,0.065135396060906417,0.059967348260901755,0.049119939041528372,0.010000000000000009,0.17830621729293272,0,689,-0.0051680478000046617,-0.016015457019378045,0.010847409219373383,False,True
MATR,MATR/MATR_b1c43,644,0.050000000000000003,0.063273075013214386,0.055908409135361554,0.033793993273545334,0.010000000000000009,0.17518437229500694,0,638,-0.0073646658778528315,-0.029479081739669052,0.022114415861816221,False,True
MATR,MATR/MATR_b1c44,608,0.050000000000000003,0.058131764713952282,0.063411302945291514,0.18830827977981809,0.010000000000000009,0.19006768608199465,0,604,0.0052795382313392328,0.13017651506586581,-0.12489697683452658,False,True
MATR,MATR/MATR_b1c45,592,0.050000000000000003,0.058480687098867279,0.061094204367339651,0.14589157397492267,0.010000000000000009,0.18168260078392273,0,588,0.002613517268472372,0.087410886876055388,-0.084797369607583023,False,True
MATR,MATR/MATR_b1c5,1067,0.050000000000000003,0.049337824690453121,0.043232697179756807,0.013830578987646417,0.010000000000000009,0.059823940967205003,0,958,-0.0061051275106963135,-0.035507245702806702,0.029402118192110388,False,True
MATR,MATR/MATR_b1c6,629,0.050000000000000003,0.036264623547165947,0.033195239748930468,0.025906278357446806,0.010000000000000009,0.062799951783429675,0,576,-0.0030693837982354796,-0.010358345189719141,0.0072889613914836615,False,True
MATR,MATR/MATR_b1c7,863,0.050000000000000003,0.040384690673533383,0.047632585756557912,0.068564722538487555,0.010000000000000009,0.066832633535635622,0,803,0.007247895083024529,0.028180031864954172,-0.020932136781929643,False,True
MATR,MATR/MATR_b1c9,1046,0.050000000000000003,0.065357528956844185,0.056313079671713069,0.01839039310680354,0.010000000000000009,0.070506884601552522,0,1000,-0.0090444492851311162,-0.046967135850040642,0.037922686564909533,False,True
MATR,MATR/MATR_b2c0,320,0.050000000000000003,0.033127596300304887,0.029059587278489219,0.019303075342003012,0.010000000000000009,0.088848777613701913,0,297,-0.0040680090218156682,-0.013824520958301875,0.009756511936486207,False,True
MATR,MATR/MATR_b2c1,164,0.050000000000000003,0.054259875539697994,0.047097141088131227,0.042854098671889912,0.010000000000000009,0.06104900168517946,0,143,-0.0071627344515667671,-0.011405776867808082,0.0042430424162413147,False,True
MATR,MATR/MATR_b2c10,590,0.050000000000000003,0.028161042610482898,0.029273411317756272,0.017977873929279187,0.010000000000000009,0.10183085536015191,0,356,0.0011123687072733743,-0.010183168681203711,0.011295537388477085,False,True
MATR,MATR/MATR_b2c11,499,0.050000000000000003,0.029922589453422181,0.029900472210005236,0.032653513405096111,0.010000000000000009,0.12459092228076973,0,429,-2.2117243416944904e-05,0.0027309239516739303,-0.0027530411950908752,False,True
MATR,MATR/MATR_b2c12,484,0.050000000000000003,0.026876322137274651,0.023178458724088438,0.022703013484684637,0.010000000000000009,0.10939854781611735,0,450,-0.0036978634131862136,-0.0041733086525900139,0.00047544523940380029,False,True
MATR,MATR/MATR_b2c13,514,0.050000000000000003,0.029500228127569261,0.028757596783347727,0.029772613377066031,0.010000000000000009,0.1360797799177168,0,479,-0.00074263134422153376,0.00027238524949677045,-0.0010150165937183042,False,True
MATR,MATR/MATR_b2c14,503,0.050000000000000003,0.035642038735306143,0.034750420468030827,0.036894060659054852,0.010000000000000009,0.12929711342966999,0,392,-0.00089161826727531673,0.0012520219237487085,-0.0021436401910240252,False,True
MATR,MATR/MATR_b2c17,519,0.050000000000000003,0.033521370127641628,0.037697990745014009,0.046431745539598834,0.010000000000000009,0.12946032890396886,0,346,0.0041766206173723813,0.012910375411957206,-0.0087337547945848248,False,True
MATR,MATR/MATR_b2c18,517,0.050000000000000003,0.026277315419553613,0.026380324437042892,0.035728260652852201,0.010000000000000009,0.13483433373600606,0,474,0.00010300901748927851,0.0094509452332985876,-0.0093479362158093091,False,True
MATR,MATR/MATR_b2c19,483,0.050000000000000003,0.017994972855706476,0.017457614662974456,0.034563768768075695,0.010000000000000009,0.1372576502991516,0,452,-0.00053735819273201951,0.016568795912369219,-0.017106154105101239,False,True
MATR,MATR/MATR_b2c2,458,0.050000000000000003,0.045163216756617143,0.045809500012105688,0.037834562383568686,0.010000000000000009,0.079514517704239229,0,397,0.00064628325548854448,-0.0073286543730484571,0.0079749376285370016,False,True
MATR,MATR/MATR_b2c20,525,0.050000000000000003,0.036140351270463673,0.034506305267777912,0.034032642804846178,0.010000000000000009,0.12767836495510709,0,390,-0.0016340460026857614,-0.0021077084656174958,0.00047366246293173431,False,True
MATR,MATR/MATR_b2c21,514,0.050000000000000003,0.028716727297750877,0.02808390750409568,0.036362506944127147,0.010000000000000009,0.1304187443597894,0,425,-0.00063281979365519686,0.0076457796463762703,-0.0082785994400314672,False,True
MATR,MATR/MATR_b2c22,534,0.050000000000000003,0.034581986102033238,0.034316105173755995,0.039011607207485269,0.010000000000000009,0.12636189912128004,0,448,-0.00026588092827724286,0.0044296211054520307,-0.0046955020337292735,False,True
MATR,MATR/MATR_b2c23,556,0.050000000000000003,0.029618117631751154,0.031580529156613385,0.046544913570966344,0.010000000000000009,0.13164106921024832,0,468,0.0019624115248622308,0.01692679593921519,-0.014964384414352959,False,True
MATR,MATR/MATR_b2c24,518,0.050000000000000003,0.031229956800938749,0.033024576289711276,0.043614438634200905,0.010000000000000009,0.13146873945914095,0,412,0.0017946194887725267,0.012384481833262156,-0.01058986234448963,False,True
MATR,MATR/MATR_b2c25,481,0.050000000000000003,0.024302446141242041,0.024363310915411551,0.038156215329482421,0.010000000000000009,0.13464792647291501,0,408,6.0864774169510499e-05,0.01385376918824038,-0.01379290441407087,False,True
MATR,MATR/MATR_b2c26,492,0.050000000000000003,0.02700192894068007,0.027091277501704626,0.039434748826732445,0.010000000000000009,0.13603007313095128,0,397,8.9348561024556183e-05,0.012432819886052375,-0.012343471325027819,False,True
MATR,MATR/MATR_b2c27,489,0.050000000000000003,0.033564147255570331,0.033225691715229745,0.039394312628518086,0.010000000000000009,0.12945963406167182,0,409,-0.00033845554034058617,0.0058301653729477543,-0.0061686209132883404,False,True
MATR,MATR/MATR_b2c28,535,0.050000000000000003,0.03219603964209846,0.037871204727588891,0.044041866458190249,0.010000000000000009,0.12810581244244568,0,269,0.0056751650854904301,0.011845826816091788,-0.0061706617306013581,False,True
MATR,MATR/MATR_b2c29,516,0.050000000000000003,0.040430563444847953,0.040573030420917533,0.044729086366601938,0.010000000000000009,0.12848549407899279,0,384,0.00014246697606958014,0.0042985229217539847,-0.0041560559456844046,False,True
MATR,MATR/MATR_b2c3,355,0.050000000000000003,0.035716837020488897,0.030282173143998187,0.012866791883268031,0.010000000000000009,0.10246432236908198,0,299,-0.0054346638764907092,-0.022850045137220866,0.017415381260730157,False,True
MATR,MATR/MATR_b2c30,501,0.050000000000000003,0.034771747091326598,0.034631813677531507,0.039073986252092748,0.010000000000000009,0.12812386470638792,0,420,-0.00013993341379509028,0.0043022391607661498,-0.00444217257456124,False,True
MATR,MATR/MATR_b2c31,513,0.050000000000000003,0.038312450296715331,0.036707574434455617,0.032598257015980521,0.010000000000000009,0.12915925793597471,0,411,-0.0016048758622597137,-0.0057141932807348098,0.0041093174184750961,False,True
MATR,MATR/MATR_b2c32,538,0.050000000000000003,0.039188160122139847,0.039240069444672079,0.040379048419661605,0.010000000000000009,0.13141089912671888,0,413,5.1909322532232849e-05,0.0011908882975217583,-0.0011389789749895254,False,True
MATR,MATR/MATR_b2c33,540,0.050000000000000003,0.042971046879706709,0.041413586181968789,0.042334969189090327,0.010000000000000009,0.14007619809720873,0,415,-0.0015574606977379196,-0.00063607769061638231,-0.00092138300712153731,False,True
MATR,MATR/MATR_b2c34,520,0.050000000000000003,0.04373892359742839,0.042290753243091651,0.032104256491250122,0.010000000000000009,0.13206364545210336,0,462,-0.0014481703543367391,-0.011634667106178269,0.01018649675184153,False,True
MATR,MATR/MATR_b2c35,480,0.050000000000000003,0.039504126239968046,0.037362723080878693,0.025140227025203868,0.010000000000000009,0.13008942134703305,0,362,-0.0021414031590893529,-0.014363899214764178,0.012222496055674825,False,True
MATR,MATR/MATR_b2c36,554,0.050000000000000003,0.040920499874832039,0.040150177237492146,0.047038981985764478,0.010000000000000009,0.11760765101313642,0,430,-0.00077032263733989303,0.0061184821109324383,-0.0068888047482723314,False,True
MATR,MATR/MATR_b2c37,496,0.050000000000000003,0.042198883150841728,0.042405468641403501,0.047138686286310301,0.010000000000000009,0.11883253557181761,0,359,0.00020658549056177394,0.0049398031354685734,-0.0047332176449067995,False,True
MATR,MATR/MATR_b2c38,481,0.050000000000000003,0.039784361363513286,0.039186157348231151,0.041878727703322995,0.010000000000000009,0.13677183862654585,0,355,-0.00059820401528213468,0.0020943663398097084,-0.0026925703550918431,False,True
MATR,MATR/MATR_b2c39,474,0.050000000000000003,0.044446593533356255,0.043053981647670964,0.041308541643808601,0.010000000000000009,0.14917590276093629,0,355,-0.0013926118856852909,-0.0031380518895476536,0.0017454400038623627,False,True
MATR,MATR/MATR_b2c4,465,0.050000000000000003,0.027886683885035936,0.025604160333641705,0.027131005496130397,0.010000000000000009,0.12023101336567388,0,431,-0.0022825235513942305,-0.00075567838890553893,-0.0015268451624886915,False,True
MATR,MATR/MATR_b2c40,524,0.050000000000000003,0.02991648095494032,0.029998106316826256,0.034500397283398043,0.010000000000000009,0.12252127127968571,0,427,8.1625361885936248e-05,0.0045839163284577232,-0.004502290966571787,False,True
MATR,MATR/MATR_b2c41,446,0.050000000000000003,0.03523909039866556,0.036127771496761905,0.031459854602104334,0.010000000000000009,0.14419598604330164,0,359,0.00088868109809634582,-0.0037792357965612255,0.0046679168946575714,False,True
MATR,MATR/MATR_b2c42,486,0.050000000000000003,0.034201817954050924,0.035158684612309067,0.03967451430208796,0.010000000000000009,0.1133747243203781,0,340,0.0009568666582581431,0.0054726963480370358,-0.0045158296897788927,False,True
MATR,MATR/MATR_b2c43,481,0.050000000000000003,0.03525523060623903,0.036311146259661913,0.041776279025045368,0.010000000000000009,0.10807569150548146,0,353,0.0010559156534228828,0.0065210484188063383,-0.0054651327653834555,False,True
MATR,MATR/MATR_b2c44,472,0.050000000000000003,0.036629342194839778,0.039271986694183088,0.047885519563522813,0.010000000000000009,0.11095029631474207,0,406,0.0026426444993433093,0.011256177368683035,-0.0086135328693397253,False,True
MATR,MATR/MATR_b2c45,508,0.050000000000000003,0.035936688182537209,0.034020836026541428,0.036750041773514409,0.010000000000000009,0.11954614029450039,0,431,-0.0019158521559957814,0.0008133535909772005,-0.0027292057469729819,False,True
MATR,MATR/MATR_b2c46,443,0.050000000000000003,0.035971203670089949,0.039210907728684741,0.048338999877148368,0.010000000000000009,0.15274883032630104,0,369,0.0032397040585947917,0.012367796207058419,-0.0091280921484636277,False,True
MATR,MATR/MATR_b2c47,739,0.050000000000000003,0.033270752901342175,0.038461289034032078,0.03557328821749501,0.010000000000000009,0.10251186490283104,0,524,0.0051905361326899033,0.0023025353161528345,0.0028880008165370688,False,True
MATR,MATR/MATR_b2c5,501,0.050000000000000003,0.035971497045381842,0.034796382298317927,0.039603675671179964,0.010000000000000009,0.12474512056800879,0,433,-0.0011751147470639156,0.0036321786257981215,-0.0048072933728620371,False,True
MATR,MATR/MATR_b2c6,539,0.050000000000000003,0.02197008893020902,0.019911834287609047,0.045910962530160644,0.010000000000000009,0.11035824118639459,0,500,-0.0020582546425999722,0.023940873599951625,-0.025999128242551597,False,True
MATR,MATR/MATR_b3c0,1002,0.050000000000000003,0.029458444954256289,0.037874038546574527,0.0546179462736665,0.010000000000000009,0.083984871066083211,0,977,0.0084155935923182386,0.025159501319410211,-0.016743907727091972,False,True
MATR,MATR/MATR_b3c1,1056,0.050000000000000003,0.040009418910732175,0.048043501055310446,0.068106877633650975,0.010000000000000009,0.083493178729426965,0,1026,0.0080340821445782709,0.0280974587229188,-0.020063376578340529,False,True
MATR,MATR/MATR_b3c10,1071,0.050000000000000003,0.03523202595332682,0.032306368277997898,0.018937733565997209,0.010000000000000009,0.027676149563392483,0,776,-0.0029256576753289229,-0.016294292387329611,0.013368634712000688,False,True
MATR,MATR/MATR_b3c11,810,0.050000000000000003,0.02527744889135735,0.032549231001757509,0.02586082222762242,0.010000000000000009,0.048055879885121056,0,239,0.0072717821104001587,0.00058337333626506949,0.0066884087741350892,False,True
MATR,MATR/MATR_b3c12,925,0.050000000000000003,0.037232340134012075,0.044227414434021818,0.050046693265721948,0.010000000000000009,0.082203869846415478,0,602,0.0069950743000097432,0.012814353131709873,-0.0058192788317001296,False,True
MATR,MATR/MATR_b3c13,809,0.050000000000000003,0.02619847141075847,0.032397205540460286,0.024282297646445211,0.010000000000000009,0.057684479665604749,0,148,0.0061987341297018161,-0.0019161737643132587,0.0081149078940150748,False,True
MATR,MATR/MATR_b3c14,851,0.050000000000000003,0.03393914945783065,0.041121579729673369,0.03621848260607171,0.010000000000000009,0.077262308037829297,0,232,0.0071824302718427185,0.0022793331482410598,0.0049030971236016588,False,True
MATR,MATR/MATR_b3c15,869,0.050000000000000003,0.030757916595253634,0.036268421899763002,0.038877398776927995,0.010000000000000009,0.078453028827773275,0,451,0.005510505304509368,0.0081194821816743604,-0.0026089768771649924,False,True
MATR,MATR/MATR_b3c16,1631,0.050000000000000003,0.043940970658263585,0.037099564870413174,0.021846685444009525,0.010000000000000009,0.03954050741323456,0,1434,-0.0068414057878504117,-0.022094285214254061,0.015252879426403649,False,True
MATR,MATR/MATR_b3c17,1308,0.050000000000000003,0.042398319649581774,0.050596746538543826,0.063977967592151339,0.010000000000000009,0.082613324951498202,0,1263,0.0081984268889620515,0.021579647942569564,-0.013381221053607513,False,True
MATR,MATR/MATR_b3c18,1139,0.050000000000000003,0.034231697280854137,0.040207620287817623,0.056653136399761349,0.010000000000000009,0.081018989140547504,0,965,0.0059759230069634864,0.022421439118907212,-0.016445516111943725,False,True
MATR,MATR/MATR_b3c19,1148,0.050000000000000003,0.037769996147533721,0.042840526406690511,0.037258477915681987,0.010000000000000009,0.075582229116744282,0,803,0.00507053025915679,-0.00051151823185173473,0.0055820484910085247,False,True
MATR,MATR/MATR_b3c20,806,0.050000000000000003,0.025085416873083081,0.033100145692723466,0.057186985135385983,0.010000000000000009,0.089034135209476672,0,764,0.0080147288196403856,0.032101568262302899,-0.024086839442662517,False,True
MATR,MATR/MATR_b3c21,765,0.050000000000000003,0.018165589077420406,0.024846558229385737,0.046760772452511777,0.010000000000000009,0.077922440890264122,0,487,0.0066809691519653311,0.028595183375091371,-0.02191421422312604,False,True
MATR,MATR/MATR_b3c22,995,0.050000000000000003,0.06508337702045161,0.07064832913658961,0.05123962710560083,0.010000000000000009,0.048839254000441867,0,723,0.005564952116138,-0.013843749914850781,0.019408702030988781,False,True
MATR,MATR/MATR_b3c24,818,0.050000000000000003,0.024565031476666759,0.032999096978079713,0.047989624382172372,0.010000000000000009,0.063496240240959123,0,796,0.0084340655014129538,0.023424592905505612,-0.014990527404092659,False,True
MATR,MATR/MATR_b3c25,982,0.050000000000000003,0.041628182432194849,0.045183232817813716,0.034776807840361565,0.010000000000000009,0.046620509540305166,0,338,0.0035550503856188673,-0.0068513745918332841,0.010406424977452151,False,True
MATR,MATR/MATR_b3c26,1021,0.050000000000000003,0.035412794152149235,0.039847723969103688,0.031929519780625852,0.010000000000000009,0.053404564938779431,0,169,0.0044349298169544527,-0.003483274371523383,0.0079182041884778356,False,True
MATR,MATR/MATR_b3c27,843,0.050000000000000003,0.033742867778904381,0.040235124119795879,0.032728514402230784,0.010000000000000009,0.082068089200133754,0,219,0.0064922563408914974,-0.0010143533766735977,0.007506609717565095,False,True
MATR,MATR/MATR_b3c28,534,0.050000000000000003,0.014861919714946305,0.017983027908012726,0.033327487094159884,0.010000000000000009,0.086535791082543279,0,334,0.0031211081930664214,0.018465567379213579,-0.015344459186147158,False,True
MATR,MATR/MATR_b3c29,851,0.050000000000000003,0.030763792416447867,0.037062340874774377,0.037729725155485207,0.010000000000000009,0.075356201690313873,0,511,0.0062985484583265097,0.0069659327390373393,-0.00066738428071082961,False,True
MATR,MATR/MATR_b3c3,1108,0.050000000000000003,0.040940244497908812,0.049293931680377809,0.075883727179524227,0.010000000000000009,0.085729480190677054,0,1094,0.0083536871824689968,0.034943482681615415,-0.026589795499146418,False,True
MATR,MATR/MATR_b3c30,928,0.050000000000000003,0.03783680804791751,0.045542206457497077,0.041106063519184492,0.010000000000000009,0.081821785678924952,0,199,0.0077053984095795669,0.0032692554712669825,0.0044361429383125844,False,True
MATR,MATR/MATR_b3c31,724,0.050000000000000003,0.049609306056042614,0.048642428008659644,0.032492990548040376,0.010000000000000009,0.042515057924838229,0,617,-0.00096687804738296995,-0.017116315508002237,0.016149437460619268,False,True
MATR,MATR/MATR_b3c33,1277,0.050000000000000003,0.035365213299770805,0.04151937410333436,0.032744323313643194,0.010000000000000009,0.072349649386874382,0,109,0.0061541608035635548,-0.0026208899861276114,0.0087750507896911661,False,True
MATR,MATR/MATR_b3c34,1151,0.050000000000000003,0.038880908434484301,0.04557566117933632,0.039253967621752386,0.010000000000000009,0.081603133819478035,0,431,0.0066947527448520186,0.00037305918726808496,0.0063216935575839336,False,True
MATR,MATR/MATR_b3c35,1086,0.050000000000000003,0.03164890859323935,0.035734462440210495,0.050503156429603374,0.010000000000000009,0.074782365883320545,0,739,0.0040855538469711447,0.018854247836364024,-0.01476869398939288,False,True
MATR,MATR/MATR_b3c36,916,0.050000000000000003,0.035649270410594902,0.044098938350517335,0.062288827930437371,0.010000000000000009,0.095381624411023602,0,867,0.0084496679399224325,0.026639557519842469,-0.018189889579920036,False,True
MATR,MATR/MATR_b3c38,1928,0.050000000000000003,0.045126752572132695,0.053795323672119748,0.061192832641982234,0.010000000000000009,0.067209399251094037,0,993,0.0086685710999870533,0.016066080069849539,-0.007397508969862486,False,True
MATR,MATR/MATR_b3c39,1149,0.050000000000000003,0.044937372698609798,0.051858900017791768,0.055778061548464021,0.010000000000000009,0.078389123231859315,0,725,0.0069215273191819693,0.010840688849854223,-0.0039191615306722535,False,True
MATR,MATR/MATR_b3c4,1041,0.050000000000000003,0.033213342871038325,0.036358781024568756,0.029848432888995097,0.010000000000000009,0.074232812654207336,0,450,0.0031454381535304318,-0.0033649099820432272,0.0065103481355736591,False,True
MATR,MATR/MATR_b3c40,789,0.050000000000000003,0.0259996951316473,0.03296816542232979,0.043330918560350457,0.010000000000000009,0.084289116086882276,0,664,0.0069684702906824894,0.017331223428703156,-0.010362753138020667,False,True
MATR,MATR/MATR_b3c41,779,0.050000000000000003,0.035311220856814457,0.040616974593481382,0.045452454821987627,0.010000000000000009,0.07760352656438374,0,491,0.0053057537366669252,0.01014123396517317,-0.0048354802285062448,False,True
MATR,MATR/MATR_b3c44,933,0.050000000000000003,0.041623920575090213,0.049849695707727272,0.052332420522352097,0.010000000000000009,0.083182300158824662,0,723,0.0082257751326370587,0.010708499947261883,-0.0024827248146248246,False,True
MATR,MATR/MATR_b3c45,1794,0.050000000000000003,0.047180385875329155,0.040445465567626147,0.026072747277534964,0.010000000000000009,0.035880707121235034,0,1530,-0.0067349203077030073,-0.021107638597794191,0.014372718290091183,False,True
MATR,MATR/MATR_b3c5,821,0.050000000000000003,0.032447116475086059,0.037670668560820381,0.024765760168113198,0.010000000000000009,0.047037686406567358,0,343,0.0052235520857343218,-0.0076813563069728606,0.012904908392707182,False,True
MATR,MATR/MATR_b3c6,660,0.050000000000000003,0.01464265607504452,0.01716976056950488,0.044789039488295809,0.010000000000000009,0.090895879714743,0,517,0.0025271044944603603,0.03014638341325129,-0.027619278918790929,False,True
MATR,MATR/MATR_b3c7,1829,0.050000000000000003,0.049529046790074735,0.042147607259443554,0.025909445039997651,0.010000000000000009,0.039599657783894071,0,1540,-0.0073814395306311814,-0.023619601750077084,0.016238162219445903,False,True
MATR,MATR/MATR_b3c8,821,0.050000000000000003,0.025577996755151093,0.033677493829999752,0.058094176419194003,0.010000000000000009,0.087106988660714424,0,804,0.0080994970748486592,0.03251617966404291,-0.024416682589194251,False,True
MATR,MATR/MATR_b3c9,1032,0.050000000000000003,0.045657735073629968,0.053888502574328132,0.072117249863117419,0.010000000000000009,0.084464769517060168,0,1010,0.0082307675006981634,0.026459514789487451,-0.018228747288789288,False,True
MATR,MATR/MATR_b4c0,977,0.050000000000000003,0.04607759903620294,0.04144140648282444,0.02171976293512275,0.010000000000000009,0.13472582485647056,0,909,-0.0046361925533785001,-0.02435783610108019,0.01972164354770169,False,True
MATR,MATR/MATR_b4c1,856,0.050000000000000003,0.046838592899846911,0.042543798728402943,0.034627861633346607,0.010000000000000009,0.13195630118767976,0,781,-0.0042947941714439677,-0.012210731266500303,0.0079159370950563357,False,True
MATR,MATR/MATR_b4c10,1077,0.050000000000000003,0.075663762751267266,0.072513412189600002,0.042191361449547091,0.010000000000000009,0.14698893158113013,0,846,-0.0031503505616672645,-0.033472401301720175,0.030322050740052911,False,True
MATR,MATR/MATR_b4c11,925,0.050000000000000003,0.046446957051695652,0.04715133796506342,0.027350747790452327,0.010000000000000009,0.088680697146790832,0,702,0.00070438091336776781,-0.019096209261243325,0.019800590174611093,False,True
MATR,MATR/MATR_b4c12,893,0.050000000000000003,0.055945033785123985,0.050455926305783869,0.030832978558583937,0.010000000000000009,0.093810923315982842,0,827,-0.0054891074793401162,-0.025112055226540048,0.019622947747199932,False,True
MATR,MATR/MATR_b4c13,864,0.050000000000000003,0.059610602544010786,0.054546102177226212,0.03390502854099,0.010000000000000009,0.099641003132630135,0,815,-0.0050645003667845745,-0.025705574003020787,0.020641073636236212,False,True
MATR,MATR/MATR_b4c14,762,0.050000000000000003,0.087947379884206187,0.086220100039175337,0.052809616735834335,0.010000000000000009,0.12224797842825841,0,685,-0.0017272798450308491,-0.035137763148371852,0.033410483303341003,False,True
MATR,MATR/MATR_b4c15,866,0.050000000000000003,0.10082716720227407,0.094564062097525353,0.052755519730537236,0.010000000000000009,0.14669961269410348,0,824,-0.0062631051047487146,-0.048071647471736832,0.041808542366988118,False,True
MATR,MATR/MATR_b4c16,978,0.050000000000000003,0.075896144597541834,0.072790179602405553,0.038042614452504259,0.010000000000000009,0.079332666478808544,0,953,-0.0031059649951362817,-0.037853530145037576,0.034747565149901294,False,True
MATR,MATR/MATR_b4c17,925,0.050000000000000003,0.071278848511672321,0.066445292879591916,0.027432449610379373,0.010000000000000009,0.091240722972603217,0,914,-0.0048335556320804052,-0.043846398901292952,0.039012843269212547,False,True
MATR,MATR/MATR_b4c18,1052,0.050000000000000003,0.06492141909797508,0.061383740083952122,0.029817800583580301,0.010000000000000009,0.14052296109783169,0,1036,-0.0035376790140229583,-0.03510361851439478,0.031565939500371822,False,True
MATR,MATR/MATR_b4c19,1106,0.050000000000000003,0.080294329653236671,0.074143642849196278,0.028600953140014658,0.010000000000000009,0.096093128580378995,0,1086,-0.0061506868040403923,-0.051693376513222013,0.04554268970918162,False,True
MATR,MATR/MATR_b4c2,779,0.050000000000000003,0.046122156533605296,0.040198859788322182,0.010924340421584855,0.010000000000000009,0.064996119000559349,0,762,-0.0059232967452831145,-0.035197816112020441,0.029274519366737327,False,True
MATR,MATR/MATR_b4c20,799,0.050000000000000003,0.040317434189439581,0.037580123822086316,0.017613144409709472,0.010000000000000009,0.06867160001689232,0,771,-0.0027373103673532656,-0.022704289779730109,0.019966979412376844,False,True
MATR,MATR/MATR_b4c21,898,0.050000000000000003,0.058619052820791134,0.055313824694672421,0.02975674948649944,0.010000000000000009,0.14837049942616598,0,747,-0.003305228126118713,-0.028862303334291694,0.025557075208172981,False,True
MATR,MATR/MATR_b4c22,740,0.050000000000000003,0.072781413836879194,0.069923431456026017,0.033231226711909902,0.010000000000000009,0.1140916609866508,0,708,-0.0028579823808531774,-0.039550187124969292,0.036692204744116115,False,True
MATR,MATR/MATR_b4c23,1089,0.050000000000000003,0.060293173457646392,0.059137289184684409,0.030285702136838295,0.010000000000000009,0.07491558290999023,0,1070,-0.0011558842729619823,-0.030007471320808096,0.028851587047846114,False,True
MATR,MATR/MATR_b4c24,1110,0.050000000000000003,0.0544979113445399,0.047273380485046083,0.025279748526975513,0.010000000000000009,0.12610300047148626,0,1081,-0.0072245308594938162,-0.029218162817564387,0.02199363195807057,False,True
MATR,MATR/MATR_b4c25,562,0.050000000000000003,0.089470399639294845,0.085474143805515865,0.036733235987987348,0.010000000000000009,0.14370801626687757,0,535,-0.0039962558337789805,-0.052737163651307498,0.048740907817528517,False,True
MATR,MATR/MATR_b4c26,574,0.050000000000000003,0.088079080754010469,0.082029233669425855,0.032550360514322488,0.010000000000000009,0.14117451634417688,0,551,-0.0060498470845846142,-0.055528720239687981,0.049478873155103367,False,True
MATR,MATR/MATR_b4c27,558,0.050000000000000003,0.068625927756244598,0.063646433646984552,0.031614784549890272,0.010000000000000009,0.10837790205866671,0,518,-0.0049794941092600464,-0.037011143206354326,0.032031649097094279,False,True
MATR,MATR/MATR_b4c28,877,0.050000000000000003,0.055650678315477549,0.050604791814017454,0.030862423040600807,0.010000000000000009,0.089600152293990876,0,813,-0.0050458865014600951,-0.024788255274876742,0.019742368773416646,False,True
MATR,MATR/MATR_b4c29,951,0.050000000000000003,0.046970876992992502,0.044415959416324716,0.023739132749085439,0.010000000000000009,0.10688322076155599,0,878,-0.0025549175766677867,-0.023231744243907063,0.020676826667239277,False,True
MATR,MATR/MATR_b4c3,906,0.050000000000000003,0.079124582134995541,0.072608974363085929,0.028910897451174408,0.010000000000000009,0.11500877240748875,0,895,-0.0065156077719096123,-0.050213684683821133,0.043698076911911521,False,True
MATR,MATR/MATR_b4c30,714,0.050000000000000003,0.049961740111081211,0.044651929240822105,0.022853913057537353,0.010000000000000009,0.10774304876320184,0,663,-0.005309810870259106,-0.027107827053543858,0.021798016183284752,False,True
MATR,MATR/MATR_b4c31,827,0.050000000000000003,0.15799338783071207,0.15204791853607991,0.088778436386087026,0.010000000000000009,0.20254101541990688,0,787,-0.0059454692946321608,-0.069214951444625042,0.063269482149992881,False,True
MATR,MATR/MATR_b4c32,834,0.050000000000000003,0.074445375237509132,0.068648139459291616,0.028387169496413924,0.010000000000000009,0.084710895490395122,0,806,-0.005797235778217516,-0.046058205741095204,0.040260969962877688,False,True
MATR,MATR/MATR_b4c33,525,0.050000000000000003,0.066464426924071895,0.065070035415764615,0.027968980129372475,0.010000000000000009,0.085300368283737438,0,489,-0.00139439150830728,-0.03849544679469942,0.03710105528639214,False,True
MATR,MATR/MATR_b4c34,992,0.050000000000000003,0.046541803949636383,0.042066270882043753,0.02552288889641055,0.010000000000000009,0.10233085206104653,0,959,-0.0044755330675926297,-0.021018915053225833,0.016543381985633203,False,True
MATR,MATR/MATR_b4c35,1126,0.050000000000000003,0.045272588322433617,0.041313283495307579,0.021752413945446802,0.010000000000000009,0.094294674458548666,0,1034,-0.0039593048271260381,-0.023520174376986815,0.019560869549860777,False,True
MATR,MATR/MATR_b4c36,708,0.050000000000000003,0.088769732143052851,0.083556091307123576,0.03220782298303964,0.010000000000000009,0.14742906963308011,0,687,-0.0052136408359292757,-0.056561909160013212,0.051348268324083936,False,True
MATR,MATR/MATR_b4c37,1000,0.050000000000000003,0.076896061603758753,0.073136761440704356,0.029521470298521413,0.010000000000000009,0.12420857326297197,0,984,-0.0037593001630543965,-0.047374591305237343,0.043615291142182946,False,True
MATR,MATR/MATR_b4c38,1225,0.050000000000000003,0.050106466376956441,0.047706271963222462,0.029813041731096213,0.010000000000000009,0.085063280178892975,0,1188,-0.002400194413733979,-0.020293424645860227,0.017893230232126248,False,True
MATR,MATR/MATR_b4c39,756,0.050000000000000003,0.069231542836167545,0.07000038862043502,0.044345901313592714,0.010000000000000009,0.062764527200698361,0,726,0.00076884578426747452,-0.024885641522574831,0.025654487306842305,False,True
MATR,MATR/MATR_b4c4,907,0.050000000000000003,0.14656312299169524,0.13968867437109717,0.074335269323993383,0.010000000000000009,0.19859566016951746,0,877,-0.0068744486205980782,-0.072227853667701861,0.065353405047103783,False,True
MATR,MATR/MATR_b4c40,1117,0.050000000000000003,0.046999605863017394,0.041819180849266384,0.031214134908863083,0.010000000000000009,0.080315426856467642,0,1012,-0.0051804250137510097,-0.01578547095415431,0.010605045940403301,False,True
MATR,MATR/MATR_b4c41,992,0.050000000000000003,0.071725309583435828,0.067214331329652405,0.039260908042542543,0.010000000000000009,0.14584882230719731,0,930,-0.0045109782537834237,-0.032464401540893285,0.027953423287109862,False,True
MATR,MATR/MATR_b4c42,910,0.050000000000000003,0.061983259736157308,0.062150419917051995,0.04009995304032056,0.010000000000000009,0.1299386850653228,0,672,0.00016716018089468765,-0.021883306695836748,0.022050466876731435,False,True
MATR,MATR/MATR_b4c43,946,0.050000000000000003,0.077809092402302174,0.071791833030192098,0.039435982738759305,0.010000000000000009,0.15704304831383054,0,865,-0.0060172593721100759,-0.038373109663542869,0.032355850291432793,False,True
MATR,MATR/MATR_b4c44,1072,0.050000000000000003,0.065165207796151467,0.063221247486849874,0.032801375939985833,0.010000000000000009,0.091146066380545565,0,1038,-0.0019439603093015928,-0.032363831856165634,0.030419871546864041,False,True
MATR,MATR/MATR_b4c5,1062,0.050000000000000003,0.060590630439963974,0.058365941453323578,0.025981221235265917,0.010000000000000009,0.12505850399270568,0,1038,-0.0022246889866403968,-0.034609409204698058,0.032384720218057661,False,True
MATR,MATR/MATR_b4c6,772,0.050000000000000003,0.067160752939591159,0.065596351867662384,0.029066743294686635,0.010000000000000009,0.078944222115207907,0,756,-0.0015644010719287754,-0.038094009644904524,0.036529608572975748,False,True
MATR,MATR/MATR_b4c7,557,0.050000000000000003,0.069112865024360537,0.068719696677454284,0.038366785410532532,0.010000000000000009,0.092006342863716783,0,513,-0.00039316834690625302,-0.030746079613828005,0.030352911266921752,False,True
MATR,MATR/MATR_b4c8,713,0.050000000000000003,0.038183145707800542,0.037253219238983531,0.024424001292156872,0.010000000000000009,0.089836895395535077,0,549,-0.00092992646881701058,-0.01375914441564367,0.012829217946826659,False,True
MATR,MATR/MATR_b4c9,524,0.050000000000000003,0.075870588570352629,0.069070676326460967,0.034856122704422766,0.010000000000000009,0.12478918752209733,0,491,-0.006799912243891662,-0.041014465865929862,0.0342145536220382,False,True
MICH,MICH/MICH_BLForm10_pouch_NMC_25C_0-100_1-1C_j,454,0.050000000000000003,0.11751890399482753,0.10945190098650623,0.06897164283975675,0.010000000000000009,0.26097789182848591,0,391,-0.0080670030083213051,-0.048547261155070784,0.040480258146749479,False,True
MICH,MICH/MICH_BLForm11_pouch_NMC_25C_0-100_1-1C_a,420,0.050000000000000003,0.072069054614805714,0.064407217732663793,0.040308992744828853,0.010000000000000009,0.18317677816539779,0,352,-0.0076618368821419203,-0.031760061869976861,0.02409822498783494,False,True
MICH,MICH/MICH_BLForm12_pouch_NMC_25C_0-100_1-1C_b,427,0.050000000000000003,0.092060626199800696,0.084352174327514615,0.04927934429323156,0.010000000000000009,0.19010566378175753,0,346,-0.0077084518722860818,-0.042781281906569137,0.035072830034283055,False,True
MICH,MICH/MICH_BLForm13_pouch_NMC_25C_0-100_1-1C_c,432,0.050000000000000003,0.10895229114567194,0.10086413936006801,0.057649363436827805,0.010000000000000009,0.21943027531082204,0,357,-0.0080881517856039309,-0.051302927708844134,0.043214775923240203,False,True
MICH,MICH/MICH_BLForm14_pouch_NMC_25C_0-100_1-1C_d,471,0.050000000000000003,0.082738987987061016,0.075327311840001007,0.046303806532070675,0.010000000000000009,0.22510690975804004,0,392,-0.007411676147060009,-0.036435181454990341,0.029023505307930332,False,True
MICH,MICH/MICH_BLForm15_pouch_NMC_25C_0-100_1-1C_e,437,0.050000000000000003,0.10779251865960029,0.09993901472193642,0.059241213159906693,0.010000000000000009,0.22210838347243966,0,366,-0.0078535039376638749,-0.048551305499693602,0.040697801562029727,False,True
MICH,MICH/MICH_BLForm16_pouch_NMC_25C_0-100_1-1C_f,437,0.050000000000000003,0.10282468737165415,0.095856979908438125,0.061207540884149404,0.010000000000000009,0.23524216425437017,0,364,-0.0069677074632160246,-0.041617146487504746,0.034649439024288721,False,True
MICH,MICH/MICH_BLForm17_pouch_NMC_25C_0-100_1-1C_g,437,0.050000000000000003,0.1433495813674511,0.13515315180011511,0.078720996081569933,0.010000000000000009,0.22157072125702093,0,369,-0.0081964295673359888,-0.064628585285881168,0.056432155718545179,False,True
MICH,MICH/MICH_BLForm18_pouch_NMC_25C_0-100_1-1C_h,433,0.050000000000000003,0.12030539475728355,0.11225559668868476,0.066065977427342465,0.010000000000000009,0.22098366066935382,0,359,-0.0080497980685987902,-0.054239417329941086,0.046189619261342296,False,True
MICH,MICH/MICH_BLForm19_pouch_NMC_25C_0-100_1-1C_i,437,0.050000000000000003,0.10213733363610342,0.09403270839963461,0.054967159622078786,0.010000000000000009,0.22204677391426941,0,365,-0.0081046252364688071,-0.047170174014024631,0.039065548777555824,False,True
MICH,MICH/MICH_BLForm1_pouch_NMC_45C_0-100_1-1C_a,487,0.050000000000000003,0.16203310756160083,0.15363211393645329,0.098077413901647204,0.010000000000000009,0.2522101029398055,0,423,-0.0084009936251475403,-0.063955693659953627,0.055554700034806087,False,True
MICH,MICH/MICH_BLForm20_pouch_NMC_25C_0-100_1-1C_j,437,0.050000000000000003,0.13724903483431189,0.12860856840778132,0.07153977565499911,0.010000000000000009,0.22634826197254632,0,369,-0.0086404664265305742,-0.065709259179312779,0.057068792752782205,False,True
MICH,MICH/MICH_BLForm2_pouch_NMC_45C_0-100_1-1C_b,459,0.050000000000000003,0.15631866460490448,0.14787170904328928,0.088238374722093574,0.010000000000000009,0.24491714429718414,0,398,-0.0084469555616152048,-0.06808028988281091,0.059633334321195705,False,True
MICH,MICH/MICH_BLForm3_pouch_NMC_45C_0-100_1-1C_c,507,0.050000000000000003,0.082066040975159821,0.075240145714552203,0.04721094541905501,0.010000000000000009,0.27166412749661262,0,434,-0.0068258952606076173,-0.034855095556104811,0.028029200295497193,False,True
MICH,MICH/MICH_BLForm4_pouch_NMC_45C_0-100_1-1C_d,487,0.050000000000000003,0.16530079064025113,0.15717080861057858,0.098171350089587758,0.010000000000000009,0.24896089652611475,0,424,-0.00812998202967255,-0.067129440550663375,0.058999458520990825,False,True
MICH,MICH/MICH_BLForm5_pouch_NMC_45C_0-100_1-1C_e,487,0.050000000000000003,0.1591121862416883,0.15089364076300499,0.098356816276296236,0.010000000000000009,0.24800601066014438,0,424,-0.008218545478683309,-0.060755369965392061,0.052536824486708752,False,True
MICH,MICH/MICH_BLForm6_pouch_NMC_45C_0-100_1-1C_f,449,0.050000000000000003,0.10515792915763521,0.096942949182391686,0.064883236317482065,0.010000000000000009,0.25799251460631722,0,382,-0.0082149799752435221,-0.040274692840153142,0.03205971286490962,False,True
MICH,MICH/MICH_BLForm7_pouch_NMC_45C_0-100_1-1C_g,452,0.050000000000000003,0.12906581785991386,0.12102327040785203,0.077515871683766224,0.010000000000000009,0.25522334471124236,0,387,-0.0080425474520618295,-0.051549946176147637,0.043507398724085808,False,True
MICH,MICH/MICH_BLForm8_pouch_NMC_45C_0-100_1-1C_h,487,0.050000000000000003,0.15760850399414406,0.14948514636106464,0.097107546577603177,0.010000000000000009,0.2519254015599991,0,422,-0.0081233576330794199,-0.060500957416540879,0.052377599783461459,False,True
MICH,MICH/MICH_BLForm9_pouch_NMC_45C_0-100_1-1C_i,569,0.050000000000000003,0.29232785888310603,0.28331539857670152,0.21027783294446745,0.010000000000000009,0.24896036109201858,0,505,-0.0090124603064045128,-0.082050025938638582,0.073037565632234069,False,True
MICH,MICH/MICH_MCForm21_pouch_NMC_25C_0-100_1-1C_a,471,0.050000000000000003,0.063466503840933122,0.056532073716269227,0.039164931675037519,0.010000000000000009,0.18369686729843093,0,401,-0.0069344301246638956,-0.024301572165895603,0.017367142041231708,False,True
MICH,MICH/MICH_MCForm22_pouch_NMC_25C_0-100_1-1C_b,486,0.050000000000000003,0.13406229672160944,0.12604565855293542,0.073623287955947692,0.010000000000000009,0.23423968801350636,0,414,-0.0080166381686740118,-0.060439008765661745,0.052422370596987733,False,True
MICH,MICH/MICH_MCForm23_pouch_NMC_25C_0-100_1-1C_c,535,0.050000000000000003,0.073249414229430959,0.065341179753267642,0.043351367157518174,0.010000000000000009,0.18672508687566014,0,463,-0.0079082344761633172,-0.029898047071912785,0.021989812595749468,False,True
MICH,MICH/MICH_MCForm24_pouch_NMC_25C_0-100_1-1C_d,471,0.050000000000000003,0.082691415465627513,0.075342534314954704,0.048370160159233205,0.010000000000000009,0.19738083094225689,0,398,-0.0073488811506728091,-0.034321255306394308,0.026972374155721499,False,True
MICH,MICH/MICH_MCForm25_pouch_NMC_25C_0-100_1-1C_e,584,0.050000000000000003,0.08352217378113054,0.075300368594269806,0.043483978661462676,0.010000000000000009,0.19971571754813211,0,512,-0.0082218051868607339,-0.040038195119667865,0.031816389932807131,False,True
MICH,MICH/MICH_MCForm26_pouch_NMC_25C_0-100_1-1C_f,584,0.050000000000000003,0.074331434359450402,0.066251993355552125,0.040259354643014451,0.010000000000000009,0.17818976212409665,0,500,-0.0080794410038982772,-0.03407207971643595,0.025992638712537673,False,True
MICH,MICH/MICH_MCForm27_pouch_NMC_25C_0-100_1-1C_g,535,0.050000000000000003,0.073679850725902607,0.066073291822876537,0.045019052910594527,0.010000000000000009,0.17699062419538125,0,465,-0.00760655890302607,-0.02866079781530808,0.02105423891228201,False,True
MICH,MICH/MICH_MCForm28_pouch_NMC_25C_0-100_1-1C_h,584,0.050000000000000003,0.090154457470665791,0.082487002485384806,0.050905877422201241,0.010000000000000009,0.22269752830755385,0,512,-0.0076674549852809859,-0.03924858004846455,0.031581125063183564,False,True
MICH,MICH/MICH_MCForm29_pouch_NMC_25C_0-100_1-1C_i,547,0.050000000000000003,0.10699076951887636,0.099784287474949634,0.059384719265691853,0.010000000000000009,0.24713456093836428,0,477,-0.0072064820439267235,-0.047606050253184505,0.040399568209257782,False,True
MICH,MICH/MICH_MCForm30_pouch_NMC_25C_0-100_1-1C_j,535,0.050000000000000003,0.073555253859830319,0.065929224042598822,0.04321291881454796,0.010000000000000009,0.17148318966144527,0,464,-0.0076260298172314972,-0.030342335045282359,0.022716305228050862,False,True
MICH,MICH/MICH_MCForm31_pouch_NMC_45C_0-100_1-1C_a,506,0.050000000000000003,0.09604283023070799,0.088776917486336177,0.056576985242857432,0.010000000000000009,0.26425506715692565,0,427,-0.0072659127443718136,-0.039465844987850558,0.032199932243478745,False,True
MICH,MICH/MICH_MCForm32_pouch_NMC_45C_0-100_1-1C_b,487,0.050000000000000003,0.060310700206227391,0.053065364570483949,0.040468694517700798,0.010000000000000009,0.19158203860122469,0,406,-0.0072453356357434426,-0.019842005688526593,0.01259667005278315,False,True
MICH,MICH/MICH_MCForm33_pouch_NMC_45C_0-100_1-1C_c,496,0.050000000000000003,0.076228367630475316,0.069151078333462845,0.050893686321502478,0.010000000000000009,0.25294997115364359,0,430,-0.0070772892970124707,-0.025334681308972838,0.018257392011960367,False,True
MICH,MICH/MICH_MCForm34_pouch_NMC_45C_0-100_1-1C_d,575,0.050000000000000003,0.050454636150160014,0.042965375387672262,0.033262478187078177,0.010000000000000009,0.15871518092985892,0,496,-0.0074892607624877511,-0.017192157963081836,0.009702897200594085,False,True
MICH,MICH/MICH_MCForm35_pouch_NMC_45C_0-100_1-1C_e,440,0.050000000000000003,0.060524152267662064,0.053202547301779181,0.039477660494892139,0.010000000000000009,0.19039604255012299,0,372,-0.007321604965882883,-0.021046491772769925,0.013724886806887042,False,True
MICH,MICH/MICH_MCForm36_pouch_NMC_45C_0-100_1-1C_f,536,0.050000000000000003,0.086625988398734019,0.078975674755897896,0.050725063946874989,0.010000000000000009,0.2653956095329662,0,453,-0.0076503136428361235,-0.03590092445185903,0.028250610809022907,False,True
MICH,MICH/MICH_MCForm37_pouch_NMC_45C_0-100_1-1C_g,536,0.050000000000000003,0.065327277374680345,0.05832504926205228,0.038458971693752626,0.010000000000000009,0.23345493441008114,0,462,-0.0070022281126280658,-0.026868305680927719,0.019866077568299653,False,True
MICH,MICH/MICH_MCForm38_pouch_NMC_45C_0-100_1-1C_h,497,0.050000000000000003,0.099341999370090417,0.091764174137151405,0.058869669117730838,0.010000000000000009,0.2622506243746302,0,415,-0.0075778252329390117,-0.040472330252359578,0.032894505019420567,False,True
MICH,MICH/MICH_MCForm39_pouch_NMC_45C_0-100_1-1C_i,536,0.050000000000000003,0.079810161733529256,0.072647169396677147,0.047655315259529263,0.010000000000000009,0.26467165581719859,0,464,-0.0071629923368521087,-0.032154846473999993,0.024991854137147884,False,True
MICH,MICH/MICH_MCForm40_pouch_NMC_45C_0-100_1-1C_j,534,0.050000000000000003,0.062783946819713068,0.055613549991371809,0.039208745378038395,0.010000000000000009,0.18510756146231266,0,465,-0.0071703968283412592,-0.023575201441674673,0.016404804613333414,False,True
MICH_EXP,MICH_EXP/MICH_01R_pouch_NMC_25C_0-100_0.2-0.2C,374,0.050000000000000003,0.084449588466029207,0.076388417866576228,0.052744435043388875,0.010000000000000009,0.095222465674821399,0,256,-0.0080611705994529798,-0.031705153422640332,0.023643982823187353,False,True
MICH_EXP,MICH_EXP/MICH_02C_pouch_NMC_-5C_0-100_0.2-0.2C,288,0.050000000000000003,0.010990729740990317,0.013493108509634123,0.020176991884839932,0.010000000000000009,0.03575050597629259,0,230,0.0025023787686438061,0.0091862621438496151,-0.006683883375205809,False,True
MICH_EXP,MICH_EXP/MICH_03H_pouch_NMC_45C_0-100_0.2-0.2C,98,0.050000000000000003,0.051922728590053417,0.043074305861770301,0.030502103804363384,0.010000000000000009,0.04631461117449609,0,73,-0.008848422728283116,-0.021420624785690033,0.012572202057406917,False,True
MICH_EXP,MICH_EXP/MICH_04R_pouch_NMC_25C_0-100_1.5-1.5C,322,0.050000000000000003,0.1006099876127008,0.091668921585434701,0.050183409649718895,0.010000000000000009,0.18774057642240127,0,234,-0.0089410660272661036,-0.05042657796298191,0.041485511935715806,False,True
MICH_EXP,MICH_EXP/MICH_05C_pouch_NMC_-5C_0-100_1.5-1.5C,568,0.050000000000000003,0.04093732414113313,0.043235259318067473,0.060836395324523992,0.010000000000000009,0.1446644040075899,0,514,0.0022979351769343431,0.019899071183390862,-0.017601136006456519,False,True
MICH_EXP,MICH_EXP/MICH_06H_pouch_NMC_45C_0-100_1.5-1.5C,172,0.050000000000000003,0.097233567744259397,0.087856664160343184,0.025707878620829815,0.010000000000000009,0.17564461233209583,0,140,-0.0093769035839162129,-0.071525689123429576,0.06214878553951337,False,True
MICH_EXP,MICH_EXP/MICH_07R_pouch_NMC_25C_0-100_2-2C,240,0.050000000000000003,0.17414582901090161,0.16414582901090161,0.067562673196309514,0.010000000000000009,0.28542632122423106,0,240,-0.010000000000000009,-0.1065831558145921,0.096583155814592092,False,True
MICH_EXP,MICH_EXP/MICH_08C_pouch_NMC_-5C_0-100_2-2C,568,0.050000000000000003,0.01663133375171422,0.017308817441670489,0.04504323026260125,0.010000000000000009,0.1045431869950223,0,511,0.00067748368995626876,0.02841189651088703,-0.027734412820930761,False,True
MICH_EXP,MICH_EXP/MICH_09H_pouch_NMC_45C_0-100_2-2C,170,0.050000000000000003,0.15620296254485902,0.14620296254485901,0.03083040258253263,0.010000000000000009,0.28449378773465483,0,170,-0.010000000000000009,-0.12537255996232638,0.11537255996232638,False,True
MICH_EXP,MICH_EXP/MICH_10R_pouch_NMC_25C_0-100_0.2-1.5C,434,0.050000000000000003,0.041733973791173572,0.043618155240242103,0.045144598546148246,0.010000000000000009,0.017215569049201518,0,115,0.001884181449068531,0.003410624754974674,-0.001526443305906143,False,True
MICH_EXP,MICH_EXP/MICH_11C_pouch_NMC_-5C_0-100_0.2-1.5C,535,0.050000000000000003,0.052163884008462613,0.043163984369645372,0.021963495866275155,0.010000000000000009,0.088779395702568098,0,399,-0.0089998996388172409,-0.030200388142187458,0.021200488503370217,False,True
MICH_EXP,MICH_EXP/MICH_12H_pouch_NMC_45C_0-100_0.2-1.5C,177,0.050000000000000003,0.11872602971463884,0.11049597810772335,0.074916712953264741,0.010000000000000009,0.12667795922872704,0,147,-0.0082300516069154922,-0.043809316761374104,0.035579265154458611,False,True
MICH_EXP,MICH_EXP/MICH_13R_pouch_NMC_25C_50-100_0.2-0.2C,527,0.050000000000000003,0.13130199641452381,0.12774127028766818,0.084127937009860182,0.010000000000000009,0.071145090410725031,0,512,-0.0035607261268556234,-0.047174059404663626,0.043613333277808003,False,True
MICH_EXP,MICH_EXP/MICH_14C_pouch_NMC_-5C_50-100_0.2-0.2C,447,0.050000000000000003,0.12502559756717804,0.11635926620275419,0.084396153635911145,0.010000000000000009,0.060162610343752365,0,429,-0.0086663313644238515,-0.040629443931266898,0.031963112566843047,False,True
MICH_EXP,MICH_EXP/MICH_15H_pouch_NMC_45C_50-100_0.2-0.2C,166,0.050000000000000003,0.073995039390681375,0.06806950164776264,0.053768874864992905,0.010000000000000009,0.03127420099467848,0,140,-0.005925537742918735,-0.02022616452568847,0.014300626782769735,False,True
MICH_EXP,MICH_EXP/MICH_16R_pouch_NMC_25C_50-100_0.2-1.5C,527,0.050000000000000003,0.12977263369174596,0.12407730702329731,0.086268806183056088,0.010000000000000009,0.062273462330237561,0,527,-0.0056953266684486581,-0.043503827508689877,0.037808500840241219,False,True
MICH_EXP,MICH_EXP/MICH_17C_pouch_NMC_-5C_50-100_0.2-1.5C,552,0.050000000000000003,0.12506652266164406,0.1166674766935037,0.080805087296533781,0.010000000000000009,0.061742789535665921,0,540,-0.0083990459681403534,-0.044261435365110277,0.035862389396969924,False,True
MICH_EXP,MICH_EXP/MICH_18H_pouch_NMC_45C_50-100_0.2-1.5C,290,0.050000000000000003,0.098307636616946178,0.090121726410094166,0.061412671168883853,0.010000000000000009,0.069810009343711843,0,290,-0.0081859102068520123,-0.036894965448062325,0.028709055241210313,False,True
RWTH,RWTH/RWTH_002,2406,0.050000000000000003,0.17222505676953523,0.17397969317326897,0.20205567039600592,0.010000000000000009,0.097471320361757541,0,2406,0.0017546364037337447,0.029830613626470687,-0.028075977222736942,False,True
RWTH,RWTH/RWTH_003,2432,0.050000000000000003,0.16305172221183536,0.16517243001065221,0.19849201789182613,0.010000000000000009,0.10390331467589708,0,2432,0.0021207077988168455,0.035440295679990769,-0.033319587881173923,False,True
RWTH,RWTH/RWTH_004,2410,0.050000000000000003,0.16404594288291216,0.16554186406183916,0.19724333875986583,0.010000000000000009,0.098982999035656549,0,2410,0.0014959211789269955,0.033197395876953667,-0.031701474698026672,False,True
RWTH,RWTH/RWTH_005,2390,0.050000000000000003,0.16297238349164841,0.16379481739702662,0.19086157769995721,0.010000000000000009,0.094437055062454145,0,2390,0.00082243390537820038,0.027889194208308793,-0.027066760302930593,False,True
RWTH,RWTH/RWTH_006,2413,0.050000000000000003,0.1588696420804703,0.15933375053675808,0.18143242670919715,0.010000000000000009,0.092713182042154396,0,2413,0.00046410845628777619,0.022562784628726851,-0.022098676172439075,False,True
RWTH,RWTH/RWTH_007,2409,0.050000000000000003,0.16372868363792828,0.16427750314056766,0.18741388355128014,0.010000000000000009,0.099639532721684576,0,2409,0.00054881950263938051,0.023685199913351856,-0.023136380410712476,False,True
RWTH,RWTH/RWTH_008,2409,0.050000000000000003,0.16750749147216823,0.16952410330866619,0.20292789190950605,0.010000000000000009,0.10624210195615102,0,2409,0.0020166118364979557,0.035420400437337823,-0.033403788600839868,False,True
RWTH,RWTH/RWTH_009,2392,0.050000000000000003,0.15075678219806568,0.15152530397358366,0.17966670213166727,0.010000000000000009,0.098107091137809133,0,2392,0.0007685217755179774,0.028909919933601591,-0.028141398158083614,False,True
RWTH,RWTH/RWTH_010,2436,0.050000000000000003,0.16186491903334038,0.16366159693060067,0.19827664175844409,0.010000000000000009,0.10761675060997566,0,2436,0.0017966778972602904,0.036411722725103707,-0.034615044827843416,False,True
RWTH,RWTH/RWTH_011,2432,0.050000000000000003,0.15878043880656353,0.16037126703560914,0.19089156999607529,0.010000000000000009,0.099086089846382785,0,2432,0.0015908282290456044,0.032111131189511755,-0.03052030296046615,False,True
RWTH,RWTH/RWTH_012,2442,0.050000000000000003,0.1516268485299665,0.15168318543463949,0.17407554956876187,0.010000000000000009,0.1005942363247968,0,2442,5.6336904672993349e-05,0.022448701038795371,-0.022392364134122378,False,True
RWTH,RWTH/RWTH_013,2442,0.050000000000000003,0.16077788398382767,0.16130781381817974,0.1891056970812946,0.010000000000000009,0.10504049416933514,0,2442,0.00052992983435207197,0.028327813097466931,-0.027797883263114859,False,True
RWTH,RWTH/RWTH_014,2303,0.050000000000000003,0.16492031074210334,0.16732913141824043,0.20504044499888471,0.010000000000000009,0.10076130131159355,0,2303,0.0024088206761370967,0.040120134256781376,-0.037711313580644279,False,True
RWTH,RWTH/RWTH_015,2282,0.050000000000000003,0.15160388453175475,0.15255445611211998,0.18133667844966594,0.010000000000000009,0.099541663548899484,0,2282,0.00095057158036523925,0.029732793917911199,-0.02878222233754596,False,True
RWTH,RWTH/RWTH_016,2281,0.050000000000000003,0.15094457029278729,0.15169255796640163,0.17989919790376277,0.010000000000000009,0.10003831470630375,0,2281,0.00074798767361433649,0.028954627610975475,-0.028206639937361139,False,True
RWTH,RWTH/RWTH_017,2274,0.050000000000000003,0.1664315204133488,0.16903696873051849,0.20683247915584266,0.010000000000000009,0.09807391547842359,0,2274,0.0026054483171696896,0.040400958742493859,-0.037795510425324169,False,True
RWTH,RWTH/RWTH_018,2239,0.050000000000000003,0.15585526927656518,0.15723872036474104,0.18853457854530942,0.010000000000000009,0.095169546313006337,0,2239,0.0013834510881758633,0.032679309268744239,-0.031295858180568376,False,True
RWTH,RWTH/RWTH_019,2282,0.050000000000000003,0.16055452378515925,0.16318264631385287,0.207594698020067,0.010000000000000009,0.10807288640250035,0,2282,0.0026281225286936272,0.04704017423490775,-0.044412051706214123,False,True
RWTH,RWTH/RWTH_020,2232,0.050000000000000003,0.16051660479364205,0.16201789370687095,0.19310408538589433,0.010000000000000009,0.093536225657173233,0,2232,0.0015012889132288987,0.032587480592252277,-0.031086191679023378,False,True
RWTH,RWTH/RWTH_021,2278,0.050000000000000003,0.16647334992892698,0.16916082809850744,0.20806454688639966,0.010000000000000009,0.097667369616247779,0,2278,0.0026874781695804539,0.041591196957472681,-0.038903718787892227,False,True
RWTH,RWTH/RWTH_022,2277,0.050000000000000003,0.15318502423898525,0.15567665388853238,0.19336348662666511,0.010000000000000009,0.098347448959037576,0,2277,0.0024916296495471335,0.040178462387679859,-0.037686832738132725,False,True
RWTH,RWTH/RWTH_023,2316,0.050000000000000003,0.13640300955756596,0.13600577294271277,0.15478110037998491,0.010000000000000009,0.098164477761084834,0,2316,-0.00039723661485319139,0.018378090822418952,-0.018775327437272143,False,True
RWTH,RWTH/RWTH_024,2315,0.050000000000000003,0.14492157153950455,0.14452848298658877,0.15968357698021274,0.010000000000000009,0.097218768415873735,0,2315,-0.00039308855291578237,0.014762005440708187,-0.015155093993623969,False,True
RWTH,RWTH/RWTH_025,2304,0.050000000000000003,0.16074368460886801,0.16193233104087987,0.18885230665141467,0.010000000000000009,0.09405778912504259,0,2304,0.0011886464320118584,0.02810862204254666,-0.026919975610534802,False,True
RWTH,RWTH/RWTH_026,2002,0.050000000000000003,0.13590457827343744,0.13702425234563442,0.16898882590458847,0.010000000000000009,0.094511095023542047,0,2002,0.0011196740721969856,0.033084247631151031,-0.031964573558954046,False,True
RWTH,RWTH/RWTH_027,2006,0.050000000000000003,0.14004349416812711,0.14112587638366147,0.16841332644732865,0.010000000000000009,0.093719161693308073,0,2006,0.001082382215534361,0.028369832279201534,-0.027287450063667174,False,True
RWTH,RWTH/RWTH_028,2005,0.050000000000000003,0.15163122821275923,0.15272349753944253,0.17664952607479154,0.010000000000000009,0.096159231954146329,0,2005,0.0010922693266832983,0.025018297862032302,-0.023926028535349003,False,True
RWTH,RWTH/RWTH_029,2006,0.050000000000000003,0.13620045046638279,0.13715514749842078,0.15933570717356463,0.010000000000000009,0.090768564922120154,0,2006,0.00095469703203798773,0.023135256707181834,-0.022180559675143846,False,True
RWTH,RWTH/RWTH_030,1483,0.050000000000000003,0.072705336233287413,0.070143803367485463,0.077782327053062025,0.010000000000000009,0.096337461666030411,0,1483,-0.0025615328658019493,0.0050769908197746128,-0.007638523685576562,False,True
RWTH,RWTH/RWTH_031,2259,0.050000000000000003,0.14750305509941292,0.14807874919087169,0.1719149112711679,0.010000000000000009,0.092441377925202239,0,2259,0.00057569409145877271,0.024411856171754981,-0.023836162080296208,False,True
RWTH,RWTH/RWTH_032,2277,0.050000000000000003,0.16451201798169982,0.16715410747734655,0.20842547003000492,0.010000000000000009,0.10189037956449576,0,2277,0.0026420894956467322,0.043913452048305102,-0.041271362552658369,False,True
RWTH,RWTH/RWTH_033,2254,0.050000000000000003,0.18123863394554773,0.18298946703661956,0.21665344380985155,0.010000000000000009,0.097502447805717929,0,2254,0.0017508330910718239,0.035414809864303815,-0.033663976773231991,False,True
RWTH,RWTH/RWTH_034,2121,0.050000000000000003,0.11323500526645135,0.11390788667609866,0.14081680465756707,0.010000000000000009,0.10507079549783593,0,2121,0.00067288140964731624,0.027581799391115727,-0.026908917981468411,False,True
RWTH,RWTH/RWTH_035,2147,0.050000000000000003,0.11054342544394595,0.11022924360185191,0.13423488168715869,0.010000000000000009,0.10317913534531764,0,2147,-0.00031418184209404398,0.023691456243212741,-0.024005638085306785,False,True
RWTH,RWTH/RWTH_036,2144,0.050000000000000003,0.13510338649263479,0.13526604433831829,0.15463942650377568,0.010000000000000009,0.10045047179358091,0,2144,0.00016265784568350594,0.019536040011140898,-0.019373382165457392,False,True
RWTH,RWTH/RWTH_037,2162,0.050000000000000003,0.14829561234543009,0.14961132066314661,0.18328513231154495,0.010000000000000009,0.10169761415413114,0,2162,0.0013157083177165185,0.034989519966114851,-0.033673811648398333,False,True
RWTH,RWTH/RWTH_038,1959,0.050000000000000003,0.10603712257983669,0.10625712002456773,0.13617696210496591,0.010000000000000009,0.10483583664825424,0,1959,0.00021999744473104321,0.030139839525129219,-0.029919842080398176,False,True
RWTH,RWTH/RWTH_039,1943,0.050000000000000003,0.1108103066144446,0.11196854308644649,0.14459796109507805,0.010000000000000009,0.10422664713046048,0,1943,0.001158236472001889,0.03378765448063345,-0.032629418008631561,False,True
RWTH,RWTH/RWTH_040,1939,0.050000000000000003,0.1168341161530257,0.11841332839607817,0.14767591929915969,0.010000000000000009,0.098688144009059897,0,1939,0.0015792122430524635,0.030841803146133981,-0.029262590903081517,False,True
RWTH,RWTH/RWTH_041,1939,0.050000000000000003,0.12511822460654773,0.1259398724823641,0.15484239841114814,0.010000000000000009,0.10417391283555821,0,1939,0.00082164787581637255,0.029724173804600407,-0.028902525928784034,False,True
RWTH,RWTH/RWTH_042,1891,0.050000000000000003,0.11558481869645176,0.11694499722014333,0.14710100203745119,0.010000000000000009,0.098622710873719766,0,1891,0.0013601785236915659,0.031516183340999426,-0.03015600481730786,False,True
RWTH,RWTH/RWTH_043,1890,0.050000000000000003,0.10392619963790058,0.1032669399337782,0.12697208818649927,0.010000000000000009,0.10987086191222617,0,1890,-0.00065925970412238077,0.023045888548598695,-0.023705148252721076,False,True
RWTH,RWTH/RWTH_044,1889,0.050000000000000003,0.11681908375227243,0.11772568444732064,0.14934521564993319,0.010000000000000009,0.10561645676758191,0,1889,0.00090660069504820695,0.032526131897660765,-0.031619531202612558,False,True
RWTH,RWTH/RWTH_045,1890,0.050000000000000003,0.11310765395764615,0.11432607132037503,0.14798661538771626,0.010000000000000009,0.10697824079059481,0,1890,0.001218417362728888,0.034878961430070118,-0.03366054406734123,False,True
RWTH,RWTH/RWTH_046,2131,0.050000000000000003,0.14402790114852018,0.1456165383563901,0.17734016456704152,0.010000000000000009,0.095261117954542507,0,2131,0.0015886372078699196,0.033312263418521337,-0.031723626210651418,False,True
RWTH,RWTH/RWTH_047,2146,0.050000000000000003,0.14618322727408939,0.14774322003298762,0.17774999496923091,0.010000000000000009,0.091606252958706613,0,2146,0.0015599927588982321,0.031566767695141523,-0.030006774936243291,False,True
RWTH,RWTH/RWTH_048,2131,0.050000000000000003,0.13991295326042372,0.14125588394946173,0.17237449880207278,0.010000000000000009,0.099721581763472789,0,2131,0.0013429306890380133,0.032461545541649067,-0.031118614852611054,False,True
RWTH,RWTH/RWTH_049,2130,0.050000000000000003,0.13828854638109456,0.13936139036905693,0.17000442546706199,0.010000000000000009,0.10384627486493003,0,2130,0.0010728439879623686,0.03171587908596743,-0.030643035098005061,False,True
SDU,SDU/SDU_Battery_1,956,0.050000000000000003,0.073303261668092159,0.069213186142946248,0.058643153425356261,0.010000000000000009,0.053869141032398482,0,737,-0.0040900755251459114,-0.014660108242735899,0.010570032717589987,False,True
SDU,SDU/SDU_Battery_10,431,0.050000000000000003,0.035817554531797878,0.043117850089700004,0.049629918969814474,0.010000000000000009,0.075377052559921554,0,308,0.0073002955579021256,0.013812364438016596,-0.0065120688801144702,False,True
SDU,SDU/SDU_Battery_11,550,0.050000000000000003,0.054331321111752887,0.063715024062170333,0.060029544338919064,0.010000000000000009,0.048995056585504848,0,266,0.0093837029504174468,0.005698223227166177,0.0036854797232512698,False,True
SDU,SDU/SDU_Battery_12,481,0.050000000000000003,0.043478546378826463,0.053120397926913109,0.05900612448496631,0.010000000000000009,0.060012350833883898,0,268,0.0096418515480866454,0.015527578106139847,-0.0058857265580532017,False,True
SDU,SDU/SDU_Battery_13,516,0.050000000000000003,0.043721036407117525,0.053172437906159782,0.055006441746843653,0.010000000000000009,0.054835618532282915,0,240,0.0094514014990422571,0.011285405339726128,-0.0018340038406838705,False,True
SDU,SDU/SDU_Battery_14,506,0.050000000000000003,0.039819020953536413,0.049299280261957353,0.05762112946651831,0.010000000000000009,0.054358632830875497,0,438,0.0094802593084209394,0.017802108512981897,-0.0083218492045609577,False,True
SDU,SDU/SDU_Battery_15,581,0.050000000000000003,0.053898536970453159,0.063202597659251944,0.064380698103702699,0.010000000000000009,0.051022436774179281,0,318,0.0093040606887987848,0.01048216113324954,-0.0011781004444507553,False,True
SDU,SDU/SDU_Battery_16,581,0.050000000000000003,0.048099361439697938,0.057568719519106838,0.0575636302076903,0.010000000000000009,0.051846590655581504,0,310,0.0094693580794089002,0.0094642687679923621,5.0893114165381781e-06,False,True
SDU,SDU/SDU_Battery_17,405,0.050000000000000003,0.056064637259003215,0.051911060207221138,0.036183653996478486,0.010000000000000009,0.04285641751307312,0,369,-0.0041535770517820772,-0.019880983262524729,0.015727406210742652,False,True
SDU,SDU/SDU_Battery_18,436,0.050000000000000003,0.057951980039252816,0.052780449790780094,0.041928296867953241,0.010000000000000009,0.039752136288359163,0,398,-0.0051715302484727221,-0.016023683171299576,0.010852152922826853,False,True
SDU,SDU/SDU_Battery_19,411,0.050000000000000003,0.05197099856082546,0.046776188515874478,0.033606409643279121,0.010000000000000009,0.039247712800185686,0,378,-0.0051948100449509815,-0.018364588917546339,0.013169778872595357,False,True
SDU,SDU/SDU_Battery_2,890,0.050000000000000003,0.076756018718983646,0.072035829624741116,0.056950318511485437,0.010000000000000009,0.045169280135316292,0,685,-0.0047201890942425301,-0.019805700207498209,0.015085511113255679,False,True
SDU,SDU/SDU_Battery_20,411,0.050000000000000003,0.052469661325764999,0.047711248319388715,0.035144242740482917,0.010000000000000009,0.036194690960107523,0,369,-0.0047584130063762844,-0.017325418585282082,0.012567005578905797,False,True
SDU,SDU/SDU_Battery_21,481,0.050000000000000003,0.043353467591467187,0.035888220624730134,0.018435494649270055,0.010000000000000009,0.038874877328025081,0,433,-0.0074652469667370533,-0.024917972942197133,0.01745272597546008,False,True
SDU,SDU/SDU_Battery_22,486,0.050000000000000003,0.060131282248664888,0.052944902113786323,0.038554598574339759,0.010000000000000009,0.032664956286541758,0,447,-0.0071863801348785658,-0.02157668367432513,0.014390303539446564,False,True
SDU,SDU/SDU_Battery_23,481,0.050000000000000003,0.081040735956383461,0.075236987348122356,0.04106393380209819,0.010000000000000009,0.070498506533949734,0,447,-0.0058037486082611056,-0.039976802154285271,0.034173053546024165,False,True
SDU,SDU/SDU_Battery_24,436,0.050000000000000003,0.061411109996955045,0.060113340145329638,0.037816561909164451,0.010000000000000009,0.056577384875581616,0,333,-0.0012977698516254063,-0.023594548087790594,0.022296778236165188,False,True
SDU,SDU/SDU_Battery_25,436,0.050000000000000003,0.058623647121968839,0.058926721134976011,0.039708096115064914,0.010000000000000009,0.056509667312674261,0,336,0.00030307401300717213,-0.018915551006903925,0.019218625019911097,False,True
SDU,SDU/SDU_Battery_26,541,0.050000000000000003,0.10279632878846019,0.098254945113895251,0.062434129702988672,0.010000000000000009,0.077775192855847886,0,421,-0.0045413836745649416,-0.04036219908547152,0.035820815410906579,False,True
SDU,SDU/SDU_Battery_27,486,0.050000000000000003,0.079624080909682329,0.074515170359812796,0.037797741101099576,0.010000000000000009,0.081892566895988561,0,389,-0.0051089105498695331,-0.041826339808582753,0.03671742925871322,False,True
SDU,SDU/SDU_Battery_28,456,0.050000000000000003,0.06872390268369416,0.065278556953156083,0.035367562117375559,0.010000000000000009,0.071021154895914873,0,335,-0.0034453457305380769,-0.033356340566318601,0.029910994835780524,False,True
SDU,SDU/SDU_Battery_29,486,0.050000000000000003,0.069584882207914464,0.066416789835663667,0.039917176817919037,0.010000000000000009,0.058946635303649075,0,373,-0.003168092372250797,-0.029667705389995427,0.02649961301774463,False,True
SDU,SDU/SDU_Battery_3,851,0.050000000000000003,0.050282671859719984,0.052996798186177856,0.048925421947950021,0.010000000000000009,0.056996520502289871,0,565,0.0027141263264578719,-0.001357249911769963,0.0040713762382278348,False,True
SDU,SDU/SDU_Battery_30,441,0.050000000000000003,0.061159774090443243,0.057323042671440609,0.030499890072177432,0.010000000000000009,0.057029975358620311,0,344,-0.0038367314190026341,-0.030659884018265811,0.026823152599263177,False,True
SDU,SDU/SDU_Battery_31,176,0.050000000000000003,0.057785049191260547,0.051945987763463375,0.010140917885733682,0.010000000000000009,0.14888886383458588,0,164,-0.0058390614277971722,-0.047644131305526867,0.041805069877729695,False,True
SDU,SDU/SDU_Battery_32,121,0.050000000000000003,0.067455687242765253,0.061404363363660036,0.0086900267906084867,0.010000000000000009,0.16207571313199598,0,112,-0.0060513238791052165,-0.058765660452156768,0.052714336573051551,False,True
SDU,SDU/SDU_Battery_33,191,0.050000000000000003,0.052608463619849249,0.047778825117913197,0.010208626598413026,0.010000000000000009,0.12677072066871475,0,177,-0.0048296385019360524,-0.042399837021436224,0.037570198519500171,False,True
SDU,SDU/SDU_Battery_34,161,0.050000000000000003,0.063620156896645214,0.057638028811389366,0.0082829671745084116,0.010000000000000009,0.14737196755093895,0,149,-0.0059821280852558473,-0.055337189722136804,0.049355061636880956,False,True
SDU,SDU/SDU_Battery_35,151,0.050000000000000003,0.067218663011096941,0.060501353455589629,0.0076812209590433733,0.010000000000000009,0.14884630874105531,0,140,-0.0067173095555073115,-0.059537442052053566,0.052820132496546254,False,True
SDU,SDU/SDU_Battery_36,136,0.050000000000000003,0.065036417432123961,0.058780651440081211,0.0072904974357303884,0.010000000000000009,0.15205410914735418,0,127,-0.00625576599204275,-0.057745919996393572,0.051490154004350822,False,True
SDU,SDU/SDU_Battery_37,146,0.050000000000000003,0.064237884763139297,0.057184720411964644,0.012066468602265954,0.010000000000000009,0.14458850675213075,0,135,-0.0070531643511746525,-0.052171416160873341,0.045118251809698688,False,True
SDU,SDU/SDU_Battery_38,106,0.050000000000000003,0.060771527239184567,0.053976427217977976,0.019153288232236096,0.010000000000000009,0.12228070692546744,0,98,-0.0067951000212065904,-0.041618239006948471,0.03482313898574188,False,True
SDU,SDU/SDU_Battery_39,71,0.050000000000000003,0.082532509700897663,0.074914905799939896,0.036412720823972115,0.010000000000000009,0.11910512136240736,0,67,-0.0076176039009577673,-0.046119788876925548,0.038502184975967781,False,True
SDU,SDU/SDU_Battery_4,881,0.050000000000000003,0.068821395022109988,0.065774947035495426,0.056459240452020658,0.010000000000000009,0.055420525110168595,0,724,-0.0030464479866145616,-0.01236215457008933,0.0093157065834747685,False,True
SDU,SDU/SDU_Battery_40,66,0.050000000000000003,0.080683181334665288,0.073600294408333516,0.035852406711893048,0.010000000000000009,0.13363102554170658,0,61,-0.0070828869263317717,-0.04483077462277224,0.037747887696440469,False,True
SDU,SDU/SDU_Battery_41,86,0.050000000000000003,0.075158207166663327,0.067514740018057171,0.032115816870967644,0.010000000000000009,0.13815653210752887,0,80,-0.0076434671486061562,-0.043042390295695683,0.035398923147089527,False,True
SDU,SDU/SDU_Battery_42,71,0.050000000000000003,0.076222846483353243,0.068366468467194311,0.038789690353264891,0.010000000000000009,0.13770811709601249,0,66,-0.0078563780161589325,-0.037433156130088352,0.029576778113929419,False,True
SDU,SDU/SDU_Battery_43,71,0.050000000000000003,0.082766351319483844,0.075067936158458651,0.042458401666320693,0.010000000000000009,0.12378744685060128,0,66,-0.0076984151610251933,-0.040307949653163151,0.032609534492137958,False,True
SDU,SDU/SDU_Battery_44,61,0.050000000000000003,0.076842850215729785,0.069365066966855557,0.045628150922648332,0.010000000000000009,0.12117773185422309,0,56,-0.0074777832488742285,-0.031214699293081453,0.023736916044207225,False,True
SDU,SDU/SDU_Battery_45,1116,0.050000000000000003,0.071074461054723384,0.077834304070143037,0.086738792162771056,0.010000000000000009,0.084870433462508665,0,489,0.0067598430154196532,0.015664331108047672,-0.0089044880926280184,False,True
SDU,SDU/SDU_Battery_46,1071,0.050000000000000003,0.067774803108564027,0.074705373212319195,0.083750186551867847,0.010000000000000009,0.083089224733817524,0,661,0.0069305701037551681,0.01597538344330382,-0.0090448133395486519,False,True
SDU,SDU/SDU_Battery_47,1121,0.050000000000000003,0.072474855222766102,0.079627579843056864,0.08745594139917913,0.010000000000000009,0.081459464097360379,0,505,0.0071527246202907624,0.014981086176413028,-0.0078283615561222653,False,True
SDU,SDU/SDU_Battery_48,1054,0.050000000000000003,0.064726638325929953,0.073611862535922987,0.084664864385342598,0.010000000000000009,0.075507958160458855,0,669,0.008885224209993034,0.019938226059412645,-0.011053001849419611,False,True
SDU,SDU/SDU_Battery_49,1346,0.050000000000000003,0.075579210331900876,0.077056486691331888,0.085102574490072774,0.010000000000000009,0.075847757583236697,0,980,0.0014772763594310123,0.0095233641581718986,-0.0080460877987408863,False,True
SDU,SDU/SDU_Battery_5,1051,0.050000000000000003,0.064039389464925295,0.061516622142536344,0.053468197226302715,0.010000000000000009,0.081382461717898202,0,839,-0.002522767322388951,-0.01057119223862258,0.0080484249162336291,False,True
SDU,SDU/SDU_Battery_50,1409,0.050000000000000003,0.075149228211270139,0.079876719672846111,0.09217318414987144,0.010000000000000009,0.076947853976159553,0,758,0.0047274914615759722,0.017023955938601301,-0.012296464477025329,False,True
SDU,SDU/SDU_Battery_51,1421,0.050000000000000003,0.07274579010237521,0.077046642060157683,0.086537073680435755,0.010000000000000009,0.076420161782987051,0,690,0.0043008519577824728,0.013791283578060545,-0.0094904316202780725,False,True
SDU,SDU/SDU_Battery_52,1246,0.050000000000000003,0.067985783823784562,0.074024794109173009,0.086968625831256419,0.010000000000000009,0.07771575682835552,0,711,0.0060390102853884464,0.018982842007471856,-0.01294383172208341,False,True
SDU,SDU/SDU_Battery_53,121,0.050000000000000003,0.059217550051014811,0.052711262499569519,0.0091719890094214603,0.010000000000000009,0.13703656156490862,0,114,-0.0065062875514452917,-0.050045561041593349,0.043539273490148057,False,True
SDU,SDU/SDU_Battery_54,191,0.050000000000000003,0.049463691032825018,0.044936338785877494,0.022523226170158631,0.010000000000000009,0.12652002239612714,0,178,-0.0045273522469475233,-0.026940464862666387,0.022413112615718864,False,True
SDU,SDU/SDU_Battery_55,126,0.050000000000000003,0.056853879465479019,0.051795747832687249,0.013578112916624684,0.010000000000000009,0.14021367528630935,0,118,-0.0050581316327917708,-0.043275766548854337,0.038217634916062566,False,True
SDU,SDU/SDU_Battery_56,141,0.050000000000000003,0.058014651775559242,0.051827643373988971,0.01343884596913375,0.010000000000000009,0.14115571989378128,0,132,-0.0061870084015702709,-0.044575805806425492,0.038388797404855221,False,True
SDU,SDU/SDU_Battery_57,86,0.050000000000000003,0.056599152377174576,0.051137123968936805,0.016296699124664193,0.010000000000000009,0.11427478857590001,0,78,-0.0054620284082377707,-0.040302453252510383,0.034840424844272612,False,True
SDU,SDU/SDU_Battery_58,71,0.050000000000000003,0.070981786767600211,0.064404030235560711,0.02846479439317065,0.010000000000000009,0.14331396782307582,0,65,-0.0065777565320394998,-0.04251699237442956,0.03593923584239006,False,True
SDU,SDU/SDU_Battery_59,86,0.050000000000000003,0.060598573368156827,0.054808601500572679,0.011047666211761328,0.010000000000000009,0.13827030071921664,0,80,-0.0057899718675841483,-0.049550907156395499,0.043760935288811351,False,True
SDU,SDU/SDU_Battery_6,1111,0.050000000000000003,0.076713934795745453,0.072579990718650678,0.061420289853894298,0.010000000000000009,0.075098829788283972,0,903,-0.0041339440770947755,-0.015293644941851155,0.011159700864756379,False,True
SDU,SDU/SDU_Battery_60,81,0.050000000000000003,0.058812093821741636,0.053300441721134989,0.010021319698655133,0.010000000000000009,0.13478447661344872,0,74,-0.0055116521006066468,-0.048790774123086501,0.043279122022479855,False,True
SDU,SDU/SDU_Battery_61,391,0.050000000000000003,0.06335193207366302,0.071113701089760728,0.069400951386952431,0.010000000000000009,0.056062394625609135,0,329,0.0077617690160977082,0.006049019313289411,0.0017127497028082972,False,True
SDU,SDU/SDU_Battery_62,431,0.050000000000000003,0.071555345898397238,0.076634247849678011,0.059241379766302817,0.010000000000000009,0.054019765461982394,0,355,0.0050789019512807732,-0.012313966132094421,0.017392868083375194,False,True
SDU,SDU/SDU_Battery_63,361,0.050000000000000003,0.029403832584987251,0.037032922642446404,0.056827962388208822,0.010000000000000009,0.068610675420698874,0,344,0.0076290900574591536,0.027424129803221571,-0.019795039745762417,False,True
SDU,SDU/SDU_Battery_64,411,0.050000000000000003,0.057111623331685984,0.064246844578685902,0.061766682103466419,0.010000000000000009,0.050025509021415893,0,306,0.0071352212469999177,0.0046550587717804348,0.0024801624752194829,False,True
SDU,SDU/SDU_Battery_65,230,0.050000000000000003,0.03646285654320934,0.030576664325312704,0.0055161846288153378,0.010000000000000009,0.062670937594709875,0,210,-0.0058861922178966367,-0.030946671914394003,0.025060479696497367,False,True
SDU,SDU/SDU_Battery_66,271,0.050000000000000003,0.025052119581453671,0.02014649936458739,0.016615704114849708,0.010000000000000009,0.057786587849283921,0,251,-0.0049056202168662813,-0.008436415466603963,0.0035307952497376817,False,True
SDU,SDU/SDU_Battery_67,181,0.050000000000000003,0.054406325726391647,0.04725517951835622,0.0042729461567036471,0.010000000000000009,0.14532454650208682,0,167,-0.0071511462080354263,-0.050133379569687997,0.042982233361652571,False,True
SDU,SDU/SDU_Battery_68,191,0.050000000000000003,0.052676881018349768,0.0452781331644534,0.0047660201050686961,0.010000000000000009,0.12534133077968457,0,178,-0.0073987478538963675,-0.047910860913281075,0.040512113059384708,False,True
SDU,SDU/SDU_Battery_69,71,0.050000000000000003,0.078887845295665601,0.070565499189336453,0.05867407139062869,0.010000000000000009,0.11679514433317773,0,65,-0.0083223461063291482,-0.020213773905036911,0.011891427798707763,False,True
SDU,SDU/SDU_Battery_7,1041,0.050000000000000003,0.080566040045113543,0.075232004663154675,0.057000471216191173,0.010000000000000009,0.055933732364372046,0,894,-0.0053340353819588682,-0.02356556882892237,0.018231533446963502,False,True
SDU,SDU/SDU_Battery_70,106,0.050000000000000003,0.070042042358535048,0.062586056840378892,0.0281705581435533,0.010000000000000009,0.12866442452175364,0,97,-0.0074559855181561552,-0.041871484214981748,0.034415498696825593,False,True
SDU,SDU/SDU_Battery_71,81,0.050000000000000003,0.084439657531477474,0.076542681836317114,0.053214311805186564,0.010000000000000009,0.13115091434934123,0,75,-0.0078969756951603604,-0.031225345726290911,0.023328370031130551,False,True
SDU,SDU/SDU_Battery_72,81,0.050000000000000003,0.084669030481925131,0.076514395578316685,0.055090720480135046,0.010000000000000009,0.13048937901771629,0,74,-0.0081546349036084459,-0.029578310001790085,0.02142367509818164,False,True
SDU,SDU/SDU_Battery_73,1175,0.050000000000000003,0.10802978485077193,0.098659866575086907,0.059142042093721404,0.010000000000000009,0.078636440942137731,0,1150,-0.0093699182756850213,-0.048887742757050524,0.039517824481365503,False,True
SDU,SDU/SDU_Battery_74,1315,0.050000000000000003,0.11422824868935716,0.10426434262152441,0.056811935261937709,0.010000000000000009,0.092401323301565585,0,1315,-0.0099639060678327479,-0.057416313427419451,0.047452407359586703,False,True
SDU,SDU/SDU_Battery_75,950,0.050000000000000003,0.097609528824825917,0.096658448257951946,0.08346420839246442,0.010000000000000009,0.037708045885074148,0,702,-0.00095108056687397136,-0.014145320432361497,0.013194239865487525,False,True
SDU,SDU/SDU_Battery_76,1120,0.050000000000000003,0.094157838167238578,0.086034603205028135,0.056266370616035365,0.010000000000000009,0.069693600473907935,0,990,-0.0081232349622104433,-0.037891467551203213,0.02976823258899277,False,True
SDU,SDU/SDU_Battery_77,1066,0.050000000000000003,0.091041948889095045,0.083750714564869974,0.062090317075626608,0.010000000000000009,0.052395244434123578,0,896,-0.007291234324225071,-0.028951631813468437,0.021660397489243366,False,True
SDU,SDU/SDU_Battery_78,1021,0.050000000000000003,0.086636733545516098,0.081193690221044348,0.061909324296046966,0.010000000000000009,0.054519719050374227,0,815,-0.0054430433244717497,-0.024727409249469132,0.019284365924997382,False,True
SDU,SDU/SDU_Battery_79,1076,0.050000000000000003,0.095539218218545677,0.088131562930539795,0.06336558145818913,0.010000000000000009,0.0575905222817783,0,940,-0.0074076552880058821,-0.032173636760356547,0.024765981472350665,False,True
SDU,SDU/SDU_Battery_8,706,0.050000000000000003,0.048708589340071148,0.047313901973400907,0.037452562178760689,0.010000000000000009,0.030666466716219087,0,473,-0.0013946873666702414,-0.01125602716131046,0.0098613397946402184,False,True
SDU,SDU/SDU_Battery_80,1060,0.050000000000000003,0.091489984009243783,0.084199542465579313,0.061014123417002075,0.010000000000000009,0.053330453243451981,0,920,-0.0072904415436644693,-0.030475860592241708,0.023185419048577238,False,True
SDU,SDU/SDU_Battery_81,1186,0.050000000000000003,0.099795440341120659,0.091126828168468385,0.060369311497345229,0.010000000000000009,0.069158631482420518,0,1064,-0.0086686121726522736,-0.039426128843775429,0.030757516671123156,False,True
SDU,SDU/SDU_Battery_82,1140,0.050000000000000003,0.09582910567426757,0.086969685193067178,0.052893847958713193,0.010000000000000009,0.076272337705580284,0,1048,-0.0088594204812003918,-0.042935257715554377,0.034075837234353985,False,True
SDU,SDU/SDU_Battery_83,1195,0.050000000000000003,0.089143358507206907,0.083562118993310161,0.063341013415369338,0.010000000000000009,0.079987914899416479,0,1100,-0.0055812395138967463,-0.02580234509183757,0.020221105577940823,False,True
SDU,SDU/SDU_Battery_84,1131,0.050000000000000003,0.082458374046828653,0.081232199594823223,0.07911717493029316,0.010000000000000009,0.07992576749855318,0,758,-0.0012261744520054296,-0.0033411991165354926,0.002115024664530063,False,True
SDU,SDU/SDU_Battery_85,1201,0.050000000000000003,0.098096299621581159,0.091372508743550546,0.067376274736475214,0.010000000000000009,0.078044222327825263,0,1118,-0.0067237908780306138,-0.030720024885105945,0.023996234007075332,False,True
SDU,SDU/SDU_Battery_86,1036,0.050000000000000003,0.086263636225858434,0.082390083896651284,0.071841013707860113,0.010000000000000009,0.066302356747339419,0,787,-0.00387355232920715,-0.014422622517998321,0.010549070188791171,False,True
SDU,SDU/SDU_Battery_9,411,0.050000000000000003,0.029028518898659018,0.035964883989564718,0.046014250928085296,0.010000000000000009,0.082784536278171283,0,297,0.0069363650909056995,0.016985732029426277,-0.010049366938520578,False,True
SNL,SNL/SNL_18650_LFP_15C_0-100_0.5-2C_b,3749,0.050000000000000003,0.067519118517519044,0.057606478882822824,0.021754039030696021,0.010000000000000009,0.062521500423175058,0,3664,-0.0099126396346962201,-0.045765079486823027,0.0358524398521268,False,True
SNL,SNL/SNL_18650_LFP_25C_0-100_0.5-0.5C_a,3045,0.050000000000000003,0.056161067280566621,0.047222988533730054,0.015422229488864677,0.010000000000000009,0.055641863132238067,0,2918,-0.0089380787468365669,-0.04073883779170194,0.031800759044865373,False,True
SNL,SNL/SNL_18650_LFP_25C_0-100_0.5-1C_a,3540,0.050000000000000003,0.072689713440651435,0.062999584246222234,0.045934278493391066,0.010000000000000009,0.047111712691194407,0,3392,-0.0096901291944292006,-0.026755434947260369,0.017065305752831168,False,True
SNL,SNL/SNL_18650_LFP_25C_0-100_0.5-1C_b,3541,0.050000000000000003,0.071693848708618696,0.067308357939052058,0.052046463285881937,0.010000000000000009,0.049071299104624599,0,3303,-0.0043854907695666384,-0.019647385422736759,0.01526189465317012,False,True
SNL,SNL/SNL_18650_LFP_25C_0-100_0.5-1C_c,3033,0.050000000000000003,0.07561094154378753,0.065914553250811567,0.052443936233663141,0.010000000000000009,0.039096708516654144,0,2899,-0.0096963882929759632,-0.023167005310124389,0.013470617017148426,False,True
SNL,SNL/SNL_18650_LFP_25C_0-100_0.5-1C_d,3033,0.050000000000000003,0.07589032971455284,0.066255744172307091,0.052852469965970678,0.010000000000000009,0.04634194571367678,0,2862,-0.0096345855422457494,-0.023037859748582162,0.013403274206336413,False,True
SNL,SNL/SNL_18650_LFP_25C_0-100_0.5-2C_a,3539,0.050000000000000003,0.064744121555599457,0.054940608968347605,0.025503714526692121,0.010000000000000009,0.049122059023543607,0,3423,-0.0098035125872518517,-0.03924040702890734,0.029436894441655485,False,True
SNL,SNL/SNL_18650_LFP_25C_0-100_0.5-2C_b,4045,0.050000000000000003,0.073284412510024863,0.065602728475135597,0.042409265631275568,0.010000000000000009,0.042530602040177667,0,3767,-0.0076816840348892662,-0.030875146878749295,0.023193462843860028,False,True
SNL,SNL/SNL_18650_LFP_25C_0-100_0.5-3C_a,4564,0.050000000000000003,0.046837420403949656,0.046481773874525602,0.038040632343475773,0.010000000000000009,0.055156464953096451,0,4481,-0.00035564652942405434,-0.0087967880604738827,0.0084411415310498283,False,True
SNL,SNL/SNL_18650_LFP_25C_0-100_0.5-3C_b,4057,0.050000000000000003,0.043532223753153375,0.042103589163649174,0.038066218626018951,0.010000000000000009,0.045768749992308289,0,3987,-0.0014286345895042005,-0.005466005127134424,0.0040373705376302235,False,True
SNL,SNL/SNL_18650_LFP_25C_0-100_0.5-3C_c,3550,0.050000000000000003,0.044596201711195875,0.044634998302443128,0.042372515445271181,0.010000000000000009,0.045298829033612376,0,3238,3.8796591247253209e-05,-0.0022236862659246945,0.0022624828571719477,False,True
SNL,SNL/SNL_18650_LFP_25C_0-100_0.5-3C_d,4057,0.050000000000000003,0.043137166508509232,0.041666199194032888,0.040029300423422218,0.010000000000000009,0.050526523410168611,0,3985,-0.0014709673144763444,-0.0031078660850870146,0.0016368987706106702,False,True
SNL,SNL/SNL_18650_LFP_35C_0-100_0.5-1C_a,3151,0.050000000000000003,0.02488719804326291,0.022407285371303824,0.019358847212694444,0.010000000000000009,0.048054448257158322,0,3007,-0.0024799126719590864,-0.005528350830568466,0.0030484381586093796,False,True
SNL,SNL/SNL_18650_LFP_35C_0-100_0.5-1C_b,3337,0.050000000000000003,0.02340233450099161,0.020743136263329947,0.023278358470507673,0.010000000000000009,0.048062151114105611,0,3183,-0.0026591982376616627,-0.00012397603048393616,-0.0025352222071777265,False,True
SNL,SNL/SNL_18650_LFP_35C_0-100_0.5-1C_c,3337,0.050000000000000003,0.021159690514442657,0.025769203618680306,0.010719900848080308,0.010000000000000009,0.035560278397500089,0,3189,0.0046095131042376489,-0.010439789666362349,0.015049302770599998,False,True
SNL,SNL/SNL_18650_LFP_35C_0-100_0.5-1C_d,3793,0.050000000000000003,0.028737737781272549,0.026378056861383746,0.022638610137792524,0.010000000000000009,0.052958964600392289,0,3639,-0.0023596809198888034,-0.0060991276434800255,0.0037394467235912221,False,True
SNL,SNL/SNL_18650_LFP_35C_0-100_0.5-2C_a,3851,0.050000000000000003,0.027170925768656852,0.024959680901179664,0.01733343750466319,0.010000000000000009,0.027259126104710707,0,3704,-0.0022112448674771884,-0.0098374882639936621,0.0076262433965164737,False,True
SNL,SNL/SNL_18650_LFP_35C_0-100_0.5-2C_b,3593,0.050000000000000003,0.024827712167391765,0.024640353956865844,0.023653087306279141,0.010000000000000009,0.033516436952016559,0,2752,-0.00018735821052592166,-0.0011746248611126248,0.0009872666505867031,False,True
SNL,SNL/SNL_18650_NCA_15C_0-100_0.5-1C_a,517,0.050000000000000003,0.091898044225891803,0.084730205928852997,0.073435288661672191,0.010000000000000009,0.03846876222455875,0,468,-0.007167838297038806,-0.018462755564219613,0.011294917267180807,False,True
SNL,SNL/SNL_18650_NCA_15C_0-100_0.5-1C_b,913,0.050000000000000003,0.053871354138985632,0.044381737009291031,0.026274353175502124,0.010000000000000009,0.050388635719552877,0,846,-0.0094896171296946011,-0.027597000963483508,0.018107383833788907,False,True
SNL,SNL/SNL_18650_NCA_15C_0-100_0.5-2C_a,911,0.050000000000000003,0.14127691357586453,0.14133058359993833,0.13228928537312204,0.010000000000000009,0.14677165601679065,0,671,5.3670024073804168e-05,-0.008987628202742487,0.0090412982268162911,False,True
SNL,SNL/SNL_18650_NCA_15C_0-100_0.5-2C_b,779,0.050000000000000003,0.117261412406315,0.11645823602363457,0.10517265879622736,0.010000000000000009,0.083993018242464856,0,542,-0.00080317638268043168,-0.012088753610087641,0.011285577227407209,False,True
SNL,SNL/SNL_18650_NCA_25C_0-100_0.5-0.5C_a,508,0.050000000000000003,0.098066988462213456,0.089309148854720799,0.052146990835661995,0.010000000000000009,0.10834609623705183,0,397,-0.0087578396074926568,-0.045919997626551461,0.037162158019058804,False,True
SNL,SNL/SNL_18650_NCA_25C_0-100_0.5-0.5C_b,910,0.050000000000000003,0.2595507573767612,0.25012756093890531,0.15043569321892541,0.010000000000000009,0.25832342469091307,0,829,-0.0094231964378558852,-0.10911506415783578,0.099691867719979899,False,True
SNL,SNL/SNL_18650_NCA_25C_0-100_0.5-1C_a,649,0.050000000000000003,0.065336223048402961,0.056784039010178616,0.033658491227161115,0.010000000000000009,0.093385988745255832,0,493,-0.0085521840382243447,-0.031677731821241846,0.023125547783017501,False,True
SNL,SNL/SNL_18650_NCA_25C_0-100_0.5-1C_b,517,0.050000000000000003,0.093562632542036547,0.084728292978271461,0.056707430706964997,0.010000000000000009,0.077207050340611372,0,405,-0.0088343395637650868,-0.036855201835071551,0.028020862271306464,False,True
SNL,SNL/SNL_18650_NCA_25C_0-100_0.5-1C_c,517,0.050000000000000003,0.086793849559321207,0.08759411271559403,0.096792433706673897,0.010000000000000009,0.034318526741828226,0,335,0.00080026315627282352,0.0099985841473526904,-0.0091983209910798669,False,True
SNL,SNL/SNL_18650_NCA_25C_0-100_0.5-1C_d,649,0.050000000000000003,0.085063948352666049,0.076777787618882737,0.043314697186049904,0.010000000000000009,0.09252880377566175,0,526,-0.0082861607337833126,-0.041749251166616146,0.033463090432832833,False,True
SNL,SNL/SNL_18650_NCA_25C_0-100_0.5-2C_a,781,0.050000000000000003,0.10958007121778232,0.10252322705411748,0.066642387972825512,0.010000000000000009,0.13156833849832539,0,710,-0.0070568441636648382,-0.042937683244956809,0.035880839081291971,False,True
SNL,SNL/SNL_18650_NCA_25C_0-100_0.5-2C_b,781,0.050000000000000003,0.082739542278352049,0.077236093656253682,0.048299478234158116,0.010000000000000009,0.1109763261541632,0,602,-0.0055034486220983669,-0.034440064044193933,0.028936615422095566,False,True
SNL,SNL/SNL_18650_NCA_25C_20-80_0.5-0.5C_a,1117,0.050000000000000003,0.092613443236921555,0.086806925237833607,0.074568216758415101,0.010000000000000009,0.055416140131537728,0,1013,-0.0058065179990879484,-0.018045226478506454,0.012238708479418506,False,True
SNL,SNL/SNL_18650_NCA_25C_20-80_0.5-0.5C_b,1244,0.050000000000000003,0.061020118204128261,0.057786780406461583,0.055734136967005174,0.010000000000000009,0.061989584967489519,0,1061,-0.0032333377976666786,-0.0052859812371230872,0.0020526434394564086,False,True
SNL,SNL/SNL_18650_NCA_25C_20-80_0.5-0.5C_c,1245,0.050000000000000003,0.084405526975381312,0.07778394075264615,0.065901041001984795,0.010000000000000009,0.10427770492747501,0,1012,-0.0066215862227351624,-0.018504485973396517,0.011882899750661355,False,True
SNL,SNL/SNL_18650_NCA_25C_20-80_0.5-0.5C_d,1503,0.050000000000000003,0.099035967720376317,0.093797840525782814,0.068668856274249415,0.010000000000000009,0.091908179102923149,0,1279,-0.0052381271945935032,-0.030367111446126901,0.025128984251533398,False,True
SNL,SNL/SNL_18650_NCA_35C_0-100_0.5-1C_a,510,0.050000000000000003,0.064059554118414366,0.067571327526204913,0.077767911815143587,0.010000000000000009,0.029244016438159437,0,314,0.0035117734077905471,0.01370835769672922,-0.010196584288938673,False,True
SNL,SNL/SNL_18650_NCA_35C_0-100_0.5-1C_b,459,0.050000000000000003,0.074964266313340369,0.072311246689138978,0.055057956069197986,0.010000000000000009,0.10546589140609886,0,201,-0.0026530196242013915,-0.019906310244142383,0.017253290619940992,False,True
SNL,SNL/SNL_18650_NCA_35C_0-100_0.5-1C_c,510,0.050000000000000003,0.048711741896720201,0.041633815943946238,0.010948208019872089,0.010000000000000009,0.14370265079291367,0,360,-0.0070779259527739627,-0.03776353387684811,0.030685607924074147,False,True
SNL,SNL/SNL_18650_NCA_35C_0-100_0.5-1C_d,649,0.050000000000000003,0.074773926980850627,0.070272689942588659,0.033803172430405655,0.010000000000000009,0.13531563269820601,0,529,-0.0045012370382619682,-0.040970754550444972,0.036469517512183004,False,True
SNL,SNL/SNL_18650_NCA_35C_0-100_0.5-2C_a,649,0.050000000000000003,0.12510573961625945,0.11923576920265332,0.089103660782348826,0.010000000000000009,0.15528368234543999,0,498,-0.0058699704136061376,-0.036002078833910628,0.03013210842030449,False,True
SNL,SNL/SNL_18650_NCA_35C_0-100_0.5-2C_b,781,0.050000000000000003,0.11782374327034163,0.11279753943214998,0.089079867054625547,0.010000000000000009,0.11796562004959898,0,684,-0.005026203838191648,-0.028743876215716085,0.023717672377524437,False,True
SNL,SNL/SNL_18650_NMC_15C_0-100_0.5-1C_a,508,0.050000000000000003,0.17701683252841463,0.167597710749051,0.11855117171560928,0.010000000000000009,0.096139290925231435,0,451,-0.0094191217793636317,-0.058465660812805353,0.049046539033441722,False,True
SNL,SNL/SNL_18650_NMC_15C_0-100_0.5-1C_b,508,0.050000000000000003,0.13214356680457334,0.12340414195247694,0.11557580223966078,0.010000000000000009,0.042646216208143573,0,325,-0.008739424852096403,-0.01656776456491256,0.0078283397128161569,False,True
SNL,SNL/SNL_18650_NMC_15C_0-100_0.5-2C_a,384,0.050000000000000003,0.1682652566686301,0.1589885944061353,0.11590597687590359,0.010000000000000009,0.082068599565631173,0,329,-0.0092766622624947948,-0.052359279792726504,0.043082617530231709,False,True
SNL,SNL/SNL_18650_NMC_15C_0-100_0.5-2C_b,384,0.050000000000000003,0.1578996100834158,0.14856016826953292,0.10252270237508238,0.010000000000000009,0.08384697628696014,0,330,-0.0093394418138828816,-0.055376907708333423,0.046037465894450541,False,True
SNL,SNL/SNL_18650_NMC_25C_0-100_0.5-0.5C_b,674,0.050000000000000003,0.088264281880556669,0.078401311269750446,0.040560152514645759,0.010000000000000009,0.075902302352922502,0,674,-0.0098629706108062237,-0.047704129365910911,0.037841158755104687,False,True
SNL,SNL/SNL_18650_NMC_25C_0-100_0.5-1C_a,516,0.050000000000000003,0.045831062897774562,0.043891371085166241,0.050634490581387692,0.010000000000000009,0.02486131094352495,0,228,-0.0019396918126083212,0.0048034276836131304,-0.0067431194962214516,False,True
SNL,SNL/SNL_18650_NMC_25C_0-100_0.5-1C_b,780,0.050000000000000003,0.03728504266397048,0.0409210724215796,0.048227466568062503,0.010000000000000009,0.024126846110971822,0,393,0.0036360297576091202,0.010942423904092023,-0.007306394146482903,False,True
SNL,SNL/SNL_18650_NMC_25C_0-100_0.5-1C_c,392,0.050000000000000003,0.075931026800764898,0.074380749569133431,0.081169043212026878,0.010000000000000009,0.021275238895886783,0,193,-0.0015502772316314667,0.0052380164112619809,-0.0067882936428934476,False,True
SNL,SNL/SNL_18650_NMC_25C_0-100_0.5-1C_d,524,0.050000000000000003,0.053034666563417182,0.04943779497410216,0.050375838619038486,0.010000000000000009,0.037849773602771752,0,272,-0.0035968715893150219,-0.0026588279443786958,-0.00093804364493632608,False,True
SNL,SNL/SNL_18650_NMC_25C_0-100_0.5-2C_a,656,0.050000000000000003,0.081661642767475034,0.076343521908070811,0.072552532801396466,0.010000000000000009,0.029439530545367076,0,534,-0.005318120859404224,-0.0091091099660785685,0.0037909891066743445,False,True
SNL,SNL/SNL_18650_NMC_25C_0-100_0.5-2C_b,1316,0.050000000000000003,0.055176653408445367,0.060208209344309024,0.072909579095434551,0.010000000000000009,0.037975900905108828,0,1130,0.0050315559358636575,0.017732925686989184,-0.012701369751125527,False,True
SNL,SNL/SNL_18650_NMC_25C_0-100_0.5-3C_a,725,0.050000000000000003,0.044757923860352239,0.045522430176987094,0.053757424309102075,0.010000000000000009,0.023133370479175297,0,407,0.00076450631663485535,0.0089995004487498365,-0.0082349941321149811,False,True
SNL,SNL/SNL_18650_NMC_25C_0-100_0.5-3C_b,547,0.050000000000000003,0.017493520327994175,0.023507091588101041,0.0418119188446852,0.010000000000000009,0.039902629830790959,0,497,0.0060135712601068654,0.024318398516691025,-0.018304827256584159,False,True
SNL,SNL/SNL_18650_NMC_25C_0-100_0.5-3C_c,693,0.050000000000000003,0.022118417895418879,0.029550039846790718,0.040481358908678773,0.010000000000000009,0.03094071456133074,0,628,0.0074316219513718383,0.018362941013259894,-0.010931319061888056,False,True
SNL,SNL/SNL_18650_NMC_25C_0-100_0.5-3C_d,900,0.050000000000000003,0.019302672491500816,0.02671683424728187,0.037249935651125943,0.010000000000000009,0.036115102409826516,0,695,0.0074141617557810548,0.017947263159625127,-0.010533101403844072,False,True
SNL,SNL/SNL_18650_NMC_35C_0-100_0.5-1C_a,781,0.050000000000000003,0.011462322140315206,0.013322742007555181,0.060240855553116833,0.010000000000000009,0.107645802993805,0,778,0.0018604198672399746,0.048778533412801625,-0.046918113545561649,False,True
SNL,SNL/SNL_18650_NMC_35C_0-100_0.5-1C_b,781,0.050000000000000003,0.01300513211258123,0.016289310858510889,0.028561641130939595,0.010000000000000009,0.033499010657983996,0,517,0.0032841787459296588,0.015556509018358365,-0.012272330272428706,False,True
SNL,SNL/SNL_18650_NMC_35C_0-100_0.5-1C_c,780,0.050000000000000003,0.0094339333024451542,0.012658395871523466,0.053100218707506606,0.010000000000000009,0.072685121919661588,0,777,0.0032244625690783114,0.043666285405061456,-0.040441822835983139,False,True
SNL,SNL/SNL_18650_NMC_35C_0-100_0.5-1C_d,781,0.050000000000000003,0.011724936834888275,0.015183358241067462,0.039969646733879753,0.010000000000000009,0.068190419817349079,0,777,0.0034584214061791872,0.028244709898991478,-0.024786288492812291,False,True
SNL,SNL/SNL_18650_NMC_35C_0-100_0.5-2C_a,781,0.050000000000000003,0.034160085589544378,0.030277671855171912,0.043515835983392502,0.010000000000000009,0.023934641678131308,0,419,-0.0038824137343724668,0.0093557503938481237,-0.013238164128220591,False,True
SNL,SNL/SNL_18650_NMC_35C_0-100_0.5-2C_b,767,0.050000000000000003,0.011163698909379823,0.013168436340345714,0.029207921400363629,0.010000000000000009,0.034698645927262906,0,740,0.0020047374309658909,0.018044222490983808,-0.016039485060017913,False,True
UL_PUR,UL_PUR/UL-PUR_N10-EX9_18650_NCA_23C_0-100_0.5-0.5C_i,189,0.050000000000000003,0.068871686385322525,0.060981365650451133,0.049417989729651904,0.010000000000000009,0.16928009167760216,0,162,-0.0078903207348713922,-0.019453696655670621,0.011563375920799229,False,True
UL_PUR,UL_PUR/UL-PUR_N10-NA7_18650_NCA_23C_0-100_0.5-0.5C_g,159,0.050000000000000003,0.023680619226550088,0.017221359167448401,0.03192664208121037,0.010000000000000009,0.10086440200810154,0,137,-0.0064592600591016867,0.0082460228546602822,-0.014705282913761969,False,True
UL_PUR,UL_PUR/UL-PUR_N10-OV8_18650_NCA_23C_0-100_0.5-0.5C_h,186,0.050000000000000003,0.073632749055630609,0.065663854231430854,0.050310127871560903,0.010000000000000009,0.18825094017674882,0,159,-0.0079688948241997543,-0.023322621184069706,0.015353726359869951,False,True
UL_PUR,UL_PUR/UL-PUR_N15-EX4_18650_NCA_23C_0-100_0.5-0.5C_d,219,0.050000000000000003,0.036569976666417391,0.040198730999784361,0.042538953101056716,0.010000000000000009,0.14626644809384615,0,186,0.0036287543333669708,0.0059689764346393254,-0.0023402221012723545,False,True
UL_PUR,UL_PUR/UL-PUR_N15-NA10_18650_NCA_23C_0-100_0.5-0.5C_j,254,0.050000000000000003,0.021669956989150915,0.01635917759496228,0.029932550716330355,0.010000000000000009,0.11156609503987813,0,210,-0.0053107793941886347,0.0082625937271794403,-0.013573373121368075,False,True
UL_PUR,UL_PUR/UL-PUR_N15-OV3_18650_NCA_23C_0-100_0.5-0.5C_c,186,0.050000000000000003,0.019139972092539658,0.026509279765383809,0.042453413566878477,0.010000000000000009,0.12005607818018238,0,149,0.0073693076728441505,0.023313441474338819,-0.015944133801494668,False,True
UL_PUR,UL_PUR/UL-PUR_N20-EX2_18650_NCA_23C_0-100_0.5-0.5C_b,304,0.050000000000000003,0.02637834632821463,0.02042217700714425,0.060953212502320185,0.010000000000000009,0.14440666340926289,0,270,-0.0059561693210703794,0.034574866174105559,-0.040531035495175935,False,True
UL_PUR,UL_PUR/UL-PUR_N20-NA5_18650_NCA_23C_0-100_0.5-0.5C_e,207,0.050000000000000003,0.049932478927595454,0.048198478996473462,0.039995422636143932,0.010000000000000009,0.1655798273701804,0,170,-0.001733999931121992,-0.0099370562914515223,0.0082030563603295303,False,True
UL_PUR,UL_PUR/UL-PUR_N20-NA6_18650_NCA_23C_0-100_0.5-0.5C_f,206,0.050000000000000003,0.056702257153538056,0.053700902471022445,0.033971668601304218,0.010000000000000009,0.16666143505093345,0,169,-0.0030013546825156112,-0.022730588552233838,0.019729233869718227,False,True
UL_PUR,UL_PUR/UL-PUR_N20-OV1_18650_NCA_23C_0-100_0.5-0.5C_a,285,0.050000000000000003,0.026647817416399062,0.022246882198462638,0.059465818535236248,0.010000000000000009,0.1566319898999502,0,256,-0.004400935217936424,0.03281800111883719,-0.03721893633677361,False,True
XJTU,XJTU/XJTU_2C_battery-1,384,0.050000000000000003,0.14051016717134465,0.13051016717134464,0.054820201112375816,0.010000000000000009,0.10598235310183024,0,384,-0.010000000000000009,-0.085689966058968836,0.075689966058968827,False,True
XJTU,XJTU/XJTU_2C_battery-2,401,0.050000000000000003,0.14016421811228874,0.13016421811228873,0.056781677820479992,0.010000000000000009,0.10384089438093425,0,401,-0.010000000000000009,-0.083382540291808749,0.07338254029180874,False,True
XJTU,XJTU/XJTU_2C_battery-3,387,0.050000000000000003,0.1356150485331902,0.12561504853319019,0.053225853738971769,0.010000000000000009,0.10427950796825447,0,387,-0.010000000000000009,-0.08238919479421844,0.072389194794218431,False,True
XJTU,XJTU/XJTU_2C_battery-4,390,0.050000000000000003,0.14232818163064517,0.13232818163064516,0.057736765656159969,0.010000000000000009,0.10630363074546612,0,390,-0.010000000000000009,-0.084591415974485204,0.074591415974485195,False,True
XJTU,XJTU/XJTU_2C_battery-5,397,0.050000000000000003,0.11844879390199922,0.10844879390199923,0.050284881019310168,0.010000000000000009,0.097373564189566442,0,397,-0.009999999999999995,-0.068163912882689054,0.058163912882689059,False,True
XJTU,XJTU/XJTU_2C_battery-6,402,0.050000000000000003,0.12827497380087929,0.11827497380087929,0.051849774346913409,0.010000000000000009,0.10379184157742039,0,402,-0.010000000000000009,-0.076425199453965892,0.066425199453965883,False,True
XJTU,XJTU/XJTU_2C_battery-7,396,0.050000000000000003,0.097009168152368874,0.088300735419929152,0.042813609209640516,0.010000000000000009,0.085398557331843539,0,396,-0.008708432732439722,-0.054195558942728358,0.045487126210288636,False,True
XJTU,XJTU/XJTU_2C_battery-8,414,0.050000000000000003,0.129093196125631,0.11909319612563099,0.05929666532607912,0.010000000000000009,0.096092495553852464,0,414,-0.010000000000000009,-0.069796530799551879,0.05979653079955187,False,True
XJTU,XJTU/XJTU_3C_battery-1,293,0.050000000000000003,0.1294254416715844,0.12025664426187097,0.059084867646460523,0.010000000000000009,0.089903590029131952,0,292,-0.0091687974097134362,-0.070340574025123878,0.061171776615410442,False,True
XJTU,XJTU/XJTU_3C_battery-10,158,0.050000000000000003,0.107872456339247,0.097883137937728432,0.060612229845860559,0.010000000000000009,0.064670064212650091,0,158,-0.0099893184015185654,-0.047260226493386438,0.037270908091867873,False,True
XJTU,XJTU/XJTU_3C_battery-11,125,0.050000000000000003,0.099316169833469359,0.089785652524387513,0.057523253836911162,0.010000000000000009,0.062328042411656792,0,125,-0.0095305173090818457,-0.041792915996558197,0.032262398687476351,False,True
XJTU,XJTU/XJTU_3C_battery-12,206,0.050000000000000003,0.13111395793267977,0.12111395793267976,0.076927112054896551,0.010000000000000009,0.075720172777974493,0,206,-0.010000000000000009,-0.054186845877783218,0.04418684587778321,False,True
XJTU,XJTU/XJTU_3C_battery-13,220,0.050000000000000003,0.13382026988045864,0.12382026988045866,0.076408948180593531,0.010000000000000009,0.075208029338805549,0,220,-0.0099999999999999811,-0.057411321699865112,0.04741132169986513,False,True
XJTU,XJTU/XJTU_3C_battery-14,141,0.050000000000000003,0.10704416503544381,0.097112805321410117,0.061720094845285262,0.010000000000000009,0.064207214198365392,0,141,-0.009931359714033694,-0.04532407019015855,0.035392710476124856,False,True
XJTU,XJTU/XJTU_3C_battery-15,162,0.050000000000000003,0.1105678590122922,0.10056785901229219,0.06014256512790802,0.010000000000000009,0.067620898192868872,0,162,-0.010000000000000009,-0.05042529388438418,0.040425293884384171,False,True
XJTU,XJTU/XJTU_3C_battery-2,286,0.050000000000000003,0.12854754840414065,0.11944941065524545,0.0628497924229586,0.010000000000000009,0.084542046439446517,0,283,-0.009098137748895202,-0.065697755981182049,0.056599618232286847,False,True
XJTU,XJTU/XJTU_3C_battery-3,280,0.050000000000000003,0.12974096749603875,0.12147579157180657,0.058546782769656289,0.010000000000000009,0.096003175071557534,0,271,-0.0082651759242321765,-0.071194184726382462,0.062929008802150285,False,True
XJTU,XJTU/XJTU_3C_battery-4,316,0.050000000000000003,0.12228264926579877,0.11436527933343026,0.059833048213739005,0.010000000000000009,0.086609462395054293,0,300,-0.0079173699323685093,-0.06244960105205976,0.05453223111969125,False,True
XJTU,XJTU/XJTU_3C_battery-5,291,0.050000000000000003,0.12442696749236194,0.11573803520028364,0.054609931613019393,0.010000000000000009,0.09110711255473003,0,285,-0.0086889322920783024,-0.069817035879342543,0.061128103587264247,False,True
XJTU,XJTU/XJTU_3C_battery-6,316,0.050000000000000003,0.13402538690205562,0.12495509757335152,0.066315120978190298,0.010000000000000009,0.089356182244038074,0,309,-0.0090702893287041009,-0.067710265923865323,0.058639976595161222,False,True
XJTU,XJTU/XJTU_3C_battery-7,313,0.050000000000000003,0.13280423515152751,0.12508222769729871,0.060295010234317846,0.010000000000000009,0.1089146500045497,0,295,-0.0077220074542287964,-0.072509224917209653,0.064787217462980856,False,True
XJTU,XJTU/XJTU_3C_battery-8,264,0.050000000000000003,0.13133055273745417,0.12163444659919988,0.063440482651077948,0.010000000000000009,0.086442816957334023,0,264,-0.0096961061382542929,-0.067890070086376222,0.05819396394812193,False,True
XJTU,XJTU/XJTU_3C_battery-9,281,0.050000000000000003,0.13692684617590389,0.12692684617590388,0.079841938734545717,0.010000000000000009,0.078241647848352081,0,281,-0.010000000000000009,-0.057084907441358176,0.047084907441358168,False,True
