record_id,frozen_row_index,domain,cell_id,target_cycle_number,within_nominal_cycle_ordinal
EXT-00001,0,AMPERE_A123_LFP,AMPERE_A123_LFP/Cell1a,600.0,0
EXT-00002,1,AMPERE_A123_LFP,AMPERE_A123_LFP/Cell1a,700.0,0
EXT-00003,2,AMPERE_A123_LFP,AMPERE_A123_LFP/Cell1a,800.0,0
EXT-00004,3,AMPERE_A123_LFP,AMPERE_A123_LFP/Cell1a,900.0,0
EXT-00005,4,AMPERE_A123_LFP,AMPERE_A123_LFP/Cell1a,1000.0,0
EXT-00006,5,AMPERE_A123_LFP,AMPERE_A123_LFP/Cell1a,1100.0,0
EXT-00007,6,AMPERE_A123_LFP,AMPERE_A123_LFP/Cell1a,1200.0,0
EXT-00008,7,AMPERE_A123_LFP,AMPERE_A123_LFP/Cell1a,1300.0,0
EXT-00009,8,AMPERE_A123_LFP,AMPERE_A123_LFP/Cell1a,1400.0,0
EXT-00010,9,AMPERE_A123_LFP,AMPERE_A123_LFP/Cell1a,1500.0,0
EXT-00011,10,AMPERE_A123_LFP,AMPERE_A123_LFP/Cell1a,1600.0,0
EXT-00012,11,AMPERE_A123_LFP,AMPERE_A123_LFP/Cell1a,1700.0,0
EXT-00013,12,AMPERE_A123_LFP,AMPERE_A123_LFP/Cell1a,1800.0,0
EXT-00014,13,AMPERE_A123_LFP,AMPERE_A123_LFP/Cell1a,1900.0,0
EXT-00015,14,AMPERE_A123_LFP,AMPERE_A123_LFP/Cell1a,2000.0,0
EXT-00016,15,AMPERE_A123_LFP,AMPERE_A123_LFP/Cell1a,2100.0,0
EXT-00017,16,AMPERE_A123_LFP,AMPERE_A123_LFP/Cell1a,2200.0,0
EXT-00018,17,AMPERE_A123_LFP,AMPERE_A123_LFP/Cell1a,2300.0,0
EXT-00019,18,AMPERE_A123_LFP,AMPERE_A123_LFP/Cell1a,2400.0,0
EXT-00020,19,AMPERE_A123_LFP,AMPERE_A123_LFP/Cell1a,2500.0,0
EXT-00021,20,AMPERE_A123_LFP,AMPERE_A123_LFP/Cell1a,2600.0,0
EXT-00022,21,AMPERE_A123_LFP,AMPERE_A123_LFP/Cell1a,2700.0,0
EXT-00023,22,AMPERE_A123_LFP,AMPERE_A123_LFP/Cell1a,2800.0,0
EXT-00024,23,AMPERE_A123_LFP,AMPERE_A123_LFP/Cell1a,2900.0,0
EXT-00025,24,AMPERE_A123_LFP,AMPERE_A123_LFP/Cell1a,3000.0,0
EXT-00026,25,AMPERE_A123_LFP,AMPERE_A123_LFP/Cell1a,3100.0,0
EXT-00027,26,AMPERE_A123_LFP,AMPERE_A123_LFP/Cell1a,3200.0,0
EXT-00028,27,AMPERE_A123_LFP,AMPERE_A123_LFP/Cell1b,500.0,0
EXT-00029,28,AMPERE_A123_LFP,AMPERE_A123_LFP/Cell1b,600.0,0
EXT-00030,29,AMPERE_A123_LFP,AMPERE_A123_LFP/Cell1b,700.0,0
EXT-00031,30,AMPERE_A123_LFP,AMPERE_A123_LFP/Cell1b,800.0,0
EXT-00032,31,AMPERE_A123_LFP,AMPERE_A123_LFP/Cell1b,900.0,0
EXT-00033,32,AMPERE_A123_LFP,AMPERE_A123_LFP/Cell1b,1000.0,0
EXT-00034,33,AMPERE_A123_LFP,AMPERE_A123_LFP/Cell1b,1100.0,0
EXT-00035,34,AMPERE_A123_LFP,AMPERE_A123_LFP/Cell1b,1200.0,0
EXT-00036,35,AMPERE_A123_LFP,AMPERE_A123_LFP/Cell1b,1300.0,0
EXT-00037,36,AMPERE_A123_LFP,AMPERE_A123_LFP/Cell1b,1400.0,0
EXT-00038,37,AMPERE_A123_LFP,AMPERE_A123_LFP/Cell1b,1500.0,0
EXT-00039,38,AMPERE_A123_LFP,AMPERE_A123_LFP/Cell1b,1600.0,0
EXT-00040,39,AMPERE_A123_LFP,AMPERE_A123_LFP/Cell1b,1700.0,0
EXT-00041,40,AMPERE_A123_LFP,AMPERE_A123_LFP/Cell1b,1800.0,0
EXT-00042,41,AMPERE_A123_LFP,AMPERE_A123_LFP/Cell1b,1900.0,0
EXT-00043,42,AMPERE_A123_LFP,AMPERE_A123_LFP/Cell1b,2000.0,0
EXT-00044,43,AMPERE_A123_LFP,AMPERE_A123_LFP/Cell1b,2100.0,0
EXT-00045,44,AMPERE_A123_LFP,AMPERE_A123_LFP/Cell1b,2200.0,0
EXT-00046,45,AMPERE_A123_LFP,AMPERE_A123_LFP/Cell1b,2300.0,0
EXT-00047,46,AMPERE_A123_LFP,AMPERE_A123_LFP/Cell1b,2400.0,0
EXT-00048,47,AMPERE_A123_LFP,AMPERE_A123_LFP/Cell1b,2500.0,0
EXT-00049,48,AMPERE_A123_LFP,AMPERE_A123_LFP/Cell1b,2600.0,0
EXT-00050,49,AMPERE_A123_LFP,AMPERE_A123_LFP/Cell1b,2700.0,0
EXT-00051,50,AMPERE_A123_LFP,AMPERE_A123_LFP/Cell1b,2800.0,0
EXT-00052,51,AMPERE_A123_LFP,AMPERE_A123_LFP/Cell1b,2900.0,0
EXT-00053,52,AMPERE_A123_LFP,AMPERE_A123_LFP/Cell1b,3000.0,0
EXT-00054,53,AMPERE_A123_LFP,AMPERE_A123_LFP/Cell1b,3100.0,0
EXT-00055,54,AMPERE_A123_LFP,AMPERE_A123_LFP/Cell1b,3200.0,0
EXT-00056,55,AMPERE_A123_LFP,AMPERE_A123_LFP/Cell1b,3300.0,0
EXT-00057,56,AMPERE_A123_LFP,AMPERE_A123_LFP/Cell1c,500.0,0
EXT-00058,57,AMPERE_A123_LFP,AMPERE_A123_LFP/Cell1c,600.0,0
EXT-00059,58,AMPERE_A123_LFP,AMPERE_A123_LFP/Cell1c,700.0,0
EXT-00060,59,AMPERE_A123_LFP,AMPERE_A123_LFP/Cell1c,800.0,0
EXT-00061,60,AMPERE_A123_LFP,AMPERE_A123_LFP/Cell1c,900.0,0
EXT-00062,61,AMPERE_A123_LFP,AMPERE_A123_LFP/Cell1c,1000.0,0
EXT-00063,62,AMPERE_A123_LFP,AMPERE_A123_LFP/Cell1c,1100.0,0
EXT-00064,63,AMPERE_A123_LFP,AMPERE_A123_LFP/Cell1c,1200.0,0
EXT-00065,64,AMPERE_A123_LFP,AMPERE_A123_LFP/Cell1c,1300.0,0
EXT-00066,65,AMPERE_A123_LFP,AMPERE_A123_LFP/Cell1c,1400.0,0
EXT-00067,66,AMPERE_A123_LFP,AMPERE_A123_LFP/Cell1c,1500.0,0
EXT-00068,67,AMPERE_A123_LFP,AMPERE_A123_LFP/Cell1c,1600.0,0
EXT-00069,68,AMPERE_A123_LFP,AMPERE_A123_LFP/Cell1c,1700.0,0
EXT-00070,69,AMPERE_A123_LFP,AMPERE_A123_LFP/Cell1c,1800.0,0
EXT-00071,70,AMPERE_A123_LFP,AMPERE_A123_LFP/Cell1c,1900.0,0
EXT-00072,71,AMPERE_A123_LFP,AMPERE_A123_LFP/Cell1c,2000.0,0
EXT-00073,72,AMPERE_A123_LFP,AMPERE_A123_LFP/Cell1c,2100.0,0
EXT-00074,73,AMPERE_A123_LFP,AMPERE_A123_LFP/Cell1c,2200.0,0
EXT-00075,74,AMPERE_A123_LFP,AMPERE_A123_LFP/Cell1c,2300.0,0
EXT-00076,75,AMPERE_A123_LFP,AMPERE_A123_LFP/Cell1c,2400.0,0
EXT-00077,76,AMPERE_A123_LFP,AMPERE_A123_LFP/Cell1c,2500.0,0
EXT-00078,77,AMPERE_A123_LFP,AMPERE_A123_LFP/Cell1c,2600.0,0
EXT-00079,78,AMPERE_A123_LFP,AMPERE_A123_LFP/Cell1c,2700.0,0
EXT-00080,79,AMPERE_A123_LFP,AMPERE_A123_LFP/Cell1c,2800.0,0
EXT-00081,80,AMPERE_A123_LFP,AMPERE_A123_LFP/Cell1c,2900.0,0
EXT-00082,81,AMPERE_A123_LFP,AMPERE_A123_LFP/Cell1c,3000.0,0
EXT-00083,82,AMPERE_A123_LFP,AMPERE_A123_LFP/Cell1c,3100.0,0
EXT-00084,83,AMPERE_A123_LFP,AMPERE_A123_LFP/Cell1c,3200.0,0
EXT-00085,84,AMPERE_A123_LFP,AMPERE_A123_LFP/Cell2a,600.0,0
EXT-00086,85,AMPERE_A123_LFP,AMPERE_A123_LFP/Cell2a,700.0,0
EXT-00087,86,AMPERE_A123_LFP,AMPERE_A123_LFP/Cell2a,800.0,0
EXT-00088,87,AMPERE_A123_LFP,AMPERE_A123_LFP/Cell2a,900.0,0
EXT-00089,88,AMPERE_A123_LFP,AMPERE_A123_LFP/Cell2a,1000.0,0
EXT-00090,89,AMPERE_A123_LFP,AMPERE_A123_LFP/Cell2a,1100.0,0
EXT-00091,90,AMPERE_A123_LFP,AMPERE_A123_LFP/Cell2a,1200.0,0
EXT-00092,91,AMPERE_A123_LFP,AMPERE_A123_LFP/Cell2a,1300.0,0
EXT-00093,92,AMPERE_A123_LFP,AMPERE_A123_LFP/Cell2a,1400.0,0
EXT-00094,93,AMPERE_A123_LFP,AMPERE_A123_LFP/Cell2a,1500.0,0
EXT-00095,94,AMPERE_A123_LFP,AMPERE_A123_LFP/Cell2a,1600.0,0
EXT-00096,95,AMPERE_A123_LFP,AMPERE_A123_LFP/Cell2a,1700.0,0
EXT-00097,96,AMPERE_A123_LFP,AMPERE_A123_LFP/Cell2a,1800.0,0
EXT-00098,97,AMPERE_A123_LFP,AMPERE_A123_LFP/Cell2a,1900.0,0
EXT-00099,98,AMPERE_A123_LFP,AMPERE_A123_LFP/Cell2a,2000.0,0
EXT-00100,99,AMPERE_A123_LFP,AMPERE_A123_LFP/Cell2a,2100.0,0
EXT-00101,100,AMPERE_A123_LFP,AMPERE_A123_LFP/Cell2a,2200.0,0
EXT-00102,101,AMPERE_A123_LFP,AMPERE_A123_LFP/Cell2a,2300.0,0
EXT-00103,102,AMPERE_A123_LFP,AMPERE_A123_LFP/Cell2a,2400.0,0
EXT-00104,103,AMPERE_A123_LFP,AMPERE_A123_LFP/Cell2a,2500.0,0
EXT-00105,104,AMPERE_A123_LFP,AMPERE_A123_LFP/Cell2a,2600.0,0
EXT-00106,105,AMPERE_A123_LFP,AMPERE_A123_LFP/Cell2a,2700.0,0
EXT-00107,106,AMPERE_A123_LFP,AMPERE_A123_LFP/Cell2a,2800.0,0
EXT-00108,107,AMPERE_A123_LFP,AMPERE_A123_LFP/Cell2a,2900.0,0
EXT-00109,108,AMPERE_A123_LFP,AMPERE_A123_LFP/Cell2a,3000.0,0
EXT-00110,109,AMPERE_A123_LFP,AMPERE_A123_LFP/Cell2a,3100.0,0
EXT-00111,110,AMPERE_A123_LFP,AMPERE_A123_LFP/Cell2a,3200.0,0
EXT-00112,111,AMPERE_A123_LFP,AMPERE_A123_LFP/Cell2a,3300.0,0
EXT-00113,112,AMPERE_A123_LFP,AMPERE_A123_LFP/Cell2b,500.0,0
EXT-00114,113,AMPERE_A123_LFP,AMPERE_A123_LFP/Cell2b,600.0,0
EXT-00115,114,AMPERE_A123_LFP,AMPERE_A123_LFP/Cell2b,700.0,0
EXT-00116,115,AMPERE_A123_LFP,AMPERE_A123_LFP/Cell2b,800.0,0
EXT-00117,116,AMPERE_A123_LFP,AMPERE_A123_LFP/Cell2b,900.0,0
EXT-00118,117,AMPERE_A123_LFP,AMPERE_A123_LFP/Cell2b,1000.0,0
EXT-00119,118,AMPERE_A123_LFP,AMPERE_A123_LFP/Cell2b,1100.0,0
EXT-00120,119,AMPERE_A123_LFP,AMPERE_A123_LFP/Cell2b,1200.0,0
EXT-00121,120,AMPERE_A123_LFP,AMPERE_A123_LFP/Cell2b,1300.0,0
EXT-00122,121,AMPERE_A123_LFP,AMPERE_A123_LFP/Cell2b,1400.0,0
EXT-00123,122,AMPERE_A123_LFP,AMPERE_A123_LFP/Cell2b,1500.0,0
EXT-00124,123,AMPERE_A123_LFP,AMPERE_A123_LFP/Cell2b,1600.0,0
EXT-00125,124,AMPERE_A123_LFP,AMPERE_A123_LFP/Cell2b,1700.0,0
EXT-00126,125,AMPERE_A123_LFP,AMPERE_A123_LFP/Cell2b,1800.0,0
EXT-00127,126,AMPERE_A123_LFP,AMPERE_A123_LFP/Cell2b,1900.0,0
EXT-00128,127,AMPERE_A123_LFP,AMPERE_A123_LFP/Cell2b,2000.0,0
EXT-00129,128,AMPERE_A123_LFP,AMPERE_A123_LFP/Cell2b,2100.0,0
EXT-00130,129,AMPERE_A123_LFP,AMPERE_A123_LFP/Cell2b,2200.0,0
EXT-00131,130,AMPERE_A123_LFP,AMPERE_A123_LFP/Cell2b,2300.0,0
EXT-00132,131,AMPERE_A123_LFP,AMPERE_A123_LFP/Cell2b,2400.0,0
EXT-00133,132,AMPERE_A123_LFP,AMPERE_A123_LFP/Cell2b,2500.0,0
EXT-00134,133,AMPERE_A123_LFP,AMPERE_A123_LFP/Cell2b,2600.0,0
EXT-00135,134,AMPERE_A123_LFP,AMPERE_A123_LFP/Cell2b,2700.0,0
EXT-00136,135,AMPERE_A123_LFP,AMPERE_A123_LFP/Cell2b,2800.0,0
EXT-00137,136,AMPERE_A123_LFP,AMPERE_A123_LFP/Cell2b,2900.0,0
EXT-00138,137,AMPERE_A123_LFP,AMPERE_A123_LFP/Cell2b,3000.0,0
EXT-00139,138,AMPERE_A123_LFP,AMPERE_A123_LFP/Cell2b,3100.0,0
EXT-00140,139,AMPERE_A123_LFP,AMPERE_A123_LFP/Cell2b,3200.0,0
EXT-00141,140,AMPERE_A123_LFP,AMPERE_A123_LFP/Cell2b,3300.0,0
EXT-00142,141,AMPERE_A123_LFP,AMPERE_A123_LFP/Cell2c,600.0,0
EXT-00143,142,AMPERE_A123_LFP,AMPERE_A123_LFP/Cell2c,700.0,0
EXT-00144,143,AMPERE_A123_LFP,AMPERE_A123_LFP/Cell2c,800.0,0
EXT-00145,144,AMPERE_A123_LFP,AMPERE_A123_LFP/Cell2c,900.0,0
EXT-00146,145,AMPERE_A123_LFP,AMPERE_A123_LFP/Cell2c,1000.0,0
EXT-00147,146,AMPERE_A123_LFP,AMPERE_A123_LFP/Cell2c,1100.0,0
EXT-00148,147,AMPERE_A123_LFP,AMPERE_A123_LFP/Cell2c,1200.0,0
EXT-00149,148,AMPERE_A123_LFP,AMPERE_A123_LFP/Cell2c,1300.0,0
EXT-00150,149,AMPERE_A123_LFP,AMPERE_A123_LFP/Cell2c,1400.0,0
EXT-00151,150,AMPERE_A123_LFP,AMPERE_A123_LFP/Cell2c,1500.0,0
EXT-00152,151,AMPERE_A123_LFP,AMPERE_A123_LFP/Cell2c,1600.0,0
EXT-00153,152,AMPERE_A123_LFP,AMPERE_A123_LFP/Cell2c,1700.0,0
EXT-00154,153,AMPERE_A123_LFP,AMPERE_A123_LFP/Cell2c,1800.0,0
EXT-00155,154,AMPERE_A123_LFP,AMPERE_A123_LFP/Cell2c,1900.0,0
EXT-00156,155,AMPERE_A123_LFP,AMPERE_A123_LFP/Cell2c,2000.0,0
EXT-00157,156,AMPERE_A123_LFP,AMPERE_A123_LFP/Cell2c,2100.0,0
EXT-00158,157,AMPERE_A123_LFP,AMPERE_A123_LFP/Cell2c,2200.0,0
EXT-00159,158,AMPERE_A123_LFP,AMPERE_A123_LFP/Cell2c,2300.0,0
EXT-00160,159,AMPERE_A123_LFP,AMPERE_A123_LFP/Cell2c,2400.0,0
EXT-00161,160,AMPERE_A123_LFP,AMPERE_A123_LFP/Cell2c,2500.0,0
EXT-00162,161,AMPERE_A123_LFP,AMPERE_A123_LFP/Cell2c,2600.0,0
EXT-00163,162,AMPERE_A123_LFP,AMPERE_A123_LFP/Cell2c,2700.0,0
EXT-00164,163,AMPERE_A123_LFP,AMPERE_A123_LFP/Cell2c,2800.0,0
EXT-00165,164,AMPERE_A123_LFP,AMPERE_A123_LFP/Cell2c,2900.0,0
EXT-00166,165,AMPERE_A123_LFP,AMPERE_A123_LFP/Cell2c,3000.0,0
EXT-00167,166,AMPERE_A123_LFP,AMPERE_A123_LFP/Cell2c,3100.0,0
EXT-00168,167,AMPERE_A123_LFP,AMPERE_A123_LFP/Cell2c,3200.0,0
EXT-00169,168,AMPERE_A123_LFP,AMPERE_A123_LFP/Cell2c,3300.0,0
EXT-00170,169,AMPERE_A123_LFP,AMPERE_A123_LFP/Cell3a,500.0,0
EXT-00171,170,AMPERE_A123_LFP,AMPERE_A123_LFP/Cell3a,600.0,0
EXT-00172,171,AMPERE_A123_LFP,AMPERE_A123_LFP/Cell3a,700.0,0
EXT-00173,172,AMPERE_A123_LFP,AMPERE_A123_LFP/Cell3a,800.0,0
EXT-00174,173,AMPERE_A123_LFP,AMPERE_A123_LFP/Cell3a,900.0,0
EXT-00175,174,AMPERE_A123_LFP,AMPERE_A123_LFP/Cell3a,1000.0,0
EXT-00176,175,AMPERE_A123_LFP,AMPERE_A123_LFP/Cell3a,1100.0,0
EXT-00177,176,AMPERE_A123_LFP,AMPERE_A123_LFP/Cell3a,1200.0,0
EXT-00178,177,AMPERE_A123_LFP,AMPERE_A123_LFP/Cell3a,1300.0,0
EXT-00179,178,AMPERE_A123_LFP,AMPERE_A123_LFP/Cell3a,1400.0,0
EXT-00180,179,AMPERE_A123_LFP,AMPERE_A123_LFP/Cell3a,1500.0,0
EXT-00181,180,AMPERE_A123_LFP,AMPERE_A123_LFP/Cell3a,1600.0,0
EXT-00182,181,AMPERE_A123_LFP,AMPERE_A123_LFP/Cell3a,1700.0,0
EXT-00183,182,AMPERE_A123_LFP,AMPERE_A123_LFP/Cell3a,1800.0,0
EXT-00184,183,AMPERE_A123_LFP,AMPERE_A123_LFP/Cell3a,1900.0,0
EXT-00185,184,AMPERE_A123_LFP,AMPERE_A123_LFP/Cell3a,2000.0,0
EXT-00186,185,AMPERE_A123_LFP,AMPERE_A123_LFP/Cell3a,2100.0,0
EXT-00187,186,AMPERE_A123_LFP,AMPERE_A123_LFP/Cell3a,2200.0,0
EXT-00188,187,AMPERE_A123_LFP,AMPERE_A123_LFP/Cell3a,2300.0,0
EXT-00189,188,AMPERE_A123_LFP,AMPERE_A123_LFP/Cell3a,2400.0,0
EXT-00190,189,AMPERE_A123_LFP,AMPERE_A123_LFP/Cell3a,2500.0,0
EXT-00191,190,AMPERE_A123_LFP,AMPERE_A123_LFP/Cell3a,2600.0,0
EXT-00192,191,AMPERE_A123_LFP,AMPERE_A123_LFP/Cell3a,2700.0,0
EXT-00193,192,AMPERE_A123_LFP,AMPERE_A123_LFP/Cell3a,2800.0,0
EXT-00194,193,AMPERE_A123_LFP,AMPERE_A123_LFP/Cell3a,2900.0,0
EXT-00195,194,AMPERE_A123_LFP,AMPERE_A123_LFP/Cell3a,3000.0,0
EXT-00196,195,AMPERE_A123_LFP,AMPERE_A123_LFP/Cell3a,3100.0,0
EXT-00197,196,AMPERE_A123_LFP,AMPERE_A123_LFP/Cell3a,3200.0,0
EXT-00198,197,AMPERE_A123_LFP,AMPERE_A123_LFP/Cell3a,3300.0,0
EXT-00199,198,AMPERE_A123_LFP,AMPERE_A123_LFP/Cell3a,3400.0,0
EXT-00200,199,AMPERE_A123_LFP,AMPERE_A123_LFP/Cell3a,3500.0,0
EXT-00201,200,AMPERE_A123_LFP,AMPERE_A123_LFP/Cell3a,3600.0,0
EXT-00202,201,AMPERE_A123_LFP,AMPERE_A123_LFP/Cell3a,3700.0,0
EXT-00203,202,AMPERE_A123_LFP,AMPERE_A123_LFP/Cell3a,3800.0,0
EXT-00204,203,AMPERE_A123_LFP,AMPERE_A123_LFP/Cell3a,3900.0,0
EXT-00205,204,AMPERE_A123_LFP,AMPERE_A123_LFP/Cell3b,400.0,0
EXT-00206,205,AMPERE_A123_LFP,AMPERE_A123_LFP/Cell3b,500.0,0
EXT-00207,206,AMPERE_A123_LFP,AMPERE_A123_LFP/Cell3b,600.0,0
EXT-00208,207,AMPERE_A123_LFP,AMPERE_A123_LFP/Cell3b,700.0,0
EXT-00209,208,AMPERE_A123_LFP,AMPERE_A123_LFP/Cell3b,800.0,0
EXT-00210,209,AMPERE_A123_LFP,AMPERE_A123_LFP/Cell3b,900.0,0
EXT-00211,210,AMPERE_A123_LFP,AMPERE_A123_LFP/Cell3b,1000.0,0
EXT-00212,211,AMPERE_A123_LFP,AMPERE_A123_LFP/Cell3b,1100.0,0
EXT-00213,212,AMPERE_A123_LFP,AMPERE_A123_LFP/Cell3b,1200.0,0
EXT-00214,213,AMPERE_A123_LFP,AMPERE_A123_LFP/Cell3b,1300.0,0
EXT-00215,214,AMPERE_A123_LFP,AMPERE_A123_LFP/Cell3b,1400.0,0
EXT-00216,215,AMPERE_A123_LFP,AMPERE_A123_LFP/Cell3b,1500.0,0
EXT-00217,216,AMPERE_A123_LFP,AMPERE_A123_LFP/Cell3b,1600.0,0
EXT-00218,217,AMPERE_A123_LFP,AMPERE_A123_LFP/Cell3b,1700.0,0
EXT-00219,218,AMPERE_A123_LFP,AMPERE_A123_LFP/Cell3b,1800.0,0
EXT-00220,219,AMPERE_A123_LFP,AMPERE_A123_LFP/Cell3b,1900.0,0
EXT-00221,220,AMPERE_A123_LFP,AMPERE_A123_LFP/Cell3b,2000.0,0
EXT-00222,221,AMPERE_A123_LFP,AMPERE_A123_LFP/Cell3b,2100.0,0
EXT-00223,222,AMPERE_A123_LFP,AMPERE_A123_LFP/Cell3b,2200.0,0
EXT-00224,223,AMPERE_A123_LFP,AMPERE_A123_LFP/Cell3b,2300.0,0
EXT-00225,224,AMPERE_A123_LFP,AMPERE_A123_LFP/Cell3b,2400.0,0
EXT-00226,225,AMPERE_A123_LFP,AMPERE_A123_LFP/Cell3b,2500.0,0
EXT-00227,226,AMPERE_A123_LFP,AMPERE_A123_LFP/Cell3b,2600.0,0
EXT-00228,227,AMPERE_A123_LFP,AMPERE_A123_LFP/Cell3b,2700.0,0
EXT-00229,228,AMPERE_A123_LFP,AMPERE_A123_LFP/Cell3b,2800.0,0
EXT-00230,229,AMPERE_A123_LFP,AMPERE_A123_LFP/Cell3b,2900.0,0
EXT-00231,230,AMPERE_A123_LFP,AMPERE_A123_LFP/Cell3b,3000.0,0
EXT-00232,231,AMPERE_A123_LFP,AMPERE_A123_LFP/Cell3b,3100.0,0
EXT-00233,232,AMPERE_A123_LFP,AMPERE_A123_LFP/Cell3b,3200.0,0
EXT-00234,233,AMPERE_A123_LFP,AMPERE_A123_LFP/Cell3b,3300.0,0
EXT-00235,234,AMPERE_A123_LFP,AMPERE_A123_LFP/Cell3b,3400.0,0
EXT-00236,235,AMPERE_A123_LFP,AMPERE_A123_LFP/Cell3b,3500.0,0
EXT-00237,236,AMPERE_A123_LFP,AMPERE_A123_LFP/Cell3b,3600.0,0
EXT-00238,237,AMPERE_A123_LFP,AMPERE_A123_LFP/Cell3b,3700.0,0
EXT-00239,238,AMPERE_A123_LFP,AMPERE_A123_LFP/Cell3b,3800.0,0
EXT-00240,239,AMPERE_A123_LFP,AMPERE_A123_LFP/Cell3b,3900.0,0
EXT-00241,240,AMPERE_A123_LFP,AMPERE_A123_LFP/Cell4a,500.0,0
EXT-00242,241,AMPERE_A123_LFP,AMPERE_A123_LFP/Cell4a,600.0,0
EXT-00243,242,AMPERE_A123_LFP,AMPERE_A123_LFP/Cell4a,700.0,0
EXT-00244,243,AMPERE_A123_LFP,AMPERE_A123_LFP/Cell4a,800.0,0
EXT-00245,244,AMPERE_A123_LFP,AMPERE_A123_LFP/Cell4a,900.0,0
EXT-00246,245,AMPERE_A123_LFP,AMPERE_A123_LFP/Cell4a,1000.0,0
EXT-00247,246,AMPERE_A123_LFP,AMPERE_A123_LFP/Cell4a,1100.0,0
EXT-00248,247,AMPERE_A123_LFP,AMPERE_A123_LFP/Cell4a,1200.0,0
EXT-00249,248,AMPERE_A123_LFP,AMPERE_A123_LFP/Cell4a,1300.0,0
EXT-00250,249,AMPERE_A123_LFP,AMPERE_A123_LFP/Cell4a,1400.0,0
EXT-00251,250,AMPERE_A123_LFP,AMPERE_A123_LFP/Cell4a,1500.0,0
EXT-00252,251,AMPERE_A123_LFP,AMPERE_A123_LFP/Cell4a,1600.0,0
EXT-00253,252,AMPERE_A123_LFP,AMPERE_A123_LFP/Cell4a,1700.0,0
EXT-00254,253,AMPERE_A123_LFP,AMPERE_A123_LFP/Cell4a,1800.0,0
EXT-00255,254,AMPERE_A123_LFP,AMPERE_A123_LFP/Cell4a,1900.0,0
EXT-00256,255,AMPERE_A123_LFP,AMPERE_A123_LFP/Cell4a,2000.0,0
EXT-00257,256,AMPERE_A123_LFP,AMPERE_A123_LFP/Cell4a,2100.0,0
EXT-00258,257,AMPERE_A123_LFP,AMPERE_A123_LFP/Cell4a,2200.0,0
EXT-00259,258,AMPERE_A123_LFP,AMPERE_A123_LFP/Cell4a,2300.0,0
EXT-00260,259,AMPERE_A123_LFP,AMPERE_A123_LFP/Cell4a,2400.0,0
EXT-00261,260,AMPERE_A123_LFP,AMPERE_A123_LFP/Cell4a,2500.0,0
EXT-00262,261,AMPERE_A123_LFP,AMPERE_A123_LFP/Cell4a,2600.0,0
EXT-00263,262,AMPERE_A123_LFP,AMPERE_A123_LFP/Cell4a,2700.0,0
EXT-00264,263,AMPERE_A123_LFP,AMPERE_A123_LFP/Cell4a,2800.0,0
EXT-00265,264,AMPERE_A123_LFP,AMPERE_A123_LFP/Cell4a,2900.0,0
EXT-00266,265,AMPERE_A123_LFP,AMPERE_A123_LFP/Cell4a,3000.0,0
EXT-00267,266,AMPERE_A123_LFP,AMPERE_A123_LFP/Cell4a,3100.0,0
EXT-00268,267,AMPERE_A123_LFP,AMPERE_A123_LFP/Cell4a,3200.0,0
EXT-00269,268,AMPERE_A123_LFP,AMPERE_A123_LFP/Cell4a,3300.0,0
EXT-00270,269,AMPERE_A123_LFP,AMPERE_A123_LFP/Cell4a,3400.0,0
EXT-00271,270,AMPERE_A123_LFP,AMPERE_A123_LFP/Cell4a,3500.0,0
EXT-00272,271,AMPERE_A123_LFP,AMPERE_A123_LFP/Cell4a,3600.0,0
EXT-00273,272,AMPERE_A123_LFP,AMPERE_A123_LFP/Cell4a,3700.0,0
EXT-00274,273,AMPERE_A123_LFP,AMPERE_A123_LFP/Cell4a,3800.0,0
EXT-00275,274,AMPERE_A123_LFP,AMPERE_A123_LFP/Cell4a,3900.0,0
EXT-00276,275,AMPERE_A123_LFP,AMPERE_A123_LFP/Cell4a,4000.0,0
EXT-00277,276,AMPERE_A123_LFP,AMPERE_A123_LFP/Cell4a,4100.0,0
EXT-00278,277,AMPERE_A123_LFP,AMPERE_A123_LFP/Cell4a,4200.0,0
EXT-00279,278,AMPERE_A123_LFP,AMPERE_A123_LFP/Cell4a,4300.0,0
EXT-00280,279,AMPERE_A123_LFP,AMPERE_A123_LFP/Cell4b,500.0,0
EXT-00281,280,AMPERE_A123_LFP,AMPERE_A123_LFP/Cell4b,600.0,0
EXT-00282,281,AMPERE_A123_LFP,AMPERE_A123_LFP/Cell4b,700.0,0
EXT-00283,282,AMPERE_A123_LFP,AMPERE_A123_LFP/Cell4b,800.0,0
EXT-00284,283,AMPERE_A123_LFP,AMPERE_A123_LFP/Cell4b,900.0,0
EXT-00285,284,AMPERE_A123_LFP,AMPERE_A123_LFP/Cell4b,1000.0,0
EXT-00286,285,AMPERE_A123_LFP,AMPERE_A123_LFP/Cell4b,1100.0,0
EXT-00287,286,AMPERE_A123_LFP,AMPERE_A123_LFP/Cell4b,1200.0,0
EXT-00288,287,AMPERE_A123_LFP,AMPERE_A123_LFP/Cell4b,1300.0,0
EXT-00289,288,AMPERE_A123_LFP,AMPERE_A123_LFP/Cell4b,1400.0,0
EXT-00290,289,AMPERE_A123_LFP,AMPERE_A123_LFP/Cell4b,1500.0,0
EXT-00291,290,AMPERE_A123_LFP,AMPERE_A123_LFP/Cell4b,1600.0,0
EXT-00292,291,AMPERE_A123_LFP,AMPERE_A123_LFP/Cell4b,1700.0,0
EXT-00293,292,AMPERE_A123_LFP,AMPERE_A123_LFP/Cell4b,1800.0,0
EXT-00294,293,AMPERE_A123_LFP,AMPERE_A123_LFP/Cell4b,1900.0,0
EXT-00295,294,AMPERE_A123_LFP,AMPERE_A123_LFP/Cell4b,2000.0,0
EXT-00296,295,AMPERE_A123_LFP,AMPERE_A123_LFP/Cell4b,2100.0,0
EXT-00297,296,AMPERE_A123_LFP,AMPERE_A123_LFP/Cell4b,2200.0,0
EXT-00298,297,AMPERE_A123_LFP,AMPERE_A123_LFP/Cell4b,2300.0,0
EXT-00299,298,AMPERE_A123_LFP,AMPERE_A123_LFP/Cell4b,2400.0,0
EXT-00300,299,AMPERE_A123_LFP,AMPERE_A123_LFP/Cell4b,2500.0,0
EXT-00301,300,AMPERE_A123_LFP,AMPERE_A123_LFP/Cell4b,2600.0,0
EXT-00302,301,AMPERE_A123_LFP,AMPERE_A123_LFP/Cell4b,2700.0,0
EXT-00303,302,AMPERE_A123_LFP,AMPERE_A123_LFP/Cell4b,2800.0,0
EXT-00304,303,AMPERE_A123_LFP,AMPERE_A123_LFP/Cell4b,2900.0,0
EXT-00305,304,AMPERE_A123_LFP,AMPERE_A123_LFP/Cell4b,3000.0,0
EXT-00306,305,AMPERE_A123_LFP,AMPERE_A123_LFP/Cell4b,3100.0,0
EXT-00307,306,AMPERE_A123_LFP,AMPERE_A123_LFP/Cell4b,3200.0,0
EXT-00308,307,AMPERE_A123_LFP,AMPERE_A123_LFP/Cell4b,3300.0,0
EXT-00309,308,AMPERE_A123_LFP,AMPERE_A123_LFP/Cell4b,3400.0,0
EXT-00310,309,AMPERE_A123_LFP,AMPERE_A123_LFP/Cell4b,3500.0,0
EXT-00311,310,AMPERE_A123_LFP,AMPERE_A123_LFP/Cell4b,3600.0,0
EXT-00312,311,AMPERE_A123_LFP,AMPERE_A123_LFP/Cell4b,3700.0,0
EXT-00313,312,AMPERE_A123_LFP,AMPERE_A123_LFP/Cell4b,3800.0,0
EXT-00314,313,AMPERE_A123_LFP,AMPERE_A123_LFP/Cell4b,3900.0,0
EXT-00315,314,AMPERE_A123_LFP,AMPERE_A123_LFP/Cell4b,4000.0,0
EXT-00316,315,AMPERE_A123_LFP,AMPERE_A123_LFP/Cell4b,4100.0,0
EXT-00317,316,AMPERE_A123_LFP,AMPERE_A123_LFP/Cell4b,4200.0,0
EXT-00318,317,AMPERE_A123_LFP,AMPERE_A123_LFP/Cell4b,4300.0,0
EXT-00319,318,AMPERE_A123_LFP,AMPERE_A123_LFP/Cell4b,4400.0,0
EXT-00320,319,AMPERE_A123_LFP,AMPERE_A123_LFP/Cell4b,4500.0,0
EXT-00321,320,AMPERE_A123_LFP,AMPERE_A123_LFP/Cell4c,500.0,0
EXT-00322,321,AMPERE_A123_LFP,AMPERE_A123_LFP/Cell4c,600.0,0
EXT-00323,322,AMPERE_A123_LFP,AMPERE_A123_LFP/Cell4c,700.0,0
EXT-00324,323,AMPERE_A123_LFP,AMPERE_A123_LFP/Cell4c,800.0,0
EXT-00325,324,AMPERE_A123_LFP,AMPERE_A123_LFP/Cell4c,900.0,0
EXT-00326,325,AMPERE_A123_LFP,AMPERE_A123_LFP/Cell4c,1000.0,0
EXT-00327,326,AMPERE_A123_LFP,AMPERE_A123_LFP/Cell4c,1100.0,0
EXT-00328,327,AMPERE_A123_LFP,AMPERE_A123_LFP/Cell4c,1200.0,0
EXT-00329,328,AMPERE_A123_LFP,AMPERE_A123_LFP/Cell4c,1300.0,0
EXT-00330,329,AMPERE_A123_LFP,AMPERE_A123_LFP/Cell4c,1400.0,0
EXT-00331,330,AMPERE_A123_LFP,AMPERE_A123_LFP/Cell4c,1500.0,0
EXT-00332,331,AMPERE_A123_LFP,AMPERE_A123_LFP/Cell4c,1600.0,0
EXT-00333,332,AMPERE_A123_LFP,AMPERE_A123_LFP/Cell4c,1700.0,0
EXT-00334,333,AMPERE_A123_LFP,AMPERE_A123_LFP/Cell4c,1800.0,0
EXT-00335,334,AMPERE_A123_LFP,AMPERE_A123_LFP/Cell4c,1900.0,0
EXT-00336,335,AMPERE_A123_LFP,AMPERE_A123_LFP/Cell4c,2000.0,0
EXT-00337,336,AMPERE_A123_LFP,AMPERE_A123_LFP/Cell4c,2100.0,0
EXT-00338,337,AMPERE_A123_LFP,AMPERE_A123_LFP/Cell4c,2200.0,0
EXT-00339,338,AMPERE_A123_LFP,AMPERE_A123_LFP/Cell4c,2300.0,0
EXT-00340,339,AMPERE_A123_LFP,AMPERE_A123_LFP/Cell4c,2400.0,0
EXT-00341,340,AMPERE_A123_LFP,AMPERE_A123_LFP/Cell4c,2500.0,0
EXT-00342,341,AMPERE_A123_LFP,AMPERE_A123_LFP/Cell4c,2600.0,0
EXT-00343,342,AMPERE_A123_LFP,AMPERE_A123_LFP/Cell4c,2700.0,0
EXT-00344,343,AMPERE_A123_LFP,AMPERE_A123_LFP/Cell4c,2800.0,0
EXT-00345,344,AMPERE_A123_LFP,AMPERE_A123_LFP/Cell4c,2900.0,0
EXT-00346,345,AMPERE_A123_LFP,AMPERE_A123_LFP/Cell4c,3000.0,0
EXT-00347,346,AMPERE_A123_LFP,AMPERE_A123_LFP/Cell4c,3100.0,0
EXT-00348,347,AMPERE_A123_LFP,AMPERE_A123_LFP/Cell4c,3200.0,0
EXT-00349,348,AMPERE_A123_LFP,AMPERE_A123_LFP/Cell4c,3300.0,0
EXT-00350,349,AMPERE_A123_LFP,AMPERE_A123_LFP/Cell4c,3400.0,0
EXT-00351,350,AMPERE_A123_LFP,AMPERE_A123_LFP/Cell4c,3500.0,0
EXT-00352,351,AMPERE_A123_LFP,AMPERE_A123_LFP/Cell4c,3600.0,0
EXT-00353,352,AMPERE_A123_LFP,AMPERE_A123_LFP/Cell4c,3700.0,0
EXT-00354,353,AMPERE_A123_LFP,AMPERE_A123_LFP/Cell4c,3800.0,0
EXT-00355,354,AMPERE_A123_LFP,AMPERE_A123_LFP/Cell4c,3900.0,0
EXT-00356,355,AMPERE_A123_LFP,AMPERE_A123_LFP/Cell4c,4000.0,0
EXT-00357,356,AMPERE_A123_LFP,AMPERE_A123_LFP/Cell4c,4100.0,0
EXT-00358,357,AMPERE_A123_LFP,AMPERE_A123_LFP/Cell4c,4200.0,0
EXT-00359,358,AMPERE_A123_LFP,AMPERE_A123_LFP/Cell4c,4300.0,0
EXT-00360,359,AMPERE_A123_LFP,AMPERE_A123_LFP/Cell4c,4400.0,0
EXT-00361,360,AMPERE_A123_LFP,AMPERE_A123_LFP/Cell5a,500.0,0
EXT-00362,361,AMPERE_A123_LFP,AMPERE_A123_LFP/Cell5a,600.0,0
EXT-00363,362,AMPERE_A123_LFP,AMPERE_A123_LFP/Cell5a,700.0,0
EXT-00364,363,AMPERE_A123_LFP,AMPERE_A123_LFP/Cell5a,800.0,0
EXT-00365,364,AMPERE_A123_LFP,AMPERE_A123_LFP/Cell5a,900.0,0
EXT-00366,365,AMPERE_A123_LFP,AMPERE_A123_LFP/Cell5a,1000.0,0
EXT-00367,366,AMPERE_A123_LFP,AMPERE_A123_LFP/Cell5a,1100.0,0
EXT-00368,367,AMPERE_A123_LFP,AMPERE_A123_LFP/Cell5a,1200.0,0
EXT-00369,368,AMPERE_A123_LFP,AMPERE_A123_LFP/Cell5a,1300.0,0
EXT-00370,369,AMPERE_A123_LFP,AMPERE_A123_LFP/Cell5a,1400.0,0
EXT-00371,370,AMPERE_A123_LFP,AMPERE_A123_LFP/Cell5a,1500.0,0
EXT-00372,371,AMPERE_A123_LFP,AMPERE_A123_LFP/Cell5a,1600.0,0
EXT-00373,372,AMPERE_A123_LFP,AMPERE_A123_LFP/Cell5a,1700.0,0
EXT-00374,373,AMPERE_A123_LFP,AMPERE_A123_LFP/Cell5a,1800.0,0
EXT-00375,374,AMPERE_A123_LFP,AMPERE_A123_LFP/Cell5a,1900.0,0
EXT-00376,375,AMPERE_A123_LFP,AMPERE_A123_LFP/Cell5a,2000.0,0
EXT-00377,376,AMPERE_A123_LFP,AMPERE_A123_LFP/Cell5a,2100.0,0
EXT-00378,377,AMPERE_A123_LFP,AMPERE_A123_LFP/Cell5a,2200.0,0
EXT-00379,378,AMPERE_A123_LFP,AMPERE_A123_LFP/Cell5a,2300.0,0
EXT-00380,379,AMPERE_A123_LFP,AMPERE_A123_LFP/Cell5a,2400.0,0
EXT-00381,380,AMPERE_A123_LFP,AMPERE_A123_LFP/Cell5a,2500.0,0
EXT-00382,381,AMPERE_A123_LFP,AMPERE_A123_LFP/Cell5a,2600.0,0
EXT-00383,382,AMPERE_A123_LFP,AMPERE_A123_LFP/Cell5a,2700.0,0
EXT-00384,383,AMPERE_A123_LFP,AMPERE_A123_LFP/Cell5a,2800.0,0
EXT-00385,384,AMPERE_A123_LFP,AMPERE_A123_LFP/Cell5a,2900.0,0
EXT-00386,385,AMPERE_A123_LFP,AMPERE_A123_LFP/Cell5a,3000.0,0
EXT-00387,386,AMPERE_A123_LFP,AMPERE_A123_LFP/Cell5a,3100.0,0
EXT-00388,387,AMPERE_A123_LFP,AMPERE_A123_LFP/Cell5a,3200.0,0
EXT-00389,388,AMPERE_A123_LFP,AMPERE_A123_LFP/Cell5a,3300.0,0
EXT-00390,389,AMPERE_A123_LFP,AMPERE_A123_LFP/Cell5a,3400.0,0
EXT-00391,390,AMPERE_A123_LFP,AMPERE_A123_LFP/Cell5a,3500.0,0
EXT-00392,391,AMPERE_A123_LFP,AMPERE_A123_LFP/Cell5a,3600.0,0
EXT-00393,392,AMPERE_A123_LFP,AMPERE_A123_LFP/Cell5a,3700.0,0
EXT-00394,393,AMPERE_A123_LFP,AMPERE_A123_LFP/Cell5a,3800.0,0
EXT-00395,394,AMPERE_A123_LFP,AMPERE_A123_LFP/Cell5a,3900.0,0
EXT-00396,395,AMPERE_A123_LFP,AMPERE_A123_LFP/Cell5a,4000.0,0
EXT-00397,396,AMPERE_A123_LFP,AMPERE_A123_LFP/Cell5a,4100.0,0
EXT-00398,397,AMPERE_A123_LFP,AMPERE_A123_LFP/Cell5a,4200.0,0
EXT-00399,398,AMPERE_A123_LFP,AMPERE_A123_LFP/Cell5b,500.0,0
EXT-00400,399,AMPERE_A123_LFP,AMPERE_A123_LFP/Cell5b,600.0,0
EXT-00401,400,AMPERE_A123_LFP,AMPERE_A123_LFP/Cell5b,700.0,0
EXT-00402,401,AMPERE_A123_LFP,AMPERE_A123_LFP/Cell5b,800.0,0
EXT-00403,402,AMPERE_A123_LFP,AMPERE_A123_LFP/Cell5b,900.0,0
EXT-00404,403,AMPERE_A123_LFP,AMPERE_A123_LFP/Cell5b,1000.0,0
EXT-00405,404,AMPERE_A123_LFP,AMPERE_A123_LFP/Cell5b,1100.0,0
EXT-00406,405,AMPERE_A123_LFP,AMPERE_A123_LFP/Cell5b,1200.0,0
EXT-00407,406,AMPERE_A123_LFP,AMPERE_A123_LFP/Cell5b,1300.0,0
EXT-00408,407,AMPERE_A123_LFP,AMPERE_A123_LFP/Cell5b,1400.0,0
EXT-00409,408,AMPERE_A123_LFP,AMPERE_A123_LFP/Cell5b,1500.0,0
EXT-00410,409,AMPERE_A123_LFP,AMPERE_A123_LFP/Cell5b,1600.0,0
EXT-00411,410,AMPERE_A123_LFP,AMPERE_A123_LFP/Cell5b,1700.0,0
EXT-00412,411,AMPERE_A123_LFP,AMPERE_A123_LFP/Cell5b,1800.0,0
EXT-00413,412,AMPERE_A123_LFP,AMPERE_A123_LFP/Cell5b,1900.0,0
EXT-00414,413,AMPERE_A123_LFP,AMPERE_A123_LFP/Cell5b,2000.0,0
EXT-00415,414,AMPERE_A123_LFP,AMPERE_A123_LFP/Cell5b,2100.0,0
EXT-00416,415,AMPERE_A123_LFP,AMPERE_A123_LFP/Cell5b,2200.0,0
EXT-00417,416,AMPERE_A123_LFP,AMPERE_A123_LFP/Cell5b,2300.0,0
EXT-00418,417,AMPERE_A123_LFP,AMPERE_A123_LFP/Cell5b,2400.0,0
EXT-00419,418,AMPERE_A123_LFP,AMPERE_A123_LFP/Cell5b,2500.0,0
EXT-00420,419,AMPERE_A123_LFP,AMPERE_A123_LFP/Cell5b,2600.0,0
EXT-00421,420,AMPERE_A123_LFP,AMPERE_A123_LFP/Cell5b,2700.0,0
EXT-00422,421,AMPERE_A123_LFP,AMPERE_A123_LFP/Cell5b,2800.0,0
EXT-00423,422,AMPERE_A123_LFP,AMPERE_A123_LFP/Cell5b,2900.0,0
EXT-00424,423,AMPERE_A123_LFP,AMPERE_A123_LFP/Cell5b,3000.0,0
EXT-00425,424,AMPERE_A123_LFP,AMPERE_A123_LFP/Cell5b,3100.0,0
EXT-00426,425,AMPERE_A123_LFP,AMPERE_A123_LFP/Cell5b,3200.0,0
EXT-00427,426,AMPERE_A123_LFP,AMPERE_A123_LFP/Cell5b,3300.0,0
EXT-00428,427,AMPERE_A123_LFP,AMPERE_A123_LFP/Cell5b,3400.0,0
EXT-00429,428,AMPERE_A123_LFP,AMPERE_A123_LFP/Cell5b,3500.0,0
EXT-00430,429,AMPERE_A123_LFP,AMPERE_A123_LFP/Cell5b,3600.0,0
EXT-00431,430,AMPERE_A123_LFP,AMPERE_A123_LFP/Cell5b,3700.0,0
EXT-00432,431,AMPERE_A123_LFP,AMPERE_A123_LFP/Cell5b,3800.0,0
EXT-00433,432,AMPERE_A123_LFP,AMPERE_A123_LFP/Cell5b,3900.0,0
EXT-00434,433,AMPERE_A123_LFP,AMPERE_A123_LFP/Cell5b,4000.0,0
EXT-00435,434,AMPERE_A123_LFP,AMPERE_A123_LFP/Cell5b,4100.0,0
EXT-00436,435,AMPERE_A123_LFP,AMPERE_A123_LFP/Cell5c,500.0,0
EXT-00437,436,AMPERE_A123_LFP,AMPERE_A123_LFP/Cell5c,600.0,0
EXT-00438,437,AMPERE_A123_LFP,AMPERE_A123_LFP/Cell5c,700.0,0
EXT-00439,438,AMPERE_A123_LFP,AMPERE_A123_LFP/Cell5c,800.0,0
EXT-00440,439,AMPERE_A123_LFP,AMPERE_A123_LFP/Cell5c,900.0,0
EXT-00441,440,AMPERE_A123_LFP,AMPERE_A123_LFP/Cell5c,1000.0,0
EXT-00442,441,AMPERE_A123_LFP,AMPERE_A123_LFP/Cell5c,1100.0,0
EXT-00443,442,AMPERE_A123_LFP,AMPERE_A123_LFP/Cell5c,1200.0,0
EXT-00444,443,AMPERE_A123_LFP,AMPERE_A123_LFP/Cell5c,1300.0,0
EXT-00445,444,AMPERE_A123_LFP,AMPERE_A123_LFP/Cell5c,1400.0,0
EXT-00446,445,AMPERE_A123_LFP,AMPERE_A123_LFP/Cell5c,1500.0,0
EXT-00447,446,AMPERE_A123_LFP,AMPERE_A123_LFP/Cell5c,1600.0,0
EXT-00448,447,AMPERE_A123_LFP,AMPERE_A123_LFP/Cell5c,1700.0,0
EXT-00449,448,AMPERE_A123_LFP,AMPERE_A123_LFP/Cell5c,1800.0,0
EXT-00450,449,AMPERE_A123_LFP,AMPERE_A123_LFP/Cell5c,1900.0,0
EXT-00451,450,AMPERE_A123_LFP,AMPERE_A123_LFP/Cell5c,2000.0,0
EXT-00452,451,AMPERE_A123_LFP,AMPERE_A123_LFP/Cell5c,2100.0,0
EXT-00453,452,AMPERE_A123_LFP,AMPERE_A123_LFP/Cell5c,2200.0,0
EXT-00454,453,AMPERE_A123_LFP,AMPERE_A123_LFP/Cell5c,2300.0,0
EXT-00455,454,AMPERE_A123_LFP,AMPERE_A123_LFP/Cell5c,2400.0,0
EXT-00456,455,AMPERE_A123_LFP,AMPERE_A123_LFP/Cell5c,2500.0,0
EXT-00457,456,AMPERE_A123_LFP,AMPERE_A123_LFP/Cell5c,2600.0,0
EXT-00458,457,AMPERE_A123_LFP,AMPERE_A123_LFP/Cell5c,2700.0,0
EXT-00459,458,AMPERE_A123_LFP,AMPERE_A123_LFP/Cell5c,2800.0,0
EXT-00460,459,AMPERE_A123_LFP,AMPERE_A123_LFP/Cell5c,2900.0,0
EXT-00461,460,AMPERE_A123_LFP,AMPERE_A123_LFP/Cell5c,3000.0,0
EXT-00462,461,AMPERE_A123_LFP,AMPERE_A123_LFP/Cell5c,3100.0,0
EXT-00463,462,AMPERE_A123_LFP,AMPERE_A123_LFP/Cell5c,3200.0,0
EXT-00464,463,AMPERE_A123_LFP,AMPERE_A123_LFP/Cell5c,3300.0,0
EXT-00465,464,AMPERE_A123_LFP,AMPERE_A123_LFP/Cell5c,3400.0,0
EXT-00466,465,AMPERE_A123_LFP,AMPERE_A123_LFP/Cell5c,3500.0,0
EXT-00467,466,AMPERE_A123_LFP,AMPERE_A123_LFP/Cell5c,3600.0,0
EXT-00468,467,AMPERE_A123_LFP,AMPERE_A123_LFP/Cell5c,3700.0,0
EXT-00469,468,AMPERE_A123_LFP,AMPERE_A123_LFP/Cell5c,3800.0,0
EXT-00470,469,AMPERE_A123_LFP,AMPERE_A123_LFP/Cell5c,3900.0,0
EXT-00471,470,AMPERE_A123_LFP,AMPERE_A123_LFP/Cell5c,4000.0,0
EXT-00472,471,AMPERE_A123_LFP,AMPERE_A123_LFP/Cell5c,4100.0,0
EXT-00473,472,AMPERE_A123_LFP,AMPERE_A123_LFP/Cell6a,500.0,0
EXT-00474,473,AMPERE_A123_LFP,AMPERE_A123_LFP/Cell6a,600.0,0
EXT-00475,474,AMPERE_A123_LFP,AMPERE_A123_LFP/Cell6a,700.0,0
EXT-00476,475,AMPERE_A123_LFP,AMPERE_A123_LFP/Cell6a,800.0,0
EXT-00477,476,AMPERE_A123_LFP,AMPERE_A123_LFP/Cell6a,900.0,0
EXT-00478,477,AMPERE_A123_LFP,AMPERE_A123_LFP/Cell6a,1000.0,0
EXT-00479,478,AMPERE_A123_LFP,AMPERE_A123_LFP/Cell6a,1100.0,0
EXT-00480,479,AMPERE_A123_LFP,AMPERE_A123_LFP/Cell6a,1200.0,0
EXT-00481,480,AMPERE_A123_LFP,AMPERE_A123_LFP/Cell6a,1300.0,0
EXT-00482,481,AMPERE_A123_LFP,AMPERE_A123_LFP/Cell6a,1400.0,0
EXT-00483,482,AMPERE_A123_LFP,AMPERE_A123_LFP/Cell6a,1500.0,0
EXT-00484,483,AMPERE_A123_LFP,AMPERE_A123_LFP/Cell6a,1600.0,0
EXT-00485,484,AMPERE_A123_LFP,AMPERE_A123_LFP/Cell6a,1700.0,0
EXT-00486,485,AMPERE_A123_LFP,AMPERE_A123_LFP/Cell6a,1800.0,0
EXT-00487,486,AMPERE_A123_LFP,AMPERE_A123_LFP/Cell6a,1900.0,0
EXT-00488,487,AMPERE_A123_LFP,AMPERE_A123_LFP/Cell6a,2000.0,0
EXT-00489,488,AMPERE_A123_LFP,AMPERE_A123_LFP/Cell6a,2100.0,0
EXT-00490,489,AMPERE_A123_LFP,AMPERE_A123_LFP/Cell6a,2200.0,0
EXT-00491,490,AMPERE_A123_LFP,AMPERE_A123_LFP/Cell6a,2300.0,0
EXT-00492,491,AMPERE_A123_LFP,AMPERE_A123_LFP/Cell6a,2400.0,0
EXT-00493,492,AMPERE_A123_LFP,AMPERE_A123_LFP/Cell6a,2500.0,0
EXT-00494,493,AMPERE_A123_LFP,AMPERE_A123_LFP/Cell6a,2600.0,0
EXT-00495,494,AMPERE_A123_LFP,AMPERE_A123_LFP/Cell6a,2700.0,0
EXT-00496,495,AMPERE_A123_LFP,AMPERE_A123_LFP/Cell6a,2800.0,0
EXT-00497,496,AMPERE_A123_LFP,AMPERE_A123_LFP/Cell6a,2900.0,0
EXT-00498,497,AMPERE_A123_LFP,AMPERE_A123_LFP/Cell6a,3000.0,0
EXT-00499,498,AMPERE_A123_LFP,AMPERE_A123_LFP/Cell6a,3100.0,0
EXT-00500,499,AMPERE_A123_LFP,AMPERE_A123_LFP/Cell6a,3200.0,0
EXT-00501,500,AMPERE_A123_LFP,AMPERE_A123_LFP/Cell6a,3300.0,0
EXT-00502,501,AMPERE_A123_LFP,AMPERE_A123_LFP/Cell6a,3400.0,0
EXT-00503,502,AMPERE_A123_LFP,AMPERE_A123_LFP/Cell6a,3500.0,0
EXT-00504,503,AMPERE_A123_LFP,AMPERE_A123_LFP/Cell6a,3600.0,0
EXT-00505,504,AMPERE_A123_LFP,AMPERE_A123_LFP/Cell6a,3700.0,0
EXT-00506,505,AMPERE_A123_LFP,AMPERE_A123_LFP/Cell6a,3800.0,0
EXT-00507,506,AMPERE_A123_LFP,AMPERE_A123_LFP/Cell6a,3900.0,0
EXT-00508,507,AMPERE_A123_LFP,AMPERE_A123_LFP/Cell6a,4000.0,0
EXT-00509,508,AMPERE_A123_LFP,AMPERE_A123_LFP/Cell6a,4100.0,0
EXT-00510,509,AMPERE_A123_LFP,AMPERE_A123_LFP/Cell6a,4200.0,0
EXT-00511,510,AMPERE_A123_LFP,AMPERE_A123_LFP/Cell6a,4300.0,0
EXT-00512,511,AMPERE_A123_LFP,AMPERE_A123_LFP/Cell6a,4400.0,0
EXT-00513,512,AMPERE_A123_LFP,AMPERE_A123_LFP/Cell6a,4500.0,0
EXT-00514,513,AMPERE_A123_LFP,AMPERE_A123_LFP/Cell6a,4600.0,0
EXT-00515,514,AMPERE_A123_LFP,AMPERE_A123_LFP/Cell6a,4700.0,0
EXT-00516,515,AMPERE_A123_LFP,AMPERE_A123_LFP/Cell6a,4800.0,0
EXT-00517,516,AMPERE_A123_LFP,AMPERE_A123_LFP/Cell6a,4900.0,0
EXT-00518,517,AMPERE_A123_LFP,AMPERE_A123_LFP/Cell6a,5000.0,0
EXT-00519,518,AMPERE_A123_LFP,AMPERE_A123_LFP/Cell6a,5100.0,0
EXT-00520,519,AMPERE_A123_LFP,AMPERE_A123_LFP/Cell6a,5200.0,0
EXT-00521,520,AMPERE_A123_LFP,AMPERE_A123_LFP/Cell6a,5300.0,0
EXT-00522,521,AMPERE_A123_LFP,AMPERE_A123_LFP/Cell6a,5400.0,0
EXT-00523,522,AMPERE_A123_LFP,AMPERE_A123_LFP/Cell6a,5500.0,0
EXT-00524,523,AMPERE_A123_LFP,AMPERE_A123_LFP/Cell6a,5600.0,0
EXT-00525,524,AMPERE_A123_LFP,AMPERE_A123_LFP/Cell6a,5700.0,0
EXT-00526,525,AMPERE_A123_LFP,AMPERE_A123_LFP/Cell6a,5800.0,0
EXT-00527,526,AMPERE_A123_LFP,AMPERE_A123_LFP/Cell6a,5900.0,0
EXT-00528,527,AMPERE_A123_LFP,AMPERE_A123_LFP/Cell6a,6000.0,0
EXT-00529,528,AMPERE_A123_LFP,AMPERE_A123_LFP/Cell6a,6100.0,0
EXT-00530,529,AMPERE_A123_LFP,AMPERE_A123_LFP/Cell6a,6200.0,0
EXT-00531,530,AMPERE_A123_LFP,AMPERE_A123_LFP/Cell6a,6300.0,0
EXT-00532,531,AMPERE_A123_LFP,AMPERE_A123_LFP/Cell6b,500.0,0
EXT-00533,532,AMPERE_A123_LFP,AMPERE_A123_LFP/Cell6b,600.0,0
EXT-00534,533,AMPERE_A123_LFP,AMPERE_A123_LFP/Cell6b,700.0,0
EXT-00535,534,AMPERE_A123_LFP,AMPERE_A123_LFP/Cell6b,800.0,0
EXT-00536,535,AMPERE_A123_LFP,AMPERE_A123_LFP/Cell6b,900.0,0
EXT-00537,536,AMPERE_A123_LFP,AMPERE_A123_LFP/Cell6b,1000.0,0
EXT-00538,537,AMPERE_A123_LFP,AMPERE_A123_LFP/Cell6b,1100.0,0
EXT-00539,538,AMPERE_A123_LFP,AMPERE_A123_LFP/Cell6b,1200.0,0
EXT-00540,539,AMPERE_A123_LFP,AMPERE_A123_LFP/Cell6b,1300.0,0
EXT-00541,540,AMPERE_A123_LFP,AMPERE_A123_LFP/Cell6b,1400.0,0
EXT-00542,541,AMPERE_A123_LFP,AMPERE_A123_LFP/Cell6b,1500.0,0
EXT-00543,542,AMPERE_A123_LFP,AMPERE_A123_LFP/Cell6b,1600.0,0
EXT-00544,543,AMPERE_A123_LFP,AMPERE_A123_LFP/Cell6b,1700.0,0
EXT-00545,544,AMPERE_A123_LFP,AMPERE_A123_LFP/Cell6b,1800.0,0
EXT-00546,545,AMPERE_A123_LFP,AMPERE_A123_LFP/Cell6b,1900.0,0
EXT-00547,546,AMPERE_A123_LFP,AMPERE_A123_LFP/Cell6b,2000.0,0
EXT-00548,547,AMPERE_A123_LFP,AMPERE_A123_LFP/Cell6b,2100.0,0
EXT-00549,548,AMPERE_A123_LFP,AMPERE_A123_LFP/Cell6b,2200.0,0
EXT-00550,549,AMPERE_A123_LFP,AMPERE_A123_LFP/Cell6b,2300.0,0
EXT-00551,550,AMPERE_A123_LFP,AMPERE_A123_LFP/Cell6b,2400.0,0
EXT-00552,551,AMPERE_A123_LFP,AMPERE_A123_LFP/Cell6b,2500.0,0
EXT-00553,552,AMPERE_A123_LFP,AMPERE_A123_LFP/Cell6b,2600.0,0
EXT-00554,553,AMPERE_A123_LFP,AMPERE_A123_LFP/Cell6b,2700.0,0
EXT-00555,554,AMPERE_A123_LFP,AMPERE_A123_LFP/Cell6b,2800.0,0
EXT-00556,555,AMPERE_A123_LFP,AMPERE_A123_LFP/Cell6b,2900.0,0
EXT-00557,556,AMPERE_A123_LFP,AMPERE_A123_LFP/Cell6b,3000.0,0
EXT-00558,557,AMPERE_A123_LFP,AMPERE_A123_LFP/Cell6b,3100.0,0
EXT-00559,558,AMPERE_A123_LFP,AMPERE_A123_LFP/Cell6b,3200.0,0
EXT-00560,559,AMPERE_A123_LFP,AMPERE_A123_LFP/Cell6b,3300.0,0
EXT-00561,560,AMPERE_A123_LFP,AMPERE_A123_LFP/Cell6b,3400.0,0
EXT-00562,561,AMPERE_A123_LFP,AMPERE_A123_LFP/Cell6b,3500.0,0
EXT-00563,562,AMPERE_A123_LFP,AMPERE_A123_LFP/Cell6b,3600.0,0
EXT-00564,563,AMPERE_A123_LFP,AMPERE_A123_LFP/Cell6b,3700.0,0
EXT-00565,564,AMPERE_A123_LFP,AMPERE_A123_LFP/Cell6b,3800.0,0
EXT-00566,565,AMPERE_A123_LFP,AMPERE_A123_LFP/Cell6b,3900.0,0
EXT-00567,566,AMPERE_A123_LFP,AMPERE_A123_LFP/Cell6b,4000.0,0
EXT-00568,567,AMPERE_A123_LFP,AMPERE_A123_LFP/Cell6b,4100.0,0
EXT-00569,568,AMPERE_A123_LFP,AMPERE_A123_LFP/Cell6b,4200.0,0
EXT-00570,569,AMPERE_A123_LFP,AMPERE_A123_LFP/Cell6b,4300.0,0
EXT-00571,570,AMPERE_A123_LFP,AMPERE_A123_LFP/Cell6b,4400.0,0
EXT-00572,571,AMPERE_A123_LFP,AMPERE_A123_LFP/Cell6b,4500.0,0
EXT-00573,572,AMPERE_A123_LFP,AMPERE_A123_LFP/Cell6b,4600.0,0
EXT-00574,573,AMPERE_A123_LFP,AMPERE_A123_LFP/Cell6b,4700.0,0
EXT-00575,574,AMPERE_A123_LFP,AMPERE_A123_LFP/Cell6b,4800.0,0
EXT-00576,575,AMPERE_A123_LFP,AMPERE_A123_LFP/Cell6b,4900.0,0
EXT-00577,576,AMPERE_A123_LFP,AMPERE_A123_LFP/Cell6b,5000.0,0
EXT-00578,577,AMPERE_A123_LFP,AMPERE_A123_LFP/Cell6b,5100.0,0
EXT-00579,578,AMPERE_A123_LFP,AMPERE_A123_LFP/Cell6b,5200.0,0
EXT-00580,579,AMPERE_A123_LFP,AMPERE_A123_LFP/Cell6b,5300.0,0
EXT-00581,580,AMPERE_A123_LFP,AMPERE_A123_LFP/Cell6b,5400.0,0
EXT-00582,581,AMPERE_A123_LFP,AMPERE_A123_LFP/Cell6b,5500.0,0
EXT-00583,582,AMPERE_A123_LFP,AMPERE_A123_LFP/Cell6b,5600.0,0
EXT-00584,583,AMPERE_A123_LFP,AMPERE_A123_LFP/Cell6b,5700.0,0
EXT-00585,584,AMPERE_A123_LFP,AMPERE_A123_LFP/Cell6b,5800.0,0
EXT-00586,585,AMPERE_A123_LFP,AMPERE_A123_LFP/Cell6b,5900.0,0
EXT-00587,586,AMPERE_A123_LFP,AMPERE_A123_LFP/Cell6b,6000.0,0
EXT-00588,587,AMPERE_A123_LFP,AMPERE_A123_LFP/Cell6b,6100.0,0
EXT-00589,588,AMPERE_A123_LFP,AMPERE_A123_LFP/Cell6b,6200.0,0
EXT-00590,589,AMPERE_A123_LFP,AMPERE_A123_LFP/Cell6b,6300.0,0
EXT-00591,590,AMPERE_A123_LFP,AMPERE_A123_LFP/Cell6b,6400.0,0
EXT-00592,591,AMPERE_A123_LFP,AMPERE_A123_LFP/Cell6b,6600.0,0
EXT-00593,592,AMPERE_A123_LFP,AMPERE_A123_LFP/Cell6b,6800.0,0
EXT-00594,593,AMPERE_A123_LFP,AMPERE_A123_LFP/Cell6c,500.0,0
EXT-00595,594,AMPERE_A123_LFP,AMPERE_A123_LFP/Cell6c,600.0,0
EXT-00596,595,AMPERE_A123_LFP,AMPERE_A123_LFP/Cell6c,700.0,0
EXT-00597,596,AMPERE_A123_LFP,AMPERE_A123_LFP/Cell6c,800.0,0
EXT-00598,597,AMPERE_A123_LFP,AMPERE_A123_LFP/Cell6c,900.0,0
EXT-00599,598,AMPERE_A123_LFP,AMPERE_A123_LFP/Cell6c,1000.0,0
EXT-00600,599,AMPERE_A123_LFP,AMPERE_A123_LFP/Cell6c,1100.0,0
EXT-00601,600,AMPERE_A123_LFP,AMPERE_A123_LFP/Cell6c,1200.0,0
EXT-00602,601,AMPERE_A123_LFP,AMPERE_A123_LFP/Cell6c,1300.0,0
EXT-00603,602,AMPERE_A123_LFP,AMPERE_A123_LFP/Cell6c,1400.0,0
EXT-00604,603,AMPERE_A123_LFP,AMPERE_A123_LFP/Cell6c,1500.0,0
EXT-00605,604,AMPERE_A123_LFP,AMPERE_A123_LFP/Cell6c,1600.0,0
EXT-00606,605,AMPERE_A123_LFP,AMPERE_A123_LFP/Cell6c,1700.0,0
EXT-00607,606,AMPERE_A123_LFP,AMPERE_A123_LFP/Cell6c,1800.0,0
EXT-00608,607,AMPERE_A123_LFP,AMPERE_A123_LFP/Cell6c,1900.0,0
EXT-00609,608,AMPERE_A123_LFP,AMPERE_A123_LFP/Cell6c,2000.0,0
EXT-00610,609,AMPERE_A123_LFP,AMPERE_A123_LFP/Cell6c,2100.0,0
EXT-00611,610,AMPERE_A123_LFP,AMPERE_A123_LFP/Cell6c,2200.0,0
EXT-00612,611,AMPERE_A123_LFP,AMPERE_A123_LFP/Cell6c,2300.0,0
EXT-00613,612,AMPERE_A123_LFP,AMPERE_A123_LFP/Cell6c,2400.0,0
EXT-00614,613,AMPERE_A123_LFP,AMPERE_A123_LFP/Cell6c,2500.0,0
EXT-00615,614,AMPERE_A123_LFP,AMPERE_A123_LFP/Cell6c,2600.0,0
EXT-00616,615,AMPERE_A123_LFP,AMPERE_A123_LFP/Cell6c,2700.0,0
EXT-00617,616,AMPERE_A123_LFP,AMPERE_A123_LFP/Cell6c,2800.0,0
EXT-00618,617,AMPERE_A123_LFP,AMPERE_A123_LFP/Cell6c,2900.0,0
EXT-00619,618,AMPERE_A123_LFP,AMPERE_A123_LFP/Cell6c,3000.0,0
EXT-00620,619,AMPERE_A123_LFP,AMPERE_A123_LFP/Cell6c,3100.0,0
EXT-00621,620,AMPERE_A123_LFP,AMPERE_A123_LFP/Cell6c,3200.0,0
EXT-00622,621,AMPERE_A123_LFP,AMPERE_A123_LFP/Cell6c,3300.0,0
EXT-00623,622,AMPERE_A123_LFP,AMPERE_A123_LFP/Cell6c,3400.0,0
EXT-00624,623,AMPERE_A123_LFP,AMPERE_A123_LFP/Cell6c,3500.0,0
EXT-00625,624,AMPERE_A123_LFP,AMPERE_A123_LFP/Cell6c,3600.0,0
EXT-00626,625,AMPERE_A123_LFP,AMPERE_A123_LFP/Cell6c,3700.0,0
EXT-00627,626,AMPERE_A123_LFP,AMPERE_A123_LFP/Cell6c,3800.0,0
EXT-00628,627,AMPERE_A123_LFP,AMPERE_A123_LFP/Cell6c,3900.0,0
EXT-00629,628,AMPERE_A123_LFP,AMPERE_A123_LFP/Cell6c,4000.0,0
EXT-00630,629,AMPERE_A123_LFP,AMPERE_A123_LFP/Cell6c,4100.0,0
EXT-00631,630,AMPERE_A123_LFP,AMPERE_A123_LFP/Cell6c,4200.0,0
EXT-00632,631,AMPERE_A123_LFP,AMPERE_A123_LFP/Cell6c,4300.0,0
EXT-00633,632,AMPERE_A123_LFP,AMPERE_A123_LFP/Cell6c,4400.0,0
EXT-00634,633,AMPERE_A123_LFP,AMPERE_A123_LFP/Cell6c,4500.0,0
EXT-00635,634,AMPERE_A123_LFP,AMPERE_A123_LFP/Cell6c,4600.0,0
EXT-00636,635,AMPERE_A123_LFP,AMPERE_A123_LFP/Cell6c,4700.0,0
EXT-00637,636,AMPERE_A123_LFP,AMPERE_A123_LFP/Cell6c,4800.0,0
EXT-00638,637,AMPERE_A123_LFP,AMPERE_A123_LFP/Cell6c,4900.0,0
EXT-00639,638,AMPERE_A123_LFP,AMPERE_A123_LFP/Cell6c,5000.0,0
EXT-00640,639,AMPERE_A123_LFP,AMPERE_A123_LFP/Cell6c,5100.0,0
EXT-00641,640,AMPERE_A123_LFP,AMPERE_A123_LFP/Cell6c,5200.0,0
EXT-00642,641,AMPERE_A123_LFP,AMPERE_A123_LFP/Cell6c,5300.0,0
EXT-00643,642,AMPERE_A123_LFP,AMPERE_A123_LFP/Cell6c,5400.0,0
EXT-00644,643,AMPERE_A123_LFP,AMPERE_A123_LFP/Cell6c,5500.0,0
EXT-00645,644,AMPERE_A123_LFP,AMPERE_A123_LFP/Cell6c,5600.0,0
EXT-00646,645,AMPERE_A123_LFP,AMPERE_A123_LFP/Cell6c,5700.0,0
EXT-00647,646,AMPERE_A123_LFP,AMPERE_A123_LFP/Cell6c,5800.0,0
EXT-00648,647,AMPERE_A123_LFP,AMPERE_A123_LFP/Cell6c,5900.0,0
EXT-00649,648,AMPERE_A123_LFP,AMPERE_A123_LFP/Cell6c,6000.0,0
EXT-00650,649,AMPERE_A123_LFP,AMPERE_A123_LFP/Cell6c,6100.0,0
EXT-00651,650,AMPERE_A123_LFP,AMPERE_A123_LFP/Cell6c,6200.0,0
EXT-00652,651,AMPERE_A123_LFP,AMPERE_A123_LFP/Cell6c,6300.0,0
EXT-00653,652,AMPERE_A123_LFP,AMPERE_A123_LFP/Cell6c,6400.0,0
EXT-00654,653,AMPERE_A123_LFP,AMPERE_A123_LFP/Cell6c,6600.0,0
EXT-00655,654,AMPERE_A123_LFP,AMPERE_A123_LFP/Cell6c,6800.0,0
EXT-00656,655,AMPERE_A123_LFP,AMPERE_A123_LFP/Cell7a,400.0,0
EXT-00657,656,AMPERE_A123_LFP,AMPERE_A123_LFP/Cell7a,500.0,0
EXT-00658,657,AMPERE_A123_LFP,AMPERE_A123_LFP/Cell7a,600.0,0
EXT-00659,658,AMPERE_A123_LFP,AMPERE_A123_LFP/Cell7a,700.0,0
EXT-00660,659,AMPERE_A123_LFP,AMPERE_A123_LFP/Cell7a,800.0,0
EXT-00661,660,AMPERE_A123_LFP,AMPERE_A123_LFP/Cell7a,900.0,0
EXT-00662,661,AMPERE_A123_LFP,AMPERE_A123_LFP/Cell7a,1000.0,0
EXT-00663,662,AMPERE_A123_LFP,AMPERE_A123_LFP/Cell7a,1100.0,0
EXT-00664,663,AMPERE_A123_LFP,AMPERE_A123_LFP/Cell7a,1200.0,0
EXT-00665,664,AMPERE_A123_LFP,AMPERE_A123_LFP/Cell7a,1300.0,0
EXT-00666,665,AMPERE_A123_LFP,AMPERE_A123_LFP/Cell7a,1400.0,0
EXT-00667,666,AMPERE_A123_LFP,AMPERE_A123_LFP/Cell7a,1500.0,0
EXT-00668,667,AMPERE_A123_LFP,AMPERE_A123_LFP/Cell7a,1600.0,0
EXT-00669,668,AMPERE_A123_LFP,AMPERE_A123_LFP/Cell7a,1700.0,0
EXT-00670,669,AMPERE_A123_LFP,AMPERE_A123_LFP/Cell7a,1800.0,0
EXT-00671,670,AMPERE_A123_LFP,AMPERE_A123_LFP/Cell7a,1900.0,0
EXT-00672,671,AMPERE_A123_LFP,AMPERE_A123_LFP/Cell7a,2000.0,0
EXT-00673,672,AMPERE_A123_LFP,AMPERE_A123_LFP/Cell7a,2100.0,0
EXT-00674,673,AMPERE_A123_LFP,AMPERE_A123_LFP/Cell7a,2200.0,0
EXT-00675,674,AMPERE_A123_LFP,AMPERE_A123_LFP/Cell7a,2300.0,0
EXT-00676,675,AMPERE_A123_LFP,AMPERE_A123_LFP/Cell7a,2400.0,0
EXT-00677,676,AMPERE_A123_LFP,AMPERE_A123_LFP/Cell7a,2500.0,0
EXT-00678,677,AMPERE_A123_LFP,AMPERE_A123_LFP/Cell7a,2600.0,0
EXT-00679,678,AMPERE_A123_LFP,AMPERE_A123_LFP/Cell7a,2700.0,0
EXT-00680,679,AMPERE_A123_LFP,AMPERE_A123_LFP/Cell7a,2800.0,0
EXT-00681,680,AMPERE_A123_LFP,AMPERE_A123_LFP/Cell7a,2900.0,0
EXT-00682,681,AMPERE_A123_LFP,AMPERE_A123_LFP/Cell7a,3000.0,0
EXT-00683,682,AMPERE_A123_LFP,AMPERE_A123_LFP/Cell7a,3100.0,0
EXT-00684,683,AMPERE_A123_LFP,AMPERE_A123_LFP/Cell7b,400.0,0
EXT-00685,684,AMPERE_A123_LFP,AMPERE_A123_LFP/Cell7b,500.0,0
EXT-00686,685,AMPERE_A123_LFP,AMPERE_A123_LFP/Cell7b,600.0,0
EXT-00687,686,AMPERE_A123_LFP,AMPERE_A123_LFP/Cell7b,700.0,0
EXT-00688,687,AMPERE_A123_LFP,AMPERE_A123_LFP/Cell7b,800.0,0
EXT-00689,688,AMPERE_A123_LFP,AMPERE_A123_LFP/Cell7b,900.0,0
EXT-00690,689,AMPERE_A123_LFP,AMPERE_A123_LFP/Cell7b,1000.0,0
EXT-00691,690,AMPERE_A123_LFP,AMPERE_A123_LFP/Cell7b,1100.0,0
EXT-00692,691,AMPERE_A123_LFP,AMPERE_A123_LFP/Cell7b,1200.0,0
EXT-00693,692,AMPERE_A123_LFP,AMPERE_A123_LFP/Cell7b,1300.0,0
EXT-00694,693,AMPERE_A123_LFP,AMPERE_A123_LFP/Cell7b,1400.0,0
EXT-00695,694,AMPERE_A123_LFP,AMPERE_A123_LFP/Cell7b,1500.0,0
EXT-00696,695,AMPERE_A123_LFP,AMPERE_A123_LFP/Cell7b,1600.0,0
EXT-00697,696,AMPERE_A123_LFP,AMPERE_A123_LFP/Cell7b,1700.0,0
EXT-00698,697,AMPERE_A123_LFP,AMPERE_A123_LFP/Cell7b,1800.0,0
EXT-00699,698,AMPERE_A123_LFP,AMPERE_A123_LFP/Cell7b,1900.0,0
EXT-00700,699,AMPERE_A123_LFP,AMPERE_A123_LFP/Cell7b,2000.0,0
EXT-00701,700,AMPERE_A123_LFP,AMPERE_A123_LFP/Cell7b,2100.0,0
EXT-00702,701,AMPERE_A123_LFP,AMPERE_A123_LFP/Cell7b,2200.0,0
EXT-00703,702,AMPERE_A123_LFP,AMPERE_A123_LFP/Cell7b,2300.0,0
EXT-00704,703,AMPERE_A123_LFP,AMPERE_A123_LFP/Cell7b,2400.0,0
EXT-00705,704,AMPERE_A123_LFP,AMPERE_A123_LFP/Cell7b,2500.0,0
EXT-00706,705,AMPERE_A123_LFP,AMPERE_A123_LFP/Cell7b,2600.0,0
EXT-00707,706,AMPERE_A123_LFP,AMPERE_A123_LFP/Cell7b,2700.0,0
EXT-00708,707,AMPERE_A123_LFP,AMPERE_A123_LFP/Cell7b,2800.0,0
EXT-00709,708,AMPERE_A123_LFP,AMPERE_A123_LFP/Cell7b,2900.0,0
EXT-00710,709,AMPERE_A123_LFP,AMPERE_A123_LFP/Cell7b,3000.0,0
EXT-00711,710,AMPERE_A123_LFP,AMPERE_A123_LFP/Cell7b,3100.0,0
EXT-00712,711,AMPERE_A123_LFP,AMPERE_A123_LFP/Cell7b,3200.0,0
EXT-00713,712,AMPERE_A123_LFP,AMPERE_A123_LFP/Cell7b,3300.0,0
EXT-00714,713,AMPERE_A123_LFP,AMPERE_A123_LFP/Cell7c,400.0,0
EXT-00715,714,AMPERE_A123_LFP,AMPERE_A123_LFP/Cell7c,500.0,0
EXT-00716,715,AMPERE_A123_LFP,AMPERE_A123_LFP/Cell7c,600.0,0
EXT-00717,716,AMPERE_A123_LFP,AMPERE_A123_LFP/Cell7c,700.0,0
EXT-00718,717,AMPERE_A123_LFP,AMPERE_A123_LFP/Cell7c,800.0,0
EXT-00719,718,AMPERE_A123_LFP,AMPERE_A123_LFP/Cell7c,900.0,0
EXT-00720,719,AMPERE_A123_LFP,AMPERE_A123_LFP/Cell7c,1000.0,0
EXT-00721,720,AMPERE_A123_LFP,AMPERE_A123_LFP/Cell7c,1100.0,0
EXT-00722,721,AMPERE_A123_LFP,AMPERE_A123_LFP/Cell7c,1200.0,0
EXT-00723,722,AMPERE_A123_LFP,AMPERE_A123_LFP/Cell7c,1300.0,0
EXT-00724,723,AMPERE_A123_LFP,AMPERE_A123_LFP/Cell7c,1400.0,0
EXT-00725,724,AMPERE_A123_LFP,AMPERE_A123_LFP/Cell7c,1500.0,0
EXT-00726,725,AMPERE_A123_LFP,AMPERE_A123_LFP/Cell7c,1600.0,0
EXT-00727,726,AMPERE_A123_LFP,AMPERE_A123_LFP/Cell7c,1700.0,0
EXT-00728,727,AMPERE_A123_LFP,AMPERE_A123_LFP/Cell7c,1800.0,0
EXT-00729,728,AMPERE_A123_LFP,AMPERE_A123_LFP/Cell7c,1900.0,0
EXT-00730,729,AMPERE_A123_LFP,AMPERE_A123_LFP/Cell7c,2000.0,0
EXT-00731,730,AMPERE_A123_LFP,AMPERE_A123_LFP/Cell7c,2100.0,0
EXT-00732,731,AMPERE_A123_LFP,AMPERE_A123_LFP/Cell7c,2200.0,0
EXT-00733,732,AMPERE_A123_LFP,AMPERE_A123_LFP/Cell7c,2300.0,0
EXT-00734,733,AMPERE_A123_LFP,AMPERE_A123_LFP/Cell7c,2400.0,0
EXT-00735,734,AMPERE_A123_LFP,AMPERE_A123_LFP/Cell7c,2500.0,0
EXT-00736,735,AMPERE_A123_LFP,AMPERE_A123_LFP/Cell7c,2600.0,0
EXT-00737,736,AMPERE_A123_LFP,AMPERE_A123_LFP/Cell7c,2700.0,0
EXT-00738,737,AMPERE_A123_LFP,AMPERE_A123_LFP/Cell7c,2800.0,0
EXT-00739,738,AMPERE_A123_LFP,AMPERE_A123_LFP/Cell7c,2900.0,0
EXT-00740,739,AMPERE_A123_LFP,AMPERE_A123_LFP/Cell7c,3000.0,0
EXT-00741,740,AMPERE_A123_LFP,AMPERE_A123_LFP/Cell7c,3100.0,0
EXT-00742,741,AMPERE_A123_LFP,AMPERE_A123_LFP/Cell7c,3200.0,0
EXT-00743,742,AMPERE_A123_LFP,AMPERE_A123_LFP/Cell7c,3300.0,0
EXT-00744,743,IMPERIAL_M50T,IMPERIAL_M50T/Expt 1 - Si-based Degradation/cell_A,1542.0,0
EXT-00745,744,IMPERIAL_M50T,IMPERIAL_M50T/Expt 1 - Si-based Degradation/cell_A,1799.0,0
EXT-00746,745,IMPERIAL_M50T,IMPERIAL_M50T/Expt 1 - Si-based Degradation/cell_A,2056.0,0
EXT-00747,746,IMPERIAL_M50T,IMPERIAL_M50T/Expt 1 - Si-based Degradation/cell_A,2313.0,0
EXT-00748,747,IMPERIAL_M50T,IMPERIAL_M50T/Expt 1 - Si-based Degradation/cell_A,2570.0,0
EXT-00749,748,IMPERIAL_M50T,IMPERIAL_M50T/Expt 1 - Si-based Degradation/cell_A,2827.0,0
EXT-00750,749,IMPERIAL_M50T,IMPERIAL_M50T/Expt 1 - Si-based Degradation/cell_A,3084.0,0
EXT-00751,750,IMPERIAL_M50T,IMPERIAL_M50T/Expt 1 - Si-based Degradation/cell_A,3341.0,0
EXT-00752,751,IMPERIAL_M50T,IMPERIAL_M50T/Expt 1 - Si-based Degradation/cell_A,3598.0,0
EXT-00753,752,IMPERIAL_M50T,IMPERIAL_M50T/Expt 1 - Si-based Degradation/cell_B,1542.0,0
EXT-00754,753,IMPERIAL_M50T,IMPERIAL_M50T/Expt 1 - Si-based Degradation/cell_B,1799.0,0
EXT-00755,754,IMPERIAL_M50T,IMPERIAL_M50T/Expt 1 - Si-based Degradation/cell_B,2056.0,0
EXT-00756,755,IMPERIAL_M50T,IMPERIAL_M50T/Expt 1 - Si-based Degradation/cell_B,2313.0,0
EXT-00757,756,IMPERIAL_M50T,IMPERIAL_M50T/Expt 1 - Si-based Degradation/cell_B,2570.0,0
EXT-00758,757,IMPERIAL_M50T,IMPERIAL_M50T/Expt 1 - Si-based Degradation/cell_B,2827.0,0
EXT-00759,758,IMPERIAL_M50T,IMPERIAL_M50T/Expt 1 - Si-based Degradation/cell_B,3084.0,0
EXT-00760,759,IMPERIAL_M50T,IMPERIAL_M50T/Expt 1 - Si-based Degradation/cell_B,3341.0,0
EXT-00761,760,IMPERIAL_M50T,IMPERIAL_M50T/Expt 1 - Si-based Degradation/cell_B,3598.0,0
EXT-00762,761,IMPERIAL_M50T,IMPERIAL_M50T/Expt 1 - Si-based Degradation/cell_D,1542.0,0
EXT-00763,762,IMPERIAL_M50T,IMPERIAL_M50T/Expt 1 - Si-based Degradation/cell_D,1799.0,0
EXT-00764,763,IMPERIAL_M50T,IMPERIAL_M50T/Expt 1 - Si-based Degradation/cell_D,2056.0,0
EXT-00765,764,IMPERIAL_M50T,IMPERIAL_M50T/Expt 1 - Si-based Degradation/cell_D,2313.0,0
EXT-00766,765,IMPERIAL_M50T,IMPERIAL_M50T/Expt 1 - Si-based Degradation/cell_D,2570.0,0
EXT-00767,766,IMPERIAL_M50T,IMPERIAL_M50T/Expt 1 - Si-based Degradation/cell_D,2827.0,0
EXT-00768,767,IMPERIAL_M50T,IMPERIAL_M50T/Expt 1 - Si-based Degradation/cell_D,3084.0,0
EXT-00769,768,IMPERIAL_M50T,IMPERIAL_M50T/Expt 1 - Si-based Degradation/cell_D,3341.0,0
EXT-00770,769,IMPERIAL_M50T,IMPERIAL_M50T/Expt 1 - Si-based Degradation/cell_E,1542.0,0
EXT-00771,770,IMPERIAL_M50T,IMPERIAL_M50T/Expt 1 - Si-based Degradation/cell_E,1799.0,0
EXT-00772,771,IMPERIAL_M50T,IMPERIAL_M50T/Expt 1 - Si-based Degradation/cell_E,2056.0,0
EXT-00773,772,IMPERIAL_M50T,IMPERIAL_M50T/Expt 1 - Si-based Degradation/cell_E,2313.0,0
EXT-00774,773,IMPERIAL_M50T,IMPERIAL_M50T/Expt 1 - Si-based Degradation/cell_E,2570.0,0
EXT-00775,774,IMPERIAL_M50T,IMPERIAL_M50T/Expt 1 - Si-based Degradation/cell_E,2827.0,0
EXT-00776,775,IMPERIAL_M50T,IMPERIAL_M50T/Expt 1 - Si-based Degradation/cell_E,3084.0,0
EXT-00777,776,IMPERIAL_M50T,IMPERIAL_M50T/Expt 1 - Si-based Degradation/cell_E,3341.0,0
EXT-00778,777,IMPERIAL_M50T,IMPERIAL_M50T/Expt 1 - Si-based Degradation/cell_E,3598.0,0
EXT-00779,778,IMPERIAL_M50T,IMPERIAL_M50T/Expt 1 - Si-based Degradation/cell_F,1542.0,0
EXT-00780,779,IMPERIAL_M50T,IMPERIAL_M50T/Expt 1 - Si-based Degradation/cell_F,1799.0,0
EXT-00781,780,IMPERIAL_M50T,IMPERIAL_M50T/Expt 1 - Si-based Degradation/cell_F,2056.0,0
EXT-00782,781,IMPERIAL_M50T,IMPERIAL_M50T/Expt 1 - Si-based Degradation/cell_F,2313.0,0
EXT-00783,782,IMPERIAL_M50T,IMPERIAL_M50T/Expt 1 - Si-based Degradation/cell_F,2570.0,0
EXT-00784,783,IMPERIAL_M50T,IMPERIAL_M50T/Expt 1 - Si-based Degradation/cell_F,2827.0,0
EXT-00785,784,IMPERIAL_M50T,IMPERIAL_M50T/Expt 1 - Si-based Degradation/cell_F,3084.0,0
EXT-00786,785,IMPERIAL_M50T,IMPERIAL_M50T/Expt 1 - Si-based Degradation/cell_F,3341.0,0
EXT-00787,786,IMPERIAL_M50T,IMPERIAL_M50T/Expt 1 - Si-based Degradation/cell_F,3598.0,0
EXT-00788,787,IMPERIAL_M50T,IMPERIAL_M50T/Expt 1 - Si-based Degradation/cell_J,1542.0,0
EXT-00789,788,IMPERIAL_M50T,IMPERIAL_M50T/Expt 1 - Si-based Degradation/cell_J,1799.0,0
EXT-00790,789,IMPERIAL_M50T,IMPERIAL_M50T/Expt 1 - Si-based Degradation/cell_J,2056.0,0
EXT-00791,790,IMPERIAL_M50T,IMPERIAL_M50T/Expt 1 - Si-based Degradation/cell_J,2313.0,0
EXT-00792,791,IMPERIAL_M50T,IMPERIAL_M50T/Expt 1 - Si-based Degradation/cell_J,2570.0,0
EXT-00793,792,IMPERIAL_M50T,IMPERIAL_M50T/Expt 1 - Si-based Degradation/cell_K,1542.0,0
EXT-00794,793,IMPERIAL_M50T,IMPERIAL_M50T/Expt 1 - Si-based Degradation/cell_K,1799.0,0
EXT-00795,794,IMPERIAL_M50T,IMPERIAL_M50T/Expt 1 - Si-based Degradation/cell_K,2056.0,0
EXT-00796,795,IMPERIAL_M50T,IMPERIAL_M50T/Expt 1 - Si-based Degradation/cell_K,2313.0,0
EXT-00797,796,IMPERIAL_M50T,IMPERIAL_M50T/Expt 1 - Si-based Degradation/cell_K,2570.0,0
EXT-00798,797,IMPERIAL_M50T,IMPERIAL_M50T/Expt 1 - Si-based Degradation/cell_L,1542.0,0
EXT-00799,798,IMPERIAL_M50T,IMPERIAL_M50T/Expt 1 - Si-based Degradation/cell_L,1799.0,0
EXT-00800,799,IMPERIAL_M50T,IMPERIAL_M50T/Expt 1 - Si-based Degradation/cell_L,2056.0,0
EXT-00801,800,IMPERIAL_M50T,IMPERIAL_M50T/Expt 1 - Si-based Degradation/cell_L,2313.0,0
EXT-00802,801,IMPERIAL_M50T,IMPERIAL_M50T/Expt 1 - Si-based Degradation/cell_L,2570.0,0
EXT-00803,802,IMPERIAL_M50T,IMPERIAL_M50T/Expt 1 - Si-based Degradation/cell_M,1542.0,0
EXT-00804,803,IMPERIAL_M50T,IMPERIAL_M50T/Expt 1 - Si-based Degradation/cell_M,1799.0,0
EXT-00805,804,IMPERIAL_M50T,IMPERIAL_M50T/Expt 1 - Si-based Degradation/cell_M,2056.0,0
EXT-00806,805,IMPERIAL_M50T,IMPERIAL_M50T/Expt 1 - Si-based Degradation/cell_M,2313.0,0
EXT-00807,806,IMPERIAL_M50T,IMPERIAL_M50T/Expt 1 - Si-based Degradation/cell_M,2570.0,0
EXT-00808,807,IMPERIAL_M50T,"IMPERIAL_M50T/Expt 2,2 - C-based Degradation 2/cell_A",2585.0,0
EXT-00809,808,IMPERIAL_M50T,"IMPERIAL_M50T/Expt 2,2 - C-based Degradation 2/cell_A",3102.0,0
EXT-00810,809,IMPERIAL_M50T,"IMPERIAL_M50T/Expt 2,2 - C-based Degradation 2/cell_A",3619.0,0
EXT-00811,810,IMPERIAL_M50T,"IMPERIAL_M50T/Expt 2,2 - C-based Degradation 2/cell_A",4136.0,0
EXT-00812,811,IMPERIAL_M50T,"IMPERIAL_M50T/Expt 2,2 - C-based Degradation 2/cell_A",4653.0,0
EXT-00813,812,IMPERIAL_M50T,"IMPERIAL_M50T/Expt 2,2 - C-based Degradation 2/cell_A",5170.0,0
EXT-00814,813,IMPERIAL_M50T,"IMPERIAL_M50T/Expt 2,2 - C-based Degradation 2/cell_A",5687.0,0
EXT-00815,814,IMPERIAL_M50T,"IMPERIAL_M50T/Expt 2,2 - C-based Degradation 2/cell_A",6204.0,0
EXT-00816,815,IMPERIAL_M50T,"IMPERIAL_M50T/Expt 2,2 - C-based Degradation 2/cell_B",2585.0,0
EXT-00817,816,IMPERIAL_M50T,"IMPERIAL_M50T/Expt 2,2 - C-based Degradation 2/cell_B",3102.0,0
EXT-00818,817,IMPERIAL_M50T,"IMPERIAL_M50T/Expt 2,2 - C-based Degradation 2/cell_B",3619.0,0
EXT-00819,818,IMPERIAL_M50T,"IMPERIAL_M50T/Expt 2,2 - C-based Degradation 2/cell_B",4136.0,0
EXT-00820,819,IMPERIAL_M50T,"IMPERIAL_M50T/Expt 2,2 - C-based Degradation 2/cell_B",4653.0,0
EXT-00821,820,IMPERIAL_M50T,"IMPERIAL_M50T/Expt 2,2 - C-based Degradation 2/cell_B",5170.0,0
EXT-00822,821,IMPERIAL_M50T,"IMPERIAL_M50T/Expt 2,2 - C-based Degradation 2/cell_B",5687.0,0
EXT-00823,822,IMPERIAL_M50T,"IMPERIAL_M50T/Expt 2,2 - C-based Degradation 2/cell_B",6204.0,0
EXT-00824,823,IMPERIAL_M50T,"IMPERIAL_M50T/Expt 2,2 - C-based Degradation 2/cell_C",2585.0,0
EXT-00825,824,IMPERIAL_M50T,"IMPERIAL_M50T/Expt 2,2 - C-based Degradation 2/cell_C",3102.0,0
EXT-00826,825,IMPERIAL_M50T,"IMPERIAL_M50T/Expt 2,2 - C-based Degradation 2/cell_C",3619.0,0
EXT-00827,826,IMPERIAL_M50T,"IMPERIAL_M50T/Expt 2,2 - C-based Degradation 2/cell_C",4136.0,0
EXT-00828,827,IMPERIAL_M50T,"IMPERIAL_M50T/Expt 2,2 - C-based Degradation 2/cell_C",4653.0,0
EXT-00829,828,IMPERIAL_M50T,"IMPERIAL_M50T/Expt 2,2 - C-based Degradation 2/cell_C",5170.0,0
EXT-00830,829,IMPERIAL_M50T,"IMPERIAL_M50T/Expt 2,2 - C-based Degradation 2/cell_C",5687.0,0
EXT-00831,830,IMPERIAL_M50T,"IMPERIAL_M50T/Expt 2,2 - C-based Degradation 2/cell_C",6204.0,0
EXT-00832,831,IMPERIAL_M50T,"IMPERIAL_M50T/Expt 2,2 - C-based Degradation 2/cell_D",2585.0,0
EXT-00833,832,IMPERIAL_M50T,"IMPERIAL_M50T/Expt 2,2 - C-based Degradation 2/cell_D",3102.0,0
EXT-00834,833,IMPERIAL_M50T,"IMPERIAL_M50T/Expt 2,2 - C-based Degradation 2/cell_D",3619.0,0
EXT-00835,834,IMPERIAL_M50T,"IMPERIAL_M50T/Expt 2,2 - C-based Degradation 2/cell_D",4136.0,0
EXT-00836,835,IMPERIAL_M50T,"IMPERIAL_M50T/Expt 2,2 - C-based Degradation 2/cell_D",4653.0,0
EXT-00837,836,IMPERIAL_M50T,"IMPERIAL_M50T/Expt 2,2 - C-based Degradation 2/cell_D",5170.0,0
EXT-00838,837,IMPERIAL_M50T,"IMPERIAL_M50T/Expt 2,2 - C-based Degradation 2/cell_D",5687.0,0
EXT-00839,838,IMPERIAL_M50T,"IMPERIAL_M50T/Expt 2,2 - C-based Degradation 2/cell_D",6204.0,0
EXT-00840,839,IMPERIAL_M50T,"IMPERIAL_M50T/Expt 2,2 - C-based Degradation 2/cell_E",2585.0,0
EXT-00841,840,IMPERIAL_M50T,"IMPERIAL_M50T/Expt 2,2 - C-based Degradation 2/cell_E",3102.0,0
EXT-00842,841,IMPERIAL_M50T,"IMPERIAL_M50T/Expt 2,2 - C-based Degradation 2/cell_E",3619.0,0
EXT-00843,842,IMPERIAL_M50T,"IMPERIAL_M50T/Expt 2,2 - C-based Degradation 2/cell_E",4136.0,0
EXT-00844,843,IMPERIAL_M50T,"IMPERIAL_M50T/Expt 2,2 - C-based Degradation 2/cell_E",4653.0,0
EXT-00845,844,IMPERIAL_M50T,"IMPERIAL_M50T/Expt 2,2 - C-based Degradation 2/cell_E",5170.0,0
EXT-00846,845,IMPERIAL_M50T,"IMPERIAL_M50T/Expt 2,2 - C-based Degradation 2/cell_E",5687.0,0
EXT-00847,846,IMPERIAL_M50T,"IMPERIAL_M50T/Expt 2,2 - C-based Degradation 2/cell_E",6204.0,0
EXT-00848,847,IMPERIAL_M50T,"IMPERIAL_M50T/Expt 2,2 - C-based Degradation 2/cell_F",2585.0,0
EXT-00849,848,IMPERIAL_M50T,"IMPERIAL_M50T/Expt 2,2 - C-based Degradation 2/cell_F",3102.0,0
EXT-00850,849,IMPERIAL_M50T,"IMPERIAL_M50T/Expt 2,2 - C-based Degradation 2/cell_F",3619.0,0
EXT-00851,850,IMPERIAL_M50T,"IMPERIAL_M50T/Expt 2,2 - C-based Degradation 2/cell_F",4136.0,0
EXT-00852,851,IMPERIAL_M50T,"IMPERIAL_M50T/Expt 2,2 - C-based Degradation 2/cell_F",4653.0,0
EXT-00853,852,IMPERIAL_M50T,"IMPERIAL_M50T/Expt 2,2 - C-based Degradation 2/cell_F",5170.0,0
EXT-00854,853,IMPERIAL_M50T,"IMPERIAL_M50T/Expt 2,2 - C-based Degradation 2/cell_F",5687.0,0
EXT-00855,854,IMPERIAL_M50T,"IMPERIAL_M50T/Expt 2,2 - C-based Degradation 2/cell_F",6204.0,0
EXT-00856,855,IMPERIAL_M50T,IMPERIAL_M50T/Expt 3 - Cathode Degradation and Li-Plating/cell_A,3102.0,0
EXT-00857,856,IMPERIAL_M50T,IMPERIAL_M50T/Expt 3 - Cathode Degradation and Li-Plating/cell_A,3619.0,0
EXT-00858,857,IMPERIAL_M50T,IMPERIAL_M50T/Expt 3 - Cathode Degradation and Li-Plating/cell_A,4136.0,0
EXT-00859,858,IMPERIAL_M50T,IMPERIAL_M50T/Expt 3 - Cathode Degradation and Li-Plating/cell_A,4653.0,0
EXT-00860,859,IMPERIAL_M50T,IMPERIAL_M50T/Expt 3 - Cathode Degradation and Li-Plating/cell_A,5170.0,0
EXT-00861,860,IMPERIAL_M50T,IMPERIAL_M50T/Expt 3 - Cathode Degradation and Li-Plating/cell_B,3102.0,0
EXT-00862,861,IMPERIAL_M50T,IMPERIAL_M50T/Expt 3 - Cathode Degradation and Li-Plating/cell_B,3619.0,0
EXT-00863,862,IMPERIAL_M50T,IMPERIAL_M50T/Expt 3 - Cathode Degradation and Li-Plating/cell_B,4136.0,0
EXT-00864,863,IMPERIAL_M50T,IMPERIAL_M50T/Expt 3 - Cathode Degradation and Li-Plating/cell_B,4653.0,0
EXT-00865,864,IMPERIAL_M50T,IMPERIAL_M50T/Expt 3 - Cathode Degradation and Li-Plating/cell_B,5170.0,0
EXT-00866,865,IMPERIAL_M50T,IMPERIAL_M50T/Expt 3 - Cathode Degradation and Li-Plating/cell_C,3102.0,0
EXT-00867,866,IMPERIAL_M50T,IMPERIAL_M50T/Expt 3 - Cathode Degradation and Li-Plating/cell_C,3619.0,0
EXT-00868,867,IMPERIAL_M50T,IMPERIAL_M50T/Expt 3 - Cathode Degradation and Li-Plating/cell_C,4136.0,0
EXT-00869,868,IMPERIAL_M50T,IMPERIAL_M50T/Expt 3 - Cathode Degradation and Li-Plating/cell_C,4653.0,0
EXT-00870,869,IMPERIAL_M50T,IMPERIAL_M50T/Expt 3 - Cathode Degradation and Li-Plating/cell_C,5170.0,0
EXT-00871,870,IMPERIAL_M50T,IMPERIAL_M50T/Expt 3 - Cathode Degradation and Li-Plating/cell_D,3102.0,0
EXT-00872,871,IMPERIAL_M50T,IMPERIAL_M50T/Expt 3 - Cathode Degradation and Li-Plating/cell_D,3619.0,0
EXT-00873,872,IMPERIAL_M50T,IMPERIAL_M50T/Expt 3 - Cathode Degradation and Li-Plating/cell_D,4136.0,0
EXT-00874,873,IMPERIAL_M50T,IMPERIAL_M50T/Expt 3 - Cathode Degradation and Li-Plating/cell_D,4653.0,0
EXT-00875,874,IMPERIAL_M50T,IMPERIAL_M50T/Expt 3 - Cathode Degradation and Li-Plating/cell_D,5170.0,0
EXT-00876,875,IMPERIAL_M50T,IMPERIAL_M50T/Expt 3 - Cathode Degradation and Li-Plating/cell_D,5687.0,0
EXT-00877,876,IMPERIAL_M50T,IMPERIAL_M50T/Expt 3 - Cathode Degradation and Li-Plating/cell_E,3102.0,0
EXT-00878,877,IMPERIAL_M50T,IMPERIAL_M50T/Expt 3 - Cathode Degradation and Li-Plating/cell_E,3619.0,0
EXT-00879,878,IMPERIAL_M50T,IMPERIAL_M50T/Expt 3 - Cathode Degradation and Li-Plating/cell_E,4136.0,0
EXT-00880,879,IMPERIAL_M50T,IMPERIAL_M50T/Expt 3 - Cathode Degradation and Li-Plating/cell_E,4653.0,0
EXT-00881,880,IMPERIAL_M50T,IMPERIAL_M50T/Expt 3 - Cathode Degradation and Li-Plating/cell_E,5170.0,0
EXT-00882,881,IMPERIAL_M50T,IMPERIAL_M50T/Expt 3 - Cathode Degradation and Li-Plating/cell_E,5687.0,0
EXT-00883,882,IMPERIAL_M50T,IMPERIAL_M50T/Expt 3 - Cathode Degradation and Li-Plating/cell_F,3102.0,0
EXT-00884,883,IMPERIAL_M50T,IMPERIAL_M50T/Expt 3 - Cathode Degradation and Li-Plating/cell_F,3619.0,0
EXT-00885,884,IMPERIAL_M50T,IMPERIAL_M50T/Expt 3 - Cathode Degradation and Li-Plating/cell_F,4136.0,0
EXT-00886,885,IMPERIAL_M50T,IMPERIAL_M50T/Expt 3 - Cathode Degradation and Li-Plating/cell_F,4653.0,0
EXT-00887,886,IMPERIAL_M50T,IMPERIAL_M50T/Expt 3 - Cathode Degradation and Li-Plating/cell_F,5170.0,0
EXT-00888,887,IMPERIAL_M50T,IMPERIAL_M50T/Expt 3 - Cathode Degradation and Li-Plating/cell_F,5687.0,0
EXT-00889,888,IMPERIAL_M50T,IMPERIAL_M50T/Expt 3 - Cathode Degradation and Li-Plating/cell_G,3102.0,0
EXT-00890,889,IMPERIAL_M50T,IMPERIAL_M50T/Expt 3 - Cathode Degradation and Li-Plating/cell_G,3619.0,0
EXT-00891,890,IMPERIAL_M50T,IMPERIAL_M50T/Expt 3 - Cathode Degradation and Li-Plating/cell_G,4136.0,0
EXT-00892,891,IMPERIAL_M50T,IMPERIAL_M50T/Expt 3 - Cathode Degradation and Li-Plating/cell_G,4653.0,0
EXT-00893,892,IMPERIAL_M50T,IMPERIAL_M50T/Expt 3 - Cathode Degradation and Li-Plating/cell_G,5170.0,0
EXT-00894,893,IMPERIAL_M50T,IMPERIAL_M50T/Expt 3 - Cathode Degradation and Li-Plating/cell_G,5687.0,0
EXT-00895,894,IMPERIAL_M50T,IMPERIAL_M50T/Expt 3 - Cathode Degradation and Li-Plating/cell_H,3102.0,0
EXT-00896,895,IMPERIAL_M50T,IMPERIAL_M50T/Expt 3 - Cathode Degradation and Li-Plating/cell_H,3619.0,0
EXT-00897,896,IMPERIAL_M50T,IMPERIAL_M50T/Expt 3 - Cathode Degradation and Li-Plating/cell_H,4136.0,0
EXT-00898,897,IMPERIAL_M50T,IMPERIAL_M50T/Expt 3 - Cathode Degradation and Li-Plating/cell_H,4653.0,0
EXT-00899,898,IMPERIAL_M50T,IMPERIAL_M50T/Expt 3 - Cathode Degradation and Li-Plating/cell_H,5170.0,0
EXT-00900,899,IMPERIAL_M50T,IMPERIAL_M50T/Expt 3 - Cathode Degradation and Li-Plating/cell_H,5687.0,0
EXT-00901,900,IMPERIAL_M50T,IMPERIAL_M50T/Expt 3 - Cathode Degradation and Li-Plating/cell_H,6204.0,0
EXT-00902,901,IMPERIAL_M50T,IMPERIAL_M50T/Expt 3 - Cathode Degradation and Li-Plating/cell_I,3102.0,0
EXT-00903,902,IMPERIAL_M50T,IMPERIAL_M50T/Expt 3 - Cathode Degradation and Li-Plating/cell_I,3619.0,0
EXT-00904,903,IMPERIAL_M50T,IMPERIAL_M50T/Expt 3 - Cathode Degradation and Li-Plating/cell_I,4136.0,0
EXT-00905,904,IMPERIAL_M50T,IMPERIAL_M50T/Expt 3 - Cathode Degradation and Li-Plating/cell_I,4653.0,0
EXT-00906,905,IMPERIAL_M50T,IMPERIAL_M50T/Expt 3 - Cathode Degradation and Li-Plating/cell_I,5170.0,0
EXT-00907,906,IMPERIAL_M50T,IMPERIAL_M50T/Expt 3 - Cathode Degradation and Li-Plating/cell_I,5687.0,0
EXT-00908,907,IMPERIAL_M50T,IMPERIAL_M50T/Expt 3 - Cathode Degradation and Li-Plating/cell_I,6204.0,0
EXT-00909,908,IMPERIAL_M50T,IMPERIAL_M50T/Expt 4 - Drive Cycle Aging (Control)/cell_A,3102.0,0
EXT-00910,909,IMPERIAL_M50T,IMPERIAL_M50T/Expt 4 - Drive Cycle Aging (Control)/cell_A,3619.0,0
EXT-00911,910,IMPERIAL_M50T,IMPERIAL_M50T/Expt 4 - Drive Cycle Aging (Control)/cell_A,4136.0,0
EXT-00912,911,IMPERIAL_M50T,IMPERIAL_M50T/Expt 4 - Drive Cycle Aging (Control)/cell_A,4653.0,0
EXT-00913,912,IMPERIAL_M50T,IMPERIAL_M50T/Expt 4 - Drive Cycle Aging (Control)/cell_B,3102.0,0
EXT-00914,913,IMPERIAL_M50T,IMPERIAL_M50T/Expt 4 - Drive Cycle Aging (Control)/cell_B,3619.0,0
EXT-00915,914,IMPERIAL_M50T,IMPERIAL_M50T/Expt 4 - Drive Cycle Aging (Control)/cell_B,4136.0,0
EXT-00916,915,IMPERIAL_M50T,IMPERIAL_M50T/Expt 4 - Drive Cycle Aging (Control)/cell_B,4653.0,0
EXT-00917,916,IMPERIAL_M50T,IMPERIAL_M50T/Expt 4 - Drive Cycle Aging (Control)/cell_C,3102.0,0
EXT-00918,917,IMPERIAL_M50T,IMPERIAL_M50T/Expt 4 - Drive Cycle Aging (Control)/cell_C,3619.0,0
EXT-00919,918,IMPERIAL_M50T,IMPERIAL_M50T/Expt 4 - Drive Cycle Aging (Control)/cell_C,4136.0,0
EXT-00920,919,IMPERIAL_M50T,IMPERIAL_M50T/Expt 4 - Drive Cycle Aging (Control)/cell_C,4653.0,0
EXT-00921,920,IMPERIAL_M50T,IMPERIAL_M50T/Expt 4 - Drive Cycle Aging (Control)/cell_D,3102.0,0
EXT-00922,921,IMPERIAL_M50T,IMPERIAL_M50T/Expt 4 - Drive Cycle Aging (Control)/cell_D,3619.0,0
EXT-00923,922,IMPERIAL_M50T,IMPERIAL_M50T/Expt 4 - Drive Cycle Aging (Control)/cell_D,4136.0,0
EXT-00924,923,IMPERIAL_M50T,IMPERIAL_M50T/Expt 4 - Drive Cycle Aging (Control)/cell_D,4653.0,0
EXT-00925,924,IMPERIAL_M50T,IMPERIAL_M50T/Expt 4 - Drive Cycle Aging (Control)/cell_E,3102.0,0
EXT-00926,925,IMPERIAL_M50T,IMPERIAL_M50T/Expt 4 - Drive Cycle Aging (Control)/cell_E,3619.0,0
EXT-00927,926,IMPERIAL_M50T,IMPERIAL_M50T/Expt 4 - Drive Cycle Aging (Control)/cell_E,4136.0,0
EXT-00928,927,IMPERIAL_M50T,IMPERIAL_M50T/Expt 4 - Drive Cycle Aging (Control)/cell_E,4653.0,0
EXT-00929,928,IMPERIAL_M50T,IMPERIAL_M50T/Expt 4 - Drive Cycle Aging (Control)/cell_F,3102.0,0
EXT-00930,929,IMPERIAL_M50T,IMPERIAL_M50T/Expt 4 - Drive Cycle Aging (Control)/cell_F,3619.0,0
EXT-00931,930,IMPERIAL_M50T,IMPERIAL_M50T/Expt 4 - Drive Cycle Aging (Control)/cell_F,4136.0,0
EXT-00932,931,IMPERIAL_M50T,IMPERIAL_M50T/Expt 4 - Drive Cycle Aging (Control)/cell_F,4653.0,0
EXT-00933,932,IMPERIAL_M50T,IMPERIAL_M50T/Expt 4 - Drive Cycle Aging (Control)/cell_G,3102.0,0
EXT-00934,933,IMPERIAL_M50T,IMPERIAL_M50T/Expt 4 - Drive Cycle Aging (Control)/cell_G,3619.0,0
EXT-00935,934,IMPERIAL_M50T,IMPERIAL_M50T/Expt 4 - Drive Cycle Aging (Control)/cell_G,4136.0,0
EXT-00936,935,IMPERIAL_M50T,IMPERIAL_M50T/Expt 4 - Drive Cycle Aging (Control)/cell_G,4653.0,0
EXT-00937,936,IMPERIAL_M50T,IMPERIAL_M50T/Expt 4 - Drive Cycle Aging (Control)/cell_H,3102.0,0
EXT-00938,937,IMPERIAL_M50T,IMPERIAL_M50T/Expt 4 - Drive Cycle Aging (Control)/cell_H,3619.0,0
EXT-00939,938,IMPERIAL_M50T,IMPERIAL_M50T/Expt 4 - Drive Cycle Aging (Control)/cell_H,4136.0,0
EXT-00940,939,IMPERIAL_M50T,IMPERIAL_M50T/Expt 4 - Drive Cycle Aging (Control)/cell_H,4653.0,0
EXT-00941,940,IMPERIAL_M50T,IMPERIAL_M50T/Expt 5 - Standard Cycle Aging (Control)/cell_A,468.0,0
EXT-00942,941,IMPERIAL_M50T,IMPERIAL_M50T/Expt 5 - Standard Cycle Aging (Control)/cell_A,546.0,0
EXT-00943,942,IMPERIAL_M50T,IMPERIAL_M50T/Expt 5 - Standard Cycle Aging (Control)/cell_A,624.0,0
EXT-00944,943,IMPERIAL_M50T,IMPERIAL_M50T/Expt 5 - Standard Cycle Aging (Control)/cell_A,702.0,0
EXT-00945,944,IMPERIAL_M50T,IMPERIAL_M50T/Expt 5 - Standard Cycle Aging (Control)/cell_A,780.0,0
EXT-00946,945,IMPERIAL_M50T,IMPERIAL_M50T/Expt 5 - Standard Cycle Aging (Control)/cell_A,858.0,0
EXT-00947,946,IMPERIAL_M50T,IMPERIAL_M50T/Expt 5 - Standard Cycle Aging (Control)/cell_A,936.0,0
EXT-00948,947,IMPERIAL_M50T,IMPERIAL_M50T/Expt 5 - Standard Cycle Aging (Control)/cell_A,1014.0,0
EXT-00949,948,IMPERIAL_M50T,IMPERIAL_M50T/Expt 5 - Standard Cycle Aging (Control)/cell_A,1092.0,0
EXT-00950,949,IMPERIAL_M50T,IMPERIAL_M50T/Expt 5 - Standard Cycle Aging (Control)/cell_B,468.0,0
EXT-00951,950,IMPERIAL_M50T,IMPERIAL_M50T/Expt 5 - Standard Cycle Aging (Control)/cell_B,546.0,0
EXT-00952,951,IMPERIAL_M50T,IMPERIAL_M50T/Expt 5 - Standard Cycle Aging (Control)/cell_B,624.0,0
EXT-00953,952,IMPERIAL_M50T,IMPERIAL_M50T/Expt 5 - Standard Cycle Aging (Control)/cell_B,702.0,0
EXT-00954,953,IMPERIAL_M50T,IMPERIAL_M50T/Expt 5 - Standard Cycle Aging (Control)/cell_B,780.0,0
EXT-00955,954,IMPERIAL_M50T,IMPERIAL_M50T/Expt 5 - Standard Cycle Aging (Control)/cell_B,858.0,0
EXT-00956,955,IMPERIAL_M50T,IMPERIAL_M50T/Expt 5 - Standard Cycle Aging (Control)/cell_B,936.0,0
EXT-00957,956,IMPERIAL_M50T,IMPERIAL_M50T/Expt 5 - Standard Cycle Aging (Control)/cell_B,1014.0,0
EXT-00958,957,IMPERIAL_M50T,IMPERIAL_M50T/Expt 5 - Standard Cycle Aging (Control)/cell_B,1092.0,0
EXT-00959,958,IMPERIAL_M50T,IMPERIAL_M50T/Expt 5 - Standard Cycle Aging (Control)/cell_C,468.0,0
EXT-00960,959,IMPERIAL_M50T,IMPERIAL_M50T/Expt 5 - Standard Cycle Aging (Control)/cell_C,546.0,0
EXT-00961,960,IMPERIAL_M50T,IMPERIAL_M50T/Expt 5 - Standard Cycle Aging (Control)/cell_C,624.0,0
EXT-00962,961,IMPERIAL_M50T,IMPERIAL_M50T/Expt 5 - Standard Cycle Aging (Control)/cell_C,702.0,0
EXT-00963,962,IMPERIAL_M50T,IMPERIAL_M50T/Expt 5 - Standard Cycle Aging (Control)/cell_C,780.0,0
EXT-00964,963,IMPERIAL_M50T,IMPERIAL_M50T/Expt 5 - Standard Cycle Aging (Control)/cell_C,858.0,0
EXT-00965,964,IMPERIAL_M50T,IMPERIAL_M50T/Expt 5 - Standard Cycle Aging (Control)/cell_C,936.0,0
EXT-00966,965,IMPERIAL_M50T,IMPERIAL_M50T/Expt 5 - Standard Cycle Aging (Control)/cell_C,1014.0,0
EXT-00967,966,IMPERIAL_M50T,IMPERIAL_M50T/Expt 5 - Standard Cycle Aging (Control)/cell_C,1092.0,0
EXT-00968,967,IMPERIAL_M50T,IMPERIAL_M50T/Expt 5 - Standard Cycle Aging (Control)/cell_D,468.0,0
EXT-00969,968,IMPERIAL_M50T,IMPERIAL_M50T/Expt 5 - Standard Cycle Aging (Control)/cell_D,546.0,0
EXT-00970,969,IMPERIAL_M50T,IMPERIAL_M50T/Expt 5 - Standard Cycle Aging (Control)/cell_D,624.0,0
EXT-00971,970,IMPERIAL_M50T,IMPERIAL_M50T/Expt 5 - Standard Cycle Aging (Control)/cell_D,702.0,0
EXT-00972,971,IMPERIAL_M50T,IMPERIAL_M50T/Expt 5 - Standard Cycle Aging (Control)/cell_D,780.0,0
EXT-00973,972,IMPERIAL_M50T,IMPERIAL_M50T/Expt 5 - Standard Cycle Aging (Control)/cell_D,858.0,0
EXT-00974,973,IMPERIAL_M50T,IMPERIAL_M50T/Expt 5 - Standard Cycle Aging (Control)/cell_D,936.0,0
EXT-00975,974,IMPERIAL_M50T,IMPERIAL_M50T/Expt 5 - Standard Cycle Aging (Control)/cell_D,1014.0,0
EXT-00976,975,IMPERIAL_M50T,IMPERIAL_M50T/Expt 5 - Standard Cycle Aging (Control)/cell_D,1092.0,0
EXT-00977,976,IMPERIAL_M50T,IMPERIAL_M50T/Expt 5 - Standard Cycle Aging (Control)/cell_E,468.0,0
EXT-00978,977,IMPERIAL_M50T,IMPERIAL_M50T/Expt 5 - Standard Cycle Aging (Control)/cell_E,546.0,0
EXT-00979,978,IMPERIAL_M50T,IMPERIAL_M50T/Expt 5 - Standard Cycle Aging (Control)/cell_E,624.0,0
EXT-00980,979,IMPERIAL_M50T,IMPERIAL_M50T/Expt 5 - Standard Cycle Aging (Control)/cell_E,702.0,0
EXT-00981,980,IMPERIAL_M50T,IMPERIAL_M50T/Expt 5 - Standard Cycle Aging (Control)/cell_E,780.0,0
EXT-00982,981,IMPERIAL_M50T,IMPERIAL_M50T/Expt 5 - Standard Cycle Aging (Control)/cell_E,858.0,0
EXT-00983,982,IMPERIAL_M50T,IMPERIAL_M50T/Expt 5 - Standard Cycle Aging (Control)/cell_E,936.0,0
EXT-00984,983,IMPERIAL_M50T,IMPERIAL_M50T/Expt 5 - Standard Cycle Aging (Control)/cell_E,1014.0,0
EXT-00985,984,IMPERIAL_M50T,IMPERIAL_M50T/Expt 5 - Standard Cycle Aging (Control)/cell_E,1092.0,0
EXT-00986,985,IMPERIAL_M50T,IMPERIAL_M50T/Expt 5 - Standard Cycle Aging (Control)/cell_F,468.0,0
EXT-00987,986,IMPERIAL_M50T,IMPERIAL_M50T/Expt 5 - Standard Cycle Aging (Control)/cell_F,546.0,0
EXT-00988,987,IMPERIAL_M50T,IMPERIAL_M50T/Expt 5 - Standard Cycle Aging (Control)/cell_F,624.0,0
EXT-00989,988,IMPERIAL_M50T,IMPERIAL_M50T/Expt 5 - Standard Cycle Aging (Control)/cell_F,702.0,0
EXT-00990,989,IMPERIAL_M50T,IMPERIAL_M50T/Expt 5 - Standard Cycle Aging (Control)/cell_F,780.0,0
EXT-00991,990,IMPERIAL_M50T,IMPERIAL_M50T/Expt 5 - Standard Cycle Aging (Control)/cell_F,858.0,0
EXT-00992,991,IMPERIAL_M50T,IMPERIAL_M50T/Expt 5 - Standard Cycle Aging (Control)/cell_F,936.0,0
EXT-00993,992,IMPERIAL_M50T,IMPERIAL_M50T/Expt 5 - Standard Cycle Aging (Control)/cell_F,1014.0,0
EXT-00994,993,IMPERIAL_M50T,IMPERIAL_M50T/Expt 5 - Standard Cycle Aging (Control)/cell_F,1092.0,0
EXT-00995,994,IMPERIAL_M50T,IMPERIAL_M50T/Expt 5 - Standard Cycle Aging (Control)/cell_G,468.0,0
EXT-00996,995,IMPERIAL_M50T,IMPERIAL_M50T/Expt 5 - Standard Cycle Aging (Control)/cell_G,546.0,0
EXT-00997,996,IMPERIAL_M50T,IMPERIAL_M50T/Expt 5 - Standard Cycle Aging (Control)/cell_G,624.0,0
EXT-00998,997,IMPERIAL_M50T,IMPERIAL_M50T/Expt 5 - Standard Cycle Aging (Control)/cell_G,702.0,0
EXT-00999,998,IMPERIAL_M50T,IMPERIAL_M50T/Expt 5 - Standard Cycle Aging (Control)/cell_G,780.0,0
EXT-01000,999,IMPERIAL_M50T,IMPERIAL_M50T/Expt 5 - Standard Cycle Aging (Control)/cell_G,858.0,0
EXT-01001,1000,IMPERIAL_M50T,IMPERIAL_M50T/Expt 5 - Standard Cycle Aging (Control)/cell_G,936.0,0
EXT-01002,1001,IMPERIAL_M50T,IMPERIAL_M50T/Expt 5 - Standard Cycle Aging (Control)/cell_G,1014.0,0
EXT-01003,1002,IMPERIAL_M50T,IMPERIAL_M50T/Expt 5 - Standard Cycle Aging (Control)/cell_G,1092.0,0
EXT-01004,1003,IMPERIAL_M50T,IMPERIAL_M50T/Expt 5 - Standard Cycle Aging (Control)/cell_H,468.0,0
EXT-01005,1004,IMPERIAL_M50T,IMPERIAL_M50T/Expt 5 - Standard Cycle Aging (Control)/cell_H,546.0,0
EXT-01006,1005,IMPERIAL_M50T,IMPERIAL_M50T/Expt 5 - Standard Cycle Aging (Control)/cell_H,624.0,0
EXT-01007,1006,IMPERIAL_M50T,IMPERIAL_M50T/Expt 5 - Standard Cycle Aging (Control)/cell_H,702.0,0
EXT-01008,1007,IMPERIAL_M50T,IMPERIAL_M50T/Expt 5 - Standard Cycle Aging (Control)/cell_H,780.0,0
EXT-01009,1008,IMPERIAL_M50T,IMPERIAL_M50T/Expt 5 - Standard Cycle Aging (Control)/cell_H,858.0,0
EXT-01010,1009,IMPERIAL_M50T,IMPERIAL_M50T/Expt 5 - Standard Cycle Aging (Control)/cell_H,936.0,0
EXT-01011,1010,IMPERIAL_M50T,IMPERIAL_M50T/Expt 5 - Standard Cycle Aging (Control)/cell_H,1014.0,0
EXT-01012,1011,IMPERIAL_M50T,IMPERIAL_M50T/Expt 5 - Standard Cycle Aging (Control)/cell_H,1092.0,0
EXT-01013,1012,LUH_NMC_SIO,LUH_NMC_SIO/P001_1,11.695,0
EXT-01014,1013,LUH_NMC_SIO,LUH_NMC_SIO/P001_1,13.636666666666665,0
EXT-01015,1014,LUH_NMC_SIO,LUH_NMC_SIO/P001_1,15.571666666666667,0
EXT-01016,1015,LUH_NMC_SIO,LUH_NMC_SIO/P001_1,17.49833333333333,0
EXT-01017,1016,LUH_NMC_SIO,LUH_NMC_SIO/P001_1,19.419999999999998,0
EXT-01018,1017,LUH_NMC_SIO,LUH_NMC_SIO/P001_1,21.333333333333332,0
EXT-01019,1018,LUH_NMC_SIO,LUH_NMC_SIO/P001_1,23.238333333333333,0
EXT-01020,1019,LUH_NMC_SIO,LUH_NMC_SIO/P001_1,25.14166666666667,0
EXT-01021,1020,LUH_NMC_SIO,LUH_NMC_SIO/P001_1,27.038333333333338,0
EXT-01022,1021,LUH_NMC_SIO,LUH_NMC_SIO/P001_1,28.936666666666667,0
EXT-01023,1022,LUH_NMC_SIO,LUH_NMC_SIO/P001_1,30.828333333333333,0
EXT-01024,1023,LUH_NMC_SIO,LUH_NMC_SIO/P001_1,32.71333333333333,0
EXT-01025,1024,LUH_NMC_SIO,LUH_NMC_SIO/P001_1,34.595,0
EXT-01026,1025,LUH_NMC_SIO,LUH_NMC_SIO/P001_1,36.47333333333333,0
EXT-01027,1026,LUH_NMC_SIO,LUH_NMC_SIO/P001_1,38.345,0
EXT-01028,1027,LUH_NMC_SIO,LUH_NMC_SIO/P001_1,40.215,0
EXT-01029,1028,LUH_NMC_SIO,LUH_NMC_SIO/P001_1,42.08,0
EXT-01030,1029,LUH_NMC_SIO,LUH_NMC_SIO/P001_1,43.94333333333333,0
EXT-01031,1030,LUH_NMC_SIO,LUH_NMC_SIO/P001_2,11.671666666666667,0
EXT-01032,1031,LUH_NMC_SIO,LUH_NMC_SIO/P001_2,13.608333333333334,0
EXT-01033,1032,LUH_NMC_SIO,LUH_NMC_SIO/P001_2,15.543333333333331,0
EXT-01034,1033,LUH_NMC_SIO,LUH_NMC_SIO/P001_2,17.468333333333334,0
EXT-01035,1034,LUH_NMC_SIO,LUH_NMC_SIO/P001_2,19.393333333333334,0
EXT-01036,1035,LUH_NMC_SIO,LUH_NMC_SIO/P001_2,21.305000000000003,0
EXT-01037,1036,LUH_NMC_SIO,LUH_NMC_SIO/P001_2,23.208333333333332,0
EXT-01038,1037,LUH_NMC_SIO,LUH_NMC_SIO/P001_2,25.11,0
EXT-01039,1038,LUH_NMC_SIO,LUH_NMC_SIO/P001_2,27.003333333333334,0
EXT-01040,1039,LUH_NMC_SIO,LUH_NMC_SIO/P001_2,28.89166666666667,0
EXT-01041,1040,LUH_NMC_SIO,LUH_NMC_SIO/P001_2,30.778333333333336,0
EXT-01042,1041,LUH_NMC_SIO,LUH_NMC_SIO/P001_2,32.65833333333333,0
EXT-01043,1042,LUH_NMC_SIO,LUH_NMC_SIO/P001_2,34.53333333333333,0
EXT-01044,1043,LUH_NMC_SIO,LUH_NMC_SIO/P001_2,36.40833333333333,0
EXT-01045,1044,LUH_NMC_SIO,LUH_NMC_SIO/P001_2,38.276666666666664,0
EXT-01046,1045,LUH_NMC_SIO,LUH_NMC_SIO/P001_2,40.141666666666666,0
EXT-01047,1046,LUH_NMC_SIO,LUH_NMC_SIO/P001_2,42.001666666666665,0
EXT-01048,1047,LUH_NMC_SIO,LUH_NMC_SIO/P001_2,43.85999999999999,0
EXT-01049,1048,LUH_NMC_SIO,LUH_NMC_SIO/P001_3,12.06,0
EXT-01050,1049,LUH_NMC_SIO,LUH_NMC_SIO/P001_3,13.99,0
EXT-01051,1050,LUH_NMC_SIO,LUH_NMC_SIO/P001_3,15.915000000000001,0
EXT-01052,1051,LUH_NMC_SIO,LUH_NMC_SIO/P001_3,17.834999999999997,0
EXT-01053,1052,LUH_NMC_SIO,LUH_NMC_SIO/P001_3,19.746666666666666,0
EXT-01054,1053,LUH_NMC_SIO,LUH_NMC_SIO/P001_3,21.653333333333336,0
EXT-01055,1054,LUH_NMC_SIO,LUH_NMC_SIO/P001_3,23.55,0
EXT-01056,1055,LUH_NMC_SIO,LUH_NMC_SIO/P001_3,25.44333333333333,0
EXT-01057,1056,LUH_NMC_SIO,LUH_NMC_SIO/P001_3,27.330000000000002,0
EXT-01058,1057,LUH_NMC_SIO,LUH_NMC_SIO/P001_3,29.21166666666667,0
EXT-01059,1058,LUH_NMC_SIO,LUH_NMC_SIO/P001_3,31.090000000000003,0
EXT-01060,1059,LUH_NMC_SIO,LUH_NMC_SIO/P001_3,32.964999999999996,0
EXT-01061,1060,LUH_NMC_SIO,LUH_NMC_SIO/P001_3,34.835,0
EXT-01062,1061,LUH_NMC_SIO,LUH_NMC_SIO/P001_3,36.699999999999996,0
EXT-01063,1062,LUH_NMC_SIO,LUH_NMC_SIO/P001_3,38.56166666666667,0
EXT-01064,1063,LUH_NMC_SIO,LUH_NMC_SIO/P001_3,40.42166666666667,0
EXT-01065,1064,LUH_NMC_SIO,LUH_NMC_SIO/P001_3,42.275,0
EXT-01066,1065,LUH_NMC_SIO,LUH_NMC_SIO/P001_3,44.12833333333333,0
EXT-01067,1066,LUH_NMC_SIO,LUH_NMC_SIO/P002_1,13.831666666666669,0
EXT-01068,1067,LUH_NMC_SIO,LUH_NMC_SIO/P002_1,16.115,0
EXT-01069,1068,LUH_NMC_SIO,LUH_NMC_SIO/P002_1,18.386666666666667,0
EXT-01070,1069,LUH_NMC_SIO,LUH_NMC_SIO/P002_1,20.651666666666667,0
EXT-01071,1070,LUH_NMC_SIO,LUH_NMC_SIO/P002_1,22.905,0
EXT-01072,1071,LUH_NMC_SIO,LUH_NMC_SIO/P002_1,25.150000000000002,0
EXT-01073,1072,LUH_NMC_SIO,LUH_NMC_SIO/P002_1,27.388333333333332,0
EXT-01074,1073,LUH_NMC_SIO,LUH_NMC_SIO/P002_1,29.613333333333333,0
EXT-01075,1074,LUH_NMC_SIO,LUH_NMC_SIO/P002_1,31.83666666666667,0
EXT-01076,1075,LUH_NMC_SIO,LUH_NMC_SIO/P002_1,34.055,0
EXT-01077,1076,LUH_NMC_SIO,LUH_NMC_SIO/P002_1,36.27,0
EXT-01078,1077,LUH_NMC_SIO,LUH_NMC_SIO/P002_1,38.475,0
EXT-01079,1078,LUH_NMC_SIO,LUH_NMC_SIO/P002_1,40.678333333333335,0
EXT-01080,1079,LUH_NMC_SIO,LUH_NMC_SIO/P002_1,42.873333333333335,0
EXT-01081,1080,LUH_NMC_SIO,LUH_NMC_SIO/P002_1,45.06999999999999,0
EXT-01082,1081,LUH_NMC_SIO,LUH_NMC_SIO/P002_1,47.25833333333333,0
EXT-01083,1082,LUH_NMC_SIO,LUH_NMC_SIO/P002_1,49.44166666666666,0
EXT-01084,1083,LUH_NMC_SIO,LUH_NMC_SIO/P002_1,51.623333333333335,0
EXT-01085,1084,LUH_NMC_SIO,LUH_NMC_SIO/P002_2,13.495,0
EXT-01086,1085,LUH_NMC_SIO,LUH_NMC_SIO/P002_2,15.796666666666667,0
EXT-01087,1086,LUH_NMC_SIO,LUH_NMC_SIO/P002_2,18.09166666666667,0
EXT-01088,1087,LUH_NMC_SIO,LUH_NMC_SIO/P002_2,20.376666666666665,0
EXT-01089,1088,LUH_NMC_SIO,LUH_NMC_SIO/P002_2,22.653333333333336,0
EXT-01090,1089,LUH_NMC_SIO,LUH_NMC_SIO/P002_2,24.921666666666667,0
EXT-01091,1090,LUH_NMC_SIO,LUH_NMC_SIO/P002_2,27.185000000000002,0
EXT-01092,1091,LUH_NMC_SIO,LUH_NMC_SIO/P002_2,29.435000000000002,0
EXT-01093,1092,LUH_NMC_SIO,LUH_NMC_SIO/P002_2,31.685000000000002,0
EXT-01094,1093,LUH_NMC_SIO,LUH_NMC_SIO/P002_2,33.928333333333335,0
EXT-01095,1094,LUH_NMC_SIO,LUH_NMC_SIO/P002_2,36.165,0
EXT-01096,1095,LUH_NMC_SIO,LUH_NMC_SIO/P002_2,38.4,0
EXT-01097,1096,LUH_NMC_SIO,LUH_NMC_SIO/P002_2,40.625,0
EXT-01098,1097,LUH_NMC_SIO,LUH_NMC_SIO/P002_2,42.85,0
EXT-01099,1098,LUH_NMC_SIO,LUH_NMC_SIO/P002_2,45.06666666666666,0
EXT-01100,1099,LUH_NMC_SIO,LUH_NMC_SIO/P002_2,47.28,0
EXT-01101,1100,LUH_NMC_SIO,LUH_NMC_SIO/P002_2,49.49,0
EXT-01102,1101,LUH_NMC_SIO,LUH_NMC_SIO/P002_2,51.696666666666665,0
EXT-01103,1102,LUH_NMC_SIO,LUH_NMC_SIO/P002_3,13.533333333333331,0
EXT-01104,1103,LUH_NMC_SIO,LUH_NMC_SIO/P002_3,15.843333333333334,0
EXT-01105,1104,LUH_NMC_SIO,LUH_NMC_SIO/P002_3,18.143333333333334,0
EXT-01106,1105,LUH_NMC_SIO,LUH_NMC_SIO/P002_3,20.433333333333334,0
EXT-01107,1106,LUH_NMC_SIO,LUH_NMC_SIO/P002_3,22.72,0
EXT-01108,1107,LUH_NMC_SIO,LUH_NMC_SIO/P002_3,24.991666666666664,0
EXT-01109,1108,LUH_NMC_SIO,LUH_NMC_SIO/P002_3,27.25333333333333,0
EXT-01110,1109,LUH_NMC_SIO,LUH_NMC_SIO/P002_3,29.50666666666667,0
EXT-01111,1110,LUH_NMC_SIO,LUH_NMC_SIO/P002_3,31.75666666666667,0
EXT-01112,1111,LUH_NMC_SIO,LUH_NMC_SIO/P002_3,34.00333333333333,0
EXT-01113,1112,LUH_NMC_SIO,LUH_NMC_SIO/P002_3,36.245,0
EXT-01114,1113,LUH_NMC_SIO,LUH_NMC_SIO/P002_3,38.47833333333333,0
EXT-01115,1114,LUH_NMC_SIO,LUH_NMC_SIO/P002_3,40.71,0
EXT-01116,1115,LUH_NMC_SIO,LUH_NMC_SIO/P002_3,42.93333333333334,0
EXT-01117,1116,LUH_NMC_SIO,LUH_NMC_SIO/P002_3,45.15833333333334,0
EXT-01118,1117,LUH_NMC_SIO,LUH_NMC_SIO/P002_3,47.37166666666667,0
EXT-01119,1118,LUH_NMC_SIO,LUH_NMC_SIO/P002_3,49.57833333333334,0
EXT-01120,1119,LUH_NMC_SIO,LUH_NMC_SIO/P002_3,51.781666666666666,0
EXT-01121,1120,LUH_NMC_SIO,LUH_NMC_SIO/P003_1,15.288333333333334,0
EXT-01122,1121,LUH_NMC_SIO,LUH_NMC_SIO/P003_1,17.921666666666667,0
EXT-01123,1122,LUH_NMC_SIO,LUH_NMC_SIO/P003_1,20.54,0
EXT-01124,1123,LUH_NMC_SIO,LUH_NMC_SIO/P003_1,23.14833333333333,0
EXT-01125,1124,LUH_NMC_SIO,LUH_NMC_SIO/P003_1,25.745,0
EXT-01126,1125,LUH_NMC_SIO,LUH_NMC_SIO/P003_1,28.328333333333333,0
EXT-01127,1126,LUH_NMC_SIO,LUH_NMC_SIO/P003_1,30.901666666666667,0
EXT-01128,1127,LUH_NMC_SIO,LUH_NMC_SIO/P003_1,33.46333333333333,0
EXT-01129,1128,LUH_NMC_SIO,LUH_NMC_SIO/P003_1,36.025,0
EXT-01130,1129,LUH_NMC_SIO,LUH_NMC_SIO/P003_1,38.58,0
EXT-01131,1130,LUH_NMC_SIO,LUH_NMC_SIO/P003_1,41.125,0
EXT-01132,1131,LUH_NMC_SIO,LUH_NMC_SIO/P003_1,43.663333333333334,0
EXT-01133,1132,LUH_NMC_SIO,LUH_NMC_SIO/P003_1,46.19666666666666,0
EXT-01134,1133,LUH_NMC_SIO,LUH_NMC_SIO/P003_1,48.72833333333333,0
EXT-01135,1134,LUH_NMC_SIO,LUH_NMC_SIO/P003_1,51.251666666666665,0
EXT-01136,1135,LUH_NMC_SIO,LUH_NMC_SIO/P003_1,53.76666666666667,0
EXT-01137,1136,LUH_NMC_SIO,LUH_NMC_SIO/P003_1,56.276666666666664,0
EXT-01138,1137,LUH_NMC_SIO,LUH_NMC_SIO/P003_1,58.78,0
EXT-01139,1138,LUH_NMC_SIO,LUH_NMC_SIO/P003_2,15.766666666666666,0
EXT-01140,1139,LUH_NMC_SIO,LUH_NMC_SIO/P003_2,18.42,0
EXT-01141,1140,LUH_NMC_SIO,LUH_NMC_SIO/P003_2,21.061666666666667,0
EXT-01142,1141,LUH_NMC_SIO,LUH_NMC_SIO/P003_2,23.69333333333333,0
EXT-01143,1142,LUH_NMC_SIO,LUH_NMC_SIO/P003_2,26.313333333333333,0
EXT-01144,1143,LUH_NMC_SIO,LUH_NMC_SIO/P003_2,28.918333333333333,0
EXT-01145,1144,LUH_NMC_SIO,LUH_NMC_SIO/P003_2,31.518333333333334,0
EXT-01146,1145,LUH_NMC_SIO,LUH_NMC_SIO/P003_2,34.105,0
EXT-01147,1146,LUH_NMC_SIO,LUH_NMC_SIO/P003_2,36.69166666666667,0
EXT-01148,1147,LUH_NMC_SIO,LUH_NMC_SIO/P003_2,39.26666666666667,0
EXT-01149,1148,LUH_NMC_SIO,LUH_NMC_SIO/P003_2,41.83833333333333,0
EXT-01150,1149,LUH_NMC_SIO,LUH_NMC_SIO/P003_2,44.40166666666667,0
EXT-01151,1150,LUH_NMC_SIO,LUH_NMC_SIO/P003_2,46.96,0
EXT-01152,1151,LUH_NMC_SIO,LUH_NMC_SIO/P003_2,49.51166666666668,0
EXT-01153,1152,LUH_NMC_SIO,LUH_NMC_SIO/P003_2,52.056666666666665,0
EXT-01154,1153,LUH_NMC_SIO,LUH_NMC_SIO/P003_2,54.598333333333336,0
EXT-01155,1154,LUH_NMC_SIO,LUH_NMC_SIO/P003_2,57.13166666666666,0
EXT-01156,1155,LUH_NMC_SIO,LUH_NMC_SIO/P003_2,59.663333333333334,0
EXT-01157,1156,LUH_NMC_SIO,LUH_NMC_SIO/P003_3,15.816666666666668,0
EXT-01158,1157,LUH_NMC_SIO,LUH_NMC_SIO/P003_3,18.476666666666667,0
EXT-01159,1158,LUH_NMC_SIO,LUH_NMC_SIO/P003_3,21.125,0
EXT-01160,1159,LUH_NMC_SIO,LUH_NMC_SIO/P003_3,23.76,0
EXT-01161,1160,LUH_NMC_SIO,LUH_NMC_SIO/P003_3,26.388333333333332,0
EXT-01162,1161,LUH_NMC_SIO,LUH_NMC_SIO/P003_3,29.004999999999995,0
EXT-01163,1162,LUH_NMC_SIO,LUH_NMC_SIO/P003_3,31.608333333333334,0
EXT-01164,1163,LUH_NMC_SIO,LUH_NMC_SIO/P003_3,34.20333333333333,0
EXT-01165,1164,LUH_NMC_SIO,LUH_NMC_SIO/P003_3,36.791666666666664,0
EXT-01166,1165,LUH_NMC_SIO,LUH_NMC_SIO/P003_3,39.375,0
EXT-01167,1166,LUH_NMC_SIO,LUH_NMC_SIO/P003_3,41.95166666666667,0
EXT-01168,1167,LUH_NMC_SIO,LUH_NMC_SIO/P003_3,44.52166666666667,0
EXT-01169,1168,LUH_NMC_SIO,LUH_NMC_SIO/P003_3,47.08833333333333,0
EXT-01170,1169,LUH_NMC_SIO,LUH_NMC_SIO/P003_3,49.64666666666667,0
EXT-01171,1170,LUH_NMC_SIO,LUH_NMC_SIO/P003_3,52.199999999999996,0
EXT-01172,1171,LUH_NMC_SIO,LUH_NMC_SIO/P003_3,54.74333333333334,0
EXT-01173,1172,LUH_NMC_SIO,LUH_NMC_SIO/P003_3,57.28333333333333,0
EXT-01174,1173,LUH_NMC_SIO,LUH_NMC_SIO/P003_3,59.81666666666666,0
EXT-01175,1174,LUH_NMC_SIO,LUH_NMC_SIO/P004_1,16.013333333333332,0
EXT-01176,1175,LUH_NMC_SIO,LUH_NMC_SIO/P004_1,18.768333333333334,0
EXT-01177,1176,LUH_NMC_SIO,LUH_NMC_SIO/P004_1,21.513333333333332,0
EXT-01178,1177,LUH_NMC_SIO,LUH_NMC_SIO/P004_1,24.248333333333335,0
EXT-01179,1178,LUH_NMC_SIO,LUH_NMC_SIO/P004_1,26.968333333333334,0
EXT-01180,1179,LUH_NMC_SIO,LUH_NMC_SIO/P004_1,29.67833333333333,0
EXT-01181,1180,LUH_NMC_SIO,LUH_NMC_SIO/P004_1,32.379999999999995,0
EXT-01182,1181,LUH_NMC_SIO,LUH_NMC_SIO/P004_1,35.071666666666665,0
EXT-01183,1182,LUH_NMC_SIO,LUH_NMC_SIO/P004_1,37.75666666666667,0
EXT-01184,1183,LUH_NMC_SIO,LUH_NMC_SIO/P004_1,40.435,0
EXT-01185,1184,LUH_NMC_SIO,LUH_NMC_SIO/P004_1,43.105,0
EXT-01186,1185,LUH_NMC_SIO,LUH_NMC_SIO/P004_1,45.77,0
EXT-01187,1186,LUH_NMC_SIO,LUH_NMC_SIO/P004_1,48.42666666666667,0
EXT-01188,1187,LUH_NMC_SIO,LUH_NMC_SIO/P004_1,51.080000000000005,0
EXT-01189,1188,LUH_NMC_SIO,LUH_NMC_SIO/P004_1,53.73,0
EXT-01190,1189,LUH_NMC_SIO,LUH_NMC_SIO/P004_1,56.370000000000005,0
EXT-01191,1190,LUH_NMC_SIO,LUH_NMC_SIO/P004_1,59.00333333333333,0
EXT-01192,1191,LUH_NMC_SIO,LUH_NMC_SIO/P004_1,61.63833333333334,0
EXT-01193,1192,LUH_NMC_SIO,LUH_NMC_SIO/P004_2,16.081666666666667,0
EXT-01194,1193,LUH_NMC_SIO,LUH_NMC_SIO/P004_2,18.856666666666666,0
EXT-01195,1194,LUH_NMC_SIO,LUH_NMC_SIO/P004_2,21.62166666666667,0
EXT-01196,1195,LUH_NMC_SIO,LUH_NMC_SIO/P004_2,24.375,0
EXT-01197,1196,LUH_NMC_SIO,LUH_NMC_SIO/P004_2,27.11833333333333,0
EXT-01198,1197,LUH_NMC_SIO,LUH_NMC_SIO/P004_2,29.849999999999998,0
EXT-01199,1198,LUH_NMC_SIO,LUH_NMC_SIO/P004_2,32.57,0
EXT-01200,1199,LUH_NMC_SIO,LUH_NMC_SIO/P004_2,35.281666666666666,0
EXT-01201,1200,LUH_NMC_SIO,LUH_NMC_SIO/P004_2,37.99666666666666,0
EXT-01202,1201,LUH_NMC_SIO,LUH_NMC_SIO/P004_2,40.696666666666665,0
EXT-01203,1202,LUH_NMC_SIO,LUH_NMC_SIO/P004_2,43.38833333333334,0
EXT-01204,1203,LUH_NMC_SIO,LUH_NMC_SIO/P004_2,46.07333333333333,0
EXT-01205,1204,LUH_NMC_SIO,LUH_NMC_SIO/P004_2,48.754999999999995,0
EXT-01206,1205,LUH_NMC_SIO,LUH_NMC_SIO/P004_2,51.43333333333334,0
EXT-01207,1206,LUH_NMC_SIO,LUH_NMC_SIO/P004_2,54.105,0
EXT-01208,1207,LUH_NMC_SIO,LUH_NMC_SIO/P004_2,56.77,0
EXT-01209,1208,LUH_NMC_SIO,LUH_NMC_SIO/P004_2,59.43000000000001,0
EXT-01210,1209,LUH_NMC_SIO,LUH_NMC_SIO/P004_2,62.083333333333336,0
EXT-01211,1210,LUH_NMC_SIO,LUH_NMC_SIO/P004_3,16.496666666666666,0
EXT-01212,1211,LUH_NMC_SIO,LUH_NMC_SIO/P004_3,19.265,0
EXT-01213,1212,LUH_NMC_SIO,LUH_NMC_SIO/P004_3,22.02,0
EXT-01214,1213,LUH_NMC_SIO,LUH_NMC_SIO/P004_3,24.768333333333334,0
EXT-01215,1214,LUH_NMC_SIO,LUH_NMC_SIO/P004_3,27.505,0
EXT-01216,1215,LUH_NMC_SIO,LUH_NMC_SIO/P004_3,30.22666666666667,0
EXT-01217,1216,LUH_NMC_SIO,LUH_NMC_SIO/P004_3,32.94,0
EXT-01218,1217,LUH_NMC_SIO,LUH_NMC_SIO/P004_3,35.64333333333334,0
EXT-01219,1218,LUH_NMC_SIO,LUH_NMC_SIO/P004_3,38.34166666666667,0
EXT-01220,1219,LUH_NMC_SIO,LUH_NMC_SIO/P004_3,41.031666666666666,0
EXT-01221,1220,LUH_NMC_SIO,LUH_NMC_SIO/P004_3,43.72,0
EXT-01222,1221,LUH_NMC_SIO,LUH_NMC_SIO/P004_3,46.4,0
EXT-01223,1222,LUH_NMC_SIO,LUH_NMC_SIO/P004_3,49.07166666666666,0
EXT-01224,1223,LUH_NMC_SIO,LUH_NMC_SIO/P004_3,51.741666666666674,0
EXT-01225,1224,LUH_NMC_SIO,LUH_NMC_SIO/P004_3,54.40833333333334,0
EXT-01226,1225,LUH_NMC_SIO,LUH_NMC_SIO/P004_3,57.06666666666666,0
EXT-01227,1226,LUH_NMC_SIO,LUH_NMC_SIO/P004_3,59.72166666666667,0
EXT-01228,1227,LUH_NMC_SIO,LUH_NMC_SIO/P004_3,62.370000000000005,0
EXT-01229,1228,LUH_NMC_SIO,LUH_NMC_SIO/P005_1,11.628333333333336,0
EXT-01230,1229,LUH_NMC_SIO,LUH_NMC_SIO/P005_1,13.555,0
EXT-01231,1230,LUH_NMC_SIO,LUH_NMC_SIO/P005_1,15.476666666666667,0
EXT-01232,1231,LUH_NMC_SIO,LUH_NMC_SIO/P005_1,17.39,0
EXT-01233,1232,LUH_NMC_SIO,LUH_NMC_SIO/P005_1,19.296666666666667,0
EXT-01234,1233,LUH_NMC_SIO,LUH_NMC_SIO/P005_1,21.2,0
EXT-01235,1234,LUH_NMC_SIO,LUH_NMC_SIO/P005_1,23.095,0
EXT-01236,1235,LUH_NMC_SIO,LUH_NMC_SIO/P005_1,24.985000000000003,0
EXT-01237,1236,LUH_NMC_SIO,LUH_NMC_SIO/P005_1,26.87,0
EXT-01238,1237,LUH_NMC_SIO,LUH_NMC_SIO/P005_1,28.75,0
EXT-01239,1238,LUH_NMC_SIO,LUH_NMC_SIO/P005_1,30.626666666666665,0
EXT-01240,1239,LUH_NMC_SIO,LUH_NMC_SIO/P005_1,32.49666666666667,0
EXT-01241,1240,LUH_NMC_SIO,LUH_NMC_SIO/P005_1,34.36333333333334,0
EXT-01242,1241,LUH_NMC_SIO,LUH_NMC_SIO/P005_1,36.225,0
EXT-01243,1242,LUH_NMC_SIO,LUH_NMC_SIO/P005_1,38.083333333333336,0
EXT-01244,1243,LUH_NMC_SIO,LUH_NMC_SIO/P005_1,39.94,0
EXT-01245,1244,LUH_NMC_SIO,LUH_NMC_SIO/P005_1,41.79333333333333,0
EXT-01246,1245,LUH_NMC_SIO,LUH_NMC_SIO/P005_1,43.64166666666667,0
EXT-01247,1246,LUH_NMC_SIO,LUH_NMC_SIO/P005_2,11.606666666666667,0
EXT-01248,1247,LUH_NMC_SIO,LUH_NMC_SIO/P005_2,13.531666666666666,0
EXT-01249,1248,LUH_NMC_SIO,LUH_NMC_SIO/P005_2,15.450000000000001,0
EXT-01250,1249,LUH_NMC_SIO,LUH_NMC_SIO/P005_2,17.363333333333333,0
EXT-01251,1250,LUH_NMC_SIO,LUH_NMC_SIO/P005_2,19.268333333333334,0
EXT-01252,1251,LUH_NMC_SIO,LUH_NMC_SIO/P005_2,21.165000000000003,0
EXT-01253,1252,LUH_NMC_SIO,LUH_NMC_SIO/P005_2,23.058333333333334,0
EXT-01254,1253,LUH_NMC_SIO,LUH_NMC_SIO/P005_2,24.94666666666667,0
EXT-01255,1254,LUH_NMC_SIO,LUH_NMC_SIO/P005_2,26.826666666666668,0
EXT-01256,1255,LUH_NMC_SIO,LUH_NMC_SIO/P005_2,28.703333333333333,0
EXT-01257,1256,LUH_NMC_SIO,LUH_NMC_SIO/P005_2,30.576666666666664,0
EXT-01258,1257,LUH_NMC_SIO,LUH_NMC_SIO/P005_2,32.445,0
EXT-01259,1258,LUH_NMC_SIO,LUH_NMC_SIO/P005_2,34.30833333333334,0
EXT-01260,1259,LUH_NMC_SIO,LUH_NMC_SIO/P005_2,36.16833333333333,0
EXT-01261,1260,LUH_NMC_SIO,LUH_NMC_SIO/P005_2,38.026666666666664,0
EXT-01262,1261,LUH_NMC_SIO,LUH_NMC_SIO/P005_2,39.88166666666667,0
EXT-01263,1262,LUH_NMC_SIO,LUH_NMC_SIO/P005_2,41.72833333333333,0
EXT-01264,1263,LUH_NMC_SIO,LUH_NMC_SIO/P005_2,43.57500000000001,0
EXT-01265,1264,LUH_NMC_SIO,LUH_NMC_SIO/P005_3,11.725,0
EXT-01266,1265,LUH_NMC_SIO,LUH_NMC_SIO/P005_3,13.658333333333333,0
EXT-01267,1266,LUH_NMC_SIO,LUH_NMC_SIO/P005_3,15.584999999999999,0
EXT-01268,1267,LUH_NMC_SIO,LUH_NMC_SIO/P005_3,17.505,0
EXT-01269,1268,LUH_NMC_SIO,LUH_NMC_SIO/P005_3,19.421666666666667,0
EXT-01270,1269,LUH_NMC_SIO,LUH_NMC_SIO/P005_3,21.331666666666667,0
EXT-01271,1270,LUH_NMC_SIO,LUH_NMC_SIO/P005_3,23.235,0
EXT-01272,1271,LUH_NMC_SIO,LUH_NMC_SIO/P005_3,25.133333333333336,0
EXT-01273,1272,LUH_NMC_SIO,LUH_NMC_SIO/P005_3,27.028333333333336,0
EXT-01274,1273,LUH_NMC_SIO,LUH_NMC_SIO/P005_3,28.916666666666668,0
EXT-01275,1274,LUH_NMC_SIO,LUH_NMC_SIO/P005_3,30.8,0
EXT-01276,1275,LUH_NMC_SIO,LUH_NMC_SIO/P005_3,32.68666666666667,0
EXT-01277,1276,LUH_NMC_SIO,LUH_NMC_SIO/P005_3,34.56333333333333,0
EXT-01278,1277,LUH_NMC_SIO,LUH_NMC_SIO/P005_3,36.435,0
EXT-01279,1278,LUH_NMC_SIO,LUH_NMC_SIO/P005_3,38.306666666666665,0
EXT-01280,1279,LUH_NMC_SIO,LUH_NMC_SIO/P005_3,40.17166666666666,0
EXT-01281,1280,LUH_NMC_SIO,LUH_NMC_SIO/P005_3,42.03333333333333,0
EXT-01282,1281,LUH_NMC_SIO,LUH_NMC_SIO/P005_3,43.89166666666667,0
EXT-01283,1282,LUH_NMC_SIO,LUH_NMC_SIO/P006_1,13.941666666666668,0
EXT-01284,1283,LUH_NMC_SIO,LUH_NMC_SIO/P006_1,16.238333333333333,0
EXT-01285,1284,LUH_NMC_SIO,LUH_NMC_SIO/P006_1,18.523333333333333,0
EXT-01286,1285,LUH_NMC_SIO,LUH_NMC_SIO/P006_1,20.80333333333333,0
EXT-01287,1286,LUH_NMC_SIO,LUH_NMC_SIO/P006_1,23.07166666666667,0
EXT-01288,1287,LUH_NMC_SIO,LUH_NMC_SIO/P006_1,25.333333333333332,0
EXT-01289,1288,LUH_NMC_SIO,LUH_NMC_SIO/P006_1,27.584999999999997,0
EXT-01290,1289,LUH_NMC_SIO,LUH_NMC_SIO/P006_1,29.826666666666668,0
EXT-01291,1290,LUH_NMC_SIO,LUH_NMC_SIO/P006_1,31.625,0
EXT-01292,1291,LUH_NMC_SIO,LUH_NMC_SIO/P006_1,33.855,0
EXT-01293,1292,LUH_NMC_SIO,LUH_NMC_SIO/P006_1,36.083333333333336,0
EXT-01294,1293,LUH_NMC_SIO,LUH_NMC_SIO/P006_1,38.305,0
EXT-01295,1294,LUH_NMC_SIO,LUH_NMC_SIO/P006_1,40.52,0
EXT-01296,1295,LUH_NMC_SIO,LUH_NMC_SIO/P006_1,42.73,0
EXT-01297,1296,LUH_NMC_SIO,LUH_NMC_SIO/P006_1,44.93666666666667,0
EXT-01298,1297,LUH_NMC_SIO,LUH_NMC_SIO/P006_1,47.13999999999999,0
EXT-01299,1298,LUH_NMC_SIO,LUH_NMC_SIO/P006_1,49.335,0
EXT-01300,1299,LUH_NMC_SIO,LUH_NMC_SIO/P006_1,51.52833333333333,0
EXT-01301,1300,LUH_NMC_SIO,LUH_NMC_SIO/P006_2,13.506666666666666,0
EXT-01302,1301,LUH_NMC_SIO,LUH_NMC_SIO/P006_2,15.798333333333332,0
EXT-01303,1302,LUH_NMC_SIO,LUH_NMC_SIO/P006_2,18.078333333333333,0
EXT-01304,1303,LUH_NMC_SIO,LUH_NMC_SIO/P006_2,20.351666666666667,0
EXT-01305,1304,LUH_NMC_SIO,LUH_NMC_SIO/P006_2,22.615,0
EXT-01306,1305,LUH_NMC_SIO,LUH_NMC_SIO/P006_2,24.87,0
EXT-01307,1306,LUH_NMC_SIO,LUH_NMC_SIO/P006_2,27.111666666666668,0
EXT-01308,1307,LUH_NMC_SIO,LUH_NMC_SIO/P006_2,29.346666666666664,0
EXT-01309,1308,LUH_NMC_SIO,LUH_NMC_SIO/P006_2,31.578333333333333,0
EXT-01310,1309,LUH_NMC_SIO,LUH_NMC_SIO/P006_2,33.805,0
EXT-01311,1310,LUH_NMC_SIO,LUH_NMC_SIO/P006_2,36.02333333333333,0
EXT-01312,1311,LUH_NMC_SIO,LUH_NMC_SIO/P006_2,38.23666666666667,0
EXT-01313,1312,LUH_NMC_SIO,LUH_NMC_SIO/P006_2,40.446666666666665,0
EXT-01314,1313,LUH_NMC_SIO,LUH_NMC_SIO/P006_2,42.65,0
EXT-01315,1314,LUH_NMC_SIO,LUH_NMC_SIO/P006_2,44.85,0
EXT-01316,1315,LUH_NMC_SIO,LUH_NMC_SIO/P006_2,47.04333333333333,0
EXT-01317,1316,LUH_NMC_SIO,LUH_NMC_SIO/P006_2,49.23166666666666,0
EXT-01318,1317,LUH_NMC_SIO,LUH_NMC_SIO/P006_2,51.415,0
EXT-01319,1318,LUH_NMC_SIO,LUH_NMC_SIO/P006_3,13.548333333333332,0
EXT-01320,1319,LUH_NMC_SIO,LUH_NMC_SIO/P006_3,15.851666666666667,0
EXT-01321,1320,LUH_NMC_SIO,LUH_NMC_SIO/P006_3,18.148333333333333,0
EXT-01322,1321,LUH_NMC_SIO,LUH_NMC_SIO/P006_3,20.435,0
EXT-01323,1322,LUH_NMC_SIO,LUH_NMC_SIO/P006_3,22.71166666666667,0
EXT-01324,1323,LUH_NMC_SIO,LUH_NMC_SIO/P006_3,24.98,0
EXT-01325,1324,LUH_NMC_SIO,LUH_NMC_SIO/P006_3,27.236666666666668,0
EXT-01326,1325,LUH_NMC_SIO,LUH_NMC_SIO/P006_3,29.483333333333334,0
EXT-01327,1326,LUH_NMC_SIO,LUH_NMC_SIO/P006_3,31.73,0
EXT-01328,1327,LUH_NMC_SIO,LUH_NMC_SIO/P006_3,33.968333333333334,0
EXT-01329,1328,LUH_NMC_SIO,LUH_NMC_SIO/P006_3,36.20166666666667,0
EXT-01330,1329,LUH_NMC_SIO,LUH_NMC_SIO/P006_3,38.43,0
EXT-01331,1330,LUH_NMC_SIO,LUH_NMC_SIO/P006_3,40.65166666666667,0
EXT-01332,1331,LUH_NMC_SIO,LUH_NMC_SIO/P006_3,42.86833333333334,0
EXT-01333,1332,LUH_NMC_SIO,LUH_NMC_SIO/P006_3,45.076666666666675,0
EXT-01334,1333,LUH_NMC_SIO,LUH_NMC_SIO/P006_3,47.28333333333333,0
EXT-01335,1334,LUH_NMC_SIO,LUH_NMC_SIO/P006_3,49.48499999999999,0
EXT-01336,1335,LUH_NMC_SIO,LUH_NMC_SIO/P006_3,51.68166666666667,0
EXT-01337,1336,LUH_NMC_SIO,LUH_NMC_SIO/P007_1,15.714999999999998,0
EXT-01338,1337,LUH_NMC_SIO,LUH_NMC_SIO/P007_1,18.353333333333335,0
EXT-01339,1338,LUH_NMC_SIO,LUH_NMC_SIO/P007_1,20.974999999999998,0
EXT-01340,1339,LUH_NMC_SIO,LUH_NMC_SIO/P007_1,23.58666666666667,0
EXT-01341,1340,LUH_NMC_SIO,LUH_NMC_SIO/P007_1,26.188333333333333,0
EXT-01342,1341,LUH_NMC_SIO,LUH_NMC_SIO/P007_1,28.78,0
EXT-01343,1342,LUH_NMC_SIO,LUH_NMC_SIO/P007_1,31.360000000000003,0
EXT-01344,1343,LUH_NMC_SIO,LUH_NMC_SIO/P007_1,33.931666666666665,0
EXT-01345,1344,LUH_NMC_SIO,LUH_NMC_SIO/P007_1,35.725,0
EXT-01346,1345,LUH_NMC_SIO,LUH_NMC_SIO/P007_1,38.28333333333333,0
EXT-01347,1346,LUH_NMC_SIO,LUH_NMC_SIO/P007_1,40.83833333333333,0
EXT-01348,1347,LUH_NMC_SIO,LUH_NMC_SIO/P007_1,43.38333333333333,0
EXT-01349,1348,LUH_NMC_SIO,LUH_NMC_SIO/P007_1,45.92166666666666,0
EXT-01350,1349,LUH_NMC_SIO,LUH_NMC_SIO/P007_1,48.451666666666675,0
EXT-01351,1350,LUH_NMC_SIO,LUH_NMC_SIO/P007_1,50.97833333333333,0
EXT-01352,1351,LUH_NMC_SIO,LUH_NMC_SIO/P007_1,53.5,0
EXT-01353,1352,LUH_NMC_SIO,LUH_NMC_SIO/P007_1,56.01500000000001,0
EXT-01354,1353,LUH_NMC_SIO,LUH_NMC_SIO/P007_1,58.52833333333333,0
EXT-01355,1354,LUH_NMC_SIO,LUH_NMC_SIO/P007_2,15.425000000000002,0
EXT-01356,1355,LUH_NMC_SIO,LUH_NMC_SIO/P007_2,18.084999999999997,0
EXT-01357,1356,LUH_NMC_SIO,LUH_NMC_SIO/P007_2,20.733333333333334,0
EXT-01358,1357,LUH_NMC_SIO,LUH_NMC_SIO/P007_2,23.37166666666667,0
EXT-01359,1358,LUH_NMC_SIO,LUH_NMC_SIO/P007_2,25.995,0
EXT-01360,1359,LUH_NMC_SIO,LUH_NMC_SIO/P007_2,28.610000000000003,0
EXT-01361,1360,LUH_NMC_SIO,LUH_NMC_SIO/P007_2,31.21666666666667,0
EXT-01362,1361,LUH_NMC_SIO,LUH_NMC_SIO/P007_2,33.81333333333333,0
EXT-01363,1362,LUH_NMC_SIO,LUH_NMC_SIO/P007_2,36.405,0
EXT-01364,1363,LUH_NMC_SIO,LUH_NMC_SIO/P007_2,38.985,0
EXT-01365,1364,LUH_NMC_SIO,LUH_NMC_SIO/P007_2,41.56,0
EXT-01366,1365,LUH_NMC_SIO,LUH_NMC_SIO/P007_2,44.126666666666665,0
EXT-01367,1366,LUH_NMC_SIO,LUH_NMC_SIO/P007_2,46.68833333333333,0
EXT-01368,1367,LUH_NMC_SIO,LUH_NMC_SIO/P007_2,49.245000000000005,0
EXT-01369,1368,LUH_NMC_SIO,LUH_NMC_SIO/P007_2,51.791666666666664,0
EXT-01370,1369,LUH_NMC_SIO,LUH_NMC_SIO/P007_2,54.336666666666666,0
EXT-01371,1370,LUH_NMC_SIO,LUH_NMC_SIO/P007_2,56.875,0
EXT-01372,1371,LUH_NMC_SIO,LUH_NMC_SIO/P007_2,59.410000000000004,0
EXT-01373,1372,LUH_NMC_SIO,LUH_NMC_SIO/P007_3,15.344999999999999,0
EXT-01374,1373,LUH_NMC_SIO,LUH_NMC_SIO/P007_3,17.99,0
EXT-01375,1374,LUH_NMC_SIO,LUH_NMC_SIO/P007_3,20.62666666666667,0
EXT-01376,1375,LUH_NMC_SIO,LUH_NMC_SIO/P007_3,23.248333333333335,0
EXT-01377,1376,LUH_NMC_SIO,LUH_NMC_SIO/P007_3,25.86,0
EXT-01378,1377,LUH_NMC_SIO,LUH_NMC_SIO/P007_3,28.463333333333335,0
EXT-01379,1378,LUH_NMC_SIO,LUH_NMC_SIO/P007_3,31.058333333333334,0
EXT-01380,1379,LUH_NMC_SIO,LUH_NMC_SIO/P007_3,33.638333333333335,0
EXT-01381,1380,LUH_NMC_SIO,LUH_NMC_SIO/P007_3,36.22,0
EXT-01382,1381,LUH_NMC_SIO,LUH_NMC_SIO/P007_3,38.79,0
EXT-01383,1382,LUH_NMC_SIO,LUH_NMC_SIO/P007_3,41.355,0
EXT-01384,1383,LUH_NMC_SIO,LUH_NMC_SIO/P007_3,43.916666666666664,0
EXT-01385,1384,LUH_NMC_SIO,LUH_NMC_SIO/P007_3,46.464999999999996,0
EXT-01386,1385,LUH_NMC_SIO,LUH_NMC_SIO/P007_3,49.01333333333334,0
EXT-01387,1386,LUH_NMC_SIO,LUH_NMC_SIO/P007_3,51.55666666666667,0
EXT-01388,1387,LUH_NMC_SIO,LUH_NMC_SIO/P007_3,54.08833333333333,0
EXT-01389,1388,LUH_NMC_SIO,LUH_NMC_SIO/P007_3,56.61666666666667,0
EXT-01390,1389,LUH_NMC_SIO,LUH_NMC_SIO/P007_3,59.14000000000001,0
EXT-01391,1390,LUH_NMC_SIO,LUH_NMC_SIO/P008_1,16.036666666666665,0
EXT-01392,1391,LUH_NMC_SIO,LUH_NMC_SIO/P008_1,18.793333333333333,0
EXT-01393,1392,LUH_NMC_SIO,LUH_NMC_SIO/P008_1,21.536666666666665,0
EXT-01394,1393,LUH_NMC_SIO,LUH_NMC_SIO/P008_1,24.268333333333334,0
EXT-01395,1394,LUH_NMC_SIO,LUH_NMC_SIO/P008_1,26.988333333333333,0
EXT-01396,1395,LUH_NMC_SIO,LUH_NMC_SIO/P008_1,29.698333333333334,0
EXT-01397,1396,LUH_NMC_SIO,LUH_NMC_SIO/P008_1,32.39666666666667,0
EXT-01398,1397,LUH_NMC_SIO,LUH_NMC_SIO/P008_1,35.086666666666666,0
EXT-01399,1398,LUH_NMC_SIO,LUH_NMC_SIO/P008_1,37.77,0
EXT-01400,1399,LUH_NMC_SIO,LUH_NMC_SIO/P008_1,40.445,0
EXT-01401,1400,LUH_NMC_SIO,LUH_NMC_SIO/P008_1,43.11333333333334,0
EXT-01402,1401,LUH_NMC_SIO,LUH_NMC_SIO/P008_1,45.775,0
EXT-01403,1402,LUH_NMC_SIO,LUH_NMC_SIO/P008_1,48.42666666666667,0
EXT-01404,1403,LUH_NMC_SIO,LUH_NMC_SIO/P008_1,51.076666666666675,0
EXT-01405,1404,LUH_NMC_SIO,LUH_NMC_SIO/P008_1,53.72,0
EXT-01406,1405,LUH_NMC_SIO,LUH_NMC_SIO/P008_1,56.35666666666666,0
EXT-01407,1406,LUH_NMC_SIO,LUH_NMC_SIO/P008_1,58.98833333333334,0
EXT-01408,1407,LUH_NMC_SIO,LUH_NMC_SIO/P008_1,61.61666666666667,0
EXT-01409,1408,LUH_NMC_SIO,LUH_NMC_SIO/P008_2,15.986666666666666,0
EXT-01410,1409,LUH_NMC_SIO,LUH_NMC_SIO/P008_2,18.743333333333336,0
EXT-01411,1410,LUH_NMC_SIO,LUH_NMC_SIO/P008_2,21.485,0
EXT-01412,1411,LUH_NMC_SIO,LUH_NMC_SIO/P008_2,24.21166666666667,0
EXT-01413,1412,LUH_NMC_SIO,LUH_NMC_SIO/P008_2,26.92833333333333,0
EXT-01414,1413,LUH_NMC_SIO,LUH_NMC_SIO/P008_2,29.63,0
EXT-01415,1414,LUH_NMC_SIO,LUH_NMC_SIO/P008_2,32.324999999999996,0
EXT-01416,1415,LUH_NMC_SIO,LUH_NMC_SIO/P008_2,35.00833333333333,0
EXT-01417,1416,LUH_NMC_SIO,LUH_NMC_SIO/P008_2,37.68666666666667,0
EXT-01418,1417,LUH_NMC_SIO,LUH_NMC_SIO/P008_2,40.35666666666666,0
EXT-01419,1418,LUH_NMC_SIO,LUH_NMC_SIO/P008_2,43.02,0
EXT-01420,1419,LUH_NMC_SIO,LUH_NMC_SIO/P008_2,45.67666666666667,0
EXT-01421,1420,LUH_NMC_SIO,LUH_NMC_SIO/P008_2,48.324999999999996,0
EXT-01422,1421,LUH_NMC_SIO,LUH_NMC_SIO/P008_2,50.970000000000006,0
EXT-01423,1422,LUH_NMC_SIO,LUH_NMC_SIO/P008_2,53.60833333333333,0
EXT-01424,1423,LUH_NMC_SIO,LUH_NMC_SIO/P008_2,56.24,0
EXT-01425,1424,LUH_NMC_SIO,LUH_NMC_SIO/P008_2,58.866666666666674,0
EXT-01426,1425,LUH_NMC_SIO,LUH_NMC_SIO/P008_2,61.49,0
EXT-01427,1426,LUH_NMC_SIO,LUH_NMC_SIO/P008_3,16.026666666666667,0
EXT-01428,1427,LUH_NMC_SIO,LUH_NMC_SIO/P008_3,18.781666666666666,0
EXT-01429,1428,LUH_NMC_SIO,LUH_NMC_SIO/P008_3,21.521666666666665,0
EXT-01430,1429,LUH_NMC_SIO,LUH_NMC_SIO/P008_3,24.251666666666665,0
EXT-01431,1430,LUH_NMC_SIO,LUH_NMC_SIO/P008_3,26.97,0
EXT-01432,1431,LUH_NMC_SIO,LUH_NMC_SIO/P008_3,29.675,0
EXT-01433,1432,LUH_NMC_SIO,LUH_NMC_SIO/P008_3,32.37,0
EXT-01434,1433,LUH_NMC_SIO,LUH_NMC_SIO/P008_3,35.055,0
EXT-01435,1434,LUH_NMC_SIO,LUH_NMC_SIO/P008_3,37.735,0
EXT-01436,1435,LUH_NMC_SIO,LUH_NMC_SIO/P008_3,40.40833333333333,0
EXT-01437,1436,LUH_NMC_SIO,LUH_NMC_SIO/P008_3,43.07333333333333,0
EXT-01438,1437,LUH_NMC_SIO,LUH_NMC_SIO/P008_3,45.73,0
EXT-01439,1438,LUH_NMC_SIO,LUH_NMC_SIO/P008_3,48.379999999999995,0
EXT-01440,1439,LUH_NMC_SIO,LUH_NMC_SIO/P008_3,51.026666666666664,0
EXT-01441,1440,LUH_NMC_SIO,LUH_NMC_SIO/P008_3,53.665,0
EXT-01442,1441,LUH_NMC_SIO,LUH_NMC_SIO/P008_3,56.298333333333325,0
EXT-01443,1442,LUH_NMC_SIO,LUH_NMC_SIO/P008_3,58.92499999999999,0
EXT-01444,1443,LUH_NMC_SIO,LUH_NMC_SIO/P008_3,61.54833333333334,0
EXT-01445,1444,LUH_NMC_SIO,LUH_NMC_SIO/P009_1,11.808333333333332,0
EXT-01446,1445,LUH_NMC_SIO,LUH_NMC_SIO/P009_1,13.758333333333333,0
EXT-01447,1446,LUH_NMC_SIO,LUH_NMC_SIO/P009_1,15.704999999999998,0
EXT-01448,1447,LUH_NMC_SIO,LUH_NMC_SIO/P009_1,17.641666666666666,0
EXT-01449,1448,LUH_NMC_SIO,LUH_NMC_SIO/P009_1,19.57166666666667,0
EXT-01450,1449,LUH_NMC_SIO,LUH_NMC_SIO/P009_1,21.495,0
EXT-01451,1450,LUH_NMC_SIO,LUH_NMC_SIO/P009_1,23.413333333333338,0
EXT-01452,1451,LUH_NMC_SIO,LUH_NMC_SIO/P009_1,25.325,0
EXT-01453,1452,LUH_NMC_SIO,LUH_NMC_SIO/P009_1,27.233333333333334,0
EXT-01454,1453,LUH_NMC_SIO,LUH_NMC_SIO/P009_1,29.136666666666667,0
EXT-01455,1454,LUH_NMC_SIO,LUH_NMC_SIO/P009_1,31.038333333333338,0
EXT-01456,1455,LUH_NMC_SIO,LUH_NMC_SIO/P009_1,32.931666666666665,0
EXT-01457,1456,LUH_NMC_SIO,LUH_NMC_SIO/P009_1,34.82,0
EXT-01458,1457,LUH_NMC_SIO,LUH_NMC_SIO/P009_1,36.70666666666667,0
EXT-01459,1458,LUH_NMC_SIO,LUH_NMC_SIO/P009_1,38.58833333333333,0
EXT-01460,1459,LUH_NMC_SIO,LUH_NMC_SIO/P009_1,40.468333333333334,0
EXT-01461,1460,LUH_NMC_SIO,LUH_NMC_SIO/P009_1,42.343333333333334,0
EXT-01462,1461,LUH_NMC_SIO,LUH_NMC_SIO/P009_1,44.21666666666667,0
EXT-01463,1462,LUH_NMC_SIO,LUH_NMC_SIO/P009_2,11.65,0
EXT-01464,1463,LUH_NMC_SIO,LUH_NMC_SIO/P009_2,13.578333333333333,0
EXT-01465,1464,LUH_NMC_SIO,LUH_NMC_SIO/P009_2,15.498333333333335,0
EXT-01466,1465,LUH_NMC_SIO,LUH_NMC_SIO/P009_2,17.411666666666665,0
EXT-01467,1466,LUH_NMC_SIO,LUH_NMC_SIO/P009_2,19.316666666666666,0
EXT-01468,1467,LUH_NMC_SIO,LUH_NMC_SIO/P009_2,21.213333333333335,0
EXT-01469,1468,LUH_NMC_SIO,LUH_NMC_SIO/P009_2,23.103333333333335,0
EXT-01470,1469,LUH_NMC_SIO,LUH_NMC_SIO/P009_2,24.99,0
EXT-01471,1470,LUH_NMC_SIO,LUH_NMC_SIO/P009_2,26.87,0
EXT-01472,1471,LUH_NMC_SIO,LUH_NMC_SIO/P009_2,28.74333333333333,0
EXT-01473,1472,LUH_NMC_SIO,LUH_NMC_SIO/P009_2,30.615,0
EXT-01474,1473,LUH_NMC_SIO,LUH_NMC_SIO/P009_2,32.48,0
EXT-01475,1474,LUH_NMC_SIO,LUH_NMC_SIO/P009_2,34.34166666666667,0
EXT-01476,1475,LUH_NMC_SIO,LUH_NMC_SIO/P009_2,36.196666666666665,0
EXT-01477,1476,LUH_NMC_SIO,LUH_NMC_SIO/P009_2,38.050000000000004,0
EXT-01478,1477,LUH_NMC_SIO,LUH_NMC_SIO/P009_2,39.901666666666664,0
EXT-01479,1478,LUH_NMC_SIO,LUH_NMC_SIO/P009_2,41.75,0
EXT-01480,1479,LUH_NMC_SIO,LUH_NMC_SIO/P009_2,43.593333333333334,0
EXT-01481,1480,LUH_NMC_SIO,LUH_NMC_SIO/P009_3,12.116666666666665,0
EXT-01482,1481,LUH_NMC_SIO,LUH_NMC_SIO/P009_3,14.056666666666667,0
EXT-01483,1482,LUH_NMC_SIO,LUH_NMC_SIO/P009_3,15.99,0
EXT-01484,1483,LUH_NMC_SIO,LUH_NMC_SIO/P009_3,17.916666666666668,0
EXT-01485,1484,LUH_NMC_SIO,LUH_NMC_SIO/P009_3,19.834999999999997,0
EXT-01486,1485,LUH_NMC_SIO,LUH_NMC_SIO/P009_3,21.748333333333335,0
EXT-01487,1486,LUH_NMC_SIO,LUH_NMC_SIO/P009_3,23.656666666666666,0
EXT-01488,1487,LUH_NMC_SIO,LUH_NMC_SIO/P009_3,25.558333333333334,0
EXT-01489,1488,LUH_NMC_SIO,LUH_NMC_SIO/P009_3,27.453333333333333,0
EXT-01490,1489,LUH_NMC_SIO,LUH_NMC_SIO/P009_3,29.346666666666664,0
EXT-01491,1490,LUH_NMC_SIO,LUH_NMC_SIO/P009_3,31.231666666666666,0
EXT-01492,1491,LUH_NMC_SIO,LUH_NMC_SIO/P009_3,33.11666666666667,0
EXT-01493,1492,LUH_NMC_SIO,LUH_NMC_SIO/P009_3,34.99666666666667,0
EXT-01494,1493,LUH_NMC_SIO,LUH_NMC_SIO/P009_3,36.873333333333335,0
EXT-01495,1494,LUH_NMC_SIO,LUH_NMC_SIO/P009_3,38.745,0
EXT-01496,1495,LUH_NMC_SIO,LUH_NMC_SIO/P009_3,40.61333333333334,0
EXT-01497,1496,LUH_NMC_SIO,LUH_NMC_SIO/P009_3,42.48333333333333,0
EXT-01498,1497,LUH_NMC_SIO,LUH_NMC_SIO/P009_3,44.346666666666664,0
EXT-01499,1498,LUH_NMC_SIO,LUH_NMC_SIO/P010_1,14.126666666666665,0
EXT-01500,1499,LUH_NMC_SIO,LUH_NMC_SIO/P010_1,16.45,0
EXT-01501,1500,LUH_NMC_SIO,LUH_NMC_SIO/P010_1,18.76,0
EXT-01502,1501,LUH_NMC_SIO,LUH_NMC_SIO/P010_1,21.063333333333333,0
EXT-01503,1502,LUH_NMC_SIO,LUH_NMC_SIO/P010_1,23.355,0
EXT-01504,1503,LUH_NMC_SIO,LUH_NMC_SIO/P010_1,25.635,0
EXT-01505,1504,LUH_NMC_SIO,LUH_NMC_SIO/P010_1,27.90833333333333,0
EXT-01506,1505,LUH_NMC_SIO,LUH_NMC_SIO/P010_1,30.171666666666667,0
EXT-01507,1506,LUH_NMC_SIO,LUH_NMC_SIO/P010_1,32.428333333333335,0
EXT-01508,1507,LUH_NMC_SIO,LUH_NMC_SIO/P010_1,34.68,0
EXT-01509,1508,LUH_NMC_SIO,LUH_NMC_SIO/P010_1,36.92666666666667,0
EXT-01510,1509,LUH_NMC_SIO,LUH_NMC_SIO/P010_1,39.169999999999995,0
EXT-01511,1510,LUH_NMC_SIO,LUH_NMC_SIO/P010_1,41.405,0
EXT-01512,1511,LUH_NMC_SIO,LUH_NMC_SIO/P010_1,43.635,0
EXT-01513,1512,LUH_NMC_SIO,LUH_NMC_SIO/P010_1,45.85999999999999,0
EXT-01514,1513,LUH_NMC_SIO,LUH_NMC_SIO/P010_1,48.080000000000005,0
EXT-01515,1514,LUH_NMC_SIO,LUH_NMC_SIO/P010_1,50.294999999999995,0
EXT-01516,1515,LUH_NMC_SIO,LUH_NMC_SIO/P010_1,52.50666666666667,0
EXT-01517,1516,LUH_NMC_SIO,LUH_NMC_SIO/P010_2,13.733333333333334,0
EXT-01518,1517,LUH_NMC_SIO,LUH_NMC_SIO/P010_2,16.061666666666667,0
EXT-01519,1518,LUH_NMC_SIO,LUH_NMC_SIO/P010_2,18.375,0
EXT-01520,1519,LUH_NMC_SIO,LUH_NMC_SIO/P010_2,20.680000000000003,0
EXT-01521,1520,LUH_NMC_SIO,LUH_NMC_SIO/P010_2,22.973333333333333,0
EXT-01522,1521,LUH_NMC_SIO,LUH_NMC_SIO/P010_2,25.258333333333336,0
EXT-01523,1522,LUH_NMC_SIO,LUH_NMC_SIO/P010_2,27.53833333333333,0
EXT-01524,1523,LUH_NMC_SIO,LUH_NMC_SIO/P010_2,29.801666666666666,0
EXT-01525,1524,LUH_NMC_SIO,LUH_NMC_SIO/P010_2,32.06333333333333,0
EXT-01526,1525,LUH_NMC_SIO,LUH_NMC_SIO/P010_2,34.318333333333335,0
EXT-01527,1526,LUH_NMC_SIO,LUH_NMC_SIO/P010_2,36.568333333333335,0
EXT-01528,1527,LUH_NMC_SIO,LUH_NMC_SIO/P010_2,38.80833333333333,0
EXT-01529,1528,LUH_NMC_SIO,LUH_NMC_SIO/P010_2,41.04833333333334,0
EXT-01530,1529,LUH_NMC_SIO,LUH_NMC_SIO/P010_2,43.28333333333334,0
EXT-01531,1530,LUH_NMC_SIO,LUH_NMC_SIO/P010_2,45.50999999999999,0
EXT-01532,1531,LUH_NMC_SIO,LUH_NMC_SIO/P010_2,47.73499999999999,0
EXT-01533,1532,LUH_NMC_SIO,LUH_NMC_SIO/P010_2,49.955000000000005,0
EXT-01534,1533,LUH_NMC_SIO,LUH_NMC_SIO/P010_2,52.169999999999995,0
EXT-01535,1534,LUH_NMC_SIO,LUH_NMC_SIO/P010_3,13.64,0
EXT-01536,1535,LUH_NMC_SIO,LUH_NMC_SIO/P010_3,15.955,0
EXT-01537,1536,LUH_NMC_SIO,LUH_NMC_SIO/P010_3,18.256666666666664,0
EXT-01538,1537,LUH_NMC_SIO,LUH_NMC_SIO/P010_3,20.551666666666666,0
EXT-01539,1538,LUH_NMC_SIO,LUH_NMC_SIO/P010_3,22.831666666666667,0
EXT-01540,1539,LUH_NMC_SIO,LUH_NMC_SIO/P010_3,25.103333333333335,0
EXT-01541,1540,LUH_NMC_SIO,LUH_NMC_SIO/P010_3,27.361666666666668,0
EXT-01542,1541,LUH_NMC_SIO,LUH_NMC_SIO/P010_3,29.615,0
EXT-01543,1542,LUH_NMC_SIO,LUH_NMC_SIO/P010_3,31.858333333333334,0
EXT-01544,1543,LUH_NMC_SIO,LUH_NMC_SIO/P010_3,34.093333333333334,0
EXT-01545,1544,LUH_NMC_SIO,LUH_NMC_SIO/P010_3,36.324999999999996,0
EXT-01546,1545,LUH_NMC_SIO,LUH_NMC_SIO/P010_3,38.55166666666667,0
EXT-01547,1546,LUH_NMC_SIO,LUH_NMC_SIO/P010_3,40.77333333333333,0
EXT-01548,1547,LUH_NMC_SIO,LUH_NMC_SIO/P010_3,42.98500000000001,0
EXT-01549,1548,LUH_NMC_SIO,LUH_NMC_SIO/P010_3,45.19499999999999,0
EXT-01550,1549,LUH_NMC_SIO,LUH_NMC_SIO/P010_3,47.4,0
EXT-01551,1550,LUH_NMC_SIO,LUH_NMC_SIO/P010_3,49.6,0
EXT-01552,1551,LUH_NMC_SIO,LUH_NMC_SIO/P010_3,51.79666666666666,0
EXT-01553,1552,LUH_NMC_SIO,LUH_NMC_SIO/P011_1,15.481666666666667,0
EXT-01554,1553,LUH_NMC_SIO,LUH_NMC_SIO/P011_1,18.128333333333334,0
EXT-01555,1554,LUH_NMC_SIO,LUH_NMC_SIO/P011_1,20.76,0
EXT-01556,1555,LUH_NMC_SIO,LUH_NMC_SIO/P011_1,23.375,0
EXT-01557,1556,LUH_NMC_SIO,LUH_NMC_SIO/P011_1,25.98,0
EXT-01558,1557,LUH_NMC_SIO,LUH_NMC_SIO/P011_1,28.566666666666666,0
EXT-01559,1558,LUH_NMC_SIO,LUH_NMC_SIO/P011_1,31.14833333333333,0
EXT-01560,1559,LUH_NMC_SIO,LUH_NMC_SIO/P011_1,33.72,0
EXT-01561,1560,LUH_NMC_SIO,LUH_NMC_SIO/P011_1,36.285,0
EXT-01562,1561,LUH_NMC_SIO,LUH_NMC_SIO/P011_1,38.83833333333333,0
EXT-01563,1562,LUH_NMC_SIO,LUH_NMC_SIO/P011_1,41.39,0
EXT-01564,1563,LUH_NMC_SIO,LUH_NMC_SIO/P011_1,43.93333333333334,0
EXT-01565,1564,LUH_NMC_SIO,LUH_NMC_SIO/P011_1,46.468333333333334,0
EXT-01566,1565,LUH_NMC_SIO,LUH_NMC_SIO/P011_1,48.99333333333334,0
EXT-01567,1566,LUH_NMC_SIO,LUH_NMC_SIO/P011_1,51.51833333333334,0
EXT-01568,1567,LUH_NMC_SIO,LUH_NMC_SIO/P011_1,54.03333333333333,0
EXT-01569,1568,LUH_NMC_SIO,LUH_NMC_SIO/P011_1,56.54333333333333,0
EXT-01570,1569,LUH_NMC_SIO,LUH_NMC_SIO/P011_1,59.044999999999995,0
EXT-01571,1570,LUH_NMC_SIO,LUH_NMC_SIO/P011_2,15.901666666666666,0
EXT-01572,1571,LUH_NMC_SIO,LUH_NMC_SIO/P011_2,18.561666666666667,0
EXT-01573,1572,LUH_NMC_SIO,LUH_NMC_SIO/P011_2,21.21,0
EXT-01574,1573,LUH_NMC_SIO,LUH_NMC_SIO/P011_2,23.846666666666664,0
EXT-01575,1574,LUH_NMC_SIO,LUH_NMC_SIO/P011_2,26.468333333333334,0
EXT-01576,1575,LUH_NMC_SIO,LUH_NMC_SIO/P011_2,29.080000000000002,0
EXT-01577,1576,LUH_NMC_SIO,LUH_NMC_SIO/P011_2,31.68166666666667,0
EXT-01578,1577,LUH_NMC_SIO,LUH_NMC_SIO/P011_2,34.26833333333334,0
EXT-01579,1578,LUH_NMC_SIO,LUH_NMC_SIO/P011_2,36.85333333333333,0
EXT-01580,1579,LUH_NMC_SIO,LUH_NMC_SIO/P011_2,39.43,0
EXT-01581,1580,LUH_NMC_SIO,LUH_NMC_SIO/P011_2,41.998333333333335,0
EXT-01582,1581,LUH_NMC_SIO,LUH_NMC_SIO/P011_2,44.55833333333334,0
EXT-01583,1582,LUH_NMC_SIO,LUH_NMC_SIO/P011_2,47.11333333333332,0
EXT-01584,1583,LUH_NMC_SIO,LUH_NMC_SIO/P011_2,49.66,0
EXT-01585,1584,LUH_NMC_SIO,LUH_NMC_SIO/P011_2,52.201666666666675,0
EXT-01586,1585,LUH_NMC_SIO,LUH_NMC_SIO/P011_2,54.74333333333334,0
EXT-01587,1586,LUH_NMC_SIO,LUH_NMC_SIO/P011_2,57.275,0
EXT-01588,1587,LUH_NMC_SIO,LUH_NMC_SIO/P011_2,59.800000000000004,0
EXT-01589,1588,LUH_NMC_SIO,LUH_NMC_SIO/P011_3,15.768333333333333,0
EXT-01590,1589,LUH_NMC_SIO,LUH_NMC_SIO/P011_3,18.41333333333333,0
EXT-01591,1590,LUH_NMC_SIO,LUH_NMC_SIO/P011_3,21.046666666666667,0
EXT-01592,1591,LUH_NMC_SIO,LUH_NMC_SIO/P011_3,23.67,0
EXT-01593,1592,LUH_NMC_SIO,LUH_NMC_SIO/P011_3,26.275000000000002,0
EXT-01594,1593,LUH_NMC_SIO,LUH_NMC_SIO/P011_3,28.868333333333336,0
EXT-01595,1594,LUH_NMC_SIO,LUH_NMC_SIO/P011_3,31.459999999999997,0
EXT-01596,1595,LUH_NMC_SIO,LUH_NMC_SIO/P011_3,34.03333333333333,0
EXT-01597,1596,LUH_NMC_SIO,LUH_NMC_SIO/P011_3,36.60333333333333,0
EXT-01598,1597,LUH_NMC_SIO,LUH_NMC_SIO/P011_3,39.163333333333334,0
EXT-01599,1598,LUH_NMC_SIO,LUH_NMC_SIO/P011_3,41.71666666666667,0
EXT-01600,1599,LUH_NMC_SIO,LUH_NMC_SIO/P011_3,44.26166666666666,0
EXT-01601,1600,LUH_NMC_SIO,LUH_NMC_SIO/P011_3,46.80166666666667,0
EXT-01602,1601,LUH_NMC_SIO,LUH_NMC_SIO/P011_3,49.333333333333336,0
EXT-01603,1602,LUH_NMC_SIO,LUH_NMC_SIO/P011_3,51.86166666666667,0
EXT-01604,1603,LUH_NMC_SIO,LUH_NMC_SIO/P011_3,54.376666666666665,0
EXT-01605,1604,LUH_NMC_SIO,LUH_NMC_SIO/P011_3,56.88833333333334,0
EXT-01606,1605,LUH_NMC_SIO,LUH_NMC_SIO/P011_3,59.39833333333333,0
EXT-01607,1606,LUH_NMC_SIO,LUH_NMC_SIO/P012_1,15.963333333333333,0
EXT-01608,1607,LUH_NMC_SIO,LUH_NMC_SIO/P012_1,18.728333333333335,0
EXT-01609,1608,LUH_NMC_SIO,LUH_NMC_SIO/P012_1,21.478333333333335,0
EXT-01610,1609,LUH_NMC_SIO,LUH_NMC_SIO/P012_1,24.21666666666667,0
EXT-01611,1610,LUH_NMC_SIO,LUH_NMC_SIO/P012_1,26.941666666666666,0
EXT-01612,1611,LUH_NMC_SIO,LUH_NMC_SIO/P012_1,29.653333333333336,0
EXT-01613,1612,LUH_NMC_SIO,LUH_NMC_SIO/P012_1,32.35333333333333,0
EXT-01614,1613,LUH_NMC_SIO,LUH_NMC_SIO/P012_1,35.041666666666664,0
EXT-01615,1614,LUH_NMC_SIO,LUH_NMC_SIO/P012_1,37.72666666666667,0
EXT-01616,1615,LUH_NMC_SIO,LUH_NMC_SIO/P012_1,40.39833333333333,0
EXT-01617,1616,LUH_NMC_SIO,LUH_NMC_SIO/P012_1,43.068333333333335,0
EXT-01618,1617,LUH_NMC_SIO,LUH_NMC_SIO/P012_1,45.73333333333333,0
EXT-01619,1618,LUH_NMC_SIO,LUH_NMC_SIO/P012_1,48.41833333333333,0
EXT-01620,1619,LUH_NMC_SIO,LUH_NMC_SIO/P012_1,51.080000000000005,0
EXT-01621,1620,LUH_NMC_SIO,LUH_NMC_SIO/P012_1,53.723333333333336,0
EXT-01622,1621,LUH_NMC_SIO,LUH_NMC_SIO/P012_1,56.365,0
EXT-01623,1622,LUH_NMC_SIO,LUH_NMC_SIO/P012_1,58.98833333333334,0
EXT-01624,1623,LUH_NMC_SIO,LUH_NMC_SIO/P012_1,61.6,0
EXT-01625,1624,LUH_NMC_SIO,LUH_NMC_SIO/P012_2,16.084999999999997,0
EXT-01626,1625,LUH_NMC_SIO,LUH_NMC_SIO/P012_2,18.866666666666667,0
EXT-01627,1626,LUH_NMC_SIO,LUH_NMC_SIO/P012_2,21.633333333333336,0
EXT-01628,1627,LUH_NMC_SIO,LUH_NMC_SIO/P012_2,24.381666666666664,0
EXT-01629,1628,LUH_NMC_SIO,LUH_NMC_SIO/P012_2,27.12166666666667,0
EXT-01630,1629,LUH_NMC_SIO,LUH_NMC_SIO/P012_2,29.85166666666667,0
EXT-01631,1630,LUH_NMC_SIO,LUH_NMC_SIO/P012_2,32.565,0
EXT-01632,1631,LUH_NMC_SIO,LUH_NMC_SIO/P012_2,35.27166666666667,0
EXT-01633,1632,LUH_NMC_SIO,LUH_NMC_SIO/P012_2,37.968333333333334,0
EXT-01634,1633,LUH_NMC_SIO,LUH_NMC_SIO/P012_2,40.65833333333333,0
EXT-01635,1634,LUH_NMC_SIO,LUH_NMC_SIO/P012_2,43.33833333333333,0
EXT-01636,1635,LUH_NMC_SIO,LUH_NMC_SIO/P012_2,46.01333333333334,0
EXT-01637,1636,LUH_NMC_SIO,LUH_NMC_SIO/P012_2,48.68166666666667,0
EXT-01638,1637,LUH_NMC_SIO,LUH_NMC_SIO/P012_2,51.345,0
EXT-01639,1638,LUH_NMC_SIO,LUH_NMC_SIO/P012_2,54.004999999999995,0
EXT-01640,1639,LUH_NMC_SIO,LUH_NMC_SIO/P012_2,56.656666666666666,0
EXT-01641,1640,LUH_NMC_SIO,LUH_NMC_SIO/P012_2,59.30666666666667,0
EXT-01642,1641,LUH_NMC_SIO,LUH_NMC_SIO/P012_2,61.95666666666667,0
EXT-01643,1642,LUH_NMC_SIO,LUH_NMC_SIO/P012_3,16.335,0
EXT-01644,1643,LUH_NMC_SIO,LUH_NMC_SIO/P012_3,19.099999999999998,0
EXT-01645,1644,LUH_NMC_SIO,LUH_NMC_SIO/P012_3,21.849999999999998,0
EXT-01646,1645,LUH_NMC_SIO,LUH_NMC_SIO/P012_3,24.590000000000003,0
EXT-01647,1646,LUH_NMC_SIO,LUH_NMC_SIO/P012_3,27.314999999999998,0
EXT-01648,1647,LUH_NMC_SIO,LUH_NMC_SIO/P012_3,30.03,0
EXT-01649,1648,LUH_NMC_SIO,LUH_NMC_SIO/P012_3,32.73500000000001,0
EXT-01650,1649,LUH_NMC_SIO,LUH_NMC_SIO/P012_3,35.428333333333335,0
EXT-01651,1650,LUH_NMC_SIO,LUH_NMC_SIO/P012_3,38.115,0
EXT-01652,1651,LUH_NMC_SIO,LUH_NMC_SIO/P012_3,40.79333333333333,0
EXT-01653,1652,LUH_NMC_SIO,LUH_NMC_SIO/P012_3,43.48499999999999,0
EXT-01654,1653,LUH_NMC_SIO,LUH_NMC_SIO/P012_3,46.19166666666666,0
EXT-01655,1654,LUH_NMC_SIO,LUH_NMC_SIO/P012_3,48.873333333333335,0
EXT-01656,1655,LUH_NMC_SIO,LUH_NMC_SIO/P012_3,51.52333333333333,0
EXT-01657,1656,LUH_NMC_SIO,LUH_NMC_SIO/P012_3,54.14166666666667,0
EXT-01658,1657,LUH_NMC_SIO,LUH_NMC_SIO/P012_3,56.74333333333334,0
EXT-01659,1658,LUH_NMC_SIO,LUH_NMC_SIO/P012_3,59.300000000000004,0
EXT-01660,1659,LUH_NMC_SIO,LUH_NMC_SIO/P012_3,61.843333333333334,0
EXT-01661,1660,LUH_NMC_SIO,LUH_NMC_SIO/P013_1,12.021666666666667,0
EXT-01662,1661,LUH_NMC_SIO,LUH_NMC_SIO/P013_1,13.931666666666667,0
EXT-01663,1662,LUH_NMC_SIO,LUH_NMC_SIO/P013_1,15.833333333333334,0
EXT-01664,1663,LUH_NMC_SIO,LUH_NMC_SIO/P013_1,17.726666666666667,0
EXT-01665,1664,LUH_NMC_SIO,LUH_NMC_SIO/P013_1,19.611666666666668,0
EXT-01666,1665,LUH_NMC_SIO,LUH_NMC_SIO/P013_1,21.49,0
EXT-01667,1666,LUH_NMC_SIO,LUH_NMC_SIO/P013_1,23.36,0
EXT-01668,1667,LUH_NMC_SIO,LUH_NMC_SIO/P013_1,25.224999999999998,0
EXT-01669,1668,LUH_NMC_SIO,LUH_NMC_SIO/P013_1,27.084999999999997,0
EXT-01670,1669,LUH_NMC_SIO,LUH_NMC_SIO/P013_1,28.935000000000002,0
EXT-01671,1670,LUH_NMC_SIO,LUH_NMC_SIO/P013_1,30.78,0
EXT-01672,1671,LUH_NMC_SIO,LUH_NMC_SIO/P013_1,32.62166666666667,0
EXT-01673,1672,LUH_NMC_SIO,LUH_NMC_SIO/P013_1,34.45666666666667,0
EXT-01674,1673,LUH_NMC_SIO,LUH_NMC_SIO/P013_1,36.28666666666667,0
EXT-01675,1674,LUH_NMC_SIO,LUH_NMC_SIO/P013_1,38.115,0
EXT-01676,1675,LUH_NMC_SIO,LUH_NMC_SIO/P013_1,39.93833333333333,0
EXT-01677,1676,LUH_NMC_SIO,LUH_NMC_SIO/P013_1,41.75666666666667,0
EXT-01678,1677,LUH_NMC_SIO,LUH_NMC_SIO/P013_1,43.574999999999996,0
EXT-01679,1678,LUH_NMC_SIO,LUH_NMC_SIO/P013_2,12.12,0
EXT-01680,1679,LUH_NMC_SIO,LUH_NMC_SIO/P013_2,14.045,0
EXT-01681,1680,LUH_NMC_SIO,LUH_NMC_SIO/P013_2,15.961666666666668,0
EXT-01682,1681,LUH_NMC_SIO,LUH_NMC_SIO/P013_2,17.868333333333336,0
EXT-01683,1682,LUH_NMC_SIO,LUH_NMC_SIO/P013_2,19.766666666666666,0
EXT-01684,1683,LUH_NMC_SIO,LUH_NMC_SIO/P013_2,21.659999999999997,0
EXT-01685,1684,LUH_NMC_SIO,LUH_NMC_SIO/P013_2,23.543333333333333,0
EXT-01686,1685,LUH_NMC_SIO,LUH_NMC_SIO/P013_2,25.421666666666667,0
EXT-01687,1686,LUH_NMC_SIO,LUH_NMC_SIO/P013_2,27.290000000000003,0
EXT-01688,1687,LUH_NMC_SIO,LUH_NMC_SIO/P013_2,29.149999999999995,0
EXT-01689,1688,LUH_NMC_SIO,LUH_NMC_SIO/P013_2,31.008333333333336,0
EXT-01690,1689,LUH_NMC_SIO,LUH_NMC_SIO/P013_2,32.86333333333334,0
EXT-01691,1690,LUH_NMC_SIO,LUH_NMC_SIO/P013_2,34.70666666666667,0
EXT-01692,1691,LUH_NMC_SIO,LUH_NMC_SIO/P013_2,36.550000000000004,0
EXT-01693,1692,LUH_NMC_SIO,LUH_NMC_SIO/P013_2,38.38833333333333,0
EXT-01694,1693,LUH_NMC_SIO,LUH_NMC_SIO/P013_2,40.22,0
EXT-01695,1694,LUH_NMC_SIO,LUH_NMC_SIO/P013_2,42.04833333333334,0
EXT-01696,1695,LUH_NMC_SIO,LUH_NMC_SIO/P013_2,43.86833333333334,0
EXT-01697,1696,LUH_NMC_SIO,LUH_NMC_SIO/P013_3,10.9,0
EXT-01698,1697,LUH_NMC_SIO,LUH_NMC_SIO/P013_3,12.826666666666668,0
EXT-01699,1698,LUH_NMC_SIO,LUH_NMC_SIO/P013_3,14.745,0
EXT-01700,1699,LUH_NMC_SIO,LUH_NMC_SIO/P013_3,16.653333333333332,0
EXT-01701,1700,LUH_NMC_SIO,LUH_NMC_SIO/P013_3,18.555,0
EXT-01702,1701,LUH_NMC_SIO,LUH_NMC_SIO/P013_3,20.44666666666667,0
EXT-01703,1702,LUH_NMC_SIO,LUH_NMC_SIO/P013_3,22.334999999999997,0
EXT-01704,1703,LUH_NMC_SIO,LUH_NMC_SIO/P013_3,24.211666666666662,0
EXT-01705,1704,LUH_NMC_SIO,LUH_NMC_SIO/P013_3,26.086666666666662,0
EXT-01706,1705,LUH_NMC_SIO,LUH_NMC_SIO/P013_3,27.948333333333334,0
EXT-01707,1706,LUH_NMC_SIO,LUH_NMC_SIO/P013_3,29.810000000000002,0
EXT-01708,1707,LUH_NMC_SIO,LUH_NMC_SIO/P013_3,31.66333333333333,0
EXT-01709,1708,LUH_NMC_SIO,LUH_NMC_SIO/P013_3,33.51333333333333,0
EXT-01710,1709,LUH_NMC_SIO,LUH_NMC_SIO/P013_3,35.36166666666667,0
EXT-01711,1710,LUH_NMC_SIO,LUH_NMC_SIO/P013_3,37.20333333333334,0
EXT-01712,1711,LUH_NMC_SIO,LUH_NMC_SIO/P013_3,39.041666666666664,0
EXT-01713,1712,LUH_NMC_SIO,LUH_NMC_SIO/P013_3,40.876666666666665,0
EXT-01714,1713,LUH_NMC_SIO,LUH_NMC_SIO/P013_3,42.708333333333336,0
EXT-01715,1714,LUH_NMC_SIO,LUH_NMC_SIO/P014_1,13.608333333333334,0
EXT-01716,1715,LUH_NMC_SIO,LUH_NMC_SIO/P014_1,15.878333333333332,0
EXT-01717,1716,LUH_NMC_SIO,LUH_NMC_SIO/P014_1,18.135,0
EXT-01718,1717,LUH_NMC_SIO,LUH_NMC_SIO/P014_1,20.376666666666665,0
EXT-01719,1718,LUH_NMC_SIO,LUH_NMC_SIO/P014_1,22.60166666666667,0
EXT-01720,1719,LUH_NMC_SIO,LUH_NMC_SIO/P014_1,24.814999999999998,0
EXT-01721,1720,LUH_NMC_SIO,LUH_NMC_SIO/P014_1,27.02,0
EXT-01722,1721,LUH_NMC_SIO,LUH_NMC_SIO/P014_1,29.206666666666667,0
EXT-01723,1722,LUH_NMC_SIO,LUH_NMC_SIO/P014_1,31.388333333333332,0
EXT-01724,1723,LUH_NMC_SIO,LUH_NMC_SIO/P014_1,33.56166666666667,0
EXT-01725,1724,LUH_NMC_SIO,LUH_NMC_SIO/P014_1,35.72666666666667,0
EXT-01726,1725,LUH_NMC_SIO,LUH_NMC_SIO/P014_1,37.88333333333333,0
EXT-01727,1726,LUH_NMC_SIO,LUH_NMC_SIO/P014_1,40.026666666666664,0
EXT-01728,1727,LUH_NMC_SIO,LUH_NMC_SIO/P014_1,42.166666666666664,0
EXT-01729,1728,LUH_NMC_SIO,LUH_NMC_SIO/P014_1,44.29833333333334,0
EXT-01730,1729,LUH_NMC_SIO,LUH_NMC_SIO/P014_1,46.42166666666666,0
EXT-01731,1730,LUH_NMC_SIO,LUH_NMC_SIO/P014_1,48.53666666666667,0
EXT-01732,1731,LUH_NMC_SIO,LUH_NMC_SIO/P014_1,50.64666666666667,0
EXT-01733,1732,LUH_NMC_SIO,LUH_NMC_SIO/P014_2,13.486666666666666,0
EXT-01734,1733,LUH_NMC_SIO,LUH_NMC_SIO/P014_2,15.743333333333334,0
EXT-01735,1734,LUH_NMC_SIO,LUH_NMC_SIO/P014_2,17.983333333333334,0
EXT-01736,1735,LUH_NMC_SIO,LUH_NMC_SIO/P014_2,20.208333333333332,0
EXT-01737,1736,LUH_NMC_SIO,LUH_NMC_SIO/P014_2,22.425,0
EXT-01738,1737,LUH_NMC_SIO,LUH_NMC_SIO/P014_2,24.625,0
EXT-01739,1738,LUH_NMC_SIO,LUH_NMC_SIO/P014_2,26.813333333333333,0
EXT-01740,1739,LUH_NMC_SIO,LUH_NMC_SIO/P014_2,28.986666666666668,0
EXT-01741,1740,LUH_NMC_SIO,LUH_NMC_SIO/P014_2,31.150000000000002,0
EXT-01742,1741,LUH_NMC_SIO,LUH_NMC_SIO/P014_2,33.30833333333334,0
EXT-01743,1742,LUH_NMC_SIO,LUH_NMC_SIO/P014_2,35.45666666666667,0
EXT-01744,1743,LUH_NMC_SIO,LUH_NMC_SIO/P014_2,37.595,0
EXT-01745,1744,LUH_NMC_SIO,LUH_NMC_SIO/P014_2,39.725,0
EXT-01746,1745,LUH_NMC_SIO,LUH_NMC_SIO/P014_2,41.845,0
EXT-01747,1746,LUH_NMC_SIO,LUH_NMC_SIO/P014_2,43.958333333333336,0
EXT-01748,1747,LUH_NMC_SIO,LUH_NMC_SIO/P014_2,46.06666666666666,0
EXT-01749,1748,LUH_NMC_SIO,LUH_NMC_SIO/P014_2,48.165,0
EXT-01750,1749,LUH_NMC_SIO,LUH_NMC_SIO/P014_2,50.25833333333333,0
EXT-01751,1750,LUH_NMC_SIO,LUH_NMC_SIO/P014_3,12.65,0
EXT-01752,1751,LUH_NMC_SIO,LUH_NMC_SIO/P014_3,14.903333333333334,0
EXT-01753,1752,LUH_NMC_SIO,LUH_NMC_SIO/P014_3,17.14,0
EXT-01754,1753,LUH_NMC_SIO,LUH_NMC_SIO/P014_3,19.365,0
EXT-01755,1754,LUH_NMC_SIO,LUH_NMC_SIO/P014_3,21.57166666666667,0
EXT-01756,1755,LUH_NMC_SIO,LUH_NMC_SIO/P014_3,23.765,0
EXT-01757,1756,LUH_NMC_SIO,LUH_NMC_SIO/P014_3,25.94666666666667,0
EXT-01758,1757,LUH_NMC_SIO,LUH_NMC_SIO/P014_3,28.116666666666664,0
EXT-01759,1758,LUH_NMC_SIO,LUH_NMC_SIO/P014_3,30.27333333333333,0
EXT-01760,1759,LUH_NMC_SIO,LUH_NMC_SIO/P014_3,32.42333333333334,0
EXT-01761,1760,LUH_NMC_SIO,LUH_NMC_SIO/P014_3,34.56333333333333,0
EXT-01762,1761,LUH_NMC_SIO,LUH_NMC_SIO/P014_3,36.695,0
EXT-01763,1762,LUH_NMC_SIO,LUH_NMC_SIO/P014_3,38.82,0
EXT-01764,1763,LUH_NMC_SIO,LUH_NMC_SIO/P014_3,40.935,0
EXT-01765,1764,LUH_NMC_SIO,LUH_NMC_SIO/P014_3,43.04333333333333,0
EXT-01766,1765,LUH_NMC_SIO,LUH_NMC_SIO/P014_3,45.14333333333334,0
EXT-01767,1766,LUH_NMC_SIO,LUH_NMC_SIO/P014_3,47.23666666666667,0
EXT-01768,1767,LUH_NMC_SIO,LUH_NMC_SIO/P014_3,49.321666666666665,0
EXT-01769,1768,LUH_NMC_SIO,LUH_NMC_SIO/P015_1,15.586666666666668,0
EXT-01770,1769,LUH_NMC_SIO,LUH_NMC_SIO/P015_1,18.163333333333334,0
EXT-01771,1770,LUH_NMC_SIO,LUH_NMC_SIO/P015_1,20.718333333333334,0
EXT-01772,1771,LUH_NMC_SIO,LUH_NMC_SIO/P015_1,24.095,0
EXT-01773,1772,LUH_NMC_SIO,LUH_NMC_SIO/P015_1,26.616666666666664,0
EXT-01774,1773,LUH_NMC_SIO,LUH_NMC_SIO/P015_1,29.12,0
EXT-01775,1774,LUH_NMC_SIO,LUH_NMC_SIO/P015_1,31.615,0
EXT-01776,1775,LUH_NMC_SIO,LUH_NMC_SIO/P015_1,34.08833333333333,0
EXT-01777,1776,LUH_NMC_SIO,LUH_NMC_SIO/P015_1,36.553333333333335,0
EXT-01778,1777,LUH_NMC_SIO,LUH_NMC_SIO/P015_1,39.0,0
EXT-01779,1778,LUH_NMC_SIO,LUH_NMC_SIO/P015_1,41.42166666666667,0
EXT-01780,1779,LUH_NMC_SIO,LUH_NMC_SIO/P015_1,43.81666666666666,0
EXT-01781,1780,LUH_NMC_SIO,LUH_NMC_SIO/P015_1,46.18833333333333,0
EXT-01782,1781,LUH_NMC_SIO,LUH_NMC_SIO/P015_1,48.525,0
EXT-01783,1782,LUH_NMC_SIO,LUH_NMC_SIO/P015_1,50.82333333333333,0
EXT-01784,1783,LUH_NMC_SIO,LUH_NMC_SIO/P015_1,53.07333333333333,0
EXT-01785,1784,LUH_NMC_SIO,LUH_NMC_SIO/P015_1,55.28333333333333,0
EXT-01786,1785,LUH_NMC_SIO,LUH_NMC_SIO/P015_1,57.464999999999996,0
EXT-01787,1786,LUH_NMC_SIO,LUH_NMC_SIO/P015_2,15.678333333333333,0
EXT-01788,1787,LUH_NMC_SIO,LUH_NMC_SIO/P015_2,18.278333333333332,0
EXT-01789,1788,LUH_NMC_SIO,LUH_NMC_SIO/P015_2,20.863333333333333,0
EXT-01790,1789,LUH_NMC_SIO,LUH_NMC_SIO/P015_2,23.43166666666666,0
EXT-01791,1790,LUH_NMC_SIO,LUH_NMC_SIO/P015_2,25.983333333333334,0
EXT-01792,1791,LUH_NMC_SIO,LUH_NMC_SIO/P015_2,28.518333333333334,0
EXT-01793,1792,LUH_NMC_SIO,LUH_NMC_SIO/P015_2,31.036666666666665,0
EXT-01794,1793,LUH_NMC_SIO,LUH_NMC_SIO/P015_2,33.541666666666664,0
EXT-01795,1794,LUH_NMC_SIO,LUH_NMC_SIO/P015_2,36.03666666666667,0
EXT-01796,1795,LUH_NMC_SIO,LUH_NMC_SIO/P015_2,38.51833333333334,0
EXT-01797,1796,LUH_NMC_SIO,LUH_NMC_SIO/P015_2,40.98166666666666,0
EXT-01798,1797,LUH_NMC_SIO,LUH_NMC_SIO/P015_2,43.423333333333325,0
EXT-01799,1798,LUH_NMC_SIO,LUH_NMC_SIO/P015_2,45.83166666666667,0
EXT-01800,1799,LUH_NMC_SIO,LUH_NMC_SIO/P015_2,48.214999999999996,0
EXT-01801,1800,LUH_NMC_SIO,LUH_NMC_SIO/P015_2,50.57666666666666,0
EXT-01802,1801,LUH_NMC_SIO,LUH_NMC_SIO/P015_2,52.91166666666667,0
EXT-01803,1802,LUH_NMC_SIO,LUH_NMC_SIO/P015_2,55.223333333333336,0
EXT-01804,1803,LUH_NMC_SIO,LUH_NMC_SIO/P015_2,57.51,0
EXT-01805,1804,LUH_NMC_SIO,LUH_NMC_SIO/P015_3,15.308333333333332,0
EXT-01806,1805,LUH_NMC_SIO,LUH_NMC_SIO/P015_3,17.91,0
EXT-01807,1806,LUH_NMC_SIO,LUH_NMC_SIO/P015_3,20.493333333333336,0
EXT-01808,1807,LUH_NMC_SIO,LUH_NMC_SIO/P015_3,23.058333333333337,0
EXT-01809,1808,LUH_NMC_SIO,LUH_NMC_SIO/P015_3,25.611666666666668,0
EXT-01810,1809,LUH_NMC_SIO,LUH_NMC_SIO/P015_3,28.143333333333334,0
EXT-01811,1810,LUH_NMC_SIO,LUH_NMC_SIO/P015_3,30.663333333333338,0
EXT-01812,1811,LUH_NMC_SIO,LUH_NMC_SIO/P015_3,33.16833333333333,0
EXT-01813,1812,LUH_NMC_SIO,LUH_NMC_SIO/P015_3,35.66833333333333,0
EXT-01814,1813,LUH_NMC_SIO,LUH_NMC_SIO/P015_3,38.14833333333333,0
EXT-01815,1814,LUH_NMC_SIO,LUH_NMC_SIO/P015_3,40.608333333333334,0
EXT-01816,1815,LUH_NMC_SIO,LUH_NMC_SIO/P015_3,43.048333333333325,0
EXT-01817,1816,LUH_NMC_SIO,LUH_NMC_SIO/P015_3,45.461666666666666,0
EXT-01818,1817,LUH_NMC_SIO,LUH_NMC_SIO/P015_3,47.848333333333336,0
EXT-01819,1818,LUH_NMC_SIO,LUH_NMC_SIO/P015_3,50.20000000000001,0
EXT-01820,1819,LUH_NMC_SIO,LUH_NMC_SIO/P015_3,52.52166666666667,0
EXT-01821,1820,LUH_NMC_SIO,LUH_NMC_SIO/P015_3,54.81999999999999,0
EXT-01822,1821,LUH_NMC_SIO,LUH_NMC_SIO/P015_3,57.10333333333333,0
EXT-01823,1822,LUH_NMC_SIO,LUH_NMC_SIO/P016_1,16.341666666666665,0
EXT-01824,1823,LUH_NMC_SIO,LUH_NMC_SIO/P016_1,19.091666666666665,0
EXT-01825,1824,LUH_NMC_SIO,LUH_NMC_SIO/P016_1,21.825,0
EXT-01826,1825,LUH_NMC_SIO,LUH_NMC_SIO/P016_1,24.541666666666668,0
EXT-01827,1826,LUH_NMC_SIO,LUH_NMC_SIO/P016_1,27.24333333333333,0
EXT-01828,1827,LUH_NMC_SIO,LUH_NMC_SIO/P016_1,29.929999999999996,0
EXT-01829,1828,LUH_NMC_SIO,LUH_NMC_SIO/P016_1,32.60666666666666,0
EXT-01830,1829,LUH_NMC_SIO,LUH_NMC_SIO/P016_1,35.29333333333333,0
EXT-01831,1830,LUH_NMC_SIO,LUH_NMC_SIO/P016_1,37.95666666666667,0
EXT-01832,1831,LUH_NMC_SIO,LUH_NMC_SIO/P016_1,40.596666666666664,0
EXT-01833,1832,LUH_NMC_SIO,LUH_NMC_SIO/P016_1,43.21,0
EXT-01834,1833,LUH_NMC_SIO,LUH_NMC_SIO/P016_1,45.803333333333335,0
EXT-01835,1834,LUH_NMC_SIO,LUH_NMC_SIO/P016_1,48.37833333333333,0
EXT-01836,1835,LUH_NMC_SIO,LUH_NMC_SIO/P016_1,50.935,0
EXT-01837,1836,LUH_NMC_SIO,LUH_NMC_SIO/P016_1,53.48,0
EXT-01838,1837,LUH_NMC_SIO,LUH_NMC_SIO/P016_1,55.998333333333335,0
EXT-01839,1838,LUH_NMC_SIO,LUH_NMC_SIO/P016_1,58.50666666666666,0
EXT-01840,1839,LUH_NMC_SIO,LUH_NMC_SIO/P016_1,60.99333333333334,0
EXT-01841,1840,LUH_NMC_SIO,LUH_NMC_SIO/P016_2,16.19333333333333,0
EXT-01842,1841,LUH_NMC_SIO,LUH_NMC_SIO/P016_2,18.958333333333332,0
EXT-01843,1842,LUH_NMC_SIO,LUH_NMC_SIO/P016_2,21.706666666666667,0
EXT-01844,1843,LUH_NMC_SIO,LUH_NMC_SIO/P016_2,24.436666666666667,0
EXT-01845,1844,LUH_NMC_SIO,LUH_NMC_SIO/P016_2,27.149999999999995,0
EXT-01846,1845,LUH_NMC_SIO,LUH_NMC_SIO/P016_2,29.846666666666664,0
EXT-01847,1846,LUH_NMC_SIO,LUH_NMC_SIO/P016_2,32.52833333333333,0
EXT-01848,1847,LUH_NMC_SIO,LUH_NMC_SIO/P016_2,35.195,0
EXT-01849,1848,LUH_NMC_SIO,LUH_NMC_SIO/P016_2,37.855,0
EXT-01850,1849,LUH_NMC_SIO,LUH_NMC_SIO/P016_2,40.49666666666666,0
EXT-01851,1850,LUH_NMC_SIO,LUH_NMC_SIO/P016_2,43.125,0
EXT-01852,1851,LUH_NMC_SIO,LUH_NMC_SIO/P016_2,45.73499999999999,0
EXT-01853,1852,LUH_NMC_SIO,LUH_NMC_SIO/P016_2,48.330000000000005,0
EXT-01854,1853,LUH_NMC_SIO,LUH_NMC_SIO/P016_2,50.90833333333333,0
EXT-01855,1854,LUH_NMC_SIO,LUH_NMC_SIO/P016_2,53.468333333333334,0
EXT-01856,1855,LUH_NMC_SIO,LUH_NMC_SIO/P016_2,56.01,0
EXT-01857,1856,LUH_NMC_SIO,LUH_NMC_SIO/P016_2,58.53,0
EXT-01858,1857,LUH_NMC_SIO,LUH_NMC_SIO/P016_2,61.028333333333336,0
EXT-01859,1858,LUH_NMC_SIO,LUH_NMC_SIO/P016_3,15.448333333333332,0
EXT-01860,1859,LUH_NMC_SIO,LUH_NMC_SIO/P016_3,18.206666666666667,0
EXT-01861,1860,LUH_NMC_SIO,LUH_NMC_SIO/P016_3,20.94333333333333,0
EXT-01862,1861,LUH_NMC_SIO,LUH_NMC_SIO/P016_3,23.661666666666665,0
EXT-01863,1862,LUH_NMC_SIO,LUH_NMC_SIO/P016_3,26.363333333333333,0
EXT-01864,1863,LUH_NMC_SIO,LUH_NMC_SIO/P016_3,29.046666666666667,0
EXT-01865,1864,LUH_NMC_SIO,LUH_NMC_SIO/P016_3,31.74333333333333,0
EXT-01866,1865,LUH_NMC_SIO,LUH_NMC_SIO/P016_3,34.413333333333334,0
EXT-01867,1866,LUH_NMC_SIO,LUH_NMC_SIO/P016_3,37.04833333333334,0
EXT-01868,1867,LUH_NMC_SIO,LUH_NMC_SIO/P016_3,39.666666666666664,0
EXT-01869,1868,LUH_NMC_SIO,LUH_NMC_SIO/P016_3,42.26166666666666,0
EXT-01870,1869,LUH_NMC_SIO,LUH_NMC_SIO/P016_3,44.835,0
EXT-01871,1870,LUH_NMC_SIO,LUH_NMC_SIO/P016_3,47.36166666666666,0
EXT-01872,1871,LUH_NMC_SIO,LUH_NMC_SIO/P016_3,49.865,0
EXT-01873,1872,LUH_NMC_SIO,LUH_NMC_SIO/P016_3,52.33833333333333,0
EXT-01874,1873,LUH_NMC_SIO,LUH_NMC_SIO/P016_3,54.78666666666667,0
EXT-01875,1874,LUH_NMC_SIO,LUH_NMC_SIO/P016_3,57.211666666666666,0
EXT-01876,1875,LUH_NMC_SIO,LUH_NMC_SIO/P016_3,59.61666666666667,0
EXT-01877,1876,LUH_NMC_SIO,LUH_NMC_SIO/P017_1,294.86333333333334,0
EXT-01878,1877,LUH_NMC_SIO,LUH_NMC_SIO/P017_1,365.68,0
EXT-01879,1878,LUH_NMC_SIO,LUH_NMC_SIO/P017_1,435.9866666666667,0
EXT-01880,1879,LUH_NMC_SIO,LUH_NMC_SIO/P017_1,502.68333333333334,0
EXT-01881,1880,LUH_NMC_SIO,LUH_NMC_SIO/P017_2,289.76666666666665,0
EXT-01882,1881,LUH_NMC_SIO,LUH_NMC_SIO/P017_2,360.0316666666666,0
EXT-01883,1882,LUH_NMC_SIO,LUH_NMC_SIO/P017_2,429.5833333333333,0
EXT-01884,1883,LUH_NMC_SIO,LUH_NMC_SIO/P017_2,472.5116666666666,0
EXT-01885,1884,LUH_NMC_SIO,LUH_NMC_SIO/P017_3,293.03000000000003,0
EXT-01886,1885,LUH_NMC_SIO,LUH_NMC_SIO/P017_3,363.90166666666664,0
EXT-01887,1886,LUH_NMC_SIO,LUH_NMC_SIO/P017_3,433.4166666666667,0
EXT-01888,1887,LUH_NMC_SIO,LUH_NMC_SIO/P017_3,464.465,0
EXT-01889,1888,LUH_NMC_SIO,LUH_NMC_SIO/P018_1,397.2283333333333,0
EXT-01890,1889,LUH_NMC_SIO,LUH_NMC_SIO/P018_1,410.23,0
EXT-01891,1890,LUH_NMC_SIO,LUH_NMC_SIO/P018_2,396.8866666666667,0
EXT-01892,1891,LUH_NMC_SIO,LUH_NMC_SIO/P018_2,410.4216666666667,0
EXT-01893,1892,LUH_NMC_SIO,LUH_NMC_SIO/P018_3,370.1766666666667,0
EXT-01894,1893,LUH_NMC_SIO,LUH_NMC_SIO/P021_1,294.895,0
EXT-01895,1894,LUH_NMC_SIO,LUH_NMC_SIO/P021_1,367.15166666666664,0
EXT-01896,1895,LUH_NMC_SIO,LUH_NMC_SIO/P021_1,438.9216666666666,0
EXT-01897,1896,LUH_NMC_SIO,LUH_NMC_SIO/P021_1,510.1816666666667,0
EXT-01898,1897,LUH_NMC_SIO,LUH_NMC_SIO/P021_1,581.5833333333334,0
EXT-01899,1898,LUH_NMC_SIO,LUH_NMC_SIO/P021_1,651.5916666666667,0
EXT-01900,1899,LUH_NMC_SIO,LUH_NMC_SIO/P021_1,720.7066666666666,0
EXT-01901,1900,LUH_NMC_SIO,LUH_NMC_SIO/P021_1,786.5600000000001,0
EXT-01902,1901,LUH_NMC_SIO,LUH_NMC_SIO/P021_1,854.1266666666667,0
EXT-01903,1902,LUH_NMC_SIO,LUH_NMC_SIO/P021_1,918.3583333333332,0
EXT-01904,1903,LUH_NMC_SIO,LUH_NMC_SIO/P021_1,937.7666666666668,0
EXT-01905,1904,LUH_NMC_SIO,LUH_NMC_SIO/P021_2,295.25333333333333,0
EXT-01906,1905,LUH_NMC_SIO,LUH_NMC_SIO/P021_2,367.0933333333334,0
EXT-01907,1906,LUH_NMC_SIO,LUH_NMC_SIO/P021_2,439.16333333333336,0
EXT-01908,1907,LUH_NMC_SIO,LUH_NMC_SIO/P021_2,510.66333333333336,0
EXT-01909,1908,LUH_NMC_SIO,LUH_NMC_SIO/P021_2,581.56,0
EXT-01910,1909,LUH_NMC_SIO,LUH_NMC_SIO/P021_2,651.7066666666666,0
EXT-01911,1910,LUH_NMC_SIO,LUH_NMC_SIO/P021_2,720.2166666666666,0
EXT-01912,1911,LUH_NMC_SIO,LUH_NMC_SIO/P021_2,785.8716666666666,0
EXT-01913,1912,LUH_NMC_SIO,LUH_NMC_SIO/P021_2,852.5016666666667,0
EXT-01914,1913,LUH_NMC_SIO,LUH_NMC_SIO/P021_2,911.6,0
EXT-01915,1914,LUH_NMC_SIO,LUH_NMC_SIO/P021_3,291.88166666666666,0
EXT-01916,1915,LUH_NMC_SIO,LUH_NMC_SIO/P021_3,363.55333333333334,0
EXT-01917,1916,LUH_NMC_SIO,LUH_NMC_SIO/P021_3,434.705,0
EXT-01918,1917,LUH_NMC_SIO,LUH_NMC_SIO/P021_3,505.8866666666666,0
EXT-01919,1918,LUH_NMC_SIO,LUH_NMC_SIO/P021_3,576.34,0
EXT-01920,1919,LUH_NMC_SIO,LUH_NMC_SIO/P021_3,645.8683333333333,0
EXT-01921,1920,LUH_NMC_SIO,LUH_NMC_SIO/P021_3,714.035,0
EXT-01922,1921,LUH_NMC_SIO,LUH_NMC_SIO/P021_3,778.8966666666665,0
EXT-01923,1922,LUH_NMC_SIO,LUH_NMC_SIO/P021_3,844.07,0
EXT-01924,1923,LUH_NMC_SIO,LUH_NMC_SIO/P021_3,889.4816666666667,0
EXT-01925,1924,LUH_NMC_SIO,LUH_NMC_SIO/P022_1,393.2283333333333,0
EXT-01926,1925,LUH_NMC_SIO,LUH_NMC_SIO/P022_1,482.31500000000005,0
EXT-01927,1926,LUH_NMC_SIO,LUH_NMC_SIO/P022_1,561.56,0
EXT-01928,1927,LUH_NMC_SIO,LUH_NMC_SIO/P022_2,389.64000000000004,0
EXT-01929,1928,LUH_NMC_SIO,LUH_NMC_SIO/P022_2,478.5466666666666,0
EXT-01930,1929,LUH_NMC_SIO,LUH_NMC_SIO/P022_2,550.275,0
EXT-01931,1930,LUH_NMC_SIO,LUH_NMC_SIO/P022_3,390.16833333333335,0
EXT-01932,1931,LUH_NMC_SIO,LUH_NMC_SIO/P022_3,472.57,0
EXT-01933,1932,LUH_NMC_SIO,LUH_NMC_SIO/P025_1,295.67,0
EXT-01934,1933,LUH_NMC_SIO,LUH_NMC_SIO/P025_1,368.2966666666667,0
EXT-01935,1934,LUH_NMC_SIO,LUH_NMC_SIO/P025_1,441.205,0
EXT-01936,1935,LUH_NMC_SIO,LUH_NMC_SIO/P025_1,513.7966666666666,0
EXT-01937,1936,LUH_NMC_SIO,LUH_NMC_SIO/P025_1,586.6916666666667,0
EXT-01938,1937,LUH_NMC_SIO,LUH_NMC_SIO/P025_1,658.6766666666666,0
EXT-01939,1938,LUH_NMC_SIO,LUH_NMC_SIO/P025_1,729.7449999999999,0
EXT-01940,1939,LUH_NMC_SIO,LUH_NMC_SIO/P025_1,798.6583333333333,0
EXT-01941,1940,LUH_NMC_SIO,LUH_NMC_SIO/P025_1,869.985,0
EXT-01942,1941,LUH_NMC_SIO,LUH_NMC_SIO/P025_1,941.8699999999999,0
EXT-01943,1942,LUH_NMC_SIO,LUH_NMC_SIO/P025_1,1013.1366666666667,0
EXT-01944,1943,LUH_NMC_SIO,LUH_NMC_SIO/P025_1,1084.295,0
EXT-01945,1944,LUH_NMC_SIO,LUH_NMC_SIO/P025_1,1151.5233333333333,0
EXT-01946,1945,LUH_NMC_SIO,LUH_NMC_SIO/P025_1,1221.0233333333333,0
EXT-01947,1946,LUH_NMC_SIO,LUH_NMC_SIO/P025_1,1289.8166666666666,0
EXT-01948,1947,LUH_NMC_SIO,LUH_NMC_SIO/P025_1,1357.085,0
EXT-01949,1948,LUH_NMC_SIO,LUH_NMC_SIO/P025_1,1421.5816666666667,0
EXT-01950,1949,LUH_NMC_SIO,LUH_NMC_SIO/P025_1,1485.5316666666665,0
EXT-01951,1950,LUH_NMC_SIO,LUH_NMC_SIO/P025_2,293.99333333333334,0
EXT-01952,1951,LUH_NMC_SIO,LUH_NMC_SIO/P025_2,366.8833333333334,0
EXT-01953,1952,LUH_NMC_SIO,LUH_NMC_SIO/P025_2,439.3666666666666,0
EXT-01954,1953,LUH_NMC_SIO,LUH_NMC_SIO/P025_2,512.0633333333334,0
EXT-01955,1954,LUH_NMC_SIO,LUH_NMC_SIO/P025_2,584.4183333333334,0
EXT-01956,1955,LUH_NMC_SIO,LUH_NMC_SIO/P025_2,656.3766666666667,0
EXT-01957,1956,LUH_NMC_SIO,LUH_NMC_SIO/P025_2,727.32,0
EXT-01958,1957,LUH_NMC_SIO,LUH_NMC_SIO/P025_2,795.5600000000001,0
EXT-01959,1958,LUH_NMC_SIO,LUH_NMC_SIO/P025_2,866.5716666666667,0
EXT-01960,1959,LUH_NMC_SIO,LUH_NMC_SIO/P025_2,937.9483333333334,0
EXT-01961,1960,LUH_NMC_SIO,LUH_NMC_SIO/P025_2,1008.5083333333333,0
EXT-01962,1961,LUH_NMC_SIO,LUH_NMC_SIO/P025_2,1078.6783333333333,0
EXT-01963,1962,LUH_NMC_SIO,LUH_NMC_SIO/P025_2,1144.8816666666667,0
EXT-01964,1963,LUH_NMC_SIO,LUH_NMC_SIO/P025_2,1213.3216666666667,0
EXT-01965,1964,LUH_NMC_SIO,LUH_NMC_SIO/P025_2,1279.46,0
EXT-01966,1965,LUH_NMC_SIO,LUH_NMC_SIO/P025_2,1341.8533333333332,0
EXT-01967,1966,LUH_NMC_SIO,LUH_NMC_SIO/P025_2,1376.4383333333335,0
EXT-01968,1967,LUH_NMC_SIO,LUH_NMC_SIO/P025_3,293.38,0
EXT-01969,1968,LUH_NMC_SIO,LUH_NMC_SIO/P025_3,365.7866666666667,0
EXT-01970,1969,LUH_NMC_SIO,LUH_NMC_SIO/P025_3,438.4583333333333,0
EXT-01971,1970,LUH_NMC_SIO,LUH_NMC_SIO/P025_3,510.77,0
EXT-01972,1971,LUH_NMC_SIO,LUH_NMC_SIO/P025_3,583.35,0
EXT-01973,1972,LUH_NMC_SIO,LUH_NMC_SIO/P025_3,654.9766666666666,0
EXT-01974,1973,LUH_NMC_SIO,LUH_NMC_SIO/P025_3,726.185,0
EXT-01975,1974,LUH_NMC_SIO,LUH_NMC_SIO/P025_3,794.6883333333334,0
EXT-01976,1975,LUH_NMC_SIO,LUH_NMC_SIO/P025_3,866.0166666666668,0
EXT-01977,1976,LUH_NMC_SIO,LUH_NMC_SIO/P025_3,937.2233333333334,0
EXT-01978,1977,LUH_NMC_SIO,LUH_NMC_SIO/P025_3,1007.71,0
EXT-01979,1978,LUH_NMC_SIO,LUH_NMC_SIO/P025_3,1077.8933333333334,0
EXT-01980,1979,LUH_NMC_SIO,LUH_NMC_SIO/P025_3,1144.69,0
EXT-01981,1980,LUH_NMC_SIO,LUH_NMC_SIO/P025_3,1213.495,0
EXT-01982,1981,LUH_NMC_SIO,LUH_NMC_SIO/P025_3,1280.6133333333335,0
EXT-01983,1982,LUH_NMC_SIO,LUH_NMC_SIO/P025_3,1345.6983333333333,0
EXT-01984,1983,LUH_NMC_SIO,LUH_NMC_SIO/P025_3,1406.8183333333334,0
EXT-01985,1984,LUH_NMC_SIO,LUH_NMC_SIO/P025_3,1437.055,0
EXT-01986,1985,LUH_NMC_SIO,LUH_NMC_SIO/P026_1,402.7816666666666,0
EXT-01987,1986,LUH_NMC_SIO,LUH_NMC_SIO/P026_1,499.05333333333334,0
EXT-01988,1987,LUH_NMC_SIO,LUH_NMC_SIO/P026_1,593.6616666666667,0
EXT-01989,1988,LUH_NMC_SIO,LUH_NMC_SIO/P026_1,685.6933333333333,0
EXT-01990,1989,LUH_NMC_SIO,LUH_NMC_SIO/P026_1,774.1266666666667,0
EXT-01991,1990,LUH_NMC_SIO,LUH_NMC_SIO/P026_1,856.2566666666667,0
EXT-01992,1991,LUH_NMC_SIO,LUH_NMC_SIO/P026_1,915.0949999999999,0
EXT-01993,1992,LUH_NMC_SIO,LUH_NMC_SIO/P026_2,402.8883333333333,0
EXT-01994,1993,LUH_NMC_SIO,LUH_NMC_SIO/P026_2,499.4633333333333,0
EXT-01995,1994,LUH_NMC_SIO,LUH_NMC_SIO/P026_2,594.5483333333333,0
EXT-01996,1995,LUH_NMC_SIO,LUH_NMC_SIO/P026_2,687.2166666666667,0
EXT-01997,1996,LUH_NMC_SIO,LUH_NMC_SIO/P026_2,777.1899999999999,0
EXT-01998,1997,LUH_NMC_SIO,LUH_NMC_SIO/P026_2,859.415,0
EXT-01999,1998,LUH_NMC_SIO,LUH_NMC_SIO/P026_2,893.055,0
EXT-02000,1999,LUH_NMC_SIO,LUH_NMC_SIO/P026_3,395.8283333333334,0
EXT-02001,2000,LUH_NMC_SIO,LUH_NMC_SIO/P026_3,490.295,0
EXT-02002,2001,LUH_NMC_SIO,LUH_NMC_SIO/P026_3,582.3516666666667,0
EXT-02003,2002,LUH_NMC_SIO,LUH_NMC_SIO/P026_3,671.9816666666667,0
EXT-02004,2003,LUH_NMC_SIO,LUH_NMC_SIO/P026_3,756.6616666666665,0
EXT-02005,2004,LUH_NMC_SIO,LUH_NMC_SIO/P026_3,827.9983333333333,0
EXT-02006,2005,LUH_NMC_SIO,LUH_NMC_SIO/P026_3,839.6850000000001,0
EXT-02007,2006,LUH_NMC_SIO,LUH_NMC_SIO/P027_3,421.02833333333336,0
EXT-02008,2007,LUH_NMC_SIO,LUH_NMC_SIO/P029_1,299.96,0
EXT-02009,2008,LUH_NMC_SIO,LUH_NMC_SIO/P029_1,373.5083333333334,0
EXT-02010,2009,LUH_NMC_SIO,LUH_NMC_SIO/P029_1,446.3866666666666,0
EXT-02011,2010,LUH_NMC_SIO,LUH_NMC_SIO/P029_1,519.3449999999999,0
EXT-02012,2011,LUH_NMC_SIO,LUH_NMC_SIO/P029_1,591.5716666666667,0
EXT-02013,2012,LUH_NMC_SIO,LUH_NMC_SIO/P029_1,662.9766666666666,0
EXT-02014,2013,LUH_NMC_SIO,LUH_NMC_SIO/P029_1,733.1583333333333,0
EXT-02015,2014,LUH_NMC_SIO,LUH_NMC_SIO/P029_1,799.5450000000001,0
EXT-02016,2015,LUH_NMC_SIO,LUH_NMC_SIO/P029_1,843.3033333333333,0
EXT-02017,2016,LUH_NMC_SIO,LUH_NMC_SIO/P029_2,298.70666666666665,0
EXT-02018,2017,LUH_NMC_SIO,LUH_NMC_SIO/P029_2,371.6933333333333,0
EXT-02019,2018,LUH_NMC_SIO,LUH_NMC_SIO/P029_2,443.96000000000004,0
EXT-02020,2019,LUH_NMC_SIO,LUH_NMC_SIO/P029_2,516.3116666666666,0
EXT-02021,2020,LUH_NMC_SIO,LUH_NMC_SIO/P029_2,587.9816666666667,0
EXT-02022,2021,LUH_NMC_SIO,LUH_NMC_SIO/P029_2,658.8850000000001,0
EXT-02023,2022,LUH_NMC_SIO,LUH_NMC_SIO/P029_2,728.725,0
EXT-02024,2023,LUH_NMC_SIO,LUH_NMC_SIO/P029_2,795.5533333333333,0
EXT-02025,2024,LUH_NMC_SIO,LUH_NMC_SIO/P029_2,857.735,0
EXT-02026,2025,LUH_NMC_SIO,LUH_NMC_SIO/P029_3,298.3966666666667,0
EXT-02027,2026,LUH_NMC_SIO,LUH_NMC_SIO/P029_3,371.3833333333334,0
EXT-02028,2027,LUH_NMC_SIO,LUH_NMC_SIO/P029_3,444.4433333333333,0
EXT-02029,2028,LUH_NMC_SIO,LUH_NMC_SIO/P029_3,516.8966666666666,0
EXT-02030,2029,LUH_NMC_SIO,LUH_NMC_SIO/P029_3,588.7416666666667,0
EXT-02031,2030,LUH_NMC_SIO,LUH_NMC_SIO/P029_3,659.8883333333333,0
EXT-02032,2031,LUH_NMC_SIO,LUH_NMC_SIO/P029_3,730.1349999999999,0
EXT-02033,2032,LUH_NMC_SIO,LUH_NMC_SIO/P029_3,797.2416666666668,0
EXT-02034,2033,LUH_NMC_SIO,LUH_NMC_SIO/P029_3,866.2716666666666,0
EXT-02035,2034,LUH_NMC_SIO,LUH_NMC_SIO/P029_3,913.3633333333333,0
EXT-02036,2035,LUH_NMC_SIO,LUH_NMC_SIO/P030_1,422.98,0
EXT-02037,2036,LUH_NMC_SIO,LUH_NMC_SIO/P030_1,521.5416666666666,0
EXT-02038,2037,LUH_NMC_SIO,LUH_NMC_SIO/P030_1,617.6216666666667,0
EXT-02039,2038,LUH_NMC_SIO,LUH_NMC_SIO/P030_1,706.2783333333333,0
EXT-02040,2039,LUH_NMC_SIO,LUH_NMC_SIO/P030_2,418.4916666666666,0
EXT-02041,2040,LUH_NMC_SIO,LUH_NMC_SIO/P030_2,516.5683333333333,0
EXT-02042,2041,LUH_NMC_SIO,LUH_NMC_SIO/P030_2,610.055,0
EXT-02043,2042,LUH_NMC_SIO,LUH_NMC_SIO/P030_2,677.9833333333333,0
EXT-02044,2043,LUH_NMC_SIO,LUH_NMC_SIO/P030_3,419.12166666666667,0
EXT-02045,2044,LUH_NMC_SIO,LUH_NMC_SIO/P030_3,517.0483333333333,0
EXT-02046,2045,LUH_NMC_SIO,LUH_NMC_SIO/P030_3,610.32,0
EXT-02047,2046,LUH_NMC_SIO,LUH_NMC_SIO/P030_3,682.4733333333334,0
EXT-02048,2047,LUH_NMC_SIO,LUH_NMC_SIO/P033_1,303.7866666666667,0
EXT-02049,2048,LUH_NMC_SIO,LUH_NMC_SIO/P033_1,378.55,0
EXT-02050,2049,LUH_NMC_SIO,LUH_NMC_SIO/P033_1,453.10833333333335,0
EXT-02051,2050,LUH_NMC_SIO,LUH_NMC_SIO/P033_1,527.4883333333333,0
EXT-02052,2051,LUH_NMC_SIO,LUH_NMC_SIO/P033_1,601.6683333333334,0
EXT-02053,2052,LUH_NMC_SIO,LUH_NMC_SIO/P033_1,674.9066666666666,0
EXT-02054,2053,LUH_NMC_SIO,LUH_NMC_SIO/P033_1,747.9066666666668,0
EXT-02055,2054,LUH_NMC_SIO,LUH_NMC_SIO/P033_1,817.8166666666666,0
EXT-02056,2055,LUH_NMC_SIO,LUH_NMC_SIO/P033_1,890.9483333333334,0
EXT-02057,2056,LUH_NMC_SIO,LUH_NMC_SIO/P033_1,964.3466666666667,0
EXT-02058,2057,LUH_NMC_SIO,LUH_NMC_SIO/P033_1,1036.615,0
EXT-02059,2058,LUH_NMC_SIO,LUH_NMC_SIO/P033_1,1109.0049999999999,0
EXT-02060,2059,LUH_NMC_SIO,LUH_NMC_SIO/P033_1,1177.5833333333333,0
EXT-02061,2060,LUH_NMC_SIO,LUH_NMC_SIO/P033_1,1248.6366666666665,0
EXT-02062,2061,LUH_NMC_SIO,LUH_NMC_SIO/P033_1,1319.25,0
EXT-02063,2062,LUH_NMC_SIO,LUH_NMC_SIO/P033_1,1388.2616666666665,0
EXT-02064,2063,LUH_NMC_SIO,LUH_NMC_SIO/P033_1,1452.6233333333332,0
EXT-02065,2064,LUH_NMC_SIO,LUH_NMC_SIO/P033_1,1516.6566666666665,0
EXT-02066,2065,LUH_NMC_SIO,LUH_NMC_SIO/P033_2,301.66,0
EXT-02067,2066,LUH_NMC_SIO,LUH_NMC_SIO/P033_2,375.95666666666665,0
EXT-02068,2067,LUH_NMC_SIO,LUH_NMC_SIO/P033_2,450.0716666666667,0
EXT-02069,2068,LUH_NMC_SIO,LUH_NMC_SIO/P033_2,524.01,0
EXT-02070,2069,LUH_NMC_SIO,LUH_NMC_SIO/P033_2,598.44,0
EXT-02071,2070,LUH_NMC_SIO,LUH_NMC_SIO/P033_2,671.8666666666667,0
EXT-02072,2071,LUH_NMC_SIO,LUH_NMC_SIO/P033_2,744.2983333333333,0
EXT-02073,2072,LUH_NMC_SIO,LUH_NMC_SIO/P033_2,814.3316666666666,0
EXT-02074,2073,LUH_NMC_SIO,LUH_NMC_SIO/P033_2,886.8816666666667,0
EXT-02075,2074,LUH_NMC_SIO,LUH_NMC_SIO/P033_2,959.75,0
EXT-02076,2075,LUH_NMC_SIO,LUH_NMC_SIO/P033_2,1032.22,0
EXT-02077,2076,LUH_NMC_SIO,LUH_NMC_SIO/P033_2,1104.2266666666667,0
EXT-02078,2077,LUH_NMC_SIO,LUH_NMC_SIO/P033_2,1172.55,0
EXT-02079,2078,LUH_NMC_SIO,LUH_NMC_SIO/P033_2,1243.505,0
EXT-02080,2079,LUH_NMC_SIO,LUH_NMC_SIO/P033_2,1313.8833333333334,0
EXT-02081,2080,LUH_NMC_SIO,LUH_NMC_SIO/P033_2,1383.3216666666667,0
EXT-02082,2081,LUH_NMC_SIO,LUH_NMC_SIO/P033_2,1449.095,0
EXT-02083,2082,LUH_NMC_SIO,LUH_NMC_SIO/P033_2,1514.5366666666666,0
EXT-02084,2083,LUH_NMC_SIO,LUH_NMC_SIO/P033_3,300.24,0
EXT-02085,2084,LUH_NMC_SIO,LUH_NMC_SIO/P033_3,374.73333333333335,0
EXT-02086,2085,LUH_NMC_SIO,LUH_NMC_SIO/P033_3,449.0733333333333,0
EXT-02087,2086,LUH_NMC_SIO,LUH_NMC_SIO/P033_3,523.245,0
EXT-02088,2087,LUH_NMC_SIO,LUH_NMC_SIO/P033_3,597.9333333333333,0
EXT-02089,2088,LUH_NMC_SIO,LUH_NMC_SIO/P033_3,671.6516666666666,0
EXT-02090,2089,LUH_NMC_SIO,LUH_NMC_SIO/P033_3,744.4,0
EXT-02091,2090,LUH_NMC_SIO,LUH_NMC_SIO/P033_3,814.0866666666667,0
EXT-02092,2091,LUH_NMC_SIO,LUH_NMC_SIO/P033_3,886.335,0
EXT-02093,2092,LUH_NMC_SIO,LUH_NMC_SIO/P033_3,959.505,0
EXT-02094,2093,LUH_NMC_SIO,LUH_NMC_SIO/P033_3,1032.22,0
EXT-02095,2094,LUH_NMC_SIO,LUH_NMC_SIO/P033_3,1104.4383333333333,0
EXT-02096,2095,LUH_NMC_SIO,LUH_NMC_SIO/P033_3,1172.9016666666666,0
EXT-02097,2096,LUH_NMC_SIO,LUH_NMC_SIO/P033_3,1243.8816666666667,0
EXT-02098,2097,LUH_NMC_SIO,LUH_NMC_SIO/P033_3,1314.4016666666666,0
EXT-02099,2098,LUH_NMC_SIO,LUH_NMC_SIO/P033_3,1383.0383333333332,0
EXT-02100,2099,LUH_NMC_SIO,LUH_NMC_SIO/P033_3,1447.18,0
EXT-02101,2100,LUH_NMC_SIO,LUH_NMC_SIO/P034_1,425.145,0
EXT-02102,2101,LUH_NMC_SIO,LUH_NMC_SIO/P034_1,526.9499999999999,0
EXT-02103,2102,LUH_NMC_SIO,LUH_NMC_SIO/P034_1,627.8833333333333,0
EXT-02104,2103,LUH_NMC_SIO,LUH_NMC_SIO/P034_1,727.0200000000001,0
EXT-02105,2104,LUH_NMC_SIO,LUH_NMC_SIO/P034_1,824.2950000000001,0
EXT-02106,2105,LUH_NMC_SIO,LUH_NMC_SIO/P034_1,918.3766666666667,0
EXT-02107,2106,LUH_NMC_SIO,LUH_NMC_SIO/P034_1,1009.835,0
EXT-02108,2107,LUH_NMC_SIO,LUH_NMC_SIO/P034_1,1095.5916666666667,0
EXT-02109,2108,LUH_NMC_SIO,LUH_NMC_SIO/P034_1,1180.7533333333333,0
EXT-02110,2109,LUH_NMC_SIO,LUH_NMC_SIO/P034_1,1257.1833333333334,0
EXT-02111,2110,LUH_NMC_SIO,LUH_NMC_SIO/P034_1,1263.745,0
EXT-02112,2111,LUH_NMC_SIO,LUH_NMC_SIO/P034_2,421.7033333333334,0
EXT-02113,2112,LUH_NMC_SIO,LUH_NMC_SIO/P034_2,524.2683333333333,0
EXT-02114,2113,LUH_NMC_SIO,LUH_NMC_SIO/P034_2,624.9883333333333,0
EXT-02115,2114,LUH_NMC_SIO,LUH_NMC_SIO/P034_2,723.9016666666666,0
EXT-02116,2115,LUH_NMC_SIO,LUH_NMC_SIO/P034_2,820.9516666666665,0
EXT-02117,2116,LUH_NMC_SIO,LUH_NMC_SIO/P034_2,914.9399999999999,0
EXT-02118,2117,LUH_NMC_SIO,LUH_NMC_SIO/P034_2,1006.415,0
EXT-02119,2118,LUH_NMC_SIO,LUH_NMC_SIO/P034_2,1092.2066666666667,0
EXT-02120,2119,LUH_NMC_SIO,LUH_NMC_SIO/P034_2,1177.155,0
EXT-02121,2120,LUH_NMC_SIO,LUH_NMC_SIO/P034_2,1251.705,0
EXT-02122,2121,LUH_NMC_SIO,LUH_NMC_SIO/P034_3,421.98333333333335,0
EXT-02123,2122,LUH_NMC_SIO,LUH_NMC_SIO/P034_3,524.4966666666667,0
EXT-02124,2123,LUH_NMC_SIO,LUH_NMC_SIO/P034_3,625.2683333333333,0
EXT-02125,2124,LUH_NMC_SIO,LUH_NMC_SIO/P034_3,724.2483333333333,0
EXT-02126,2125,LUH_NMC_SIO,LUH_NMC_SIO/P034_3,821.3149999999999,0
EXT-02127,2126,LUH_NMC_SIO,LUH_NMC_SIO/P034_3,915.3000000000001,0
EXT-02128,2127,LUH_NMC_SIO,LUH_NMC_SIO/P034_3,1006.815,0
EXT-02129,2128,LUH_NMC_SIO,LUH_NMC_SIO/P034_3,1092.9933333333333,0
EXT-02130,2129,LUH_NMC_SIO,LUH_NMC_SIO/P034_3,1179.5016666666668,0
EXT-02131,2130,LUH_NMC_SIO,LUH_NMC_SIO/P034_3,1256.1983333333335,0
EXT-02132,2131,LUH_NMC_SIO,LUH_NMC_SIO/P034_3,1260.7583333333334,0
EXT-02133,2132,LUH_NMC_SIO,LUH_NMC_SIO/P037_1,297.2316666666666,0
EXT-02134,2133,LUH_NMC_SIO,LUH_NMC_SIO/P037_1,371.1966666666667,0
EXT-02135,2134,LUH_NMC_SIO,LUH_NMC_SIO/P037_1,445.57,0
EXT-02136,2135,LUH_NMC_SIO,LUH_NMC_SIO/P037_1,519.75,0
EXT-02137,2136,LUH_NMC_SIO,LUH_NMC_SIO/P037_1,593.7216666666667,0
EXT-02138,2137,LUH_NMC_SIO,LUH_NMC_SIO/P037_1,667.48,0
EXT-02139,2138,LUH_NMC_SIO,LUH_NMC_SIO/P037_1,740.41,0
EXT-02140,2139,LUH_NMC_SIO,LUH_NMC_SIO/P037_1,810.715,0
EXT-02141,2140,LUH_NMC_SIO,LUH_NMC_SIO/P037_1,884.3699999999999,0
EXT-02142,2141,LUH_NMC_SIO,LUH_NMC_SIO/P037_1,958.3149999999999,0
EXT-02143,2142,LUH_NMC_SIO,LUH_NMC_SIO/P037_1,1031.9933333333333,0
EXT-02144,2143,LUH_NMC_SIO,LUH_NMC_SIO/P037_1,1105.42,0
EXT-02145,2144,LUH_NMC_SIO,LUH_NMC_SIO/P037_1,1175.8283333333334,0
EXT-02146,2145,LUH_NMC_SIO,LUH_NMC_SIO/P037_1,1248.8066666666666,0
EXT-02147,2146,LUH_NMC_SIO,LUH_NMC_SIO/P037_1,1322.095,0
EXT-02148,2147,LUH_NMC_SIO,LUH_NMC_SIO/P037_1,1395.1033333333332,0
EXT-02149,2148,LUH_NMC_SIO,LUH_NMC_SIO/P037_1,1466.8366666666668,0
EXT-02150,2149,LUH_NMC_SIO,LUH_NMC_SIO/P037_1,1540.3766666666668,0
EXT-02151,2150,LUH_NMC_SIO,LUH_NMC_SIO/P037_2,297.8883333333333,0
EXT-02152,2151,LUH_NMC_SIO,LUH_NMC_SIO/P037_2,371.32333333333327,0
EXT-02153,2152,LUH_NMC_SIO,LUH_NMC_SIO/P037_2,445.2416666666666,0
EXT-02154,2153,LUH_NMC_SIO,LUH_NMC_SIO/P037_2,518.9983333333333,0
EXT-02155,2154,LUH_NMC_SIO,LUH_NMC_SIO/P037_2,593.18,0
EXT-02156,2155,LUH_NMC_SIO,LUH_NMC_SIO/P037_2,666.5616666666666,0
EXT-02157,2156,LUH_NMC_SIO,LUH_NMC_SIO/P037_3,299.18833333333333,0
EXT-02158,2157,LUH_NMC_SIO,LUH_NMC_SIO/P037_3,373.2133333333333,0
EXT-02159,2158,LUH_NMC_SIO,LUH_NMC_SIO/P037_3,447.0883333333333,0
EXT-02160,2159,LUH_NMC_SIO,LUH_NMC_SIO/P037_3,520.8166666666666,0
EXT-02161,2160,LUH_NMC_SIO,LUH_NMC_SIO/P037_3,594.9883333333333,0
EXT-02162,2161,LUH_NMC_SIO,LUH_NMC_SIO/P037_3,668.3516666666667,0
EXT-02163,2162,LUH_NMC_SIO,LUH_NMC_SIO/P037_3,740.9133333333333,0
EXT-02164,2163,LUH_NMC_SIO,LUH_NMC_SIO/P037_3,810.8766666666667,0
EXT-02165,2164,LUH_NMC_SIO,LUH_NMC_SIO/P037_3,884.2083333333334,0
EXT-02166,2165,LUH_NMC_SIO,LUH_NMC_SIO/P037_3,957.8533333333334,0
EXT-02167,2166,LUH_NMC_SIO,LUH_NMC_SIO/P037_3,1031.2383333333335,0
EXT-02168,2167,LUH_NMC_SIO,LUH_NMC_SIO/P037_3,1104.3833333333334,0
EXT-02169,2168,LUH_NMC_SIO,LUH_NMC_SIO/P037_3,1174.49,0
EXT-02170,2169,LUH_NMC_SIO,LUH_NMC_SIO/P037_3,1247.7233333333334,0
EXT-02171,2170,LUH_NMC_SIO,LUH_NMC_SIO/P037_3,1320.695,0
EXT-02172,2171,LUH_NMC_SIO,LUH_NMC_SIO/P037_3,1393.4033333333334,0
EXT-02173,2172,LUH_NMC_SIO,LUH_NMC_SIO/P037_3,1464.8216666666667,0
EXT-02174,2173,LUH_NMC_SIO,LUH_NMC_SIO/P037_3,1538.6116666666667,0
EXT-02175,2174,LUH_NMC_SIO,LUH_NMC_SIO/P038_1,416.4766666666667,0
EXT-02176,2175,LUH_NMC_SIO,LUH_NMC_SIO/P038_1,518.92,0
EXT-02177,2176,LUH_NMC_SIO,LUH_NMC_SIO/P038_1,621.2833333333333,0
EXT-02178,2177,LUH_NMC_SIO,LUH_NMC_SIO/P038_1,722.9716666666667,0
EXT-02179,2178,LUH_NMC_SIO,LUH_NMC_SIO/P038_1,823.875,0
EXT-02180,2179,LUH_NMC_SIO,LUH_NMC_SIO/P038_1,922.7766666666666,0
EXT-02181,2180,LUH_NMC_SIO,LUH_NMC_SIO/P038_1,1019.6516666666666,0
EXT-02182,2181,LUH_NMC_SIO,LUH_NMC_SIO/P038_1,1111.735,0
EXT-02183,2182,LUH_NMC_SIO,LUH_NMC_SIO/P038_1,1204.9066666666668,0
EXT-02184,2183,LUH_NMC_SIO,LUH_NMC_SIO/P038_1,1298.5633333333333,0
EXT-02185,2184,LUH_NMC_SIO,LUH_NMC_SIO/P038_1,1390.4016666666666,0
EXT-02186,2185,LUH_NMC_SIO,LUH_NMC_SIO/P038_1,1480.47,0
EXT-02187,2186,LUH_NMC_SIO,LUH_NMC_SIO/P038_1,1564.0883333333334,0
EXT-02188,2187,LUH_NMC_SIO,LUH_NMC_SIO/P038_1,1647.43,0
EXT-02189,2188,LUH_NMC_SIO,LUH_NMC_SIO/P038_1,1717.5883333333331,0
EXT-02190,2189,LUH_NMC_SIO,LUH_NMC_SIO/P038_1,1721.4166666666667,0
EXT-02191,2190,LUH_NMC_SIO,LUH_NMC_SIO/P038_2,419.0716666666667,0
EXT-02192,2191,LUH_NMC_SIO,LUH_NMC_SIO/P038_2,522.2416666666667,0
EXT-02193,2192,LUH_NMC_SIO,LUH_NMC_SIO/P038_2,624.8783333333333,0
EXT-02194,2193,LUH_NMC_SIO,LUH_NMC_SIO/P038_2,727.0099999999999,0
EXT-02195,2194,LUH_NMC_SIO,LUH_NMC_SIO/P038_2,828.59,0
EXT-02196,2195,LUH_NMC_SIO,LUH_NMC_SIO/P038_2,928.3950000000001,0
EXT-02197,2196,LUH_NMC_SIO,LUH_NMC_SIO/P038_2,1026.4033333333334,0
EXT-02198,2197,LUH_NMC_SIO,LUH_NMC_SIO/P038_2,1119.8016666666665,0
EXT-02199,2198,LUH_NMC_SIO,LUH_NMC_SIO/P038_2,1215.7866666666666,0
EXT-02200,2199,LUH_NMC_SIO,LUH_NMC_SIO/P038_2,1310.8183333333334,0
EXT-02201,2200,LUH_NMC_SIO,LUH_NMC_SIO/P038_2,1404.2683333333334,0
EXT-02202,2201,LUH_NMC_SIO,LUH_NMC_SIO/P038_2,1496.0966666666666,0
EXT-02203,2202,LUH_NMC_SIO,LUH_NMC_SIO/P038_2,1582.4433333333334,0
EXT-02204,2203,LUH_NMC_SIO,LUH_NMC_SIO/P038_2,1670.6533333333334,0
EXT-02205,2204,LUH_NMC_SIO,LUH_NMC_SIO/P038_2,1755.7466666666667,0
EXT-02206,2205,LUH_NMC_SIO,LUH_NMC_SIO/P038_2,1833.2849999999999,0
EXT-02207,2206,LUH_NMC_SIO,LUH_NMC_SIO/P038_2,1862.9916666666668,0
EXT-02208,2207,LUH_NMC_SIO,LUH_NMC_SIO/P038_3,419.43666666666667,0
EXT-02209,2208,LUH_NMC_SIO,LUH_NMC_SIO/P038_3,522.0500000000001,0
EXT-02210,2209,LUH_NMC_SIO,LUH_NMC_SIO/P038_3,624.6416666666668,0
EXT-02211,2210,LUH_NMC_SIO,LUH_NMC_SIO/P038_3,726.4916666666667,0
EXT-02212,2211,LUH_NMC_SIO,LUH_NMC_SIO/P038_3,827.4916666666668,0
EXT-02213,2212,LUH_NMC_SIO,LUH_NMC_SIO/P038_3,926.4333333333334,0
EXT-02214,2213,LUH_NMC_SIO,LUH_NMC_SIO/P038_3,1023.27,0
EXT-02215,2214,LUH_NMC_SIO,LUH_NMC_SIO/P038_3,1115.3216666666667,0
EXT-02216,2215,LUH_NMC_SIO,LUH_NMC_SIO/P038_3,1210.135,0
EXT-02217,2216,LUH_NMC_SIO,LUH_NMC_SIO/P038_3,1303.7116666666668,0
EXT-02218,2217,LUH_NMC_SIO,LUH_NMC_SIO/P038_3,1395.5566666666666,0
EXT-02219,2218,LUH_NMC_SIO,LUH_NMC_SIO/P038_3,1484.9750000000001,0
EXT-02220,2219,LUH_NMC_SIO,LUH_NMC_SIO/P038_3,1567.3083333333332,0
EXT-02221,2220,LUH_NMC_SIO,LUH_NMC_SIO/P038_3,1644.7300000000002,0
EXT-02222,2221,LUH_NMC_SIO,LUH_NMC_SIO/P039_1,639.2716666666666,0
EXT-02223,2222,LUH_NMC_SIO,LUH_NMC_SIO/P039_1,764.7516666666667,0
EXT-02224,2223,LUH_NMC_SIO,LUH_NMC_SIO/P039_1,828.2883333333333,0
EXT-02225,2224,LUH_NMC_SIO,LUH_NMC_SIO/P039_2,645.3016666666666,0
EXT-02226,2225,LUH_NMC_SIO,LUH_NMC_SIO/P039_2,776.1483333333334,0
EXT-02227,2226,LUH_NMC_SIO,LUH_NMC_SIO/P039_2,869.5349999999999,0
EXT-02228,2227,LUH_NMC_SIO,LUH_NMC_SIO/P039_3,634.2433333333333,0
EXT-02229,2228,LUH_NMC_SIO,LUH_NMC_SIO/P039_3,754.0183333333334,0
EXT-02230,2229,LUH_NMC_SIO,LUH_NMC_SIO/P040_1,553.0416666666666,0
EXT-02231,2230,LUH_NMC_SIO,LUH_NMC_SIO/P041_1,303.6983333333333,0
EXT-02232,2231,LUH_NMC_SIO,LUH_NMC_SIO/P041_1,378.43833333333333,0
EXT-02233,2232,LUH_NMC_SIO,LUH_NMC_SIO/P041_1,453.55333333333334,0
EXT-02234,2233,LUH_NMC_SIO,LUH_NMC_SIO/P041_1,528.4633333333333,0
EXT-02235,2234,LUH_NMC_SIO,LUH_NMC_SIO/P041_1,603.3116666666666,0
EXT-02236,2235,LUH_NMC_SIO,LUH_NMC_SIO/P041_1,677.2966666666666,0
EXT-02237,2236,LUH_NMC_SIO,LUH_NMC_SIO/P041_1,750.1333333333333,0
EXT-02238,2237,LUH_NMC_SIO,LUH_NMC_SIO/P041_1,821.0833333333334,0
EXT-02239,2238,LUH_NMC_SIO,LUH_NMC_SIO/P041_1,894.0649999999999,0
EXT-02240,2239,LUH_NMC_SIO,LUH_NMC_SIO/P041_1,968.0,0
EXT-02241,2240,LUH_NMC_SIO,LUH_NMC_SIO/P041_1,1041.3083333333334,0
EXT-02242,2241,LUH_NMC_SIO,LUH_NMC_SIO/P041_1,1114.2733333333333,0
EXT-02243,2242,LUH_NMC_SIO,LUH_NMC_SIO/P041_1,1183.2216666666666,0
EXT-02244,2243,LUH_NMC_SIO,LUH_NMC_SIO/P041_1,1254.8366666666668,0
EXT-02245,2244,LUH_NMC_SIO,LUH_NMC_SIO/P041_1,1325.1766666666665,0
EXT-02246,2245,LUH_NMC_SIO,LUH_NMC_SIO/P041_1,1394.7766666666666,0
EXT-02247,2246,LUH_NMC_SIO,LUH_NMC_SIO/P041_2,304.7283333333333,0
EXT-02248,2247,LUH_NMC_SIO,LUH_NMC_SIO/P041_2,379.3383333333333,0
EXT-02249,2248,LUH_NMC_SIO,LUH_NMC_SIO/P041_2,453.54333333333335,0
EXT-02250,2249,LUH_NMC_SIO,LUH_NMC_SIO/P041_2,527.59,0
EXT-02251,2250,LUH_NMC_SIO,LUH_NMC_SIO/P041_2,601.69,0
EXT-02252,2251,LUH_NMC_SIO,LUH_NMC_SIO/P041_2,675.81,0
EXT-02253,2252,LUH_NMC_SIO,LUH_NMC_SIO/P041_2,748.8783333333334,0
EXT-02254,2253,LUH_NMC_SIO,LUH_NMC_SIO/P041_2,819.5316666666668,0
EXT-02255,2254,LUH_NMC_SIO,LUH_NMC_SIO/P041_2,893.0133333333333,0
EXT-02256,2255,LUH_NMC_SIO,LUH_NMC_SIO/P041_2,966.5766666666667,0
EXT-02257,2256,LUH_NMC_SIO,LUH_NMC_SIO/P041_2,1039.4866666666667,0
EXT-02258,2257,LUH_NMC_SIO,LUH_NMC_SIO/P041_3,304.04333333333335,0
EXT-02259,2258,LUH_NMC_SIO,LUH_NMC_SIO/P041_3,378.7616666666666,0
EXT-02260,2259,LUH_NMC_SIO,LUH_NMC_SIO/P041_3,453.89000000000004,0
EXT-02261,2260,LUH_NMC_SIO,LUH_NMC_SIO/P041_3,528.8649999999999,0
EXT-02262,2261,LUH_NMC_SIO,LUH_NMC_SIO/P041_3,603.845,0
EXT-02263,2262,LUH_NMC_SIO,LUH_NMC_SIO/P041_3,678.11,0
EXT-02264,2263,LUH_NMC_SIO,LUH_NMC_SIO/P041_3,751.6516666666666,0
EXT-02265,2264,LUH_NMC_SIO,LUH_NMC_SIO/P041_3,822.02,0
EXT-02266,2265,LUH_NMC_SIO,LUH_NMC_SIO/P041_3,895.7183333333332,0
EXT-02267,2266,LUH_NMC_SIO,LUH_NMC_SIO/P041_3,970.1700000000001,0
EXT-02268,2267,LUH_NMC_SIO,LUH_NMC_SIO/P041_3,1044.0583333333334,0
EXT-02269,2268,LUH_NMC_SIO,LUH_NMC_SIO/P041_3,1117.4350000000002,0
EXT-02270,2269,LUH_NMC_SIO,LUH_NMC_SIO/P041_3,1186.5866666666668,0
EXT-02271,2270,LUH_NMC_SIO,LUH_NMC_SIO/P041_3,1258.5733333333335,0
EXT-02272,2271,LUH_NMC_SIO,LUH_NMC_SIO/P041_3,1329.5983333333334,0
EXT-02273,2272,LUH_NMC_SIO,LUH_NMC_SIO/P042_1,432.66499999999996,0
EXT-02274,2273,LUH_NMC_SIO,LUH_NMC_SIO/P042_1,539.2883333333333,0
EXT-02275,2274,LUH_NMC_SIO,LUH_NMC_SIO/P042_1,646.0983333333334,0
EXT-02276,2275,LUH_NMC_SIO,LUH_NMC_SIO/P042_1,752.5833333333334,0
EXT-02277,2276,LUH_NMC_SIO,LUH_NMC_SIO/P042_1,858.8766666666667,0
EXT-02278,2277,LUH_NMC_SIO,LUH_NMC_SIO/P042_1,963.4733333333334,0
EXT-02279,2278,LUH_NMC_SIO,LUH_NMC_SIO/P042_1,1066.715,0
EXT-02280,2279,LUH_NMC_SIO,LUH_NMC_SIO/P042_1,1166.7916666666667,0
EXT-02281,2280,LUH_NMC_SIO,LUH_NMC_SIO/P042_1,1270.8633333333335,0
EXT-02282,2281,LUH_NMC_SIO,LUH_NMC_SIO/P042_1,1374.9766666666667,0
EXT-02283,2282,LUH_NMC_SIO,LUH_NMC_SIO/P042_1,1477.7783333333334,0
EXT-02284,2283,LUH_NMC_SIO,LUH_NMC_SIO/P042_1,1579.76,0
EXT-02285,2284,LUH_NMC_SIO,LUH_NMC_SIO/P042_1,1675.7166666666665,0
EXT-02286,2285,LUH_NMC_SIO,LUH_NMC_SIO/P042_1,1774.5216666666668,0
EXT-02287,2286,LUH_NMC_SIO,LUH_NMC_SIO/P042_1,1871.4266666666665,0
EXT-02288,2287,LUH_NMC_SIO,LUH_NMC_SIO/P042_1,1967.1050000000002,0
EXT-02289,2288,LUH_NMC_SIO,LUH_NMC_SIO/P042_1,2060.7433333333333,0
EXT-02290,2289,LUH_NMC_SIO,LUH_NMC_SIO/P042_2,439.01,0
EXT-02291,2290,LUH_NMC_SIO,LUH_NMC_SIO/P042_2,545.4533333333334,0
EXT-02292,2291,LUH_NMC_SIO,LUH_NMC_SIO/P042_2,651.1083333333332,0
EXT-02293,2292,LUH_NMC_SIO,LUH_NMC_SIO/P042_2,755.9549999999999,0
EXT-02294,2293,LUH_NMC_SIO,LUH_NMC_SIO/P042_2,860.2883333333333,0
EXT-02295,2294,LUH_NMC_SIO,LUH_NMC_SIO/P042_2,962.5,0
EXT-02296,2295,LUH_NMC_SIO,LUH_NMC_SIO/P042_2,1061.5983333333334,0
EXT-02297,2296,LUH_NMC_SIO,LUH_NMC_SIO/P042_3,434.50333333333333,0
EXT-02298,2297,LUH_NMC_SIO,LUH_NMC_SIO/P042_3,541.5616666666666,0
EXT-02299,2298,LUH_NMC_SIO,LUH_NMC_SIO/P042_3,648.0,0
EXT-02300,2299,LUH_NMC_SIO,LUH_NMC_SIO/P042_3,754.035,0
EXT-02301,2300,LUH_NMC_SIO,LUH_NMC_SIO/P042_3,859.7366666666667,0
EXT-02302,2301,LUH_NMC_SIO,LUH_NMC_SIO/P042_3,964.3833333333332,0
EXT-02303,2302,LUH_NMC_SIO,LUH_NMC_SIO/P042_3,1067.8483333333334,0
EXT-02304,2303,LUH_NMC_SIO,LUH_NMC_SIO/P042_3,1167.3183333333334,0
EXT-02305,2304,LUH_NMC_SIO,LUH_NMC_SIO/P042_3,1271.09,0
EXT-02306,2305,LUH_NMC_SIO,LUH_NMC_SIO/P042_3,1374.7016666666666,0
EXT-02307,2306,LUH_NMC_SIO,LUH_NMC_SIO/P042_3,1477.2633333333333,0
EXT-02308,2307,LUH_NMC_SIO,LUH_NMC_SIO/P045_1,303.32166666666666,0
EXT-02309,2308,LUH_NMC_SIO,LUH_NMC_SIO/P045_1,378.40500000000003,0
EXT-02310,2309,LUH_NMC_SIO,LUH_NMC_SIO/P045_1,453.74333333333334,0
EXT-02311,2310,LUH_NMC_SIO,LUH_NMC_SIO/P045_1,529.3533333333334,0
EXT-02312,2311,LUH_NMC_SIO,LUH_NMC_SIO/P045_1,605.2983333333333,0
EXT-02313,2312,LUH_NMC_SIO,LUH_NMC_SIO/P045_1,680.0366666666666,0
EXT-02314,2313,LUH_NMC_SIO,LUH_NMC_SIO/P045_1,754.2583333333332,0
EXT-02315,2314,LUH_NMC_SIO,LUH_NMC_SIO/P045_1,826.6616666666667,0
EXT-02316,2315,LUH_NMC_SIO,LUH_NMC_SIO/P045_1,901.7383333333333,0
EXT-02317,2316,LUH_NMC_SIO,LUH_NMC_SIO/P045_1,977.975,0
EXT-02318,2317,LUH_NMC_SIO,LUH_NMC_SIO/P045_1,1053.8816666666667,0
EXT-02319,2318,LUH_NMC_SIO,LUH_NMC_SIO/P045_1,1129.4733333333334,0
EXT-02320,2319,LUH_NMC_SIO,LUH_NMC_SIO/P045_1,1201.8183333333334,0
EXT-02321,2320,LUH_NMC_SIO,LUH_NMC_SIO/P045_1,1277.5083333333334,0
EXT-02322,2321,LUH_NMC_SIO,LUH_NMC_SIO/P045_1,1352.88,0
EXT-02323,2322,LUH_NMC_SIO,LUH_NMC_SIO/P045_1,1428.6216666666667,0
EXT-02324,2323,LUH_NMC_SIO,LUH_NMC_SIO/P045_1,1503.3933333333334,0
EXT-02325,2324,LUH_NMC_SIO,LUH_NMC_SIO/P045_1,1580.7333333333333,0
EXT-02326,2325,LUH_NMC_SIO,LUH_NMC_SIO/P045_2,305.83666666666664,0
EXT-02327,2326,LUH_NMC_SIO,LUH_NMC_SIO/P045_2,380.72,0
EXT-02328,2327,LUH_NMC_SIO,LUH_NMC_SIO/P045_2,455.8383333333333,0
EXT-02329,2328,LUH_NMC_SIO,LUH_NMC_SIO/P045_2,531.245,0
EXT-02330,2329,LUH_NMC_SIO,LUH_NMC_SIO/P045_2,606.9683333333334,0
EXT-02331,2330,LUH_NMC_SIO,LUH_NMC_SIO/P045_2,682.25,0
EXT-02332,2331,LUH_NMC_SIO,LUH_NMC_SIO/P045_2,757.015,0
EXT-02333,2332,LUH_NMC_SIO,LUH_NMC_SIO/P045_2,829.1683333333334,0
EXT-02334,2333,LUH_NMC_SIO,LUH_NMC_SIO/P045_2,904.7733333333332,0
EXT-02335,2334,LUH_NMC_SIO,LUH_NMC_SIO/P045_2,980.7733333333334,0
EXT-02336,2335,LUH_NMC_SIO,LUH_NMC_SIO/P045_2,1056.45,0
EXT-02337,2336,LUH_NMC_SIO,LUH_NMC_SIO/P045_2,1132.5516666666665,0
EXT-02338,2337,LUH_NMC_SIO,LUH_NMC_SIO/P045_2,1205.4133333333332,0
EXT-02339,2338,LUH_NMC_SIO,LUH_NMC_SIO/P045_2,1281.6049999999998,0
EXT-02340,2339,LUH_NMC_SIO,LUH_NMC_SIO/P045_2,1357.4666666666665,0
EXT-02341,2340,LUH_NMC_SIO,LUH_NMC_SIO/P045_2,1432.985,0
EXT-02342,2341,LUH_NMC_SIO,LUH_NMC_SIO/P045_2,1507.5249999999999,0
EXT-02343,2342,LUH_NMC_SIO,LUH_NMC_SIO/P045_2,1584.6333333333332,0
EXT-02344,2343,LUH_NMC_SIO,LUH_NMC_SIO/P045_3,305.13,0
EXT-02345,2344,LUH_NMC_SIO,LUH_NMC_SIO/P045_3,380.55833333333334,0
EXT-02346,2345,LUH_NMC_SIO,LUH_NMC_SIO/P045_3,456.21166666666676,0
EXT-02347,2346,LUH_NMC_SIO,LUH_NMC_SIO/P045_3,532.1266666666667,0
EXT-02348,2347,LUH_NMC_SIO,LUH_NMC_SIO/P045_3,607.5733333333334,0
EXT-02349,2348,LUH_NMC_SIO,LUH_NMC_SIO/P045_3,682.5833333333334,0
EXT-02350,2349,LUH_NMC_SIO,LUH_NMC_SIO/P045_3,757.165,0
EXT-02351,2350,LUH_NMC_SIO,LUH_NMC_SIO/P045_3,829.07,0
EXT-02352,2351,LUH_NMC_SIO,LUH_NMC_SIO/P045_3,904.4183333333334,0
EXT-02353,2352,LUH_NMC_SIO,LUH_NMC_SIO/P045_3,980.8699999999999,0
EXT-02354,2353,LUH_NMC_SIO,LUH_NMC_SIO/P045_3,1056.945,0
EXT-02355,2354,LUH_NMC_SIO,LUH_NMC_SIO/P045_3,1132.6683333333333,0
EXT-02356,2355,LUH_NMC_SIO,LUH_NMC_SIO/P045_3,1205.1633333333332,0
EXT-02357,2356,LUH_NMC_SIO,LUH_NMC_SIO/P045_3,1280.9416666666666,0
EXT-02358,2357,LUH_NMC_SIO,LUH_NMC_SIO/P045_3,1357.0783333333334,0
EXT-02359,2358,LUH_NMC_SIO,LUH_NMC_SIO/P045_3,1432.8266666666666,0
EXT-02360,2359,LUH_NMC_SIO,LUH_NMC_SIO/P045_3,1507.5316666666668,0
EXT-02361,2360,LUH_NMC_SIO,LUH_NMC_SIO/P045_3,1584.6916666666668,0
EXT-02362,2361,LUH_NMC_SIO,LUH_NMC_SIO/P046_1,436.07166666666666,0
EXT-02363,2362,LUH_NMC_SIO,LUH_NMC_SIO/P046_1,544.8966666666666,0
EXT-02364,2363,LUH_NMC_SIO,LUH_NMC_SIO/P046_1,653.6166666666667,0
EXT-02365,2364,LUH_NMC_SIO,LUH_NMC_SIO/P046_1,762.265,0
EXT-02366,2365,LUH_NMC_SIO,LUH_NMC_SIO/P046_1,870.9133333333333,0
EXT-02367,2366,LUH_NMC_SIO,LUH_NMC_SIO/P046_1,978.7599999999999,0
EXT-02368,2367,LUH_NMC_SIO,LUH_NMC_SIO/P046_1,1084.89,0
EXT-02369,2368,LUH_NMC_SIO,LUH_NMC_SIO/P046_1,1187.455,0
EXT-02370,2369,LUH_NMC_SIO,LUH_NMC_SIO/P046_1,1294.6200000000001,0
EXT-02371,2370,LUH_NMC_SIO,LUH_NMC_SIO/P046_1,1403.2966666666664,0
EXT-02372,2371,LUH_NMC_SIO,LUH_NMC_SIO/P046_1,1511.2733333333333,0
EXT-02373,2372,LUH_NMC_SIO,LUH_NMC_SIO/P046_1,1619.2600000000002,0
EXT-02374,2373,LUH_NMC_SIO,LUH_NMC_SIO/P046_1,1722.1083333333333,0
EXT-02375,2374,LUH_NMC_SIO,LUH_NMC_SIO/P046_1,1828.8883333333333,0
EXT-02376,2375,LUH_NMC_SIO,LUH_NMC_SIO/P046_1,1934.8400000000001,0
EXT-02377,2376,LUH_NMC_SIO,LUH_NMC_SIO/P046_1,2040.6283333333333,0
EXT-02378,2377,LUH_NMC_SIO,LUH_NMC_SIO/P046_1,2143.6783333333333,0
EXT-02379,2378,LUH_NMC_SIO,LUH_NMC_SIO/P046_1,2249.265,0
EXT-02380,2379,LUH_NMC_SIO,LUH_NMC_SIO/P046_2,438.33500000000004,0
EXT-02381,2380,LUH_NMC_SIO,LUH_NMC_SIO/P046_2,546.2433333333333,0
EXT-02382,2381,LUH_NMC_SIO,LUH_NMC_SIO/P046_2,654.7433333333333,0
EXT-02383,2382,LUH_NMC_SIO,LUH_NMC_SIO/P046_2,763.12,0
EXT-02384,2383,LUH_NMC_SIO,LUH_NMC_SIO/P046_2,871.4133333333333,0
EXT-02385,2384,LUH_NMC_SIO,LUH_NMC_SIO/P046_2,978.8716666666666,0
EXT-02386,2385,LUH_NMC_SIO,LUH_NMC_SIO/P046_2,1085.345,0
EXT-02387,2386,LUH_NMC_SIO,LUH_NMC_SIO/P046_2,1188.1383333333333,0
EXT-02388,2387,LUH_NMC_SIO,LUH_NMC_SIO/P046_2,1295.3766666666668,0
EXT-02389,2388,LUH_NMC_SIO,LUH_NMC_SIO/P046_2,1403.3133333333335,0
EXT-02390,2389,LUH_NMC_SIO,LUH_NMC_SIO/P046_2,1511.165,0
EXT-02391,2390,LUH_NMC_SIO,LUH_NMC_SIO/P046_2,1618.9466666666667,0
EXT-02392,2391,LUH_NMC_SIO,LUH_NMC_SIO/P046_2,1721.0199999999998,0
EXT-02393,2392,LUH_NMC_SIO,LUH_NMC_SIO/P046_2,1827.581666666667,0
EXT-02394,2393,LUH_NMC_SIO,LUH_NMC_SIO/P046_2,1933.2883333333332,0
EXT-02395,2394,LUH_NMC_SIO,LUH_NMC_SIO/P046_2,2037.9749999999997,0
EXT-02396,2395,LUH_NMC_SIO,LUH_NMC_SIO/P046_2,2140.185,0
EXT-02397,2396,LUH_NMC_SIO,LUH_NMC_SIO/P046_2,2243.8416666666667,0
EXT-02398,2397,LUH_NMC_SIO,LUH_NMC_SIO/P046_3,434.1666666666667,0
EXT-02399,2398,LUH_NMC_SIO,LUH_NMC_SIO/P046_3,542.8383333333333,0
EXT-02400,2399,LUH_NMC_SIO,LUH_NMC_SIO/P046_3,651.385,0
EXT-02401,2400,LUH_NMC_SIO,LUH_NMC_SIO/P046_3,759.875,0
EXT-02402,2401,LUH_NMC_SIO,LUH_NMC_SIO/P046_3,868.3699999999999,0
EXT-02403,2402,LUH_NMC_SIO,LUH_NMC_SIO/P046_3,976.13,0
EXT-02404,2403,LUH_NMC_SIO,LUH_NMC_SIO/P046_3,1082.48,0
EXT-02405,2404,LUH_NMC_SIO,LUH_NMC_SIO/P046_3,1185.8883333333333,0
EXT-02406,2405,LUH_NMC_SIO,LUH_NMC_SIO/P046_3,1293.9183333333333,0
EXT-02407,2406,LUH_NMC_SIO,LUH_NMC_SIO/P046_3,1402.72,0
EXT-02408,2407,LUH_NMC_SIO,LUH_NMC_SIO/P046_3,1510.8266666666666,0
EXT-02409,2408,LUH_NMC_SIO,LUH_NMC_SIO/P046_3,1618.8116666666665,0
EXT-02410,2409,LUH_NMC_SIO,LUH_NMC_SIO/P046_3,1721.5666666666666,0
EXT-02411,2410,LUH_NMC_SIO,LUH_NMC_SIO/P046_3,1828.4033333333334,0
EXT-02412,2411,LUH_NMC_SIO,LUH_NMC_SIO/P046_3,1934.7300000000002,0
EXT-02413,2412,LUH_NMC_SIO,LUH_NMC_SIO/P046_3,2039.4483333333335,0
EXT-02414,2413,LUH_NMC_SIO,LUH_NMC_SIO/P046_3,2140.955,0
EXT-02415,2414,LUH_NMC_SIO,LUH_NMC_SIO/P046_3,2244.4066666666663,0
EXT-02416,2415,LUH_NMC_SIO,LUH_NMC_SIO/P047_1,731.18,0
EXT-02417,2416,LUH_NMC_SIO,LUH_NMC_SIO/P047_1,907.3783333333334,0
EXT-02418,2417,LUH_NMC_SIO,LUH_NMC_SIO/P047_1,1082.99,0
EXT-02419,2418,LUH_NMC_SIO,LUH_NMC_SIO/P047_1,1257.085,0
EXT-02420,2419,LUH_NMC_SIO,LUH_NMC_SIO/P047_1,1428.455,0
EXT-02421,2420,LUH_NMC_SIO,LUH_NMC_SIO/P047_1,1590.381666666667,0
EXT-02422,2421,LUH_NMC_SIO,LUH_NMC_SIO/P047_2,728.8866666666667,0
EXT-02423,2422,LUH_NMC_SIO,LUH_NMC_SIO/P047_2,906.7466666666666,0
EXT-02424,2423,LUH_NMC_SIO,LUH_NMC_SIO/P047_2,1083.2,0
EXT-02425,2424,LUH_NMC_SIO,LUH_NMC_SIO/P047_2,1256.4883333333335,0
EXT-02426,2425,LUH_NMC_SIO,LUH_NMC_SIO/P047_2,1419.7699999999998,0
EXT-02427,2426,LUH_NMC_SIO,LUH_NMC_SIO/P047_2,1561.805,0
EXT-02428,2427,LUH_NMC_SIO,LUH_NMC_SIO/P047_3,726.6,0
EXT-02429,2428,LUH_NMC_SIO,LUH_NMC_SIO/P047_3,902.9416666666666,0
EXT-02430,2429,LUH_NMC_SIO,LUH_NMC_SIO/P047_3,1078.81,0
EXT-02431,2430,LUH_NMC_SIO,LUH_NMC_SIO/P047_3,1252.7233333333334,0
EXT-02432,2431,LUH_NMC_SIO,LUH_NMC_SIO/P047_3,1423.1216666666667,0
EXT-02433,2432,LUH_NMC_SIO,LUH_NMC_SIO/P047_3,1580.7016666666666,0
EXT-02434,2433,LUH_NMC_SIO,LUH_NMC_SIO/P047_3,1720.495,0
EXT-02435,2434,LUH_NMC_SIO,LUH_NMC_SIO/P049_1,300.905,0
EXT-02436,2435,LUH_NMC_SIO,LUH_NMC_SIO/P049_1,375.435,0
EXT-02437,2436,LUH_NMC_SIO,LUH_NMC_SIO/P049_1,450.0833333333333,0
EXT-02438,2437,LUH_NMC_SIO,LUH_NMC_SIO/P049_1,524.87,0
EXT-02439,2438,LUH_NMC_SIO,LUH_NMC_SIO/P049_1,599.8649999999999,0
EXT-02440,2439,LUH_NMC_SIO,LUH_NMC_SIO/P049_1,674.4116666666667,0
EXT-02441,2440,LUH_NMC_SIO,LUH_NMC_SIO/P049_1,747.7833333333334,0
EXT-02442,2441,LUH_NMC_SIO,LUH_NMC_SIO/P049_1,819.07,0
EXT-02443,2442,LUH_NMC_SIO,LUH_NMC_SIO/P049_1,893.7216666666667,0
EXT-02444,2443,LUH_NMC_SIO,LUH_NMC_SIO/P049_1,968.6966666666667,0
EXT-02445,2444,LUH_NMC_SIO,LUH_NMC_SIO/P049_1,1044.0016666666668,0
EXT-02446,2445,LUH_NMC_SIO,LUH_NMC_SIO/P049_1,1119.0249999999999,0
EXT-02447,2446,LUH_NMC_SIO,LUH_NMC_SIO/P049_1,1190.6866666666667,0
EXT-02448,2447,LUH_NMC_SIO,LUH_NMC_SIO/P049_1,1265.7766666666666,0
EXT-02449,2448,LUH_NMC_SIO,LUH_NMC_SIO/P049_1,1340.62,0
EXT-02450,2449,LUH_NMC_SIO,LUH_NMC_SIO/P049_1,1415.7816666666668,0
EXT-02451,2450,LUH_NMC_SIO,LUH_NMC_SIO/P049_1,1490.1233333333332,0
EXT-02452,2451,LUH_NMC_SIO,LUH_NMC_SIO/P049_1,1566.6566666666668,0
EXT-02453,2452,LUH_NMC_SIO,LUH_NMC_SIO/P049_2,298.1466666666667,0
EXT-02454,2453,LUH_NMC_SIO,LUH_NMC_SIO/P049_2,372.2166666666667,0
EXT-02455,2454,LUH_NMC_SIO,LUH_NMC_SIO/P049_2,447.0799999999999,0
EXT-02456,2455,LUH_NMC_SIO,LUH_NMC_SIO/P049_2,521.4516666666667,0
EXT-02457,2456,LUH_NMC_SIO,LUH_NMC_SIO/P049_2,596.055,0
EXT-02458,2457,LUH_NMC_SIO,LUH_NMC_SIO/P049_2,670.2316666666667,0
EXT-02459,2458,LUH_NMC_SIO,LUH_NMC_SIO/P049_2,743.915,0
EXT-02460,2459,LUH_NMC_SIO,LUH_NMC_SIO/P049_2,815.335,0
EXT-02461,2460,LUH_NMC_SIO,LUH_NMC_SIO/P049_2,889.695,0
EXT-02462,2461,LUH_NMC_SIO,LUH_NMC_SIO/P049_2,965.0300000000001,0
EXT-02463,2462,LUH_NMC_SIO,LUH_NMC_SIO/P049_2,1040.07,0
EXT-02464,2463,LUH_NMC_SIO,LUH_NMC_SIO/P049_2,1115.4633333333334,0
EXT-02465,2464,LUH_NMC_SIO,LUH_NMC_SIO/P049_2,1187.435,0
EXT-02466,2465,LUH_NMC_SIO,LUH_NMC_SIO/P049_2,1262.92,0
EXT-02467,2466,LUH_NMC_SIO,LUH_NMC_SIO/P049_2,1338.135,0
EXT-02468,2467,LUH_NMC_SIO,LUH_NMC_SIO/P049_2,1413.7033333333336,0
EXT-02469,2468,LUH_NMC_SIO,LUH_NMC_SIO/P049_2,1487.8266666666666,0
EXT-02470,2469,LUH_NMC_SIO,LUH_NMC_SIO/P049_2,1564.9566666666667,0
EXT-02471,2470,LUH_NMC_SIO,LUH_NMC_SIO/P049_3,300.9433333333333,0
EXT-02472,2471,LUH_NMC_SIO,LUH_NMC_SIO/P049_3,375.36833333333334,0
EXT-02473,2472,LUH_NMC_SIO,LUH_NMC_SIO/P049_3,449.8966666666667,0
EXT-02474,2473,LUH_NMC_SIO,LUH_NMC_SIO/P049_3,524.585,0
EXT-02475,2474,LUH_NMC_SIO,LUH_NMC_SIO/P049_3,599.48,0
EXT-02476,2475,LUH_NMC_SIO,LUH_NMC_SIO/P049_3,673.9549999999999,0
EXT-02477,2476,LUH_NMC_SIO,LUH_NMC_SIO/P049_3,748.0266666666666,0
EXT-02478,2477,LUH_NMC_SIO,LUH_NMC_SIO/P049_3,819.8316666666666,0
EXT-02479,2478,LUH_NMC_SIO,LUH_NMC_SIO/P049_3,894.54,0
EXT-02480,2479,LUH_NMC_SIO,LUH_NMC_SIO/P049_3,970.1816666666667,0
EXT-02481,2480,LUH_NMC_SIO,LUH_NMC_SIO/P049_3,1045.5183333333334,0
EXT-02482,2481,LUH_NMC_SIO,LUH_NMC_SIO/P049_3,1121.1983333333335,0
EXT-02483,2482,LUH_NMC_SIO,LUH_NMC_SIO/P049_3,1193.53,0
EXT-02484,2483,LUH_NMC_SIO,LUH_NMC_SIO/P049_3,1269.2766666666666,0
EXT-02485,2484,LUH_NMC_SIO,LUH_NMC_SIO/P049_3,1344.75,0
EXT-02486,2485,LUH_NMC_SIO,LUH_NMC_SIO/P049_3,1420.5600000000002,0
EXT-02487,2486,LUH_NMC_SIO,LUH_NMC_SIO/P049_3,1495.0633333333335,0
EXT-02488,2487,LUH_NMC_SIO,LUH_NMC_SIO/P049_3,1572.381666666667,0
EXT-02489,2488,LUH_NMC_SIO,LUH_NMC_SIO/P050_1,428.81333333333333,0
EXT-02490,2489,LUH_NMC_SIO,LUH_NMC_SIO/P050_1,535.21,0
EXT-02491,2490,LUH_NMC_SIO,LUH_NMC_SIO/P050_1,641.3883333333333,0
EXT-02492,2491,LUH_NMC_SIO,LUH_NMC_SIO/P050_1,748.04,0
EXT-02493,2492,LUH_NMC_SIO,LUH_NMC_SIO/P050_1,854.6066666666666,0
EXT-02494,2493,LUH_NMC_SIO,LUH_NMC_SIO/P050_1,960.4566666666666,0
EXT-02495,2494,LUH_NMC_SIO,LUH_NMC_SIO/P050_1,1065.4316666666666,0
EXT-02496,2495,LUH_NMC_SIO,LUH_NMC_SIO/P050_1,1166.9916666666668,0
EXT-02497,2496,LUH_NMC_SIO,LUH_NMC_SIO/P050_1,1272.8166666666666,0
EXT-02498,2497,LUH_NMC_SIO,LUH_NMC_SIO/P050_1,1379.3866666666665,0
EXT-02499,2498,LUH_NMC_SIO,LUH_NMC_SIO/P050_1,1486.0783333333336,0
EXT-02500,2499,LUH_NMC_SIO,LUH_NMC_SIO/P050_1,1592.926666666667,0
EXT-02501,2500,LUH_NMC_SIO,LUH_NMC_SIO/P050_1,1695.0766666666666,0
EXT-02502,2501,LUH_NMC_SIO,LUH_NMC_SIO/P050_1,1801.6266666666668,0
EXT-02503,2502,LUH_NMC_SIO,LUH_NMC_SIO/P050_1,1908.3616666666667,0
EXT-02504,2503,LUH_NMC_SIO,LUH_NMC_SIO/P050_1,2015.2266666666667,0
EXT-02505,2504,LUH_NMC_SIO,LUH_NMC_SIO/P050_1,2120.795,0
EXT-02506,2505,LUH_NMC_SIO,LUH_NMC_SIO/P050_1,2229.5466666666666,0
EXT-02507,2506,LUH_NMC_SIO,LUH_NMC_SIO/P050_2,424.24666666666667,0
EXT-02508,2507,LUH_NMC_SIO,LUH_NMC_SIO/P050_2,530.2783333333333,0
EXT-02509,2508,LUH_NMC_SIO,LUH_NMC_SIO/P050_2,636.735,0
EXT-02510,2509,LUH_NMC_SIO,LUH_NMC_SIO/P050_2,742.9966666666666,0
EXT-02511,2510,LUH_NMC_SIO,LUH_NMC_SIO/P050_2,849.1716666666667,0
EXT-02512,2511,LUH_NMC_SIO,LUH_NMC_SIO/P050_2,954.6333333333332,0
EXT-02513,2512,LUH_NMC_SIO,LUH_NMC_SIO/P050_2,1059.2216666666666,0
EXT-02514,2513,LUH_NMC_SIO,LUH_NMC_SIO/P050_2,1160.325,0
EXT-02515,2514,LUH_NMC_SIO,LUH_NMC_SIO/P050_2,1266.3566666666668,0
EXT-02516,2515,LUH_NMC_SIO,LUH_NMC_SIO/P050_2,1373.0933333333332,0
EXT-02517,2516,LUH_NMC_SIO,LUH_NMC_SIO/P050_2,1479.955,0
EXT-02518,2517,LUH_NMC_SIO,LUH_NMC_SIO/P050_2,1586.95,0
EXT-02519,2518,LUH_NMC_SIO,LUH_NMC_SIO/P050_2,1688.675,0
EXT-02520,2519,LUH_NMC_SIO,LUH_NMC_SIO/P050_2,1795.3533333333332,0
EXT-02521,2520,LUH_NMC_SIO,LUH_NMC_SIO/P050_2,1902.2083333333333,0
EXT-02522,2521,LUH_NMC_SIO,LUH_NMC_SIO/P050_2,2009.1850000000002,0
EXT-02523,2522,LUH_NMC_SIO,LUH_NMC_SIO/P050_2,2114.66,0
EXT-02524,2523,LUH_NMC_SIO,LUH_NMC_SIO/P050_2,2223.883333333333,0
EXT-02525,2524,LUH_NMC_SIO,LUH_NMC_SIO/P050_3,425.24499999999995,0
EXT-02526,2525,LUH_NMC_SIO,LUH_NMC_SIO/P050_3,530.9050000000001,0
EXT-02527,2526,LUH_NMC_SIO,LUH_NMC_SIO/P050_3,636.965,0
EXT-02528,2527,LUH_NMC_SIO,LUH_NMC_SIO/P050_3,743.4883333333333,0
EXT-02529,2528,LUH_NMC_SIO,LUH_NMC_SIO/P050_3,849.9216666666667,0
EXT-02530,2529,LUH_NMC_SIO,LUH_NMC_SIO/P050_3,955.6816666666667,0
EXT-02531,2530,LUH_NMC_SIO,LUH_NMC_SIO/P050_3,1060.7916666666667,0
EXT-02532,2531,LUH_NMC_SIO,LUH_NMC_SIO/P050_3,1162.2066666666667,0
EXT-02533,2532,LUH_NMC_SIO,LUH_NMC_SIO/P050_3,1268.1116666666667,0
EXT-02534,2533,LUH_NMC_SIO,LUH_NMC_SIO/P050_3,1375.3266666666666,0
EXT-02535,2534,LUH_NMC_SIO,LUH_NMC_SIO/P050_3,1482.0349999999999,0
EXT-02536,2535,LUH_NMC_SIO,LUH_NMC_SIO/P050_3,1588.868333333333,0
EXT-02537,2536,LUH_NMC_SIO,LUH_NMC_SIO/P050_3,1691.0216666666668,0
EXT-02538,2537,LUH_NMC_SIO,LUH_NMC_SIO/P050_3,1798.1466666666668,0
EXT-02539,2538,LUH_NMC_SIO,LUH_NMC_SIO/P050_3,1904.8116666666665,0
EXT-02540,2539,LUH_NMC_SIO,LUH_NMC_SIO/P050_3,2011.631666666667,0
EXT-02541,2540,LUH_NMC_SIO,LUH_NMC_SIO/P050_3,2116.875,0
EXT-02542,2541,LUH_NMC_SIO,LUH_NMC_SIO/P050_3,2225.855,0
EXT-02543,2542,LUH_NMC_SIO,LUH_NMC_SIO/P051_1,705.36,0
EXT-02544,2543,LUH_NMC_SIO,LUH_NMC_SIO/P051_1,879.8933333333334,0
EXT-02545,2544,LUH_NMC_SIO,LUH_NMC_SIO/P051_1,1053.7166666666667,0
EXT-02546,2545,LUH_NMC_SIO,LUH_NMC_SIO/P051_1,1226.8833333333332,0
EXT-02547,2546,LUH_NMC_SIO,LUH_NMC_SIO/P051_1,1398.5100000000002,0
EXT-02548,2547,LUH_NMC_SIO,LUH_NMC_SIO/P051_1,1567.3833333333332,0
EXT-02549,2548,LUH_NMC_SIO,LUH_NMC_SIO/P051_1,1731.8433333333332,0
EXT-02550,2549,LUH_NMC_SIO,LUH_NMC_SIO/P051_1,1889.5933333333332,0
EXT-02551,2550,LUH_NMC_SIO,LUH_NMC_SIO/P051_1,2050.3083333333334,0
EXT-02552,2551,LUH_NMC_SIO,LUH_NMC_SIO/P051_1,2208.6266666666666,0
EXT-02553,2552,LUH_NMC_SIO,LUH_NMC_SIO/P051_1,2362.806666666667,0
EXT-02554,2553,LUH_NMC_SIO,LUH_NMC_SIO/P051_2,698.4666666666667,0
EXT-02555,2554,LUH_NMC_SIO,LUH_NMC_SIO/P051_2,872.2616666666667,0
EXT-02556,2555,LUH_NMC_SIO,LUH_NMC_SIO/P051_2,1046.1216666666667,0
EXT-02557,2556,LUH_NMC_SIO,LUH_NMC_SIO/P051_2,1218.7616666666665,0
EXT-02558,2557,LUH_NMC_SIO,LUH_NMC_SIO/P051_2,1390.8533333333335,0
EXT-02559,2558,LUH_NMC_SIO,LUH_NMC_SIO/P051_2,1560.925,0
EXT-02560,2559,LUH_NMC_SIO,LUH_NMC_SIO/P051_2,1727.1666666666667,0
EXT-02561,2560,LUH_NMC_SIO,LUH_NMC_SIO/P051_2,1888.4466666666667,0
EXT-02562,2561,LUH_NMC_SIO,LUH_NMC_SIO/P051_2,2054.3366666666666,0
EXT-02563,2562,LUH_NMC_SIO,LUH_NMC_SIO/P051_2,2220.7133333333336,0
EXT-02564,2563,LUH_NMC_SIO,LUH_NMC_SIO/P051_2,2383.7616666666668,0
EXT-02565,2564,LUH_NMC_SIO,LUH_NMC_SIO/P051_2,2544.1949999999997,0
EXT-02566,2565,LUH_NMC_SIO,LUH_NMC_SIO/P051_2,2693.398333333333,0
EXT-02567,2566,LUH_NMC_SIO,LUH_NMC_SIO/P051_2,2845.2033333333334,0
EXT-02568,2567,LUH_NMC_SIO,LUH_NMC_SIO/P051_2,2991.5716666666667,0
EXT-02569,2568,LUH_NMC_SIO,LUH_NMC_SIO/P051_2,3133.885,0
EXT-02570,2569,LUH_NMC_SIO,LUH_NMC_SIO/P051_2,3267.765,0
EXT-02571,2570,LUH_NMC_SIO,LUH_NMC_SIO/P051_2,3395.2533333333336,0
EXT-02572,2571,LUH_NMC_SIO,LUH_NMC_SIO/P051_3,703.4616666666667,0
EXT-02573,2572,LUH_NMC_SIO,LUH_NMC_SIO/P051_3,877.5066666666667,0
EXT-02574,2573,LUH_NMC_SIO,LUH_NMC_SIO/P051_3,1051.365,0
EXT-02575,2574,LUH_NMC_SIO,LUH_NMC_SIO/P051_3,1224.3516666666667,0
EXT-02576,2575,LUH_NMC_SIO,LUH_NMC_SIO/P051_3,1396.8533333333332,0
EXT-02577,2576,LUH_NMC_SIO,LUH_NMC_SIO/P051_3,1566.9333333333334,0
EXT-02578,2577,LUH_NMC_SIO,LUH_NMC_SIO/P051_3,1735.2216666666666,0
EXT-02579,2578,LUH_NMC_SIO,LUH_NMC_SIO/P051_3,1896.545,0
EXT-02580,2579,LUH_NMC_SIO,LUH_NMC_SIO/P051_3,2064.535,0
EXT-02581,2580,LUH_NMC_SIO,LUH_NMC_SIO/P051_3,2233.398333333333,0
EXT-02582,2581,LUH_NMC_SIO,LUH_NMC_SIO/P051_3,2400.1783333333333,0
EXT-02583,2582,LUH_NMC_SIO,LUH_NMC_SIO/P051_3,2565.2433333333333,0
EXT-02584,2583,LUH_NMC_SIO,LUH_NMC_SIO/P051_3,2719.5,0
EXT-02585,2584,LUH_NMC_SIO,LUH_NMC_SIO/P051_3,2877.4616666666666,0
EXT-02586,2585,LUH_NMC_SIO,LUH_NMC_SIO/P051_3,3030.3316666666665,0
EXT-02587,2586,LUH_NMC_SIO,LUH_NMC_SIO/P051_3,3176.8250000000003,0
EXT-02588,2587,LUH_NMC_SIO,LUH_NMC_SIO/P051_3,3310.515,0
EXT-02589,2588,LUH_NMC_SIO,LUH_NMC_SIO/P051_3,3432.3683333333333,0
EXT-02590,2589,LUH_NMC_SIO,LUH_NMC_SIO/P052_1,775.0099999999999,0
EXT-02591,2590,LUH_NMC_SIO,LUH_NMC_SIO/P052_1,966.16,0
EXT-02592,2591,LUH_NMC_SIO,LUH_NMC_SIO/P052_1,1156.105,0
EXT-02593,2592,LUH_NMC_SIO,LUH_NMC_SIO/P052_1,1343.3333333333333,0
EXT-02594,2593,LUH_NMC_SIO,LUH_NMC_SIO/P052_1,1524.8949999999998,0
EXT-02595,2594,LUH_NMC_SIO,LUH_NMC_SIO/P052_1,1694.7399999999998,0
EXT-02596,2595,LUH_NMC_SIO,LUH_NMC_SIO/P052_1,1846.505,0
EXT-02597,2596,LUH_NMC_SIO,LUH_NMC_SIO/P052_1,1977.9000000000003,0
EXT-02598,2597,LUH_NMC_SIO,LUH_NMC_SIO/P052_1,2041.125,0
EXT-02599,2598,LUH_NMC_SIO,LUH_NMC_SIO/P052_2,788.4499999999999,0
EXT-02600,2599,LUH_NMC_SIO,LUH_NMC_SIO/P052_2,978.4916666666668,0
EXT-02601,2600,LUH_NMC_SIO,LUH_NMC_SIO/P052_2,1159.2483333333332,0
EXT-02602,2601,LUH_NMC_SIO,LUH_NMC_SIO/P052_2,1319.9216666666666,0
EXT-02603,2602,LUH_NMC_SIO,LUH_NMC_SIO/P052_2,1451.543333333333,0
EXT-02604,2603,LUH_NMC_SIO,LUH_NMC_SIO/P053_1,307.0466666666667,0
EXT-02605,2604,LUH_NMC_SIO,LUH_NMC_SIO/P053_1,382.4666666666667,0
EXT-02606,2605,LUH_NMC_SIO,LUH_NMC_SIO/P053_1,458.44166666666666,0
EXT-02607,2606,LUH_NMC_SIO,LUH_NMC_SIO/P053_1,534.9833333333333,0
EXT-02608,2607,LUH_NMC_SIO,LUH_NMC_SIO/P053_1,611.1033333333334,0
EXT-02609,2608,LUH_NMC_SIO,LUH_NMC_SIO/P053_1,686.46,0
EXT-02610,2609,LUH_NMC_SIO,LUH_NMC_SIO/P053_1,760.86,0
EXT-02611,2610,LUH_NMC_SIO,LUH_NMC_SIO/P053_1,832.3183333333333,0
EXT-02612,2611,LUH_NMC_SIO,LUH_NMC_SIO/P053_1,906.8266666666667,0
EXT-02613,2612,LUH_NMC_SIO,LUH_NMC_SIO/P053_2,307.4733333333333,0
EXT-02614,2613,LUH_NMC_SIO,LUH_NMC_SIO/P053_2,382.9266666666667,0
EXT-02615,2614,LUH_NMC_SIO,LUH_NMC_SIO/P053_2,458.9433333333333,0
EXT-02616,2615,LUH_NMC_SIO,LUH_NMC_SIO/P053_2,535.2616666666667,0
EXT-02617,2616,LUH_NMC_SIO,LUH_NMC_SIO/P053_2,611.38,0
EXT-02618,2617,LUH_NMC_SIO,LUH_NMC_SIO/P053_2,686.0333333333333,0
EXT-02619,2618,LUH_NMC_SIO,LUH_NMC_SIO/P053_2,760.3283333333334,0
EXT-02620,2619,LUH_NMC_SIO,LUH_NMC_SIO/P053_2,831.7033333333334,0
EXT-02621,2620,LUH_NMC_SIO,LUH_NMC_SIO/P053_2,905.1016666666666,0
EXT-02622,2621,LUH_NMC_SIO,LUH_NMC_SIO/P053_3,323.22666666666663,0
EXT-02623,2622,LUH_NMC_SIO,LUH_NMC_SIO/P053_3,398.84499999999997,0
EXT-02624,2623,LUH_NMC_SIO,LUH_NMC_SIO/P053_3,475.08833333333337,0
EXT-02625,2624,LUH_NMC_SIO,LUH_NMC_SIO/P053_3,550.875,0
EXT-02626,2625,LUH_NMC_SIO,LUH_NMC_SIO/P053_3,626.4533333333334,0
EXT-02627,2626,LUH_NMC_SIO,LUH_NMC_SIO/P053_3,701.64,0
EXT-02628,2627,LUH_NMC_SIO,LUH_NMC_SIO/P053_3,775.5233333333332,0
EXT-02629,2628,LUH_NMC_SIO,LUH_NMC_SIO/P053_3,846.4933333333333,0
EXT-02630,2629,LUH_NMC_SIO,LUH_NMC_SIO/P053_3,920.1850000000001,0
EXT-02631,2630,LUH_NMC_SIO,LUH_NMC_SIO/P053_3,993.6716666666667,0
EXT-02632,2631,LUH_NMC_SIO,LUH_NMC_SIO/P053_3,1065.6066666666666,0
EXT-02633,2632,LUH_NMC_SIO,LUH_NMC_SIO/P054_1,444.62833333333333,0
EXT-02634,2633,LUH_NMC_SIO,LUH_NMC_SIO/P054_1,554.3116666666666,0
EXT-02635,2634,LUH_NMC_SIO,LUH_NMC_SIO/P054_1,663.555,0
EXT-02636,2635,LUH_NMC_SIO,LUH_NMC_SIO/P054_1,772.5316666666666,0
EXT-02637,2636,LUH_NMC_SIO,LUH_NMC_SIO/P054_1,880.1300000000001,0
EXT-02638,2637,LUH_NMC_SIO,LUH_NMC_SIO/P054_1,983.5,0
EXT-02639,2638,LUH_NMC_SIO,LUH_NMC_SIO/P054_1,1079.6766666666665,0
EXT-02640,2639,LUH_NMC_SIO,LUH_NMC_SIO/P054_1,1167.0433333333333,0
EXT-02641,2640,LUH_NMC_SIO,LUH_NMC_SIO/P054_1,1252.4816666666668,0
EXT-02642,2641,LUH_NMC_SIO,LUH_NMC_SIO/P054_2,443.46333333333337,0
EXT-02643,2642,LUH_NMC_SIO,LUH_NMC_SIO/P054_2,552.7633333333333,0
EXT-02644,2643,LUH_NMC_SIO,LUH_NMC_SIO/P054_2,662.2733333333333,0
EXT-02645,2644,LUH_NMC_SIO,LUH_NMC_SIO/P054_2,771.7433333333333,0
EXT-02646,2645,LUH_NMC_SIO,LUH_NMC_SIO/P054_2,880.3916666666668,0
EXT-02647,2646,LUH_NMC_SIO,LUH_NMC_SIO/P054_2,987.4399999999999,0
EXT-02648,2647,LUH_NMC_SIO,LUH_NMC_SIO/P054_2,1091.6783333333333,0
EXT-02649,2648,LUH_NMC_SIO,LUH_NMC_SIO/P054_2,1189.1266666666668,0
EXT-02650,2649,LUH_NMC_SIO,LUH_NMC_SIO/P054_2,1286.7250000000001,0
EXT-02651,2650,LUH_NMC_SIO,LUH_NMC_SIO/P054_2,1380.2316666666666,0
EXT-02652,2651,LUH_NMC_SIO,LUH_NMC_SIO/P054_2,1468.0566666666666,0
EXT-02653,2652,LUH_NMC_SIO,LUH_NMC_SIO/P054_3,466.77,0
EXT-02654,2653,LUH_NMC_SIO,LUH_NMC_SIO/P054_3,576.1183333333333,0
EXT-02655,2654,LUH_NMC_SIO,LUH_NMC_SIO/P054_3,686.0516666666666,0
EXT-02656,2655,LUH_NMC_SIO,LUH_NMC_SIO/P054_3,795.25,0
EXT-02657,2656,LUH_NMC_SIO,LUH_NMC_SIO/P054_3,904.7183333333334,0
EXT-02658,2657,LUH_NMC_SIO,LUH_NMC_SIO/P054_3,1012.4333333333334,0
EXT-02659,2658,LUH_NMC_SIO,LUH_NMC_SIO/P054_3,1119.09,0
EXT-02660,2659,LUH_NMC_SIO,LUH_NMC_SIO/P054_3,1220.5416666666667,0
EXT-02661,2660,LUH_NMC_SIO,LUH_NMC_SIO/P054_3,1324.9283333333333,0
EXT-02662,2661,LUH_NMC_SIO,LUH_NMC_SIO/P054_3,1427.21,0
EXT-02663,2662,LUH_NMC_SIO,LUH_NMC_SIO/P054_3,1525.8966666666668,0
EXT-02664,2663,LUH_NMC_SIO,LUH_NMC_SIO/P055_1,765.6116666666667,0
EXT-02665,2664,LUH_NMC_SIO,LUH_NMC_SIO/P055_1,940.9549999999999,0
EXT-02666,2665,LUH_NMC_SIO,LUH_NMC_SIO/P055_2,771.5066666666667,0
EXT-02667,2666,LUH_NMC_SIO,LUH_NMC_SIO/P055_2,953.9983333333333,0
EXT-02668,2667,LUH_NMC_SIO,LUH_NMC_SIO/P055_3,764.6616666666665,0
EXT-02669,2668,LUH_NMC_SIO,LUH_NMC_SIO/P055_3,945.8083333333334,0
EXT-02670,2669,LUH_NMC_SIO,LUH_NMC_SIO/P055_3,1119.1566666666668,0
EXT-02671,2670,LUH_NMC_SIO,LUH_NMC_SIO/P055_3,1197.3333333333333,0
EXT-02672,2671,LUH_NMC_SIO,LUH_NMC_SIO/P057_1,304.535,0
EXT-02673,2672,LUH_NMC_SIO,LUH_NMC_SIO/P057_1,379.90500000000003,0
EXT-02674,2673,LUH_NMC_SIO,LUH_NMC_SIO/P057_1,455.3416666666667,0
EXT-02675,2674,LUH_NMC_SIO,LUH_NMC_SIO/P057_1,530.7766666666666,0
EXT-02676,2675,LUH_NMC_SIO,LUH_NMC_SIO/P057_1,606.4383333333334,0
EXT-02677,2676,LUH_NMC_SIO,LUH_NMC_SIO/P057_1,681.0083333333333,0
EXT-02678,2677,LUH_NMC_SIO,LUH_NMC_SIO/P057_1,754.1466666666666,0
EXT-02679,2678,LUH_NMC_SIO,LUH_NMC_SIO/P057_2,305.5,0
EXT-02680,2679,LUH_NMC_SIO,LUH_NMC_SIO/P057_2,381.08666666666664,0
EXT-02681,2680,LUH_NMC_SIO,LUH_NMC_SIO/P057_2,456.73333333333335,0
EXT-02682,2681,LUH_NMC_SIO,LUH_NMC_SIO/P057_2,532.3966666666666,0
EXT-02683,2682,LUH_NMC_SIO,LUH_NMC_SIO/P057_2,608.4666666666667,0
EXT-02684,2683,LUH_NMC_SIO,LUH_NMC_SIO/P057_2,683.0450000000001,0
EXT-02685,2684,LUH_NMC_SIO,LUH_NMC_SIO/P057_2,755.9549999999999,0
EXT-02686,2685,LUH_NMC_SIO,LUH_NMC_SIO/P057_3,322.12666666666667,0
EXT-02687,2686,LUH_NMC_SIO,LUH_NMC_SIO/P057_3,397.535,0
EXT-02688,2687,LUH_NMC_SIO,LUH_NMC_SIO/P057_3,473.6966666666667,0
EXT-02689,2688,LUH_NMC_SIO,LUH_NMC_SIO/P057_3,549.3983333333333,0
EXT-02690,2689,LUH_NMC_SIO,LUH_NMC_SIO/P057_3,624.565,0
EXT-02691,2690,LUH_NMC_SIO,LUH_NMC_SIO/P057_3,698.835,0
EXT-02692,2691,LUH_NMC_SIO,LUH_NMC_SIO/P057_3,771.6066666666666,0
EXT-02693,2692,LUH_NMC_SIO,LUH_NMC_SIO/P057_3,840.3100000000001,0
EXT-02694,2693,LUH_NMC_SIO,LUH_NMC_SIO/P058_1,439.3866666666666,0
EXT-02695,2694,LUH_NMC_SIO,LUH_NMC_SIO/P058_1,548.5666666666666,0
EXT-02696,2695,LUH_NMC_SIO,LUH_NMC_SIO/P058_1,657.9683333333334,0
EXT-02697,2696,LUH_NMC_SIO,LUH_NMC_SIO/P058_1,766.68,0
EXT-02698,2697,LUH_NMC_SIO,LUH_NMC_SIO/P058_1,873.4833333333332,0
EXT-02699,2698,LUH_NMC_SIO,LUH_NMC_SIO/P058_1,975.9533333333333,0
EXT-02700,2699,LUH_NMC_SIO,LUH_NMC_SIO/P058_1,1072.0433333333333,0
EXT-02701,2700,LUH_NMC_SIO,LUH_NMC_SIO/P058_1,1159.7033333333331,0
EXT-02702,2701,LUH_NMC_SIO,LUH_NMC_SIO/P058_1,1243.8966666666668,0
EXT-02703,2702,LUH_NMC_SIO,LUH_NMC_SIO/P058_2,438.31333333333333,0
EXT-02704,2703,LUH_NMC_SIO,LUH_NMC_SIO/P058_2,547.135,0
EXT-02705,2704,LUH_NMC_SIO,LUH_NMC_SIO/P058_2,656.1116666666667,0
EXT-02706,2705,LUH_NMC_SIO,LUH_NMC_SIO/P058_2,763.7466666666666,0
EXT-02707,2706,LUH_NMC_SIO,LUH_NMC_SIO/P058_2,867.1083333333332,0
EXT-02708,2707,LUH_NMC_SIO,LUH_NMC_SIO/P058_2,960.2333333333332,0
EXT-02709,2708,LUH_NMC_SIO,LUH_NMC_SIO/P058_2,1046.8683333333333,0
EXT-02710,2709,LUH_NMC_SIO,LUH_NMC_SIO/P058_3,462.58833333333337,0
EXT-02711,2710,LUH_NMC_SIO,LUH_NMC_SIO/P058_3,571.3416666666667,0
EXT-02712,2711,LUH_NMC_SIO,LUH_NMC_SIO/P058_3,681.0133333333333,0
EXT-02713,2712,LUH_NMC_SIO,LUH_NMC_SIO/P058_3,789.035,0
EXT-02714,2713,LUH_NMC_SIO,LUH_NMC_SIO/P058_3,890.29,0
EXT-02715,2714,LUH_NMC_SIO,LUH_NMC_SIO/P058_3,983.6833333333334,0
EXT-02716,2715,LUH_NMC_SIO,LUH_NMC_SIO/P058_3,1070.3133333333333,0
EXT-02717,2716,LUH_NMC_SIO,LUH_NMC_SIO/P058_3,1144.7966666666669,0
EXT-02718,2717,LUH_NMC_SIO,LUH_NMC_SIO/P059_1,748.535,0
EXT-02719,2718,LUH_NMC_SIO,LUH_NMC_SIO/P059_1,860.4766666666666,0
EXT-02720,2719,LUH_NMC_SIO,LUH_NMC_SIO/P059_2,757.6716666666666,0
EXT-02721,2720,LUH_NMC_SIO,LUH_NMC_SIO/P059_2,925.2366666666667,0
EXT-02722,2721,LUH_NMC_SIO,LUH_NMC_SIO/P059_3,792.3466666666667,0
EXT-02723,2722,LUH_NMC_SIO,LUH_NMC_SIO/P059_3,924.9566666666666,0
EXT-02724,2723,LUH_NMC_SIO,LUH_NMC_SIO/P060_1,819.8283333333334,0
EXT-02725,2724,LUH_NMC_SIO,LUH_NMC_SIO/P060_1,838.5616666666666,0
EXT-02726,2725,LUH_NMC_SIO,LUH_NMC_SIO/P060_3,903.4766666666668,0
EXT-02727,2726,LUH_NMC_SIO,LUH_NMC_SIO/P061_1,301.87833333333333,0
EXT-02728,2727,LUH_NMC_SIO,LUH_NMC_SIO/P061_1,376.34999999999997,0
EXT-02729,2728,LUH_NMC_SIO,LUH_NMC_SIO/P061_1,450.8033333333333,0
EXT-02730,2729,LUH_NMC_SIO,LUH_NMC_SIO/P061_1,525.91,0
EXT-02731,2730,LUH_NMC_SIO,LUH_NMC_SIO/P061_1,601.0866666666667,0
EXT-02732,2731,LUH_NMC_SIO,LUH_NMC_SIO/P061_1,675.7266666666667,0
EXT-02733,2732,LUH_NMC_SIO,LUH_NMC_SIO/P061_1,749.8666666666667,0
EXT-02734,2733,LUH_NMC_SIO,LUH_NMC_SIO/P061_1,821.0266666666666,0
EXT-02735,2734,LUH_NMC_SIO,LUH_NMC_SIO/P061_1,895.5300000000001,0
EXT-02736,2735,LUH_NMC_SIO,LUH_NMC_SIO/P061_1,970.8299999999999,0
EXT-02737,2736,LUH_NMC_SIO,LUH_NMC_SIO/P061_1,1046.3683333333333,0
EXT-02738,2737,LUH_NMC_SIO,LUH_NMC_SIO/P061_1,1122.1899999999998,0
EXT-02739,2738,LUH_NMC_SIO,LUH_NMC_SIO/P061_1,1194.6366666666665,0
EXT-02740,2739,LUH_NMC_SIO,LUH_NMC_SIO/P061_1,1270.3166666666666,0
EXT-02741,2740,LUH_NMC_SIO,LUH_NMC_SIO/P061_1,1345.6333333333334,0
EXT-02742,2741,LUH_NMC_SIO,LUH_NMC_SIO/P061_1,1421.1883333333335,0
EXT-02743,2742,LUH_NMC_SIO,LUH_NMC_SIO/P061_1,1495.8149999999998,0
EXT-02744,2743,LUH_NMC_SIO,LUH_NMC_SIO/P061_1,1573.0683333333334,0
EXT-02745,2744,LUH_NMC_SIO,LUH_NMC_SIO/P061_2,300.08,0
EXT-02746,2745,LUH_NMC_SIO,LUH_NMC_SIO/P061_2,374.43833333333333,0
EXT-02747,2746,LUH_NMC_SIO,LUH_NMC_SIO/P061_2,448.7633333333333,0
EXT-02748,2747,LUH_NMC_SIO,LUH_NMC_SIO/P061_2,523.085,0
EXT-02749,2748,LUH_NMC_SIO,LUH_NMC_SIO/P061_2,598.1133333333333,0
EXT-02750,2749,LUH_NMC_SIO,LUH_NMC_SIO/P061_2,672.5983333333334,0
EXT-02751,2750,LUH_NMC_SIO,LUH_NMC_SIO/P061_2,746.5749999999999,0
EXT-02752,2751,LUH_NMC_SIO,LUH_NMC_SIO/P061_2,817.5816666666666,0
EXT-02753,2752,LUH_NMC_SIO,LUH_NMC_SIO/P061_2,892.5166666666668,0
EXT-02754,2753,LUH_NMC_SIO,LUH_NMC_SIO/P061_2,967.6533333333333,0
EXT-02755,2754,LUH_NMC_SIO,LUH_NMC_SIO/P061_2,1043.03,0
EXT-02756,2755,LUH_NMC_SIO,LUH_NMC_SIO/P061_2,1118.035,0
EXT-02757,2756,LUH_NMC_SIO,LUH_NMC_SIO/P061_2,1190.2983333333334,0
EXT-02758,2757,LUH_NMC_SIO,LUH_NMC_SIO/P061_2,1265.7749999999999,0
EXT-02759,2758,LUH_NMC_SIO,LUH_NMC_SIO/P061_2,1341.4716666666666,0
EXT-02760,2759,LUH_NMC_SIO,LUH_NMC_SIO/P061_2,1417.3983333333333,0
EXT-02761,2760,LUH_NMC_SIO,LUH_NMC_SIO/P061_2,1491.79,0
EXT-02762,2761,LUH_NMC_SIO,LUH_NMC_SIO/P061_2,1568.8033333333333,0
EXT-02763,2762,LUH_NMC_SIO,LUH_NMC_SIO/P061_3,299.51500000000004,0
EXT-02764,2763,LUH_NMC_SIO,LUH_NMC_SIO/P061_3,374.0366666666667,0
EXT-02765,2764,LUH_NMC_SIO,LUH_NMC_SIO/P061_3,448.54333333333335,0
EXT-02766,2765,LUH_NMC_SIO,LUH_NMC_SIO/P061_3,523.715,0
EXT-02767,2766,LUH_NMC_SIO,LUH_NMC_SIO/P061_3,598.9499999999999,0
EXT-02768,2767,LUH_NMC_SIO,LUH_NMC_SIO/P061_3,673.0266666666666,0
EXT-02769,2768,LUH_NMC_SIO,LUH_NMC_SIO/P061_3,746.6066666666666,0
EXT-02770,2769,LUH_NMC_SIO,LUH_NMC_SIO/P061_3,817.8250000000002,0
EXT-02771,2770,LUH_NMC_SIO,LUH_NMC_SIO/P061_3,892.36,0
EXT-02772,2771,LUH_NMC_SIO,LUH_NMC_SIO/P061_3,967.7216666666667,0
EXT-02773,2772,LUH_NMC_SIO,LUH_NMC_SIO/P061_3,1043.305,0
EXT-02774,2773,LUH_NMC_SIO,LUH_NMC_SIO/P061_3,1119.1033333333332,0
EXT-02775,2774,LUH_NMC_SIO,LUH_NMC_SIO/P061_3,1191.515,0
EXT-02776,2775,LUH_NMC_SIO,LUH_NMC_SIO/P061_3,1267.14,0
EXT-02777,2776,LUH_NMC_SIO,LUH_NMC_SIO/P061_3,1342.985,0
EXT-02778,2777,LUH_NMC_SIO,LUH_NMC_SIO/P061_3,1418.47,0
EXT-02779,2778,LUH_NMC_SIO,LUH_NMC_SIO/P061_3,1493.0416666666667,0
EXT-02780,2779,LUH_NMC_SIO,LUH_NMC_SIO/P061_3,1570.235,0
EXT-02781,2780,LUH_NMC_SIO,LUH_NMC_SIO/P062_1,431.125,0
EXT-02782,2781,LUH_NMC_SIO,LUH_NMC_SIO/P062_1,537.9116666666667,0
EXT-02783,2782,LUH_NMC_SIO,LUH_NMC_SIO/P062_1,644.8616666666667,0
EXT-02784,2783,LUH_NMC_SIO,LUH_NMC_SIO/P062_1,752.0450000000001,0
EXT-02785,2784,LUH_NMC_SIO,LUH_NMC_SIO/P062_1,859.5533333333333,0
EXT-02786,2785,LUH_NMC_SIO,LUH_NMC_SIO/P062_1,966.2016666666667,0
EXT-02787,2786,LUH_NMC_SIO,LUH_NMC_SIO/P062_1,1072.0316666666668,0
EXT-02788,2787,LUH_NMC_SIO,LUH_NMC_SIO/P062_1,1174.0466666666669,0
EXT-02789,2788,LUH_NMC_SIO,LUH_NMC_SIO/P062_1,1281.45,0
EXT-02790,2789,LUH_NMC_SIO,LUH_NMC_SIO/P062_1,1389.915,0
EXT-02791,2790,LUH_NMC_SIO,LUH_NMC_SIO/P062_1,1498.28,0
EXT-02792,2791,LUH_NMC_SIO,LUH_NMC_SIO/P062_1,1606.5716666666667,0
EXT-02793,2792,LUH_NMC_SIO,LUH_NMC_SIO/P062_1,1709.5816666666667,0
EXT-02794,2793,LUH_NMC_SIO,LUH_NMC_SIO/P062_1,1817.8116666666665,0
EXT-02795,2794,LUH_NMC_SIO,LUH_NMC_SIO/P062_1,1926.0166666666664,0
EXT-02796,2795,LUH_NMC_SIO,LUH_NMC_SIO/P062_1,2034.2133333333331,0
EXT-02797,2796,LUH_NMC_SIO,LUH_NMC_SIO/P062_1,2140.89,0
EXT-02798,2797,LUH_NMC_SIO,LUH_NMC_SIO/P062_1,2251.0533333333333,0
EXT-02799,2798,LUH_NMC_SIO,LUH_NMC_SIO/P062_2,428.3383333333333,0
EXT-02800,2799,LUH_NMC_SIO,LUH_NMC_SIO/P062_2,535.1633333333333,0
EXT-02801,2800,LUH_NMC_SIO,LUH_NMC_SIO/P062_2,642.1550000000001,0
EXT-02802,2801,LUH_NMC_SIO,LUH_NMC_SIO/P062_2,749.4116666666665,0
EXT-02803,2802,LUH_NMC_SIO,LUH_NMC_SIO/P062_2,857.0333333333334,0
EXT-02804,2803,LUH_NMC_SIO,LUH_NMC_SIO/P062_2,963.8116666666666,0
EXT-02805,2804,LUH_NMC_SIO,LUH_NMC_SIO/P062_2,1069.77,0
EXT-02806,2805,LUH_NMC_SIO,LUH_NMC_SIO/P062_2,1171.8616666666667,0
EXT-02807,2806,LUH_NMC_SIO,LUH_NMC_SIO/P062_2,1278.7983333333334,0
EXT-02808,2807,LUH_NMC_SIO,LUH_NMC_SIO/P062_2,1386.845,0
EXT-02809,2808,LUH_NMC_SIO,LUH_NMC_SIO/P062_2,1494.8216666666667,0
EXT-02810,2809,LUH_NMC_SIO,LUH_NMC_SIO/P062_2,1602.765,0
EXT-02811,2810,LUH_NMC_SIO,LUH_NMC_SIO/P062_2,1705.9800000000002,0
EXT-02812,2811,LUH_NMC_SIO,LUH_NMC_SIO/P062_2,1813.9166666666667,0
EXT-02813,2812,LUH_NMC_SIO,LUH_NMC_SIO/P062_2,1921.8400000000001,0
EXT-02814,2813,LUH_NMC_SIO,LUH_NMC_SIO/P062_2,2029.745,0
EXT-02815,2814,LUH_NMC_SIO,LUH_NMC_SIO/P062_2,2136.0333333333333,0
EXT-02816,2815,LUH_NMC_SIO,LUH_NMC_SIO/P062_2,2246.41,0
EXT-02817,2816,LUH_NMC_SIO,LUH_NMC_SIO/P062_3,428.8733333333333,0
EXT-02818,2817,LUH_NMC_SIO,LUH_NMC_SIO/P062_3,535.7033333333334,0
EXT-02819,2818,LUH_NMC_SIO,LUH_NMC_SIO/P062_3,642.725,0
EXT-02820,2819,LUH_NMC_SIO,LUH_NMC_SIO/P062_3,750.0033333333334,0
EXT-02821,2820,LUH_NMC_SIO,LUH_NMC_SIO/P062_3,857.605,0
EXT-02822,2821,LUH_NMC_SIO,LUH_NMC_SIO/P062_3,964.34,0
EXT-02823,2822,LUH_NMC_SIO,LUH_NMC_SIO/P062_3,1070.255,0
EXT-02824,2823,LUH_NMC_SIO,LUH_NMC_SIO/P062_3,1172.3183333333334,0
EXT-02825,2824,LUH_NMC_SIO,LUH_NMC_SIO/P062_3,1279.3566666666668,0
EXT-02826,2825,LUH_NMC_SIO,LUH_NMC_SIO/P062_3,1387.53,0
EXT-02827,2826,LUH_NMC_SIO,LUH_NMC_SIO/P062_3,1495.6149999999998,0
EXT-02828,2827,LUH_NMC_SIO,LUH_NMC_SIO/P062_3,1603.6483333333333,0
EXT-02829,2828,LUH_NMC_SIO,LUH_NMC_SIO/P062_3,1706.9650000000001,0
EXT-02830,2829,LUH_NMC_SIO,LUH_NMC_SIO/P062_3,1814.9433333333334,0
EXT-02831,2830,LUH_NMC_SIO,LUH_NMC_SIO/P062_3,1922.8999999999999,0
EXT-02832,2831,LUH_NMC_SIO,LUH_NMC_SIO/P062_3,2030.8616666666667,0
EXT-02833,2832,LUH_NMC_SIO,LUH_NMC_SIO/P062_3,2137.605,0
EXT-02834,2833,LUH_NMC_SIO,LUH_NMC_SIO/P062_3,2247.858333333333,0
EXT-02835,2834,LUH_NMC_SIO,LUH_NMC_SIO/P063_1,726.3266666666667,0
EXT-02836,2835,LUH_NMC_SIO,LUH_NMC_SIO/P063_1,906.2083333333334,0
EXT-02837,2836,LUH_NMC_SIO,LUH_NMC_SIO/P063_1,1085.7,0
EXT-02838,2837,LUH_NMC_SIO,LUH_NMC_SIO/P063_1,1264.67,0
EXT-02839,2838,LUH_NMC_SIO,LUH_NMC_SIO/P063_1,1442.6216666666667,0
EXT-02840,2839,LUH_NMC_SIO,LUH_NMC_SIO/P063_1,1618.4866666666667,0
EXT-02841,2840,LUH_NMC_SIO,LUH_NMC_SIO/P063_1,1792.1833333333334,0
EXT-02842,2841,LUH_NMC_SIO,LUH_NMC_SIO/P063_1,1958.9516666666666,0
EXT-02843,2842,LUH_NMC_SIO,LUH_NMC_SIO/P063_1,2132.68,0
EXT-02844,2843,LUH_NMC_SIO,LUH_NMC_SIO/P063_1,2306.9950000000003,0
EXT-02845,2844,LUH_NMC_SIO,LUH_NMC_SIO/P063_1,2480.805,0
EXT-02846,2845,LUH_NMC_SIO,LUH_NMC_SIO/P063_1,2653.78,0
EXT-02847,2846,LUH_NMC_SIO,LUH_NMC_SIO/P063_1,2818.1283333333336,0
EXT-02848,2847,LUH_NMC_SIO,LUH_NMC_SIO/P063_1,2988.728333333334,0
EXT-02849,2848,LUH_NMC_SIO,LUH_NMC_SIO/P063_1,3157.2549999999997,0
EXT-02850,2849,LUH_NMC_SIO,LUH_NMC_SIO/P063_1,3323.3266666666664,0
EXT-02851,2850,LUH_NMC_SIO,LUH_NMC_SIO/P063_1,3482.8916666666664,0
EXT-02852,2851,LUH_NMC_SIO,LUH_NMC_SIO/P063_1,3640.133333333333,0
EXT-02853,2852,LUH_NMC_SIO,LUH_NMC_SIO/P063_2,726.5983333333334,0
EXT-02854,2853,LUH_NMC_SIO,LUH_NMC_SIO/P063_2,906.475,0
EXT-02855,2854,LUH_NMC_SIO,LUH_NMC_SIO/P063_2,1086.9750000000001,0
EXT-02856,2855,LUH_NMC_SIO,LUH_NMC_SIO/P063_2,1266.8333333333333,0
EXT-02857,2856,LUH_NMC_SIO,LUH_NMC_SIO/P063_2,1446.8466666666666,0
EXT-02858,2857,LUH_NMC_SIO,LUH_NMC_SIO/P063_2,1623.7983333333334,0
EXT-02859,2858,LUH_NMC_SIO,LUH_NMC_SIO/P063_2,1799.1149999999998,0
EXT-02860,2859,LUH_NMC_SIO,LUH_NMC_SIO/P063_2,1967.6083333333333,0
EXT-02861,2860,LUH_NMC_SIO,LUH_NMC_SIO/P063_2,2143.233333333333,0
EXT-02862,2861,LUH_NMC_SIO,LUH_NMC_SIO/P063_2,2319.7966666666666,0
EXT-02863,2862,LUH_NMC_SIO,LUH_NMC_SIO/P063_2,2495.465,0
EXT-02864,2863,LUH_NMC_SIO,LUH_NMC_SIO/P063_2,2670.1916666666666,0
EXT-02865,2864,LUH_NMC_SIO,LUH_NMC_SIO/P063_2,2836.8683333333333,0
EXT-02866,2865,LUH_NMC_SIO,LUH_NMC_SIO/P063_2,3011.1716666666666,0
EXT-02867,2866,LUH_NMC_SIO,LUH_NMC_SIO/P063_2,3184.103333333333,0
EXT-02868,2867,LUH_NMC_SIO,LUH_NMC_SIO/P063_2,3356.103333333334,0
EXT-02869,2868,LUH_NMC_SIO,LUH_NMC_SIO/P063_2,3524.588333333333,0
EXT-02870,2869,LUH_NMC_SIO,LUH_NMC_SIO/P063_2,3696.9583333333335,0
EXT-02871,2870,LUH_NMC_SIO,LUH_NMC_SIO/P063_3,723.305,0
EXT-02872,2871,LUH_NMC_SIO,LUH_NMC_SIO/P063_3,903.54,0
EXT-02873,2872,LUH_NMC_SIO,LUH_NMC_SIO/P063_3,1083.3100000000002,0
EXT-02874,2873,LUH_NMC_SIO,LUH_NMC_SIO/P063_3,1263.4583333333333,0
EXT-02875,2874,LUH_NMC_SIO,LUH_NMC_SIO/P063_3,1443.506666666667,0
EXT-02876,2875,LUH_NMC_SIO,LUH_NMC_SIO/P063_3,1621.7816666666668,0
EXT-02877,2876,LUH_NMC_SIO,LUH_NMC_SIO/P063_3,1798.4083333333335,0
EXT-02878,2877,LUH_NMC_SIO,LUH_NMC_SIO/P063_3,1968.7,0
EXT-02879,2878,LUH_NMC_SIO,LUH_NMC_SIO/P063_3,2146.9733333333334,0
EXT-02880,2879,LUH_NMC_SIO,LUH_NMC_SIO/P063_3,2326.5483333333336,0
EXT-02881,2880,LUH_NMC_SIO,LUH_NMC_SIO/P063_3,2506.2033333333334,0
EXT-02882,2881,LUH_NMC_SIO,LUH_NMC_SIO/P063_3,2685.36,0
EXT-02883,2882,LUH_NMC_SIO,LUH_NMC_SIO/P063_3,2855.8333333333335,0
EXT-02884,2883,LUH_NMC_SIO,LUH_NMC_SIO/P063_3,3033.773333333333,0
EXT-02885,2884,LUH_NMC_SIO,LUH_NMC_SIO/P063_3,3211.1650000000004,0
EXT-02886,2885,LUH_NMC_SIO,LUH_NMC_SIO/P063_3,3387.718333333333,0
EXT-02887,2886,LUH_NMC_SIO,LUH_NMC_SIO/P063_3,3559.7116666666666,0
EXT-02888,2887,LUH_NMC_SIO,LUH_NMC_SIO/P063_3,3735.7433333333333,0
EXT-02889,2888,LUH_NMC_SIO,LUH_NMC_SIO/P064_1,817.6700000000001,0
EXT-02890,2889,LUH_NMC_SIO,LUH_NMC_SIO/P064_1,1018.3316666666666,0
EXT-02891,2890,LUH_NMC_SIO,LUH_NMC_SIO/P064_1,1217.5249999999999,0
EXT-02892,2891,LUH_NMC_SIO,LUH_NMC_SIO/P064_1,1415.8516666666667,0
EXT-02893,2892,LUH_NMC_SIO,LUH_NMC_SIO/P064_1,1612.9233333333334,0
EXT-02894,2893,LUH_NMC_SIO,LUH_NMC_SIO/P064_1,1806.445,0
EXT-02895,2894,LUH_NMC_SIO,LUH_NMC_SIO/P064_1,1997.4333333333334,0
EXT-02896,2895,LUH_NMC_SIO,LUH_NMC_SIO/P064_1,2179.345,0
EXT-02897,2896,LUH_NMC_SIO,LUH_NMC_SIO/P064_1,2366.418333333333,0
EXT-02898,2897,LUH_NMC_SIO,LUH_NMC_SIO/P064_1,2543.4183333333335,0
EXT-02899,2898,LUH_NMC_SIO,LUH_NMC_SIO/P064_1,2695.8700000000003,0
EXT-02900,2899,LUH_NMC_SIO,LUH_NMC_SIO/P064_2,817.5083333333333,0
EXT-02901,2900,LUH_NMC_SIO,LUH_NMC_SIO/P064_2,1019.0666666666666,0
EXT-02902,2901,LUH_NMC_SIO,LUH_NMC_SIO/P064_2,1217.205,0
EXT-02903,2902,LUH_NMC_SIO,LUH_NMC_SIO/P064_2,1415.505,0
EXT-02904,2903,LUH_NMC_SIO,LUH_NMC_SIO/P064_2,1612.0333333333335,0
EXT-02905,2904,LUH_NMC_SIO,LUH_NMC_SIO/P064_2,1805.3366666666668,0
EXT-02906,2905,LUH_NMC_SIO,LUH_NMC_SIO/P064_2,1993.5483333333334,0
EXT-02907,2906,LUH_NMC_SIO,LUH_NMC_SIO/P064_2,2169.6066666666666,0
EXT-02908,2907,LUH_NMC_SIO,LUH_NMC_SIO/P064_2,2345.6683333333335,0
EXT-02909,2908,LUH_NMC_SIO,LUH_NMC_SIO/P064_3,850.415,0
EXT-02910,2909,LUH_NMC_SIO,LUH_NMC_SIO/P064_3,1042.4566666666667,0
EXT-02911,2910,LUH_NMC_SIO,LUH_NMC_SIO/P064_3,1173.0966666666666,0
EXT-02912,2911,LUH_NMC_SIO,LUH_NMC_SIO/P065_1,195.74833333333333,0
EXT-02913,2912,LUH_NMC_SIO,LUH_NMC_SIO/P065_1,242.72166666666666,0
EXT-02914,2913,LUH_NMC_SIO,LUH_NMC_SIO/P065_1,289.7816666666667,0
EXT-02915,2914,LUH_NMC_SIO,LUH_NMC_SIO/P065_1,336.9816666666666,0
EXT-02916,2915,LUH_NMC_SIO,LUH_NMC_SIO/P065_1,384.5583333333334,0
EXT-02917,2916,LUH_NMC_SIO,LUH_NMC_SIO/P065_1,431.16333333333336,0
EXT-02918,2917,LUH_NMC_SIO,LUH_NMC_SIO/P065_1,477.37166666666667,0
EXT-02919,2918,LUH_NMC_SIO,LUH_NMC_SIO/P065_1,522.16,0
EXT-02920,2919,LUH_NMC_SIO,LUH_NMC_SIO/P065_1,568.4983333333333,0
EXT-02921,2920,LUH_NMC_SIO,LUH_NMC_SIO/P065_1,615.48,0
EXT-02922,2921,LUH_NMC_SIO,LUH_NMC_SIO/P065_1,662.82,0
EXT-02923,2922,LUH_NMC_SIO,LUH_NMC_SIO/P065_1,709.785,0
EXT-02924,2923,LUH_NMC_SIO,LUH_NMC_SIO/P065_1,754.2083333333334,0
EXT-02925,2924,LUH_NMC_SIO,LUH_NMC_SIO/P065_2,178.9416666666667,0
EXT-02926,2925,LUH_NMC_SIO,LUH_NMC_SIO/P065_2,226.22166666666666,0
EXT-02927,2926,LUH_NMC_SIO,LUH_NMC_SIO/P065_2,273.59166666666664,0
EXT-02928,2927,LUH_NMC_SIO,LUH_NMC_SIO/P065_2,320.48,0
EXT-02929,2928,LUH_NMC_SIO,LUH_NMC_SIO/P065_2,368.0716666666667,0
EXT-02930,2929,LUH_NMC_SIO,LUH_NMC_SIO/P065_2,414.76000000000005,0
EXT-02931,2930,LUH_NMC_SIO,LUH_NMC_SIO/P065_2,461.03,0
EXT-02932,2931,LUH_NMC_SIO,LUH_NMC_SIO/P065_2,505.9316666666667,0
EXT-02933,2932,LUH_NMC_SIO,LUH_NMC_SIO/P065_2,552.305,0
EXT-02934,2933,LUH_NMC_SIO,LUH_NMC_SIO/P065_2,599.1333333333333,0
EXT-02935,2934,LUH_NMC_SIO,LUH_NMC_SIO/P065_2,646.295,0
EXT-02936,2935,LUH_NMC_SIO,LUH_NMC_SIO/P065_2,693.3066666666667,0
EXT-02937,2936,LUH_NMC_SIO,LUH_NMC_SIO/P065_2,737.2716666666666,0
EXT-02938,2937,LUH_NMC_SIO,LUH_NMC_SIO/P065_2,750.4033333333333,0
EXT-02939,2938,LUH_NMC_SIO,LUH_NMC_SIO/P065_3,194.02166666666668,0
EXT-02940,2939,LUH_NMC_SIO,LUH_NMC_SIO/P065_3,240.955,0
EXT-02941,2940,LUH_NMC_SIO,LUH_NMC_SIO/P065_3,287.97,0
EXT-02942,2941,LUH_NMC_SIO,LUH_NMC_SIO/P065_3,335.17833333333334,0
EXT-02943,2942,LUH_NMC_SIO,LUH_NMC_SIO/P065_3,382.7483333333333,0
EXT-02944,2943,LUH_NMC_SIO,LUH_NMC_SIO/P065_3,429.31333333333333,0
EXT-02945,2944,LUH_NMC_SIO,LUH_NMC_SIO/P065_3,475.43833333333333,0
EXT-02946,2945,LUH_NMC_SIO,LUH_NMC_SIO/P065_3,520.1999999999999,0
EXT-02947,2946,LUH_NMC_SIO,LUH_NMC_SIO/P065_3,566.4250000000001,0
EXT-02948,2947,LUH_NMC_SIO,LUH_NMC_SIO/P065_3,613.7433333333333,0
EXT-02949,2948,LUH_NMC_SIO,LUH_NMC_SIO/P065_3,661.0516666666666,0
EXT-02950,2949,LUH_NMC_SIO,LUH_NMC_SIO/P065_3,707.8866666666667,0
EXT-02951,2950,LUH_NMC_SIO,LUH_NMC_SIO/P065_3,752.285,0
EXT-02952,2951,LUH_NMC_SIO,LUH_NMC_SIO/P065_3,797.6533333333333,0
EXT-02953,2952,LUH_NMC_SIO,LUH_NMC_SIO/P066_1,196.88,0
EXT-02954,2953,LUH_NMC_SIO,LUH_NMC_SIO/P066_1,244.50166666666667,0
EXT-02955,2954,LUH_NMC_SIO,LUH_NMC_SIO/P066_1,293.09,0
EXT-02956,2955,LUH_NMC_SIO,LUH_NMC_SIO/P066_1,341.6116666666667,0
EXT-02957,2956,LUH_NMC_SIO,LUH_NMC_SIO/P066_1,389.8666666666666,0
EXT-02958,2957,LUH_NMC_SIO,LUH_NMC_SIO/P066_1,437.77500000000003,0
EXT-02959,2958,LUH_NMC_SIO,LUH_NMC_SIO/P066_1,484.76666666666665,0
EXT-02960,2959,LUH_NMC_SIO,LUH_NMC_SIO/P066_1,530.555,0
EXT-02961,2960,LUH_NMC_SIO,LUH_NMC_SIO/P066_1,578.315,0
EXT-02962,2961,LUH_NMC_SIO,LUH_NMC_SIO/P066_1,626.3433333333334,0
EXT-02963,2962,LUH_NMC_SIO,LUH_NMC_SIO/P066_1,674.2333333333333,0
EXT-02964,2963,LUH_NMC_SIO,LUH_NMC_SIO/P066_1,722.6916666666666,0
EXT-02965,2964,LUH_NMC_SIO,LUH_NMC_SIO/P066_1,768.9799999999999,0
EXT-02966,2965,LUH_NMC_SIO,LUH_NMC_SIO/P066_1,817.3366666666667,0
EXT-02967,2966,LUH_NMC_SIO,LUH_NMC_SIO/P066_1,865.4483333333334,0
EXT-02968,2967,LUH_NMC_SIO,LUH_NMC_SIO/P066_1,913.335,0
EXT-02969,2968,LUH_NMC_SIO,LUH_NMC_SIO/P066_1,960.3066666666667,0
EXT-02970,2969,LUH_NMC_SIO,LUH_NMC_SIO/P066_1,1008.8800000000001,0
EXT-02971,2970,LUH_NMC_SIO,LUH_NMC_SIO/P066_2,196.475,0
EXT-02972,2971,LUH_NMC_SIO,LUH_NMC_SIO/P066_2,244.03333333333333,0
EXT-02973,2972,LUH_NMC_SIO,LUH_NMC_SIO/P066_2,291.97333333333336,0
EXT-02974,2973,LUH_NMC_SIO,LUH_NMC_SIO/P066_2,340.24333333333334,0
EXT-02975,2974,LUH_NMC_SIO,LUH_NMC_SIO/P066_2,388.2166666666667,0
EXT-02976,2975,LUH_NMC_SIO,LUH_NMC_SIO/P066_2,435.79833333333335,0
EXT-02977,2976,LUH_NMC_SIO,LUH_NMC_SIO/P066_2,483.03833333333336,0
EXT-02978,2977,LUH_NMC_SIO,LUH_NMC_SIO/P066_2,528.4633333333333,0
EXT-02979,2978,LUH_NMC_SIO,LUH_NMC_SIO/P066_2,575.71,0
EXT-02980,2979,LUH_NMC_SIO,LUH_NMC_SIO/P066_2,623.6183333333333,0
EXT-02981,2980,LUH_NMC_SIO,LUH_NMC_SIO/P066_2,671.9183333333334,0
EXT-02982,2981,LUH_NMC_SIO,LUH_NMC_SIO/P066_2,720.2733333333334,0
EXT-02983,2982,LUH_NMC_SIO,LUH_NMC_SIO/P066_2,766.3666666666667,0
EXT-02984,2983,LUH_NMC_SIO,LUH_NMC_SIO/P066_2,814.3616666666667,0
EXT-02985,2984,LUH_NMC_SIO,LUH_NMC_SIO/P066_2,862.09,0
EXT-02986,2985,LUH_NMC_SIO,LUH_NMC_SIO/P066_2,910.0033333333334,0
EXT-02987,2986,LUH_NMC_SIO,LUH_NMC_SIO/P066_2,956.9549999999999,0
EXT-02988,2987,LUH_NMC_SIO,LUH_NMC_SIO/P066_2,1005.4283333333333,0
EXT-02989,2988,LUH_NMC_SIO,LUH_NMC_SIO/P066_3,196.11333333333332,0
EXT-02990,2989,LUH_NMC_SIO,LUH_NMC_SIO/P066_3,244.07166666666663,0
EXT-02991,2990,LUH_NMC_SIO,LUH_NMC_SIO/P066_3,292.15000000000003,0
EXT-02992,2991,LUH_NMC_SIO,LUH_NMC_SIO/P066_3,340.755,0
EXT-02993,2992,LUH_NMC_SIO,LUH_NMC_SIO/P066_3,389.3666666666666,0
EXT-02994,2993,LUH_NMC_SIO,LUH_NMC_SIO/P066_3,437.1566666666667,0
EXT-02995,2994,LUH_NMC_SIO,LUH_NMC_SIO/P066_3,484.59833333333336,0
EXT-02996,2995,LUH_NMC_SIO,LUH_NMC_SIO/P066_3,530.2316666666667,0
EXT-02997,2996,LUH_NMC_SIO,LUH_NMC_SIO/P066_3,577.8933333333333,0
EXT-02998,2997,LUH_NMC_SIO,LUH_NMC_SIO/P066_3,625.9966666666667,0
EXT-02999,2998,LUH_NMC_SIO,LUH_NMC_SIO/P066_3,673.7866666666667,0
EXT-03000,2999,LUH_NMC_SIO,LUH_NMC_SIO/P066_3,721.7783333333333,0
EXT-03001,3000,LUH_NMC_SIO,LUH_NMC_SIO/P066_3,767.7816666666668,0
EXT-03002,3001,LUH_NMC_SIO,LUH_NMC_SIO/P066_3,816.2166666666667,0
EXT-03003,3002,LUH_NMC_SIO,LUH_NMC_SIO/P066_3,864.6683333333334,0
EXT-03004,3003,LUH_NMC_SIO,LUH_NMC_SIO/P066_3,913.0133333333333,0
EXT-03005,3004,LUH_NMC_SIO,LUH_NMC_SIO/P066_3,960.5166666666668,0
EXT-03006,3005,LUH_NMC_SIO,LUH_NMC_SIO/P066_3,1009.215,0
EXT-03007,3006,LUH_NMC_SIO,LUH_NMC_SIO/P068_1,195.965,0
EXT-03008,3007,LUH_NMC_SIO,LUH_NMC_SIO/P068_1,243.24666666666667,0
EXT-03009,3008,LUH_NMC_SIO,LUH_NMC_SIO/P068_1,291.14166666666665,0
EXT-03010,3009,LUH_NMC_SIO,LUH_NMC_SIO/P068_1,338.88,0
EXT-03011,3010,LUH_NMC_SIO,LUH_NMC_SIO/P068_1,386.3383333333333,0
EXT-03012,3011,LUH_NMC_SIO,LUH_NMC_SIO/P068_1,433.42,0
EXT-03013,3012,LUH_NMC_SIO,LUH_NMC_SIO/P068_1,480.1583333333333,0
EXT-03014,3013,LUH_NMC_SIO,LUH_NMC_SIO/P068_1,525.4516666666667,0
EXT-03015,3014,LUH_NMC_SIO,LUH_NMC_SIO/P068_1,571.4,0
EXT-03016,3015,LUH_NMC_SIO,LUH_NMC_SIO/P068_1,619.36,0
EXT-03017,3016,LUH_NMC_SIO,LUH_NMC_SIO/P068_1,667.3933333333333,0
EXT-03018,3017,LUH_NMC_SIO,LUH_NMC_SIO/P068_1,715.2599999999999,0
EXT-03019,3018,LUH_NMC_SIO,LUH_NMC_SIO/P068_1,760.3383333333333,0
EXT-03020,3019,LUH_NMC_SIO,LUH_NMC_SIO/P068_1,807.6766666666666,0
EXT-03021,3020,LUH_NMC_SIO,LUH_NMC_SIO/P068_1,854.7766666666666,0
EXT-03022,3021,LUH_NMC_SIO,LUH_NMC_SIO/P068_1,901.54,0
EXT-03023,3022,LUH_NMC_SIO,LUH_NMC_SIO/P068_1,947.6566666666668,0
EXT-03024,3023,LUH_NMC_SIO,LUH_NMC_SIO/P068_1,996.2533333333334,0
EXT-03025,3024,LUH_NMC_SIO,LUH_NMC_SIO/P068_2,197.51666666666665,0
EXT-03026,3025,LUH_NMC_SIO,LUH_NMC_SIO/P068_2,245.14499999999998,0
EXT-03027,3026,LUH_NMC_SIO,LUH_NMC_SIO/P068_2,292.73,0
EXT-03028,3027,LUH_NMC_SIO,LUH_NMC_SIO/P068_2,340.69666666666666,0
EXT-03029,3028,LUH_NMC_SIO,LUH_NMC_SIO/P068_2,388.4266666666667,0
EXT-03030,3029,LUH_NMC_SIO,LUH_NMC_SIO/P068_2,435.78000000000003,0
EXT-03031,3030,LUH_NMC_SIO,LUH_NMC_SIO/P068_2,482.0916666666667,0
EXT-03032,3031,LUH_NMC_SIO,LUH_NMC_SIO/P068_2,527.0283333333333,0
EXT-03033,3032,LUH_NMC_SIO,LUH_NMC_SIO/P068_2,573.605,0
EXT-03034,3033,LUH_NMC_SIO,LUH_NMC_SIO/P068_2,620.8816666666667,0
EXT-03035,3034,LUH_NMC_SIO,LUH_NMC_SIO/P068_2,668.3383333333333,0
EXT-03036,3035,LUH_NMC_SIO,LUH_NMC_SIO/P068_2,715.7583333333333,0
EXT-03037,3036,LUH_NMC_SIO,LUH_NMC_SIO/P068_2,761.0383333333333,0
EXT-03038,3037,LUH_NMC_SIO,LUH_NMC_SIO/P068_2,808.6633333333333,0
EXT-03039,3038,LUH_NMC_SIO,LUH_NMC_SIO/P068_2,855.9566666666666,0
EXT-03040,3039,LUH_NMC_SIO,LUH_NMC_SIO/P068_2,902.8533333333334,0
EXT-03041,3040,LUH_NMC_SIO,LUH_NMC_SIO/P068_2,949.4583333333334,0
EXT-03042,3041,LUH_NMC_SIO,LUH_NMC_SIO/P068_2,997.5649999999999,0
EXT-03043,3042,LUH_NMC_SIO,LUH_NMC_SIO/P068_3,194.89499999999998,0
EXT-03044,3043,LUH_NMC_SIO,LUH_NMC_SIO/P068_3,242.10666666666665,0
EXT-03045,3044,LUH_NMC_SIO,LUH_NMC_SIO/P068_3,289.99833333333333,0
EXT-03046,3045,LUH_NMC_SIO,LUH_NMC_SIO/P068_3,337.7266666666667,0
EXT-03047,3046,LUH_NMC_SIO,LUH_NMC_SIO/P068_3,385.155,0
EXT-03048,3047,LUH_NMC_SIO,LUH_NMC_SIO/P068_3,432.16,0
EXT-03049,3048,LUH_NMC_SIO,LUH_NMC_SIO/P068_3,478.84833333333336,0
EXT-03050,3049,LUH_NMC_SIO,LUH_NMC_SIO/P068_3,523.3566666666667,0
EXT-03051,3050,LUH_NMC_SIO,LUH_NMC_SIO/P068_3,570.4633333333333,0
EXT-03052,3051,LUH_NMC_SIO,LUH_NMC_SIO/P068_3,618.495,0
EXT-03053,3052,LUH_NMC_SIO,LUH_NMC_SIO/P068_3,665.7966666666666,0
EXT-03054,3053,LUH_NMC_SIO,LUH_NMC_SIO/P068_3,713.59,0
EXT-03055,3054,LUH_NMC_SIO,LUH_NMC_SIO/P068_3,758.5949999999999,0
EXT-03056,3055,LUH_NMC_SIO,LUH_NMC_SIO/P068_3,805.8616666666667,0
EXT-03057,3056,LUH_NMC_SIO,LUH_NMC_SIO/P068_3,852.9033333333333,0
EXT-03058,3057,LUH_NMC_SIO,LUH_NMC_SIO/P068_3,899.6166666666668,0
EXT-03059,3058,LUH_NMC_SIO,LUH_NMC_SIO/P068_3,945.6700000000001,0
EXT-03060,3059,LUH_NMC_SIO,LUH_NMC_SIO/P068_3,993.6283333333334,0
EXT-03061,3060,LUH_NMC_SIO,LUH_NMC_SIO/P069_1,196.48166666666665,0
EXT-03062,3061,LUH_NMC_SIO,LUH_NMC_SIO/P069_1,244.69833333333335,0
EXT-03063,3062,LUH_NMC_SIO,LUH_NMC_SIO/P069_1,292.835,0
EXT-03064,3063,LUH_NMC_SIO,LUH_NMC_SIO/P069_1,340.37333333333333,0
EXT-03065,3064,LUH_NMC_SIO,LUH_NMC_SIO/P069_1,388.09666666666664,0
EXT-03066,3065,LUH_NMC_SIO,LUH_NMC_SIO/P069_1,435.31166666666667,0
EXT-03067,3066,LUH_NMC_SIO,LUH_NMC_SIO/P069_1,482.7633333333333,0
EXT-03068,3067,LUH_NMC_SIO,LUH_NMC_SIO/P069_1,528.5333333333333,0
EXT-03069,3068,LUH_NMC_SIO,LUH_NMC_SIO/P069_1,576.6616666666667,0
EXT-03070,3069,LUH_NMC_SIO,LUH_NMC_SIO/P069_1,625.435,0
EXT-03071,3070,LUH_NMC_SIO,LUH_NMC_SIO/P069_1,674.015,0
EXT-03072,3071,LUH_NMC_SIO,LUH_NMC_SIO/P069_1,722.4200000000001,0
EXT-03073,3072,LUH_NMC_SIO,LUH_NMC_SIO/P069_1,768.3633333333333,0
EXT-03074,3073,LUH_NMC_SIO,LUH_NMC_SIO/P069_1,816.3683333333333,0
EXT-03075,3074,LUH_NMC_SIO,LUH_NMC_SIO/P069_1,864.1883333333334,0
EXT-03076,3075,LUH_NMC_SIO,LUH_NMC_SIO/P069_1,912.4066666666668,0
EXT-03077,3076,LUH_NMC_SIO,LUH_NMC_SIO/P069_1,959.7016666666667,0
EXT-03078,3077,LUH_NMC_SIO,LUH_NMC_SIO/P069_1,1008.195,0
EXT-03079,3078,LUH_NMC_SIO,LUH_NMC_SIO/P069_2,195.77166666666668,0
EXT-03080,3079,LUH_NMC_SIO,LUH_NMC_SIO/P069_2,243.86666666666667,0
EXT-03081,3080,LUH_NMC_SIO,LUH_NMC_SIO/P069_2,292.0,0
EXT-03082,3081,LUH_NMC_SIO,LUH_NMC_SIO/P069_2,339.5566666666667,0
EXT-03083,3082,LUH_NMC_SIO,LUH_NMC_SIO/P069_2,387.30833333333334,0
EXT-03084,3083,LUH_NMC_SIO,LUH_NMC_SIO/P069_2,434.5466666666666,0
EXT-03085,3084,LUH_NMC_SIO,LUH_NMC_SIO/P069_2,481.89166666666665,0
EXT-03086,3085,LUH_NMC_SIO,LUH_NMC_SIO/P069_2,527.6583333333333,0
EXT-03087,3086,LUH_NMC_SIO,LUH_NMC_SIO/P069_2,575.7266666666666,0
EXT-03088,3087,LUH_NMC_SIO,LUH_NMC_SIO/P069_2,624.4666666666667,0
EXT-03089,3088,LUH_NMC_SIO,LUH_NMC_SIO/P069_2,673.025,0
EXT-03090,3089,LUH_NMC_SIO,LUH_NMC_SIO/P069_2,721.6766666666666,0
EXT-03091,3090,LUH_NMC_SIO,LUH_NMC_SIO/P069_2,767.6349999999999,0
EXT-03092,3091,LUH_NMC_SIO,LUH_NMC_SIO/P069_2,815.65,0
EXT-03093,3092,LUH_NMC_SIO,LUH_NMC_SIO/P069_2,863.4833333333332,0
EXT-03094,3093,LUH_NMC_SIO,LUH_NMC_SIO/P069_2,911.6899999999999,0
EXT-03095,3094,LUH_NMC_SIO,LUH_NMC_SIO/P069_2,958.3783333333334,0
EXT-03096,3095,LUH_NMC_SIO,LUH_NMC_SIO/P069_2,1006.8966666666666,0
EXT-03097,3096,LUH_NMC_SIO,LUH_NMC_SIO/P069_3,197.4766666666667,0
EXT-03098,3097,LUH_NMC_SIO,LUH_NMC_SIO/P069_3,245.87333333333333,0
EXT-03099,3098,LUH_NMC_SIO,LUH_NMC_SIO/P069_3,293.67,0
EXT-03100,3099,LUH_NMC_SIO,LUH_NMC_SIO/P069_3,341.5333333333333,0
EXT-03101,3100,LUH_NMC_SIO,LUH_NMC_SIO/P069_3,388.945,0
EXT-03102,3101,LUH_NMC_SIO,LUH_NMC_SIO/P069_3,436.1333333333334,0
EXT-03103,3102,LUH_NMC_SIO,LUH_NMC_SIO/P069_3,483.3983333333333,0
EXT-03104,3103,LUH_NMC_SIO,LUH_NMC_SIO/P069_3,529.1533333333333,0
EXT-03105,3104,LUH_NMC_SIO,LUH_NMC_SIO/P069_3,577.1833333333334,0
EXT-03106,3105,LUH_NMC_SIO,LUH_NMC_SIO/P069_3,625.745,0
EXT-03107,3106,LUH_NMC_SIO,LUH_NMC_SIO/P069_3,674.1083333333333,0
EXT-03108,3107,LUH_NMC_SIO,LUH_NMC_SIO/P069_3,722.265,0
EXT-03109,3108,LUH_NMC_SIO,LUH_NMC_SIO/P069_3,767.9683333333332,0
EXT-03110,3109,LUH_NMC_SIO,LUH_NMC_SIO/P069_3,815.7233333333334,0
EXT-03111,3110,LUH_NMC_SIO,LUH_NMC_SIO/P069_3,863.3033333333333,0
EXT-03112,3111,LUH_NMC_SIO,LUH_NMC_SIO/P069_3,911.2950000000001,0
EXT-03113,3112,LUH_NMC_SIO,LUH_NMC_SIO/P069_3,958.2800000000001,0
EXT-03114,3113,LUH_NMC_SIO,LUH_NMC_SIO/P069_3,1007.0416666666666,0
EXT-03115,3114,LUH_NMC_SIO,LUH_NMC_SIO/P070_1,284.73,0
EXT-03116,3115,LUH_NMC_SIO,LUH_NMC_SIO/P070_2,282.2316666666666,0
EXT-03117,3116,LUH_NMC_SIO,LUH_NMC_SIO/P070_3,283.03666666666663,0
EXT-03118,3117,LUH_NMC_SIO,LUH_NMC_SIO/P070_3,346.92333333333335,0
EXT-03119,3118,LUH_NMC_SIO,LUH_NMC_SIO/P070_3,394.5783333333334,0
EXT-03120,3119,LUH_NMC_SIO,LUH_NMC_SIO/P071_1,195.30333333333337,0
EXT-03121,3120,LUH_NMC_SIO,LUH_NMC_SIO/P071_1,242.96333333333334,0
EXT-03122,3121,LUH_NMC_SIO,LUH_NMC_SIO/P071_1,291.1116666666667,0
EXT-03123,3122,LUH_NMC_SIO,LUH_NMC_SIO/P071_1,339.305,0
EXT-03124,3123,LUH_NMC_SIO,LUH_NMC_SIO/P071_1,387.535,0
EXT-03125,3124,LUH_NMC_SIO,LUH_NMC_SIO/P071_1,435.75499999999994,0
EXT-03126,3125,LUH_NMC_SIO,LUH_NMC_SIO/P071_1,483.1716666666666,0
EXT-03127,3126,LUH_NMC_SIO,LUH_NMC_SIO/P071_1,529.3000000000001,0
EXT-03128,3127,LUH_NMC_SIO,LUH_NMC_SIO/P071_1,577.405,0
EXT-03129,3128,LUH_NMC_SIO,LUH_NMC_SIO/P071_1,625.5183333333333,0
EXT-03130,3129,LUH_NMC_SIO,LUH_NMC_SIO/P071_1,673.4283333333333,0
EXT-03131,3130,LUH_NMC_SIO,LUH_NMC_SIO/P071_1,721.9083333333333,0
EXT-03132,3131,LUH_NMC_SIO,LUH_NMC_SIO/P071_1,768.105,0
EXT-03133,3132,LUH_NMC_SIO,LUH_NMC_SIO/P071_1,816.1700000000001,0
EXT-03134,3133,LUH_NMC_SIO,LUH_NMC_SIO/P071_1,864.81,0
EXT-03135,3134,LUH_NMC_SIO,LUH_NMC_SIO/P071_1,913.5099999999999,0
EXT-03136,3135,LUH_NMC_SIO,LUH_NMC_SIO/P071_1,961.3299999999999,0
EXT-03137,3136,LUH_NMC_SIO,LUH_NMC_SIO/P071_1,1011.0799999999999,0
EXT-03138,3137,LUH_NMC_SIO,LUH_NMC_SIO/P071_2,194.95666666666668,0
EXT-03139,3138,LUH_NMC_SIO,LUH_NMC_SIO/P071_2,242.81499999999997,0
EXT-03140,3139,LUH_NMC_SIO,LUH_NMC_SIO/P071_2,291.12,0
EXT-03141,3140,LUH_NMC_SIO,LUH_NMC_SIO/P071_2,339.2033333333333,0
EXT-03142,3141,LUH_NMC_SIO,LUH_NMC_SIO/P071_2,387.33,0
EXT-03143,3142,LUH_NMC_SIO,LUH_NMC_SIO/P071_2,435.41499999999996,0
EXT-03144,3143,LUH_NMC_SIO,LUH_NMC_SIO/P071_2,482.73,0
EXT-03145,3144,LUH_NMC_SIO,LUH_NMC_SIO/P071_2,528.8966666666666,0
EXT-03146,3145,LUH_NMC_SIO,LUH_NMC_SIO/P071_2,577.1583333333333,0
EXT-03147,3146,LUH_NMC_SIO,LUH_NMC_SIO/P071_2,625.4399999999999,0
EXT-03148,3147,LUH_NMC_SIO,LUH_NMC_SIO/P071_2,673.56,0
EXT-03149,3148,LUH_NMC_SIO,LUH_NMC_SIO/P071_2,721.5283333333333,0
EXT-03150,3149,LUH_NMC_SIO,LUH_NMC_SIO/P071_2,767.2366666666667,0
EXT-03151,3150,LUH_NMC_SIO,LUH_NMC_SIO/P071_2,815.6199999999999,0
EXT-03152,3151,LUH_NMC_SIO,LUH_NMC_SIO/P071_2,863.8149999999999,0
EXT-03153,3152,LUH_NMC_SIO,LUH_NMC_SIO/P071_2,912.0499999999998,0
EXT-03154,3153,LUH_NMC_SIO,LUH_NMC_SIO/P071_2,959.7433333333333,0
EXT-03155,3154,LUH_NMC_SIO,LUH_NMC_SIO/P071_2,1009.3666666666668,0
EXT-03156,3155,LUH_NMC_SIO,LUH_NMC_SIO/P071_3,196.47166666666666,0
EXT-03157,3156,LUH_NMC_SIO,LUH_NMC_SIO/P071_3,244.375,0
EXT-03158,3157,LUH_NMC_SIO,LUH_NMC_SIO/P071_3,292.4016666666667,0
EXT-03159,3158,LUH_NMC_SIO,LUH_NMC_SIO/P071_3,340.44666666666666,0
EXT-03160,3159,LUH_NMC_SIO,LUH_NMC_SIO/P071_3,388.53999999999996,0
EXT-03161,3160,LUH_NMC_SIO,LUH_NMC_SIO/P071_3,436.60999999999996,0
EXT-03162,3161,LUH_NMC_SIO,LUH_NMC_SIO/P071_3,483.8433333333334,0
EXT-03163,3162,LUH_NMC_SIO,LUH_NMC_SIO/P071_3,529.9183333333334,0
EXT-03164,3163,LUH_NMC_SIO,LUH_NMC_SIO/P071_3,578.1750000000001,0
EXT-03165,3164,LUH_NMC_SIO,LUH_NMC_SIO/P071_3,626.5583333333334,0
EXT-03166,3165,LUH_NMC_SIO,LUH_NMC_SIO/P071_3,674.815,0
EXT-03167,3166,LUH_NMC_SIO,LUH_NMC_SIO/P071_3,722.9433333333333,0
EXT-03168,3167,LUH_NMC_SIO,LUH_NMC_SIO/P071_3,768.8766666666667,0
EXT-03169,3168,LUH_NMC_SIO,LUH_NMC_SIO/P071_3,817.5483333333333,0
EXT-03170,3169,LUH_NMC_SIO,LUH_NMC_SIO/P071_3,866.0166666666668,0
EXT-03171,3170,LUH_NMC_SIO,LUH_NMC_SIO/P071_3,914.3433333333332,0
EXT-03172,3171,LUH_NMC_SIO,LUH_NMC_SIO/P071_3,961.63,0
EXT-03173,3172,LUH_NMC_SIO,LUH_NMC_SIO/P071_3,1010.4733333333334,0
EXT-03174,3173,LUH_NMC_SIO,LUH_NMC_SIO/P072_1,196.70666666666668,0
EXT-03175,3174,LUH_NMC_SIO,LUH_NMC_SIO/P072_1,244.8183333333333,0
EXT-03176,3175,LUH_NMC_SIO,LUH_NMC_SIO/P072_1,293.69166666666666,0
EXT-03177,3176,LUH_NMC_SIO,LUH_NMC_SIO/P072_1,342.6333333333334,0
EXT-03178,3177,LUH_NMC_SIO,LUH_NMC_SIO/P072_1,391.31333333333333,0
EXT-03179,3178,LUH_NMC_SIO,LUH_NMC_SIO/P072_1,439.155,0
EXT-03180,3179,LUH_NMC_SIO,LUH_NMC_SIO/P072_1,486.4633333333333,0
EXT-03181,3180,LUH_NMC_SIO,LUH_NMC_SIO/P072_1,532.2333333333333,0
EXT-03182,3181,LUH_NMC_SIO,LUH_NMC_SIO/P072_1,579.9633333333333,0
EXT-03183,3182,LUH_NMC_SIO,LUH_NMC_SIO/P072_1,627.59,0
EXT-03184,3183,LUH_NMC_SIO,LUH_NMC_SIO/P072_1,675.4416666666667,0
EXT-03185,3184,LUH_NMC_SIO,LUH_NMC_SIO/P072_1,723.0750000000002,0
EXT-03186,3185,LUH_NMC_SIO,LUH_NMC_SIO/P072_1,768.975,0
EXT-03187,3186,LUH_NMC_SIO,LUH_NMC_SIO/P072_1,817.2433333333333,0
EXT-03188,3187,LUH_NMC_SIO,LUH_NMC_SIO/P072_1,865.57,0
EXT-03189,3188,LUH_NMC_SIO,LUH_NMC_SIO/P072_1,913.9900000000001,0
EXT-03190,3189,LUH_NMC_SIO,LUH_NMC_SIO/P072_1,961.6816666666667,0
EXT-03191,3190,LUH_NMC_SIO,LUH_NMC_SIO/P072_1,1010.9699999999999,0
EXT-03192,3191,LUH_NMC_SIO,LUH_NMC_SIO/P072_2,197.295,0
EXT-03193,3192,LUH_NMC_SIO,LUH_NMC_SIO/P072_2,245.95333333333335,0
EXT-03194,3193,LUH_NMC_SIO,LUH_NMC_SIO/P072_2,294.2,0
EXT-03195,3194,LUH_NMC_SIO,LUH_NMC_SIO/P072_2,343.1716666666666,0
EXT-03196,3195,LUH_NMC_SIO,LUH_NMC_SIO/P072_2,391.92666666666673,0
EXT-03197,3196,LUH_NMC_SIO,LUH_NMC_SIO/P072_2,439.74666666666667,0
EXT-03198,3197,LUH_NMC_SIO,LUH_NMC_SIO/P072_2,487.1700000000001,0
EXT-03199,3198,LUH_NMC_SIO,LUH_NMC_SIO/P072_2,533.1166666666667,0
EXT-03200,3199,LUH_NMC_SIO,LUH_NMC_SIO/P072_2,580.9083333333333,0
EXT-03201,3200,LUH_NMC_SIO,LUH_NMC_SIO/P072_2,629.035,0
EXT-03202,3201,LUH_NMC_SIO,LUH_NMC_SIO/P072_2,676.76,0
EXT-03203,3202,LUH_NMC_SIO,LUH_NMC_SIO/P072_2,724.665,0
EXT-03204,3203,LUH_NMC_SIO,LUH_NMC_SIO/P072_2,771.3433333333334,0
EXT-03205,3204,LUH_NMC_SIO,LUH_NMC_SIO/P072_2,819.75,0
EXT-03206,3205,LUH_NMC_SIO,LUH_NMC_SIO/P072_2,868.2116666666667,0
EXT-03207,3206,LUH_NMC_SIO,LUH_NMC_SIO/P072_2,916.7116666666667,0
EXT-03208,3207,LUH_NMC_SIO,LUH_NMC_SIO/P072_2,964.4816666666666,0
EXT-03209,3208,LUH_NMC_SIO,LUH_NMC_SIO/P072_2,1014.3116666666666,0
EXT-03210,3209,LUH_NMC_SIO,LUH_NMC_SIO/P072_3,196.205,0
EXT-03211,3210,LUH_NMC_SIO,LUH_NMC_SIO/P072_3,244.24666666666667,0
EXT-03212,3211,LUH_NMC_SIO,LUH_NMC_SIO/P072_3,292.38666666666666,0
EXT-03213,3212,LUH_NMC_SIO,LUH_NMC_SIO/P072_3,341.27666666666664,0
EXT-03214,3213,LUH_NMC_SIO,LUH_NMC_SIO/P072_3,390.2083333333333,0
EXT-03215,3214,LUH_NMC_SIO,LUH_NMC_SIO/P072_3,438.12833333333333,0
EXT-03216,3215,LUH_NMC_SIO,LUH_NMC_SIO/P072_3,485.5883333333333,0
EXT-03217,3216,LUH_NMC_SIO,LUH_NMC_SIO/P072_3,531.2983333333333,0
EXT-03218,3217,LUH_NMC_SIO,LUH_NMC_SIO/P072_3,579.0783333333334,0
EXT-03219,3218,LUH_NMC_SIO,LUH_NMC_SIO/P072_3,627.11,0
EXT-03220,3219,LUH_NMC_SIO,LUH_NMC_SIO/P072_3,675.4533333333334,0
EXT-03221,3220,LUH_NMC_SIO,LUH_NMC_SIO/P072_3,723.54,0
EXT-03222,3221,LUH_NMC_SIO,LUH_NMC_SIO/P072_3,769.52,0
EXT-03223,3222,LUH_NMC_SIO,LUH_NMC_SIO/P072_3,817.7400000000001,0
EXT-03224,3223,LUH_NMC_SIO,LUH_NMC_SIO/P072_3,865.7366666666667,0
EXT-03225,3224,LUH_NMC_SIO,LUH_NMC_SIO/P072_3,914.3083333333334,0
EXT-03226,3225,LUH_NMC_SIO,LUH_NMC_SIO/P072_3,962.4766666666666,0
EXT-03227,3226,LUH_NMC_SIO,LUH_NMC_SIO/P072_3,1012.2216666666667,0
EXT-03228,3227,LUH_NMC_SIO,LUH_NMC_SIO/P073_1,291.08166666666665,0
EXT-03229,3228,LUH_NMC_SIO,LUH_NMC_SIO/P073_1,362.59499999999997,0
EXT-03230,3229,LUH_NMC_SIO,LUH_NMC_SIO/P073_1,433.7516666666667,0
EXT-03231,3230,LUH_NMC_SIO,LUH_NMC_SIO/P073_1,504.48166666666674,0
EXT-03232,3231,LUH_NMC_SIO,LUH_NMC_SIO/P073_1,574.61,0
EXT-03233,3232,LUH_NMC_SIO,LUH_NMC_SIO/P073_1,641.4516666666667,0
EXT-03234,3233,LUH_NMC_SIO,LUH_NMC_SIO/P073_2,291.5683333333333,0
EXT-03235,3234,LUH_NMC_SIO,LUH_NMC_SIO/P073_2,362.62166666666667,0
EXT-03236,3235,LUH_NMC_SIO,LUH_NMC_SIO/P073_2,433.31,0
EXT-03237,3236,LUH_NMC_SIO,LUH_NMC_SIO/P073_2,503.45666666666665,0
EXT-03238,3237,LUH_NMC_SIO,LUH_NMC_SIO/P073_2,572.79,0
EXT-03239,3238,LUH_NMC_SIO,LUH_NMC_SIO/P073_2,639.4283333333334,0
EXT-03240,3239,LUH_NMC_SIO,LUH_NMC_SIO/P073_3,291.07,0
EXT-03241,3240,LUH_NMC_SIO,LUH_NMC_SIO/P073_3,361.87999999999994,0
EXT-03242,3241,LUH_NMC_SIO,LUH_NMC_SIO/P073_3,432.97666666666663,0
EXT-03243,3242,LUH_NMC_SIO,LUH_NMC_SIO/P073_3,503.67,0
EXT-03244,3243,LUH_NMC_SIO,LUH_NMC_SIO/P073_3,573.3466666666667,0
EXT-03245,3244,LUH_NMC_SIO,LUH_NMC_SIO/P073_3,641.1533333333333,0
EXT-03246,3245,LUH_NMC_SIO,LUH_NMC_SIO/P073_3,707.0,0
EXT-03247,3246,LUH_NMC_SIO,LUH_NMC_SIO/P074_1,195.56333333333336,0
EXT-03248,3247,LUH_NMC_SIO,LUH_NMC_SIO/P074_1,243.205,0
EXT-03249,3248,LUH_NMC_SIO,LUH_NMC_SIO/P074_1,291.12166666666667,0
EXT-03250,3249,LUH_NMC_SIO,LUH_NMC_SIO/P074_1,339.15000000000003,0
EXT-03251,3250,LUH_NMC_SIO,LUH_NMC_SIO/P074_1,387.35666666666674,0
EXT-03252,3251,LUH_NMC_SIO,LUH_NMC_SIO/P074_1,435.29833333333335,0
EXT-03253,3252,LUH_NMC_SIO,LUH_NMC_SIO/P074_1,482.2133333333333,0
EXT-03254,3253,LUH_NMC_SIO,LUH_NMC_SIO/P074_1,528.1550000000001,0
EXT-03255,3254,LUH_NMC_SIO,LUH_NMC_SIO/P074_1,575.8216666666666,0
EXT-03256,3255,LUH_NMC_SIO,LUH_NMC_SIO/P074_1,624.0066666666667,0
EXT-03257,3256,LUH_NMC_SIO,LUH_NMC_SIO/P074_1,672.1216666666667,0
EXT-03258,3257,LUH_NMC_SIO,LUH_NMC_SIO/P074_1,719.8000000000001,0
EXT-03259,3258,LUH_NMC_SIO,LUH_NMC_SIO/P074_1,765.1616666666667,0
EXT-03260,3259,LUH_NMC_SIO,LUH_NMC_SIO/P074_2,194.61166666666668,0
EXT-03261,3260,LUH_NMC_SIO,LUH_NMC_SIO/P074_2,242.36333333333334,0
EXT-03262,3261,LUH_NMC_SIO,LUH_NMC_SIO/P074_2,290.34666666666664,0
EXT-03263,3262,LUH_NMC_SIO,LUH_NMC_SIO/P074_2,338.44,0
EXT-03264,3263,LUH_NMC_SIO,LUH_NMC_SIO/P074_2,386.6466666666667,0
EXT-03265,3264,LUH_NMC_SIO,LUH_NMC_SIO/P074_2,434.6233333333333,0
EXT-03266,3265,LUH_NMC_SIO,LUH_NMC_SIO/P074_2,481.7816666666667,0
EXT-03267,3266,LUH_NMC_SIO,LUH_NMC_SIO/P074_2,527.5666666666667,0
EXT-03268,3267,LUH_NMC_SIO,LUH_NMC_SIO/P074_2,574.9433333333333,0
EXT-03269,3268,LUH_NMC_SIO,LUH_NMC_SIO/P074_2,622.6983333333333,0
EXT-03270,3269,LUH_NMC_SIO,LUH_NMC_SIO/P074_2,660.3033333333333,0
EXT-03271,3270,LUH_NMC_SIO,LUH_NMC_SIO/P074_3,204.64166666666665,0
EXT-03272,3271,LUH_NMC_SIO,LUH_NMC_SIO/P074_3,252.4416666666667,0
EXT-03273,3272,LUH_NMC_SIO,LUH_NMC_SIO/P074_3,300.615,0
EXT-03274,3273,LUH_NMC_SIO,LUH_NMC_SIO/P074_3,348.64833333333337,0
EXT-03275,3274,LUH_NMC_SIO,LUH_NMC_SIO/P074_3,396.79833333333335,0
EXT-03276,3275,LUH_NMC_SIO,LUH_NMC_SIO/P074_3,444.8416666666667,0
EXT-03277,3276,LUH_NMC_SIO,LUH_NMC_SIO/P074_3,492.1083333333333,0
EXT-03278,3277,LUH_NMC_SIO,LUH_NMC_SIO/P074_3,538.0083333333333,0
EXT-03279,3278,LUH_NMC_SIO,LUH_NMC_SIO/P074_3,585.5833333333334,0
EXT-03280,3279,LUH_NMC_SIO,LUH_NMC_SIO/P074_3,633.6016666666667,0
EXT-03281,3280,LUH_NMC_SIO,LUH_NMC_SIO/P074_3,681.5983333333334,0
EXT-03282,3281,LUH_NMC_SIO,LUH_NMC_SIO/P075_1,197.20000000000002,0
EXT-03283,3282,LUH_NMC_SIO,LUH_NMC_SIO/P075_1,245.23499999999999,0
EXT-03284,3283,LUH_NMC_SIO,LUH_NMC_SIO/P075_1,294.01666666666665,0
EXT-03285,3284,LUH_NMC_SIO,LUH_NMC_SIO/P075_1,342.895,0
EXT-03286,3285,LUH_NMC_SIO,LUH_NMC_SIO/P075_1,391.6233333333333,0
EXT-03287,3286,LUH_NMC_SIO,LUH_NMC_SIO/P075_1,440.0116666666666,0
EXT-03288,3287,LUH_NMC_SIO,LUH_NMC_SIO/P075_1,487.4683333333333,0
EXT-03289,3288,LUH_NMC_SIO,LUH_NMC_SIO/P075_1,533.5166666666668,0
EXT-03290,3289,LUH_NMC_SIO,LUH_NMC_SIO/P075_1,581.7683333333333,0
EXT-03291,3290,LUH_NMC_SIO,LUH_NMC_SIO/P075_1,630.4833333333333,0
EXT-03292,3291,LUH_NMC_SIO,LUH_NMC_SIO/P075_1,679.2883333333333,0
EXT-03293,3292,LUH_NMC_SIO,LUH_NMC_SIO/P075_1,728.125,0
EXT-03294,3293,LUH_NMC_SIO,LUH_NMC_SIO/P075_1,775.215,0
EXT-03295,3294,LUH_NMC_SIO,LUH_NMC_SIO/P075_1,824.1566666666668,0
EXT-03296,3295,LUH_NMC_SIO,LUH_NMC_SIO/P075_1,873.1283333333334,0
EXT-03297,3296,LUH_NMC_SIO,LUH_NMC_SIO/P075_1,922.0533333333333,0
EXT-03298,3297,LUH_NMC_SIO,LUH_NMC_SIO/P075_1,970.0433333333334,0
EXT-03299,3298,LUH_NMC_SIO,LUH_NMC_SIO/P075_1,1019.52,0
EXT-03300,3299,LUH_NMC_SIO,LUH_NMC_SIO/P075_2,196.00833333333335,0
EXT-03301,3300,LUH_NMC_SIO,LUH_NMC_SIO/P075_2,243.98499999999999,0
EXT-03302,3301,LUH_NMC_SIO,LUH_NMC_SIO/P075_2,292.70166666666665,0
EXT-03303,3302,LUH_NMC_SIO,LUH_NMC_SIO/P075_2,341.5016666666667,0
EXT-03304,3303,LUH_NMC_SIO,LUH_NMC_SIO/P075_2,390.3766666666667,0
EXT-03305,3304,LUH_NMC_SIO,LUH_NMC_SIO/P075_2,438.3766666666667,0
EXT-03306,3305,LUH_NMC_SIO,LUH_NMC_SIO/P075_2,486.05166666666673,0
EXT-03307,3306,LUH_NMC_SIO,LUH_NMC_SIO/P075_2,532.415,0
EXT-03308,3307,LUH_NMC_SIO,LUH_NMC_SIO/P075_2,580.4566666666666,0
EXT-03309,3308,LUH_NMC_SIO,LUH_NMC_SIO/P075_2,628.8916666666667,0
EXT-03310,3309,LUH_NMC_SIO,LUH_NMC_SIO/P075_2,677.7033333333334,0
EXT-03311,3310,LUH_NMC_SIO,LUH_NMC_SIO/P075_2,726.5316666666668,0
EXT-03312,3311,LUH_NMC_SIO,LUH_NMC_SIO/P075_2,773.5600000000001,0
EXT-03313,3312,LUH_NMC_SIO,LUH_NMC_SIO/P075_2,822.4583333333334,0
EXT-03314,3313,LUH_NMC_SIO,LUH_NMC_SIO/P075_2,871.38,0
EXT-03315,3314,LUH_NMC_SIO,LUH_NMC_SIO/P075_2,920.3766666666667,0
EXT-03316,3315,LUH_NMC_SIO,LUH_NMC_SIO/P075_2,968.605,0
EXT-03317,3316,LUH_NMC_SIO,LUH_NMC_SIO/P075_2,1018.445,0
EXT-03318,3317,LUH_NMC_SIO,LUH_NMC_SIO/P075_3,205.92,0
EXT-03319,3318,LUH_NMC_SIO,LUH_NMC_SIO/P075_3,253.89666666666668,0
EXT-03320,3319,LUH_NMC_SIO,LUH_NMC_SIO/P075_3,302.68,0
EXT-03321,3320,LUH_NMC_SIO,LUH_NMC_SIO/P075_3,351.5316666666667,0
EXT-03322,3321,LUH_NMC_SIO,LUH_NMC_SIO/P075_3,400.21999999999997,0
EXT-03323,3322,LUH_NMC_SIO,LUH_NMC_SIO/P075_3,448.5683333333333,0
EXT-03324,3323,LUH_NMC_SIO,LUH_NMC_SIO/P075_3,495.9666666666667,0
EXT-03325,3324,LUH_NMC_SIO,LUH_NMC_SIO/P075_3,541.9933333333333,0
EXT-03326,3325,LUH_NMC_SIO,LUH_NMC_SIO/P075_3,590.6033333333334,0
EXT-03327,3326,LUH_NMC_SIO,LUH_NMC_SIO/P075_3,639.3783333333333,0
EXT-03328,3327,LUH_NMC_SIO,LUH_NMC_SIO/P075_3,688.1666666666666,0
EXT-03329,3328,LUH_NMC_SIO,LUH_NMC_SIO/P075_3,737.0033333333334,0
EXT-03330,3329,LUH_NMC_SIO,LUH_NMC_SIO/P075_3,784.07,0
EXT-03331,3330,LUH_NMC_SIO,LUH_NMC_SIO/P075_3,833.0216666666666,0
EXT-03332,3331,LUH_NMC_SIO,LUH_NMC_SIO/P075_3,882.02,0
EXT-03333,3332,LUH_NMC_SIO,LUH_NMC_SIO/P075_3,931.0099999999999,0
EXT-03334,3333,LUH_NMC_SIO,LUH_NMC_SIO/P075_3,979.1316666666667,0
EXT-03335,3334,LUH_NMC_SIO,LUH_NMC_SIO/P075_3,1028.785,0
EXT-03336,3335,LUH_NMC_SIO,LUH_NMC_SIO/P076_1,294.1383333333333,0
EXT-03337,3336,LUH_NMC_SIO,LUH_NMC_SIO/P076_1,366.66499999999996,0
EXT-03338,3337,LUH_NMC_SIO,LUH_NMC_SIO/P076_1,439.0083333333334,0
EXT-03339,3338,LUH_NMC_SIO,LUH_NMC_SIO/P076_1,512.1850000000001,0
EXT-03340,3339,LUH_NMC_SIO,LUH_NMC_SIO/P076_1,585.4833333333333,0
EXT-03341,3340,LUH_NMC_SIO,LUH_NMC_SIO/P076_1,658.2233333333334,0
EXT-03342,3341,LUH_NMC_SIO,LUH_NMC_SIO/P076_1,729.9516666666667,0
EXT-03343,3342,LUH_NMC_SIO,LUH_NMC_SIO/P076_1,799.305,0
EXT-03344,3343,LUH_NMC_SIO,LUH_NMC_SIO/P076_1,872.2783333333333,0
EXT-03345,3344,LUH_NMC_SIO,LUH_NMC_SIO/P076_1,946.1233333333333,0
EXT-03346,3345,LUH_NMC_SIO,LUH_NMC_SIO/P076_1,1019.3916666666668,0
EXT-03347,3346,LUH_NMC_SIO,LUH_NMC_SIO/P076_1,1092.6516666666666,0
EXT-03348,3347,LUH_NMC_SIO,LUH_NMC_SIO/P076_1,1162.7666666666667,0
EXT-03349,3348,LUH_NMC_SIO,LUH_NMC_SIO/P076_1,1235.9383333333333,0
EXT-03350,3349,LUH_NMC_SIO,LUH_NMC_SIO/P076_1,1309.015,0
EXT-03351,3350,LUH_NMC_SIO,LUH_NMC_SIO/P076_1,1382.3416666666665,0
EXT-03352,3351,LUH_NMC_SIO,LUH_NMC_SIO/P076_1,1454.3116666666665,0
EXT-03353,3352,LUH_NMC_SIO,LUH_NMC_SIO/P076_1,1528.4099999999999,0
EXT-03354,3353,LUH_NMC_SIO,LUH_NMC_SIO/P076_2,295.26,0
EXT-03355,3354,LUH_NMC_SIO,LUH_NMC_SIO/P076_2,368.38166666666666,0
EXT-03356,3355,LUH_NMC_SIO,LUH_NMC_SIO/P076_2,441.37166666666667,0
EXT-03357,3356,LUH_NMC_SIO,LUH_NMC_SIO/P076_2,514.4816666666667,0
EXT-03358,3357,LUH_NMC_SIO,LUH_NMC_SIO/P076_2,587.7383333333333,0
EXT-03359,3358,LUH_NMC_SIO,LUH_NMC_SIO/P076_2,660.395,0
EXT-03360,3359,LUH_NMC_SIO,LUH_NMC_SIO/P076_2,732.1233333333333,0
EXT-03361,3360,LUH_NMC_SIO,LUH_NMC_SIO/P076_2,801.4949999999999,0
EXT-03362,3361,LUH_NMC_SIO,LUH_NMC_SIO/P076_2,873.9716666666667,0
EXT-03363,3362,LUH_NMC_SIO,LUH_NMC_SIO/P076_2,946.4916666666667,0
EXT-03364,3363,LUH_NMC_SIO,LUH_NMC_SIO/P076_2,1019.4916666666668,0
EXT-03365,3364,LUH_NMC_SIO,LUH_NMC_SIO/P076_2,1092.69,0
EXT-03366,3365,LUH_NMC_SIO,LUH_NMC_SIO/P076_2,1162.295,0
EXT-03367,3366,LUH_NMC_SIO,LUH_NMC_SIO/P076_2,1235.1233333333332,0
EXT-03368,3367,LUH_NMC_SIO,LUH_NMC_SIO/P076_2,1308.0116666666665,0
EXT-03369,3368,LUH_NMC_SIO,LUH_NMC_SIO/P076_2,1380.8466666666666,0
EXT-03370,3369,LUH_NMC_SIO,LUH_NMC_SIO/P076_2,1452.4883333333335,0
EXT-03371,3370,LUH_NMC_SIO,LUH_NMC_SIO/P076_2,1526.4916666666668,0
EXT-03372,3371,LUH_NMC_SIO,LUH_NMC_SIO/P076_3,292.66833333333335,0
EXT-03373,3372,LUH_NMC_SIO,LUH_NMC_SIO/P076_3,365.175,0
EXT-03374,3373,LUH_NMC_SIO,LUH_NMC_SIO/P076_3,438.04333333333335,0
EXT-03375,3374,LUH_NMC_SIO,LUH_NMC_SIO/P076_3,510.40166666666664,0
EXT-03376,3375,LUH_NMC_SIO,LUH_NMC_SIO/P076_3,582.8866666666667,0
EXT-03377,3376,LUH_NMC_SIO,LUH_NMC_SIO/P076_3,655.4133333333333,0
EXT-03378,3377,LUH_NMC_SIO,LUH_NMC_SIO/P076_3,727.3833333333333,0
EXT-03379,3378,LUH_NMC_SIO,LUH_NMC_SIO/P076_3,796.4766666666668,0
EXT-03380,3379,LUH_NMC_SIO,LUH_NMC_SIO/P076_3,868.7883333333333,0
EXT-03381,3380,LUH_NMC_SIO,LUH_NMC_SIO/P076_3,942.085,0
EXT-03382,3381,LUH_NMC_SIO,LUH_NMC_SIO/P076_3,1014.9766666666668,0
EXT-03383,3382,LUH_NMC_SIO,LUH_NMC_SIO/P076_3,1088.0916666666667,0
EXT-03384,3383,LUH_NMC_SIO,LUH_NMC_SIO/P076_3,1158.0066666666667,0
EXT-03385,3384,LUH_NMC_SIO,LUH_NMC_SIO/P076_3,1231.4633333333334,0
EXT-03386,3385,LUH_NMC_SIO,LUH_NMC_SIO/P076_3,1304.2066666666667,0
EXT-03387,3386,LUH_NMC_SIO,LUH_NMC_SIO/P076_3,1377.3083333333334,0
EXT-03388,3387,LUH_NMC_SIO,LUH_NMC_SIO/P076_3,1449.3733333333332,0
EXT-03389,3388,LUH_NMC_SIO,LUH_NMC_SIO/P076_3,1523.2383333333335,0
EXT-03390,3389,ISU_ILCC_NMC,ISU_ILCC_NMC/G1C1,42.72273148148148,0
EXT-03391,3390,ISU_ILCC_NMC,ISU_ILCC_NMC/G1C1,51.97334490740741,0
EXT-03392,3391,ISU_ILCC_NMC,ISU_ILCC_NMC/G1C1,60.26064814814815,0
EXT-03393,3392,ISU_ILCC_NMC,ISU_ILCC_NMC/G1C1,72.91311342592593,0
EXT-03394,3393,ISU_ILCC_NMC,ISU_ILCC_NMC/G1C1,82.20119212962963,0
EXT-03395,3394,ISU_ILCC_NMC,ISU_ILCC_NMC/G1C1,90.67869212962962,0
EXT-03396,3395,ISU_ILCC_NMC,ISU_ILCC_NMC/G1C1,99.38864583333333,0
EXT-03397,3396,ISU_ILCC_NMC,ISU_ILCC_NMC/G1C1,107.32798611111112,0
EXT-03398,3397,ISU_ILCC_NMC,ISU_ILCC_NMC/G1C1,115.81402777777778,0
EXT-03399,3398,ISU_ILCC_NMC,ISU_ILCC_NMC/G1C1,124.75747685185185,0
EXT-03400,3399,ISU_ILCC_NMC,ISU_ILCC_NMC/G1C1,134.88200231481483,0
EXT-03401,3400,ISU_ILCC_NMC,ISU_ILCC_NMC/G1C1,143.1170023148148,0
EXT-03402,3401,ISU_ILCC_NMC,ISU_ILCC_NMC/G1C1,152.8033912037037,0
EXT-03403,3402,ISU_ILCC_NMC,ISU_ILCC_NMC/G1C1,161.03355324074073,0
EXT-03404,3403,ISU_ILCC_NMC,ISU_ILCC_NMC/G1C1,170.86583333333334,0
EXT-03405,3404,ISU_ILCC_NMC,ISU_ILCC_NMC/G1C1,184.2988310185185,0
EXT-03406,3405,ISU_ILCC_NMC,ISU_ILCC_NMC/G1C1,192.9339236111111,0
EXT-03407,3406,ISU_ILCC_NMC,ISU_ILCC_NMC/G1C1,201.1853125,0
EXT-03408,3407,ISU_ILCC_NMC,ISU_ILCC_NMC/G1C1,209.0666087962963,0
EXT-03409,3408,ISU_ILCC_NMC,ISU_ILCC_NMC/G1C1,216.981875,0
EXT-03410,3409,ISU_ILCC_NMC,ISU_ILCC_NMC/G1C1,226.30649305555556,0
EXT-03411,3410,ISU_ILCC_NMC,ISU_ILCC_NMC/G1C1,233.99787037037038,0
EXT-03412,3411,ISU_ILCC_NMC,ISU_ILCC_NMC/G1C1,250.19047453703703,0
EXT-03413,3412,ISU_ILCC_NMC,ISU_ILCC_NMC/G1C1,258.18761574074074,0
EXT-03414,3413,ISU_ILCC_NMC,ISU_ILCC_NMC/G1C1,266.01167824074076,0
EXT-03415,3414,ISU_ILCC_NMC,ISU_ILCC_NMC/G1C1,277.10917824074073,0
EXT-03416,3415,ISU_ILCC_NMC,ISU_ILCC_NMC/G1C1,285.1161574074074,0
EXT-03417,3416,ISU_ILCC_NMC,ISU_ILCC_NMC/G1C1,293.147337962963,0
EXT-03418,3417,ISU_ILCC_NMC,ISU_ILCC_NMC/G1C1,301.10269675925923,0
EXT-03419,3418,ISU_ILCC_NMC,ISU_ILCC_NMC/G1C1,309.15037037037035,0
EXT-03420,3419,ISU_ILCC_NMC,ISU_ILCC_NMC/G1C1,317.1832638888889,0
EXT-03421,3420,ISU_ILCC_NMC,ISU_ILCC_NMC/G1C1,325.15716435185186,0
EXT-03422,3421,ISU_ILCC_NMC,ISU_ILCC_NMC/G1C1,333.1529513888889,0
EXT-03423,3422,ISU_ILCC_NMC,ISU_ILCC_NMC/G1C1,342.2202546296296,0
EXT-03424,3423,ISU_ILCC_NMC,ISU_ILCC_NMC/G1C1,350.1682175925926,0
EXT-03425,3424,ISU_ILCC_NMC,ISU_ILCC_NMC/G1C1,358.1416087962963,0
EXT-03426,3425,ISU_ILCC_NMC,ISU_ILCC_NMC/G1C1,366.1420601851852,0
EXT-03427,3426,ISU_ILCC_NMC,ISU_ILCC_NMC/G1C1,374.173587962963,0
EXT-03428,3427,ISU_ILCC_NMC,ISU_ILCC_NMC/G1C1,382.1763425925926,0
EXT-03429,3428,ISU_ILCC_NMC,ISU_ILCC_NMC/G1C1,390.1524421296296,0
EXT-03430,3429,ISU_ILCC_NMC,ISU_ILCC_NMC/G1C1,398.1542013888889,0
EXT-03431,3430,ISU_ILCC_NMC,ISU_ILCC_NMC/G1C1,406.13998842592594,0
EXT-03432,3431,ISU_ILCC_NMC,ISU_ILCC_NMC/G1C1,414.18361111111113,0
EXT-03433,3432,ISU_ILCC_NMC,ISU_ILCC_NMC/G1C1,422.1391898148148,0
EXT-03434,3433,ISU_ILCC_NMC,ISU_ILCC_NMC/G1C1,432.2774768518519,0
EXT-03435,3434,ISU_ILCC_NMC,ISU_ILCC_NMC/G1C1,440.1439467592593,0
EXT-03436,3435,ISU_ILCC_NMC,ISU_ILCC_NMC/G1C1,448.1661921296296,0
EXT-03437,3436,ISU_ILCC_NMC,ISU_ILCC_NMC/G1C2,42.72273148148148,0
EXT-03438,3437,ISU_ILCC_NMC,ISU_ILCC_NMC/G1C2,51.97334490740741,0
EXT-03439,3438,ISU_ILCC_NMC,ISU_ILCC_NMC/G1C2,60.26064814814815,0
EXT-03440,3439,ISU_ILCC_NMC,ISU_ILCC_NMC/G1C2,72.91311342592593,0
EXT-03441,3440,ISU_ILCC_NMC,ISU_ILCC_NMC/G1C2,82.20119212962963,0
EXT-03442,3441,ISU_ILCC_NMC,ISU_ILCC_NMC/G1C2,90.67869212962962,0
EXT-03443,3442,ISU_ILCC_NMC,ISU_ILCC_NMC/G1C2,99.38864583333333,0
EXT-03444,3443,ISU_ILCC_NMC,ISU_ILCC_NMC/G1C2,107.32798611111112,0
EXT-03445,3444,ISU_ILCC_NMC,ISU_ILCC_NMC/G1C2,115.81402777777778,0
EXT-03446,3445,ISU_ILCC_NMC,ISU_ILCC_NMC/G1C2,124.75747685185185,0
EXT-03447,3446,ISU_ILCC_NMC,ISU_ILCC_NMC/G1C2,134.88200231481483,0
EXT-03448,3447,ISU_ILCC_NMC,ISU_ILCC_NMC/G1C2,143.1170023148148,0
EXT-03449,3448,ISU_ILCC_NMC,ISU_ILCC_NMC/G1C2,152.8033912037037,0
EXT-03450,3449,ISU_ILCC_NMC,ISU_ILCC_NMC/G1C2,161.03355324074073,0
EXT-03451,3450,ISU_ILCC_NMC,ISU_ILCC_NMC/G1C2,170.86583333333334,0
EXT-03452,3451,ISU_ILCC_NMC,ISU_ILCC_NMC/G1C2,184.2988310185185,0
EXT-03453,3452,ISU_ILCC_NMC,ISU_ILCC_NMC/G1C2,192.9339236111111,0
EXT-03454,3453,ISU_ILCC_NMC,ISU_ILCC_NMC/G1C2,201.1853125,0
EXT-03455,3454,ISU_ILCC_NMC,ISU_ILCC_NMC/G1C2,209.0666087962963,0
EXT-03456,3455,ISU_ILCC_NMC,ISU_ILCC_NMC/G1C2,216.981875,0
EXT-03457,3456,ISU_ILCC_NMC,ISU_ILCC_NMC/G1C2,226.30649305555556,0
EXT-03458,3457,ISU_ILCC_NMC,ISU_ILCC_NMC/G1C2,233.99787037037038,0
EXT-03459,3458,ISU_ILCC_NMC,ISU_ILCC_NMC/G1C2,250.19047453703703,0
EXT-03460,3459,ISU_ILCC_NMC,ISU_ILCC_NMC/G1C2,258.18761574074074,0
EXT-03461,3460,ISU_ILCC_NMC,ISU_ILCC_NMC/G1C2,266.01167824074076,0
EXT-03462,3461,ISU_ILCC_NMC,ISU_ILCC_NMC/G1C2,277.10917824074073,0
EXT-03463,3462,ISU_ILCC_NMC,ISU_ILCC_NMC/G1C2,285.1161574074074,0
EXT-03464,3463,ISU_ILCC_NMC,ISU_ILCC_NMC/G1C2,293.147337962963,0
EXT-03465,3464,ISU_ILCC_NMC,ISU_ILCC_NMC/G1C2,301.10269675925923,0
EXT-03466,3465,ISU_ILCC_NMC,ISU_ILCC_NMC/G1C2,309.15037037037035,0
EXT-03467,3466,ISU_ILCC_NMC,ISU_ILCC_NMC/G1C2,317.1832638888889,0
EXT-03468,3467,ISU_ILCC_NMC,ISU_ILCC_NMC/G1C2,325.15716435185186,0
EXT-03469,3468,ISU_ILCC_NMC,ISU_ILCC_NMC/G1C2,333.1529513888889,0
EXT-03470,3469,ISU_ILCC_NMC,ISU_ILCC_NMC/G1C2,342.2202546296296,0
EXT-03471,3470,ISU_ILCC_NMC,ISU_ILCC_NMC/G1C2,350.1682175925926,0
EXT-03472,3471,ISU_ILCC_NMC,ISU_ILCC_NMC/G1C2,358.1416087962963,0
EXT-03473,3472,ISU_ILCC_NMC,ISU_ILCC_NMC/G1C2,366.1420601851852,0
EXT-03474,3473,ISU_ILCC_NMC,ISU_ILCC_NMC/G1C2,374.173587962963,0
EXT-03475,3474,ISU_ILCC_NMC,ISU_ILCC_NMC/G1C2,382.1763425925926,0
EXT-03476,3475,ISU_ILCC_NMC,ISU_ILCC_NMC/G1C2,390.1524421296296,0
EXT-03477,3476,ISU_ILCC_NMC,ISU_ILCC_NMC/G1C2,398.1542013888889,0
EXT-03478,3477,ISU_ILCC_NMC,ISU_ILCC_NMC/G1C2,406.13998842592594,0
EXT-03479,3478,ISU_ILCC_NMC,ISU_ILCC_NMC/G1C2,414.18361111111113,0
EXT-03480,3479,ISU_ILCC_NMC,ISU_ILCC_NMC/G1C2,422.1391898148148,0
EXT-03481,3480,ISU_ILCC_NMC,ISU_ILCC_NMC/G1C2,432.2774768518519,0
EXT-03482,3481,ISU_ILCC_NMC,ISU_ILCC_NMC/G1C2,440.1439467592593,0
EXT-03483,3482,ISU_ILCC_NMC,ISU_ILCC_NMC/G1C2,448.1661921296296,0
EXT-03484,3483,ISU_ILCC_NMC,ISU_ILCC_NMC/G1C2,457.1404976851852,0
EXT-03485,3484,ISU_ILCC_NMC,ISU_ILCC_NMC/G1C2,465.1468981481481,0
EXT-03486,3485,ISU_ILCC_NMC,ISU_ILCC_NMC/G1C2,473.1477546296296,0
EXT-03487,3486,ISU_ILCC_NMC,ISU_ILCC_NMC/G1C2,481.1440509259259,0
EXT-03488,3487,ISU_ILCC_NMC,ISU_ILCC_NMC/G1C2,489.1482291666667,0
EXT-03489,3488,ISU_ILCC_NMC,ISU_ILCC_NMC/G1C2,497.2180671296296,0
EXT-03490,3489,ISU_ILCC_NMC,ISU_ILCC_NMC/G1C2,505.16346064814815,0
EXT-03491,3490,ISU_ILCC_NMC,ISU_ILCC_NMC/G1C2,513.1834027777778,0
EXT-03492,3491,ISU_ILCC_NMC,ISU_ILCC_NMC/G1C2,521.1459953703703,0
EXT-03493,3492,ISU_ILCC_NMC,ISU_ILCC_NMC/G1C2,529.2242708333333,0
EXT-03494,3493,ISU_ILCC_NMC,ISU_ILCC_NMC/G1C3,42.72273148148148,0
EXT-03495,3494,ISU_ILCC_NMC,ISU_ILCC_NMC/G1C3,51.97334490740741,0
EXT-03496,3495,ISU_ILCC_NMC,ISU_ILCC_NMC/G1C3,60.26064814814815,0
EXT-03497,3496,ISU_ILCC_NMC,ISU_ILCC_NMC/G1C3,72.91311342592593,0
EXT-03498,3497,ISU_ILCC_NMC,ISU_ILCC_NMC/G1C3,82.20119212962963,0
EXT-03499,3498,ISU_ILCC_NMC,ISU_ILCC_NMC/G1C3,90.67869212962962,0
EXT-03500,3499,ISU_ILCC_NMC,ISU_ILCC_NMC/G1C3,99.38864583333333,0
EXT-03501,3500,ISU_ILCC_NMC,ISU_ILCC_NMC/G1C3,107.32798611111112,0
EXT-03502,3501,ISU_ILCC_NMC,ISU_ILCC_NMC/G1C3,115.81402777777778,0
EXT-03503,3502,ISU_ILCC_NMC,ISU_ILCC_NMC/G1C3,124.75747685185185,0
EXT-03504,3503,ISU_ILCC_NMC,ISU_ILCC_NMC/G1C3,134.88200231481483,0
EXT-03505,3504,ISU_ILCC_NMC,ISU_ILCC_NMC/G1C3,143.1170023148148,0
EXT-03506,3505,ISU_ILCC_NMC,ISU_ILCC_NMC/G1C3,152.8033912037037,0
EXT-03507,3506,ISU_ILCC_NMC,ISU_ILCC_NMC/G1C3,161.03355324074073,0
EXT-03508,3507,ISU_ILCC_NMC,ISU_ILCC_NMC/G1C3,170.86583333333334,0
EXT-03509,3508,ISU_ILCC_NMC,ISU_ILCC_NMC/G1C3,184.2988310185185,0
EXT-03510,3509,ISU_ILCC_NMC,ISU_ILCC_NMC/G1C3,192.9339236111111,0
EXT-03511,3510,ISU_ILCC_NMC,ISU_ILCC_NMC/G1C3,201.1853125,0
EXT-03512,3511,ISU_ILCC_NMC,ISU_ILCC_NMC/G1C3,209.0666087962963,0
EXT-03513,3512,ISU_ILCC_NMC,ISU_ILCC_NMC/G1C3,216.981875,0
EXT-03514,3513,ISU_ILCC_NMC,ISU_ILCC_NMC/G1C3,226.30649305555556,0
EXT-03515,3514,ISU_ILCC_NMC,ISU_ILCC_NMC/G1C3,233.99787037037038,0
EXT-03516,3515,ISU_ILCC_NMC,ISU_ILCC_NMC/G1C3,250.19047453703703,0
EXT-03517,3516,ISU_ILCC_NMC,ISU_ILCC_NMC/G1C3,258.18761574074074,0
EXT-03518,3517,ISU_ILCC_NMC,ISU_ILCC_NMC/G1C3,266.01167824074076,0
EXT-03519,3518,ISU_ILCC_NMC,ISU_ILCC_NMC/G1C3,277.10917824074073,0
EXT-03520,3519,ISU_ILCC_NMC,ISU_ILCC_NMC/G1C3,285.1161574074074,0
EXT-03521,3520,ISU_ILCC_NMC,ISU_ILCC_NMC/G1C3,293.147337962963,0
EXT-03522,3521,ISU_ILCC_NMC,ISU_ILCC_NMC/G1C3,301.10269675925923,0
EXT-03523,3522,ISU_ILCC_NMC,ISU_ILCC_NMC/G1C3,309.15037037037035,0
EXT-03524,3523,ISU_ILCC_NMC,ISU_ILCC_NMC/G1C3,317.1832638888889,0
EXT-03525,3524,ISU_ILCC_NMC,ISU_ILCC_NMC/G1C3,325.15716435185186,0
EXT-03526,3525,ISU_ILCC_NMC,ISU_ILCC_NMC/G1C3,333.1529513888889,0
EXT-03527,3526,ISU_ILCC_NMC,ISU_ILCC_NMC/G1C3,342.2202546296296,0
EXT-03528,3527,ISU_ILCC_NMC,ISU_ILCC_NMC/G1C3,350.1682175925926,0
EXT-03529,3528,ISU_ILCC_NMC,ISU_ILCC_NMC/G1C3,358.1416087962963,0
EXT-03530,3529,ISU_ILCC_NMC,ISU_ILCC_NMC/G1C3,366.1420601851852,0
EXT-03531,3530,ISU_ILCC_NMC,ISU_ILCC_NMC/G1C3,374.173587962963,0
EXT-03532,3531,ISU_ILCC_NMC,ISU_ILCC_NMC/G1C3,382.1763425925926,0
EXT-03533,3532,ISU_ILCC_NMC,ISU_ILCC_NMC/G1C3,390.1524421296296,0
EXT-03534,3533,ISU_ILCC_NMC,ISU_ILCC_NMC/G1C3,398.1542013888889,0
EXT-03535,3534,ISU_ILCC_NMC,ISU_ILCC_NMC/G1C3,406.13998842592594,0
EXT-03536,3535,ISU_ILCC_NMC,ISU_ILCC_NMC/G1C3,414.18361111111113,0
EXT-03537,3536,ISU_ILCC_NMC,ISU_ILCC_NMC/G1C3,422.1391898148148,0
EXT-03538,3537,ISU_ILCC_NMC,ISU_ILCC_NMC/G1C3,432.2774768518519,0
EXT-03539,3538,ISU_ILCC_NMC,ISU_ILCC_NMC/G1C3,440.1439467592593,0
EXT-03540,3539,ISU_ILCC_NMC,ISU_ILCC_NMC/G1C3,448.1661921296296,0
EXT-03541,3540,ISU_ILCC_NMC,ISU_ILCC_NMC/G1C3,457.1404976851852,0
EXT-03542,3541,ISU_ILCC_NMC,ISU_ILCC_NMC/G1C3,465.1468981481481,0
EXT-03543,3542,ISU_ILCC_NMC,ISU_ILCC_NMC/G1C3,473.1477546296296,0
EXT-03544,3543,ISU_ILCC_NMC,ISU_ILCC_NMC/G1C3,481.1440509259259,0
EXT-03545,3544,ISU_ILCC_NMC,ISU_ILCC_NMC/G1C3,489.1482291666667,0
EXT-03546,3545,ISU_ILCC_NMC,ISU_ILCC_NMC/G1C3,497.2180671296296,0
EXT-03547,3546,ISU_ILCC_NMC,ISU_ILCC_NMC/G1C3,505.16346064814815,0
EXT-03548,3547,ISU_ILCC_NMC,ISU_ILCC_NMC/G1C3,513.1834027777778,0
EXT-03549,3548,ISU_ILCC_NMC,ISU_ILCC_NMC/G1C3,521.1459953703703,0
EXT-03550,3549,ISU_ILCC_NMC,ISU_ILCC_NMC/G1C3,529.2242708333333,0
EXT-03551,3550,ISU_ILCC_NMC,ISU_ILCC_NMC/G1C3,537.144375,0
EXT-03552,3551,ISU_ILCC_NMC,ISU_ILCC_NMC/G1C3,545.1397222222222,0
EXT-03553,3552,ISU_ILCC_NMC,ISU_ILCC_NMC/G1C3,553.1532407407408,0
EXT-03554,3553,ISU_ILCC_NMC,ISU_ILCC_NMC/G1C3,561.1525810185185,0
EXT-03555,3554,ISU_ILCC_NMC,ISU_ILCC_NMC/G1C3,569.1570023148148,0
EXT-03556,3555,ISU_ILCC_NMC,ISU_ILCC_NMC/G1C3,577.151875,0
EXT-03557,3556,ISU_ILCC_NMC,ISU_ILCC_NMC/G1C4,42.72273148148148,0
EXT-03558,3557,ISU_ILCC_NMC,ISU_ILCC_NMC/G1C4,51.97334490740741,0
EXT-03559,3558,ISU_ILCC_NMC,ISU_ILCC_NMC/G1C4,60.26064814814815,0
EXT-03560,3559,ISU_ILCC_NMC,ISU_ILCC_NMC/G1C4,72.91311342592593,0
EXT-03561,3560,ISU_ILCC_NMC,ISU_ILCC_NMC/G1C4,82.20119212962963,0
EXT-03562,3561,ISU_ILCC_NMC,ISU_ILCC_NMC/G1C4,90.67869212962962,0
EXT-03563,3562,ISU_ILCC_NMC,ISU_ILCC_NMC/G1C4,99.38864583333333,0
EXT-03564,3563,ISU_ILCC_NMC,ISU_ILCC_NMC/G1C4,107.32798611111112,0
EXT-03565,3564,ISU_ILCC_NMC,ISU_ILCC_NMC/G1C4,115.81402777777778,0
EXT-03566,3565,ISU_ILCC_NMC,ISU_ILCC_NMC/G1C4,124.75747685185185,0
EXT-03567,3566,ISU_ILCC_NMC,ISU_ILCC_NMC/G1C4,134.88200231481483,0
EXT-03568,3567,ISU_ILCC_NMC,ISU_ILCC_NMC/G1C4,143.1170023148148,0
EXT-03569,3568,ISU_ILCC_NMC,ISU_ILCC_NMC/G1C4,152.8033912037037,0
EXT-03570,3569,ISU_ILCC_NMC,ISU_ILCC_NMC/G1C4,161.03355324074073,0
EXT-03571,3570,ISU_ILCC_NMC,ISU_ILCC_NMC/G1C4,170.86583333333334,0
EXT-03572,3571,ISU_ILCC_NMC,ISU_ILCC_NMC/G1C4,184.2988310185185,0
EXT-03573,3572,ISU_ILCC_NMC,ISU_ILCC_NMC/G1C4,192.9339236111111,0
EXT-03574,3573,ISU_ILCC_NMC,ISU_ILCC_NMC/G1C4,201.1853125,0
EXT-03575,3574,ISU_ILCC_NMC,ISU_ILCC_NMC/G1C4,209.0666087962963,0
EXT-03576,3575,ISU_ILCC_NMC,ISU_ILCC_NMC/G1C4,216.981875,0
EXT-03577,3576,ISU_ILCC_NMC,ISU_ILCC_NMC/G1C4,226.30649305555556,0
EXT-03578,3577,ISU_ILCC_NMC,ISU_ILCC_NMC/G1C4,233.99787037037038,0
EXT-03579,3578,ISU_ILCC_NMC,ISU_ILCC_NMC/G1C4,250.19047453703703,0
EXT-03580,3579,ISU_ILCC_NMC,ISU_ILCC_NMC/G1C4,258.18761574074074,0
EXT-03581,3580,ISU_ILCC_NMC,ISU_ILCC_NMC/G1C4,266.01167824074076,0
EXT-03582,3581,ISU_ILCC_NMC,ISU_ILCC_NMC/G1C4,277.10917824074073,0
EXT-03583,3582,ISU_ILCC_NMC,ISU_ILCC_NMC/G2C1,42.72273148148148,0
EXT-03584,3583,ISU_ILCC_NMC,ISU_ILCC_NMC/G2C1,51.97334490740741,0
EXT-03585,3584,ISU_ILCC_NMC,ISU_ILCC_NMC/G2C1,60.26064814814815,0
EXT-03586,3585,ISU_ILCC_NMC,ISU_ILCC_NMC/G2C1,72.91311342592593,0
EXT-03587,3586,ISU_ILCC_NMC,ISU_ILCC_NMC/G2C1,82.20119212962963,0
EXT-03588,3587,ISU_ILCC_NMC,ISU_ILCC_NMC/G2C1,90.67869212962962,0
EXT-03589,3588,ISU_ILCC_NMC,ISU_ILCC_NMC/G2C1,99.38864583333333,0
EXT-03590,3589,ISU_ILCC_NMC,ISU_ILCC_NMC/G2C1,107.32798611111112,0
EXT-03591,3590,ISU_ILCC_NMC,ISU_ILCC_NMC/G2C1,115.81402777777778,0
EXT-03592,3591,ISU_ILCC_NMC,ISU_ILCC_NMC/G2C1,124.75747685185185,0
EXT-03593,3592,ISU_ILCC_NMC,ISU_ILCC_NMC/G2C1,134.88200231481483,0
EXT-03594,3593,ISU_ILCC_NMC,ISU_ILCC_NMC/G2C1,143.1170023148148,0
EXT-03595,3594,ISU_ILCC_NMC,ISU_ILCC_NMC/G2C1,152.8033912037037,0
EXT-03596,3595,ISU_ILCC_NMC,ISU_ILCC_NMC/G2C1,161.03355324074073,0
EXT-03597,3596,ISU_ILCC_NMC,ISU_ILCC_NMC/G2C1,170.86583333333334,0
EXT-03598,3597,ISU_ILCC_NMC,ISU_ILCC_NMC/G2C1,184.2988310185185,0
EXT-03599,3598,ISU_ILCC_NMC,ISU_ILCC_NMC/G2C1,192.9339236111111,0
EXT-03600,3599,ISU_ILCC_NMC,ISU_ILCC_NMC/G2C1,201.1853125,0
EXT-03601,3600,ISU_ILCC_NMC,ISU_ILCC_NMC/G2C1,209.0666087962963,0
EXT-03602,3601,ISU_ILCC_NMC,ISU_ILCC_NMC/G2C1,216.981875,0
EXT-03603,3602,ISU_ILCC_NMC,ISU_ILCC_NMC/G2C1,226.30649305555556,0
EXT-03604,3603,ISU_ILCC_NMC,ISU_ILCC_NMC/G2C2,42.72273148148148,0
EXT-03605,3604,ISU_ILCC_NMC,ISU_ILCC_NMC/G2C2,51.97334490740741,0
EXT-03606,3605,ISU_ILCC_NMC,ISU_ILCC_NMC/G2C2,60.26064814814815,0
EXT-03607,3606,ISU_ILCC_NMC,ISU_ILCC_NMC/G2C2,72.91311342592593,0
EXT-03608,3607,ISU_ILCC_NMC,ISU_ILCC_NMC/G2C2,82.20119212962963,0
EXT-03609,3608,ISU_ILCC_NMC,ISU_ILCC_NMC/G2C2,90.67869212962962,0
EXT-03610,3609,ISU_ILCC_NMC,ISU_ILCC_NMC/G2C2,99.38864583333333,0
EXT-03611,3610,ISU_ILCC_NMC,ISU_ILCC_NMC/G2C2,107.32798611111112,0
EXT-03612,3611,ISU_ILCC_NMC,ISU_ILCC_NMC/G2C2,115.81402777777778,0
EXT-03613,3612,ISU_ILCC_NMC,ISU_ILCC_NMC/G2C2,124.75747685185185,0
EXT-03614,3613,ISU_ILCC_NMC,ISU_ILCC_NMC/G2C2,134.88200231481483,0
EXT-03615,3614,ISU_ILCC_NMC,ISU_ILCC_NMC/G2C2,143.1170023148148,0
EXT-03616,3615,ISU_ILCC_NMC,ISU_ILCC_NMC/G2C2,152.8033912037037,0
EXT-03617,3616,ISU_ILCC_NMC,ISU_ILCC_NMC/G2C2,161.0335648148148,0
EXT-03618,3617,ISU_ILCC_NMC,ISU_ILCC_NMC/G2C2,170.86583333333334,0
EXT-03619,3618,ISU_ILCC_NMC,ISU_ILCC_NMC/G2C2,184.2988310185185,0
EXT-03620,3619,ISU_ILCC_NMC,ISU_ILCC_NMC/G2C2,192.9339236111111,0
EXT-03621,3620,ISU_ILCC_NMC,ISU_ILCC_NMC/G2C2,201.1853125,0
EXT-03622,3621,ISU_ILCC_NMC,ISU_ILCC_NMC/G2C2,209.0666087962963,0
EXT-03623,3622,ISU_ILCC_NMC,ISU_ILCC_NMC/G2C2,216.981875,0
EXT-03624,3623,ISU_ILCC_NMC,ISU_ILCC_NMC/G2C2,226.30649305555556,0
EXT-03625,3624,ISU_ILCC_NMC,ISU_ILCC_NMC/G2C2,233.99787037037038,0
EXT-03626,3625,ISU_ILCC_NMC,ISU_ILCC_NMC/G2C2,250.19047453703703,0
EXT-03627,3626,ISU_ILCC_NMC,ISU_ILCC_NMC/G2C2,258.18761574074074,0
EXT-03628,3627,ISU_ILCC_NMC,ISU_ILCC_NMC/G2C3,42.72273148148148,0
EXT-03629,3628,ISU_ILCC_NMC,ISU_ILCC_NMC/G2C3,51.97334490740741,0
EXT-03630,3629,ISU_ILCC_NMC,ISU_ILCC_NMC/G2C3,60.26064814814815,0
EXT-03631,3630,ISU_ILCC_NMC,ISU_ILCC_NMC/G2C3,72.91311342592593,0
EXT-03632,3631,ISU_ILCC_NMC,ISU_ILCC_NMC/G2C3,82.20119212962963,0
EXT-03633,3632,ISU_ILCC_NMC,ISU_ILCC_NMC/G2C3,90.67869212962962,0
EXT-03634,3633,ISU_ILCC_NMC,ISU_ILCC_NMC/G2C3,99.38864583333333,0
EXT-03635,3634,ISU_ILCC_NMC,ISU_ILCC_NMC/G2C3,107.32798611111112,0
EXT-03636,3635,ISU_ILCC_NMC,ISU_ILCC_NMC/G2C3,115.81402777777778,0
EXT-03637,3636,ISU_ILCC_NMC,ISU_ILCC_NMC/G2C3,124.75747685185185,0
EXT-03638,3637,ISU_ILCC_NMC,ISU_ILCC_NMC/G2C3,134.88200231481483,0
EXT-03639,3638,ISU_ILCC_NMC,ISU_ILCC_NMC/G2C3,143.1170023148148,0
EXT-03640,3639,ISU_ILCC_NMC,ISU_ILCC_NMC/G2C3,152.8034027777778,0
EXT-03641,3640,ISU_ILCC_NMC,ISU_ILCC_NMC/G2C3,161.0335648148148,0
EXT-03642,3641,ISU_ILCC_NMC,ISU_ILCC_NMC/G2C3,170.86583333333334,0
EXT-03643,3642,ISU_ILCC_NMC,ISU_ILCC_NMC/G2C3,184.2988310185185,0
EXT-03644,3643,ISU_ILCC_NMC,ISU_ILCC_NMC/G2C3,192.9339236111111,0
EXT-03645,3644,ISU_ILCC_NMC,ISU_ILCC_NMC/G2C3,201.1853125,0
EXT-03646,3645,ISU_ILCC_NMC,ISU_ILCC_NMC/G2C3,209.0666087962963,0
EXT-03647,3646,ISU_ILCC_NMC,ISU_ILCC_NMC/G2C3,216.981875,0
EXT-03648,3647,ISU_ILCC_NMC,ISU_ILCC_NMC/G2C3,226.30650462962964,0
EXT-03649,3648,ISU_ILCC_NMC,ISU_ILCC_NMC/G2C3,233.99787037037038,0
EXT-03650,3649,ISU_ILCC_NMC,ISU_ILCC_NMC/G2C3,250.19047453703703,0
EXT-03651,3650,ISU_ILCC_NMC,ISU_ILCC_NMC/G2C4,42.72273148148148,0
EXT-03652,3651,ISU_ILCC_NMC,ISU_ILCC_NMC/G2C4,51.97334490740741,0
EXT-03653,3652,ISU_ILCC_NMC,ISU_ILCC_NMC/G2C4,60.26064814814815,0
EXT-03654,3653,ISU_ILCC_NMC,ISU_ILCC_NMC/G2C4,72.91311342592593,0
EXT-03655,3654,ISU_ILCC_NMC,ISU_ILCC_NMC/G2C4,82.20119212962963,0
EXT-03656,3655,ISU_ILCC_NMC,ISU_ILCC_NMC/G2C4,90.67869212962962,0
EXT-03657,3656,ISU_ILCC_NMC,ISU_ILCC_NMC/G2C4,99.38864583333333,0
EXT-03658,3657,ISU_ILCC_NMC,ISU_ILCC_NMC/G2C4,107.32798611111112,0
EXT-03659,3658,ISU_ILCC_NMC,ISU_ILCC_NMC/G2C4,115.81402777777778,0
EXT-03660,3659,ISU_ILCC_NMC,ISU_ILCC_NMC/G2C4,124.75747685185185,0
EXT-03661,3660,ISU_ILCC_NMC,ISU_ILCC_NMC/G2C4,134.88200231481483,0
EXT-03662,3661,ISU_ILCC_NMC,ISU_ILCC_NMC/G2C4,143.1170023148148,0
EXT-03663,3662,ISU_ILCC_NMC,ISU_ILCC_NMC/G2C4,152.8034027777778,0
EXT-03664,3663,ISU_ILCC_NMC,ISU_ILCC_NMC/G2C4,161.0335648148148,0
EXT-03665,3664,ISU_ILCC_NMC,ISU_ILCC_NMC/G2C4,170.86583333333334,0
EXT-03666,3665,ISU_ILCC_NMC,ISU_ILCC_NMC/G2C4,184.2988310185185,0
EXT-03667,3666,ISU_ILCC_NMC,ISU_ILCC_NMC/G2C4,192.9339236111111,0
EXT-03668,3667,ISU_ILCC_NMC,ISU_ILCC_NMC/G2C4,201.1853125,0
EXT-03669,3668,ISU_ILCC_NMC,ISU_ILCC_NMC/G2C4,209.0666087962963,0
EXT-03670,3669,ISU_ILCC_NMC,ISU_ILCC_NMC/G2C4,216.981875,0
EXT-03671,3670,ISU_ILCC_NMC,ISU_ILCC_NMC/G2C4,226.30650462962964,0
EXT-03672,3671,ISU_ILCC_NMC,ISU_ILCC_NMC/G2C4,233.99787037037038,0
EXT-03673,3672,ISU_ILCC_NMC,ISU_ILCC_NMC/G2C4,250.19047453703703,0
EXT-03674,3673,ISU_ILCC_NMC,ISU_ILCC_NMC/G3C1,42.72271990740741,0
EXT-03675,3674,ISU_ILCC_NMC,ISU_ILCC_NMC/G3C1,51.973333333333336,0
EXT-03676,3675,ISU_ILCC_NMC,ISU_ILCC_NMC/G3C1,60.26064814814815,0
EXT-03677,3676,ISU_ILCC_NMC,ISU_ILCC_NMC/G3C1,72.91311342592593,0
EXT-03678,3677,ISU_ILCC_NMC,ISU_ILCC_NMC/G3C1,82.20119212962963,0
EXT-03679,3678,ISU_ILCC_NMC,ISU_ILCC_NMC/G3C1,90.67868055555556,0
EXT-03680,3679,ISU_ILCC_NMC,ISU_ILCC_NMC/G3C1,99.38864583333333,0
EXT-03681,3680,ISU_ILCC_NMC,ISU_ILCC_NMC/G3C1,107.32798611111112,0
EXT-03682,3681,ISU_ILCC_NMC,ISU_ILCC_NMC/G3C1,115.81402777777778,0
EXT-03683,3682,ISU_ILCC_NMC,ISU_ILCC_NMC/G3C1,124.75747685185185,0
EXT-03684,3683,ISU_ILCC_NMC,ISU_ILCC_NMC/G3C1,134.88199074074075,0
EXT-03685,3684,ISU_ILCC_NMC,ISU_ILCC_NMC/G3C1,143.1170023148148,0
EXT-03686,3685,ISU_ILCC_NMC,ISU_ILCC_NMC/G3C1,152.8033912037037,0
EXT-03687,3686,ISU_ILCC_NMC,ISU_ILCC_NMC/G3C1,161.03355324074073,0
EXT-03688,3687,ISU_ILCC_NMC,ISU_ILCC_NMC/G3C1,170.86583333333334,0
EXT-03689,3688,ISU_ILCC_NMC,ISU_ILCC_NMC/G3C1,184.2988310185185,0
EXT-03690,3689,ISU_ILCC_NMC,ISU_ILCC_NMC/G3C1,192.9339236111111,0
EXT-03691,3690,ISU_ILCC_NMC,ISU_ILCC_NMC/G3C1,201.18530092592593,0
EXT-03692,3691,ISU_ILCC_NMC,ISU_ILCC_NMC/G3C1,209.0665972222222,0
EXT-03693,3692,ISU_ILCC_NMC,ISU_ILCC_NMC/G3C1,216.981875,0
EXT-03694,3693,ISU_ILCC_NMC,ISU_ILCC_NMC/G3C1,226.30649305555556,0
EXT-03695,3694,ISU_ILCC_NMC,ISU_ILCC_NMC/G3C1,233.9978587962963,0
EXT-03696,3695,ISU_ILCC_NMC,ISU_ILCC_NMC/G3C1,250.19046296296295,0
EXT-03697,3696,ISU_ILCC_NMC,ISU_ILCC_NMC/G3C1,258.18761574074074,0
EXT-03698,3697,ISU_ILCC_NMC,ISU_ILCC_NMC/G3C1,266.01166666666666,0
EXT-03699,3698,ISU_ILCC_NMC,ISU_ILCC_NMC/G3C1,277.1091666666667,0
EXT-03700,3699,ISU_ILCC_NMC,ISU_ILCC_NMC/G3C2,42.72271990740741,0
EXT-03701,3700,ISU_ILCC_NMC,ISU_ILCC_NMC/G3C2,51.973333333333336,0
EXT-03702,3701,ISU_ILCC_NMC,ISU_ILCC_NMC/G3C2,60.26064814814815,0
EXT-03703,3702,ISU_ILCC_NMC,ISU_ILCC_NMC/G3C2,72.91311342592593,0
EXT-03704,3703,ISU_ILCC_NMC,ISU_ILCC_NMC/G3C2,82.20119212962963,0
EXT-03705,3704,ISU_ILCC_NMC,ISU_ILCC_NMC/G3C2,90.67868055555556,0
EXT-03706,3705,ISU_ILCC_NMC,ISU_ILCC_NMC/G3C2,99.38864583333333,0
EXT-03707,3706,ISU_ILCC_NMC,ISU_ILCC_NMC/G3C2,107.32798611111112,0
EXT-03708,3707,ISU_ILCC_NMC,ISU_ILCC_NMC/G3C2,115.81402777777778,0
EXT-03709,3708,ISU_ILCC_NMC,ISU_ILCC_NMC/G3C2,124.75747685185185,0
EXT-03710,3709,ISU_ILCC_NMC,ISU_ILCC_NMC/G3C2,134.88199074074075,0
EXT-03711,3710,ISU_ILCC_NMC,ISU_ILCC_NMC/G3C2,143.1170023148148,0
EXT-03712,3711,ISU_ILCC_NMC,ISU_ILCC_NMC/G3C2,152.8033912037037,0
EXT-03713,3712,ISU_ILCC_NMC,ISU_ILCC_NMC/G3C2,161.03355324074073,0
EXT-03714,3713,ISU_ILCC_NMC,ISU_ILCC_NMC/G3C3,42.72271990740741,0
EXT-03715,3714,ISU_ILCC_NMC,ISU_ILCC_NMC/G3C3,51.973333333333336,0
EXT-03716,3715,ISU_ILCC_NMC,ISU_ILCC_NMC/G3C3,60.26064814814815,0
EXT-03717,3716,ISU_ILCC_NMC,ISU_ILCC_NMC/G3C3,72.91311342592593,0
EXT-03718,3717,ISU_ILCC_NMC,ISU_ILCC_NMC/G3C3,82.20119212962963,0
EXT-03719,3718,ISU_ILCC_NMC,ISU_ILCC_NMC/G3C3,90.67868055555556,0
EXT-03720,3719,ISU_ILCC_NMC,ISU_ILCC_NMC/G3C3,99.38864583333333,0
EXT-03721,3720,ISU_ILCC_NMC,ISU_ILCC_NMC/G3C3,107.32798611111112,0
EXT-03722,3721,ISU_ILCC_NMC,ISU_ILCC_NMC/G3C3,115.81402777777778,0
EXT-03723,3722,ISU_ILCC_NMC,ISU_ILCC_NMC/G3C3,124.75747685185185,0
EXT-03724,3723,ISU_ILCC_NMC,ISU_ILCC_NMC/G3C3,134.88199074074075,0
EXT-03725,3724,ISU_ILCC_NMC,ISU_ILCC_NMC/G3C3,143.1170023148148,0
EXT-03726,3725,ISU_ILCC_NMC,ISU_ILCC_NMC/G3C3,152.8033912037037,0
EXT-03727,3726,ISU_ILCC_NMC,ISU_ILCC_NMC/G3C3,161.03355324074073,0
EXT-03728,3727,ISU_ILCC_NMC,ISU_ILCC_NMC/G3C3,170.86583333333334,0
EXT-03729,3728,ISU_ILCC_NMC,ISU_ILCC_NMC/G3C3,184.2988310185185,0
EXT-03730,3729,ISU_ILCC_NMC,ISU_ILCC_NMC/G3C3,192.9339236111111,0
EXT-03731,3730,ISU_ILCC_NMC,ISU_ILCC_NMC/G3C3,201.18530092592593,0
EXT-03732,3731,ISU_ILCC_NMC,ISU_ILCC_NMC/G3C3,209.0665972222222,0
EXT-03733,3732,ISU_ILCC_NMC,ISU_ILCC_NMC/G3C3,216.98186342592592,0
EXT-03734,3733,ISU_ILCC_NMC,ISU_ILCC_NMC/G3C3,226.30649305555556,0
EXT-03735,3734,ISU_ILCC_NMC,ISU_ILCC_NMC/G3C3,233.9978587962963,0
EXT-03736,3735,ISU_ILCC_NMC,ISU_ILCC_NMC/G3C3,250.19046296296295,0
EXT-03737,3736,ISU_ILCC_NMC,ISU_ILCC_NMC/G3C4,42.72271990740741,0
EXT-03738,3737,ISU_ILCC_NMC,ISU_ILCC_NMC/G3C4,51.973333333333336,0
EXT-03739,3738,ISU_ILCC_NMC,ISU_ILCC_NMC/G3C4,60.26064814814815,0
EXT-03740,3739,ISU_ILCC_NMC,ISU_ILCC_NMC/G3C4,72.91311342592593,0
EXT-03741,3740,ISU_ILCC_NMC,ISU_ILCC_NMC/G3C4,82.20119212962963,0
EXT-03742,3741,ISU_ILCC_NMC,ISU_ILCC_NMC/G3C4,90.67868055555556,0
EXT-03743,3742,ISU_ILCC_NMC,ISU_ILCC_NMC/G3C4,99.38864583333333,0
EXT-03744,3743,ISU_ILCC_NMC,ISU_ILCC_NMC/G3C4,107.32798611111112,0
EXT-03745,3744,ISU_ILCC_NMC,ISU_ILCC_NMC/G3C4,115.81402777777778,0
EXT-03746,3745,ISU_ILCC_NMC,ISU_ILCC_NMC/G3C4,124.75747685185185,0
EXT-03747,3746,ISU_ILCC_NMC,ISU_ILCC_NMC/G3C4,134.88199074074075,0
EXT-03748,3747,ISU_ILCC_NMC,ISU_ILCC_NMC/G3C4,143.1170023148148,0
EXT-03749,3748,ISU_ILCC_NMC,ISU_ILCC_NMC/G3C4,152.8033912037037,0
EXT-03750,3749,ISU_ILCC_NMC,ISU_ILCC_NMC/G3C4,161.03355324074073,0
EXT-03751,3750,ISU_ILCC_NMC,ISU_ILCC_NMC/G4C1,42.72271990740741,0
EXT-03752,3751,ISU_ILCC_NMC,ISU_ILCC_NMC/G4C1,51.973333333333336,0
EXT-03753,3752,ISU_ILCC_NMC,ISU_ILCC_NMC/G4C1,60.26064814814815,0
EXT-03754,3753,ISU_ILCC_NMC,ISU_ILCC_NMC/G4C1,72.91311342592593,0
EXT-03755,3754,ISU_ILCC_NMC,ISU_ILCC_NMC/G4C1,82.20119212962963,0
EXT-03756,3755,ISU_ILCC_NMC,ISU_ILCC_NMC/G4C1,90.67868055555556,0
EXT-03757,3756,ISU_ILCC_NMC,ISU_ILCC_NMC/G4C1,99.38864583333333,0
EXT-03758,3757,ISU_ILCC_NMC,ISU_ILCC_NMC/G4C1,107.32798611111112,0
EXT-03759,3758,ISU_ILCC_NMC,ISU_ILCC_NMC/G4C1,115.81402777777778,0
EXT-03760,3759,ISU_ILCC_NMC,ISU_ILCC_NMC/G4C1,124.75747685185185,0
EXT-03761,3760,ISU_ILCC_NMC,ISU_ILCC_NMC/G4C1,134.88199074074075,0
EXT-03762,3761,ISU_ILCC_NMC,ISU_ILCC_NMC/G4C1,143.1170023148148,0
EXT-03763,3762,ISU_ILCC_NMC,ISU_ILCC_NMC/G4C1,152.8033912037037,0
EXT-03764,3763,ISU_ILCC_NMC,ISU_ILCC_NMC/G4C1,161.03355324074073,0
EXT-03765,3764,ISU_ILCC_NMC,ISU_ILCC_NMC/G4C1,170.86583333333334,0
EXT-03766,3765,ISU_ILCC_NMC,ISU_ILCC_NMC/G4C1,184.2988310185185,0
EXT-03767,3766,ISU_ILCC_NMC,ISU_ILCC_NMC/G4C1,192.9339236111111,0
EXT-03768,3767,ISU_ILCC_NMC,ISU_ILCC_NMC/G4C1,201.18530092592593,0
EXT-03769,3768,ISU_ILCC_NMC,ISU_ILCC_NMC/G4C1,209.0665972222222,0
EXT-03770,3769,ISU_ILCC_NMC,ISU_ILCC_NMC/G4C1,216.981875,0
EXT-03771,3770,ISU_ILCC_NMC,ISU_ILCC_NMC/G4C1,226.30649305555556,0
EXT-03772,3771,ISU_ILCC_NMC,ISU_ILCC_NMC/G4C2,42.72271990740741,0
EXT-03773,3772,ISU_ILCC_NMC,ISU_ILCC_NMC/G4C2,51.97334490740741,0
EXT-03774,3773,ISU_ILCC_NMC,ISU_ILCC_NMC/G4C2,60.26064814814815,0
EXT-03775,3774,ISU_ILCC_NMC,ISU_ILCC_NMC/G4C2,72.91311342592593,0
EXT-03776,3775,ISU_ILCC_NMC,ISU_ILCC_NMC/G4C2,82.20119212962963,0
EXT-03777,3776,ISU_ILCC_NMC,ISU_ILCC_NMC/G4C2,90.67868055555556,0
EXT-03778,3777,ISU_ILCC_NMC,ISU_ILCC_NMC/G4C2,99.38864583333333,0
EXT-03779,3778,ISU_ILCC_NMC,ISU_ILCC_NMC/G4C2,107.32798611111112,0
EXT-03780,3779,ISU_ILCC_NMC,ISU_ILCC_NMC/G4C2,115.81402777777778,0
EXT-03781,3780,ISU_ILCC_NMC,ISU_ILCC_NMC/G4C2,124.75747685185185,0
EXT-03782,3781,ISU_ILCC_NMC,ISU_ILCC_NMC/G4C2,134.88199074074075,0
EXT-03783,3782,ISU_ILCC_NMC,ISU_ILCC_NMC/G4C2,143.1170023148148,0
EXT-03784,3783,ISU_ILCC_NMC,ISU_ILCC_NMC/G4C2,152.8033912037037,0
EXT-03785,3784,ISU_ILCC_NMC,ISU_ILCC_NMC/G4C2,161.03355324074073,0
EXT-03786,3785,ISU_ILCC_NMC,ISU_ILCC_NMC/G4C2,170.86583333333334,0
EXT-03787,3786,ISU_ILCC_NMC,ISU_ILCC_NMC/G4C2,184.2988310185185,0
EXT-03788,3787,ISU_ILCC_NMC,ISU_ILCC_NMC/G4C2,192.9339236111111,0
EXT-03789,3788,ISU_ILCC_NMC,ISU_ILCC_NMC/G4C2,201.18530092592593,0
EXT-03790,3789,ISU_ILCC_NMC,ISU_ILCC_NMC/G4C2,209.0665972222222,0
EXT-03791,3790,ISU_ILCC_NMC,ISU_ILCC_NMC/G4C2,216.981875,0
EXT-03792,3791,ISU_ILCC_NMC,ISU_ILCC_NMC/G4C2,226.30649305555556,0
EXT-03793,3792,ISU_ILCC_NMC,ISU_ILCC_NMC/G4C2,233.9978587962963,0
EXT-03794,3793,ISU_ILCC_NMC,ISU_ILCC_NMC/G4C3,42.72271990740741,0
EXT-03795,3794,ISU_ILCC_NMC,ISU_ILCC_NMC/G4C3,51.97334490740741,0
EXT-03796,3795,ISU_ILCC_NMC,ISU_ILCC_NMC/G4C3,60.26064814814815,0
EXT-03797,3796,ISU_ILCC_NMC,ISU_ILCC_NMC/G4C3,72.91311342592593,0
EXT-03798,3797,ISU_ILCC_NMC,ISU_ILCC_NMC/G4C3,82.20119212962963,0
EXT-03799,3798,ISU_ILCC_NMC,ISU_ILCC_NMC/G4C3,90.67868055555556,0
EXT-03800,3799,ISU_ILCC_NMC,ISU_ILCC_NMC/G4C3,99.38864583333333,0
EXT-03801,3800,ISU_ILCC_NMC,ISU_ILCC_NMC/G4C3,107.32798611111112,0
EXT-03802,3801,ISU_ILCC_NMC,ISU_ILCC_NMC/G4C3,115.81402777777778,0
EXT-03803,3802,ISU_ILCC_NMC,ISU_ILCC_NMC/G4C3,124.75747685185185,0
EXT-03804,3803,ISU_ILCC_NMC,ISU_ILCC_NMC/G4C3,134.88199074074075,0
EXT-03805,3804,ISU_ILCC_NMC,ISU_ILCC_NMC/G4C3,143.1170023148148,0
EXT-03806,3805,ISU_ILCC_NMC,ISU_ILCC_NMC/G4C3,152.8033912037037,0
EXT-03807,3806,ISU_ILCC_NMC,ISU_ILCC_NMC/G4C3,161.03355324074073,0
EXT-03808,3807,ISU_ILCC_NMC,ISU_ILCC_NMC/G4C3,170.86583333333334,0
EXT-03809,3808,ISU_ILCC_NMC,ISU_ILCC_NMC/G4C3,184.2988310185185,0
EXT-03810,3809,ISU_ILCC_NMC,ISU_ILCC_NMC/G4C3,192.9339236111111,0
EXT-03811,3810,ISU_ILCC_NMC,ISU_ILCC_NMC/G4C3,201.18530092592593,0
EXT-03812,3811,ISU_ILCC_NMC,ISU_ILCC_NMC/G4C3,209.0665972222222,0
EXT-03813,3812,ISU_ILCC_NMC,ISU_ILCC_NMC/G4C3,216.981875,0
EXT-03814,3813,ISU_ILCC_NMC,ISU_ILCC_NMC/G4C3,226.30649305555556,0
EXT-03815,3814,ISU_ILCC_NMC,ISU_ILCC_NMC/G4C3,233.9978587962963,0
EXT-03816,3815,ISU_ILCC_NMC,ISU_ILCC_NMC/G4C3,250.19046296296295,0
EXT-03817,3816,ISU_ILCC_NMC,ISU_ILCC_NMC/G4C3,258.18761574074074,0
EXT-03818,3817,ISU_ILCC_NMC,ISU_ILCC_NMC/G4C3,266.01166666666666,0
EXT-03819,3818,ISU_ILCC_NMC,ISU_ILCC_NMC/G4C4,42.72271990740741,0
EXT-03820,3819,ISU_ILCC_NMC,ISU_ILCC_NMC/G4C4,51.97334490740741,0
EXT-03821,3820,ISU_ILCC_NMC,ISU_ILCC_NMC/G4C4,60.26064814814815,0
EXT-03822,3821,ISU_ILCC_NMC,ISU_ILCC_NMC/G4C4,72.91311342592593,0
EXT-03823,3822,ISU_ILCC_NMC,ISU_ILCC_NMC/G4C4,82.20119212962963,0
EXT-03824,3823,ISU_ILCC_NMC,ISU_ILCC_NMC/G4C4,90.67868055555556,0
EXT-03825,3824,ISU_ILCC_NMC,ISU_ILCC_NMC/G4C4,99.38864583333333,0
EXT-03826,3825,ISU_ILCC_NMC,ISU_ILCC_NMC/G4C4,107.32798611111112,0
EXT-03827,3826,ISU_ILCC_NMC,ISU_ILCC_NMC/G4C4,115.81402777777778,0
EXT-03828,3827,ISU_ILCC_NMC,ISU_ILCC_NMC/G4C4,124.75747685185185,0
EXT-03829,3828,ISU_ILCC_NMC,ISU_ILCC_NMC/G4C4,134.88199074074075,0
EXT-03830,3829,ISU_ILCC_NMC,ISU_ILCC_NMC/G4C4,143.1170023148148,0
EXT-03831,3830,ISU_ILCC_NMC,ISU_ILCC_NMC/G4C4,152.8033912037037,0
EXT-03832,3831,ISU_ILCC_NMC,ISU_ILCC_NMC/G4C4,161.03355324074073,0
EXT-03833,3832,ISU_ILCC_NMC,ISU_ILCC_NMC/G4C4,170.86583333333334,0
EXT-03834,3833,ISU_ILCC_NMC,ISU_ILCC_NMC/G4C4,184.2988310185185,0
EXT-03835,3834,ISU_ILCC_NMC,ISU_ILCC_NMC/G5C1,42.723819444444445,0
EXT-03836,3835,ISU_ILCC_NMC,ISU_ILCC_NMC/G5C1,51.97334490740741,0
EXT-03837,3836,ISU_ILCC_NMC,ISU_ILCC_NMC/G5C1,60.26064814814815,0
EXT-03838,3837,ISU_ILCC_NMC,ISU_ILCC_NMC/G5C1,72.91311342592593,0
EXT-03839,3838,ISU_ILCC_NMC,ISU_ILCC_NMC/G5C1,82.20119212962963,0
EXT-03840,3839,ISU_ILCC_NMC,ISU_ILCC_NMC/G5C1,90.67868055555556,0
EXT-03841,3840,ISU_ILCC_NMC,ISU_ILCC_NMC/G5C1,99.38864583333333,0
EXT-03842,3841,ISU_ILCC_NMC,ISU_ILCC_NMC/G5C1,107.32798611111112,0
EXT-03843,3842,ISU_ILCC_NMC,ISU_ILCC_NMC/G5C1,115.81402777777778,0
EXT-03844,3843,ISU_ILCC_NMC,ISU_ILCC_NMC/G5C2,42.723819444444445,0
EXT-03845,3844,ISU_ILCC_NMC,ISU_ILCC_NMC/G5C2,51.97334490740741,0
EXT-03846,3845,ISU_ILCC_NMC,ISU_ILCC_NMC/G5C2,60.26064814814815,0
EXT-03847,3846,ISU_ILCC_NMC,ISU_ILCC_NMC/G5C2,72.91311342592593,0
EXT-03848,3847,ISU_ILCC_NMC,ISU_ILCC_NMC/G5C2,82.20119212962963,0
EXT-03849,3848,ISU_ILCC_NMC,ISU_ILCC_NMC/G5C2,90.67868055555556,0
EXT-03850,3849,ISU_ILCC_NMC,ISU_ILCC_NMC/G5C2,99.38864583333333,0
EXT-03851,3850,ISU_ILCC_NMC,ISU_ILCC_NMC/G5C2,107.32798611111112,0
EXT-03852,3851,ISU_ILCC_NMC,ISU_ILCC_NMC/G5C2,115.81402777777778,0
EXT-03853,3852,ISU_ILCC_NMC,ISU_ILCC_NMC/G5C2,124.75747685185185,0
EXT-03854,3853,ISU_ILCC_NMC,ISU_ILCC_NMC/G5C2,134.88199074074075,0
EXT-03855,3854,ISU_ILCC_NMC,ISU_ILCC_NMC/G5C3,42.723819444444445,0
EXT-03856,3855,ISU_ILCC_NMC,ISU_ILCC_NMC/G5C3,51.97334490740741,0
EXT-03857,3856,ISU_ILCC_NMC,ISU_ILCC_NMC/G5C3,60.26064814814815,0
EXT-03858,3857,ISU_ILCC_NMC,ISU_ILCC_NMC/G5C3,72.91311342592593,0
EXT-03859,3858,ISU_ILCC_NMC,ISU_ILCC_NMC/G5C3,82.20119212962963,0
EXT-03860,3859,ISU_ILCC_NMC,ISU_ILCC_NMC/G5C3,90.67868055555556,0
EXT-03861,3860,ISU_ILCC_NMC,ISU_ILCC_NMC/G5C3,99.38864583333333,0
EXT-03862,3861,ISU_ILCC_NMC,ISU_ILCC_NMC/G5C3,107.32798611111112,0
EXT-03863,3862,ISU_ILCC_NMC,ISU_ILCC_NMC/G5C3,115.81402777777778,0
EXT-03864,3863,ISU_ILCC_NMC,ISU_ILCC_NMC/G5C3,124.75747685185185,0
EXT-03865,3864,ISU_ILCC_NMC,ISU_ILCC_NMC/G5C3,134.88199074074075,0
EXT-03866,3865,ISU_ILCC_NMC,ISU_ILCC_NMC/G5C4,42.72271990740741,0
EXT-03867,3866,ISU_ILCC_NMC,ISU_ILCC_NMC/G5C4,51.97334490740741,0
EXT-03868,3867,ISU_ILCC_NMC,ISU_ILCC_NMC/G5C4,60.26064814814815,0
EXT-03869,3868,ISU_ILCC_NMC,ISU_ILCC_NMC/G5C4,72.91311342592593,0
EXT-03870,3869,ISU_ILCC_NMC,ISU_ILCC_NMC/G5C4,82.20119212962963,0
EXT-03871,3870,ISU_ILCC_NMC,ISU_ILCC_NMC/G6C1,42.72271990740741,0
EXT-03872,3871,ISU_ILCC_NMC,ISU_ILCC_NMC/G6C1,51.97334490740741,0
EXT-03873,3872,ISU_ILCC_NMC,ISU_ILCC_NMC/G6C1,60.26064814814815,0
EXT-03874,3873,ISU_ILCC_NMC,ISU_ILCC_NMC/G6C1,72.91311342592593,0
EXT-03875,3874,ISU_ILCC_NMC,ISU_ILCC_NMC/G6C1,82.20119212962963,0
EXT-03876,3875,ISU_ILCC_NMC,ISU_ILCC_NMC/G6C1,90.67868055555556,0
EXT-03877,3876,ISU_ILCC_NMC,ISU_ILCC_NMC/G6C1,99.38864583333333,0
EXT-03878,3877,ISU_ILCC_NMC,ISU_ILCC_NMC/G6C1,107.32798611111112,0
EXT-03879,3878,ISU_ILCC_NMC,ISU_ILCC_NMC/G6C1,115.81402777777778,0
EXT-03880,3879,ISU_ILCC_NMC,ISU_ILCC_NMC/G6C1,124.75747685185185,0
EXT-03881,3880,ISU_ILCC_NMC,ISU_ILCC_NMC/G6C1,134.88199074074075,0
EXT-03882,3881,ISU_ILCC_NMC,ISU_ILCC_NMC/G6C1,143.1170023148148,0
EXT-03883,3882,ISU_ILCC_NMC,ISU_ILCC_NMC/G6C1,152.8033912037037,0
EXT-03884,3883,ISU_ILCC_NMC,ISU_ILCC_NMC/G6C1,161.03355324074073,0
EXT-03885,3884,ISU_ILCC_NMC,ISU_ILCC_NMC/G6C1,170.86583333333334,0
EXT-03886,3885,ISU_ILCC_NMC,ISU_ILCC_NMC/G6C1,184.2988310185185,0
EXT-03887,3886,ISU_ILCC_NMC,ISU_ILCC_NMC/G6C1,192.9339236111111,0
EXT-03888,3887,ISU_ILCC_NMC,ISU_ILCC_NMC/G6C1,201.18530092592593,0
EXT-03889,3888,ISU_ILCC_NMC,ISU_ILCC_NMC/G6C1,209.0666087962963,0
EXT-03890,3889,ISU_ILCC_NMC,ISU_ILCC_NMC/G6C1,216.981875,0
EXT-03891,3890,ISU_ILCC_NMC,ISU_ILCC_NMC/G6C1,226.30649305555556,0
EXT-03892,3891,ISU_ILCC_NMC,ISU_ILCC_NMC/G6C1,233.99787037037038,0
EXT-03893,3892,ISU_ILCC_NMC,ISU_ILCC_NMC/G6C1,250.19046296296295,0
EXT-03894,3893,ISU_ILCC_NMC,ISU_ILCC_NMC/G6C1,258.18761574074074,0
EXT-03895,3894,ISU_ILCC_NMC,ISU_ILCC_NMC/G6C1,266.01166666666666,0
EXT-03896,3895,ISU_ILCC_NMC,ISU_ILCC_NMC/G6C1,277.1091666666667,0
EXT-03897,3896,ISU_ILCC_NMC,ISU_ILCC_NMC/G6C1,285.1161574074074,0
EXT-03898,3897,ISU_ILCC_NMC,ISU_ILCC_NMC/G6C1,293.14732638888887,0
EXT-03899,3898,ISU_ILCC_NMC,ISU_ILCC_NMC/G6C1,301.10269675925923,0
EXT-03900,3899,ISU_ILCC_NMC,ISU_ILCC_NMC/G6C1,309.1503587962963,0
EXT-03901,3900,ISU_ILCC_NMC,ISU_ILCC_NMC/G6C1,317.1832523148148,0
EXT-03902,3901,ISU_ILCC_NMC,ISU_ILCC_NMC/G6C2,42.72271990740741,0
EXT-03903,3902,ISU_ILCC_NMC,ISU_ILCC_NMC/G6C2,51.97334490740741,0
EXT-03904,3903,ISU_ILCC_NMC,ISU_ILCC_NMC/G6C2,60.26064814814815,0
EXT-03905,3904,ISU_ILCC_NMC,ISU_ILCC_NMC/G6C2,72.91311342592593,0
EXT-03906,3905,ISU_ILCC_NMC,ISU_ILCC_NMC/G6C2,82.20119212962963,0
EXT-03907,3906,ISU_ILCC_NMC,ISU_ILCC_NMC/G6C2,90.67868055555556,0
EXT-03908,3907,ISU_ILCC_NMC,ISU_ILCC_NMC/G6C2,99.38864583333333,0
EXT-03909,3908,ISU_ILCC_NMC,ISU_ILCC_NMC/G6C2,107.32798611111112,0
EXT-03910,3909,ISU_ILCC_NMC,ISU_ILCC_NMC/G6C2,115.81402777777778,0
EXT-03911,3910,ISU_ILCC_NMC,ISU_ILCC_NMC/G6C2,124.75747685185185,0
EXT-03912,3911,ISU_ILCC_NMC,ISU_ILCC_NMC/G6C2,134.88199074074075,0
EXT-03913,3912,ISU_ILCC_NMC,ISU_ILCC_NMC/G6C2,143.1170023148148,0
EXT-03914,3913,ISU_ILCC_NMC,ISU_ILCC_NMC/G6C2,152.8033912037037,0
EXT-03915,3914,ISU_ILCC_NMC,ISU_ILCC_NMC/G6C2,161.03355324074073,0
EXT-03916,3915,ISU_ILCC_NMC,ISU_ILCC_NMC/G6C2,170.86583333333334,0
EXT-03917,3916,ISU_ILCC_NMC,ISU_ILCC_NMC/G6C2,184.2988310185185,0
EXT-03918,3917,ISU_ILCC_NMC,ISU_ILCC_NMC/G6C2,192.9339236111111,0
EXT-03919,3918,ISU_ILCC_NMC,ISU_ILCC_NMC/G6C2,201.18530092592593,0
EXT-03920,3919,ISU_ILCC_NMC,ISU_ILCC_NMC/G6C2,209.0666087962963,0
EXT-03921,3920,ISU_ILCC_NMC,ISU_ILCC_NMC/G6C2,216.981875,0
EXT-03922,3921,ISU_ILCC_NMC,ISU_ILCC_NMC/G6C2,226.30649305555556,0
EXT-03923,3922,ISU_ILCC_NMC,ISU_ILCC_NMC/G6C2,233.99787037037038,0
EXT-03924,3923,ISU_ILCC_NMC,ISU_ILCC_NMC/G6C2,250.19046296296295,0
EXT-03925,3924,ISU_ILCC_NMC,ISU_ILCC_NMC/G6C2,258.18761574074074,0
EXT-03926,3925,ISU_ILCC_NMC,ISU_ILCC_NMC/G6C2,266.01166666666666,0
EXT-03927,3926,ISU_ILCC_NMC,ISU_ILCC_NMC/G6C2,277.1091666666667,0
EXT-03928,3927,ISU_ILCC_NMC,ISU_ILCC_NMC/G6C2,285.1161574074074,0
EXT-03929,3928,ISU_ILCC_NMC,ISU_ILCC_NMC/G6C2,293.14732638888887,0
EXT-03930,3929,ISU_ILCC_NMC,ISU_ILCC_NMC/G6C2,301.10269675925923,0
EXT-03931,3930,ISU_ILCC_NMC,ISU_ILCC_NMC/G6C2,309.15037037037035,0
EXT-03932,3931,ISU_ILCC_NMC,ISU_ILCC_NMC/G6C2,317.1832523148148,0
EXT-03933,3932,ISU_ILCC_NMC,ISU_ILCC_NMC/G6C2,325.15715277777775,0
EXT-03934,3933,ISU_ILCC_NMC,ISU_ILCC_NMC/G6C2,333.15293981481483,0
EXT-03935,3934,ISU_ILCC_NMC,ISU_ILCC_NMC/G6C2,342.2202546296296,0
EXT-03936,3935,ISU_ILCC_NMC,ISU_ILCC_NMC/G6C2,350.1682060185185,0
EXT-03937,3936,ISU_ILCC_NMC,ISU_ILCC_NMC/G6C2,358.1416087962963,0
EXT-03938,3937,ISU_ILCC_NMC,ISU_ILCC_NMC/G6C2,366.14204861111114,0
EXT-03939,3938,ISU_ILCC_NMC,ISU_ILCC_NMC/G6C2,374.173587962963,0
EXT-03940,3939,ISU_ILCC_NMC,ISU_ILCC_NMC/G6C2,382.1763310185185,0
EXT-03941,3940,ISU_ILCC_NMC,ISU_ILCC_NMC/G6C2,390.15243055555555,0
EXT-03942,3941,ISU_ILCC_NMC,ISU_ILCC_NMC/G6C2,398.1542013888889,0
EXT-03943,3942,ISU_ILCC_NMC,ISU_ILCC_NMC/G6C2,406.1399768518518,0
EXT-03944,3943,ISU_ILCC_NMC,ISU_ILCC_NMC/G6C2,414.183599537037,0
EXT-03945,3944,ISU_ILCC_NMC,ISU_ILCC_NMC/G6C2,422.13917824074076,0
EXT-03946,3945,ISU_ILCC_NMC,ISU_ILCC_NMC/G6C2,432.27746527777776,0
EXT-03947,3946,ISU_ILCC_NMC,ISU_ILCC_NMC/G6C2,440.14393518518517,0
EXT-03948,3947,ISU_ILCC_NMC,ISU_ILCC_NMC/G6C2,448.16618055555557,0
EXT-03949,3948,ISU_ILCC_NMC,ISU_ILCC_NMC/G6C2,457.1404861111111,0
EXT-03950,3949,ISU_ILCC_NMC,ISU_ILCC_NMC/G6C2,465.1468865740741,0
EXT-03951,3950,ISU_ILCC_NMC,ISU_ILCC_NMC/G6C2,473.14774305555557,0
EXT-03952,3951,ISU_ILCC_NMC,ISU_ILCC_NMC/G6C2,481.14403935185186,0
EXT-03953,3952,ISU_ILCC_NMC,ISU_ILCC_NMC/G6C2,489.1482175925926,0
EXT-03954,3953,ISU_ILCC_NMC,ISU_ILCC_NMC/G6C3,42.72271990740741,0
EXT-03955,3954,ISU_ILCC_NMC,ISU_ILCC_NMC/G6C3,51.97334490740741,0
EXT-03956,3955,ISU_ILCC_NMC,ISU_ILCC_NMC/G6C3,60.26064814814815,0
EXT-03957,3956,ISU_ILCC_NMC,ISU_ILCC_NMC/G6C3,72.91311342592593,0
EXT-03958,3957,ISU_ILCC_NMC,ISU_ILCC_NMC/G6C3,82.20119212962963,0
EXT-03959,3958,ISU_ILCC_NMC,ISU_ILCC_NMC/G6C3,90.67868055555556,0
EXT-03960,3959,ISU_ILCC_NMC,ISU_ILCC_NMC/G6C3,99.38864583333333,0
EXT-03961,3960,ISU_ILCC_NMC,ISU_ILCC_NMC/G6C3,107.32798611111112,0
EXT-03962,3961,ISU_ILCC_NMC,ISU_ILCC_NMC/G6C3,115.81402777777778,0
EXT-03963,3962,ISU_ILCC_NMC,ISU_ILCC_NMC/G6C3,124.75747685185185,0
EXT-03964,3963,ISU_ILCC_NMC,ISU_ILCC_NMC/G6C3,134.88199074074075,0
EXT-03965,3964,ISU_ILCC_NMC,ISU_ILCC_NMC/G6C3,143.1170023148148,0
EXT-03966,3965,ISU_ILCC_NMC,ISU_ILCC_NMC/G6C3,152.8033912037037,0
EXT-03967,3966,ISU_ILCC_NMC,ISU_ILCC_NMC/G6C3,161.03355324074073,0
EXT-03968,3967,ISU_ILCC_NMC,ISU_ILCC_NMC/G6C3,170.86583333333334,0
EXT-03969,3968,ISU_ILCC_NMC,ISU_ILCC_NMC/G6C3,184.2988310185185,0
EXT-03970,3969,ISU_ILCC_NMC,ISU_ILCC_NMC/G6C3,192.9339236111111,0
EXT-03971,3970,ISU_ILCC_NMC,ISU_ILCC_NMC/G6C3,201.18530092592593,0
EXT-03972,3971,ISU_ILCC_NMC,ISU_ILCC_NMC/G6C3,209.0666087962963,0
EXT-03973,3972,ISU_ILCC_NMC,ISU_ILCC_NMC/G6C3,216.981875,0
EXT-03974,3973,ISU_ILCC_NMC,ISU_ILCC_NMC/G6C3,226.30649305555556,0
EXT-03975,3974,ISU_ILCC_NMC,ISU_ILCC_NMC/G6C3,233.99787037037038,0
EXT-03976,3975,ISU_ILCC_NMC,ISU_ILCC_NMC/G6C3,250.19046296296295,0
EXT-03977,3976,ISU_ILCC_NMC,ISU_ILCC_NMC/G6C3,258.18761574074074,0
EXT-03978,3977,ISU_ILCC_NMC,ISU_ILCC_NMC/G6C3,266.01166666666666,0
EXT-03979,3978,ISU_ILCC_NMC,ISU_ILCC_NMC/G6C3,277.1091666666667,0
EXT-03980,3979,ISU_ILCC_NMC,ISU_ILCC_NMC/G6C3,285.1161574074074,0
EXT-03981,3980,ISU_ILCC_NMC,ISU_ILCC_NMC/G6C3,293.14732638888887,0
EXT-03982,3981,ISU_ILCC_NMC,ISU_ILCC_NMC/G6C3,301.10269675925923,0
EXT-03983,3982,ISU_ILCC_NMC,ISU_ILCC_NMC/G6C3,309.15037037037035,0
EXT-03984,3983,ISU_ILCC_NMC,ISU_ILCC_NMC/G6C3,317.1832523148148,0
EXT-03985,3984,ISU_ILCC_NMC,ISU_ILCC_NMC/G6C3,325.15715277777775,0
EXT-03986,3985,ISU_ILCC_NMC,ISU_ILCC_NMC/G6C3,333.15293981481483,0
EXT-03987,3986,ISU_ILCC_NMC,ISU_ILCC_NMC/G6C3,342.2202546296296,0
EXT-03988,3987,ISU_ILCC_NMC,ISU_ILCC_NMC/G6C3,350.1682060185185,0
EXT-03989,3988,ISU_ILCC_NMC,ISU_ILCC_NMC/G6C3,358.1416087962963,0
EXT-03990,3989,ISU_ILCC_NMC,ISU_ILCC_NMC/G6C3,366.14204861111114,0
EXT-03991,3990,ISU_ILCC_NMC,ISU_ILCC_NMC/G6C3,374.173587962963,0
EXT-03992,3991,ISU_ILCC_NMC,ISU_ILCC_NMC/G6C3,382.1763310185185,0
EXT-03993,3992,ISU_ILCC_NMC,ISU_ILCC_NMC/G6C3,390.15243055555555,0
EXT-03994,3993,ISU_ILCC_NMC,ISU_ILCC_NMC/G6C3,398.1542013888889,0
EXT-03995,3994,ISU_ILCC_NMC,ISU_ILCC_NMC/G6C3,406.1399768518518,0
EXT-03996,3995,ISU_ILCC_NMC,ISU_ILCC_NMC/G6C3,414.183599537037,0
EXT-03997,3996,ISU_ILCC_NMC,ISU_ILCC_NMC/G6C3,422.1391898148148,0
EXT-03998,3997,ISU_ILCC_NMC,ISU_ILCC_NMC/G6C3,432.27746527777776,0
EXT-03999,3998,ISU_ILCC_NMC,ISU_ILCC_NMC/G6C3,440.14393518518517,0
EXT-04000,3999,ISU_ILCC_NMC,ISU_ILCC_NMC/G6C3,448.16618055555557,0
EXT-04001,4000,ISU_ILCC_NMC,ISU_ILCC_NMC/G6C3,457.1404861111111,0
EXT-04002,4001,ISU_ILCC_NMC,ISU_ILCC_NMC/G6C3,465.1468865740741,0
EXT-04003,4002,ISU_ILCC_NMC,ISU_ILCC_NMC/G6C3,473.14774305555557,0
EXT-04004,4003,ISU_ILCC_NMC,ISU_ILCC_NMC/G6C3,481.14403935185186,0
EXT-04005,4004,ISU_ILCC_NMC,ISU_ILCC_NMC/G6C3,489.1482175925926,0
EXT-04006,4005,ISU_ILCC_NMC,ISU_ILCC_NMC/G6C3,497.21805555555557,0
EXT-04007,4006,ISU_ILCC_NMC,ISU_ILCC_NMC/G6C3,505.1634490740741,0
EXT-04008,4007,ISU_ILCC_NMC,ISU_ILCC_NMC/G6C3,513.1834027777778,0
EXT-04009,4008,ISU_ILCC_NMC,ISU_ILCC_NMC/G6C3,521.1459837962963,0
EXT-04010,4009,ISU_ILCC_NMC,ISU_ILCC_NMC/G6C3,529.2242592592593,0
EXT-04011,4010,ISU_ILCC_NMC,ISU_ILCC_NMC/G6C3,537.1443634259259,0
EXT-04012,4011,ISU_ILCC_NMC,ISU_ILCC_NMC/G6C3,545.1397106481481,0
EXT-04013,4012,ISU_ILCC_NMC,ISU_ILCC_NMC/G6C3,553.1532291666666,0
EXT-04014,4013,ISU_ILCC_NMC,ISU_ILCC_NMC/G6C3,561.1525694444445,0
EXT-04015,4014,ISU_ILCC_NMC,ISU_ILCC_NMC/G6C3,569.1570023148148,0
EXT-04016,4015,ISU_ILCC_NMC,ISU_ILCC_NMC/G6C3,577.151863425926,0
EXT-04017,4016,ISU_ILCC_NMC,ISU_ILCC_NMC/G6C3,585.1381712962963,0
EXT-04018,4017,ISU_ILCC_NMC,ISU_ILCC_NMC/G6C3,593.1448148148148,0
EXT-04019,4018,ISU_ILCC_NMC,ISU_ILCC_NMC/G6C3,601.1494907407407,0
EXT-04020,4019,ISU_ILCC_NMC,ISU_ILCC_NMC/G6C3,609.1525231481481,0
EXT-04021,4020,ISU_ILCC_NMC,ISU_ILCC_NMC/G6C3,617.1487615740741,0
EXT-04022,4021,ISU_ILCC_NMC,ISU_ILCC_NMC/G6C3,625.1538425925926,0
EXT-04023,4022,ISU_ILCC_NMC,ISU_ILCC_NMC/G6C3,633.2771064814815,0
EXT-04024,4023,ISU_ILCC_NMC,ISU_ILCC_NMC/G6C3,641.3267939814815,0
EXT-04025,4024,ISU_ILCC_NMC,ISU_ILCC_NMC/G6C3,649.1878009259259,0
EXT-04026,4025,ISU_ILCC_NMC,ISU_ILCC_NMC/G6C3,657.2938425925926,0
EXT-04027,4026,ISU_ILCC_NMC,ISU_ILCC_NMC/G6C3,665.3593171296296,0
EXT-04028,4027,ISU_ILCC_NMC,ISU_ILCC_NMC/G6C3,674.1168981481482,0
EXT-04029,4028,ISU_ILCC_NMC,ISU_ILCC_NMC/G6C4,42.72273148148148,0
EXT-04030,4029,ISU_ILCC_NMC,ISU_ILCC_NMC/G6C4,51.97334490740741,0
EXT-04031,4030,ISU_ILCC_NMC,ISU_ILCC_NMC/G6C4,60.26064814814815,0
EXT-04032,4031,ISU_ILCC_NMC,ISU_ILCC_NMC/G6C4,72.91311342592593,0
EXT-04033,4032,ISU_ILCC_NMC,ISU_ILCC_NMC/G6C4,82.20119212962963,0
EXT-04034,4033,ISU_ILCC_NMC,ISU_ILCC_NMC/G6C4,90.67868055555556,0
EXT-04035,4034,ISU_ILCC_NMC,ISU_ILCC_NMC/G6C4,99.38864583333333,0
EXT-04036,4035,ISU_ILCC_NMC,ISU_ILCC_NMC/G6C4,107.32798611111112,0
EXT-04037,4036,ISU_ILCC_NMC,ISU_ILCC_NMC/G6C4,115.81402777777778,0
EXT-04038,4037,ISU_ILCC_NMC,ISU_ILCC_NMC/G6C4,124.75747685185185,0
EXT-04039,4038,ISU_ILCC_NMC,ISU_ILCC_NMC/G6C4,134.88199074074075,0
EXT-04040,4039,ISU_ILCC_NMC,ISU_ILCC_NMC/G6C4,143.1170023148148,0
EXT-04041,4040,ISU_ILCC_NMC,ISU_ILCC_NMC/G6C4,152.8033912037037,0
EXT-04042,4041,ISU_ILCC_NMC,ISU_ILCC_NMC/G6C4,161.03355324074073,0
EXT-04043,4042,ISU_ILCC_NMC,ISU_ILCC_NMC/G6C4,170.86583333333334,0
EXT-04044,4043,ISU_ILCC_NMC,ISU_ILCC_NMC/G6C4,184.2988310185185,0
EXT-04045,4044,ISU_ILCC_NMC,ISU_ILCC_NMC/G6C4,192.9339236111111,0
EXT-04046,4045,ISU_ILCC_NMC,ISU_ILCC_NMC/G6C4,201.18530092592593,0
EXT-04047,4046,ISU_ILCC_NMC,ISU_ILCC_NMC/G6C4,209.0666087962963,0
EXT-04048,4047,ISU_ILCC_NMC,ISU_ILCC_NMC/G6C4,216.981875,0
EXT-04049,4048,ISU_ILCC_NMC,ISU_ILCC_NMC/G6C4,226.30649305555556,0
EXT-04050,4049,ISU_ILCC_NMC,ISU_ILCC_NMC/G6C4,233.99787037037038,0
EXT-04051,4050,ISU_ILCC_NMC,ISU_ILCC_NMC/G6C4,250.19046296296295,0
EXT-04052,4051,ISU_ILCC_NMC,ISU_ILCC_NMC/G6C4,258.18761574074074,0
EXT-04053,4052,ISU_ILCC_NMC,ISU_ILCC_NMC/G6C4,266.01166666666666,0
EXT-04054,4053,ISU_ILCC_NMC,ISU_ILCC_NMC/G6C4,277.1091666666667,0
EXT-04055,4054,ISU_ILCC_NMC,ISU_ILCC_NMC/G6C4,285.1161574074074,0
EXT-04056,4055,ISU_ILCC_NMC,ISU_ILCC_NMC/G6C4,293.14732638888887,0
EXT-04057,4056,ISU_ILCC_NMC,ISU_ILCC_NMC/G6C4,301.10269675925923,0
EXT-04058,4057,ISU_ILCC_NMC,ISU_ILCC_NMC/G6C4,309.15037037037035,0
EXT-04059,4058,ISU_ILCC_NMC,ISU_ILCC_NMC/G6C4,317.1832523148148,0
EXT-04060,4059,ISU_ILCC_NMC,ISU_ILCC_NMC/G6C4,325.15715277777775,0
EXT-04061,4060,ISU_ILCC_NMC,ISU_ILCC_NMC/G6C4,333.15293981481483,0
EXT-04062,4061,ISU_ILCC_NMC,ISU_ILCC_NMC/G6C4,342.2202546296296,0
EXT-04063,4062,ISU_ILCC_NMC,ISU_ILCC_NMC/G6C4,350.1682060185185,0
EXT-04064,4063,ISU_ILCC_NMC,ISU_ILCC_NMC/G6C4,358.1416087962963,0
EXT-04065,4064,ISU_ILCC_NMC,ISU_ILCC_NMC/G6C4,366.14204861111114,0
EXT-04066,4065,ISU_ILCC_NMC,ISU_ILCC_NMC/G6C4,374.173587962963,0
EXT-04067,4066,ISU_ILCC_NMC,ISU_ILCC_NMC/G6C4,382.1763310185185,0
EXT-04068,4067,ISU_ILCC_NMC,ISU_ILCC_NMC/G6C4,390.15243055555555,0
EXT-04069,4068,ISU_ILCC_NMC,ISU_ILCC_NMC/G6C4,398.1542013888889,0
EXT-04070,4069,ISU_ILCC_NMC,ISU_ILCC_NMC/G6C4,406.1399768518518,0
EXT-04071,4070,ISU_ILCC_NMC,ISU_ILCC_NMC/G6C4,414.183599537037,0
EXT-04072,4071,ISU_ILCC_NMC,ISU_ILCC_NMC/G6C4,422.1391898148148,0
EXT-04073,4072,ISU_ILCC_NMC,ISU_ILCC_NMC/G6C4,432.27746527777776,0
EXT-04074,4073,ISU_ILCC_NMC,ISU_ILCC_NMC/G6C4,440.14393518518517,0
EXT-04075,4074,ISU_ILCC_NMC,ISU_ILCC_NMC/G6C4,448.16618055555557,0
EXT-04076,4075,ISU_ILCC_NMC,ISU_ILCC_NMC/G6C4,457.1404861111111,0
EXT-04077,4076,ISU_ILCC_NMC,ISU_ILCC_NMC/G6C4,465.1468865740741,0
EXT-04078,4077,ISU_ILCC_NMC,ISU_ILCC_NMC/G6C4,473.1477546296296,0
EXT-04079,4078,ISU_ILCC_NMC,ISU_ILCC_NMC/G6C4,481.14403935185186,0
EXT-04080,4079,ISU_ILCC_NMC,ISU_ILCC_NMC/G6C4,489.1482175925926,0
EXT-04081,4080,ISU_ILCC_NMC,ISU_ILCC_NMC/G7C1,42.72273148148148,0
EXT-04082,4081,ISU_ILCC_NMC,ISU_ILCC_NMC/G7C1,51.97334490740741,0
EXT-04083,4082,ISU_ILCC_NMC,ISU_ILCC_NMC/G7C1,60.26065972222222,0
EXT-04084,4083,ISU_ILCC_NMC,ISU_ILCC_NMC/G7C1,72.913125,0
EXT-04085,4084,ISU_ILCC_NMC,ISU_ILCC_NMC/G7C1,82.20119212962963,0
EXT-04086,4085,ISU_ILCC_NMC,ISU_ILCC_NMC/G7C1,90.67869212962962,0
EXT-04087,4086,ISU_ILCC_NMC,ISU_ILCC_NMC/G7C1,99.38864583333333,0
EXT-04088,4087,ISU_ILCC_NMC,ISU_ILCC_NMC/G7C1,107.32799768518518,0
EXT-04089,4088,ISU_ILCC_NMC,ISU_ILCC_NMC/G7C1,115.81403935185185,0
EXT-04090,4089,ISU_ILCC_NMC,ISU_ILCC_NMC/G7C1,124.75747685185185,0
EXT-04091,4090,ISU_ILCC_NMC,ISU_ILCC_NMC/G7C1,134.88200231481483,0
EXT-04092,4091,ISU_ILCC_NMC,ISU_ILCC_NMC/G7C1,143.1170023148148,0
EXT-04093,4092,ISU_ILCC_NMC,ISU_ILCC_NMC/G7C1,152.8033912037037,0
EXT-04094,4093,ISU_ILCC_NMC,ISU_ILCC_NMC/G7C1,161.03355324074073,0
EXT-04095,4094,ISU_ILCC_NMC,ISU_ILCC_NMC/G7C1,170.86583333333334,0
EXT-04096,4095,ISU_ILCC_NMC,ISU_ILCC_NMC/G7C1,184.2988310185185,0
EXT-04097,4096,ISU_ILCC_NMC,ISU_ILCC_NMC/G7C1,192.9339236111111,0
EXT-04098,4097,ISU_ILCC_NMC,ISU_ILCC_NMC/G7C1,201.18530092592593,0
EXT-04099,4098,ISU_ILCC_NMC,ISU_ILCC_NMC/G7C1,209.0666087962963,0
EXT-04100,4099,ISU_ILCC_NMC,ISU_ILCC_NMC/G7C1,216.981875,0
EXT-04101,4100,ISU_ILCC_NMC,ISU_ILCC_NMC/G7C1,226.30650462962964,0
EXT-04102,4101,ISU_ILCC_NMC,ISU_ILCC_NMC/G7C2,42.72273148148148,0
EXT-04103,4102,ISU_ILCC_NMC,ISU_ILCC_NMC/G7C2,51.97334490740741,0
EXT-04104,4103,ISU_ILCC_NMC,ISU_ILCC_NMC/G7C2,60.26065972222222,0
EXT-04105,4104,ISU_ILCC_NMC,ISU_ILCC_NMC/G7C2,72.913125,0
EXT-04106,4105,ISU_ILCC_NMC,ISU_ILCC_NMC/G7C2,82.2012037037037,0
EXT-04107,4106,ISU_ILCC_NMC,ISU_ILCC_NMC/G7C2,90.67869212962962,0
EXT-04108,4107,ISU_ILCC_NMC,ISU_ILCC_NMC/G7C2,99.38864583333333,0
EXT-04109,4108,ISU_ILCC_NMC,ISU_ILCC_NMC/G7C2,107.32799768518518,0
EXT-04110,4109,ISU_ILCC_NMC,ISU_ILCC_NMC/G7C2,115.81403935185185,0
EXT-04111,4110,ISU_ILCC_NMC,ISU_ILCC_NMC/G7C2,124.75747685185185,0
EXT-04112,4111,ISU_ILCC_NMC,ISU_ILCC_NMC/G7C2,134.88200231481483,0
EXT-04113,4112,ISU_ILCC_NMC,ISU_ILCC_NMC/G7C2,143.1170023148148,0
EXT-04114,4113,ISU_ILCC_NMC,ISU_ILCC_NMC/G7C2,152.8033912037037,0
EXT-04115,4114,ISU_ILCC_NMC,ISU_ILCC_NMC/G7C2,161.03355324074073,0
EXT-04116,4115,ISU_ILCC_NMC,ISU_ILCC_NMC/G7C2,170.86583333333334,0
EXT-04117,4116,ISU_ILCC_NMC,ISU_ILCC_NMC/G7C2,184.2988310185185,0
EXT-04118,4117,ISU_ILCC_NMC,ISU_ILCC_NMC/G7C2,192.9339236111111,0
EXT-04119,4118,ISU_ILCC_NMC,ISU_ILCC_NMC/G7C2,201.18530092592593,0
EXT-04120,4119,ISU_ILCC_NMC,ISU_ILCC_NMC/G7C2,209.0666087962963,0
EXT-04121,4120,ISU_ILCC_NMC,ISU_ILCC_NMC/G7C3,42.72273148148148,0
EXT-04122,4121,ISU_ILCC_NMC,ISU_ILCC_NMC/G7C3,51.97334490740741,0
EXT-04123,4122,ISU_ILCC_NMC,ISU_ILCC_NMC/G7C3,60.26065972222222,0
EXT-04124,4123,ISU_ILCC_NMC,ISU_ILCC_NMC/G7C3,72.913125,0
EXT-04125,4124,ISU_ILCC_NMC,ISU_ILCC_NMC/G7C3,82.2012037037037,0
EXT-04126,4125,ISU_ILCC_NMC,ISU_ILCC_NMC/G7C3,90.67869212962962,0
EXT-04127,4126,ISU_ILCC_NMC,ISU_ILCC_NMC/G7C3,99.38864583333333,0
EXT-04128,4127,ISU_ILCC_NMC,ISU_ILCC_NMC/G7C3,107.32799768518518,0
EXT-04129,4128,ISU_ILCC_NMC,ISU_ILCC_NMC/G7C3,115.81403935185185,0
EXT-04130,4129,ISU_ILCC_NMC,ISU_ILCC_NMC/G7C3,124.75747685185185,0
EXT-04131,4130,ISU_ILCC_NMC,ISU_ILCC_NMC/G7C3,134.88200231481483,0
EXT-04132,4131,ISU_ILCC_NMC,ISU_ILCC_NMC/G7C3,143.1170023148148,0
EXT-04133,4132,ISU_ILCC_NMC,ISU_ILCC_NMC/G7C3,152.8033912037037,0
EXT-04134,4133,ISU_ILCC_NMC,ISU_ILCC_NMC/G7C3,161.03355324074073,0
EXT-04135,4134,ISU_ILCC_NMC,ISU_ILCC_NMC/G7C3,170.86583333333334,0
EXT-04136,4135,ISU_ILCC_NMC,ISU_ILCC_NMC/G7C3,184.2988310185185,0
EXT-04137,4136,ISU_ILCC_NMC,ISU_ILCC_NMC/G7C3,192.9339236111111,0
EXT-04138,4137,ISU_ILCC_NMC,ISU_ILCC_NMC/G7C3,201.18530092592593,0
EXT-04139,4138,ISU_ILCC_NMC,ISU_ILCC_NMC/G7C3,209.0666087962963,0
EXT-04140,4139,ISU_ILCC_NMC,ISU_ILCC_NMC/G7C3,216.981875,0
EXT-04141,4140,ISU_ILCC_NMC,ISU_ILCC_NMC/G7C3,226.30650462962964,0
EXT-04142,4141,ISU_ILCC_NMC,ISU_ILCC_NMC/G7C3,233.99787037037038,0
EXT-04143,4142,ISU_ILCC_NMC,ISU_ILCC_NMC/G7C3,250.19046296296295,0
EXT-04144,4143,ISU_ILCC_NMC,ISU_ILCC_NMC/G7C3,258.18761574074074,0
EXT-04145,4144,ISU_ILCC_NMC,ISU_ILCC_NMC/G7C3,266.01167824074076,0
EXT-04146,4145,ISU_ILCC_NMC,ISU_ILCC_NMC/G7C3,277.1091666666667,0
EXT-04147,4146,ISU_ILCC_NMC,ISU_ILCC_NMC/G7C3,285.1161574074074,0
EXT-04148,4147,ISU_ILCC_NMC,ISU_ILCC_NMC/G7C3,293.14732638888887,0
EXT-04149,4148,ISU_ILCC_NMC,ISU_ILCC_NMC/G7C3,301.10269675925923,0
EXT-04150,4149,ISU_ILCC_NMC,ISU_ILCC_NMC/G7C3,309.15037037037035,0
EXT-04151,4150,ISU_ILCC_NMC,ISU_ILCC_NMC/G7C3,317.1832523148148,0
EXT-04152,4151,ISU_ILCC_NMC,ISU_ILCC_NMC/G7C3,325.15715277777775,0
EXT-04153,4152,ISU_ILCC_NMC,ISU_ILCC_NMC/G7C3,333.15293981481483,0
EXT-04154,4153,ISU_ILCC_NMC,ISU_ILCC_NMC/G7C3,342.2202546296296,0
EXT-04155,4154,ISU_ILCC_NMC,ISU_ILCC_NMC/G7C3,350.1682060185185,0
EXT-04156,4155,ISU_ILCC_NMC,ISU_ILCC_NMC/G7C3,358.1416087962963,0
EXT-04157,4156,ISU_ILCC_NMC,ISU_ILCC_NMC/G7C3,366.14204861111114,0
EXT-04158,4157,ISU_ILCC_NMC,ISU_ILCC_NMC/G7C3,374.173587962963,0
EXT-04159,4158,ISU_ILCC_NMC,ISU_ILCC_NMC/G7C3,382.1763310185185,0
EXT-04160,4159,ISU_ILCC_NMC,ISU_ILCC_NMC/G7C3,390.1524421296296,0
EXT-04161,4160,ISU_ILCC_NMC,ISU_ILCC_NMC/G7C3,398.1542013888889,0
EXT-04162,4161,ISU_ILCC_NMC,ISU_ILCC_NMC/G7C3,406.1399768518518,0
EXT-04163,4162,ISU_ILCC_NMC,ISU_ILCC_NMC/G7C3,414.183599537037,0
EXT-04164,4163,ISU_ILCC_NMC,ISU_ILCC_NMC/G7C3,422.1391898148148,0
EXT-04165,4164,ISU_ILCC_NMC,ISU_ILCC_NMC/G7C3,432.2774768518519,0
EXT-04166,4165,ISU_ILCC_NMC,ISU_ILCC_NMC/G7C3,440.14393518518517,0
EXT-04167,4166,ISU_ILCC_NMC,ISU_ILCC_NMC/G7C3,448.16618055555557,0
EXT-04168,4167,ISU_ILCC_NMC,ISU_ILCC_NMC/G7C3,457.1404861111111,0
EXT-04169,4168,ISU_ILCC_NMC,ISU_ILCC_NMC/G7C3,465.1468981481481,0
EXT-04170,4169,ISU_ILCC_NMC,ISU_ILCC_NMC/G7C3,473.1477546296296,0
EXT-04171,4170,ISU_ILCC_NMC,ISU_ILCC_NMC/G7C3,481.1440509259259,0
EXT-04172,4171,ISU_ILCC_NMC,ISU_ILCC_NMC/G7C3,489.1482291666667,0
EXT-04173,4172,ISU_ILCC_NMC,ISU_ILCC_NMC/G7C3,497.21805555555557,0
EXT-04174,4173,ISU_ILCC_NMC,ISU_ILCC_NMC/G7C3,505.1634490740741,0
EXT-04175,4174,ISU_ILCC_NMC,ISU_ILCC_NMC/G7C3,513.1834027777778,0
EXT-04176,4175,ISU_ILCC_NMC,ISU_ILCC_NMC/G7C3,521.1459837962963,0
EXT-04177,4176,ISU_ILCC_NMC,ISU_ILCC_NMC/G7C3,529.2242592592593,0
EXT-04178,4177,ISU_ILCC_NMC,ISU_ILCC_NMC/G7C3,537.1443634259259,0
EXT-04179,4178,ISU_ILCC_NMC,ISU_ILCC_NMC/G7C4,42.72273148148148,0
EXT-04180,4179,ISU_ILCC_NMC,ISU_ILCC_NMC/G7C4,51.97334490740741,0
EXT-04181,4180,ISU_ILCC_NMC,ISU_ILCC_NMC/G7C4,60.26065972222222,0
EXT-04182,4181,ISU_ILCC_NMC,ISU_ILCC_NMC/G7C4,72.913125,0
EXT-04183,4182,ISU_ILCC_NMC,ISU_ILCC_NMC/G7C4,82.2012037037037,0
EXT-04184,4183,ISU_ILCC_NMC,ISU_ILCC_NMC/G7C4,90.67869212962962,0
EXT-04185,4184,ISU_ILCC_NMC,ISU_ILCC_NMC/G7C4,99.38864583333333,0
EXT-04186,4185,ISU_ILCC_NMC,ISU_ILCC_NMC/G7C4,107.32799768518518,0
EXT-04187,4186,ISU_ILCC_NMC,ISU_ILCC_NMC/G7C4,115.81403935185185,0
EXT-04188,4187,ISU_ILCC_NMC,ISU_ILCC_NMC/G7C4,124.75747685185185,0
EXT-04189,4188,ISU_ILCC_NMC,ISU_ILCC_NMC/G7C4,134.88200231481483,0
EXT-04190,4189,ISU_ILCC_NMC,ISU_ILCC_NMC/G7C4,143.1170023148148,0
EXT-04191,4190,ISU_ILCC_NMC,ISU_ILCC_NMC/G7C4,152.8034027777778,0
EXT-04192,4191,ISU_ILCC_NMC,ISU_ILCC_NMC/G7C4,161.03355324074073,0
EXT-04193,4192,ISU_ILCC_NMC,ISU_ILCC_NMC/G7C4,170.86583333333334,0
EXT-04194,4193,ISU_ILCC_NMC,ISU_ILCC_NMC/G7C4,184.2988310185185,0
EXT-04195,4194,ISU_ILCC_NMC,ISU_ILCC_NMC/G7C4,192.9339236111111,0
EXT-04196,4195,ISU_ILCC_NMC,ISU_ILCC_NMC/G7C4,201.18530092592593,0
EXT-04197,4196,ISU_ILCC_NMC,ISU_ILCC_NMC/G7C4,209.0666087962963,0
EXT-04198,4197,ISU_ILCC_NMC,ISU_ILCC_NMC/G7C4,216.981875,0
EXT-04199,4198,ISU_ILCC_NMC,ISU_ILCC_NMC/G7C4,226.30650462962964,0
EXT-04200,4199,ISU_ILCC_NMC,ISU_ILCC_NMC/G7C4,233.99787037037038,0
EXT-04201,4200,ISU_ILCC_NMC,ISU_ILCC_NMC/G7C4,250.19047453703703,0
EXT-04202,4201,ISU_ILCC_NMC,ISU_ILCC_NMC/G7C4,258.18761574074074,0
EXT-04203,4202,ISU_ILCC_NMC,ISU_ILCC_NMC/G7C4,266.01167824074076,0
EXT-04204,4203,ISU_ILCC_NMC,ISU_ILCC_NMC/G8C1,42.72273148148148,0
EXT-04205,4204,ISU_ILCC_NMC,ISU_ILCC_NMC/G8C1,51.97334490740741,0
EXT-04206,4205,ISU_ILCC_NMC,ISU_ILCC_NMC/G8C1,60.26065972222222,0
EXT-04207,4206,ISU_ILCC_NMC,ISU_ILCC_NMC/G8C1,72.913125,0
EXT-04208,4207,ISU_ILCC_NMC,ISU_ILCC_NMC/G8C1,82.2012037037037,0
EXT-04209,4208,ISU_ILCC_NMC,ISU_ILCC_NMC/G8C1,90.67869212962962,0
EXT-04210,4209,ISU_ILCC_NMC,ISU_ILCC_NMC/G8C1,99.38864583333333,0
EXT-04211,4210,ISU_ILCC_NMC,ISU_ILCC_NMC/G8C1,107.32799768518518,0
EXT-04212,4211,ISU_ILCC_NMC,ISU_ILCC_NMC/G8C1,115.81403935185185,0
EXT-04213,4212,ISU_ILCC_NMC,ISU_ILCC_NMC/G8C1,124.75747685185185,0
EXT-04214,4213,ISU_ILCC_NMC,ISU_ILCC_NMC/G8C2,42.72273148148148,0
EXT-04215,4214,ISU_ILCC_NMC,ISU_ILCC_NMC/G8C2,51.97334490740741,0
EXT-04216,4215,ISU_ILCC_NMC,ISU_ILCC_NMC/G8C2,60.26065972222222,0
EXT-04217,4216,ISU_ILCC_NMC,ISU_ILCC_NMC/G8C2,72.913125,0
EXT-04218,4217,ISU_ILCC_NMC,ISU_ILCC_NMC/G8C2,82.2012037037037,0
EXT-04219,4218,ISU_ILCC_NMC,ISU_ILCC_NMC/G8C2,90.67869212962962,0
EXT-04220,4219,ISU_ILCC_NMC,ISU_ILCC_NMC/G8C2,99.38864583333333,0
EXT-04221,4220,ISU_ILCC_NMC,ISU_ILCC_NMC/G8C2,107.32799768518518,0
EXT-04222,4221,ISU_ILCC_NMC,ISU_ILCC_NMC/G8C2,115.81403935185185,0
EXT-04223,4222,ISU_ILCC_NMC,ISU_ILCC_NMC/G8C2,124.75747685185185,0
EXT-04224,4223,ISU_ILCC_NMC,ISU_ILCC_NMC/G8C2,134.88200231481483,0
EXT-04225,4224,ISU_ILCC_NMC,ISU_ILCC_NMC/G8C2,143.1170023148148,0
EXT-04226,4225,ISU_ILCC_NMC,ISU_ILCC_NMC/G8C3,42.72273148148148,0
EXT-04227,4226,ISU_ILCC_NMC,ISU_ILCC_NMC/G8C3,51.97334490740741,0
EXT-04228,4227,ISU_ILCC_NMC,ISU_ILCC_NMC/G8C3,60.26065972222222,0
EXT-04229,4228,ISU_ILCC_NMC,ISU_ILCC_NMC/G8C3,72.913125,0
EXT-04230,4229,ISU_ILCC_NMC,ISU_ILCC_NMC/G8C3,82.2012037037037,0
EXT-04231,4230,ISU_ILCC_NMC,ISU_ILCC_NMC/G8C3,90.67869212962962,0
EXT-04232,4231,ISU_ILCC_NMC,ISU_ILCC_NMC/G8C3,99.38864583333333,0
EXT-04233,4232,ISU_ILCC_NMC,ISU_ILCC_NMC/G8C3,107.32799768518518,0
EXT-04234,4233,ISU_ILCC_NMC,ISU_ILCC_NMC/G8C3,115.81403935185185,0
EXT-04235,4234,ISU_ILCC_NMC,ISU_ILCC_NMC/G8C3,124.75747685185185,0
EXT-04236,4235,ISU_ILCC_NMC,ISU_ILCC_NMC/G8C3,134.88200231481483,0
EXT-04237,4236,ISU_ILCC_NMC,ISU_ILCC_NMC/G8C3,143.1170023148148,0
EXT-04238,4237,ISU_ILCC_NMC,ISU_ILCC_NMC/G8C3,152.8034027777778,0
EXT-04239,4238,ISU_ILCC_NMC,ISU_ILCC_NMC/G8C3,161.03355324074073,0
EXT-04240,4239,ISU_ILCC_NMC,ISU_ILCC_NMC/G8C3,170.86583333333334,0
EXT-04241,4240,ISU_ILCC_NMC,ISU_ILCC_NMC/G8C3,184.2988310185185,0
EXT-04242,4241,ISU_ILCC_NMC,ISU_ILCC_NMC/G8C3,192.9339236111111,0
EXT-04243,4242,ISU_ILCC_NMC,ISU_ILCC_NMC/G8C3,201.18530092592593,0
EXT-04244,4243,ISU_ILCC_NMC,ISU_ILCC_NMC/G8C3,209.0666087962963,0
EXT-04245,4244,ISU_ILCC_NMC,ISU_ILCC_NMC/G8C3,216.981875,0
EXT-04246,4245,ISU_ILCC_NMC,ISU_ILCC_NMC/G8C3,226.30650462962964,0
EXT-04247,4246,ISU_ILCC_NMC,ISU_ILCC_NMC/G8C3,233.99787037037038,0
EXT-04248,4247,ISU_ILCC_NMC,ISU_ILCC_NMC/G8C3,250.19046296296295,0
EXT-04249,4248,ISU_ILCC_NMC,ISU_ILCC_NMC/G8C3,258.18761574074074,0
EXT-04250,4249,ISU_ILCC_NMC,ISU_ILCC_NMC/G8C3,266.01167824074076,0
EXT-04251,4250,ISU_ILCC_NMC,ISU_ILCC_NMC/G8C3,277.1091666666667,0
EXT-04252,4251,ISU_ILCC_NMC,ISU_ILCC_NMC/G8C3,285.1161574074074,0
EXT-04253,4252,ISU_ILCC_NMC,ISU_ILCC_NMC/G8C4,42.72273148148148,0
EXT-04254,4253,ISU_ILCC_NMC,ISU_ILCC_NMC/G8C4,51.97334490740741,0
EXT-04255,4254,ISU_ILCC_NMC,ISU_ILCC_NMC/G8C4,60.26065972222222,0
EXT-04256,4255,ISU_ILCC_NMC,ISU_ILCC_NMC/G8C4,72.913125,0
EXT-04257,4256,ISU_ILCC_NMC,ISU_ILCC_NMC/G8C4,82.2012037037037,0
EXT-04258,4257,ISU_ILCC_NMC,ISU_ILCC_NMC/G8C4,90.67869212962962,0
EXT-04259,4258,ISU_ILCC_NMC,ISU_ILCC_NMC/G8C4,99.38865740740741,0
EXT-04260,4259,ISU_ILCC_NMC,ISU_ILCC_NMC/G8C4,107.32799768518518,0
EXT-04261,4260,ISU_ILCC_NMC,ISU_ILCC_NMC/G8C4,115.81403935185185,0
EXT-04262,4261,ISU_ILCC_NMC,ISU_ILCC_NMC/G8C4,124.75747685185185,0
EXT-04263,4262,ISU_ILCC_NMC,ISU_ILCC_NMC/G8C4,134.88200231481483,0
EXT-04264,4263,ISU_ILCC_NMC,ISU_ILCC_NMC/G8C4,143.1170023148148,0
EXT-04265,4264,ISU_ILCC_NMC,ISU_ILCC_NMC/G8C4,152.8034027777778,0
EXT-04266,4265,ISU_ILCC_NMC,ISU_ILCC_NMC/G8C4,161.03355324074073,0
EXT-04267,4266,ISU_ILCC_NMC,ISU_ILCC_NMC/G8C4,170.86583333333334,0
EXT-04268,4267,ISU_ILCC_NMC,ISU_ILCC_NMC/G8C4,184.2988310185185,0
EXT-04269,4268,ISU_ILCC_NMC,ISU_ILCC_NMC/G8C4,192.9339236111111,0
EXT-04270,4269,ISU_ILCC_NMC,ISU_ILCC_NMC/G8C4,201.18530092592593,0
EXT-04271,4270,ISU_ILCC_NMC,ISU_ILCC_NMC/G8C4,209.0666087962963,0
EXT-04272,4271,ISU_ILCC_NMC,ISU_ILCC_NMC/G8C4,216.981875,0
EXT-04273,4272,ISU_ILCC_NMC,ISU_ILCC_NMC/G8C4,226.30650462962964,0
EXT-04274,4273,ISU_ILCC_NMC,ISU_ILCC_NMC/G8C4,233.99787037037038,0
EXT-04275,4274,ISU_ILCC_NMC,ISU_ILCC_NMC/G8C4,250.19047453703703,0
EXT-04276,4275,ISU_ILCC_NMC,ISU_ILCC_NMC/G9C1,42.72273148148148,0
EXT-04277,4276,ISU_ILCC_NMC,ISU_ILCC_NMC/G9C1,51.97334490740741,0
EXT-04278,4277,ISU_ILCC_NMC,ISU_ILCC_NMC/G9C2,42.72273148148148,0
EXT-04279,4278,ISU_ILCC_NMC,ISU_ILCC_NMC/G9C2,51.97334490740741,0
EXT-04280,4279,ISU_ILCC_NMC,ISU_ILCC_NMC/G9C3,42.72273148148148,0
EXT-04281,4280,ISU_ILCC_NMC,ISU_ILCC_NMC/G9C3,51.97334490740741,0
EXT-04282,4281,ISU_ILCC_NMC,ISU_ILCC_NMC/G9C3,60.26065972222222,0
EXT-04283,4282,ISU_ILCC_NMC,ISU_ILCC_NMC/G9C4,42.72271990740741,0
EXT-04284,4283,ISU_ILCC_NMC,ISU_ILCC_NMC/G10C1,42.72271990740741,0
EXT-04285,4284,ISU_ILCC_NMC,ISU_ILCC_NMC/G10C1,51.97334490740741,0
EXT-04286,4285,ISU_ILCC_NMC,ISU_ILCC_NMC/G10C1,60.26064814814815,0
EXT-04287,4286,ISU_ILCC_NMC,ISU_ILCC_NMC/G10C1,72.91311342592593,0
EXT-04288,4287,ISU_ILCC_NMC,ISU_ILCC_NMC/G10C1,82.20119212962963,0
EXT-04289,4288,ISU_ILCC_NMC,ISU_ILCC_NMC/G10C1,90.67868055555556,0
EXT-04290,4289,ISU_ILCC_NMC,ISU_ILCC_NMC/G10C1,99.38864583333333,0
EXT-04291,4290,ISU_ILCC_NMC,ISU_ILCC_NMC/G10C1,107.32798611111112,0
EXT-04292,4291,ISU_ILCC_NMC,ISU_ILCC_NMC/G10C1,115.81402777777778,0
EXT-04293,4292,ISU_ILCC_NMC,ISU_ILCC_NMC/G10C1,124.75747685185185,0
EXT-04294,4293,ISU_ILCC_NMC,ISU_ILCC_NMC/G10C1,134.88199074074075,0
EXT-04295,4294,ISU_ILCC_NMC,ISU_ILCC_NMC/G10C1,143.1170023148148,0
EXT-04296,4295,ISU_ILCC_NMC,ISU_ILCC_NMC/G10C2,42.72271990740741,0
EXT-04297,4296,ISU_ILCC_NMC,ISU_ILCC_NMC/G10C2,51.97334490740741,0
EXT-04298,4297,ISU_ILCC_NMC,ISU_ILCC_NMC/G10C2,60.26064814814815,0
EXT-04299,4298,ISU_ILCC_NMC,ISU_ILCC_NMC/G10C2,72.91311342592593,0
EXT-04300,4299,ISU_ILCC_NMC,ISU_ILCC_NMC/G10C2,82.20119212962963,0
EXT-04301,4300,ISU_ILCC_NMC,ISU_ILCC_NMC/G10C2,90.67868055555556,0
EXT-04302,4301,ISU_ILCC_NMC,ISU_ILCC_NMC/G10C2,99.38864583333333,0
EXT-04303,4302,ISU_ILCC_NMC,ISU_ILCC_NMC/G10C2,107.32798611111112,0
EXT-04304,4303,ISU_ILCC_NMC,ISU_ILCC_NMC/G10C2,115.81402777777778,0
EXT-04305,4304,ISU_ILCC_NMC,ISU_ILCC_NMC/G10C2,124.75747685185185,0
EXT-04306,4305,ISU_ILCC_NMC,ISU_ILCC_NMC/G10C2,134.88199074074075,0
EXT-04307,4306,ISU_ILCC_NMC,ISU_ILCC_NMC/G10C2,143.1170023148148,0
EXT-04308,4307,ISU_ILCC_NMC,ISU_ILCC_NMC/G10C2,152.8033912037037,0
EXT-04309,4308,ISU_ILCC_NMC,ISU_ILCC_NMC/G10C2,161.03355324074073,0
EXT-04310,4309,ISU_ILCC_NMC,ISU_ILCC_NMC/G10C2,170.86583333333334,0
EXT-04311,4310,ISU_ILCC_NMC,ISU_ILCC_NMC/G10C3,42.72273148148148,0
EXT-04312,4311,ISU_ILCC_NMC,ISU_ILCC_NMC/G10C3,51.97334490740741,0
EXT-04313,4312,ISU_ILCC_NMC,ISU_ILCC_NMC/G10C3,60.26065972222222,0
EXT-04314,4313,ISU_ILCC_NMC,ISU_ILCC_NMC/G10C3,72.913125,0
EXT-04315,4314,ISU_ILCC_NMC,ISU_ILCC_NMC/G10C3,82.2012037037037,0
EXT-04316,4315,ISU_ILCC_NMC,ISU_ILCC_NMC/G10C3,90.6787037037037,0
EXT-04317,4316,ISU_ILCC_NMC,ISU_ILCC_NMC/G10C3,99.38865740740741,0
EXT-04318,4317,ISU_ILCC_NMC,ISU_ILCC_NMC/G10C3,107.32799768518518,0
EXT-04319,4318,ISU_ILCC_NMC,ISU_ILCC_NMC/G10C3,115.81403935185185,0
EXT-04320,4319,ISU_ILCC_NMC,ISU_ILCC_NMC/G10C3,124.75748842592593,0
EXT-04321,4320,ISU_ILCC_NMC,ISU_ILCC_NMC/G10C3,134.88200231481483,0
EXT-04322,4321,ISU_ILCC_NMC,ISU_ILCC_NMC/G10C3,143.1170138888889,0
EXT-04323,4322,ISU_ILCC_NMC,ISU_ILCC_NMC/G10C4,43.983842592592595,0
EXT-04324,4323,ISU_ILCC_NMC,ISU_ILCC_NMC/G10C4,52.271145833333335,0
EXT-04325,4324,ISU_ILCC_NMC,ISU_ILCC_NMC/G10C4,64.92362268518518,0
EXT-04326,4325,ISU_ILCC_NMC,ISU_ILCC_NMC/G10C4,74.21168981481482,0
EXT-04327,4326,ISU_ILCC_NMC,ISU_ILCC_NMC/G10C4,82.68918981481481,0
EXT-04328,4327,ISU_ILCC_NMC,ISU_ILCC_NMC/G10C4,91.39914351851851,0
EXT-04329,4328,ISU_ILCC_NMC,ISU_ILCC_NMC/G10C4,99.33849537037037,0
EXT-04330,4329,ISU_ILCC_NMC,ISU_ILCC_NMC/G10C4,107.82452546296297,0
EXT-04331,4330,ISU_ILCC_NMC,ISU_ILCC_NMC/G10C4,116.76797453703703,0
EXT-04332,4331,ISU_ILCC_NMC,ISU_ILCC_NMC/G10C4,126.8925,0
EXT-04333,4332,ISU_ILCC_NMC,ISU_ILCC_NMC/G10C4,135.1275,0
EXT-04334,4333,ISU_ILCC_NMC,ISU_ILCC_NMC/G10C4,144.8138888888889,0
EXT-04335,4334,ISU_ILCC_NMC,ISU_ILCC_NMC/G10C4,153.04405092592592,0
EXT-04336,4335,ISU_ILCC_NMC,ISU_ILCC_NMC/G10C4,162.87633101851853,0
EXT-04337,4336,ISU_ILCC_NMC,ISU_ILCC_NMC/G10C4,176.3093287037037,0
EXT-04338,4337,ISU_ILCC_NMC,ISU_ILCC_NMC/G10C4,184.9444212962963,0
EXT-04339,4338,ISU_ILCC_NMC,ISU_ILCC_NMC/G10C4,193.19579861111112,0
EXT-04340,4339,ISU_ILCC_NMC,ISU_ILCC_NMC/G10C4,201.07710648148148,0
EXT-04341,4340,ISU_ILCC_NMC,ISU_ILCC_NMC/G10C4,208.9923611111111,0
EXT-04342,4341,ISU_ILCC_NMC,ISU_ILCC_NMC/G10C4,218.31699074074075,0
EXT-04343,4342,ISU_ILCC_NMC,ISU_ILCC_NMC/G10C4,226.00835648148148,0
EXT-04344,4343,ISU_ILCC_NMC,ISU_ILCC_NMC/G10C4,242.20096064814814,0
EXT-04345,4344,ISU_ILCC_NMC,ISU_ILCC_NMC/G10C4,250.19810185185185,0
EXT-04346,4345,ISU_ILCC_NMC,ISU_ILCC_NMC/G10C4,258.02216435185187,0
EXT-04347,4346,ISU_ILCC_NMC,ISU_ILCC_NMC/G10C4,269.11966435185184,0
EXT-04348,4347,ISU_ILCC_NMC,ISU_ILCC_NMC/G10C4,277.1266435185185,0
EXT-04349,4348,ISU_ILCC_NMC,ISU_ILCC_NMC/G12C1,42.72273148148148,0
EXT-04350,4349,ISU_ILCC_NMC,ISU_ILCC_NMC/G12C1,51.97334490740741,0
EXT-04351,4350,ISU_ILCC_NMC,ISU_ILCC_NMC/G12C1,60.26065972222222,0
EXT-04352,4351,ISU_ILCC_NMC,ISU_ILCC_NMC/G12C1,72.913125,0
EXT-04353,4352,ISU_ILCC_NMC,ISU_ILCC_NMC/G12C1,82.2012037037037,0
EXT-04354,4353,ISU_ILCC_NMC,ISU_ILCC_NMC/G12C1,90.6787037037037,0
EXT-04355,4354,ISU_ILCC_NMC,ISU_ILCC_NMC/G12C1,99.38865740740741,0
EXT-04356,4355,ISU_ILCC_NMC,ISU_ILCC_NMC/G12C1,107.32799768518518,0
EXT-04357,4356,ISU_ILCC_NMC,ISU_ILCC_NMC/G12C1,115.81403935185185,0
EXT-04358,4357,ISU_ILCC_NMC,ISU_ILCC_NMC/G12C1,124.75748842592593,0
EXT-04359,4358,ISU_ILCC_NMC,ISU_ILCC_NMC/G12C1,134.88200231481483,0
EXT-04360,4359,ISU_ILCC_NMC,ISU_ILCC_NMC/G12C1,143.1170138888889,0
EXT-04361,4360,ISU_ILCC_NMC,ISU_ILCC_NMC/G12C1,152.8034027777778,0
EXT-04362,4361,ISU_ILCC_NMC,ISU_ILCC_NMC/G12C1,161.0335648148148,0
EXT-04363,4362,ISU_ILCC_NMC,ISU_ILCC_NMC/G12C2,42.72273148148148,0
EXT-04364,4363,ISU_ILCC_NMC,ISU_ILCC_NMC/G12C2,51.97334490740741,0
EXT-04365,4364,ISU_ILCC_NMC,ISU_ILCC_NMC/G12C2,60.26065972222222,0
EXT-04366,4365,ISU_ILCC_NMC,ISU_ILCC_NMC/G12C2,72.913125,0
EXT-04367,4366,ISU_ILCC_NMC,ISU_ILCC_NMC/G12C2,82.2012037037037,0
EXT-04368,4367,ISU_ILCC_NMC,ISU_ILCC_NMC/G12C3,42.72273148148148,0
EXT-04369,4368,ISU_ILCC_NMC,ISU_ILCC_NMC/G12C3,51.97334490740741,0
EXT-04370,4369,ISU_ILCC_NMC,ISU_ILCC_NMC/G12C3,60.26064814814815,0
EXT-04371,4370,ISU_ILCC_NMC,ISU_ILCC_NMC/G12C3,72.913125,0
EXT-04372,4371,ISU_ILCC_NMC,ISU_ILCC_NMC/G12C3,82.2012037037037,0
EXT-04373,4372,ISU_ILCC_NMC,ISU_ILCC_NMC/G12C3,90.67869212962962,0
EXT-04374,4373,ISU_ILCC_NMC,ISU_ILCC_NMC/G12C3,99.38865740740741,0
EXT-04375,4374,ISU_ILCC_NMC,ISU_ILCC_NMC/G12C3,107.32799768518518,0
EXT-04376,4375,ISU_ILCC_NMC,ISU_ILCC_NMC/G12C3,115.81403935185185,0
EXT-04377,4376,ISU_ILCC_NMC,ISU_ILCC_NMC/G12C3,124.75747685185185,0
EXT-04378,4377,ISU_ILCC_NMC,ISU_ILCC_NMC/G12C3,134.88200231481483,0
EXT-04379,4378,ISU_ILCC_NMC,ISU_ILCC_NMC/G12C3,143.1170138888889,0
EXT-04380,4379,ISU_ILCC_NMC,ISU_ILCC_NMC/G12C4,42.72271990740741,0
EXT-04381,4380,ISU_ILCC_NMC,ISU_ILCC_NMC/G12C4,51.97334490740741,0
EXT-04382,4381,ISU_ILCC_NMC,ISU_ILCC_NMC/G12C4,60.26064814814815,0
EXT-04383,4382,ISU_ILCC_NMC,ISU_ILCC_NMC/G12C4,72.91311342592593,0
EXT-04384,4383,ISU_ILCC_NMC,ISU_ILCC_NMC/G12C4,82.20119212962963,0
EXT-04385,4384,ISU_ILCC_NMC,ISU_ILCC_NMC/G12C4,90.67868055555556,0
EXT-04386,4385,ISU_ILCC_NMC,ISU_ILCC_NMC/G12C4,99.38864583333333,0
EXT-04387,4386,ISU_ILCC_NMC,ISU_ILCC_NMC/G12C4,107.32798611111112,0
EXT-04388,4387,ISU_ILCC_NMC,ISU_ILCC_NMC/G12C4,115.81402777777778,0
EXT-04389,4388,ISU_ILCC_NMC,ISU_ILCC_NMC/G12C4,124.75747685185185,0
EXT-04390,4389,ISU_ILCC_NMC,ISU_ILCC_NMC/G12C4,134.88199074074075,0
EXT-04391,4390,ISU_ILCC_NMC,ISU_ILCC_NMC/G12C4,143.1170023148148,0
EXT-04392,4391,ISU_ILCC_NMC,ISU_ILCC_NMC/G12C4,152.8033912037037,0
EXT-04393,4392,ISU_ILCC_NMC,ISU_ILCC_NMC/G12C4,161.03355324074073,0
EXT-04394,4393,ISU_ILCC_NMC,ISU_ILCC_NMC/G12C4,170.86583333333334,0
EXT-04395,4394,ISU_ILCC_NMC,ISU_ILCC_NMC/G12C4,184.2988310185185,0
EXT-04396,4395,ISU_ILCC_NMC,ISU_ILCC_NMC/G12C4,192.93391203703703,0
EXT-04397,4396,ISU_ILCC_NMC,ISU_ILCC_NMC/G12C4,201.18530092592593,0
EXT-04398,4397,ISU_ILCC_NMC,ISU_ILCC_NMC/G12C4,209.0665972222222,0
EXT-04399,4398,ISU_ILCC_NMC,ISU_ILCC_NMC/G12C4,216.98186342592592,0
EXT-04400,4399,ISU_ILCC_NMC,ISU_ILCC_NMC/G12C4,226.30649305555556,0
EXT-04401,4400,ISU_ILCC_NMC,ISU_ILCC_NMC/G12C4,233.9978587962963,0
EXT-04402,4401,ISU_ILCC_NMC,ISU_ILCC_NMC/G12C4,250.19046296296295,0
EXT-04403,4402,ISU_ILCC_NMC,ISU_ILCC_NMC/G13C1,43.983842592592595,0
EXT-04404,4403,ISU_ILCC_NMC,ISU_ILCC_NMC/G13C1,52.271145833333335,0
EXT-04405,4404,ISU_ILCC_NMC,ISU_ILCC_NMC/G13C1,64.92361111111111,0
EXT-04406,4405,ISU_ILCC_NMC,ISU_ILCC_NMC/G13C1,74.21168981481482,0
EXT-04407,4406,ISU_ILCC_NMC,ISU_ILCC_NMC/G13C1,82.68917824074074,0
EXT-04408,4407,ISU_ILCC_NMC,ISU_ILCC_NMC/G13C1,91.39914351851851,0
EXT-04409,4408,ISU_ILCC_NMC,ISU_ILCC_NMC/G13C1,99.3384837962963,0
EXT-04410,4409,ISU_ILCC_NMC,ISU_ILCC_NMC/G13C1,107.82452546296297,0
EXT-04411,4410,ISU_ILCC_NMC,ISU_ILCC_NMC/G13C1,116.76797453703703,0
EXT-04412,4411,ISU_ILCC_NMC,ISU_ILCC_NMC/G13C1,126.89248842592593,0
EXT-04413,4412,ISU_ILCC_NMC,ISU_ILCC_NMC/G13C1,135.1275,0
EXT-04414,4413,ISU_ILCC_NMC,ISU_ILCC_NMC/G13C2,43.983842592592595,0
EXT-04415,4414,ISU_ILCC_NMC,ISU_ILCC_NMC/G13C2,52.271145833333335,0
EXT-04416,4415,ISU_ILCC_NMC,ISU_ILCC_NMC/G13C2,64.92362268518518,0
EXT-04417,4416,ISU_ILCC_NMC,ISU_ILCC_NMC/G13C2,74.21168981481482,0
EXT-04418,4417,ISU_ILCC_NMC,ISU_ILCC_NMC/G13C2,82.68918981481481,0
EXT-04419,4418,ISU_ILCC_NMC,ISU_ILCC_NMC/G13C2,91.39914351851851,0
EXT-04420,4419,ISU_ILCC_NMC,ISU_ILCC_NMC/G13C2,99.3384837962963,0
EXT-04421,4420,ISU_ILCC_NMC,ISU_ILCC_NMC/G13C2,107.82452546296297,0
EXT-04422,4421,ISU_ILCC_NMC,ISU_ILCC_NMC/G13C2,116.76797453703703,0
EXT-04423,4422,ISU_ILCC_NMC,ISU_ILCC_NMC/G13C2,126.89248842592593,0
EXT-04424,4423,ISU_ILCC_NMC,ISU_ILCC_NMC/G13C2,135.1275,0
EXT-04425,4424,ISU_ILCC_NMC,ISU_ILCC_NMC/G13C2,144.8138888888889,0
EXT-04426,4425,ISU_ILCC_NMC,ISU_ILCC_NMC/G13C2,153.04405092592592,0
EXT-04427,4426,ISU_ILCC_NMC,ISU_ILCC_NMC/G13C2,162.87633101851853,0
EXT-04428,4427,ISU_ILCC_NMC,ISU_ILCC_NMC/G13C2,176.3093287037037,0
EXT-04429,4428,ISU_ILCC_NMC,ISU_ILCC_NMC/G13C2,184.9444212962963,0
EXT-04430,4429,ISU_ILCC_NMC,ISU_ILCC_NMC/G13C2,193.19579861111112,0
EXT-04431,4430,ISU_ILCC_NMC,ISU_ILCC_NMC/G13C2,201.07710648148148,0
EXT-04432,4431,ISU_ILCC_NMC,ISU_ILCC_NMC/G13C2,208.9923611111111,0
EXT-04433,4432,ISU_ILCC_NMC,ISU_ILCC_NMC/G13C2,218.31699074074075,0
EXT-04434,4433,ISU_ILCC_NMC,ISU_ILCC_NMC/G13C2,226.00835648148148,0
EXT-04435,4434,ISU_ILCC_NMC,ISU_ILCC_NMC/G13C3,43.983831018518515,0
EXT-04436,4435,ISU_ILCC_NMC,ISU_ILCC_NMC/G13C3,52.271134259259256,0
EXT-04437,4436,ISU_ILCC_NMC,ISU_ILCC_NMC/G13C3,64.92361111111111,0
EXT-04438,4437,ISU_ILCC_NMC,ISU_ILCC_NMC/G13C3,74.21168981481482,0
EXT-04439,4438,ISU_ILCC_NMC,ISU_ILCC_NMC/G13C3,82.68917824074074,0
EXT-04440,4439,ISU_ILCC_NMC,ISU_ILCC_NMC/G13C3,91.39914351851851,0
EXT-04441,4440,ISU_ILCC_NMC,ISU_ILCC_NMC/G13C3,99.3384837962963,0
EXT-04442,4441,ISU_ILCC_NMC,ISU_ILCC_NMC/G13C3,107.82452546296297,0
EXT-04443,4442,ISU_ILCC_NMC,ISU_ILCC_NMC/G13C3,116.76796296296297,0
EXT-04444,4443,ISU_ILCC_NMC,ISU_ILCC_NMC/G13C3,126.89248842592593,0
EXT-04445,4444,ISU_ILCC_NMC,ISU_ILCC_NMC/G13C3,135.1275,0
EXT-04446,4445,ISU_ILCC_NMC,ISU_ILCC_NMC/G13C4,43.983831018518515,0
EXT-04447,4446,ISU_ILCC_NMC,ISU_ILCC_NMC/G13C4,52.271134259259256,0
EXT-04448,4447,ISU_ILCC_NMC,ISU_ILCC_NMC/G13C4,64.92361111111111,0
EXT-04449,4448,ISU_ILCC_NMC,ISU_ILCC_NMC/G13C4,74.21168981481482,0
EXT-04450,4449,ISU_ILCC_NMC,ISU_ILCC_NMC/G13C4,82.68917824074074,0
EXT-04451,4450,ISU_ILCC_NMC,ISU_ILCC_NMC/G13C4,91.39914351851851,0
EXT-04452,4451,ISU_ILCC_NMC,ISU_ILCC_NMC/G13C4,99.3384837962963,0
EXT-04453,4452,ISU_ILCC_NMC,ISU_ILCC_NMC/G13C4,107.82452546296297,0
EXT-04454,4453,ISU_ILCC_NMC,ISU_ILCC_NMC/G13C4,116.76797453703703,0
EXT-04455,4454,ISU_ILCC_NMC,ISU_ILCC_NMC/G13C4,126.89248842592593,0
EXT-04456,4455,ISU_ILCC_NMC,ISU_ILCC_NMC/G13C4,135.1275,0
EXT-04457,4456,ISU_ILCC_NMC,ISU_ILCC_NMC/G14C1,43.983831018518515,0
EXT-04458,4457,ISU_ILCC_NMC,ISU_ILCC_NMC/G16C1,45.26304398148148,0
EXT-04459,4458,ISU_ILCC_NMC,ISU_ILCC_NMC/G16C1,53.749085648148146,0
EXT-04460,4459,ISU_ILCC_NMC,ISU_ILCC_NMC/G16C1,62.69253472222222,0
EXT-04461,4460,ISU_ILCC_NMC,ISU_ILCC_NMC/G16C1,72.8170486111111,0
EXT-04462,4461,ISU_ILCC_NMC,ISU_ILCC_NMC/G16C1,81.05206018518518,0
EXT-04463,4462,ISU_ILCC_NMC,ISU_ILCC_NMC/G16C1,90.73844907407407,0
EXT-04464,4463,ISU_ILCC_NMC,ISU_ILCC_NMC/G16C1,98.96861111111112,0
EXT-04465,4464,ISU_ILCC_NMC,ISU_ILCC_NMC/G16C1,108.80087962962963,0
EXT-04466,4465,ISU_ILCC_NMC,ISU_ILCC_NMC/G16C1,122.23387731481482,0
EXT-04467,4466,ISU_ILCC_NMC,ISU_ILCC_NMC/G16C1,130.8689699074074,0
EXT-04468,4467,ISU_ILCC_NMC,ISU_ILCC_NMC/G16C1,139.12034722222222,0
EXT-04469,4468,ISU_ILCC_NMC,ISU_ILCC_NMC/G16C1,147.00165509259259,0
EXT-04470,4469,ISU_ILCC_NMC,ISU_ILCC_NMC/G16C2,45.26303240740741,0
EXT-04471,4470,ISU_ILCC_NMC,ISU_ILCC_NMC/G16C2,53.74907407407407,0
EXT-04472,4471,ISU_ILCC_NMC,ISU_ILCC_NMC/G16C2,62.69252314814815,0
EXT-04473,4472,ISU_ILCC_NMC,ISU_ILCC_NMC/G16C2,72.81703703703704,0
EXT-04474,4473,ISU_ILCC_NMC,ISU_ILCC_NMC/G16C2,81.0520486111111,0
EXT-04475,4474,ISU_ILCC_NMC,ISU_ILCC_NMC/G16C2,90.7384375,0
EXT-04476,4475,ISU_ILCC_NMC,ISU_ILCC_NMC/G16C2,98.96859953703704,0
EXT-04477,4476,ISU_ILCC_NMC,ISU_ILCC_NMC/G16C2,108.80086805555555,0
EXT-04478,4477,ISU_ILCC_NMC,ISU_ILCC_NMC/G16C2,122.23386574074074,0
EXT-04479,4478,ISU_ILCC_NMC,ISU_ILCC_NMC/G16C2,130.86895833333332,0
EXT-04480,4479,ISU_ILCC_NMC,ISU_ILCC_NMC/G16C2,139.12033564814814,0
EXT-04481,4480,ISU_ILCC_NMC,ISU_ILCC_NMC/G16C2,147.0016435185185,0
EXT-04482,4481,ISU_ILCC_NMC,ISU_ILCC_NMC/G16C3,45.26303240740741,0
EXT-04483,4482,ISU_ILCC_NMC,ISU_ILCC_NMC/G16C3,53.74907407407407,0
EXT-04484,4483,ISU_ILCC_NMC,ISU_ILCC_NMC/G16C3,62.69252314814815,0
EXT-04485,4484,ISU_ILCC_NMC,ISU_ILCC_NMC/G16C3,72.81703703703704,0
EXT-04486,4485,ISU_ILCC_NMC,ISU_ILCC_NMC/G16C3,81.0520486111111,0
EXT-04487,4486,ISU_ILCC_NMC,ISU_ILCC_NMC/G16C3,90.7384375,0
EXT-04488,4487,ISU_ILCC_NMC,ISU_ILCC_NMC/G16C3,98.96859953703704,0
EXT-04489,4488,ISU_ILCC_NMC,ISU_ILCC_NMC/G16C3,108.80086805555555,0
EXT-04490,4489,ISU_ILCC_NMC,ISU_ILCC_NMC/G16C3,122.23386574074074,0
EXT-04491,4490,ISU_ILCC_NMC,ISU_ILCC_NMC/G16C3,130.86895833333332,0
EXT-04492,4491,ISU_ILCC_NMC,ISU_ILCC_NMC/G16C3,139.12033564814814,0
EXT-04493,4492,ISU_ILCC_NMC,ISU_ILCC_NMC/G16C3,147.0016435185185,0
EXT-04494,4493,ISU_ILCC_NMC,ISU_ILCC_NMC/G16C4,45.26303240740741,0
EXT-04495,4494,ISU_ILCC_NMC,ISU_ILCC_NMC/G16C4,53.74907407407407,0
EXT-04496,4495,ISU_ILCC_NMC,ISU_ILCC_NMC/G16C4,62.69252314814815,0
EXT-04497,4496,ISU_ILCC_NMC,ISU_ILCC_NMC/G16C4,72.81703703703704,0
EXT-04498,4497,ISU_ILCC_NMC,ISU_ILCC_NMC/G16C4,81.0520486111111,0
EXT-04499,4498,ISU_ILCC_NMC,ISU_ILCC_NMC/G16C4,90.7384375,0
EXT-04500,4499,ISU_ILCC_NMC,ISU_ILCC_NMC/G16C4,98.96859953703704,0
EXT-04501,4500,ISU_ILCC_NMC,ISU_ILCC_NMC/G16C4,108.80087962962963,0
EXT-04502,4501,ISU_ILCC_NMC,ISU_ILCC_NMC/G16C4,122.23387731481482,0
EXT-04503,4502,ISU_ILCC_NMC,ISU_ILCC_NMC/G16C4,130.86895833333332,0
EXT-04504,4503,ISU_ILCC_NMC,ISU_ILCC_NMC/G16C4,139.12034722222222,0
EXT-04505,4504,ISU_ILCC_NMC,ISU_ILCC_NMC/G16C4,147.0016435185185,0
EXT-04506,4505,ISU_ILCC_NMC,ISU_ILCC_NMC/G17C1,45.26304398148148,0
EXT-04507,4506,ISU_ILCC_NMC,ISU_ILCC_NMC/G17C1,53.749085648148146,0
EXT-04508,4507,ISU_ILCC_NMC,ISU_ILCC_NMC/G17C1,62.69253472222222,0
EXT-04509,4508,ISU_ILCC_NMC,ISU_ILCC_NMC/G17C1,72.8170486111111,0
EXT-04510,4509,ISU_ILCC_NMC,ISU_ILCC_NMC/G17C1,81.05206018518518,0
EXT-04511,4510,ISU_ILCC_NMC,ISU_ILCC_NMC/G17C1,90.73844907407407,0
EXT-04512,4511,ISU_ILCC_NMC,ISU_ILCC_NMC/G17C1,98.96861111111112,0
EXT-04513,4512,ISU_ILCC_NMC,ISU_ILCC_NMC/G17C1,108.80087962962963,0
EXT-04514,4513,ISU_ILCC_NMC,ISU_ILCC_NMC/G17C1,122.23387731481482,0
EXT-04515,4514,ISU_ILCC_NMC,ISU_ILCC_NMC/G17C1,130.8689699074074,0
EXT-04516,4515,ISU_ILCC_NMC,ISU_ILCC_NMC/G17C1,139.12034722222222,0
EXT-04517,4516,ISU_ILCC_NMC,ISU_ILCC_NMC/G17C1,147.00165509259259,0
EXT-04518,4517,ISU_ILCC_NMC,ISU_ILCC_NMC/G17C1,154.9169212962963,0
EXT-04519,4518,ISU_ILCC_NMC,ISU_ILCC_NMC/G17C1,164.24155092592594,0
EXT-04520,4519,ISU_ILCC_NMC,ISU_ILCC_NMC/G17C2,45.26303240740741,0
EXT-04521,4520,ISU_ILCC_NMC,ISU_ILCC_NMC/G17C2,53.74907407407407,0
EXT-04522,4521,ISU_ILCC_NMC,ISU_ILCC_NMC/G17C2,62.69252314814815,0
EXT-04523,4522,ISU_ILCC_NMC,ISU_ILCC_NMC/G17C2,72.81703703703704,0
EXT-04524,4523,ISU_ILCC_NMC,ISU_ILCC_NMC/G17C2,81.0520486111111,0
EXT-04525,4524,ISU_ILCC_NMC,ISU_ILCC_NMC/G17C2,90.7384375,0
EXT-04526,4525,ISU_ILCC_NMC,ISU_ILCC_NMC/G17C2,98.96859953703704,0
EXT-04527,4526,ISU_ILCC_NMC,ISU_ILCC_NMC/G17C2,108.80087962962963,0
EXT-04528,4527,ISU_ILCC_NMC,ISU_ILCC_NMC/G17C2,122.23387731481482,0
EXT-04529,4528,ISU_ILCC_NMC,ISU_ILCC_NMC/G17C2,130.86895833333332,0
EXT-04530,4529,ISU_ILCC_NMC,ISU_ILCC_NMC/G17C2,139.12034722222222,0
EXT-04531,4530,ISU_ILCC_NMC,ISU_ILCC_NMC/G17C2,147.0016435185185,0
EXT-04532,4531,ISU_ILCC_NMC,ISU_ILCC_NMC/G17C3,45.26303240740741,0
EXT-04533,4532,ISU_ILCC_NMC,ISU_ILCC_NMC/G17C3,53.74907407407407,0
EXT-04534,4533,ISU_ILCC_NMC,ISU_ILCC_NMC/G17C3,62.69252314814815,0
EXT-04535,4534,ISU_ILCC_NMC,ISU_ILCC_NMC/G17C3,72.81703703703704,0
EXT-04536,4535,ISU_ILCC_NMC,ISU_ILCC_NMC/G17C3,81.0520486111111,0
EXT-04537,4536,ISU_ILCC_NMC,ISU_ILCC_NMC/G17C3,90.7384375,0
EXT-04538,4537,ISU_ILCC_NMC,ISU_ILCC_NMC/G17C3,98.96859953703704,0
EXT-04539,4538,ISU_ILCC_NMC,ISU_ILCC_NMC/G17C3,108.80087962962963,0
EXT-04540,4539,ISU_ILCC_NMC,ISU_ILCC_NMC/G17C3,122.23387731481482,0
EXT-04541,4540,ISU_ILCC_NMC,ISU_ILCC_NMC/G17C3,130.86895833333332,0
EXT-04542,4541,ISU_ILCC_NMC,ISU_ILCC_NMC/G17C3,139.12034722222222,0
EXT-04543,4542,ISU_ILCC_NMC,ISU_ILCC_NMC/G17C3,147.0016435185185,0
EXT-04544,4543,ISU_ILCC_NMC,ISU_ILCC_NMC/G17C3,154.91690972222221,0
EXT-04545,4544,ISU_ILCC_NMC,ISU_ILCC_NMC/G17C3,164.24153935185186,0
EXT-04546,4545,ISU_ILCC_NMC,ISU_ILCC_NMC/G17C4,45.26303240740741,0
EXT-04547,4546,ISU_ILCC_NMC,ISU_ILCC_NMC/G17C4,53.74907407407407,0
EXT-04548,4547,ISU_ILCC_NMC,ISU_ILCC_NMC/G17C4,62.69252314814815,0
EXT-04549,4548,ISU_ILCC_NMC,ISU_ILCC_NMC/G17C4,72.81703703703704,0
EXT-04550,4549,ISU_ILCC_NMC,ISU_ILCC_NMC/G17C4,81.0520486111111,0
EXT-04551,4550,ISU_ILCC_NMC,ISU_ILCC_NMC/G17C4,90.7384375,0
EXT-04552,4551,ISU_ILCC_NMC,ISU_ILCC_NMC/G17C4,98.96859953703704,0
EXT-04553,4552,ISU_ILCC_NMC,ISU_ILCC_NMC/G17C4,108.80087962962963,0
EXT-04554,4553,ISU_ILCC_NMC,ISU_ILCC_NMC/G17C4,122.23387731481482,0
EXT-04555,4554,ISU_ILCC_NMC,ISU_ILCC_NMC/G17C4,130.86895833333332,0
EXT-04556,4555,ISU_ILCC_NMC,ISU_ILCC_NMC/G18C1,45.26304398148148,0
EXT-04557,4556,ISU_ILCC_NMC,ISU_ILCC_NMC/G18C1,53.749085648148146,0
EXT-04558,4557,ISU_ILCC_NMC,ISU_ILCC_NMC/G18C1,62.69253472222222,0
EXT-04559,4558,ISU_ILCC_NMC,ISU_ILCC_NMC/G18C1,72.8170486111111,0
EXT-04560,4559,ISU_ILCC_NMC,ISU_ILCC_NMC/G18C1,81.05206018518518,0
EXT-04561,4560,ISU_ILCC_NMC,ISU_ILCC_NMC/G18C1,90.73844907407407,0
EXT-04562,4561,ISU_ILCC_NMC,ISU_ILCC_NMC/G18C1,98.96859953703704,0
EXT-04563,4562,ISU_ILCC_NMC,ISU_ILCC_NMC/G18C1,108.80087962962963,0
EXT-04564,4563,ISU_ILCC_NMC,ISU_ILCC_NMC/G18C1,122.23387731481482,0
EXT-04565,4564,ISU_ILCC_NMC,ISU_ILCC_NMC/G18C1,130.8689699074074,0
EXT-04566,4565,ISU_ILCC_NMC,ISU_ILCC_NMC/G18C1,139.12034722222222,0
EXT-04567,4566,ISU_ILCC_NMC,ISU_ILCC_NMC/G18C1,147.00165509259259,0
EXT-04568,4567,ISU_ILCC_NMC,ISU_ILCC_NMC/G18C1,154.9169212962963,0
EXT-04569,4568,ISU_ILCC_NMC,ISU_ILCC_NMC/G18C1,164.24153935185186,0
EXT-04570,4569,ISU_ILCC_NMC,ISU_ILCC_NMC/G18C1,171.9329050925926,0
EXT-04571,4570,ISU_ILCC_NMC,ISU_ILCC_NMC/G18C1,188.12550925925925,0
EXT-04572,4571,ISU_ILCC_NMC,ISU_ILCC_NMC/G18C1,196.12265046296295,0
EXT-04573,4572,ISU_ILCC_NMC,ISU_ILCC_NMC/G18C1,203.94671296296298,0
EXT-04574,4573,ISU_ILCC_NMC,ISU_ILCC_NMC/G18C1,215.04421296296297,0
EXT-04575,4574,ISU_ILCC_NMC,ISU_ILCC_NMC/G18C1,223.05119212962964,0
EXT-04576,4575,ISU_ILCC_NMC,ISU_ILCC_NMC/G18C1,231.0823611111111,0
EXT-04577,4576,ISU_ILCC_NMC,ISU_ILCC_NMC/G18C1,239.03773148148147,0
EXT-04578,4577,ISU_ILCC_NMC,ISU_ILCC_NMC/G18C1,247.0854050925926,0
EXT-04579,4578,ISU_ILCC_NMC,ISU_ILCC_NMC/G18C1,255.11828703703705,0
EXT-04580,4579,ISU_ILCC_NMC,ISU_ILCC_NMC/G18C1,263.0921875,0
EXT-04581,4580,ISU_ILCC_NMC,ISU_ILCC_NMC/G18C1,271.08797453703704,0
EXT-04582,4581,ISU_ILCC_NMC,ISU_ILCC_NMC/G18C1,280.1552893518519,0
EXT-04583,4582,ISU_ILCC_NMC,ISU_ILCC_NMC/G18C1,288.1032407407407,0
EXT-04584,4583,ISU_ILCC_NMC,ISU_ILCC_NMC/G18C1,296.0766435185185,0
EXT-04585,4584,ISU_ILCC_NMC,ISU_ILCC_NMC/G18C1,304.07708333333335,0
EXT-04586,4585,ISU_ILCC_NMC,ISU_ILCC_NMC/G18C1,312.1086226851852,0
EXT-04587,4586,ISU_ILCC_NMC,ISU_ILCC_NMC/G18C1,320.1113657407407,0
EXT-04588,4587,ISU_ILCC_NMC,ISU_ILCC_NMC/G18C1,328.0874768518519,0
EXT-04589,4588,ISU_ILCC_NMC,ISU_ILCC_NMC/G18C1,336.0892361111111,0
EXT-04590,4589,ISU_ILCC_NMC,ISU_ILCC_NMC/G18C1,344.0750115740741,0
EXT-04591,4590,ISU_ILCC_NMC,ISU_ILCC_NMC/G18C1,352.11863425925924,0
EXT-04592,4591,ISU_ILCC_NMC,ISU_ILCC_NMC/G18C1,360.074224537037,0
EXT-04593,4592,ISU_ILCC_NMC,ISU_ILCC_NMC/G18C1,370.2125115740741,0
EXT-04594,4593,ISU_ILCC_NMC,ISU_ILCC_NMC/G18C1,378.0789814814815,0
EXT-04595,4594,ISU_ILCC_NMC,ISU_ILCC_NMC/G18C1,386.10122685185183,0
EXT-04596,4595,ISU_ILCC_NMC,ISU_ILCC_NMC/G18C1,395.0755208333333,0
EXT-04597,4596,ISU_ILCC_NMC,ISU_ILCC_NMC/G18C1,403.0819328703704,0
EXT-04598,4597,ISU_ILCC_NMC,ISU_ILCC_NMC/G18C1,411.08278935185183,0
EXT-04599,4598,ISU_ILCC_NMC,ISU_ILCC_NMC/G18C1,419.0790856481481,0
EXT-04600,4599,ISU_ILCC_NMC,ISU_ILCC_NMC/G18C1,427.0832638888889,0
EXT-04601,4600,ISU_ILCC_NMC,ISU_ILCC_NMC/G18C1,435.1530902777778,0
EXT-04602,4601,ISU_ILCC_NMC,ISU_ILCC_NMC/G18C1,443.0984837962963,0
EXT-04603,4602,ISU_ILCC_NMC,ISU_ILCC_NMC/G18C1,451.1184375,0
EXT-04604,4603,ISU_ILCC_NMC,ISU_ILCC_NMC/G18C1,459.08101851851853,0
EXT-04605,4604,ISU_ILCC_NMC,ISU_ILCC_NMC/G18C1,467.1592939814815,0
EXT-04606,4605,ISU_ILCC_NMC,ISU_ILCC_NMC/G18C1,475.07939814814813,0
EXT-04607,4606,ISU_ILCC_NMC,ISU_ILCC_NMC/G18C1,483.07474537037035,0
EXT-04608,4607,ISU_ILCC_NMC,ISU_ILCC_NMC/G18C1,491.0882638888889,0
EXT-04609,4608,ISU_ILCC_NMC,ISU_ILCC_NMC/G18C1,499.08760416666667,0
EXT-04610,4609,ISU_ILCC_NMC,ISU_ILCC_NMC/G18C1,507.092037037037,0
EXT-04611,4610,ISU_ILCC_NMC,ISU_ILCC_NMC/G18C1,515.0868981481482,0
EXT-04612,4611,ISU_ILCC_NMC,ISU_ILCC_NMC/G18C1,523.0732060185185,0
EXT-04613,4612,ISU_ILCC_NMC,ISU_ILCC_NMC/G18C1,531.079849537037,0
EXT-04614,4613,ISU_ILCC_NMC,ISU_ILCC_NMC/G18C1,539.0845254629629,0
EXT-04615,4614,ISU_ILCC_NMC,ISU_ILCC_NMC/G18C1,547.0875578703703,0
EXT-04616,4615,ISU_ILCC_NMC,ISU_ILCC_NMC/G18C1,555.0837962962963,0
EXT-04617,4616,ISU_ILCC_NMC,ISU_ILCC_NMC/G18C1,563.0888773148148,0
EXT-04618,4617,ISU_ILCC_NMC,ISU_ILCC_NMC/G18C1,571.2121412037037,0
EXT-04619,4618,ISU_ILCC_NMC,ISU_ILCC_NMC/G18C1,579.2618287037037,0
EXT-04620,4619,ISU_ILCC_NMC,ISU_ILCC_NMC/G18C1,587.1228356481481,0
EXT-04621,4620,ISU_ILCC_NMC,ISU_ILCC_NMC/G18C1,595.2288773148148,0
EXT-04622,4621,ISU_ILCC_NMC,ISU_ILCC_NMC/G18C1,603.2943518518518,0
EXT-04623,4622,ISU_ILCC_NMC,ISU_ILCC_NMC/G18C1,612.0519328703704,0
EXT-04624,4623,ISU_ILCC_NMC,ISU_ILCC_NMC/G18C2,45.26303240740741,0
EXT-04625,4624,ISU_ILCC_NMC,ISU_ILCC_NMC/G18C2,53.74907407407407,0
EXT-04626,4625,ISU_ILCC_NMC,ISU_ILCC_NMC/G18C2,62.69252314814815,0
EXT-04627,4626,ISU_ILCC_NMC,ISU_ILCC_NMC/G18C2,72.81703703703704,0
EXT-04628,4627,ISU_ILCC_NMC,ISU_ILCC_NMC/G18C2,81.0520486111111,0
EXT-04629,4628,ISU_ILCC_NMC,ISU_ILCC_NMC/G18C2,90.7384375,0
EXT-04630,4629,ISU_ILCC_NMC,ISU_ILCC_NMC/G18C2,98.96859953703704,0
EXT-04631,4630,ISU_ILCC_NMC,ISU_ILCC_NMC/G18C2,108.80087962962963,0
EXT-04632,4631,ISU_ILCC_NMC,ISU_ILCC_NMC/G18C2,122.23387731481482,0
EXT-04633,4632,ISU_ILCC_NMC,ISU_ILCC_NMC/G18C2,130.8689699074074,0
EXT-04634,4633,ISU_ILCC_NMC,ISU_ILCC_NMC/G18C2,139.12034722222222,0
EXT-04635,4634,ISU_ILCC_NMC,ISU_ILCC_NMC/G18C2,147.00165509259259,0
EXT-04636,4635,ISU_ILCC_NMC,ISU_ILCC_NMC/G18C2,154.91690972222221,0
EXT-04637,4636,ISU_ILCC_NMC,ISU_ILCC_NMC/G18C2,164.24153935185186,0
EXT-04638,4637,ISU_ILCC_NMC,ISU_ILCC_NMC/G18C2,171.9329050925926,0
EXT-04639,4638,ISU_ILCC_NMC,ISU_ILCC_NMC/G18C2,188.12550925925925,0
EXT-04640,4639,ISU_ILCC_NMC,ISU_ILCC_NMC/G18C2,196.12265046296295,0
EXT-04641,4640,ISU_ILCC_NMC,ISU_ILCC_NMC/G18C2,203.94671296296298,0
EXT-04642,4641,ISU_ILCC_NMC,ISU_ILCC_NMC/G18C3,45.26303240740741,0
EXT-04643,4642,ISU_ILCC_NMC,ISU_ILCC_NMC/G18C3,53.74907407407407,0
EXT-04644,4643,ISU_ILCC_NMC,ISU_ILCC_NMC/G18C3,62.69252314814815,0
EXT-04645,4644,ISU_ILCC_NMC,ISU_ILCC_NMC/G18C3,72.81703703703704,0
EXT-04646,4645,ISU_ILCC_NMC,ISU_ILCC_NMC/G18C3,81.0520486111111,0
EXT-04647,4646,ISU_ILCC_NMC,ISU_ILCC_NMC/G18C3,90.7384375,0
EXT-04648,4647,ISU_ILCC_NMC,ISU_ILCC_NMC/G18C3,98.96859953703704,0
EXT-04649,4648,ISU_ILCC_NMC,ISU_ILCC_NMC/G18C3,108.80087962962963,0
EXT-04650,4649,ISU_ILCC_NMC,ISU_ILCC_NMC/G18C3,122.23387731481482,0
EXT-04651,4650,ISU_ILCC_NMC,ISU_ILCC_NMC/G18C3,130.8689699074074,0
EXT-04652,4651,ISU_ILCC_NMC,ISU_ILCC_NMC/G18C3,139.12034722222222,0
EXT-04653,4652,ISU_ILCC_NMC,ISU_ILCC_NMC/G18C3,147.00165509259259,0
EXT-04654,4653,ISU_ILCC_NMC,ISU_ILCC_NMC/G18C3,154.91690972222221,0
EXT-04655,4654,ISU_ILCC_NMC,ISU_ILCC_NMC/G18C3,164.24153935185186,0
EXT-04656,4655,ISU_ILCC_NMC,ISU_ILCC_NMC/G18C3,171.9329050925926,0
EXT-04657,4656,ISU_ILCC_NMC,ISU_ILCC_NMC/G18C3,188.12550925925925,0
EXT-04658,4657,ISU_ILCC_NMC,ISU_ILCC_NMC/G18C3,196.12265046296295,0
EXT-04659,4658,ISU_ILCC_NMC,ISU_ILCC_NMC/G18C3,203.94671296296298,0
EXT-04660,4659,ISU_ILCC_NMC,ISU_ILCC_NMC/G18C4,45.26303240740741,0
EXT-04661,4660,ISU_ILCC_NMC,ISU_ILCC_NMC/G18C4,53.74907407407407,0
EXT-04662,4661,ISU_ILCC_NMC,ISU_ILCC_NMC/G18C4,62.69252314814815,0
EXT-04663,4662,ISU_ILCC_NMC,ISU_ILCC_NMC/G18C4,72.81703703703704,0
EXT-04664,4663,ISU_ILCC_NMC,ISU_ILCC_NMC/G18C4,81.0520486111111,0
EXT-04665,4664,ISU_ILCC_NMC,ISU_ILCC_NMC/G18C4,90.7384375,0
EXT-04666,4665,ISU_ILCC_NMC,ISU_ILCC_NMC/G18C4,98.96859953703704,0
EXT-04667,4666,ISU_ILCC_NMC,ISU_ILCC_NMC/G18C4,108.80087962962963,0
EXT-04668,4667,ISU_ILCC_NMC,ISU_ILCC_NMC/G18C4,122.23387731481482,0
EXT-04669,4668,ISU_ILCC_NMC,ISU_ILCC_NMC/G18C4,130.8689699074074,0
EXT-04670,4669,ISU_ILCC_NMC,ISU_ILCC_NMC/G18C4,139.12034722222222,0
EXT-04671,4670,ISU_ILCC_NMC,ISU_ILCC_NMC/G18C4,147.00165509259259,0
EXT-04672,4671,ISU_ILCC_NMC,ISU_ILCC_NMC/G18C4,154.91690972222221,0
EXT-04673,4672,ISU_ILCC_NMC,ISU_ILCC_NMC/G18C4,164.24153935185186,0
EXT-04674,4673,ISU_ILCC_NMC,ISU_ILCC_NMC/G18C4,171.9329050925926,0
EXT-04675,4674,ISU_ILCC_NMC,ISU_ILCC_NMC/G18C4,188.12550925925925,0
EXT-04676,4675,ISU_ILCC_NMC,ISU_ILCC_NMC/G19C1,45.26304398148148,0
EXT-04677,4676,ISU_ILCC_NMC,ISU_ILCC_NMC/G19C1,53.749085648148146,0
EXT-04678,4677,ISU_ILCC_NMC,ISU_ILCC_NMC/G19C1,62.69253472222222,0
EXT-04679,4678,ISU_ILCC_NMC,ISU_ILCC_NMC/G19C1,72.8170486111111,0
EXT-04680,4679,ISU_ILCC_NMC,ISU_ILCC_NMC/G19C1,81.05206018518518,0
EXT-04681,4680,ISU_ILCC_NMC,ISU_ILCC_NMC/G19C1,90.73844907407407,0
EXT-04682,4681,ISU_ILCC_NMC,ISU_ILCC_NMC/G19C1,98.96859953703704,0
EXT-04683,4682,ISU_ILCC_NMC,ISU_ILCC_NMC/G19C2,45.26304398148148,0
EXT-04684,4683,ISU_ILCC_NMC,ISU_ILCC_NMC/G19C2,53.749085648148146,0
EXT-04685,4684,ISU_ILCC_NMC,ISU_ILCC_NMC/G19C2,62.69253472222222,0
EXT-04686,4685,ISU_ILCC_NMC,ISU_ILCC_NMC/G19C2,72.8170486111111,0
EXT-04687,4686,ISU_ILCC_NMC,ISU_ILCC_NMC/G19C2,81.05206018518518,0
EXT-04688,4687,ISU_ILCC_NMC,ISU_ILCC_NMC/G19C3,45.26304398148148,0
EXT-04689,4688,ISU_ILCC_NMC,ISU_ILCC_NMC/G19C3,53.749085648148146,0
EXT-04690,4689,ISU_ILCC_NMC,ISU_ILCC_NMC/G19C3,62.69253472222222,0
EXT-04691,4690,ISU_ILCC_NMC,ISU_ILCC_NMC/G19C3,72.8170486111111,0
EXT-04692,4691,ISU_ILCC_NMC,ISU_ILCC_NMC/G19C3,81.05206018518518,0
EXT-04693,4692,ISU_ILCC_NMC,ISU_ILCC_NMC/G19C3,90.73844907407407,0
EXT-04694,4693,ISU_ILCC_NMC,ISU_ILCC_NMC/G19C3,98.96859953703704,0
EXT-04695,4694,ISU_ILCC_NMC,ISU_ILCC_NMC/G19C3,108.80087962962963,0
EXT-04696,4695,ISU_ILCC_NMC,ISU_ILCC_NMC/G19C4,45.26303240740741,0
EXT-04697,4696,ISU_ILCC_NMC,ISU_ILCC_NMC/G20C1,41.958078703703706,0
EXT-04698,4697,ISU_ILCC_NMC,ISU_ILCC_NMC/G20C1,50.9596875,0
EXT-04699,4698,ISU_ILCC_NMC,ISU_ILCC_NMC/G20C1,58.98934027777778,0
EXT-04700,4699,ISU_ILCC_NMC,ISU_ILCC_NMC/G20C1,66.96627314814815,0
EXT-04701,4700,ISU_ILCC_NMC,ISU_ILCC_NMC/G20C2,41.958078703703706,0
EXT-04702,4701,ISU_ILCC_NMC,ISU_ILCC_NMC/G20C2,50.9596875,0
EXT-04703,4702,ISU_ILCC_NMC,ISU_ILCC_NMC/G20C2,58.98934027777778,0
EXT-04704,4703,ISU_ILCC_NMC,ISU_ILCC_NMC/G20C2,66.96627314814815,0
EXT-04705,4704,ISU_ILCC_NMC,ISU_ILCC_NMC/G20C2,74.95626157407408,0
EXT-04706,4705,ISU_ILCC_NMC,ISU_ILCC_NMC/G20C3,41.958078703703706,0
EXT-04707,4706,ISU_ILCC_NMC,ISU_ILCC_NMC/G20C3,50.9596875,0
EXT-04708,4707,ISU_ILCC_NMC,ISU_ILCC_NMC/G20C3,58.98934027777778,0
EXT-04709,4708,ISU_ILCC_NMC,ISU_ILCC_NMC/G20C3,66.96627314814815,0
EXT-04710,4709,ISU_ILCC_NMC,ISU_ILCC_NMC/G20C3,74.95626157407408,0
EXT-04711,4710,ISU_ILCC_NMC,ISU_ILCC_NMC/G20C3,83.13155092592592,0
EXT-04712,4711,ISU_ILCC_NMC,ISU_ILCC_NMC/G20C3,91.13511574074074,0
EXT-04713,4712,ISU_ILCC_NMC,ISU_ILCC_NMC/G20C3,99.17149305555556,0
EXT-04714,4713,ISU_ILCC_NMC,ISU_ILCC_NMC/G20C3,107.1261574074074,0
EXT-04715,4714,ISU_ILCC_NMC,ISU_ILCC_NMC/G20C3,115.1758912037037,0
EXT-04716,4715,ISU_ILCC_NMC,ISU_ILCC_NMC/G20C3,123.21569444444444,0
EXT-04717,4716,ISU_ILCC_NMC,ISU_ILCC_NMC/G20C4,41.958078703703706,0
EXT-04718,4717,ISU_ILCC_NMC,ISU_ILCC_NMC/G20C4,50.9596875,0
EXT-04719,4718,ISU_ILCC_NMC,ISU_ILCC_NMC/G20C4,58.98934027777778,0
EXT-04720,4719,ISU_ILCC_NMC,ISU_ILCC_NMC/G20C4,66.96627314814815,0
EXT-04721,4720,ISU_ILCC_NMC,ISU_ILCC_NMC/G20C4,74.95626157407408,0
EXT-04722,4721,ISU_ILCC_NMC,ISU_ILCC_NMC/G20C4,83.13155092592592,0
EXT-04723,4722,ISU_ILCC_NMC,ISU_ILCC_NMC/G20C4,91.13511574074074,0
EXT-04724,4723,ISU_ILCC_NMC,ISU_ILCC_NMC/G20C4,99.17149305555556,0
EXT-04725,4724,ISU_ILCC_NMC,ISU_ILCC_NMC/G20C4,107.1261574074074,0
EXT-04726,4725,ISU_ILCC_NMC,ISU_ILCC_NMC/G20C4,115.1758912037037,0
EXT-04727,4726,ISU_ILCC_NMC,ISU_ILCC_NMC/G20C4,123.21569444444444,0
EXT-04728,4727,ISU_ILCC_NMC,ISU_ILCC_NMC/G21C1,41.958078703703706,0
EXT-04729,4728,ISU_ILCC_NMC,ISU_ILCC_NMC/G21C1,50.9596875,0
EXT-04730,4729,ISU_ILCC_NMC,ISU_ILCC_NMC/G21C1,58.98934027777778,0
EXT-04731,4730,ISU_ILCC_NMC,ISU_ILCC_NMC/G21C1,66.96627314814815,0
EXT-04732,4731,ISU_ILCC_NMC,ISU_ILCC_NMC/G21C1,74.95626157407408,0
EXT-04733,4732,ISU_ILCC_NMC,ISU_ILCC_NMC/G21C1,83.13155092592592,0
EXT-04734,4733,ISU_ILCC_NMC,ISU_ILCC_NMC/G21C1,91.13511574074074,0
EXT-04735,4734,ISU_ILCC_NMC,ISU_ILCC_NMC/G21C2,41.958078703703706,0
EXT-04736,4735,ISU_ILCC_NMC,ISU_ILCC_NMC/G21C2,50.9596875,0
EXT-04737,4736,ISU_ILCC_NMC,ISU_ILCC_NMC/G21C2,58.98934027777778,0
EXT-04738,4737,ISU_ILCC_NMC,ISU_ILCC_NMC/G21C2,66.96627314814815,0
EXT-04739,4738,ISU_ILCC_NMC,ISU_ILCC_NMC/G21C2,74.95626157407408,0
EXT-04740,4739,ISU_ILCC_NMC,ISU_ILCC_NMC/G21C2,83.13155092592592,0
EXT-04741,4740,ISU_ILCC_NMC,ISU_ILCC_NMC/G21C2,91.13511574074074,0
EXT-04742,4741,ISU_ILCC_NMC,ISU_ILCC_NMC/G21C2,99.17149305555556,0
EXT-04743,4742,ISU_ILCC_NMC,ISU_ILCC_NMC/G21C2,107.1261574074074,0
EXT-04744,4743,ISU_ILCC_NMC,ISU_ILCC_NMC/G21C2,115.1758912037037,0
EXT-04745,4744,ISU_ILCC_NMC,ISU_ILCC_NMC/G21C2,123.21569444444444,0
EXT-04746,4745,ISU_ILCC_NMC,ISU_ILCC_NMC/G21C2,131.1793287037037,0
EXT-04747,4746,ISU_ILCC_NMC,ISU_ILCC_NMC/G21C2,139.17842592592592,0
EXT-04748,4747,ISU_ILCC_NMC,ISU_ILCC_NMC/G21C3,41.958078703703706,0
EXT-04749,4748,ISU_ILCC_NMC,ISU_ILCC_NMC/G21C3,50.9596875,0
EXT-04750,4749,ISU_ILCC_NMC,ISU_ILCC_NMC/G21C3,58.98934027777778,0
EXT-04751,4750,ISU_ILCC_NMC,ISU_ILCC_NMC/G21C3,66.96627314814815,0
EXT-04752,4751,ISU_ILCC_NMC,ISU_ILCC_NMC/G21C3,74.95753472222222,0
EXT-04753,4752,ISU_ILCC_NMC,ISU_ILCC_NMC/G21C3,83.13155092592592,0
EXT-04754,4753,ISU_ILCC_NMC,ISU_ILCC_NMC/G21C3,91.13511574074074,0
EXT-04755,4754,ISU_ILCC_NMC,ISU_ILCC_NMC/G21C3,99.17149305555556,0
EXT-04756,4755,ISU_ILCC_NMC,ISU_ILCC_NMC/G21C3,107.1261574074074,0
EXT-04757,4756,ISU_ILCC_NMC,ISU_ILCC_NMC/G21C4,41.958078703703706,0
EXT-04758,4757,ISU_ILCC_NMC,ISU_ILCC_NMC/G21C4,50.9596875,0
EXT-04759,4758,ISU_ILCC_NMC,ISU_ILCC_NMC/G21C4,58.98934027777778,0
EXT-04760,4759,ISU_ILCC_NMC,ISU_ILCC_NMC/G21C4,66.96627314814815,0
EXT-04761,4760,ISU_ILCC_NMC,ISU_ILCC_NMC/G21C4,74.95626157407408,0
EXT-04762,4761,ISU_ILCC_NMC,ISU_ILCC_NMC/G21C4,83.13155092592592,0
EXT-04763,4762,ISU_ILCC_NMC,ISU_ILCC_NMC/G21C4,91.13511574074074,0
EXT-04764,4763,ISU_ILCC_NMC,ISU_ILCC_NMC/G21C4,99.17149305555556,0
EXT-04765,4764,ISU_ILCC_NMC,ISU_ILCC_NMC/G22C1,41.958078703703706,0
EXT-04766,4765,ISU_ILCC_NMC,ISU_ILCC_NMC/G22C1,50.9596875,0
EXT-04767,4766,ISU_ILCC_NMC,ISU_ILCC_NMC/G22C1,58.98934027777778,0
EXT-04768,4767,ISU_ILCC_NMC,ISU_ILCC_NMC/G22C1,66.96627314814815,0
EXT-04769,4768,ISU_ILCC_NMC,ISU_ILCC_NMC/G22C1,74.95626157407408,0
EXT-04770,4769,ISU_ILCC_NMC,ISU_ILCC_NMC/G22C1,83.13155092592592,0
EXT-04771,4770,ISU_ILCC_NMC,ISU_ILCC_NMC/G22C1,91.13511574074074,0
EXT-04772,4771,ISU_ILCC_NMC,ISU_ILCC_NMC/G22C2,41.95806712962963,0
EXT-04773,4772,ISU_ILCC_NMC,ISU_ILCC_NMC/G22C2,50.95967592592593,0
EXT-04774,4773,ISU_ILCC_NMC,ISU_ILCC_NMC/G22C2,58.989328703703706,0
EXT-04775,4774,ISU_ILCC_NMC,ISU_ILCC_NMC/G22C2,66.96626157407407,0
EXT-04776,4775,ISU_ILCC_NMC,ISU_ILCC_NMC/G22C3,41.95806712962963,0
EXT-04777,4776,ISU_ILCC_NMC,ISU_ILCC_NMC/G22C3,50.95967592592593,0
EXT-04778,4777,ISU_ILCC_NMC,ISU_ILCC_NMC/G22C3,58.989328703703706,0
EXT-04779,4778,ISU_ILCC_NMC,ISU_ILCC_NMC/G22C3,66.96626157407407,0
EXT-04780,4779,ISU_ILCC_NMC,ISU_ILCC_NMC/G22C3,74.95625,0
EXT-04781,4780,ISU_ILCC_NMC,ISU_ILCC_NMC/G22C3,83.13153935185186,0
EXT-04782,4781,ISU_ILCC_NMC,ISU_ILCC_NMC/G22C3,91.13510416666666,0
EXT-04783,4782,ISU_ILCC_NMC,ISU_ILCC_NMC/G22C3,99.17148148148148,0
EXT-04784,4783,ISU_ILCC_NMC,ISU_ILCC_NMC/G22C4,41.958078703703706,0
EXT-04785,4784,ISU_ILCC_NMC,ISU_ILCC_NMC/G22C4,50.9596875,0
EXT-04786,4785,ISU_ILCC_NMC,ISU_ILCC_NMC/G22C4,58.98934027777778,0
EXT-04787,4786,ISU_ILCC_NMC,ISU_ILCC_NMC/G22C4,66.96627314814815,0
EXT-04788,4787,ISU_ILCC_NMC,ISU_ILCC_NMC/G22C4,74.95626157407408,0
EXT-04789,4788,ISU_ILCC_NMC,ISU_ILCC_NMC/G22C4,83.13155092592592,0
EXT-04790,4789,ISU_ILCC_NMC,ISU_ILCC_NMC/G23C1,41.958078703703706,0
EXT-04791,4790,ISU_ILCC_NMC,ISU_ILCC_NMC/G23C1,50.9596875,0
EXT-04792,4791,ISU_ILCC_NMC,ISU_ILCC_NMC/G23C1,58.98934027777778,0
EXT-04793,4792,ISU_ILCC_NMC,ISU_ILCC_NMC/G23C1,66.96627314814815,0
EXT-04794,4793,ISU_ILCC_NMC,ISU_ILCC_NMC/G23C1,74.95626157407408,0
EXT-04795,4794,ISU_ILCC_NMC,ISU_ILCC_NMC/G23C1,83.13155092592592,0
EXT-04796,4795,ISU_ILCC_NMC,ISU_ILCC_NMC/G23C1,91.13511574074074,0
EXT-04797,4796,ISU_ILCC_NMC,ISU_ILCC_NMC/G23C1,99.17149305555556,0
EXT-04798,4797,ISU_ILCC_NMC,ISU_ILCC_NMC/G23C2,41.958078703703706,0
EXT-04799,4798,ISU_ILCC_NMC,ISU_ILCC_NMC/G23C2,50.9596875,0
EXT-04800,4799,ISU_ILCC_NMC,ISU_ILCC_NMC/G23C2,58.98934027777778,0
EXT-04801,4800,ISU_ILCC_NMC,ISU_ILCC_NMC/G23C2,66.96627314814815,0
EXT-04802,4801,ISU_ILCC_NMC,ISU_ILCC_NMC/G23C2,74.95626157407408,0
EXT-04803,4802,ISU_ILCC_NMC,ISU_ILCC_NMC/G23C2,83.13155092592592,0
EXT-04804,4803,ISU_ILCC_NMC,ISU_ILCC_NMC/G23C2,91.13511574074074,0
EXT-04805,4804,ISU_ILCC_NMC,ISU_ILCC_NMC/G23C2,99.17149305555556,0
EXT-04806,4805,ISU_ILCC_NMC,ISU_ILCC_NMC/G23C2,107.12614583333334,0
EXT-04807,4806,ISU_ILCC_NMC,ISU_ILCC_NMC/G23C3,41.958078703703706,0
EXT-04808,4807,ISU_ILCC_NMC,ISU_ILCC_NMC/G23C3,50.9596875,0
EXT-04809,4808,ISU_ILCC_NMC,ISU_ILCC_NMC/G23C3,58.98934027777778,0
EXT-04810,4809,ISU_ILCC_NMC,ISU_ILCC_NMC/G23C3,66.96627314814815,0
EXT-04811,4810,ISU_ILCC_NMC,ISU_ILCC_NMC/G23C3,74.95626157407408,0
EXT-04812,4811,ISU_ILCC_NMC,ISU_ILCC_NMC/G23C3,83.13155092592592,0
EXT-04813,4812,ISU_ILCC_NMC,ISU_ILCC_NMC/G23C3,91.13511574074074,0
EXT-04814,4813,ISU_ILCC_NMC,ISU_ILCC_NMC/G23C4,41.958078703703706,0
EXT-04815,4814,ISU_ILCC_NMC,ISU_ILCC_NMC/G23C4,50.9596875,0
EXT-04816,4815,ISU_ILCC_NMC,ISU_ILCC_NMC/G23C4,58.98934027777778,0
EXT-04817,4816,ISU_ILCC_NMC,ISU_ILCC_NMC/G23C4,66.96627314814815,0
EXT-04818,4817,ISU_ILCC_NMC,ISU_ILCC_NMC/G23C4,74.95626157407408,0
EXT-04819,4818,ISU_ILCC_NMC,ISU_ILCC_NMC/G23C4,83.13155092592592,0
EXT-04820,4819,ISU_ILCC_NMC,ISU_ILCC_NMC/G23C4,91.13511574074074,0
EXT-04821,4820,ISU_ILCC_NMC,ISU_ILCC_NMC/G23C4,99.17149305555556,0
EXT-04822,4821,ISU_ILCC_NMC,ISU_ILCC_NMC/G23C4,107.1261574074074,0
EXT-04823,4822,ISU_ILCC_NMC,ISU_ILCC_NMC/G24C1,41.958078703703706,0
EXT-04824,4823,ISU_ILCC_NMC,ISU_ILCC_NMC/G24C1,50.9596875,0
EXT-04825,4824,ISU_ILCC_NMC,ISU_ILCC_NMC/G24C1,58.98934027777778,0
EXT-04826,4825,ISU_ILCC_NMC,ISU_ILCC_NMC/G24C1,66.96627314814815,0
EXT-04827,4826,ISU_ILCC_NMC,ISU_ILCC_NMC/G24C1,74.95626157407408,0
EXT-04828,4827,ISU_ILCC_NMC,ISU_ILCC_NMC/G24C1,83.13155092592592,0
EXT-04829,4828,ISU_ILCC_NMC,ISU_ILCC_NMC/G24C1,91.13511574074074,0
EXT-04830,4829,ISU_ILCC_NMC,ISU_ILCC_NMC/G24C2,41.958078703703706,0
EXT-04831,4830,ISU_ILCC_NMC,ISU_ILCC_NMC/G24C2,50.9596875,0
EXT-04832,4831,ISU_ILCC_NMC,ISU_ILCC_NMC/G24C2,58.98934027777778,0
EXT-04833,4832,ISU_ILCC_NMC,ISU_ILCC_NMC/G24C2,66.96627314814815,0
EXT-04834,4833,ISU_ILCC_NMC,ISU_ILCC_NMC/G24C2,74.95626157407408,0
EXT-04835,4834,ISU_ILCC_NMC,ISU_ILCC_NMC/G24C2,83.13155092592592,0
EXT-04836,4835,ISU_ILCC_NMC,ISU_ILCC_NMC/G24C2,91.13511574074074,0
EXT-04837,4836,ISU_ILCC_NMC,ISU_ILCC_NMC/G24C2,99.17149305555556,0
EXT-04838,4837,ISU_ILCC_NMC,ISU_ILCC_NMC/G24C2,107.1261574074074,0
EXT-04839,4838,ISU_ILCC_NMC,ISU_ILCC_NMC/G24C3,41.94284722222222,0
EXT-04840,4839,ISU_ILCC_NMC,ISU_ILCC_NMC/G24C3,50.944456018518515,0
EXT-04841,4840,ISU_ILCC_NMC,ISU_ILCC_NMC/G24C3,58.9741087962963,0
EXT-04842,4841,ISU_ILCC_NMC,ISU_ILCC_NMC/G24C3,66.95104166666667,0
EXT-04843,4842,ISU_ILCC_NMC,ISU_ILCC_NMC/G24C3,74.9410300925926,0
EXT-04844,4843,ISU_ILCC_NMC,ISU_ILCC_NMC/G24C3,83.11631944444444,0
EXT-04845,4844,ISU_ILCC_NMC,ISU_ILCC_NMC/G24C4,41.958078703703706,0
EXT-04846,4845,ISU_ILCC_NMC,ISU_ILCC_NMC/G24C4,50.9596875,0
EXT-04847,4846,ISU_ILCC_NMC,ISU_ILCC_NMC/G24C4,58.98934027777778,0
EXT-04848,4847,ISU_ILCC_NMC,ISU_ILCC_NMC/G24C4,66.96627314814815,0
EXT-04849,4848,ISU_ILCC_NMC,ISU_ILCC_NMC/G24C4,74.95626157407408,0
EXT-04850,4849,ISU_ILCC_NMC,ISU_ILCC_NMC/G24C4,83.13155092592592,0
EXT-04851,4850,ISU_ILCC_NMC,ISU_ILCC_NMC/G24C4,91.13511574074074,0
EXT-04852,4851,ISU_ILCC_NMC,ISU_ILCC_NMC/G25C1,41.95806712962963,0
EXT-04853,4852,ISU_ILCC_NMC,ISU_ILCC_NMC/G25C1,50.95967592592593,0
EXT-04854,4853,ISU_ILCC_NMC,ISU_ILCC_NMC/G25C1,58.989328703703706,0
EXT-04855,4854,ISU_ILCC_NMC,ISU_ILCC_NMC/G25C1,66.96626157407407,0
EXT-04856,4855,ISU_ILCC_NMC,ISU_ILCC_NMC/G25C1,74.95625,0
EXT-04857,4856,ISU_ILCC_NMC,ISU_ILCC_NMC/G25C1,83.13153935185186,0
EXT-04858,4857,ISU_ILCC_NMC,ISU_ILCC_NMC/G25C1,91.13510416666666,0
EXT-04859,4858,ISU_ILCC_NMC,ISU_ILCC_NMC/G25C1,99.17148148148148,0
EXT-04860,4859,ISU_ILCC_NMC,ISU_ILCC_NMC/G25C1,107.12614583333334,0
EXT-04861,4860,ISU_ILCC_NMC,ISU_ILCC_NMC/G25C2,41.95806712962963,0
EXT-04862,4861,ISU_ILCC_NMC,ISU_ILCC_NMC/G25C2,50.95967592592593,0
EXT-04863,4862,ISU_ILCC_NMC,ISU_ILCC_NMC/G25C2,58.989328703703706,0
EXT-04864,4863,ISU_ILCC_NMC,ISU_ILCC_NMC/G25C2,66.96626157407407,0
EXT-04865,4864,ISU_ILCC_NMC,ISU_ILCC_NMC/G25C2,74.95625,0
EXT-04866,4865,ISU_ILCC_NMC,ISU_ILCC_NMC/G25C2,83.13153935185186,0
EXT-04867,4866,ISU_ILCC_NMC,ISU_ILCC_NMC/G25C2,91.13510416666666,0
EXT-04868,4867,ISU_ILCC_NMC,ISU_ILCC_NMC/G25C2,99.17148148148148,0
EXT-04869,4868,ISU_ILCC_NMC,ISU_ILCC_NMC/G25C2,107.12614583333334,0
EXT-04870,4869,ISU_ILCC_NMC,ISU_ILCC_NMC/G25C2,115.17587962962963,0
EXT-04871,4870,ISU_ILCC_NMC,ISU_ILCC_NMC/G25C3,41.95806712962963,0
EXT-04872,4871,ISU_ILCC_NMC,ISU_ILCC_NMC/G25C3,50.95967592592593,0
EXT-04873,4872,ISU_ILCC_NMC,ISU_ILCC_NMC/G25C3,58.989328703703706,0
EXT-04874,4873,ISU_ILCC_NMC,ISU_ILCC_NMC/G25C3,66.96626157407407,0
EXT-04875,4874,ISU_ILCC_NMC,ISU_ILCC_NMC/G25C3,74.95625,0
EXT-04876,4875,ISU_ILCC_NMC,ISU_ILCC_NMC/G25C3,83.13153935185186,0
EXT-04877,4876,ISU_ILCC_NMC,ISU_ILCC_NMC/G25C3,91.13510416666666,0
EXT-04878,4877,ISU_ILCC_NMC,ISU_ILCC_NMC/G25C3,99.17148148148148,0
EXT-04879,4878,ISU_ILCC_NMC,ISU_ILCC_NMC/G25C3,107.12614583333334,0
EXT-04880,4879,ISU_ILCC_NMC,ISU_ILCC_NMC/G25C3,115.17587962962963,0
EXT-04881,4880,ISU_ILCC_NMC,ISU_ILCC_NMC/G25C3,123.21568287037037,0
EXT-04882,4881,ISU_ILCC_NMC,ISU_ILCC_NMC/G25C3,131.17931712962962,0
EXT-04883,4882,ISU_ILCC_NMC,ISU_ILCC_NMC/G25C3,139.17841435185184,0
EXT-04884,4883,ISU_ILCC_NMC,ISU_ILCC_NMC/G25C3,147.26030092592592,0
EXT-04885,4884,ISU_ILCC_NMC,ISU_ILCC_NMC/G25C3,155.1686689814815,0
EXT-04886,4885,ISU_ILCC_NMC,ISU_ILCC_NMC/G25C3,163.19462962962962,0
EXT-04887,4886,ISU_ILCC_NMC,ISU_ILCC_NMC/G25C3,171.1773611111111,0
EXT-04888,4887,ISU_ILCC_NMC,ISU_ILCC_NMC/G25C3,179.17153935185186,0
EXT-04889,4888,ISU_ILCC_NMC,ISU_ILCC_NMC/G25C4,41.95806712962963,0
EXT-04890,4889,ISU_ILCC_NMC,ISU_ILCC_NMC/G25C4,50.95967592592593,0
EXT-04891,4890,ISU_ILCC_NMC,ISU_ILCC_NMC/G25C4,58.989328703703706,0
EXT-04892,4891,ISU_ILCC_NMC,ISU_ILCC_NMC/G25C4,66.96626157407407,0
EXT-04893,4892,ISU_ILCC_NMC,ISU_ILCC_NMC/G25C4,74.95625,0
EXT-04894,4893,ISU_ILCC_NMC,ISU_ILCC_NMC/G25C4,83.13153935185186,0
EXT-04895,4894,ISU_ILCC_NMC,ISU_ILCC_NMC/G25C4,91.13510416666666,0
EXT-04896,4895,ISU_ILCC_NMC,ISU_ILCC_NMC/G25C4,99.17148148148148,0
EXT-04897,4896,ISU_ILCC_NMC,ISU_ILCC_NMC/G25C4,107.12614583333334,0
EXT-04898,4897,ISU_ILCC_NMC,ISU_ILCC_NMC/G25C4,115.17587962962963,0
EXT-04899,4898,ISU_ILCC_NMC,ISU_ILCC_NMC/G25C4,123.21568287037037,0
EXT-04900,4899,ISU_ILCC_NMC,ISU_ILCC_NMC/G25C4,131.17931712962962,0
EXT-04901,4900,ISU_ILCC_NMC,ISU_ILCC_NMC/G25C4,139.17841435185184,0
EXT-04902,4901,ISU_ILCC_NMC,ISU_ILCC_NMC/G25C4,147.26030092592592,0
EXT-04903,4902,ISU_ILCC_NMC,ISU_ILCC_NMC/G25C4,155.1686689814815,0
EXT-04904,4903,ISU_ILCC_NMC,ISU_ILCC_NMC/G25C4,163.19462962962962,0
EXT-04905,4904,ISU_ILCC_NMC,ISU_ILCC_NMC/G25C4,171.1773611111111,0
EXT-04906,4905,ISU_ILCC_NMC,ISU_ILCC_NMC/G25C4,179.17153935185186,0
EXT-04907,4906,ISU_ILCC_NMC,ISU_ILCC_NMC/G25C4,203.17347222222222,0
EXT-04908,4907,ISU_ILCC_NMC,ISU_ILCC_NMC/G25C4,211.1725,0
EXT-04909,4908,ISU_ILCC_NMC,ISU_ILCC_NMC/G25C4,219.1754861111111,0
EXT-04910,4909,ISU_ILCC_NMC,ISU_ILCC_NMC/G25C4,227.18175925925925,0
EXT-04911,4910,ISU_ILCC_NMC,ISU_ILCC_NMC/G25C4,235.22105324074073,0
EXT-04912,4911,ISU_ILCC_NMC,ISU_ILCC_NMC/G25C4,252.17930555555554,0
EXT-04913,4912,ISU_ILCC_NMC,ISU_ILCC_NMC/G25C4,260.1817361111111,0
EXT-04914,4913,ISU_ILCC_NMC,ISU_ILCC_NMC/G25C4,268.17405092592594,0
EXT-04915,4914,ISU_ILCC_NMC,ISU_ILCC_NMC/G25C4,276.19002314814816,0
EXT-04916,4915,ISU_ILCC_NMC,ISU_ILCC_NMC/G25C4,284.1723842592593,0
EXT-04917,4916,ISU_ILCC_NMC,ISU_ILCC_NMC/G25C4,292.17237268518517,0
EXT-04918,4917,ISU_ILCC_NMC,ISU_ILCC_NMC/G25C4,300.16962962962964,0
EXT-04919,4918,ISU_ILCC_NMC,ISU_ILCC_NMC/G25C4,308.1680439814815,0
EXT-04920,4919,ISU_ILCC_NMC,ISU_ILCC_NMC/G25C4,317.1694675925926,0
EXT-04921,4920,ISU_ILCC_NMC,ISU_ILCC_NMC/G25C4,326.1728587962963,0
EXT-04922,4921,ISU_ILCC_NMC,ISU_ILCC_NMC/G25C4,334.1708449074074,0
EXT-04923,4922,ISU_ILCC_NMC,ISU_ILCC_NMC/G25C4,342.18072916666665,0
EXT-04924,4923,ISU_ILCC_NMC,ISU_ILCC_NMC/G25C4,352.18733796296294,0
EXT-04925,4924,ISU_ILCC_NMC,ISU_ILCC_NMC/G25C4,360.1728125,0
EXT-04926,4925,ISU_ILCC_NMC,ISU_ILCC_NMC/G25C4,368.20814814814815,0
EXT-04927,4926,ISU_ILCC_NMC,ISU_ILCC_NMC/G25C4,376.1772453703704,0
EXT-04928,4927,ISU_ILCC_NMC,ISU_ILCC_NMC/G25C4,384.2021759259259,0
EXT-04929,4928,ISU_ILCC_NMC,ISU_ILCC_NMC/G25C4,392.1996296296296,0
EXT-04930,4929,ISU_ILCC_NMC,ISU_ILCC_NMC/G26C1,41.958078703703706,0
EXT-04931,4930,ISU_ILCC_NMC,ISU_ILCC_NMC/G26C1,50.9596875,0
EXT-04932,4931,ISU_ILCC_NMC,ISU_ILCC_NMC/G26C1,58.98934027777778,0
EXT-04933,4932,ISU_ILCC_NMC,ISU_ILCC_NMC/G26C1,66.96627314814815,0
EXT-04934,4933,ISU_ILCC_NMC,ISU_ILCC_NMC/G26C1,74.95626157407408,0
EXT-04935,4934,ISU_ILCC_NMC,ISU_ILCC_NMC/G26C1,83.13155092592592,0
EXT-04936,4935,ISU_ILCC_NMC,ISU_ILCC_NMC/G26C1,91.13511574074074,0
EXT-04937,4936,ISU_ILCC_NMC,ISU_ILCC_NMC/G26C1,99.17149305555556,0
EXT-04938,4937,ISU_ILCC_NMC,ISU_ILCC_NMC/G26C1,107.1261574074074,0
EXT-04939,4938,ISU_ILCC_NMC,ISU_ILCC_NMC/G26C1,115.1758912037037,0
EXT-04940,4939,ISU_ILCC_NMC,ISU_ILCC_NMC/G26C1,123.21569444444444,0
EXT-04941,4940,ISU_ILCC_NMC,ISU_ILCC_NMC/G26C1,131.1793287037037,0
EXT-04942,4941,ISU_ILCC_NMC,ISU_ILCC_NMC/G26C1,139.17842592592592,0
EXT-04943,4942,ISU_ILCC_NMC,ISU_ILCC_NMC/G26C1,147.2603125,0
EXT-04944,4943,ISU_ILCC_NMC,ISU_ILCC_NMC/G26C1,155.16868055555557,0
EXT-04945,4944,ISU_ILCC_NMC,ISU_ILCC_NMC/G26C1,163.1946412037037,0
EXT-04946,4945,ISU_ILCC_NMC,ISU_ILCC_NMC/G26C1,171.1773726851852,0
EXT-04947,4946,ISU_ILCC_NMC,ISU_ILCC_NMC/G26C1,179.1715509259259,0
EXT-04948,4947,ISU_ILCC_NMC,ISU_ILCC_NMC/G26C1,203.1734837962963,0
EXT-04949,4948,ISU_ILCC_NMC,ISU_ILCC_NMC/G26C1,211.17251157407406,0
EXT-04950,4949,ISU_ILCC_NMC,ISU_ILCC_NMC/G26C1,219.17549768518518,0
EXT-04951,4950,ISU_ILCC_NMC,ISU_ILCC_NMC/G26C1,227.18177083333333,0
EXT-04952,4951,ISU_ILCC_NMC,ISU_ILCC_NMC/G26C1,235.2210648148148,0
EXT-04953,4952,ISU_ILCC_NMC,ISU_ILCC_NMC/G26C2,41.958078703703706,0
EXT-04954,4953,ISU_ILCC_NMC,ISU_ILCC_NMC/G26C2,50.9596875,0
EXT-04955,4954,ISU_ILCC_NMC,ISU_ILCC_NMC/G26C2,58.98934027777778,0
EXT-04956,4955,ISU_ILCC_NMC,ISU_ILCC_NMC/G26C2,66.96627314814815,0
EXT-04957,4956,ISU_ILCC_NMC,ISU_ILCC_NMC/G26C2,74.95626157407408,0
EXT-04958,4957,ISU_ILCC_NMC,ISU_ILCC_NMC/G26C2,83.13155092592592,0
EXT-04959,4958,ISU_ILCC_NMC,ISU_ILCC_NMC/G26C2,91.13511574074074,0
EXT-04960,4959,ISU_ILCC_NMC,ISU_ILCC_NMC/G26C2,99.17149305555556,0
EXT-04961,4960,ISU_ILCC_NMC,ISU_ILCC_NMC/G26C2,107.1261574074074,0
EXT-04962,4961,ISU_ILCC_NMC,ISU_ILCC_NMC/G26C2,115.1758912037037,0
EXT-04963,4962,ISU_ILCC_NMC,ISU_ILCC_NMC/G26C2,123.21569444444444,0
EXT-04964,4963,ISU_ILCC_NMC,ISU_ILCC_NMC/G26C2,131.1793287037037,0
EXT-04965,4964,ISU_ILCC_NMC,ISU_ILCC_NMC/G26C2,139.17842592592592,0
EXT-04966,4965,ISU_ILCC_NMC,ISU_ILCC_NMC/G26C2,147.2603125,0
EXT-04967,4966,ISU_ILCC_NMC,ISU_ILCC_NMC/G26C2,155.16868055555557,0
EXT-04968,4967,ISU_ILCC_NMC,ISU_ILCC_NMC/G26C2,163.1946412037037,0
EXT-04969,4968,ISU_ILCC_NMC,ISU_ILCC_NMC/G26C2,171.1773726851852,0
EXT-04970,4969,ISU_ILCC_NMC,ISU_ILCC_NMC/G26C2,179.1715509259259,0
EXT-04971,4970,ISU_ILCC_NMC,ISU_ILCC_NMC/G26C2,203.1734837962963,0
EXT-04972,4971,ISU_ILCC_NMC,ISU_ILCC_NMC/G26C2,211.17251157407406,0
EXT-04973,4972,ISU_ILCC_NMC,ISU_ILCC_NMC/G26C2,219.17549768518518,0
EXT-04974,4973,ISU_ILCC_NMC,ISU_ILCC_NMC/G26C2,227.18177083333333,0
EXT-04975,4974,ISU_ILCC_NMC,ISU_ILCC_NMC/G26C2,235.2210648148148,0
EXT-04976,4975,ISU_ILCC_NMC,ISU_ILCC_NMC/G26C2,252.17931712962962,0
EXT-04977,4976,ISU_ILCC_NMC,ISU_ILCC_NMC/G26C2,260.1817476851852,0
EXT-04978,4977,ISU_ILCC_NMC,ISU_ILCC_NMC/G26C2,268.1740625,0
EXT-04979,4978,ISU_ILCC_NMC,ISU_ILCC_NMC/G26C2,276.1900347222222,0
EXT-04980,4979,ISU_ILCC_NMC,ISU_ILCC_NMC/G26C2,284.1723958333333,0
EXT-04981,4980,ISU_ILCC_NMC,ISU_ILCC_NMC/G26C2,292.1723842592593,0
EXT-04982,4981,ISU_ILCC_NMC,ISU_ILCC_NMC/G26C2,300.1696412037037,0
EXT-04983,4982,ISU_ILCC_NMC,ISU_ILCC_NMC/G26C2,308.16805555555555,0
EXT-04984,4983,ISU_ILCC_NMC,ISU_ILCC_NMC/G26C2,317.1694791666667,0
EXT-04985,4984,ISU_ILCC_NMC,ISU_ILCC_NMC/G26C2,326.1728703703704,0
EXT-04986,4985,ISU_ILCC_NMC,ISU_ILCC_NMC/G26C2,334.1708564814815,0
EXT-04987,4986,ISU_ILCC_NMC,ISU_ILCC_NMC/G26C2,342.18074074074076,0
EXT-04988,4987,ISU_ILCC_NMC,ISU_ILCC_NMC/G26C2,352.18734953703705,0
EXT-04989,4988,ISU_ILCC_NMC,ISU_ILCC_NMC/G26C2,360.1728240740741,0
EXT-04990,4989,ISU_ILCC_NMC,ISU_ILCC_NMC/G26C2,368.2081597222222,0
EXT-04991,4990,ISU_ILCC_NMC,ISU_ILCC_NMC/G26C2,376.1772569444444,0
EXT-04992,4991,ISU_ILCC_NMC,ISU_ILCC_NMC/G26C2,384.2021875,0
EXT-04993,4992,ISU_ILCC_NMC,ISU_ILCC_NMC/G26C2,392.1996412037037,0
EXT-04994,4993,ISU_ILCC_NMC,ISU_ILCC_NMC/G26C3,41.958078703703706,0
EXT-04995,4994,ISU_ILCC_NMC,ISU_ILCC_NMC/G26C3,50.9596875,0
EXT-04996,4995,ISU_ILCC_NMC,ISU_ILCC_NMC/G26C3,58.98934027777778,0
EXT-04997,4996,ISU_ILCC_NMC,ISU_ILCC_NMC/G26C3,66.96627314814815,0
EXT-04998,4997,ISU_ILCC_NMC,ISU_ILCC_NMC/G26C3,74.95626157407408,0
EXT-04999,4998,ISU_ILCC_NMC,ISU_ILCC_NMC/G26C3,83.13155092592592,0
EXT-05000,4999,ISU_ILCC_NMC,ISU_ILCC_NMC/G26C3,91.13511574074074,0
EXT-05001,5000,ISU_ILCC_NMC,ISU_ILCC_NMC/G26C3,99.17149305555556,0
EXT-05002,5001,ISU_ILCC_NMC,ISU_ILCC_NMC/G26C3,107.1261574074074,0
EXT-05003,5002,ISU_ILCC_NMC,ISU_ILCC_NMC/G26C3,115.1758912037037,0
EXT-05004,5003,ISU_ILCC_NMC,ISU_ILCC_NMC/G26C3,123.21569444444444,0
EXT-05005,5004,ISU_ILCC_NMC,ISU_ILCC_NMC/G26C3,131.1793287037037,0
EXT-05006,5005,ISU_ILCC_NMC,ISU_ILCC_NMC/G26C3,139.17842592592592,0
EXT-05007,5006,ISU_ILCC_NMC,ISU_ILCC_NMC/G26C3,147.2603125,0
EXT-05008,5007,ISU_ILCC_NMC,ISU_ILCC_NMC/G26C3,155.16868055555557,0
EXT-05009,5008,ISU_ILCC_NMC,ISU_ILCC_NMC/G26C3,163.1946412037037,0
EXT-05010,5009,ISU_ILCC_NMC,ISU_ILCC_NMC/G26C3,171.1773726851852,0
EXT-05011,5010,ISU_ILCC_NMC,ISU_ILCC_NMC/G26C3,179.1715509259259,0
EXT-05012,5011,ISU_ILCC_NMC,ISU_ILCC_NMC/G26C3,203.1734837962963,0
EXT-05013,5012,ISU_ILCC_NMC,ISU_ILCC_NMC/G26C3,211.17251157407406,0
EXT-05014,5013,ISU_ILCC_NMC,ISU_ILCC_NMC/G26C3,219.17549768518518,0
EXT-05015,5014,ISU_ILCC_NMC,ISU_ILCC_NMC/G26C3,227.18177083333333,0
EXT-05016,5015,ISU_ILCC_NMC,ISU_ILCC_NMC/G26C3,235.2210648148148,0
EXT-05017,5016,ISU_ILCC_NMC,ISU_ILCC_NMC/G26C3,252.17931712962962,0
EXT-05018,5017,ISU_ILCC_NMC,ISU_ILCC_NMC/G26C3,260.1817476851852,0
EXT-05019,5018,ISU_ILCC_NMC,ISU_ILCC_NMC/G26C3,268.1740740740741,0
EXT-05020,5019,ISU_ILCC_NMC,ISU_ILCC_NMC/G26C3,276.1900347222222,0
EXT-05021,5020,ISU_ILCC_NMC,ISU_ILCC_NMC/G26C3,284.1723958333333,0
EXT-05022,5021,ISU_ILCC_NMC,ISU_ILCC_NMC/G26C3,292.1723842592593,0
EXT-05023,5022,ISU_ILCC_NMC,ISU_ILCC_NMC/G26C3,300.1696412037037,0
EXT-05024,5023,ISU_ILCC_NMC,ISU_ILCC_NMC/G26C3,308.16805555555555,0
EXT-05025,5024,ISU_ILCC_NMC,ISU_ILCC_NMC/G26C3,317.1694791666667,0
EXT-05026,5025,ISU_ILCC_NMC,ISU_ILCC_NMC/G26C3,326.1728703703704,0
EXT-05027,5026,ISU_ILCC_NMC,ISU_ILCC_NMC/G26C3,334.1708564814815,0
EXT-05028,5027,ISU_ILCC_NMC,ISU_ILCC_NMC/G26C3,342.18074074074076,0
EXT-05029,5028,ISU_ILCC_NMC,ISU_ILCC_NMC/G26C3,352.18734953703705,0
EXT-05030,5029,ISU_ILCC_NMC,ISU_ILCC_NMC/G26C3,360.1728240740741,0
EXT-05031,5030,ISU_ILCC_NMC,ISU_ILCC_NMC/G26C3,368.2081597222222,0
EXT-05032,5031,ISU_ILCC_NMC,ISU_ILCC_NMC/G26C3,376.1772569444444,0
EXT-05033,5032,ISU_ILCC_NMC,ISU_ILCC_NMC/G26C3,384.2021875,0
EXT-05034,5033,ISU_ILCC_NMC,ISU_ILCC_NMC/G26C3,392.1996412037037,0
EXT-05035,5034,ISU_ILCC_NMC,ISU_ILCC_NMC/G26C3,400.17822916666665,0
EXT-05036,5035,ISU_ILCC_NMC,ISU_ILCC_NMC/G26C3,408.17298611111113,0
EXT-05037,5036,ISU_ILCC_NMC,ISU_ILCC_NMC/G26C3,416.1906597222222,0
EXT-05038,5037,ISU_ILCC_NMC,ISU_ILCC_NMC/G26C3,424.22180555555553,0
EXT-05039,5038,ISU_ILCC_NMC,ISU_ILCC_NMC/G26C3,432.19158564814813,0
EXT-05040,5039,ISU_ILCC_NMC,ISU_ILCC_NMC/G26C3,440.18114583333335,0
EXT-05041,5040,ISU_ILCC_NMC,ISU_ILCC_NMC/G26C3,448.21304398148146,0
EXT-05042,5041,ISU_ILCC_NMC,ISU_ILCC_NMC/G26C3,456.29847222222224,0
EXT-05043,5042,ISU_ILCC_NMC,ISU_ILCC_NMC/G26C3,464.29302083333334,0
EXT-05044,5043,ISU_ILCC_NMC,ISU_ILCC_NMC/G26C3,473.3060185185185,0
EXT-05045,5044,ISU_ILCC_NMC,ISU_ILCC_NMC/G26C3,483.17065972222224,0
EXT-05046,5045,ISU_ILCC_NMC,ISU_ILCC_NMC/G26C3,491.24771990740743,0
EXT-05047,5046,ISU_ILCC_NMC,ISU_ILCC_NMC/G26C3,499.188900462963,0
EXT-05048,5047,ISU_ILCC_NMC,ISU_ILCC_NMC/G26C3,508.3820486111111,0
EXT-05049,5048,ISU_ILCC_NMC,ISU_ILCC_NMC/G26C3,516.9914120370371,0
EXT-05050,5049,ISU_ILCC_NMC,ISU_ILCC_NMC/G26C3,525.2972916666666,0
EXT-05051,5050,ISU_ILCC_NMC,ISU_ILCC_NMC/G26C3,534.3540046296297,0
EXT-05052,5051,ISU_ILCC_NMC,ISU_ILCC_NMC/G26C3,542.7732175925926,0
EXT-05053,5052,ISU_ILCC_NMC,ISU_ILCC_NMC/G26C4,41.958078703703706,0
EXT-05054,5053,ISU_ILCC_NMC,ISU_ILCC_NMC/G26C4,50.9596875,0
EXT-05055,5054,ISU_ILCC_NMC,ISU_ILCC_NMC/G26C4,58.98934027777778,0
EXT-05056,5055,ISU_ILCC_NMC,ISU_ILCC_NMC/G26C4,66.96627314814815,0
EXT-05057,5056,ISU_ILCC_NMC,ISU_ILCC_NMC/G26C4,74.95626157407408,0
EXT-05058,5057,ISU_ILCC_NMC,ISU_ILCC_NMC/G26C4,83.13155092592592,0
EXT-05059,5058,ISU_ILCC_NMC,ISU_ILCC_NMC/G26C4,91.13511574074074,0
EXT-05060,5059,ISU_ILCC_NMC,ISU_ILCC_NMC/G26C4,99.17149305555556,0
EXT-05061,5060,ISU_ILCC_NMC,ISU_ILCC_NMC/G26C4,107.1261574074074,0
EXT-05062,5061,ISU_ILCC_NMC,ISU_ILCC_NMC/G26C4,115.1758912037037,0
EXT-05063,5062,ISU_ILCC_NMC,ISU_ILCC_NMC/G26C4,123.21569444444444,0
EXT-05064,5063,ISU_ILCC_NMC,ISU_ILCC_NMC/G26C4,131.1793287037037,0
EXT-05065,5064,ISU_ILCC_NMC,ISU_ILCC_NMC/G26C4,139.17842592592592,0
EXT-05066,5065,ISU_ILCC_NMC,ISU_ILCC_NMC/G26C4,147.2603125,0
EXT-05067,5066,ISU_ILCC_NMC,ISU_ILCC_NMC/G26C4,155.16868055555557,0
EXT-05068,5067,ISU_ILCC_NMC,ISU_ILCC_NMC/G26C4,163.1946412037037,0
EXT-05069,5068,ISU_ILCC_NMC,ISU_ILCC_NMC/G26C4,171.17738425925927,0
EXT-05070,5069,ISU_ILCC_NMC,ISU_ILCC_NMC/G26C4,179.1715509259259,0
EXT-05071,5070,ISU_ILCC_NMC,ISU_ILCC_NMC/G26C4,203.1734837962963,0
EXT-05072,5071,ISU_ILCC_NMC,ISU_ILCC_NMC/G26C4,211.17251157407406,0
EXT-05073,5072,ISU_ILCC_NMC,ISU_ILCC_NMC/G26C4,219.17549768518518,0
EXT-05074,5073,ISU_ILCC_NMC,ISU_ILCC_NMC/G26C4,227.18177083333333,0
EXT-05075,5074,ISU_ILCC_NMC,ISU_ILCC_NMC/G26C4,235.2210648148148,0
EXT-05076,5075,ISU_ILCC_NMC,ISU_ILCC_NMC/G26C4,252.17931712962962,0
EXT-05077,5076,ISU_ILCC_NMC,ISU_ILCC_NMC/G26C4,260.18175925925925,0
EXT-05078,5077,ISU_ILCC_NMC,ISU_ILCC_NMC/G26C4,268.1740740740741,0
EXT-05079,5078,ISU_ILCC_NMC,ISU_ILCC_NMC/G26C4,276.1900347222222,0
EXT-05080,5079,ISU_ILCC_NMC,ISU_ILCC_NMC/G26C4,284.1723958333333,0
EXT-05081,5080,ISU_ILCC_NMC,ISU_ILCC_NMC/G26C4,292.1723842592593,0
EXT-05082,5081,ISU_ILCC_NMC,ISU_ILCC_NMC/G26C4,300.1696412037037,0
EXT-05083,5082,ISU_ILCC_NMC,ISU_ILCC_NMC/G26C4,308.16805555555555,0
EXT-05084,5083,ISU_ILCC_NMC,ISU_ILCC_NMC/G26C4,317.1694791666667,0
EXT-05085,5084,ISU_ILCC_NMC,ISU_ILCC_NMC/G26C4,326.1728703703704,0
EXT-05086,5085,ISU_ILCC_NMC,ISU_ILCC_NMC/G27C1,41.958078703703706,0
EXT-05087,5086,ISU_ILCC_NMC,ISU_ILCC_NMC/G27C1,50.9596875,0
EXT-05088,5087,ISU_ILCC_NMC,ISU_ILCC_NMC/G27C1,58.98934027777778,0
EXT-05089,5088,ISU_ILCC_NMC,ISU_ILCC_NMC/G27C1,66.96627314814815,0
EXT-05090,5089,ISU_ILCC_NMC,ISU_ILCC_NMC/G27C1,74.95626157407408,0
EXT-05091,5090,ISU_ILCC_NMC,ISU_ILCC_NMC/G27C1,83.13155092592592,0
EXT-05092,5091,ISU_ILCC_NMC,ISU_ILCC_NMC/G27C1,91.13511574074074,0
EXT-05093,5092,ISU_ILCC_NMC,ISU_ILCC_NMC/G27C1,99.17149305555556,0
EXT-05094,5093,ISU_ILCC_NMC,ISU_ILCC_NMC/G27C1,107.1261574074074,0
EXT-05095,5094,ISU_ILCC_NMC,ISU_ILCC_NMC/G27C1,115.1758912037037,0
EXT-05096,5095,ISU_ILCC_NMC,ISU_ILCC_NMC/G27C1,123.21569444444444,0
EXT-05097,5096,ISU_ILCC_NMC,ISU_ILCC_NMC/G27C1,131.1793287037037,0
EXT-05098,5097,ISU_ILCC_NMC,ISU_ILCC_NMC/G27C1,139.17842592592592,0
EXT-05099,5098,ISU_ILCC_NMC,ISU_ILCC_NMC/G27C1,147.2603125,0
EXT-05100,5099,ISU_ILCC_NMC,ISU_ILCC_NMC/G27C1,155.16868055555557,0
EXT-05101,5100,ISU_ILCC_NMC,ISU_ILCC_NMC/G27C1,163.19465277777778,0
EXT-05102,5101,ISU_ILCC_NMC,ISU_ILCC_NMC/G27C1,171.17738425925927,0
EXT-05103,5102,ISU_ILCC_NMC,ISU_ILCC_NMC/G27C1,179.1715509259259,0
EXT-05104,5103,ISU_ILCC_NMC,ISU_ILCC_NMC/G27C2,41.958078703703706,0
EXT-05105,5104,ISU_ILCC_NMC,ISU_ILCC_NMC/G27C2,50.9596875,0
EXT-05106,5105,ISU_ILCC_NMC,ISU_ILCC_NMC/G27C2,58.98934027777778,0
EXT-05107,5106,ISU_ILCC_NMC,ISU_ILCC_NMC/G27C2,66.96627314814815,0
EXT-05108,5107,ISU_ILCC_NMC,ISU_ILCC_NMC/G27C2,74.95626157407408,0
EXT-05109,5108,ISU_ILCC_NMC,ISU_ILCC_NMC/G27C2,83.13155092592592,0
EXT-05110,5109,ISU_ILCC_NMC,ISU_ILCC_NMC/G27C2,91.13511574074074,0
EXT-05111,5110,ISU_ILCC_NMC,ISU_ILCC_NMC/G27C2,99.17149305555556,0
EXT-05112,5111,ISU_ILCC_NMC,ISU_ILCC_NMC/G27C2,107.1261574074074,0
EXT-05113,5112,ISU_ILCC_NMC,ISU_ILCC_NMC/G27C2,115.1758912037037,0
EXT-05114,5113,ISU_ILCC_NMC,ISU_ILCC_NMC/G27C2,123.21569444444444,0
EXT-05115,5114,ISU_ILCC_NMC,ISU_ILCC_NMC/G27C2,131.1793287037037,0
EXT-05116,5115,ISU_ILCC_NMC,ISU_ILCC_NMC/G27C2,139.17842592592592,0
EXT-05117,5116,ISU_ILCC_NMC,ISU_ILCC_NMC/G27C2,147.2603125,0
EXT-05118,5117,ISU_ILCC_NMC,ISU_ILCC_NMC/G27C2,155.16868055555557,0
EXT-05119,5118,ISU_ILCC_NMC,ISU_ILCC_NMC/G27C2,163.19465277777778,0
EXT-05120,5119,ISU_ILCC_NMC,ISU_ILCC_NMC/G27C2,171.17738425925927,0
EXT-05121,5120,ISU_ILCC_NMC,ISU_ILCC_NMC/G27C2,179.1715509259259,0
EXT-05122,5121,ISU_ILCC_NMC,ISU_ILCC_NMC/G27C3,41.95806712962963,0
EXT-05123,5122,ISU_ILCC_NMC,ISU_ILCC_NMC/G27C3,50.95967592592593,0
EXT-05124,5123,ISU_ILCC_NMC,ISU_ILCC_NMC/G27C3,58.989328703703706,0
EXT-05125,5124,ISU_ILCC_NMC,ISU_ILCC_NMC/G27C3,66.96626157407407,0
EXT-05126,5125,ISU_ILCC_NMC,ISU_ILCC_NMC/G27C3,74.95625,0
EXT-05127,5126,ISU_ILCC_NMC,ISU_ILCC_NMC/G27C3,83.13153935185186,0
EXT-05128,5127,ISU_ILCC_NMC,ISU_ILCC_NMC/G27C3,91.13510416666666,0
EXT-05129,5128,ISU_ILCC_NMC,ISU_ILCC_NMC/G27C3,99.17148148148148,0
EXT-05130,5129,ISU_ILCC_NMC,ISU_ILCC_NMC/G27C3,107.12614583333334,0
EXT-05131,5130,ISU_ILCC_NMC,ISU_ILCC_NMC/G27C3,115.17587962962963,0
EXT-05132,5131,ISU_ILCC_NMC,ISU_ILCC_NMC/G27C4,41.95806712962963,0
EXT-05133,5132,ISU_ILCC_NMC,ISU_ILCC_NMC/G27C4,50.95967592592593,0
EXT-05134,5133,ISU_ILCC_NMC,ISU_ILCC_NMC/G27C4,58.989328703703706,0
EXT-05135,5134,ISU_ILCC_NMC,ISU_ILCC_NMC/G27C4,66.96626157407407,0
EXT-05136,5135,ISU_ILCC_NMC,ISU_ILCC_NMC/G27C4,74.95625,0
EXT-05137,5136,ISU_ILCC_NMC,ISU_ILCC_NMC/G27C4,83.13153935185186,0
EXT-05138,5137,ISU_ILCC_NMC,ISU_ILCC_NMC/G27C4,91.13510416666666,0
EXT-05139,5138,ISU_ILCC_NMC,ISU_ILCC_NMC/G27C4,99.17148148148148,0
EXT-05140,5139,ISU_ILCC_NMC,ISU_ILCC_NMC/G27C4,107.12614583333334,0
EXT-05141,5140,ISU_ILCC_NMC,ISU_ILCC_NMC/G27C4,115.17587962962963,0
EXT-05142,5141,ISU_ILCC_NMC,ISU_ILCC_NMC/G27C4,123.21568287037037,0
EXT-05143,5142,ISU_ILCC_NMC,ISU_ILCC_NMC/G27C4,131.17931712962962,0
EXT-05144,5143,ISU_ILCC_NMC,ISU_ILCC_NMC/G27C4,139.17841435185184,0
EXT-05145,5144,ISU_ILCC_NMC,ISU_ILCC_NMC/G27C4,147.26030092592592,0
EXT-05146,5145,ISU_ILCC_NMC,ISU_ILCC_NMC/G27C4,155.1686689814815,0
EXT-05147,5146,ISU_ILCC_NMC,ISU_ILCC_NMC/G27C4,163.1946412037037,0
EXT-05148,5147,ISU_ILCC_NMC,ISU_ILCC_NMC/G27C4,171.1773726851852,0
EXT-05149,5148,ISU_ILCC_NMC,ISU_ILCC_NMC/G27C4,179.17153935185186,0
EXT-05150,5149,ISU_ILCC_NMC,ISU_ILCC_NMC/G28C1,41.958078703703706,0
EXT-05151,5150,ISU_ILCC_NMC,ISU_ILCC_NMC/G28C1,50.9596875,0
EXT-05152,5151,ISU_ILCC_NMC,ISU_ILCC_NMC/G28C1,58.98934027777778,0
EXT-05153,5152,ISU_ILCC_NMC,ISU_ILCC_NMC/G28C1,66.96627314814815,0
EXT-05154,5153,ISU_ILCC_NMC,ISU_ILCC_NMC/G28C1,74.95626157407408,0
EXT-05155,5154,ISU_ILCC_NMC,ISU_ILCC_NMC/G28C1,83.13155092592592,0
EXT-05156,5155,ISU_ILCC_NMC,ISU_ILCC_NMC/G28C1,91.13511574074074,0
EXT-05157,5156,ISU_ILCC_NMC,ISU_ILCC_NMC/G28C2,41.958078703703706,0
EXT-05158,5157,ISU_ILCC_NMC,ISU_ILCC_NMC/G28C2,50.9596875,0
EXT-05159,5158,ISU_ILCC_NMC,ISU_ILCC_NMC/G28C2,58.98934027777778,0
EXT-05160,5159,ISU_ILCC_NMC,ISU_ILCC_NMC/G28C2,66.96627314814815,0
EXT-05161,5160,ISU_ILCC_NMC,ISU_ILCC_NMC/G28C2,74.95626157407408,0
EXT-05162,5161,ISU_ILCC_NMC,ISU_ILCC_NMC/G28C2,83.13155092592592,0
EXT-05163,5162,ISU_ILCC_NMC,ISU_ILCC_NMC/G28C2,91.13511574074074,0
EXT-05164,5163,ISU_ILCC_NMC,ISU_ILCC_NMC/G28C2,99.17149305555556,0
EXT-05165,5164,ISU_ILCC_NMC,ISU_ILCC_NMC/G28C2,107.1261574074074,0
EXT-05166,5165,ISU_ILCC_NMC,ISU_ILCC_NMC/G28C2,115.1758912037037,0
EXT-05167,5166,ISU_ILCC_NMC,ISU_ILCC_NMC/G28C3,41.95806712962963,0
EXT-05168,5167,ISU_ILCC_NMC,ISU_ILCC_NMC/G28C3,50.95967592592593,0
EXT-05169,5168,ISU_ILCC_NMC,ISU_ILCC_NMC/G28C3,58.989328703703706,0
EXT-05170,5169,ISU_ILCC_NMC,ISU_ILCC_NMC/G28C3,66.96626157407407,0
EXT-05171,5170,ISU_ILCC_NMC,ISU_ILCC_NMC/G28C3,74.95625,0
EXT-05172,5171,ISU_ILCC_NMC,ISU_ILCC_NMC/G28C3,83.13153935185186,0
EXT-05173,5172,ISU_ILCC_NMC,ISU_ILCC_NMC/G28C3,91.13510416666666,0
EXT-05174,5173,ISU_ILCC_NMC,ISU_ILCC_NMC/G28C3,99.17148148148148,0
EXT-05175,5174,ISU_ILCC_NMC,ISU_ILCC_NMC/G28C3,107.12614583333334,0
EXT-05176,5175,ISU_ILCC_NMC,ISU_ILCC_NMC/G28C3,115.17587962962963,0
EXT-05177,5176,ISU_ILCC_NMC,ISU_ILCC_NMC/G28C4,41.94284722222222,0
EXT-05178,5177,ISU_ILCC_NMC,ISU_ILCC_NMC/G28C4,50.944456018518515,0
EXT-05179,5178,ISU_ILCC_NMC,ISU_ILCC_NMC/G28C4,58.9741087962963,0
EXT-05180,5179,ISU_ILCC_NMC,ISU_ILCC_NMC/G28C4,66.95104166666667,0
EXT-05181,5180,ISU_ILCC_NMC,ISU_ILCC_NMC/G28C4,74.9410300925926,0
EXT-05182,5181,ISU_ILCC_NMC,ISU_ILCC_NMC/G29C1,41.943831018518516,0
EXT-05183,5182,ISU_ILCC_NMC,ISU_ILCC_NMC/G29C1,50.94543981481481,0
EXT-05184,5183,ISU_ILCC_NMC,ISU_ILCC_NMC/G29C1,58.975092592592596,0
EXT-05185,5184,ISU_ILCC_NMC,ISU_ILCC_NMC/G29C1,66.95202546296296,0
EXT-05186,5185,ISU_ILCC_NMC,ISU_ILCC_NMC/G29C1,74.9420138888889,0
EXT-05187,5186,ISU_ILCC_NMC,ISU_ILCC_NMC/G29C1,83.11730324074074,0
EXT-05188,5187,ISU_ILCC_NMC,ISU_ILCC_NMC/G29C1,91.12086805555556,0
EXT-05189,5188,ISU_ILCC_NMC,ISU_ILCC_NMC/G29C1,99.15724537037038,0
EXT-05190,5189,ISU_ILCC_NMC,ISU_ILCC_NMC/G29C1,107.11190972222222,0
EXT-05191,5190,ISU_ILCC_NMC,ISU_ILCC_NMC/G29C2,41.95806712962963,0
EXT-05192,5191,ISU_ILCC_NMC,ISU_ILCC_NMC/G29C2,50.95967592592593,0
EXT-05193,5192,ISU_ILCC_NMC,ISU_ILCC_NMC/G29C2,58.989328703703706,0
EXT-05194,5193,ISU_ILCC_NMC,ISU_ILCC_NMC/G29C2,66.96626157407407,0
EXT-05195,5194,ISU_ILCC_NMC,ISU_ILCC_NMC/G29C2,74.95625,0
EXT-05196,5195,ISU_ILCC_NMC,ISU_ILCC_NMC/G29C2,83.13153935185186,0
EXT-05197,5196,ISU_ILCC_NMC,ISU_ILCC_NMC/G29C2,91.13510416666666,0
EXT-05198,5197,ISU_ILCC_NMC,ISU_ILCC_NMC/G29C2,99.17148148148148,0
EXT-05199,5198,ISU_ILCC_NMC,ISU_ILCC_NMC/G29C2,107.12614583333334,0
EXT-05200,5199,ISU_ILCC_NMC,ISU_ILCC_NMC/G29C2,115.17587962962963,0
EXT-05201,5200,ISU_ILCC_NMC,ISU_ILCC_NMC/G29C2,123.21568287037037,0
EXT-05202,5201,ISU_ILCC_NMC,ISU_ILCC_NMC/G29C2,131.17931712962962,0
EXT-05203,5202,ISU_ILCC_NMC,ISU_ILCC_NMC/G29C2,139.17841435185184,0
EXT-05204,5203,ISU_ILCC_NMC,ISU_ILCC_NMC/G29C2,147.26030092592592,0
EXT-05205,5204,ISU_ILCC_NMC,ISU_ILCC_NMC/G29C2,155.1686689814815,0
EXT-05206,5205,ISU_ILCC_NMC,ISU_ILCC_NMC/G29C2,163.19462962962962,0
EXT-05207,5206,ISU_ILCC_NMC,ISU_ILCC_NMC/G29C2,171.1773611111111,0
EXT-05208,5207,ISU_ILCC_NMC,ISU_ILCC_NMC/G29C2,179.17153935185186,0
EXT-05209,5208,ISU_ILCC_NMC,ISU_ILCC_NMC/G29C3,41.95806712962963,0
EXT-05210,5209,ISU_ILCC_NMC,ISU_ILCC_NMC/G29C3,50.95967592592593,0
EXT-05211,5210,ISU_ILCC_NMC,ISU_ILCC_NMC/G29C3,58.989328703703706,0
EXT-05212,5211,ISU_ILCC_NMC,ISU_ILCC_NMC/G29C3,66.96626157407407,0
EXT-05213,5212,ISU_ILCC_NMC,ISU_ILCC_NMC/G29C3,74.95625,0
EXT-05214,5213,ISU_ILCC_NMC,ISU_ILCC_NMC/G29C3,83.13153935185186,0
EXT-05215,5214,ISU_ILCC_NMC,ISU_ILCC_NMC/G29C3,91.13510416666666,0
EXT-05216,5215,ISU_ILCC_NMC,ISU_ILCC_NMC/G29C3,99.17148148148148,0
EXT-05217,5216,ISU_ILCC_NMC,ISU_ILCC_NMC/G29C3,107.12614583333334,0
EXT-05218,5217,ISU_ILCC_NMC,ISU_ILCC_NMC/G29C3,115.17587962962963,0
EXT-05219,5218,ISU_ILCC_NMC,ISU_ILCC_NMC/G29C3,123.21568287037037,0
EXT-05220,5219,ISU_ILCC_NMC,ISU_ILCC_NMC/G29C3,131.17931712962962,0
EXT-05221,5220,ISU_ILCC_NMC,ISU_ILCC_NMC/G29C3,139.17841435185184,0
EXT-05222,5221,ISU_ILCC_NMC,ISU_ILCC_NMC/G29C4,41.95806712962963,0
EXT-05223,5222,ISU_ILCC_NMC,ISU_ILCC_NMC/G29C4,50.95967592592593,0
EXT-05224,5223,ISU_ILCC_NMC,ISU_ILCC_NMC/G29C4,58.989328703703706,0
EXT-05225,5224,ISU_ILCC_NMC,ISU_ILCC_NMC/G29C4,66.96626157407407,0
EXT-05226,5225,ISU_ILCC_NMC,ISU_ILCC_NMC/G29C4,74.95625,0
EXT-05227,5226,ISU_ILCC_NMC,ISU_ILCC_NMC/G29C4,83.13153935185186,0
EXT-05228,5227,ISU_ILCC_NMC,ISU_ILCC_NMC/G29C4,91.13510416666666,0
EXT-05229,5228,ISU_ILCC_NMC,ISU_ILCC_NMC/G29C4,99.17148148148148,0
EXT-05230,5229,ISU_ILCC_NMC,ISU_ILCC_NMC/G29C4,107.12614583333334,0
EXT-05231,5230,ISU_ILCC_NMC,ISU_ILCC_NMC/G29C4,115.17587962962963,0
EXT-05232,5231,ISU_ILCC_NMC,ISU_ILCC_NMC/G30C1,33.9940162037037,0
EXT-05233,5232,ISU_ILCC_NMC,ISU_ILCC_NMC/G30C1,41.79813657407407,0
EXT-05234,5233,ISU_ILCC_NMC,ISU_ILCC_NMC/G30C1,49.999652777777776,0
EXT-05235,5234,ISU_ILCC_NMC,ISU_ILCC_NMC/G30C1,57.99947916666667,0
EXT-05236,5235,ISU_ILCC_NMC,ISU_ILCC_NMC/G30C1,65.99377314814815,0
EXT-05237,5236,ISU_ILCC_NMC,ISU_ILCC_NMC/G30C1,74.0030324074074,0
EXT-05238,5237,ISU_ILCC_NMC,ISU_ILCC_NMC/G30C1,84.0103587962963,0
EXT-05239,5238,ISU_ILCC_NMC,ISU_ILCC_NMC/G30C1,91.99516203703703,0
EXT-05240,5239,ISU_ILCC_NMC,ISU_ILCC_NMC/G30C1,100.03119212962963,0
EXT-05241,5240,ISU_ILCC_NMC,ISU_ILCC_NMC/G30C1,107.99979166666667,0
EXT-05242,5241,ISU_ILCC_NMC,ISU_ILCC_NMC/G30C1,116.02817129629629,0
EXT-05243,5242,ISU_ILCC_NMC,ISU_ILCC_NMC/G30C2,33.9940162037037,0
EXT-05244,5243,ISU_ILCC_NMC,ISU_ILCC_NMC/G30C2,41.79813657407407,0
EXT-05245,5244,ISU_ILCC_NMC,ISU_ILCC_NMC/G30C2,49.999652777777776,0
EXT-05246,5245,ISU_ILCC_NMC,ISU_ILCC_NMC/G30C2,57.99947916666667,0
EXT-05247,5246,ISU_ILCC_NMC,ISU_ILCC_NMC/G30C2,65.99377314814815,0
EXT-05248,5247,ISU_ILCC_NMC,ISU_ILCC_NMC/G30C2,74.0030324074074,0
EXT-05249,5248,ISU_ILCC_NMC,ISU_ILCC_NMC/G30C2,84.0103587962963,0
EXT-05250,5249,ISU_ILCC_NMC,ISU_ILCC_NMC/G30C2,91.99516203703703,0
EXT-05251,5250,ISU_ILCC_NMC,ISU_ILCC_NMC/G30C2,100.03119212962963,0
EXT-05252,5251,ISU_ILCC_NMC,ISU_ILCC_NMC/G30C2,107.99979166666667,0
EXT-05253,5252,ISU_ILCC_NMC,ISU_ILCC_NMC/G30C2,116.02817129629629,0
EXT-05254,5253,ISU_ILCC_NMC,ISU_ILCC_NMC/G30C2,124.02560185185185,0
EXT-05255,5254,ISU_ILCC_NMC,ISU_ILCC_NMC/G30C3,33.9940162037037,0
EXT-05256,5255,ISU_ILCC_NMC,ISU_ILCC_NMC/G30C3,41.79813657407407,0
EXT-05257,5256,ISU_ILCC_NMC,ISU_ILCC_NMC/G30C3,49.999652777777776,0
EXT-05258,5257,ISU_ILCC_NMC,ISU_ILCC_NMC/G30C3,57.99947916666667,0
EXT-05259,5258,ISU_ILCC_NMC,ISU_ILCC_NMC/G30C3,65.99377314814815,0
EXT-05260,5259,ISU_ILCC_NMC,ISU_ILCC_NMC/G30C3,74.0030324074074,0
EXT-05261,5260,ISU_ILCC_NMC,ISU_ILCC_NMC/G30C3,84.0103587962963,0
EXT-05262,5261,ISU_ILCC_NMC,ISU_ILCC_NMC/G30C3,91.99516203703703,0
EXT-05263,5262,ISU_ILCC_NMC,ISU_ILCC_NMC/G30C3,100.03119212962963,0
EXT-05264,5263,ISU_ILCC_NMC,ISU_ILCC_NMC/G30C3,107.99979166666667,0
EXT-05265,5264,ISU_ILCC_NMC,ISU_ILCC_NMC/G30C3,116.02817129629629,0
EXT-05266,5265,ISU_ILCC_NMC,ISU_ILCC_NMC/G30C3,124.02560185185185,0
EXT-05267,5266,ISU_ILCC_NMC,ISU_ILCC_NMC/G30C3,132.00137731481482,0
EXT-05268,5267,ISU_ILCC_NMC,ISU_ILCC_NMC/G30C3,139.99637731481482,0
EXT-05269,5268,ISU_ILCC_NMC,ISU_ILCC_NMC/G30C3,148.01445601851853,0
EXT-05270,5269,ISU_ILCC_NMC,ISU_ILCC_NMC/G30C3,156.04552083333334,0
EXT-05271,5270,ISU_ILCC_NMC,ISU_ILCC_NMC/G30C3,164.01561342592592,0
EXT-05272,5271,ISU_ILCC_NMC,ISU_ILCC_NMC/G30C3,172.00467592592594,0
EXT-05273,5272,ISU_ILCC_NMC,ISU_ILCC_NMC/G30C4,33.99402777777778,0
EXT-05274,5273,ISU_ILCC_NMC,ISU_ILCC_NMC/G30C4,41.79814814814815,0
EXT-05275,5274,ISU_ILCC_NMC,ISU_ILCC_NMC/G30C4,49.999664351851855,0
EXT-05276,5275,ISU_ILCC_NMC,ISU_ILCC_NMC/G30C4,57.99949074074074,0
EXT-05277,5276,ISU_ILCC_NMC,ISU_ILCC_NMC/G30C4,65.99378472222222,0
EXT-05278,5277,ISU_ILCC_NMC,ISU_ILCC_NMC/G30C4,74.00304398148148,0
EXT-05279,5278,ISU_ILCC_NMC,ISU_ILCC_NMC/G30C4,84.01037037037037,0
EXT-05280,5279,ISU_ILCC_NMC,ISU_ILCC_NMC/G30C4,91.99517361111111,0
EXT-05281,5280,ISU_ILCC_NMC,ISU_ILCC_NMC/G31C1,33.99402777777778,0
EXT-05282,5281,ISU_ILCC_NMC,ISU_ILCC_NMC/G31C1,41.79814814814815,0
EXT-05283,5282,ISU_ILCC_NMC,ISU_ILCC_NMC/G31C1,49.999664351851855,0
EXT-05284,5283,ISU_ILCC_NMC,ISU_ILCC_NMC/G31C1,57.99949074074074,0
EXT-05285,5284,ISU_ILCC_NMC,ISU_ILCC_NMC/G31C1,65.99378472222222,0
EXT-05286,5285,ISU_ILCC_NMC,ISU_ILCC_NMC/G31C1,74.00304398148148,0
EXT-05287,5286,ISU_ILCC_NMC,ISU_ILCC_NMC/G31C1,84.01037037037037,0
EXT-05288,5287,ISU_ILCC_NMC,ISU_ILCC_NMC/G31C1,91.99517361111111,0
EXT-05289,5288,ISU_ILCC_NMC,ISU_ILCC_NMC/G31C1,100.03120370370371,0
EXT-05290,5289,ISU_ILCC_NMC,ISU_ILCC_NMC/G31C1,107.99980324074075,0
EXT-05291,5290,ISU_ILCC_NMC,ISU_ILCC_NMC/G31C1,116.02818287037037,0
EXT-05292,5291,ISU_ILCC_NMC,ISU_ILCC_NMC/G31C1,124.02561342592593,0
EXT-05293,5292,ISU_ILCC_NMC,ISU_ILCC_NMC/G31C1,132.0013888888889,0
EXT-05294,5293,ISU_ILCC_NMC,ISU_ILCC_NMC/G31C2,33.99402777777778,0
EXT-05295,5294,ISU_ILCC_NMC,ISU_ILCC_NMC/G31C2,41.79814814814815,0
EXT-05296,5295,ISU_ILCC_NMC,ISU_ILCC_NMC/G31C2,49.999664351851855,0
EXT-05297,5296,ISU_ILCC_NMC,ISU_ILCC_NMC/G31C2,57.99949074074074,0
EXT-05298,5297,ISU_ILCC_NMC,ISU_ILCC_NMC/G31C2,65.99378472222222,0
EXT-05299,5298,ISU_ILCC_NMC,ISU_ILCC_NMC/G31C2,74.00304398148148,0
EXT-05300,5299,ISU_ILCC_NMC,ISU_ILCC_NMC/G31C2,84.01037037037037,0
EXT-05301,5300,ISU_ILCC_NMC,ISU_ILCC_NMC/G31C2,91.99517361111111,0
EXT-05302,5301,ISU_ILCC_NMC,ISU_ILCC_NMC/G31C2,100.03120370370371,0
EXT-05303,5302,ISU_ILCC_NMC,ISU_ILCC_NMC/G31C2,107.99980324074075,0
EXT-05304,5303,ISU_ILCC_NMC,ISU_ILCC_NMC/G31C2,116.02818287037037,0
EXT-05305,5304,ISU_ILCC_NMC,ISU_ILCC_NMC/G31C3,33.9940162037037,0
EXT-05306,5305,ISU_ILCC_NMC,ISU_ILCC_NMC/G31C3,41.79813657407407,0
EXT-05307,5306,ISU_ILCC_NMC,ISU_ILCC_NMC/G31C3,49.999652777777776,0
EXT-05308,5307,ISU_ILCC_NMC,ISU_ILCC_NMC/G31C3,57.99947916666667,0
EXT-05309,5308,ISU_ILCC_NMC,ISU_ILCC_NMC/G31C3,65.99377314814815,0
EXT-05310,5309,ISU_ILCC_NMC,ISU_ILCC_NMC/G31C3,74.0030324074074,0
EXT-05311,5310,ISU_ILCC_NMC,ISU_ILCC_NMC/G31C3,84.0103587962963,0
EXT-05312,5311,ISU_ILCC_NMC,ISU_ILCC_NMC/G31C3,91.99516203703703,0
EXT-05313,5312,ISU_ILCC_NMC,ISU_ILCC_NMC/G31C3,100.03119212962963,0
EXT-05314,5313,ISU_ILCC_NMC,ISU_ILCC_NMC/G31C3,107.99980324074075,0
EXT-05315,5314,ISU_ILCC_NMC,ISU_ILCC_NMC/G31C3,116.02817129629629,0
EXT-05316,5315,ISU_ILCC_NMC,ISU_ILCC_NMC/G31C4,33.99402777777778,0
EXT-05317,5316,ISU_ILCC_NMC,ISU_ILCC_NMC/G31C4,41.79814814814815,0
EXT-05318,5317,ISU_ILCC_NMC,ISU_ILCC_NMC/G31C4,49.999664351851855,0
EXT-05319,5318,ISU_ILCC_NMC,ISU_ILCC_NMC/G31C4,57.99949074074074,0
EXT-05320,5319,ISU_ILCC_NMC,ISU_ILCC_NMC/G31C4,65.99378472222222,0
EXT-05321,5320,ISU_ILCC_NMC,ISU_ILCC_NMC/G31C4,74.00304398148148,0
EXT-05322,5321,ISU_ILCC_NMC,ISU_ILCC_NMC/G31C4,84.01037037037037,0
EXT-05323,5322,ISU_ILCC_NMC,ISU_ILCC_NMC/G31C4,91.99517361111111,0
EXT-05324,5323,ISU_ILCC_NMC,ISU_ILCC_NMC/G31C4,100.03120370370371,0
EXT-05325,5324,ISU_ILCC_NMC,ISU_ILCC_NMC/G31C4,107.99980324074075,0
EXT-05326,5325,ISU_ILCC_NMC,ISU_ILCC_NMC/G31C4,116.02818287037037,0
EXT-05327,5326,ISU_ILCC_NMC,ISU_ILCC_NMC/G32C1,33.99402777777778,0
EXT-05328,5327,ISU_ILCC_NMC,ISU_ILCC_NMC/G32C1,41.79814814814815,0
EXT-05329,5328,ISU_ILCC_NMC,ISU_ILCC_NMC/G32C1,49.999664351851855,0
EXT-05330,5329,ISU_ILCC_NMC,ISU_ILCC_NMC/G32C1,57.99949074074074,0
EXT-05331,5330,ISU_ILCC_NMC,ISU_ILCC_NMC/G32C1,65.99378472222222,0
EXT-05332,5331,ISU_ILCC_NMC,ISU_ILCC_NMC/G32C1,74.00304398148148,0
EXT-05333,5332,ISU_ILCC_NMC,ISU_ILCC_NMC/G32C1,84.01037037037037,0
EXT-05334,5333,ISU_ILCC_NMC,ISU_ILCC_NMC/G32C1,91.99517361111111,0
EXT-05335,5334,ISU_ILCC_NMC,ISU_ILCC_NMC/G32C1,100.03120370370371,0
EXT-05336,5335,ISU_ILCC_NMC,ISU_ILCC_NMC/G32C1,107.99981481481481,0
EXT-05337,5336,ISU_ILCC_NMC,ISU_ILCC_NMC/G32C1,116.02818287037037,0
EXT-05338,5337,ISU_ILCC_NMC,ISU_ILCC_NMC/G32C1,124.02561342592593,0
EXT-05339,5338,ISU_ILCC_NMC,ISU_ILCC_NMC/G32C1,132.0013888888889,0
EXT-05340,5339,ISU_ILCC_NMC,ISU_ILCC_NMC/G32C1,139.9963888888889,0
EXT-05341,5340,ISU_ILCC_NMC,ISU_ILCC_NMC/G32C1,148.01446759259258,0
EXT-05342,5341,ISU_ILCC_NMC,ISU_ILCC_NMC/G32C1,156.04553240740742,0
EXT-05343,5342,ISU_ILCC_NMC,ISU_ILCC_NMC/G32C1,164.015625,0
EXT-05344,5343,ISU_ILCC_NMC,ISU_ILCC_NMC/G32C1,172.0046875,0
EXT-05345,5344,ISU_ILCC_NMC,ISU_ILCC_NMC/G32C1,180.03677083333332,0
EXT-05346,5345,ISU_ILCC_NMC,ISU_ILCC_NMC/G32C1,188.12223379629629,0
EXT-05347,5346,ISU_ILCC_NMC,ISU_ILCC_NMC/G32C2,33.9940162037037,0
EXT-05348,5347,ISU_ILCC_NMC,ISU_ILCC_NMC/G32C2,41.79813657407407,0
EXT-05349,5348,ISU_ILCC_NMC,ISU_ILCC_NMC/G32C2,49.999652777777776,0
EXT-05350,5349,ISU_ILCC_NMC,ISU_ILCC_NMC/G32C2,57.99947916666667,0
EXT-05351,5350,ISU_ILCC_NMC,ISU_ILCC_NMC/G32C2,65.99377314814815,0
EXT-05352,5351,ISU_ILCC_NMC,ISU_ILCC_NMC/G32C2,74.0030324074074,0
EXT-05353,5352,ISU_ILCC_NMC,ISU_ILCC_NMC/G32C2,84.0103587962963,0
EXT-05354,5353,ISU_ILCC_NMC,ISU_ILCC_NMC/G32C2,91.99516203703703,0
EXT-05355,5354,ISU_ILCC_NMC,ISU_ILCC_NMC/G32C2,100.03119212962963,0
EXT-05356,5355,ISU_ILCC_NMC,ISU_ILCC_NMC/G32C2,107.99980324074075,0
EXT-05357,5356,ISU_ILCC_NMC,ISU_ILCC_NMC/G32C2,116.02817129629629,0
EXT-05358,5357,ISU_ILCC_NMC,ISU_ILCC_NMC/G32C2,124.02560185185185,0
EXT-05359,5358,ISU_ILCC_NMC,ISU_ILCC_NMC/G32C2,132.00137731481482,0
EXT-05360,5359,ISU_ILCC_NMC,ISU_ILCC_NMC/G32C2,139.99637731481482,0
EXT-05361,5360,ISU_ILCC_NMC,ISU_ILCC_NMC/G32C2,148.01445601851853,0
EXT-05362,5361,ISU_ILCC_NMC,ISU_ILCC_NMC/G32C3,33.9940162037037,0
EXT-05363,5362,ISU_ILCC_NMC,ISU_ILCC_NMC/G32C3,41.79813657407407,0
EXT-05364,5363,ISU_ILCC_NMC,ISU_ILCC_NMC/G32C3,49.999652777777776,0
EXT-05365,5364,ISU_ILCC_NMC,ISU_ILCC_NMC/G32C3,57.99947916666667,0
EXT-05366,5365,ISU_ILCC_NMC,ISU_ILCC_NMC/G32C3,65.99377314814815,0
EXT-05367,5366,ISU_ILCC_NMC,ISU_ILCC_NMC/G32C3,74.0030324074074,0
EXT-05368,5367,ISU_ILCC_NMC,ISU_ILCC_NMC/G32C3,84.0103587962963,0
EXT-05369,5368,ISU_ILCC_NMC,ISU_ILCC_NMC/G32C3,91.99516203703703,0
EXT-05370,5369,ISU_ILCC_NMC,ISU_ILCC_NMC/G32C3,100.03119212962963,0
EXT-05371,5370,ISU_ILCC_NMC,ISU_ILCC_NMC/G32C3,107.99980324074075,0
EXT-05372,5371,ISU_ILCC_NMC,ISU_ILCC_NMC/G32C3,116.02817129629629,0
EXT-05373,5372,ISU_ILCC_NMC,ISU_ILCC_NMC/G32C3,124.02560185185185,0
EXT-05374,5373,ISU_ILCC_NMC,ISU_ILCC_NMC/G32C3,132.00137731481482,0
EXT-05375,5374,ISU_ILCC_NMC,ISU_ILCC_NMC/G32C3,139.99637731481482,0
EXT-05376,5375,ISU_ILCC_NMC,ISU_ILCC_NMC/G32C3,148.01445601851853,0
EXT-05377,5376,ISU_ILCC_NMC,ISU_ILCC_NMC/G32C3,156.04552083333334,0
EXT-05378,5377,ISU_ILCC_NMC,ISU_ILCC_NMC/G32C3,164.01561342592592,0
EXT-05379,5378,ISU_ILCC_NMC,ISU_ILCC_NMC/G32C3,172.00467592592594,0
EXT-05380,5379,ISU_ILCC_NMC,ISU_ILCC_NMC/G32C4,33.9940162037037,0
EXT-05381,5380,ISU_ILCC_NMC,ISU_ILCC_NMC/G32C4,41.79813657407407,0
EXT-05382,5381,ISU_ILCC_NMC,ISU_ILCC_NMC/G32C4,49.999652777777776,0
EXT-05383,5382,ISU_ILCC_NMC,ISU_ILCC_NMC/G32C4,57.99947916666667,0
EXT-05384,5383,ISU_ILCC_NMC,ISU_ILCC_NMC/G32C4,65.99377314814815,0
EXT-05385,5384,ISU_ILCC_NMC,ISU_ILCC_NMC/G32C4,74.0030324074074,0
EXT-05386,5385,ISU_ILCC_NMC,ISU_ILCC_NMC/G32C4,84.0103587962963,0
EXT-05387,5386,ISU_ILCC_NMC,ISU_ILCC_NMC/G32C4,91.99516203703703,0
EXT-05388,5387,ISU_ILCC_NMC,ISU_ILCC_NMC/G32C4,100.03119212962963,0
EXT-05389,5388,ISU_ILCC_NMC,ISU_ILCC_NMC/G32C4,107.99980324074075,0
EXT-05390,5389,ISU_ILCC_NMC,ISU_ILCC_NMC/G32C4,116.02817129629629,0
EXT-05391,5390,ISU_ILCC_NMC,ISU_ILCC_NMC/G32C4,124.02560185185185,0
EXT-05392,5391,ISU_ILCC_NMC,ISU_ILCC_NMC/G32C4,132.0013888888889,0
EXT-05393,5392,ISU_ILCC_NMC,ISU_ILCC_NMC/G32C4,139.99637731481482,0
EXT-05394,5393,ISU_ILCC_NMC,ISU_ILCC_NMC/G32C4,148.01445601851853,0
EXT-05395,5394,ISU_ILCC_NMC,ISU_ILCC_NMC/G32C4,156.04552083333334,0
EXT-05396,5395,ISU_ILCC_NMC,ISU_ILCC_NMC/G33C1,33.9940162037037,0
EXT-05397,5396,ISU_ILCC_NMC,ISU_ILCC_NMC/G33C1,41.79813657407407,0
EXT-05398,5397,ISU_ILCC_NMC,ISU_ILCC_NMC/G33C1,49.999652777777776,0
EXT-05399,5398,ISU_ILCC_NMC,ISU_ILCC_NMC/G33C1,57.99947916666667,0
EXT-05400,5399,ISU_ILCC_NMC,ISU_ILCC_NMC/G33C1,65.99377314814815,0
EXT-05401,5400,ISU_ILCC_NMC,ISU_ILCC_NMC/G33C1,74.00304398148148,0
EXT-05402,5401,ISU_ILCC_NMC,ISU_ILCC_NMC/G33C1,84.0103587962963,0
EXT-05403,5402,ISU_ILCC_NMC,ISU_ILCC_NMC/G33C1,91.99516203703703,0
EXT-05404,5403,ISU_ILCC_NMC,ISU_ILCC_NMC/G33C1,100.03119212962963,0
EXT-05405,5404,ISU_ILCC_NMC,ISU_ILCC_NMC/G33C1,107.99980324074075,0
EXT-05406,5405,ISU_ILCC_NMC,ISU_ILCC_NMC/G33C1,116.02817129629629,0
EXT-05407,5406,ISU_ILCC_NMC,ISU_ILCC_NMC/G33C1,124.02560185185185,0
EXT-05408,5407,ISU_ILCC_NMC,ISU_ILCC_NMC/G33C1,132.0013888888889,0
EXT-05409,5408,ISU_ILCC_NMC,ISU_ILCC_NMC/G33C1,139.99637731481482,0
EXT-05410,5409,ISU_ILCC_NMC,ISU_ILCC_NMC/G33C1,148.01445601851853,0
EXT-05411,5410,ISU_ILCC_NMC,ISU_ILCC_NMC/G33C1,156.04552083333334,0
EXT-05412,5411,ISU_ILCC_NMC,ISU_ILCC_NMC/G33C1,164.01561342592592,0
EXT-05413,5412,ISU_ILCC_NMC,ISU_ILCC_NMC/G33C1,172.00467592592594,0
EXT-05414,5413,ISU_ILCC_NMC,ISU_ILCC_NMC/G33C1,180.03675925925927,0
EXT-05415,5414,ISU_ILCC_NMC,ISU_ILCC_NMC/G33C2,33.9940162037037,0
EXT-05416,5415,ISU_ILCC_NMC,ISU_ILCC_NMC/G33C2,41.79813657407407,0
EXT-05417,5416,ISU_ILCC_NMC,ISU_ILCC_NMC/G33C2,49.999652777777776,0
EXT-05418,5417,ISU_ILCC_NMC,ISU_ILCC_NMC/G33C2,57.99947916666667,0
EXT-05419,5418,ISU_ILCC_NMC,ISU_ILCC_NMC/G33C2,65.99377314814815,0
EXT-05420,5419,ISU_ILCC_NMC,ISU_ILCC_NMC/G33C2,74.00304398148148,0
EXT-05421,5420,ISU_ILCC_NMC,ISU_ILCC_NMC/G33C2,84.0103587962963,0
EXT-05422,5421,ISU_ILCC_NMC,ISU_ILCC_NMC/G33C2,91.99516203703703,0
EXT-05423,5422,ISU_ILCC_NMC,ISU_ILCC_NMC/G33C2,100.03119212962963,0
EXT-05424,5423,ISU_ILCC_NMC,ISU_ILCC_NMC/G33C2,107.99980324074075,0
EXT-05425,5424,ISU_ILCC_NMC,ISU_ILCC_NMC/G33C2,116.02817129629629,0
EXT-05426,5425,ISU_ILCC_NMC,ISU_ILCC_NMC/G33C2,124.02560185185185,0
EXT-05427,5426,ISU_ILCC_NMC,ISU_ILCC_NMC/G33C2,132.0013888888889,0
EXT-05428,5427,ISU_ILCC_NMC,ISU_ILCC_NMC/G33C2,139.99637731481482,0
EXT-05429,5428,ISU_ILCC_NMC,ISU_ILCC_NMC/G33C2,148.01445601851853,0
EXT-05430,5429,ISU_ILCC_NMC,ISU_ILCC_NMC/G33C2,156.04552083333334,0
EXT-05431,5430,ISU_ILCC_NMC,ISU_ILCC_NMC/G33C3,33.9940162037037,0
EXT-05432,5431,ISU_ILCC_NMC,ISU_ILCC_NMC/G33C3,41.79813657407407,0
EXT-05433,5432,ISU_ILCC_NMC,ISU_ILCC_NMC/G33C3,49.999652777777776,0
EXT-05434,5433,ISU_ILCC_NMC,ISU_ILCC_NMC/G33C3,57.99947916666667,0
EXT-05435,5434,ISU_ILCC_NMC,ISU_ILCC_NMC/G33C3,65.99377314814815,0
EXT-05436,5435,ISU_ILCC_NMC,ISU_ILCC_NMC/G33C3,74.00304398148148,0
EXT-05437,5436,ISU_ILCC_NMC,ISU_ILCC_NMC/G33C3,84.0103587962963,0
EXT-05438,5437,ISU_ILCC_NMC,ISU_ILCC_NMC/G33C3,91.99516203703703,0
EXT-05439,5438,ISU_ILCC_NMC,ISU_ILCC_NMC/G33C3,100.03119212962963,0
EXT-05440,5439,ISU_ILCC_NMC,ISU_ILCC_NMC/G33C3,107.99980324074075,0
EXT-05441,5440,ISU_ILCC_NMC,ISU_ILCC_NMC/G33C3,116.02817129629629,0
EXT-05442,5441,ISU_ILCC_NMC,ISU_ILCC_NMC/G33C3,124.02560185185185,0
EXT-05443,5442,ISU_ILCC_NMC,ISU_ILCC_NMC/G33C3,132.0013888888889,0
EXT-05444,5443,ISU_ILCC_NMC,ISU_ILCC_NMC/G33C3,139.99637731481482,0
EXT-05445,5444,ISU_ILCC_NMC,ISU_ILCC_NMC/G33C3,148.01445601851853,0
EXT-05446,5445,ISU_ILCC_NMC,ISU_ILCC_NMC/G33C3,156.04552083333334,0
EXT-05447,5446,ISU_ILCC_NMC,ISU_ILCC_NMC/G33C3,164.01561342592592,0
EXT-05448,5447,ISU_ILCC_NMC,ISU_ILCC_NMC/G33C3,172.00467592592594,0
EXT-05449,5448,ISU_ILCC_NMC,ISU_ILCC_NMC/G33C3,180.03675925925927,0
EXT-05450,5449,ISU_ILCC_NMC,ISU_ILCC_NMC/G33C3,188.12222222222223,0
EXT-05451,5450,ISU_ILCC_NMC,ISU_ILCC_NMC/G33C3,196.11685185185186,0
EXT-05452,5451,ISU_ILCC_NMC,ISU_ILCC_NMC/G33C4,33.99402777777778,0
EXT-05453,5452,ISU_ILCC_NMC,ISU_ILCC_NMC/G33C4,41.79814814814815,0
EXT-05454,5453,ISU_ILCC_NMC,ISU_ILCC_NMC/G33C4,49.999664351851855,0
EXT-05455,5454,ISU_ILCC_NMC,ISU_ILCC_NMC/G33C4,57.99949074074074,0
EXT-05456,5455,ISU_ILCC_NMC,ISU_ILCC_NMC/G33C4,65.99378472222222,0
EXT-05457,5456,ISU_ILCC_NMC,ISU_ILCC_NMC/G33C4,74.00305555555556,0
EXT-05458,5457,ISU_ILCC_NMC,ISU_ILCC_NMC/G33C4,84.01037037037037,0
EXT-05459,5458,ISU_ILCC_NMC,ISU_ILCC_NMC/G33C4,91.99517361111111,0
EXT-05460,5459,ISU_ILCC_NMC,ISU_ILCC_NMC/G33C4,100.03120370370371,0
EXT-05461,5460,ISU_ILCC_NMC,ISU_ILCC_NMC/G33C4,107.99981481481481,0
EXT-05462,5461,ISU_ILCC_NMC,ISU_ILCC_NMC/G33C4,116.02818287037037,0
EXT-05463,5462,ISU_ILCC_NMC,ISU_ILCC_NMC/G33C4,124.02561342592593,0
EXT-05464,5463,ISU_ILCC_NMC,ISU_ILCC_NMC/G33C4,132.00140046296298,0
EXT-05465,5464,ISU_ILCC_NMC,ISU_ILCC_NMC/G33C4,139.9963888888889,0
EXT-05466,5465,ISU_ILCC_NMC,ISU_ILCC_NMC/G33C4,148.01446759259258,0
EXT-05467,5466,ISU_ILCC_NMC,ISU_ILCC_NMC/G34C1,33.9940162037037,0
EXT-05468,5467,ISU_ILCC_NMC,ISU_ILCC_NMC/G34C1,41.79813657407407,0
EXT-05469,5468,ISU_ILCC_NMC,ISU_ILCC_NMC/G34C1,49.999652777777776,0
EXT-05470,5469,ISU_ILCC_NMC,ISU_ILCC_NMC/G34C1,57.99947916666667,0
EXT-05471,5470,ISU_ILCC_NMC,ISU_ILCC_NMC/G34C1,65.99377314814815,0
EXT-05472,5471,ISU_ILCC_NMC,ISU_ILCC_NMC/G34C1,74.00304398148148,0
EXT-05473,5472,ISU_ILCC_NMC,ISU_ILCC_NMC/G34C1,84.0103587962963,0
EXT-05474,5473,ISU_ILCC_NMC,ISU_ILCC_NMC/G34C1,91.99516203703703,0
EXT-05475,5474,ISU_ILCC_NMC,ISU_ILCC_NMC/G34C1,100.03119212962963,0
EXT-05476,5475,ISU_ILCC_NMC,ISU_ILCC_NMC/G34C1,107.99980324074075,0
EXT-05477,5476,ISU_ILCC_NMC,ISU_ILCC_NMC/G34C1,116.02817129629629,0
EXT-05478,5477,ISU_ILCC_NMC,ISU_ILCC_NMC/G34C1,124.02560185185185,0
EXT-05479,5478,ISU_ILCC_NMC,ISU_ILCC_NMC/G34C1,132.00137731481482,0
EXT-05480,5479,ISU_ILCC_NMC,ISU_ILCC_NMC/G34C1,139.99637731481482,0
EXT-05481,5480,ISU_ILCC_NMC,ISU_ILCC_NMC/G34C1,148.01445601851853,0
EXT-05482,5481,ISU_ILCC_NMC,ISU_ILCC_NMC/G34C1,156.04552083333334,0
EXT-05483,5482,ISU_ILCC_NMC,ISU_ILCC_NMC/G34C1,164.01561342592592,0
EXT-05484,5483,ISU_ILCC_NMC,ISU_ILCC_NMC/G34C1,172.00467592592594,0
EXT-05485,5484,ISU_ILCC_NMC,ISU_ILCC_NMC/G34C1,180.03675925925927,0
EXT-05486,5485,ISU_ILCC_NMC,ISU_ILCC_NMC/G34C1,188.12222222222223,0
EXT-05487,5486,ISU_ILCC_NMC,ISU_ILCC_NMC/G34C1,196.11685185185186,0
EXT-05488,5487,ISU_ILCC_NMC,ISU_ILCC_NMC/G34C1,205.12983796296297,0
EXT-05489,5488,ISU_ILCC_NMC,ISU_ILCC_NMC/G34C1,214.99444444444444,0
EXT-05490,5489,ISU_ILCC_NMC,ISU_ILCC_NMC/G34C1,223.0708912037037,0
EXT-05491,5490,ISU_ILCC_NMC,ISU_ILCC_NMC/G34C2,33.9940162037037,0
EXT-05492,5491,ISU_ILCC_NMC,ISU_ILCC_NMC/G34C2,41.79813657407407,0
EXT-05493,5492,ISU_ILCC_NMC,ISU_ILCC_NMC/G34C2,49.999652777777776,0
EXT-05494,5493,ISU_ILCC_NMC,ISU_ILCC_NMC/G34C2,57.99947916666667,0
EXT-05495,5494,ISU_ILCC_NMC,ISU_ILCC_NMC/G34C2,65.99377314814815,0
EXT-05496,5495,ISU_ILCC_NMC,ISU_ILCC_NMC/G34C2,74.00304398148148,0
EXT-05497,5496,ISU_ILCC_NMC,ISU_ILCC_NMC/G34C2,84.0103587962963,0
EXT-05498,5497,ISU_ILCC_NMC,ISU_ILCC_NMC/G34C2,91.99516203703703,0
EXT-05499,5498,ISU_ILCC_NMC,ISU_ILCC_NMC/G34C2,100.03119212962963,0
EXT-05500,5499,ISU_ILCC_NMC,ISU_ILCC_NMC/G34C2,107.99980324074075,0
EXT-05501,5500,ISU_ILCC_NMC,ISU_ILCC_NMC/G34C2,116.02817129629629,0
EXT-05502,5501,ISU_ILCC_NMC,ISU_ILCC_NMC/G34C2,124.02560185185185,0
EXT-05503,5502,ISU_ILCC_NMC,ISU_ILCC_NMC/G34C2,132.0013888888889,0
EXT-05504,5503,ISU_ILCC_NMC,ISU_ILCC_NMC/G34C2,139.99637731481482,0
EXT-05505,5504,ISU_ILCC_NMC,ISU_ILCC_NMC/G34C2,148.01445601851853,0
EXT-05506,5505,ISU_ILCC_NMC,ISU_ILCC_NMC/G34C2,156.04552083333334,0
EXT-05507,5506,ISU_ILCC_NMC,ISU_ILCC_NMC/G34C2,164.01561342592592,0
EXT-05508,5507,ISU_ILCC_NMC,ISU_ILCC_NMC/G34C2,172.00467592592594,0
EXT-05509,5508,ISU_ILCC_NMC,ISU_ILCC_NMC/G34C2,180.03675925925927,0
EXT-05510,5509,ISU_ILCC_NMC,ISU_ILCC_NMC/G34C2,188.12222222222223,0
EXT-05511,5510,ISU_ILCC_NMC,ISU_ILCC_NMC/G34C2,196.11685185185186,0
EXT-05512,5511,ISU_ILCC_NMC,ISU_ILCC_NMC/G34C2,205.12983796296297,0
EXT-05513,5512,ISU_ILCC_NMC,ISU_ILCC_NMC/G34C2,214.99444444444444,0
EXT-05514,5513,ISU_ILCC_NMC,ISU_ILCC_NMC/G34C2,223.0713773148148,0
EXT-05515,5514,ISU_ILCC_NMC,ISU_ILCC_NMC/G34C3,33.9940162037037,0
EXT-05516,5515,ISU_ILCC_NMC,ISU_ILCC_NMC/G34C3,41.79813657407407,0
EXT-05517,5516,ISU_ILCC_NMC,ISU_ILCC_NMC/G34C3,49.999652777777776,0
EXT-05518,5517,ISU_ILCC_NMC,ISU_ILCC_NMC/G34C3,57.99947916666667,0
EXT-05519,5518,ISU_ILCC_NMC,ISU_ILCC_NMC/G34C3,65.99377314814815,0
EXT-05520,5519,ISU_ILCC_NMC,ISU_ILCC_NMC/G34C3,74.00304398148148,0
EXT-05521,5520,ISU_ILCC_NMC,ISU_ILCC_NMC/G34C3,84.0103587962963,0
EXT-05522,5521,ISU_ILCC_NMC,ISU_ILCC_NMC/G34C3,91.99516203703703,0
EXT-05523,5522,ISU_ILCC_NMC,ISU_ILCC_NMC/G34C3,100.03119212962963,0
EXT-05524,5523,ISU_ILCC_NMC,ISU_ILCC_NMC/G34C3,107.99980324074075,0
EXT-05525,5524,ISU_ILCC_NMC,ISU_ILCC_NMC/G34C3,116.02817129629629,0
EXT-05526,5525,ISU_ILCC_NMC,ISU_ILCC_NMC/G34C3,124.02560185185185,0
EXT-05527,5526,ISU_ILCC_NMC,ISU_ILCC_NMC/G34C3,132.0013888888889,0
EXT-05528,5527,ISU_ILCC_NMC,ISU_ILCC_NMC/G34C3,139.99637731481482,0
EXT-05529,5528,ISU_ILCC_NMC,ISU_ILCC_NMC/G34C3,148.01445601851853,0
EXT-05530,5529,ISU_ILCC_NMC,ISU_ILCC_NMC/G34C3,156.04552083333334,0
EXT-05531,5530,ISU_ILCC_NMC,ISU_ILCC_NMC/G34C3,164.01561342592592,0
EXT-05532,5531,ISU_ILCC_NMC,ISU_ILCC_NMC/G34C3,172.00467592592594,0
EXT-05533,5532,ISU_ILCC_NMC,ISU_ILCC_NMC/G34C3,180.03675925925927,0
EXT-05534,5533,ISU_ILCC_NMC,ISU_ILCC_NMC/G34C3,188.12222222222223,0
EXT-05535,5534,ISU_ILCC_NMC,ISU_ILCC_NMC/G34C3,196.11685185185186,0
EXT-05536,5535,ISU_ILCC_NMC,ISU_ILCC_NMC/G34C4,33.9940162037037,0
EXT-05537,5536,ISU_ILCC_NMC,ISU_ILCC_NMC/G34C4,41.79813657407407,0
EXT-05538,5537,ISU_ILCC_NMC,ISU_ILCC_NMC/G34C4,49.999652777777776,0
EXT-05539,5538,ISU_ILCC_NMC,ISU_ILCC_NMC/G34C4,57.99947916666667,0
EXT-05540,5539,ISU_ILCC_NMC,ISU_ILCC_NMC/G34C4,65.99377314814815,0
EXT-05541,5540,ISU_ILCC_NMC,ISU_ILCC_NMC/G34C4,74.00304398148148,0
EXT-05542,5541,ISU_ILCC_NMC,ISU_ILCC_NMC/G34C4,84.0103587962963,0
EXT-05543,5542,ISU_ILCC_NMC,ISU_ILCC_NMC/G34C4,91.99516203703703,0
EXT-05544,5543,ISU_ILCC_NMC,ISU_ILCC_NMC/G34C4,100.03119212962963,0
EXT-05545,5544,ISU_ILCC_NMC,ISU_ILCC_NMC/G34C4,107.99979166666667,0
EXT-05546,5545,ISU_ILCC_NMC,ISU_ILCC_NMC/G34C4,116.02817129629629,0
EXT-05547,5546,ISU_ILCC_NMC,ISU_ILCC_NMC/G34C4,124.02560185185185,0
EXT-05548,5547,ISU_ILCC_NMC,ISU_ILCC_NMC/G34C4,132.0013888888889,0
EXT-05549,5548,ISU_ILCC_NMC,ISU_ILCC_NMC/G34C4,139.99637731481482,0
EXT-05550,5549,ISU_ILCC_NMC,ISU_ILCC_NMC/G34C4,148.01445601851853,0
EXT-05551,5550,ISU_ILCC_NMC,ISU_ILCC_NMC/G34C4,156.04552083333334,0
EXT-05552,5551,ISU_ILCC_NMC,ISU_ILCC_NMC/G34C4,164.01561342592592,0
EXT-05553,5552,ISU_ILCC_NMC,ISU_ILCC_NMC/G34C4,172.00467592592594,0
EXT-05554,5553,ISU_ILCC_NMC,ISU_ILCC_NMC/G34C4,180.03675925925927,0
EXT-05555,5554,ISU_ILCC_NMC,ISU_ILCC_NMC/G34C4,188.12222222222223,0
EXT-05556,5555,ISU_ILCC_NMC,ISU_ILCC_NMC/G34C4,196.11685185185186,0
EXT-05557,5556,ISU_ILCC_NMC,ISU_ILCC_NMC/G34C4,205.12983796296297,0
EXT-05558,5557,ISU_ILCC_NMC,ISU_ILCC_NMC/G34C4,214.99444444444444,0
EXT-05559,5558,ISU_ILCC_NMC,ISU_ILCC_NMC/G34C4,223.0713773148148,0
EXT-05560,5559,ISU_ILCC_NMC,ISU_ILCC_NMC/G35C1,32.88918981481481,0
EXT-05561,5560,ISU_ILCC_NMC,ISU_ILCC_NMC/G35C1,41.11150462962963,0
EXT-05562,5561,ISU_ILCC_NMC,ISU_ILCC_NMC/G35C1,50.05519675925926,0
EXT-05563,5562,ISU_ILCC_NMC,ISU_ILCC_NMC/G35C1,58.076770833333335,0
EXT-05564,5563,ISU_ILCC_NMC,ISU_ILCC_NMC/G35C1,66.07184027777778,0
EXT-05565,5564,ISU_ILCC_NMC,ISU_ILCC_NMC/G35C1,74.07216435185185,0
EXT-05566,5565,ISU_ILCC_NMC,ISU_ILCC_NMC/G35C1,82.13,0
EXT-05567,5566,ISU_ILCC_NMC,ISU_ILCC_NMC/G35C1,90.08796296296296,0
EXT-05568,5567,ISU_ILCC_NMC,ISU_ILCC_NMC/G35C1,98.14334490740741,0
EXT-05569,5568,ISU_ILCC_NMC,ISU_ILCC_NMC/G35C1,107.07783564814815,0
EXT-05570,5569,ISU_ILCC_NMC,ISU_ILCC_NMC/G35C1,115.07475694444445,0
EXT-05571,5570,ISU_ILCC_NMC,ISU_ILCC_NMC/G35C1,123.06951388888889,0
EXT-05572,5571,ISU_ILCC_NMC,ISU_ILCC_NMC/G35C1,131.07859953703704,0
EXT-05573,5572,ISU_ILCC_NMC,ISU_ILCC_NMC/G35C1,139.0782638888889,0
EXT-05574,5573,ISU_ILCC_NMC,ISU_ILCC_NMC/G35C1,147.089375,0
EXT-05575,5574,ISU_ILCC_NMC,ISU_ILCC_NMC/G35C1,155.07756944444444,0
EXT-05576,5575,ISU_ILCC_NMC,ISU_ILCC_NMC/G35C1,164.0755787037037,0
EXT-05577,5576,ISU_ILCC_NMC,ISU_ILCC_NMC/G35C2,32.889201388888885,0
EXT-05578,5577,ISU_ILCC_NMC,ISU_ILCC_NMC/G35C2,41.11150462962963,0
EXT-05579,5578,ISU_ILCC_NMC,ISU_ILCC_NMC/G35C2,50.05519675925926,0
EXT-05580,5579,ISU_ILCC_NMC,ISU_ILCC_NMC/G35C2,58.076770833333335,0
EXT-05581,5580,ISU_ILCC_NMC,ISU_ILCC_NMC/G35C2,66.07185185185185,0
EXT-05582,5581,ISU_ILCC_NMC,ISU_ILCC_NMC/G35C3,32.889201388888885,0
EXT-05583,5582,ISU_ILCC_NMC,ISU_ILCC_NMC/G35C3,41.1115162037037,0
EXT-05584,5583,ISU_ILCC_NMC,ISU_ILCC_NMC/G35C3,50.05519675925926,0
EXT-05585,5584,ISU_ILCC_NMC,ISU_ILCC_NMC/G35C3,58.076770833333335,0
EXT-05586,5585,ISU_ILCC_NMC,ISU_ILCC_NMC/G35C3,66.07185185185185,0
EXT-05587,5586,ISU_ILCC_NMC,ISU_ILCC_NMC/G35C3,74.07216435185185,0
EXT-05588,5587,ISU_ILCC_NMC,ISU_ILCC_NMC/G35C3,82.13,0
EXT-05589,5588,ISU_ILCC_NMC,ISU_ILCC_NMC/G35C3,90.08796296296296,0
EXT-05590,5589,ISU_ILCC_NMC,ISU_ILCC_NMC/G35C3,98.14334490740741,0
EXT-05591,5590,ISU_ILCC_NMC,ISU_ILCC_NMC/G35C3,107.07784722222222,0
EXT-05592,5591,ISU_ILCC_NMC,ISU_ILCC_NMC/G35C4,32.889201388888885,0
EXT-05593,5592,ISU_ILCC_NMC,ISU_ILCC_NMC/G35C4,41.1115162037037,0
EXT-05594,5593,ISU_ILCC_NMC,ISU_ILCC_NMC/G35C4,50.05519675925926,0
EXT-05595,5594,ISU_ILCC_NMC,ISU_ILCC_NMC/G35C4,58.076770833333335,0
EXT-05596,5595,ISU_ILCC_NMC,ISU_ILCC_NMC/G35C4,66.07185185185185,0
EXT-05597,5596,ISU_ILCC_NMC,ISU_ILCC_NMC/G35C4,74.07216435185185,0
EXT-05598,5597,ISU_ILCC_NMC,ISU_ILCC_NMC/G35C4,82.13,0
EXT-05599,5598,ISU_ILCC_NMC,ISU_ILCC_NMC/G35C4,90.08796296296296,0
EXT-05600,5599,ISU_ILCC_NMC,ISU_ILCC_NMC/G36C1,32.958333333333336,0
EXT-05601,5600,ISU_ILCC_NMC,ISU_ILCC_NMC/G36C1,41.00420138888889,0
EXT-05602,5601,ISU_ILCC_NMC,ISU_ILCC_NMC/G36C1,49.12740740740741,0
EXT-05603,5602,ISU_ILCC_NMC,ISU_ILCC_NMC/G36C1,57.148981481481485,0
EXT-05604,5603,ISU_ILCC_NMC,ISU_ILCC_NMC/G36C1,65.1440625,0
EXT-05605,5604,ISU_ILCC_NMC,ISU_ILCC_NMC/G36C1,73.144375,0
EXT-05606,5605,ISU_ILCC_NMC,ISU_ILCC_NMC/G36C1,81.20221064814815,0
EXT-05607,5606,ISU_ILCC_NMC,ISU_ILCC_NMC/G36C1,89.1601736111111,0
EXT-05608,5607,ISU_ILCC_NMC,ISU_ILCC_NMC/G36C1,97.21555555555555,0
EXT-05609,5608,ISU_ILCC_NMC,ISU_ILCC_NMC/G36C1,106.15005787037038,0
EXT-05610,5609,ISU_ILCC_NMC,ISU_ILCC_NMC/G36C1,114.14696759259259,0
EXT-05611,5610,ISU_ILCC_NMC,ISU_ILCC_NMC/G36C2,32.889201388888885,0
EXT-05612,5611,ISU_ILCC_NMC,ISU_ILCC_NMC/G36C2,41.1115162037037,0
EXT-05613,5612,ISU_ILCC_NMC,ISU_ILCC_NMC/G36C2,50.05519675925926,0
EXT-05614,5613,ISU_ILCC_NMC,ISU_ILCC_NMC/G36C2,58.076770833333335,0
EXT-05615,5614,ISU_ILCC_NMC,ISU_ILCC_NMC/G36C2,66.07185185185185,0
EXT-05616,5615,ISU_ILCC_NMC,ISU_ILCC_NMC/G36C2,74.07216435185185,0
EXT-05617,5616,ISU_ILCC_NMC,ISU_ILCC_NMC/G36C2,82.13,0
EXT-05618,5617,ISU_ILCC_NMC,ISU_ILCC_NMC/G36C2,90.08796296296296,0
EXT-05619,5618,ISU_ILCC_NMC,ISU_ILCC_NMC/G36C2,98.14335648148148,0
EXT-05620,5619,ISU_ILCC_NMC,ISU_ILCC_NMC/G36C2,107.07784722222222,0
EXT-05621,5620,ISU_ILCC_NMC,ISU_ILCC_NMC/G36C2,115.07475694444445,0
EXT-05622,5621,ISU_ILCC_NMC,ISU_ILCC_NMC/G36C2,123.06951388888889,0
EXT-05623,5622,ISU_ILCC_NMC,ISU_ILCC_NMC/G36C2,131.07859953703704,0
EXT-05624,5623,ISU_ILCC_NMC,ISU_ILCC_NMC/G36C3,32.88918981481481,0
EXT-05625,5624,ISU_ILCC_NMC,ISU_ILCC_NMC/G36C3,41.11150462962963,0
EXT-05626,5625,ISU_ILCC_NMC,ISU_ILCC_NMC/G36C3,50.05519675925926,0
EXT-05627,5626,ISU_ILCC_NMC,ISU_ILCC_NMC/G36C3,58.076770833333335,0
EXT-05628,5627,ISU_ILCC_NMC,ISU_ILCC_NMC/G36C3,66.07184027777778,0
EXT-05629,5628,ISU_ILCC_NMC,ISU_ILCC_NMC/G36C3,74.07215277777777,0
EXT-05630,5629,ISU_ILCC_NMC,ISU_ILCC_NMC/G36C3,82.12998842592593,0
EXT-05631,5630,ISU_ILCC_NMC,ISU_ILCC_NMC/G36C3,90.08795138888888,0
EXT-05632,5631,ISU_ILCC_NMC,ISU_ILCC_NMC/G36C3,98.14334490740741,0
EXT-05633,5632,ISU_ILCC_NMC,ISU_ILCC_NMC/G36C3,107.07783564814815,0
EXT-05634,5633,ISU_ILCC_NMC,ISU_ILCC_NMC/G36C3,115.07475694444445,0
EXT-05635,5634,ISU_ILCC_NMC,ISU_ILCC_NMC/G36C3,123.06950231481481,0
EXT-05636,5635,ISU_ILCC_NMC,ISU_ILCC_NMC/G36C3,131.07858796296296,0
EXT-05637,5636,ISU_ILCC_NMC,ISU_ILCC_NMC/G36C3,139.0782638888889,0
EXT-05638,5637,ISU_ILCC_NMC,ISU_ILCC_NMC/G36C3,147.08936342592594,0
EXT-05639,5638,ISU_ILCC_NMC,ISU_ILCC_NMC/G36C4,32.88918981481481,0
EXT-05640,5639,ISU_ILCC_NMC,ISU_ILCC_NMC/G36C4,41.11150462962963,0
EXT-05641,5640,ISU_ILCC_NMC,ISU_ILCC_NMC/G36C4,50.05519675925926,0
EXT-05642,5641,ISU_ILCC_NMC,ISU_ILCC_NMC/G36C4,58.076770833333335,0
EXT-05643,5642,ISU_ILCC_NMC,ISU_ILCC_NMC/G37C1,32.88918981481481,0
EXT-05644,5643,ISU_ILCC_NMC,ISU_ILCC_NMC/G37C1,41.11150462962963,0
EXT-05645,5644,ISU_ILCC_NMC,ISU_ILCC_NMC/G37C1,50.05519675925926,0
EXT-05646,5645,ISU_ILCC_NMC,ISU_ILCC_NMC/G37C1,58.076770833333335,0
EXT-05647,5646,ISU_ILCC_NMC,ISU_ILCC_NMC/G37C1,66.07184027777778,0
EXT-05648,5647,ISU_ILCC_NMC,ISU_ILCC_NMC/G37C1,74.07215277777777,0
EXT-05649,5648,ISU_ILCC_NMC,ISU_ILCC_NMC/G37C1,82.12998842592593,0
EXT-05650,5649,ISU_ILCC_NMC,ISU_ILCC_NMC/G37C1,90.08795138888888,0
EXT-05651,5650,ISU_ILCC_NMC,ISU_ILCC_NMC/G37C1,98.14334490740741,0
EXT-05652,5651,ISU_ILCC_NMC,ISU_ILCC_NMC/G37C1,107.07783564814815,0
EXT-05653,5652,ISU_ILCC_NMC,ISU_ILCC_NMC/G37C1,115.07475694444445,0
EXT-05654,5653,ISU_ILCC_NMC,ISU_ILCC_NMC/G37C1,123.06950231481481,0
EXT-05655,5654,ISU_ILCC_NMC,ISU_ILCC_NMC/G37C1,131.07858796296296,0
EXT-05656,5655,ISU_ILCC_NMC,ISU_ILCC_NMC/G37C1,139.0782638888889,0
EXT-05657,5656,ISU_ILCC_NMC,ISU_ILCC_NMC/G37C1,147.08936342592594,0
EXT-05658,5657,ISU_ILCC_NMC,ISU_ILCC_NMC/G37C1,155.07755787037038,0
EXT-05659,5658,ISU_ILCC_NMC,ISU_ILCC_NMC/G37C1,164.0755787037037,0
EXT-05660,5659,ISU_ILCC_NMC,ISU_ILCC_NMC/G37C2,33.031979166666666,0
EXT-05661,5660,ISU_ILCC_NMC,ISU_ILCC_NMC/G37C2,41.15518518518518,0
EXT-05662,5661,ISU_ILCC_NMC,ISU_ILCC_NMC/G37C2,49.176759259259256,0
EXT-05663,5662,ISU_ILCC_NMC,ISU_ILCC_NMC/G37C2,57.1718287037037,0
EXT-05664,5663,ISU_ILCC_NMC,ISU_ILCC_NMC/G37C2,65.1721412037037,0
EXT-05665,5664,ISU_ILCC_NMC,ISU_ILCC_NMC/G37C2,73.22997685185184,0
EXT-05666,5665,ISU_ILCC_NMC,ISU_ILCC_NMC/G37C2,81.18793981481481,0
EXT-05667,5666,ISU_ILCC_NMC,ISU_ILCC_NMC/G37C2,89.24333333333334,0
EXT-05668,5667,ISU_ILCC_NMC,ISU_ILCC_NMC/G37C2,98.17782407407407,0
EXT-05669,5668,ISU_ILCC_NMC,ISU_ILCC_NMC/G37C2,106.17474537037037,0
EXT-05670,5669,ISU_ILCC_NMC,ISU_ILCC_NMC/G37C2,114.16949074074074,0
EXT-05671,5670,ISU_ILCC_NMC,ISU_ILCC_NMC/G37C2,122.17858796296296,0
EXT-05672,5671,ISU_ILCC_NMC,ISU_ILCC_NMC/G37C2,130.1782523148148,0
EXT-05673,5672,ISU_ILCC_NMC,ISU_ILCC_NMC/G37C2,138.18935185185185,0
EXT-05674,5673,ISU_ILCC_NMC,ISU_ILCC_NMC/G37C3,32.88918981481481,0
EXT-05675,5674,ISU_ILCC_NMC,ISU_ILCC_NMC/G37C3,41.11150462962963,0
EXT-05676,5675,ISU_ILCC_NMC,ISU_ILCC_NMC/G37C3,50.05519675925926,0
EXT-05677,5676,ISU_ILCC_NMC,ISU_ILCC_NMC/G37C3,58.076770833333335,0
EXT-05678,5677,ISU_ILCC_NMC,ISU_ILCC_NMC/G37C3,66.07184027777778,0
EXT-05679,5678,ISU_ILCC_NMC,ISU_ILCC_NMC/G37C3,74.07215277777777,0
EXT-05680,5679,ISU_ILCC_NMC,ISU_ILCC_NMC/G37C3,82.13,0
EXT-05681,5680,ISU_ILCC_NMC,ISU_ILCC_NMC/G37C3,90.08795138888888,0
EXT-05682,5681,ISU_ILCC_NMC,ISU_ILCC_NMC/G37C3,98.14334490740741,0
EXT-05683,5682,ISU_ILCC_NMC,ISU_ILCC_NMC/G37C3,107.07783564814815,0
EXT-05684,5683,ISU_ILCC_NMC,ISU_ILCC_NMC/G37C3,115.07475694444445,0
EXT-05685,5684,ISU_ILCC_NMC,ISU_ILCC_NMC/G37C3,123.06950231481481,0
EXT-05686,5685,ISU_ILCC_NMC,ISU_ILCC_NMC/G37C3,131.07859953703704,0
EXT-05687,5686,ISU_ILCC_NMC,ISU_ILCC_NMC/G37C4,33.031979166666666,0
EXT-05688,5687,ISU_ILCC_NMC,ISU_ILCC_NMC/G37C4,41.15518518518518,0
EXT-05689,5688,ISU_ILCC_NMC,ISU_ILCC_NMC/G37C4,49.176759259259256,0
EXT-05690,5689,ISU_ILCC_NMC,ISU_ILCC_NMC/G37C4,57.1718287037037,0
EXT-05691,5690,ISU_ILCC_NMC,ISU_ILCC_NMC/G37C4,65.1721412037037,0
EXT-05692,5691,ISU_ILCC_NMC,ISU_ILCC_NMC/G37C4,73.22998842592592,0
EXT-05693,5692,ISU_ILCC_NMC,ISU_ILCC_NMC/G37C4,81.18793981481481,0
EXT-05694,5693,ISU_ILCC_NMC,ISU_ILCC_NMC/G37C4,89.24333333333334,0
EXT-05695,5694,ISU_ILCC_NMC,ISU_ILCC_NMC/G37C4,98.17782407407407,0
EXT-05696,5695,ISU_ILCC_NMC,ISU_ILCC_NMC/G37C4,106.17474537037037,0
EXT-05697,5696,ISU_ILCC_NMC,ISU_ILCC_NMC/G38C1,32.88918981481481,0
EXT-05698,5697,ISU_ILCC_NMC,ISU_ILCC_NMC/G38C1,41.11150462962963,0
EXT-05699,5698,ISU_ILCC_NMC,ISU_ILCC_NMC/G38C1,50.05519675925926,0
EXT-05700,5699,ISU_ILCC_NMC,ISU_ILCC_NMC/G38C1,58.076770833333335,0
EXT-05701,5700,ISU_ILCC_NMC,ISU_ILCC_NMC/G38C1,66.07184027777778,0
EXT-05702,5701,ISU_ILCC_NMC,ISU_ILCC_NMC/G38C1,74.07215277777777,0
EXT-05703,5702,ISU_ILCC_NMC,ISU_ILCC_NMC/G38C1,82.13,0
EXT-05704,5703,ISU_ILCC_NMC,ISU_ILCC_NMC/G38C1,90.08795138888888,0
EXT-05705,5704,ISU_ILCC_NMC,ISU_ILCC_NMC/G38C1,98.14334490740741,0
EXT-05706,5705,ISU_ILCC_NMC,ISU_ILCC_NMC/G38C2,32.88918981481481,0
EXT-05707,5706,ISU_ILCC_NMC,ISU_ILCC_NMC/G38C2,41.11150462962963,0
EXT-05708,5707,ISU_ILCC_NMC,ISU_ILCC_NMC/G38C2,50.05519675925926,0
EXT-05709,5708,ISU_ILCC_NMC,ISU_ILCC_NMC/G38C2,58.076770833333335,0
EXT-05710,5709,ISU_ILCC_NMC,ISU_ILCC_NMC/G38C2,66.07184027777778,0
EXT-05711,5710,ISU_ILCC_NMC,ISU_ILCC_NMC/G38C2,74.07215277777777,0
EXT-05712,5711,ISU_ILCC_NMC,ISU_ILCC_NMC/G38C2,82.13,0
EXT-05713,5712,ISU_ILCC_NMC,ISU_ILCC_NMC/G38C3,32.88918981481481,0
EXT-05714,5713,ISU_ILCC_NMC,ISU_ILCC_NMC/G38C3,41.11150462962963,0
EXT-05715,5714,ISU_ILCC_NMC,ISU_ILCC_NMC/G38C3,50.05519675925926,0
EXT-05716,5715,ISU_ILCC_NMC,ISU_ILCC_NMC/G38C3,58.076770833333335,0
EXT-05717,5716,ISU_ILCC_NMC,ISU_ILCC_NMC/G38C3,66.07184027777778,0
EXT-05718,5717,ISU_ILCC_NMC,ISU_ILCC_NMC/G38C3,74.07216435185185,0
EXT-05719,5718,ISU_ILCC_NMC,ISU_ILCC_NMC/G38C3,82.13,0
EXT-05720,5719,ISU_ILCC_NMC,ISU_ILCC_NMC/G38C3,90.08796296296296,0
EXT-05721,5720,ISU_ILCC_NMC,ISU_ILCC_NMC/G38C3,98.14334490740741,0
EXT-05722,5721,ISU_ILCC_NMC,ISU_ILCC_NMC/G38C3,107.07783564814815,0
EXT-05723,5722,ISU_ILCC_NMC,ISU_ILCC_NMC/G38C3,115.07475694444445,0
EXT-05724,5723,ISU_ILCC_NMC,ISU_ILCC_NMC/G38C3,123.06950231481481,0
EXT-05725,5724,ISU_ILCC_NMC,ISU_ILCC_NMC/G38C4,32.88918981481481,0
EXT-05726,5725,ISU_ILCC_NMC,ISU_ILCC_NMC/G38C4,41.11150462962963,0
EXT-05727,5726,ISU_ILCC_NMC,ISU_ILCC_NMC/G38C4,50.05519675925926,0
EXT-05728,5727,ISU_ILCC_NMC,ISU_ILCC_NMC/G38C4,58.076770833333335,0
EXT-05729,5728,ISU_ILCC_NMC,ISU_ILCC_NMC/G38C4,66.07184027777778,0
EXT-05730,5729,ISU_ILCC_NMC,ISU_ILCC_NMC/G38C4,74.07216435185185,0
EXT-05731,5730,ISU_ILCC_NMC,ISU_ILCC_NMC/G38C4,82.13,0
EXT-05732,5731,ISU_ILCC_NMC,ISU_ILCC_NMC/G38C4,90.08796296296296,0
EXT-05733,5732,ISU_ILCC_NMC,ISU_ILCC_NMC/G38C4,98.14334490740741,0
EXT-05734,5733,ISU_ILCC_NMC,ISU_ILCC_NMC/G38C4,107.07783564814815,0
EXT-05735,5734,ISU_ILCC_NMC,ISU_ILCC_NMC/G38C4,115.07475694444445,0
EXT-05736,5735,ISU_ILCC_NMC,ISU_ILCC_NMC/G38C4,123.06950231481481,0
EXT-05737,5736,ISU_ILCC_NMC,ISU_ILCC_NMC/G38C4,131.07859953703704,0
EXT-05738,5737,ISU_ILCC_NMC,ISU_ILCC_NMC/G38C4,139.0782638888889,0
EXT-05739,5738,ISU_ILCC_NMC,ISU_ILCC_NMC/G38C4,147.08936342592594,0
EXT-05740,5739,ISU_ILCC_NMC,ISU_ILCC_NMC/G39C1,32.889201388888885,0
EXT-05741,5740,ISU_ILCC_NMC,ISU_ILCC_NMC/G39C1,41.11150462962963,0
EXT-05742,5741,ISU_ILCC_NMC,ISU_ILCC_NMC/G39C1,50.05519675925926,0
EXT-05743,5742,ISU_ILCC_NMC,ISU_ILCC_NMC/G39C1,58.076770833333335,0
EXT-05744,5743,ISU_ILCC_NMC,ISU_ILCC_NMC/G39C1,66.07185185185185,0
EXT-05745,5744,ISU_ILCC_NMC,ISU_ILCC_NMC/G39C1,74.07216435185185,0
EXT-05746,5745,ISU_ILCC_NMC,ISU_ILCC_NMC/G39C1,82.13,0
EXT-05747,5746,ISU_ILCC_NMC,ISU_ILCC_NMC/G39C1,90.08796296296296,0
EXT-05748,5747,ISU_ILCC_NMC,ISU_ILCC_NMC/G39C1,98.14334490740741,0
EXT-05749,5748,ISU_ILCC_NMC,ISU_ILCC_NMC/G39C1,107.07783564814815,0
EXT-05750,5749,ISU_ILCC_NMC,ISU_ILCC_NMC/G39C2,32.889201388888885,0
EXT-05751,5750,ISU_ILCC_NMC,ISU_ILCC_NMC/G39C2,41.11150462962963,0
EXT-05752,5751,ISU_ILCC_NMC,ISU_ILCC_NMC/G39C2,50.05519675925926,0
EXT-05753,5752,ISU_ILCC_NMC,ISU_ILCC_NMC/G39C2,58.076770833333335,0
EXT-05754,5753,ISU_ILCC_NMC,ISU_ILCC_NMC/G39C2,66.07185185185185,0
EXT-05755,5754,ISU_ILCC_NMC,ISU_ILCC_NMC/G39C2,74.07216435185185,0
EXT-05756,5755,ISU_ILCC_NMC,ISU_ILCC_NMC/G39C2,82.13,0
EXT-05757,5756,ISU_ILCC_NMC,ISU_ILCC_NMC/G39C2,90.08796296296296,0
EXT-05758,5757,ISU_ILCC_NMC,ISU_ILCC_NMC/G39C2,98.14334490740741,0
EXT-05759,5758,ISU_ILCC_NMC,ISU_ILCC_NMC/G39C2,107.07783564814815,0
EXT-05760,5759,ISU_ILCC_NMC,ISU_ILCC_NMC/G39C3,32.889201388888885,0
EXT-05761,5760,ISU_ILCC_NMC,ISU_ILCC_NMC/G39C3,41.11150462962963,0
EXT-05762,5761,ISU_ILCC_NMC,ISU_ILCC_NMC/G39C3,50.05519675925926,0
EXT-05763,5762,ISU_ILCC_NMC,ISU_ILCC_NMC/G39C3,58.076770833333335,0
EXT-05764,5763,ISU_ILCC_NMC,ISU_ILCC_NMC/G39C3,66.07185185185185,0
EXT-05765,5764,ISU_ILCC_NMC,ISU_ILCC_NMC/G39C3,74.07216435185185,0
EXT-05766,5765,ISU_ILCC_NMC,ISU_ILCC_NMC/G39C3,82.13,0
EXT-05767,5766,ISU_ILCC_NMC,ISU_ILCC_NMC/G39C3,90.08796296296296,0
EXT-05768,5767,ISU_ILCC_NMC,ISU_ILCC_NMC/G39C3,98.14334490740741,0
EXT-05769,5768,ISU_ILCC_NMC,ISU_ILCC_NMC/G39C3,107.07783564814815,0
EXT-05770,5769,ISU_ILCC_NMC,ISU_ILCC_NMC/G39C4,32.889201388888885,0
EXT-05771,5770,ISU_ILCC_NMC,ISU_ILCC_NMC/G39C4,41.11150462962963,0
EXT-05772,5771,ISU_ILCC_NMC,ISU_ILCC_NMC/G39C4,50.05519675925926,0
EXT-05773,5772,ISU_ILCC_NMC,ISU_ILCC_NMC/G39C4,58.076770833333335,0
EXT-05774,5773,ISU_ILCC_NMC,ISU_ILCC_NMC/G39C4,66.07185185185185,0
EXT-05775,5774,ISU_ILCC_NMC,ISU_ILCC_NMC/G39C4,74.07216435185185,0
EXT-05776,5775,ISU_ILCC_NMC,ISU_ILCC_NMC/G39C4,82.13,0
EXT-05777,5776,ISU_ILCC_NMC,ISU_ILCC_NMC/G39C4,90.08796296296296,0
EXT-05778,5777,ISU_ILCC_NMC,ISU_ILCC_NMC/G39C4,98.14334490740741,0
EXT-05779,5778,ISU_ILCC_NMC,ISU_ILCC_NMC/G39C4,107.07783564814815,0
EXT-05780,5779,ISU_ILCC_NMC,ISU_ILCC_NMC/G39C4,115.07475694444445,0
EXT-05781,5780,ISU_ILCC_NMC,ISU_ILCC_NMC/G39C4,123.06950231481481,0
EXT-05782,5781,ISU_ILCC_NMC,ISU_ILCC_NMC/G39C4,131.07859953703704,0
EXT-05783,5782,ISU_ILCC_NMC,ISU_ILCC_NMC/G40C1,32.889201388888885,0
EXT-05784,5783,ISU_ILCC_NMC,ISU_ILCC_NMC/G40C1,41.11150462962963,0
EXT-05785,5784,ISU_ILCC_NMC,ISU_ILCC_NMC/G40C1,50.05519675925926,0
EXT-05786,5785,ISU_ILCC_NMC,ISU_ILCC_NMC/G40C1,58.076770833333335,0
EXT-05787,5786,ISU_ILCC_NMC,ISU_ILCC_NMC/G40C1,66.07185185185185,0
EXT-05788,5787,ISU_ILCC_NMC,ISU_ILCC_NMC/G40C1,74.07216435185185,0
EXT-05789,5788,ISU_ILCC_NMC,ISU_ILCC_NMC/G40C1,82.13,0
EXT-05790,5789,ISU_ILCC_NMC,ISU_ILCC_NMC/G40C1,90.08796296296296,0
EXT-05791,5790,ISU_ILCC_NMC,ISU_ILCC_NMC/G40C1,98.14334490740741,0
EXT-05792,5791,ISU_ILCC_NMC,ISU_ILCC_NMC/G40C1,107.07783564814815,0
EXT-05793,5792,ISU_ILCC_NMC,ISU_ILCC_NMC/G40C1,115.07475694444445,0
EXT-05794,5793,ISU_ILCC_NMC,ISU_ILCC_NMC/G40C1,123.06950231481481,0
EXT-05795,5794,ISU_ILCC_NMC,ISU_ILCC_NMC/G40C1,131.07859953703704,0
EXT-05796,5795,ISU_ILCC_NMC,ISU_ILCC_NMC/G40C1,139.0782638888889,0
EXT-05797,5796,ISU_ILCC_NMC,ISU_ILCC_NMC/G40C1,147.08936342592594,0
EXT-05798,5797,ISU_ILCC_NMC,ISU_ILCC_NMC/G40C1,155.07755787037038,0
EXT-05799,5798,ISU_ILCC_NMC,ISU_ILCC_NMC/G40C1,164.0755787037037,0
EXT-05800,5799,ISU_ILCC_NMC,ISU_ILCC_NMC/G40C1,174.07202546296296,0
EXT-05801,5800,ISU_ILCC_NMC,ISU_ILCC_NMC/G40C1,183.11247685185185,0
EXT-05802,5801,ISU_ILCC_NMC,ISU_ILCC_NMC/G40C1,193.21489583333334,0
EXT-05803,5802,ISU_ILCC_NMC,ISU_ILCC_NMC/G40C1,202.09347222222223,0
EXT-05804,5803,ISU_ILCC_NMC,ISU_ILCC_NMC/G40C1,211.06880787037036,0
EXT-05805,5804,ISU_ILCC_NMC,ISU_ILCC_NMC/G40C1,219.07618055555557,0
EXT-05806,5805,ISU_ILCC_NMC,ISU_ILCC_NMC/G40C1,227.0775462962963,0
EXT-05807,5806,ISU_ILCC_NMC,ISU_ILCC_NMC/G40C1,235.06986111111112,0
EXT-05808,5807,ISU_ILCC_NMC,ISU_ILCC_NMC/G40C1,243.0744212962963,0
EXT-05809,5808,ISU_ILCC_NMC,ISU_ILCC_NMC/G40C1,251.14730324074074,0
EXT-05810,5809,ISU_ILCC_NMC,ISU_ILCC_NMC/G40C1,259.09141203703706,0
EXT-05811,5810,ISU_ILCC_NMC,ISU_ILCC_NMC/G40C1,267.1115625,0
EXT-05812,5811,ISU_ILCC_NMC,ISU_ILCC_NMC/G40C1,275.0741550925926,0
EXT-05813,5812,ISU_ILCC_NMC,ISU_ILCC_NMC/G40C1,283.15212962962966,0
EXT-05814,5813,ISU_ILCC_NMC,ISU_ILCC_NMC/G40C1,291.0723032407407,0
EXT-05815,5814,ISU_ILCC_NMC,ISU_ILCC_NMC/G40C1,299.06761574074073,0
EXT-05816,5815,ISU_ILCC_NMC,ISU_ILCC_NMC/G40C2,32.889201388888885,0
EXT-05817,5816,ISU_ILCC_NMC,ISU_ILCC_NMC/G40C2,41.11150462962963,0
EXT-05818,5817,ISU_ILCC_NMC,ISU_ILCC_NMC/G40C2,50.05519675925926,0
EXT-05819,5818,ISU_ILCC_NMC,ISU_ILCC_NMC/G40C2,58.07678240740741,0
EXT-05820,5819,ISU_ILCC_NMC,ISU_ILCC_NMC/G40C2,66.07185185185185,0
EXT-05821,5820,ISU_ILCC_NMC,ISU_ILCC_NMC/G40C2,74.07216435185185,0
EXT-05822,5821,ISU_ILCC_NMC,ISU_ILCC_NMC/G40C2,82.13,0
EXT-05823,5822,ISU_ILCC_NMC,ISU_ILCC_NMC/G40C2,90.08796296296296,0
EXT-05824,5823,ISU_ILCC_NMC,ISU_ILCC_NMC/G40C2,98.14334490740741,0
EXT-05825,5824,ISU_ILCC_NMC,ISU_ILCC_NMC/G40C2,107.07783564814815,0
EXT-05826,5825,ISU_ILCC_NMC,ISU_ILCC_NMC/G40C2,115.07475694444445,0
EXT-05827,5826,ISU_ILCC_NMC,ISU_ILCC_NMC/G40C2,123.06950231481481,0
EXT-05828,5827,ISU_ILCC_NMC,ISU_ILCC_NMC/G40C2,131.07859953703704,0
EXT-05829,5828,ISU_ILCC_NMC,ISU_ILCC_NMC/G40C2,139.0782638888889,0
EXT-05830,5829,ISU_ILCC_NMC,ISU_ILCC_NMC/G40C2,147.08936342592594,0
EXT-05831,5830,ISU_ILCC_NMC,ISU_ILCC_NMC/G40C2,155.07755787037038,0
EXT-05832,5831,ISU_ILCC_NMC,ISU_ILCC_NMC/G40C2,164.0755787037037,0
EXT-05833,5832,ISU_ILCC_NMC,ISU_ILCC_NMC/G40C2,174.07202546296296,0
EXT-05834,5833,ISU_ILCC_NMC,ISU_ILCC_NMC/G40C2,183.11248842592593,0
EXT-05835,5834,ISU_ILCC_NMC,ISU_ILCC_NMC/G40C2,193.21489583333334,0
EXT-05836,5835,ISU_ILCC_NMC,ISU_ILCC_NMC/G40C2,202.09348379629628,0
EXT-05837,5836,ISU_ILCC_NMC,ISU_ILCC_NMC/G40C2,211.06881944444444,0
EXT-05838,5837,ISU_ILCC_NMC,ISU_ILCC_NMC/G40C2,219.07618055555557,0
EXT-05839,5838,ISU_ILCC_NMC,ISU_ILCC_NMC/G40C2,227.0775462962963,0
EXT-05840,5839,ISU_ILCC_NMC,ISU_ILCC_NMC/G40C2,235.06986111111112,0
EXT-05841,5840,ISU_ILCC_NMC,ISU_ILCC_NMC/G40C2,243.0744212962963,0
EXT-05842,5841,ISU_ILCC_NMC,ISU_ILCC_NMC/G40C2,251.14731481481482,0
EXT-05843,5842,ISU_ILCC_NMC,ISU_ILCC_NMC/G40C2,259.09141203703706,0
EXT-05844,5843,ISU_ILCC_NMC,ISU_ILCC_NMC/G40C3,32.889201388888885,0
EXT-05845,5844,ISU_ILCC_NMC,ISU_ILCC_NMC/G40C3,41.1115162037037,0
EXT-05846,5845,ISU_ILCC_NMC,ISU_ILCC_NMC/G40C3,50.05519675925926,0
EXT-05847,5846,ISU_ILCC_NMC,ISU_ILCC_NMC/G40C3,58.076770833333335,0
EXT-05848,5847,ISU_ILCC_NMC,ISU_ILCC_NMC/G40C3,66.07185185185185,0
EXT-05849,5848,ISU_ILCC_NMC,ISU_ILCC_NMC/G40C3,74.07216435185185,0
EXT-05850,5849,ISU_ILCC_NMC,ISU_ILCC_NMC/G40C3,82.13,0
EXT-05851,5850,ISU_ILCC_NMC,ISU_ILCC_NMC/G40C3,90.08796296296296,0
EXT-05852,5851,ISU_ILCC_NMC,ISU_ILCC_NMC/G40C3,98.14335648148148,0
EXT-05853,5852,ISU_ILCC_NMC,ISU_ILCC_NMC/G40C3,107.07783564814815,0
EXT-05854,5853,ISU_ILCC_NMC,ISU_ILCC_NMC/G40C3,115.07475694444445,0
EXT-05855,5854,ISU_ILCC_NMC,ISU_ILCC_NMC/G40C3,123.06950231481481,0
EXT-05856,5855,ISU_ILCC_NMC,ISU_ILCC_NMC/G40C3,131.07859953703704,0
EXT-05857,5856,ISU_ILCC_NMC,ISU_ILCC_NMC/G40C3,139.0782638888889,0
EXT-05858,5857,ISU_ILCC_NMC,ISU_ILCC_NMC/G40C3,147.08936342592594,0
EXT-05859,5858,ISU_ILCC_NMC,ISU_ILCC_NMC/G40C3,155.07755787037038,0
EXT-05860,5859,ISU_ILCC_NMC,ISU_ILCC_NMC/G40C3,164.0755787037037,0
EXT-05861,5860,ISU_ILCC_NMC,ISU_ILCC_NMC/G40C3,174.07202546296296,0
EXT-05862,5861,ISU_ILCC_NMC,ISU_ILCC_NMC/G40C3,183.11248842592593,0
EXT-05863,5862,ISU_ILCC_NMC,ISU_ILCC_NMC/G40C3,193.21489583333334,0
EXT-05864,5863,ISU_ILCC_NMC,ISU_ILCC_NMC/G40C3,202.09348379629628,0
EXT-05865,5864,ISU_ILCC_NMC,ISU_ILCC_NMC/G40C3,211.06881944444444,0
EXT-05866,5865,ISU_ILCC_NMC,ISU_ILCC_NMC/G40C3,219.07618055555557,0
EXT-05867,5866,ISU_ILCC_NMC,ISU_ILCC_NMC/G40C3,227.0775462962963,0
EXT-05868,5867,ISU_ILCC_NMC,ISU_ILCC_NMC/G40C3,235.06986111111112,0
EXT-05869,5868,ISU_ILCC_NMC,ISU_ILCC_NMC/G40C3,243.0744212962963,0
EXT-05870,5869,ISU_ILCC_NMC,ISU_ILCC_NMC/G40C4,32.889201388888885,0
EXT-05871,5870,ISU_ILCC_NMC,ISU_ILCC_NMC/G40C4,41.1115162037037,0
EXT-05872,5871,ISU_ILCC_NMC,ISU_ILCC_NMC/G40C4,50.05519675925926,0
EXT-05873,5872,ISU_ILCC_NMC,ISU_ILCC_NMC/G40C4,58.076770833333335,0
EXT-05874,5873,ISU_ILCC_NMC,ISU_ILCC_NMC/G40C4,66.07185185185185,0
EXT-05875,5874,ISU_ILCC_NMC,ISU_ILCC_NMC/G40C4,74.07216435185185,0
EXT-05876,5875,ISU_ILCC_NMC,ISU_ILCC_NMC/G40C4,82.13,0
EXT-05877,5876,ISU_ILCC_NMC,ISU_ILCC_NMC/G40C4,90.08796296296296,0
EXT-05878,5877,ISU_ILCC_NMC,ISU_ILCC_NMC/G40C4,98.14335648148148,0
EXT-05879,5878,ISU_ILCC_NMC,ISU_ILCC_NMC/G40C4,107.07784722222222,0
EXT-05880,5879,ISU_ILCC_NMC,ISU_ILCC_NMC/G40C4,115.07475694444445,0
EXT-05881,5880,ISU_ILCC_NMC,ISU_ILCC_NMC/G40C4,123.06951388888889,0
EXT-05882,5881,ISU_ILCC_NMC,ISU_ILCC_NMC/G40C4,131.07859953703704,0
EXT-05883,5882,ISU_ILCC_NMC,ISU_ILCC_NMC/G40C4,139.0782638888889,0
EXT-05884,5883,ISU_ILCC_NMC,ISU_ILCC_NMC/G40C4,147.08936342592594,0
EXT-05885,5884,ISU_ILCC_NMC,ISU_ILCC_NMC/G40C4,155.07755787037038,0
EXT-05886,5885,ISU_ILCC_NMC,ISU_ILCC_NMC/G40C4,164.0755787037037,0
EXT-05887,5886,ISU_ILCC_NMC,ISU_ILCC_NMC/G40C4,174.07202546296296,0
EXT-05888,5887,ISU_ILCC_NMC,ISU_ILCC_NMC/G40C4,183.11248842592593,0
EXT-05889,5888,ISU_ILCC_NMC,ISU_ILCC_NMC/G40C4,193.21489583333334,0
EXT-05890,5889,ISU_ILCC_NMC,ISU_ILCC_NMC/G40C4,202.09348379629628,0
EXT-05891,5890,ISU_ILCC_NMC,ISU_ILCC_NMC/G40C4,211.06881944444444,0
EXT-05892,5891,ISU_ILCC_NMC,ISU_ILCC_NMC/G40C4,219.07618055555557,0
EXT-05893,5892,ISU_ILCC_NMC,ISU_ILCC_NMC/G40C4,227.0775462962963,0
EXT-05894,5893,ISU_ILCC_NMC,ISU_ILCC_NMC/G40C4,235.06986111111112,0
EXT-05895,5894,ISU_ILCC_NMC,ISU_ILCC_NMC/G40C4,243.0744212962963,0
EXT-05896,5895,ISU_ILCC_NMC,ISU_ILCC_NMC/G40C4,251.14731481481482,0
EXT-05897,5896,ISU_ILCC_NMC,ISU_ILCC_NMC/G40C4,259.09141203703706,0
EXT-05898,5897,ISU_ILCC_NMC,ISU_ILCC_NMC/G40C4,267.1115625,0
EXT-05899,5898,ISU_ILCC_NMC,ISU_ILCC_NMC/G40C4,275.0741550925926,0
EXT-05900,5899,ISU_ILCC_NMC,ISU_ILCC_NMC/G40C4,283.1521412037037,0
EXT-05901,5900,ISU_ILCC_NMC,ISU_ILCC_NMC/G40C4,291.0723032407407,0
EXT-05902,5901,ISU_ILCC_NMC,ISU_ILCC_NMC/G40C4,299.06761574074073,0
EXT-05903,5902,ISU_ILCC_NMC,ISU_ILCC_NMC/G41C1,32.889201388888885,0
EXT-05904,5903,ISU_ILCC_NMC,ISU_ILCC_NMC/G41C1,41.1115162037037,0
EXT-05905,5904,ISU_ILCC_NMC,ISU_ILCC_NMC/G41C1,50.05519675925926,0
EXT-05906,5905,ISU_ILCC_NMC,ISU_ILCC_NMC/G41C1,58.07678240740741,0
EXT-05907,5906,ISU_ILCC_NMC,ISU_ILCC_NMC/G41C1,66.07185185185185,0
EXT-05908,5907,ISU_ILCC_NMC,ISU_ILCC_NMC/G41C1,74.07216435185185,0
EXT-05909,5908,ISU_ILCC_NMC,ISU_ILCC_NMC/G41C1,82.13,0
EXT-05910,5909,ISU_ILCC_NMC,ISU_ILCC_NMC/G41C1,90.08796296296296,0
EXT-05911,5910,ISU_ILCC_NMC,ISU_ILCC_NMC/G41C1,98.14335648148148,0
EXT-05912,5911,ISU_ILCC_NMC,ISU_ILCC_NMC/G41C1,107.07784722222222,0
EXT-05913,5912,ISU_ILCC_NMC,ISU_ILCC_NMC/G41C1,115.07475694444445,0
EXT-05914,5913,ISU_ILCC_NMC,ISU_ILCC_NMC/G41C1,123.06951388888889,0
EXT-05915,5914,ISU_ILCC_NMC,ISU_ILCC_NMC/G41C1,131.07859953703704,0
EXT-05916,5915,ISU_ILCC_NMC,ISU_ILCC_NMC/G41C1,139.0782638888889,0
EXT-05917,5916,ISU_ILCC_NMC,ISU_ILCC_NMC/G41C1,147.08936342592594,0
EXT-05918,5917,ISU_ILCC_NMC,ISU_ILCC_NMC/G41C1,155.07755787037038,0
EXT-05919,5918,ISU_ILCC_NMC,ISU_ILCC_NMC/G41C1,164.0755787037037,0
EXT-05920,5919,ISU_ILCC_NMC,ISU_ILCC_NMC/G41C1,174.07202546296296,0
EXT-05921,5920,ISU_ILCC_NMC,ISU_ILCC_NMC/G41C1,183.11248842592593,0
EXT-05922,5921,ISU_ILCC_NMC,ISU_ILCC_NMC/G41C1,193.21489583333334,0
EXT-05923,5922,ISU_ILCC_NMC,ISU_ILCC_NMC/G41C1,202.09348379629628,0
EXT-05924,5923,ISU_ILCC_NMC,ISU_ILCC_NMC/G41C1,211.06881944444444,0
EXT-05925,5924,ISU_ILCC_NMC,ISU_ILCC_NMC/G41C1,219.07618055555557,0
EXT-05926,5925,ISU_ILCC_NMC,ISU_ILCC_NMC/G41C1,227.0775462962963,0
EXT-05927,5926,ISU_ILCC_NMC,ISU_ILCC_NMC/G41C1,235.06986111111112,0
EXT-05928,5927,ISU_ILCC_NMC,ISU_ILCC_NMC/G41C1,243.0744212962963,0
EXT-05929,5928,ISU_ILCC_NMC,ISU_ILCC_NMC/G41C1,251.14731481481482,0
EXT-05930,5929,ISU_ILCC_NMC,ISU_ILCC_NMC/G41C1,259.09141203703706,0
EXT-05931,5930,ISU_ILCC_NMC,ISU_ILCC_NMC/G41C1,267.1115625,0
EXT-05932,5931,ISU_ILCC_NMC,ISU_ILCC_NMC/G41C1,275.0741550925926,0
EXT-05933,5932,ISU_ILCC_NMC,ISU_ILCC_NMC/G41C2,32.88918981481481,0
EXT-05934,5933,ISU_ILCC_NMC,ISU_ILCC_NMC/G41C2,41.11150462962963,0
EXT-05935,5934,ISU_ILCC_NMC,ISU_ILCC_NMC/G41C2,50.05519675925926,0
EXT-05936,5935,ISU_ILCC_NMC,ISU_ILCC_NMC/G41C2,58.076770833333335,0
EXT-05937,5936,ISU_ILCC_NMC,ISU_ILCC_NMC/G41C2,66.07184027777778,0
EXT-05938,5937,ISU_ILCC_NMC,ISU_ILCC_NMC/G41C2,74.07215277777777,0
EXT-05939,5938,ISU_ILCC_NMC,ISU_ILCC_NMC/G41C2,82.13,0
EXT-05940,5939,ISU_ILCC_NMC,ISU_ILCC_NMC/G41C2,90.08795138888888,0
EXT-05941,5940,ISU_ILCC_NMC,ISU_ILCC_NMC/G41C2,98.14334490740741,0
EXT-05942,5941,ISU_ILCC_NMC,ISU_ILCC_NMC/G41C2,107.07783564814815,0
EXT-05943,5942,ISU_ILCC_NMC,ISU_ILCC_NMC/G41C2,115.07474537037037,0
EXT-05944,5943,ISU_ILCC_NMC,ISU_ILCC_NMC/G41C2,123.06950231481481,0
EXT-05945,5944,ISU_ILCC_NMC,ISU_ILCC_NMC/G41C2,131.07858796296296,0
EXT-05946,5945,ISU_ILCC_NMC,ISU_ILCC_NMC/G41C2,139.07825231481482,0
EXT-05947,5946,ISU_ILCC_NMC,ISU_ILCC_NMC/G41C2,147.08936342592594,0
EXT-05948,5947,ISU_ILCC_NMC,ISU_ILCC_NMC/G41C2,155.07755787037038,0
EXT-05949,5948,ISU_ILCC_NMC,ISU_ILCC_NMC/G41C2,164.07556712962963,0
EXT-05950,5949,ISU_ILCC_NMC,ISU_ILCC_NMC/G41C3,32.88918981481481,0
EXT-05951,5950,ISU_ILCC_NMC,ISU_ILCC_NMC/G41C3,41.11150462962963,0
EXT-05952,5951,ISU_ILCC_NMC,ISU_ILCC_NMC/G41C3,50.05519675925926,0
EXT-05953,5952,ISU_ILCC_NMC,ISU_ILCC_NMC/G41C3,58.076770833333335,0
EXT-05954,5953,ISU_ILCC_NMC,ISU_ILCC_NMC/G41C3,66.07184027777778,0
EXT-05955,5954,ISU_ILCC_NMC,ISU_ILCC_NMC/G41C3,74.07215277777777,0
EXT-05956,5955,ISU_ILCC_NMC,ISU_ILCC_NMC/G41C3,82.13,0
EXT-05957,5956,ISU_ILCC_NMC,ISU_ILCC_NMC/G41C3,90.08795138888888,0
EXT-05958,5957,ISU_ILCC_NMC,ISU_ILCC_NMC/G41C3,98.14334490740741,0
EXT-05959,5958,ISU_ILCC_NMC,ISU_ILCC_NMC/G41C3,107.07783564814815,0
EXT-05960,5959,ISU_ILCC_NMC,ISU_ILCC_NMC/G41C3,115.07475694444445,0
EXT-05961,5960,ISU_ILCC_NMC,ISU_ILCC_NMC/G41C3,123.06950231481481,0
EXT-05962,5961,ISU_ILCC_NMC,ISU_ILCC_NMC/G41C3,131.07858796296296,0
EXT-05963,5962,ISU_ILCC_NMC,ISU_ILCC_NMC/G41C3,139.07825231481482,0
EXT-05964,5963,ISU_ILCC_NMC,ISU_ILCC_NMC/G41C3,147.08936342592594,0
EXT-05965,5964,ISU_ILCC_NMC,ISU_ILCC_NMC/G41C3,155.07755787037038,0
EXT-05966,5965,ISU_ILCC_NMC,ISU_ILCC_NMC/G41C3,164.07556712962963,0
EXT-05967,5966,ISU_ILCC_NMC,ISU_ILCC_NMC/G41C3,174.07202546296296,0
EXT-05968,5967,ISU_ILCC_NMC,ISU_ILCC_NMC/G41C3,183.11247685185185,0
EXT-05969,5968,ISU_ILCC_NMC,ISU_ILCC_NMC/G41C3,193.21489583333334,0
EXT-05970,5969,ISU_ILCC_NMC,ISU_ILCC_NMC/G41C3,202.09347222222223,0
EXT-05971,5970,ISU_ILCC_NMC,ISU_ILCC_NMC/G41C3,211.06880787037036,0
EXT-05972,5971,ISU_ILCC_NMC,ISU_ILCC_NMC/G41C3,219.0761689814815,0
EXT-05973,5972,ISU_ILCC_NMC,ISU_ILCC_NMC/G41C3,227.07753472222223,0
EXT-05974,5973,ISU_ILCC_NMC,ISU_ILCC_NMC/G41C4,32.88918981481481,0
EXT-05975,5974,ISU_ILCC_NMC,ISU_ILCC_NMC/G41C4,41.11150462962963,0
EXT-05976,5975,ISU_ILCC_NMC,ISU_ILCC_NMC/G41C4,50.05519675925926,0
EXT-05977,5976,ISU_ILCC_NMC,ISU_ILCC_NMC/G41C4,58.076770833333335,0
EXT-05978,5977,ISU_ILCC_NMC,ISU_ILCC_NMC/G41C4,66.07184027777778,0
EXT-05979,5978,ISU_ILCC_NMC,ISU_ILCC_NMC/G41C4,74.07215277777777,0
EXT-05980,5979,ISU_ILCC_NMC,ISU_ILCC_NMC/G41C4,82.13,0
EXT-05981,5980,ISU_ILCC_NMC,ISU_ILCC_NMC/G41C4,90.08796296296296,0
EXT-05982,5981,ISU_ILCC_NMC,ISU_ILCC_NMC/G41C4,98.14334490740741,0
EXT-05983,5982,ISU_ILCC_NMC,ISU_ILCC_NMC/G41C4,107.07783564814815,0
EXT-05984,5983,ISU_ILCC_NMC,ISU_ILCC_NMC/G41C4,115.07475694444445,0
EXT-05985,5984,ISU_ILCC_NMC,ISU_ILCC_NMC/G41C4,123.06950231481481,0
EXT-05986,5985,ISU_ILCC_NMC,ISU_ILCC_NMC/G41C4,131.07858796296296,0
EXT-05987,5986,ISU_ILCC_NMC,ISU_ILCC_NMC/G41C4,139.07825231481482,0
EXT-05988,5987,ISU_ILCC_NMC,ISU_ILCC_NMC/G41C4,147.08936342592594,0
EXT-05989,5988,ISU_ILCC_NMC,ISU_ILCC_NMC/G41C4,155.07755787037038,0
EXT-05990,5989,ISU_ILCC_NMC,ISU_ILCC_NMC/G41C4,164.07556712962963,0
EXT-05991,5990,ISU_ILCC_NMC,ISU_ILCC_NMC/G41C4,174.07202546296296,0
EXT-05992,5991,ISU_ILCC_NMC,ISU_ILCC_NMC/G41C4,183.11247685185185,0
EXT-05993,5992,ISU_ILCC_NMC,ISU_ILCC_NMC/G41C4,193.21489583333334,0
EXT-05994,5993,ISU_ILCC_NMC,ISU_ILCC_NMC/G41C4,202.09347222222223,0
EXT-05995,5994,ISU_ILCC_NMC,ISU_ILCC_NMC/G41C4,211.06880787037036,0
EXT-05996,5995,ISU_ILCC_NMC,ISU_ILCC_NMC/G41C4,219.0761689814815,0
EXT-05997,5996,ISU_ILCC_NMC,ISU_ILCC_NMC/G41C4,227.07753472222223,0
EXT-05998,5997,ISU_ILCC_NMC,ISU_ILCC_NMC/G42C1,32.88918981481481,0
EXT-05999,5998,ISU_ILCC_NMC,ISU_ILCC_NMC/G42C1,41.11150462962963,0
EXT-06000,5999,ISU_ILCC_NMC,ISU_ILCC_NMC/G42C1,50.05519675925926,0
EXT-06001,6000,ISU_ILCC_NMC,ISU_ILCC_NMC/G42C1,58.076770833333335,0
EXT-06002,6001,ISU_ILCC_NMC,ISU_ILCC_NMC/G42C1,66.07184027777778,0
EXT-06003,6002,ISU_ILCC_NMC,ISU_ILCC_NMC/G42C1,74.07215277777777,0
EXT-06004,6003,ISU_ILCC_NMC,ISU_ILCC_NMC/G42C1,82.13,0
EXT-06005,6004,ISU_ILCC_NMC,ISU_ILCC_NMC/G42C1,90.08795138888888,0
EXT-06006,6005,ISU_ILCC_NMC,ISU_ILCC_NMC/G42C1,98.14334490740741,0
EXT-06007,6006,ISU_ILCC_NMC,ISU_ILCC_NMC/G42C1,107.07783564814815,0
EXT-06008,6007,ISU_ILCC_NMC,ISU_ILCC_NMC/G42C1,115.07475694444445,0
EXT-06009,6008,ISU_ILCC_NMC,ISU_ILCC_NMC/G42C1,123.06950231481481,0
EXT-06010,6009,ISU_ILCC_NMC,ISU_ILCC_NMC/G42C1,131.07858796296296,0
EXT-06011,6010,ISU_ILCC_NMC,ISU_ILCC_NMC/G42C1,139.07825231481482,0
EXT-06012,6011,ISU_ILCC_NMC,ISU_ILCC_NMC/G42C1,147.08936342592594,0
EXT-06013,6012,ISU_ILCC_NMC,ISU_ILCC_NMC/G42C1,155.07755787037038,0
EXT-06014,6013,ISU_ILCC_NMC,ISU_ILCC_NMC/G42C1,164.07556712962963,0
EXT-06015,6014,ISU_ILCC_NMC,ISU_ILCC_NMC/G42C1,174.07202546296296,0
EXT-06016,6015,ISU_ILCC_NMC,ISU_ILCC_NMC/G42C1,183.11247685185185,0
EXT-06017,6016,ISU_ILCC_NMC,ISU_ILCC_NMC/G42C1,193.21489583333334,0
EXT-06018,6017,ISU_ILCC_NMC,ISU_ILCC_NMC/G42C1,202.09347222222223,0
EXT-06019,6018,ISU_ILCC_NMC,ISU_ILCC_NMC/G42C1,211.06880787037036,0
EXT-06020,6019,ISU_ILCC_NMC,ISU_ILCC_NMC/G42C1,219.0761689814815,0
EXT-06021,6020,ISU_ILCC_NMC,ISU_ILCC_NMC/G42C1,227.07753472222223,0
EXT-06022,6021,ISU_ILCC_NMC,ISU_ILCC_NMC/G42C2,32.88918981481481,0
EXT-06023,6022,ISU_ILCC_NMC,ISU_ILCC_NMC/G42C2,41.11150462962963,0
EXT-06024,6023,ISU_ILCC_NMC,ISU_ILCC_NMC/G42C2,50.05519675925926,0
EXT-06025,6024,ISU_ILCC_NMC,ISU_ILCC_NMC/G42C2,58.076770833333335,0
EXT-06026,6025,ISU_ILCC_NMC,ISU_ILCC_NMC/G42C2,66.07184027777778,0
EXT-06027,6026,ISU_ILCC_NMC,ISU_ILCC_NMC/G42C2,74.07215277777777,0
EXT-06028,6027,ISU_ILCC_NMC,ISU_ILCC_NMC/G42C2,82.13,0
EXT-06029,6028,ISU_ILCC_NMC,ISU_ILCC_NMC/G42C2,90.08795138888888,0
EXT-06030,6029,ISU_ILCC_NMC,ISU_ILCC_NMC/G42C2,98.14334490740741,0
EXT-06031,6030,ISU_ILCC_NMC,ISU_ILCC_NMC/G42C2,107.07783564814815,0
EXT-06032,6031,ISU_ILCC_NMC,ISU_ILCC_NMC/G42C2,115.07475694444445,0
EXT-06033,6032,ISU_ILCC_NMC,ISU_ILCC_NMC/G42C2,123.06950231481481,0
EXT-06034,6033,ISU_ILCC_NMC,ISU_ILCC_NMC/G42C2,131.07858796296296,0
EXT-06035,6034,ISU_ILCC_NMC,ISU_ILCC_NMC/G42C2,139.07825231481482,0
EXT-06036,6035,ISU_ILCC_NMC,ISU_ILCC_NMC/G42C2,147.08936342592594,0
EXT-06037,6036,ISU_ILCC_NMC,ISU_ILCC_NMC/G42C2,155.07755787037038,0
EXT-06038,6037,ISU_ILCC_NMC,ISU_ILCC_NMC/G42C2,164.07556712962963,0
EXT-06039,6038,ISU_ILCC_NMC,ISU_ILCC_NMC/G42C2,174.07202546296296,0
EXT-06040,6039,ISU_ILCC_NMC,ISU_ILCC_NMC/G42C2,183.11247685185185,0
EXT-06041,6040,ISU_ILCC_NMC,ISU_ILCC_NMC/G42C2,193.21489583333334,0
EXT-06042,6041,ISU_ILCC_NMC,ISU_ILCC_NMC/G42C2,202.09347222222223,0
EXT-06043,6042,ISU_ILCC_NMC,ISU_ILCC_NMC/G42C2,211.07021990740742,0
EXT-06044,6043,ISU_ILCC_NMC,ISU_ILCC_NMC/G42C2,219.0761689814815,0
EXT-06045,6044,ISU_ILCC_NMC,ISU_ILCC_NMC/G42C2,227.07753472222223,0
EXT-06046,6045,ISU_ILCC_NMC,ISU_ILCC_NMC/G42C3,32.88918981481481,0
EXT-06047,6046,ISU_ILCC_NMC,ISU_ILCC_NMC/G42C3,41.11150462962963,0
EXT-06048,6047,ISU_ILCC_NMC,ISU_ILCC_NMC/G42C3,50.05519675925926,0
EXT-06049,6048,ISU_ILCC_NMC,ISU_ILCC_NMC/G42C3,58.076770833333335,0
EXT-06050,6049,ISU_ILCC_NMC,ISU_ILCC_NMC/G42C3,66.07184027777778,0
EXT-06051,6050,ISU_ILCC_NMC,ISU_ILCC_NMC/G42C3,74.07215277777777,0
EXT-06052,6051,ISU_ILCC_NMC,ISU_ILCC_NMC/G42C3,82.13,0
EXT-06053,6052,ISU_ILCC_NMC,ISU_ILCC_NMC/G42C3,90.08795138888888,0
EXT-06054,6053,ISU_ILCC_NMC,ISU_ILCC_NMC/G42C3,98.14334490740741,0
EXT-06055,6054,ISU_ILCC_NMC,ISU_ILCC_NMC/G42C3,107.07783564814815,0
EXT-06056,6055,ISU_ILCC_NMC,ISU_ILCC_NMC/G42C3,115.07475694444445,0
EXT-06057,6056,ISU_ILCC_NMC,ISU_ILCC_NMC/G42C3,123.06950231481481,0
EXT-06058,6057,ISU_ILCC_NMC,ISU_ILCC_NMC/G42C3,131.07858796296296,0
EXT-06059,6058,ISU_ILCC_NMC,ISU_ILCC_NMC/G42C3,147.0902662037037,0
EXT-06060,6059,ISU_ILCC_NMC,ISU_ILCC_NMC/G42C3,155.07755787037038,0
EXT-06061,6060,ISU_ILCC_NMC,ISU_ILCC_NMC/G42C3,164.07556712962963,0
EXT-06062,6061,ISU_ILCC_NMC,ISU_ILCC_NMC/G42C3,174.07202546296296,0
EXT-06063,6062,ISU_ILCC_NMC,ISU_ILCC_NMC/G42C3,183.11247685185185,0
EXT-06064,6063,ISU_ILCC_NMC,ISU_ILCC_NMC/G42C3,193.21489583333334,0
EXT-06065,6064,ISU_ILCC_NMC,ISU_ILCC_NMC/G42C4,32.88918981481481,0
EXT-06066,6065,ISU_ILCC_NMC,ISU_ILCC_NMC/G42C4,41.11150462962963,0
EXT-06067,6066,ISU_ILCC_NMC,ISU_ILCC_NMC/G42C4,50.05519675925926,0
EXT-06068,6067,ISU_ILCC_NMC,ISU_ILCC_NMC/G42C4,58.076770833333335,0
EXT-06069,6068,ISU_ILCC_NMC,ISU_ILCC_NMC/G42C4,66.07184027777778,0
EXT-06070,6069,ISU_ILCC_NMC,ISU_ILCC_NMC/G42C4,74.07215277777777,0
EXT-06071,6070,ISU_ILCC_NMC,ISU_ILCC_NMC/G42C4,82.13,0
EXT-06072,6071,ISU_ILCC_NMC,ISU_ILCC_NMC/G42C4,90.08795138888888,0
EXT-06073,6072,ISU_ILCC_NMC,ISU_ILCC_NMC/G42C4,98.14334490740741,0
EXT-06074,6073,ISU_ILCC_NMC,ISU_ILCC_NMC/G42C4,107.07783564814815,0
EXT-06075,6074,ISU_ILCC_NMC,ISU_ILCC_NMC/G42C4,115.07475694444445,0
EXT-06076,6075,ISU_ILCC_NMC,ISU_ILCC_NMC/G42C4,123.06950231481481,0
EXT-06077,6076,ISU_ILCC_NMC,ISU_ILCC_NMC/G42C4,131.07858796296296,0
EXT-06078,6077,ISU_ILCC_NMC,ISU_ILCC_NMC/G42C4,139.07825231481482,0
EXT-06079,6078,ISU_ILCC_NMC,ISU_ILCC_NMC/G42C4,147.08936342592594,0
EXT-06080,6079,ISU_ILCC_NMC,ISU_ILCC_NMC/G42C4,155.07755787037038,0
EXT-06081,6080,ISU_ILCC_NMC,ISU_ILCC_NMC/G42C4,164.07556712962963,0
EXT-06082,6081,ISU_ILCC_NMC,ISU_ILCC_NMC/G42C4,174.07202546296296,0
EXT-06083,6082,ISU_ILCC_NMC,ISU_ILCC_NMC/G42C4,183.11247685185185,0
EXT-06084,6083,ISU_ILCC_NMC,ISU_ILCC_NMC/G42C4,193.21489583333334,0
EXT-06085,6084,ISU_ILCC_NMC,ISU_ILCC_NMC/G42C4,202.09347222222223,0
EXT-06086,6085,ISU_ILCC_NMC,ISU_ILCC_NMC/G42C4,211.06880787037036,0
EXT-06087,6086,ISU_ILCC_NMC,ISU_ILCC_NMC/G42C4,219.0761689814815,0
EXT-06088,6087,ISU_ILCC_NMC,ISU_ILCC_NMC/G42C4,227.07753472222223,0
EXT-06089,6088,ISU_ILCC_NMC,ISU_ILCC_NMC/G42C4,235.06984953703704,0
EXT-06090,6089,ISU_ILCC_NMC,ISU_ILCC_NMC/G42C4,243.0744097222222,0
EXT-06091,6090,ISU_ILCC_NMC,ISU_ILCC_NMC/G43C1,32.889201388888885,0
EXT-06092,6091,ISU_ILCC_NMC,ISU_ILCC_NMC/G43C1,41.11150462962963,0
EXT-06093,6092,ISU_ILCC_NMC,ISU_ILCC_NMC/G43C1,50.05519675925926,0
EXT-06094,6093,ISU_ILCC_NMC,ISU_ILCC_NMC/G43C1,58.076770833333335,0
EXT-06095,6094,ISU_ILCC_NMC,ISU_ILCC_NMC/G43C1,66.07184027777778,0
EXT-06096,6095,ISU_ILCC_NMC,ISU_ILCC_NMC/G43C1,74.07216435185185,0
EXT-06097,6096,ISU_ILCC_NMC,ISU_ILCC_NMC/G43C1,82.13,0
EXT-06098,6097,ISU_ILCC_NMC,ISU_ILCC_NMC/G43C1,90.08796296296296,0
EXT-06099,6098,ISU_ILCC_NMC,ISU_ILCC_NMC/G43C1,98.14334490740741,0
EXT-06100,6099,ISU_ILCC_NMC,ISU_ILCC_NMC/G43C1,107.07783564814815,0
EXT-06101,6100,ISU_ILCC_NMC,ISU_ILCC_NMC/G43C1,115.07475694444445,0
EXT-06102,6101,ISU_ILCC_NMC,ISU_ILCC_NMC/G43C1,123.06950231481481,0
EXT-06103,6102,ISU_ILCC_NMC,ISU_ILCC_NMC/G43C1,131.07858796296296,0
EXT-06104,6103,ISU_ILCC_NMC,ISU_ILCC_NMC/G43C1,139.0782638888889,0
EXT-06105,6104,ISU_ILCC_NMC,ISU_ILCC_NMC/G43C1,147.08936342592594,0
EXT-06106,6105,ISU_ILCC_NMC,ISU_ILCC_NMC/G43C1,155.07755787037038,0
EXT-06107,6106,ISU_ILCC_NMC,ISU_ILCC_NMC/G43C1,164.0755787037037,0
EXT-06108,6107,ISU_ILCC_NMC,ISU_ILCC_NMC/G43C1,174.07202546296296,0
EXT-06109,6108,ISU_ILCC_NMC,ISU_ILCC_NMC/G43C1,183.11247685185185,0
EXT-06110,6109,ISU_ILCC_NMC,ISU_ILCC_NMC/G43C1,193.21489583333334,0
EXT-06111,6110,ISU_ILCC_NMC,ISU_ILCC_NMC/G43C1,202.09348379629628,0
EXT-06112,6111,ISU_ILCC_NMC,ISU_ILCC_NMC/G43C1,211.06880787037036,0
EXT-06113,6112,ISU_ILCC_NMC,ISU_ILCC_NMC/G43C1,219.0761689814815,0
EXT-06114,6113,ISU_ILCC_NMC,ISU_ILCC_NMC/G43C1,227.0775462962963,0
EXT-06115,6114,ISU_ILCC_NMC,ISU_ILCC_NMC/G43C1,235.06986111111112,0
EXT-06116,6115,ISU_ILCC_NMC,ISU_ILCC_NMC/G43C1,243.0744097222222,0
EXT-06117,6116,ISU_ILCC_NMC,ISU_ILCC_NMC/G43C1,251.14730324074074,0
EXT-06118,6117,ISU_ILCC_NMC,ISU_ILCC_NMC/G43C1,259.09140046296295,0
EXT-06119,6118,ISU_ILCC_NMC,ISU_ILCC_NMC/G43C2,32.889201388888885,0
EXT-06120,6119,ISU_ILCC_NMC,ISU_ILCC_NMC/G43C2,41.11150462962963,0
EXT-06121,6120,ISU_ILCC_NMC,ISU_ILCC_NMC/G43C2,50.05519675925926,0
EXT-06122,6121,ISU_ILCC_NMC,ISU_ILCC_NMC/G43C2,58.076770833333335,0
EXT-06123,6122,ISU_ILCC_NMC,ISU_ILCC_NMC/G43C2,66.07184027777778,0
EXT-06124,6123,ISU_ILCC_NMC,ISU_ILCC_NMC/G43C2,74.07216435185185,0
EXT-06125,6124,ISU_ILCC_NMC,ISU_ILCC_NMC/G43C2,82.13,0
EXT-06126,6125,ISU_ILCC_NMC,ISU_ILCC_NMC/G43C2,90.08796296296296,0
EXT-06127,6126,ISU_ILCC_NMC,ISU_ILCC_NMC/G43C2,98.14334490740741,0
EXT-06128,6127,ISU_ILCC_NMC,ISU_ILCC_NMC/G43C2,107.07783564814815,0
EXT-06129,6128,ISU_ILCC_NMC,ISU_ILCC_NMC/G43C2,115.07475694444445,0
EXT-06130,6129,ISU_ILCC_NMC,ISU_ILCC_NMC/G43C2,123.06950231481481,0
EXT-06131,6130,ISU_ILCC_NMC,ISU_ILCC_NMC/G43C2,131.07859953703704,0
EXT-06132,6131,ISU_ILCC_NMC,ISU_ILCC_NMC/G43C2,139.0782638888889,0
EXT-06133,6132,ISU_ILCC_NMC,ISU_ILCC_NMC/G43C2,147.08936342592594,0
EXT-06134,6133,ISU_ILCC_NMC,ISU_ILCC_NMC/G43C2,155.07755787037038,0
EXT-06135,6134,ISU_ILCC_NMC,ISU_ILCC_NMC/G43C2,164.0755787037037,0
EXT-06136,6135,ISU_ILCC_NMC,ISU_ILCC_NMC/G43C2,174.07202546296296,0
EXT-06137,6136,ISU_ILCC_NMC,ISU_ILCC_NMC/G43C2,183.11356481481482,0
EXT-06138,6137,ISU_ILCC_NMC,ISU_ILCC_NMC/G43C2,193.21489583333334,0
EXT-06139,6138,ISU_ILCC_NMC,ISU_ILCC_NMC/G43C3,32.889201388888885,0
EXT-06140,6139,ISU_ILCC_NMC,ISU_ILCC_NMC/G43C3,41.11150462962963,0
EXT-06141,6140,ISU_ILCC_NMC,ISU_ILCC_NMC/G43C3,50.05519675925926,0
EXT-06142,6141,ISU_ILCC_NMC,ISU_ILCC_NMC/G43C3,58.076770833333335,0
EXT-06143,6142,ISU_ILCC_NMC,ISU_ILCC_NMC/G43C3,66.07185185185185,0
EXT-06144,6143,ISU_ILCC_NMC,ISU_ILCC_NMC/G43C3,74.07216435185185,0
EXT-06145,6144,ISU_ILCC_NMC,ISU_ILCC_NMC/G43C3,82.13,0
EXT-06146,6145,ISU_ILCC_NMC,ISU_ILCC_NMC/G43C3,90.08796296296296,0
EXT-06147,6146,ISU_ILCC_NMC,ISU_ILCC_NMC/G43C3,98.14334490740741,0
EXT-06148,6147,ISU_ILCC_NMC,ISU_ILCC_NMC/G43C3,107.07783564814815,0
EXT-06149,6148,ISU_ILCC_NMC,ISU_ILCC_NMC/G43C3,115.07475694444445,0
EXT-06150,6149,ISU_ILCC_NMC,ISU_ILCC_NMC/G43C3,123.06950231481481,0
EXT-06151,6150,ISU_ILCC_NMC,ISU_ILCC_NMC/G43C3,131.07859953703704,0
EXT-06152,6151,ISU_ILCC_NMC,ISU_ILCC_NMC/G43C3,139.0782638888889,0
EXT-06153,6152,ISU_ILCC_NMC,ISU_ILCC_NMC/G43C3,147.08936342592594,0
EXT-06154,6153,ISU_ILCC_NMC,ISU_ILCC_NMC/G43C3,155.07755787037038,0
EXT-06155,6154,ISU_ILCC_NMC,ISU_ILCC_NMC/G43C3,164.0755787037037,0
EXT-06156,6155,ISU_ILCC_NMC,ISU_ILCC_NMC/G43C3,174.07202546296296,0
EXT-06157,6156,ISU_ILCC_NMC,ISU_ILCC_NMC/G43C3,183.11247685185185,0
EXT-06158,6157,ISU_ILCC_NMC,ISU_ILCC_NMC/G43C3,193.21489583333334,0
EXT-06159,6158,ISU_ILCC_NMC,ISU_ILCC_NMC/G43C3,202.09348379629628,0
EXT-06160,6159,ISU_ILCC_NMC,ISU_ILCC_NMC/G43C3,211.06880787037036,0
EXT-06161,6160,ISU_ILCC_NMC,ISU_ILCC_NMC/G43C3,219.0761689814815,0
EXT-06162,6161,ISU_ILCC_NMC,ISU_ILCC_NMC/G43C3,227.0775462962963,0
EXT-06163,6162,ISU_ILCC_NMC,ISU_ILCC_NMC/G43C3,235.06986111111112,0
EXT-06164,6163,ISU_ILCC_NMC,ISU_ILCC_NMC/G43C3,243.0744097222222,0
EXT-06165,6164,ISU_ILCC_NMC,ISU_ILCC_NMC/G43C3,251.14730324074074,0
EXT-06166,6165,ISU_ILCC_NMC,ISU_ILCC_NMC/G43C3,259.09140046296295,0
EXT-06167,6166,ISU_ILCC_NMC,ISU_ILCC_NMC/G43C4,32.889201388888885,0
EXT-06168,6167,ISU_ILCC_NMC,ISU_ILCC_NMC/G43C4,41.11150462962963,0
EXT-06169,6168,ISU_ILCC_NMC,ISU_ILCC_NMC/G43C4,50.05519675925926,0
EXT-06170,6169,ISU_ILCC_NMC,ISU_ILCC_NMC/G43C4,58.076770833333335,0
EXT-06171,6170,ISU_ILCC_NMC,ISU_ILCC_NMC/G43C4,66.07185185185185,0
EXT-06172,6171,ISU_ILCC_NMC,ISU_ILCC_NMC/G43C4,74.07216435185185,0
EXT-06173,6172,ISU_ILCC_NMC,ISU_ILCC_NMC/G43C4,82.13,0
EXT-06174,6173,ISU_ILCC_NMC,ISU_ILCC_NMC/G43C4,90.08796296296296,0
EXT-06175,6174,ISU_ILCC_NMC,ISU_ILCC_NMC/G43C4,98.14334490740741,0
EXT-06176,6175,ISU_ILCC_NMC,ISU_ILCC_NMC/G43C4,107.07783564814815,0
EXT-06177,6176,ISU_ILCC_NMC,ISU_ILCC_NMC/G43C4,115.07475694444445,0
EXT-06178,6177,ISU_ILCC_NMC,ISU_ILCC_NMC/G43C4,123.06950231481481,0
EXT-06179,6178,ISU_ILCC_NMC,ISU_ILCC_NMC/G43C4,131.07859953703704,0
EXT-06180,6179,ISU_ILCC_NMC,ISU_ILCC_NMC/G43C4,139.0782638888889,0
EXT-06181,6180,ISU_ILCC_NMC,ISU_ILCC_NMC/G43C4,147.08936342592594,0
EXT-06182,6181,ISU_ILCC_NMC,ISU_ILCC_NMC/G43C4,155.07755787037038,0
EXT-06183,6182,ISU_ILCC_NMC,ISU_ILCC_NMC/G43C4,164.0755787037037,0
EXT-06184,6183,ISU_ILCC_NMC,ISU_ILCC_NMC/G43C4,174.07202546296296,0
EXT-06185,6184,ISU_ILCC_NMC,ISU_ILCC_NMC/G43C4,183.11247685185185,0
EXT-06186,6185,ISU_ILCC_NMC,ISU_ILCC_NMC/G43C4,193.21489583333334,0
EXT-06187,6186,ISU_ILCC_NMC,ISU_ILCC_NMC/G43C4,202.09348379629628,0
EXT-06188,6187,ISU_ILCC_NMC,ISU_ILCC_NMC/G43C4,211.06880787037036,0
EXT-06189,6188,ISU_ILCC_NMC,ISU_ILCC_NMC/G43C4,219.0761689814815,0
EXT-06190,6189,ISU_ILCC_NMC,ISU_ILCC_NMC/G44C1,33.9940162037037,0
EXT-06191,6190,ISU_ILCC_NMC,ISU_ILCC_NMC/G44C1,41.79813657407407,0
EXT-06192,6191,ISU_ILCC_NMC,ISU_ILCC_NMC/G44C1,49.999652777777776,0
EXT-06193,6192,ISU_ILCC_NMC,ISU_ILCC_NMC/G44C1,57.99947916666667,0
EXT-06194,6193,ISU_ILCC_NMC,ISU_ILCC_NMC/G44C1,65.99377314814815,0
EXT-06195,6194,ISU_ILCC_NMC,ISU_ILCC_NMC/G44C1,74.00304398148148,0
EXT-06196,6195,ISU_ILCC_NMC,ISU_ILCC_NMC/G44C1,84.0103587962963,0
EXT-06197,6196,ISU_ILCC_NMC,ISU_ILCC_NMC/G44C1,91.99516203703703,0
EXT-06198,6197,ISU_ILCC_NMC,ISU_ILCC_NMC/G44C1,100.03119212962963,0
EXT-06199,6198,ISU_ILCC_NMC,ISU_ILCC_NMC/G44C1,107.99979166666667,0
EXT-06200,6199,ISU_ILCC_NMC,ISU_ILCC_NMC/G44C1,116.02817129629629,0
EXT-06201,6200,ISU_ILCC_NMC,ISU_ILCC_NMC/G44C1,124.02560185185185,0
EXT-06202,6201,ISU_ILCC_NMC,ISU_ILCC_NMC/G44C1,132.0013888888889,0
EXT-06203,6202,ISU_ILCC_NMC,ISU_ILCC_NMC/G44C2,33.9940162037037,0
EXT-06204,6203,ISU_ILCC_NMC,ISU_ILCC_NMC/G44C2,41.79813657407407,0
EXT-06205,6204,ISU_ILCC_NMC,ISU_ILCC_NMC/G44C2,49.999652777777776,0
EXT-06206,6205,ISU_ILCC_NMC,ISU_ILCC_NMC/G44C2,57.99947916666667,0
EXT-06207,6206,ISU_ILCC_NMC,ISU_ILCC_NMC/G44C2,65.99377314814815,0
EXT-06208,6207,ISU_ILCC_NMC,ISU_ILCC_NMC/G44C2,74.00304398148148,0
EXT-06209,6208,ISU_ILCC_NMC,ISU_ILCC_NMC/G44C2,84.0103587962963,0
EXT-06210,6209,ISU_ILCC_NMC,ISU_ILCC_NMC/G44C2,91.99516203703703,0
EXT-06211,6210,ISU_ILCC_NMC,ISU_ILCC_NMC/G44C2,100.03119212962963,0
EXT-06212,6211,ISU_ILCC_NMC,ISU_ILCC_NMC/G44C2,107.99980324074075,0
EXT-06213,6212,ISU_ILCC_NMC,ISU_ILCC_NMC/G44C2,116.02817129629629,0
EXT-06214,6213,ISU_ILCC_NMC,ISU_ILCC_NMC/G44C2,124.02560185185185,0
EXT-06215,6214,ISU_ILCC_NMC,ISU_ILCC_NMC/G44C2,132.00137731481482,0
EXT-06216,6215,ISU_ILCC_NMC,ISU_ILCC_NMC/G44C2,139.99637731481482,0
EXT-06217,6216,ISU_ILCC_NMC,ISU_ILCC_NMC/G44C2,148.01445601851853,0
EXT-06218,6217,ISU_ILCC_NMC,ISU_ILCC_NMC/G44C2,156.04552083333334,0
EXT-06219,6218,ISU_ILCC_NMC,ISU_ILCC_NMC/G44C2,164.01561342592592,0
EXT-06220,6219,ISU_ILCC_NMC,ISU_ILCC_NMC/G44C2,172.00467592592594,0
EXT-06221,6220,ISU_ILCC_NMC,ISU_ILCC_NMC/G44C2,180.03675925925927,0
EXT-06222,6221,ISU_ILCC_NMC,ISU_ILCC_NMC/G44C2,188.12222222222223,0
EXT-06223,6222,ISU_ILCC_NMC,ISU_ILCC_NMC/G44C2,196.11685185185186,0
EXT-06224,6223,ISU_ILCC_NMC,ISU_ILCC_NMC/G44C2,205.12983796296297,0
EXT-06225,6224,ISU_ILCC_NMC,ISU_ILCC_NMC/G44C3,33.9940162037037,0
EXT-06226,6225,ISU_ILCC_NMC,ISU_ILCC_NMC/G44C3,41.79813657407407,0
EXT-06227,6226,ISU_ILCC_NMC,ISU_ILCC_NMC/G44C3,49.999652777777776,0
EXT-06228,6227,ISU_ILCC_NMC,ISU_ILCC_NMC/G44C3,57.99947916666667,0
EXT-06229,6228,ISU_ILCC_NMC,ISU_ILCC_NMC/G44C3,65.99377314814815,0
EXT-06230,6229,ISU_ILCC_NMC,ISU_ILCC_NMC/G44C3,74.00304398148148,0
EXT-06231,6230,ISU_ILCC_NMC,ISU_ILCC_NMC/G44C3,84.0103587962963,0
EXT-06232,6231,ISU_ILCC_NMC,ISU_ILCC_NMC/G44C3,91.99516203703703,0
EXT-06233,6232,ISU_ILCC_NMC,ISU_ILCC_NMC/G44C3,100.03119212962963,0
EXT-06234,6233,ISU_ILCC_NMC,ISU_ILCC_NMC/G44C3,107.99980324074075,0
EXT-06235,6234,ISU_ILCC_NMC,ISU_ILCC_NMC/G44C3,116.02817129629629,0
EXT-06236,6235,ISU_ILCC_NMC,ISU_ILCC_NMC/G44C3,124.02560185185185,0
EXT-06237,6236,ISU_ILCC_NMC,ISU_ILCC_NMC/G44C3,132.00137731481482,0
EXT-06238,6237,ISU_ILCC_NMC,ISU_ILCC_NMC/G44C3,139.99637731481482,0
EXT-06239,6238,ISU_ILCC_NMC,ISU_ILCC_NMC/G44C3,148.01445601851853,0
EXT-06240,6239,ISU_ILCC_NMC,ISU_ILCC_NMC/G44C3,156.04552083333334,0
EXT-06241,6240,ISU_ILCC_NMC,ISU_ILCC_NMC/G44C3,164.01561342592592,0
EXT-06242,6241,ISU_ILCC_NMC,ISU_ILCC_NMC/G44C3,172.00467592592594,0
EXT-06243,6242,ISU_ILCC_NMC,ISU_ILCC_NMC/G44C3,180.03675925925927,0
EXT-06244,6243,ISU_ILCC_NMC,ISU_ILCC_NMC/G44C3,188.12222222222223,0
EXT-06245,6244,ISU_ILCC_NMC,ISU_ILCC_NMC/G44C3,196.11685185185186,0
EXT-06246,6245,ISU_ILCC_NMC,ISU_ILCC_NMC/G44C3,205.12983796296297,0
EXT-06247,6246,ISU_ILCC_NMC,ISU_ILCC_NMC/G44C3,214.99444444444444,0
EXT-06248,6247,ISU_ILCC_NMC,ISU_ILCC_NMC/G44C3,223.0708912037037,0
EXT-06249,6248,ISU_ILCC_NMC,ISU_ILCC_NMC/G44C4,33.9940162037037,0
EXT-06250,6249,ISU_ILCC_NMC,ISU_ILCC_NMC/G44C4,41.79813657407407,0
EXT-06251,6250,ISU_ILCC_NMC,ISU_ILCC_NMC/G44C4,49.999652777777776,0
EXT-06252,6251,ISU_ILCC_NMC,ISU_ILCC_NMC/G44C4,57.99947916666667,0
EXT-06253,6252,ISU_ILCC_NMC,ISU_ILCC_NMC/G44C4,65.99377314814815,0
EXT-06254,6253,ISU_ILCC_NMC,ISU_ILCC_NMC/G44C4,74.00304398148148,0
EXT-06255,6254,ISU_ILCC_NMC,ISU_ILCC_NMC/G44C4,84.0103587962963,0
EXT-06256,6255,ISU_ILCC_NMC,ISU_ILCC_NMC/G44C4,91.99516203703703,0
EXT-06257,6256,ISU_ILCC_NMC,ISU_ILCC_NMC/G44C4,100.03119212962963,0
EXT-06258,6257,ISU_ILCC_NMC,ISU_ILCC_NMC/G44C4,107.99980324074075,0
EXT-06259,6258,ISU_ILCC_NMC,ISU_ILCC_NMC/G44C4,116.02817129629629,0
EXT-06260,6259,ISU_ILCC_NMC,ISU_ILCC_NMC/G44C4,124.02560185185185,0
EXT-06261,6260,ISU_ILCC_NMC,ISU_ILCC_NMC/G44C4,132.00137731481482,0
EXT-06262,6261,ISU_ILCC_NMC,ISU_ILCC_NMC/G44C4,139.99637731481482,0
EXT-06263,6262,ISU_ILCC_NMC,ISU_ILCC_NMC/G44C4,148.01445601851853,0
EXT-06264,6263,ISU_ILCC_NMC,ISU_ILCC_NMC/G44C4,156.04552083333334,0
EXT-06265,6264,ISU_ILCC_NMC,ISU_ILCC_NMC/G44C4,164.01561342592592,0
EXT-06266,6265,ISU_ILCC_NMC,ISU_ILCC_NMC/G44C4,172.00467592592594,0
EXT-06267,6266,ISU_ILCC_NMC,ISU_ILCC_NMC/G44C4,180.03675925925927,0
EXT-06268,6267,ISU_ILCC_NMC,ISU_ILCC_NMC/G44C4,188.12222222222223,0
EXT-06269,6268,ISU_ILCC_NMC,ISU_ILCC_NMC/G44C4,196.11685185185186,0
EXT-06270,6269,ISU_ILCC_NMC,ISU_ILCC_NMC/G45C1,33.9940162037037,0
EXT-06271,6270,ISU_ILCC_NMC,ISU_ILCC_NMC/G45C1,41.79813657407407,0
EXT-06272,6271,ISU_ILCC_NMC,ISU_ILCC_NMC/G45C1,49.999652777777776,0
EXT-06273,6272,ISU_ILCC_NMC,ISU_ILCC_NMC/G45C1,57.99947916666667,0
EXT-06274,6273,ISU_ILCC_NMC,ISU_ILCC_NMC/G45C1,65.99377314814815,0
EXT-06275,6274,ISU_ILCC_NMC,ISU_ILCC_NMC/G45C1,74.00304398148148,0
EXT-06276,6275,ISU_ILCC_NMC,ISU_ILCC_NMC/G45C1,84.0103587962963,0
EXT-06277,6276,ISU_ILCC_NMC,ISU_ILCC_NMC/G45C1,91.99516203703703,0
EXT-06278,6277,ISU_ILCC_NMC,ISU_ILCC_NMC/G45C1,100.03119212962963,0
EXT-06279,6278,ISU_ILCC_NMC,ISU_ILCC_NMC/G45C1,107.99980324074075,0
EXT-06280,6279,ISU_ILCC_NMC,ISU_ILCC_NMC/G45C2,33.9940162037037,0
EXT-06281,6280,ISU_ILCC_NMC,ISU_ILCC_NMC/G45C2,41.79813657407407,0
EXT-06282,6281,ISU_ILCC_NMC,ISU_ILCC_NMC/G45C2,49.999652777777776,0
EXT-06283,6282,ISU_ILCC_NMC,ISU_ILCC_NMC/G45C2,57.99947916666667,0
EXT-06284,6283,ISU_ILCC_NMC,ISU_ILCC_NMC/G45C2,65.99377314814815,0
EXT-06285,6284,ISU_ILCC_NMC,ISU_ILCC_NMC/G45C2,74.00304398148148,0
EXT-06286,6285,ISU_ILCC_NMC,ISU_ILCC_NMC/G45C2,84.0103587962963,0
EXT-06287,6286,ISU_ILCC_NMC,ISU_ILCC_NMC/G45C2,91.99516203703703,0
EXT-06288,6287,ISU_ILCC_NMC,ISU_ILCC_NMC/G45C2,100.03119212962963,0
EXT-06289,6288,ISU_ILCC_NMC,ISU_ILCC_NMC/G45C2,107.99980324074075,0
EXT-06290,6289,ISU_ILCC_NMC,ISU_ILCC_NMC/G45C2,116.02817129629629,0
EXT-06291,6290,ISU_ILCC_NMC,ISU_ILCC_NMC/G45C3,33.9940162037037,0
EXT-06292,6291,ISU_ILCC_NMC,ISU_ILCC_NMC/G45C3,41.79813657407407,0
EXT-06293,6292,ISU_ILCC_NMC,ISU_ILCC_NMC/G45C3,49.999652777777776,0
EXT-06294,6293,ISU_ILCC_NMC,ISU_ILCC_NMC/G45C3,57.99947916666667,0
EXT-06295,6294,ISU_ILCC_NMC,ISU_ILCC_NMC/G45C3,65.99377314814815,0
EXT-06296,6295,ISU_ILCC_NMC,ISU_ILCC_NMC/G45C3,74.00304398148148,0
EXT-06297,6296,ISU_ILCC_NMC,ISU_ILCC_NMC/G45C3,84.0103587962963,0
EXT-06298,6297,ISU_ILCC_NMC,ISU_ILCC_NMC/G45C3,91.99516203703703,0
EXT-06299,6298,ISU_ILCC_NMC,ISU_ILCC_NMC/G45C3,100.03119212962963,0
EXT-06300,6299,ISU_ILCC_NMC,ISU_ILCC_NMC/G45C3,107.99980324074075,0
EXT-06301,6300,ISU_ILCC_NMC,ISU_ILCC_NMC/G45C3,116.02817129629629,0
EXT-06302,6301,ISU_ILCC_NMC,ISU_ILCC_NMC/G45C4,33.9940162037037,0
EXT-06303,6302,ISU_ILCC_NMC,ISU_ILCC_NMC/G45C4,41.79813657407407,0
EXT-06304,6303,ISU_ILCC_NMC,ISU_ILCC_NMC/G45C4,49.999652777777776,0
EXT-06305,6304,ISU_ILCC_NMC,ISU_ILCC_NMC/G45C4,57.99947916666667,0
EXT-06306,6305,ISU_ILCC_NMC,ISU_ILCC_NMC/G45C4,65.99377314814815,0
EXT-06307,6306,ISU_ILCC_NMC,ISU_ILCC_NMC/G45C4,74.00304398148148,0
EXT-06308,6307,ISU_ILCC_NMC,ISU_ILCC_NMC/G45C4,84.0103587962963,0
EXT-06309,6308,ISU_ILCC_NMC,ISU_ILCC_NMC/G45C4,91.99516203703703,0
EXT-06310,6309,ISU_ILCC_NMC,ISU_ILCC_NMC/G45C4,100.03119212962963,0
EXT-06311,6310,ISU_ILCC_NMC,ISU_ILCC_NMC/G45C4,107.99980324074075,0
EXT-06312,6311,ISU_ILCC_NMC,ISU_ILCC_NMC/G46C1,33.9940162037037,0
EXT-06313,6312,ISU_ILCC_NMC,ISU_ILCC_NMC/G46C1,41.79813657407407,0
EXT-06314,6313,ISU_ILCC_NMC,ISU_ILCC_NMC/G46C1,49.999652777777776,0
EXT-06315,6314,ISU_ILCC_NMC,ISU_ILCC_NMC/G46C1,57.99947916666667,0
EXT-06316,6315,ISU_ILCC_NMC,ISU_ILCC_NMC/G46C1,65.99377314814815,0
EXT-06317,6316,ISU_ILCC_NMC,ISU_ILCC_NMC/G46C1,74.00304398148148,0
EXT-06318,6317,ISU_ILCC_NMC,ISU_ILCC_NMC/G46C1,84.0103587962963,0
EXT-06319,6318,ISU_ILCC_NMC,ISU_ILCC_NMC/G46C1,91.99516203703703,0
EXT-06320,6319,ISU_ILCC_NMC,ISU_ILCC_NMC/G46C1,100.03119212962963,0
EXT-06321,6320,ISU_ILCC_NMC,ISU_ILCC_NMC/G46C1,107.99980324074075,0
EXT-06322,6321,ISU_ILCC_NMC,ISU_ILCC_NMC/G46C1,116.02817129629629,0
EXT-06323,6322,ISU_ILCC_NMC,ISU_ILCC_NMC/G46C2,33.99402777777778,0
EXT-06324,6323,ISU_ILCC_NMC,ISU_ILCC_NMC/G46C2,41.79814814814815,0
EXT-06325,6324,ISU_ILCC_NMC,ISU_ILCC_NMC/G46C2,49.999664351851855,0
EXT-06326,6325,ISU_ILCC_NMC,ISU_ILCC_NMC/G46C2,57.99949074074074,0
EXT-06327,6326,ISU_ILCC_NMC,ISU_ILCC_NMC/G46C2,65.99378472222222,0
EXT-06328,6327,ISU_ILCC_NMC,ISU_ILCC_NMC/G46C2,74.00305555555556,0
EXT-06329,6328,ISU_ILCC_NMC,ISU_ILCC_NMC/G46C2,84.01037037037037,0
EXT-06330,6329,ISU_ILCC_NMC,ISU_ILCC_NMC/G46C2,91.99517361111111,0
EXT-06331,6330,ISU_ILCC_NMC,ISU_ILCC_NMC/G46C2,100.03120370370371,0
EXT-06332,6331,ISU_ILCC_NMC,ISU_ILCC_NMC/G46C2,107.99980324074075,0
EXT-06333,6332,ISU_ILCC_NMC,ISU_ILCC_NMC/G46C2,116.02818287037037,0
EXT-06334,6333,ISU_ILCC_NMC,ISU_ILCC_NMC/G46C3,33.99402777777778,0
EXT-06335,6334,ISU_ILCC_NMC,ISU_ILCC_NMC/G46C3,41.79814814814815,0
EXT-06336,6335,ISU_ILCC_NMC,ISU_ILCC_NMC/G46C3,49.999664351851855,0
EXT-06337,6336,ISU_ILCC_NMC,ISU_ILCC_NMC/G46C3,57.99949074074074,0
EXT-06338,6337,ISU_ILCC_NMC,ISU_ILCC_NMC/G46C3,65.99378472222222,0
EXT-06339,6338,ISU_ILCC_NMC,ISU_ILCC_NMC/G46C3,74.00305555555556,0
EXT-06340,6339,ISU_ILCC_NMC,ISU_ILCC_NMC/G46C3,84.01037037037037,0
EXT-06341,6340,ISU_ILCC_NMC,ISU_ILCC_NMC/G46C3,91.99517361111111,0
EXT-06342,6341,ISU_ILCC_NMC,ISU_ILCC_NMC/G46C4,33.99402777777778,0
EXT-06343,6342,ISU_ILCC_NMC,ISU_ILCC_NMC/G46C4,41.79814814814815,0
EXT-06344,6343,ISU_ILCC_NMC,ISU_ILCC_NMC/G46C4,49.999664351851855,0
EXT-06345,6344,ISU_ILCC_NMC,ISU_ILCC_NMC/G46C4,57.99949074074074,0
EXT-06346,6345,ISU_ILCC_NMC,ISU_ILCC_NMC/G46C4,65.99378472222222,0
EXT-06347,6346,ISU_ILCC_NMC,ISU_ILCC_NMC/G46C4,74.00305555555556,0
EXT-06348,6347,ISU_ILCC_NMC,ISU_ILCC_NMC/G46C4,84.01037037037037,0
EXT-06349,6348,ISU_ILCC_NMC,ISU_ILCC_NMC/G46C4,91.99517361111111,0
EXT-06350,6349,ISU_ILCC_NMC,ISU_ILCC_NMC/G46C4,100.03120370370371,0
EXT-06351,6350,ISU_ILCC_NMC,ISU_ILCC_NMC/G46C4,107.99980324074075,0
EXT-06352,6351,ISU_ILCC_NMC,ISU_ILCC_NMC/G46C4,116.02818287037037,0
EXT-06353,6352,ISU_ILCC_NMC,ISU_ILCC_NMC/G47C1,33.99402777777778,0
EXT-06354,6353,ISU_ILCC_NMC,ISU_ILCC_NMC/G47C1,41.79814814814815,0
EXT-06355,6354,ISU_ILCC_NMC,ISU_ILCC_NMC/G47C1,49.999664351851855,0
EXT-06356,6355,ISU_ILCC_NMC,ISU_ILCC_NMC/G47C1,57.99949074074074,0
EXT-06357,6356,ISU_ILCC_NMC,ISU_ILCC_NMC/G47C1,65.99378472222222,0
EXT-06358,6357,ISU_ILCC_NMC,ISU_ILCC_NMC/G47C1,74.00305555555556,0
EXT-06359,6358,ISU_ILCC_NMC,ISU_ILCC_NMC/G47C1,84.01037037037037,0
EXT-06360,6359,ISU_ILCC_NMC,ISU_ILCC_NMC/G47C1,91.99517361111111,0
EXT-06361,6360,ISU_ILCC_NMC,ISU_ILCC_NMC/G47C1,100.03120370370371,0
EXT-06362,6361,ISU_ILCC_NMC,ISU_ILCC_NMC/G47C1,107.99981481481481,0
EXT-06363,6362,ISU_ILCC_NMC,ISU_ILCC_NMC/G47C2,33.9940162037037,0
EXT-06364,6363,ISU_ILCC_NMC,ISU_ILCC_NMC/G47C2,41.79813657407407,0
EXT-06365,6364,ISU_ILCC_NMC,ISU_ILCC_NMC/G47C2,49.999652777777776,0
EXT-06366,6365,ISU_ILCC_NMC,ISU_ILCC_NMC/G47C2,57.99947916666667,0
EXT-06367,6366,ISU_ILCC_NMC,ISU_ILCC_NMC/G47C2,65.99377314814815,0
EXT-06368,6367,ISU_ILCC_NMC,ISU_ILCC_NMC/G47C2,74.00304398148148,0
EXT-06369,6368,ISU_ILCC_NMC,ISU_ILCC_NMC/G47C2,84.0103587962963,0
EXT-06370,6369,ISU_ILCC_NMC,ISU_ILCC_NMC/G47C2,91.99516203703703,0
EXT-06371,6370,ISU_ILCC_NMC,ISU_ILCC_NMC/G47C2,100.03119212962963,0
EXT-06372,6371,ISU_ILCC_NMC,ISU_ILCC_NMC/G47C2,107.99980324074075,0
EXT-06373,6372,ISU_ILCC_NMC,ISU_ILCC_NMC/G47C2,116.02817129629629,0
EXT-06374,6373,ISU_ILCC_NMC,ISU_ILCC_NMC/G47C2,124.02560185185185,0
EXT-06375,6374,ISU_ILCC_NMC,ISU_ILCC_NMC/G47C2,132.00137731481482,0
EXT-06376,6375,ISU_ILCC_NMC,ISU_ILCC_NMC/G47C2,139.99637731481482,0
EXT-06377,6376,ISU_ILCC_NMC,ISU_ILCC_NMC/G47C2,148.01445601851853,0
EXT-06378,6377,ISU_ILCC_NMC,ISU_ILCC_NMC/G47C2,156.04552083333334,0
EXT-06379,6378,ISU_ILCC_NMC,ISU_ILCC_NMC/G47C3,33.9940162037037,0
EXT-06380,6379,ISU_ILCC_NMC,ISU_ILCC_NMC/G47C3,41.79813657407407,0
EXT-06381,6380,ISU_ILCC_NMC,ISU_ILCC_NMC/G47C3,49.999652777777776,0
EXT-06382,6381,ISU_ILCC_NMC,ISU_ILCC_NMC/G47C3,57.99947916666667,0
EXT-06383,6382,ISU_ILCC_NMC,ISU_ILCC_NMC/G47C3,65.99377314814815,0
EXT-06384,6383,ISU_ILCC_NMC,ISU_ILCC_NMC/G47C3,74.00304398148148,0
EXT-06385,6384,ISU_ILCC_NMC,ISU_ILCC_NMC/G47C3,84.0103587962963,0
EXT-06386,6385,ISU_ILCC_NMC,ISU_ILCC_NMC/G47C3,91.99516203703703,0
EXT-06387,6386,ISU_ILCC_NMC,ISU_ILCC_NMC/G47C3,100.03119212962963,0
EXT-06388,6387,ISU_ILCC_NMC,ISU_ILCC_NMC/G47C3,107.99980324074075,0
EXT-06389,6388,ISU_ILCC_NMC,ISU_ILCC_NMC/G47C3,116.02817129629629,0
EXT-06390,6389,ISU_ILCC_NMC,ISU_ILCC_NMC/G47C4,33.9940162037037,0
EXT-06391,6390,ISU_ILCC_NMC,ISU_ILCC_NMC/G47C4,41.79813657407407,0
EXT-06392,6391,ISU_ILCC_NMC,ISU_ILCC_NMC/G47C4,49.999652777777776,0
EXT-06393,6392,ISU_ILCC_NMC,ISU_ILCC_NMC/G47C4,57.99947916666667,0
EXT-06394,6393,ISU_ILCC_NMC,ISU_ILCC_NMC/G47C4,65.99377314814815,0
EXT-06395,6394,ISU_ILCC_NMC,ISU_ILCC_NMC/G47C4,74.00304398148148,0
EXT-06396,6395,ISU_ILCC_NMC,ISU_ILCC_NMC/G47C4,84.0103587962963,0
EXT-06397,6396,ISU_ILCC_NMC,ISU_ILCC_NMC/G47C4,91.99516203703703,0
EXT-06398,6397,ISU_ILCC_NMC,ISU_ILCC_NMC/G47C4,100.03119212962963,0
EXT-06399,6398,ISU_ILCC_NMC,ISU_ILCC_NMC/G47C4,107.99980324074075,0
EXT-06400,6399,ISU_ILCC_NMC,ISU_ILCC_NMC/G48C1,33.9940162037037,0
EXT-06401,6400,ISU_ILCC_NMC,ISU_ILCC_NMC/G48C1,41.79813657407407,0
EXT-06402,6401,ISU_ILCC_NMC,ISU_ILCC_NMC/G48C1,49.999652777777776,0
EXT-06403,6402,ISU_ILCC_NMC,ISU_ILCC_NMC/G48C1,57.99947916666667,0
EXT-06404,6403,ISU_ILCC_NMC,ISU_ILCC_NMC/G48C1,65.99377314814815,0
EXT-06405,6404,ISU_ILCC_NMC,ISU_ILCC_NMC/G48C1,74.00304398148148,0
EXT-06406,6405,ISU_ILCC_NMC,ISU_ILCC_NMC/G48C1,84.0103587962963,0
EXT-06407,6406,ISU_ILCC_NMC,ISU_ILCC_NMC/G48C1,91.99516203703703,0
EXT-06408,6407,ISU_ILCC_NMC,ISU_ILCC_NMC/G48C2,33.9940162037037,0
EXT-06409,6408,ISU_ILCC_NMC,ISU_ILCC_NMC/G48C2,41.79813657407407,0
EXT-06410,6409,ISU_ILCC_NMC,ISU_ILCC_NMC/G48C2,49.999652777777776,0
EXT-06411,6410,ISU_ILCC_NMC,ISU_ILCC_NMC/G48C2,57.99947916666667,0
EXT-06412,6411,ISU_ILCC_NMC,ISU_ILCC_NMC/G48C2,65.99377314814815,0
EXT-06413,6412,ISU_ILCC_NMC,ISU_ILCC_NMC/G48C2,74.00304398148148,0
EXT-06414,6413,ISU_ILCC_NMC,ISU_ILCC_NMC/G48C2,84.0103587962963,0
EXT-06415,6414,ISU_ILCC_NMC,ISU_ILCC_NMC/G48C2,91.99516203703703,0
EXT-06416,6415,ISU_ILCC_NMC,ISU_ILCC_NMC/G48C2,100.03119212962963,0
EXT-06417,6416,ISU_ILCC_NMC,ISU_ILCC_NMC/G48C3,33.9940162037037,0
EXT-06418,6417,ISU_ILCC_NMC,ISU_ILCC_NMC/G48C3,41.79813657407407,0
EXT-06419,6418,ISU_ILCC_NMC,ISU_ILCC_NMC/G48C3,49.999652777777776,0
EXT-06420,6419,ISU_ILCC_NMC,ISU_ILCC_NMC/G48C3,57.99947916666667,0
EXT-06421,6420,ISU_ILCC_NMC,ISU_ILCC_NMC/G48C3,65.99377314814815,0
EXT-06422,6421,ISU_ILCC_NMC,ISU_ILCC_NMC/G48C3,74.00304398148148,0
EXT-06423,6422,ISU_ILCC_NMC,ISU_ILCC_NMC/G48C3,84.0103587962963,0
EXT-06424,6423,ISU_ILCC_NMC,ISU_ILCC_NMC/G48C3,91.99516203703703,0
EXT-06425,6424,ISU_ILCC_NMC,ISU_ILCC_NMC/G48C3,100.03119212962963,0
EXT-06426,6425,ISU_ILCC_NMC,ISU_ILCC_NMC/G48C3,107.99979166666667,0
EXT-06427,6426,ISU_ILCC_NMC,ISU_ILCC_NMC/G48C3,116.02817129629629,0
EXT-06428,6427,ISU_ILCC_NMC,ISU_ILCC_NMC/G48C4,33.9940162037037,0
EXT-06429,6428,ISU_ILCC_NMC,ISU_ILCC_NMC/G48C4,41.79813657407407,0
EXT-06430,6429,ISU_ILCC_NMC,ISU_ILCC_NMC/G48C4,49.999652777777776,0
EXT-06431,6430,ISU_ILCC_NMC,ISU_ILCC_NMC/G48C4,57.99947916666667,0
EXT-06432,6431,ISU_ILCC_NMC,ISU_ILCC_NMC/G48C4,65.99377314814815,0
EXT-06433,6432,ISU_ILCC_NMC,ISU_ILCC_NMC/G48C4,74.00304398148148,0
EXT-06434,6433,ISU_ILCC_NMC,ISU_ILCC_NMC/G48C4,84.0103587962963,0
EXT-06435,6434,ISU_ILCC_NMC,ISU_ILCC_NMC/G48C4,91.99516203703703,0
EXT-06436,6435,ISU_ILCC_NMC,ISU_ILCC_NMC/G49C1,33.9940162037037,0
EXT-06437,6436,ISU_ILCC_NMC,ISU_ILCC_NMC/G49C1,41.79813657407407,0
EXT-06438,6437,ISU_ILCC_NMC,ISU_ILCC_NMC/G49C1,49.999652777777776,0
EXT-06439,6438,ISU_ILCC_NMC,ISU_ILCC_NMC/G49C1,57.99947916666667,0
EXT-06440,6439,ISU_ILCC_NMC,ISU_ILCC_NMC/G49C1,65.99377314814815,0
EXT-06441,6440,ISU_ILCC_NMC,ISU_ILCC_NMC/G49C1,74.00304398148148,0
EXT-06442,6441,ISU_ILCC_NMC,ISU_ILCC_NMC/G49C1,84.0103587962963,0
EXT-06443,6442,ISU_ILCC_NMC,ISU_ILCC_NMC/G49C1,91.99516203703703,0
EXT-06444,6443,ISU_ILCC_NMC,ISU_ILCC_NMC/G49C1,100.03119212962963,0
EXT-06445,6444,ISU_ILCC_NMC,ISU_ILCC_NMC/G49C1,107.99979166666667,0
EXT-06446,6445,ISU_ILCC_NMC,ISU_ILCC_NMC/G49C1,116.02817129629629,0
EXT-06447,6446,ISU_ILCC_NMC,ISU_ILCC_NMC/G49C1,124.02560185185185,0
EXT-06448,6447,ISU_ILCC_NMC,ISU_ILCC_NMC/G49C1,132.00137731481482,0
EXT-06449,6448,ISU_ILCC_NMC,ISU_ILCC_NMC/G49C1,139.99637731481482,0
EXT-06450,6449,ISU_ILCC_NMC,ISU_ILCC_NMC/G49C1,148.01445601851853,0
EXT-06451,6450,ISU_ILCC_NMC,ISU_ILCC_NMC/G49C1,156.04552083333334,0
EXT-06452,6451,ISU_ILCC_NMC,ISU_ILCC_NMC/G49C1,164.01561342592592,0
EXT-06453,6452,ISU_ILCC_NMC,ISU_ILCC_NMC/G49C1,172.00467592592594,0
EXT-06454,6453,ISU_ILCC_NMC,ISU_ILCC_NMC/G49C1,180.03675925925927,0
EXT-06455,6454,ISU_ILCC_NMC,ISU_ILCC_NMC/G49C1,188.12222222222223,0
EXT-06456,6455,ISU_ILCC_NMC,ISU_ILCC_NMC/G49C1,196.11685185185186,0
EXT-06457,6456,ISU_ILCC_NMC,ISU_ILCC_NMC/G49C1,205.12983796296297,0
EXT-06458,6457,ISU_ILCC_NMC,ISU_ILCC_NMC/G49C1,214.99444444444444,0
EXT-06459,6458,ISU_ILCC_NMC,ISU_ILCC_NMC/G49C1,223.0708912037037,0
EXT-06460,6459,ISU_ILCC_NMC,ISU_ILCC_NMC/G49C1,231.01177083333334,0
EXT-06461,6460,ISU_ILCC_NMC,ISU_ILCC_NMC/G49C1,240.20609953703703,0
EXT-06462,6461,ISU_ILCC_NMC,ISU_ILCC_NMC/G49C1,248.81516203703703,0
EXT-06463,6462,ISU_ILCC_NMC,ISU_ILCC_NMC/G49C1,257.12086805555555,0
EXT-06464,6463,ISU_ILCC_NMC,ISU_ILCC_NMC/G49C1,266.1808449074074,0
EXT-06465,6464,ISU_ILCC_NMC,ISU_ILCC_NMC/G49C1,274.59689814814817,0
EXT-06466,6465,ISU_ILCC_NMC,ISU_ILCC_NMC/G49C1,282.66983796296296,0
EXT-06467,6466,ISU_ILCC_NMC,ISU_ILCC_NMC/G49C1,292.60952546296295,0
EXT-06468,6467,ISU_ILCC_NMC,ISU_ILCC_NMC/G49C2,33.9940162037037,0
EXT-06469,6468,ISU_ILCC_NMC,ISU_ILCC_NMC/G49C2,41.79813657407407,0
EXT-06470,6469,ISU_ILCC_NMC,ISU_ILCC_NMC/G49C2,49.999652777777776,0
EXT-06471,6470,ISU_ILCC_NMC,ISU_ILCC_NMC/G49C2,57.99947916666667,0
EXT-06472,6471,ISU_ILCC_NMC,ISU_ILCC_NMC/G49C2,65.99377314814815,0
EXT-06473,6472,ISU_ILCC_NMC,ISU_ILCC_NMC/G49C2,74.00304398148148,0
EXT-06474,6473,ISU_ILCC_NMC,ISU_ILCC_NMC/G49C2,84.0103587962963,0
EXT-06475,6474,ISU_ILCC_NMC,ISU_ILCC_NMC/G49C2,91.99516203703703,0
EXT-06476,6475,ISU_ILCC_NMC,ISU_ILCC_NMC/G49C2,100.03120370370371,0
EXT-06477,6476,ISU_ILCC_NMC,ISU_ILCC_NMC/G49C2,107.99980324074075,0
EXT-06478,6477,ISU_ILCC_NMC,ISU_ILCC_NMC/G49C2,116.02817129629629,0
EXT-06479,6478,ISU_ILCC_NMC,ISU_ILCC_NMC/G49C2,124.02560185185185,0
EXT-06480,6479,ISU_ILCC_NMC,ISU_ILCC_NMC/G49C2,132.0013888888889,0
EXT-06481,6480,ISU_ILCC_NMC,ISU_ILCC_NMC/G49C2,139.99637731481482,0
EXT-06482,6481,ISU_ILCC_NMC,ISU_ILCC_NMC/G49C2,148.01445601851853,0
EXT-06483,6482,ISU_ILCC_NMC,ISU_ILCC_NMC/G49C2,156.04552083333334,0
EXT-06484,6483,ISU_ILCC_NMC,ISU_ILCC_NMC/G49C2,164.01561342592592,0
EXT-06485,6484,ISU_ILCC_NMC,ISU_ILCC_NMC/G49C2,172.00467592592594,0
EXT-06486,6485,ISU_ILCC_NMC,ISU_ILCC_NMC/G49C2,180.03675925925927,0
EXT-06487,6486,ISU_ILCC_NMC,ISU_ILCC_NMC/G49C2,188.12222222222223,0
EXT-06488,6487,ISU_ILCC_NMC,ISU_ILCC_NMC/G49C2,196.11685185185186,0
EXT-06489,6488,ISU_ILCC_NMC,ISU_ILCC_NMC/G49C2,205.12983796296297,0
EXT-06490,6489,ISU_ILCC_NMC,ISU_ILCC_NMC/G49C2,214.99444444444444,0
EXT-06491,6490,ISU_ILCC_NMC,ISU_ILCC_NMC/G49C2,223.0708912037037,0
EXT-06492,6491,ISU_ILCC_NMC,ISU_ILCC_NMC/G49C2,231.01177083333334,0
EXT-06493,6492,ISU_ILCC_NMC,ISU_ILCC_NMC/G49C2,240.2061111111111,0
EXT-06494,6493,ISU_ILCC_NMC,ISU_ILCC_NMC/G49C2,248.8151736111111,0
EXT-06495,6494,ISU_ILCC_NMC,ISU_ILCC_NMC/G49C2,257.12086805555555,0
EXT-06496,6495,ISU_ILCC_NMC,ISU_ILCC_NMC/G49C2,266.1808449074074,0
EXT-06497,6496,ISU_ILCC_NMC,ISU_ILCC_NMC/G49C2,274.59689814814817,0
EXT-06498,6497,ISU_ILCC_NMC,ISU_ILCC_NMC/G49C2,282.66983796296296,0
EXT-06499,6498,ISU_ILCC_NMC,ISU_ILCC_NMC/G49C2,292.60952546296295,0
EXT-06500,6499,ISU_ILCC_NMC,ISU_ILCC_NMC/G49C3,33.9940162037037,0
EXT-06501,6500,ISU_ILCC_NMC,ISU_ILCC_NMC/G49C3,41.79813657407407,0
EXT-06502,6501,ISU_ILCC_NMC,ISU_ILCC_NMC/G49C3,49.999652777777776,0
EXT-06503,6502,ISU_ILCC_NMC,ISU_ILCC_NMC/G49C3,57.99947916666667,0
EXT-06504,6503,ISU_ILCC_NMC,ISU_ILCC_NMC/G49C3,65.99377314814815,0
EXT-06505,6504,ISU_ILCC_NMC,ISU_ILCC_NMC/G49C3,74.00304398148148,0
EXT-06506,6505,ISU_ILCC_NMC,ISU_ILCC_NMC/G49C3,84.0103587962963,0
EXT-06507,6506,ISU_ILCC_NMC,ISU_ILCC_NMC/G49C3,91.99516203703703,0
EXT-06508,6507,ISU_ILCC_NMC,ISU_ILCC_NMC/G49C3,100.03120370370371,0
EXT-06509,6508,ISU_ILCC_NMC,ISU_ILCC_NMC/G49C3,107.99980324074075,0
EXT-06510,6509,ISU_ILCC_NMC,ISU_ILCC_NMC/G49C3,116.02817129629629,0
EXT-06511,6510,ISU_ILCC_NMC,ISU_ILCC_NMC/G49C3,124.02560185185185,0
EXT-06512,6511,ISU_ILCC_NMC,ISU_ILCC_NMC/G49C3,132.0013888888889,0
EXT-06513,6512,ISU_ILCC_NMC,ISU_ILCC_NMC/G49C3,139.99637731481482,0
EXT-06514,6513,ISU_ILCC_NMC,ISU_ILCC_NMC/G49C3,148.01445601851853,0
EXT-06515,6514,ISU_ILCC_NMC,ISU_ILCC_NMC/G49C3,156.04552083333334,0
EXT-06516,6515,ISU_ILCC_NMC,ISU_ILCC_NMC/G49C3,164.01561342592592,0
EXT-06517,6516,ISU_ILCC_NMC,ISU_ILCC_NMC/G49C3,172.00467592592594,0
EXT-06518,6517,ISU_ILCC_NMC,ISU_ILCC_NMC/G49C3,180.03675925925927,0
EXT-06519,6518,ISU_ILCC_NMC,ISU_ILCC_NMC/G49C3,188.12222222222223,0
EXT-06520,6519,ISU_ILCC_NMC,ISU_ILCC_NMC/G49C3,196.11685185185186,0
EXT-06521,6520,ISU_ILCC_NMC,ISU_ILCC_NMC/G49C3,205.12983796296297,0
EXT-06522,6521,ISU_ILCC_NMC,ISU_ILCC_NMC/G49C3,214.99444444444444,0
EXT-06523,6522,ISU_ILCC_NMC,ISU_ILCC_NMC/G49C3,223.0708912037037,0
EXT-06524,6523,ISU_ILCC_NMC,ISU_ILCC_NMC/G49C3,231.01177083333334,0
EXT-06525,6524,ISU_ILCC_NMC,ISU_ILCC_NMC/G49C3,240.2061111111111,0
EXT-06526,6525,ISU_ILCC_NMC,ISU_ILCC_NMC/G49C3,248.8151736111111,0
EXT-06527,6526,ISU_ILCC_NMC,ISU_ILCC_NMC/G49C3,257.12086805555555,0
EXT-06528,6527,ISU_ILCC_NMC,ISU_ILCC_NMC/G49C3,266.1808449074074,0
EXT-06529,6528,ISU_ILCC_NMC,ISU_ILCC_NMC/G49C3,274.59689814814817,0
EXT-06530,6529,ISU_ILCC_NMC,ISU_ILCC_NMC/G49C3,282.66983796296296,0
EXT-06531,6530,ISU_ILCC_NMC,ISU_ILCC_NMC/G49C3,292.60952546296295,0
EXT-06532,6531,ISU_ILCC_NMC,ISU_ILCC_NMC/G49C4,33.9940162037037,0
EXT-06533,6532,ISU_ILCC_NMC,ISU_ILCC_NMC/G49C4,41.79813657407407,0
EXT-06534,6533,ISU_ILCC_NMC,ISU_ILCC_NMC/G49C4,49.999652777777776,0
EXT-06535,6534,ISU_ILCC_NMC,ISU_ILCC_NMC/G49C4,57.99947916666667,0
EXT-06536,6535,ISU_ILCC_NMC,ISU_ILCC_NMC/G49C4,65.99377314814815,0
EXT-06537,6536,ISU_ILCC_NMC,ISU_ILCC_NMC/G49C4,74.00304398148148,0
EXT-06538,6537,ISU_ILCC_NMC,ISU_ILCC_NMC/G49C4,84.0103587962963,0
EXT-06539,6538,ISU_ILCC_NMC,ISU_ILCC_NMC/G49C4,91.99516203703703,0
EXT-06540,6539,ISU_ILCC_NMC,ISU_ILCC_NMC/G49C4,100.03120370370371,0
EXT-06541,6540,ISU_ILCC_NMC,ISU_ILCC_NMC/G49C4,107.99980324074075,0
EXT-06542,6541,ISU_ILCC_NMC,ISU_ILCC_NMC/G49C4,116.02817129629629,0
EXT-06543,6542,ISU_ILCC_NMC,ISU_ILCC_NMC/G49C4,124.02560185185185,0
EXT-06544,6543,ISU_ILCC_NMC,ISU_ILCC_NMC/G49C4,132.0013888888889,0
EXT-06545,6544,ISU_ILCC_NMC,ISU_ILCC_NMC/G49C4,139.99637731481482,0
EXT-06546,6545,ISU_ILCC_NMC,ISU_ILCC_NMC/G49C4,148.01445601851853,0
EXT-06547,6546,ISU_ILCC_NMC,ISU_ILCC_NMC/G49C4,156.04552083333334,0
EXT-06548,6547,ISU_ILCC_NMC,ISU_ILCC_NMC/G49C4,164.01561342592592,0
EXT-06549,6548,ISU_ILCC_NMC,ISU_ILCC_NMC/G49C4,172.0046875,0
EXT-06550,6549,ISU_ILCC_NMC,ISU_ILCC_NMC/G49C4,180.03675925925927,0
EXT-06551,6550,ISU_ILCC_NMC,ISU_ILCC_NMC/G49C4,188.12222222222223,0
EXT-06552,6551,ISU_ILCC_NMC,ISU_ILCC_NMC/G49C4,196.11685185185186,0
EXT-06553,6552,ISU_ILCC_NMC,ISU_ILCC_NMC/G49C4,205.12983796296297,0
EXT-06554,6553,ISU_ILCC_NMC,ISU_ILCC_NMC/G49C4,214.99444444444444,0
EXT-06555,6554,ISU_ILCC_NMC,ISU_ILCC_NMC/G49C4,223.0708912037037,0
EXT-06556,6555,ISU_ILCC_NMC,ISU_ILCC_NMC/G49C4,231.01177083333334,0
EXT-06557,6556,ISU_ILCC_NMC,ISU_ILCC_NMC/G49C4,240.2061111111111,0
EXT-06558,6557,ISU_ILCC_NMC,ISU_ILCC_NMC/G49C4,248.8151736111111,0
EXT-06559,6558,ISU_ILCC_NMC,ISU_ILCC_NMC/G49C4,257.12086805555555,0
EXT-06560,6559,ISU_ILCC_NMC,ISU_ILCC_NMC/G49C4,266.1808449074074,0
EXT-06561,6560,ISU_ILCC_NMC,ISU_ILCC_NMC/G49C4,274.59689814814817,0
EXT-06562,6561,ISU_ILCC_NMC,ISU_ILCC_NMC/G49C4,282.66983796296296,0
EXT-06563,6562,ISU_ILCC_NMC,ISU_ILCC_NMC/G49C4,292.60952546296295,0
EXT-06564,6563,ISU_ILCC_NMC,ISU_ILCC_NMC/G50C1,33.9940162037037,0
EXT-06565,6564,ISU_ILCC_NMC,ISU_ILCC_NMC/G50C1,41.79813657407407,0
EXT-06566,6565,ISU_ILCC_NMC,ISU_ILCC_NMC/G50C1,49.999652777777776,0
EXT-06567,6566,ISU_ILCC_NMC,ISU_ILCC_NMC/G50C1,57.99947916666667,0
EXT-06568,6567,ISU_ILCC_NMC,ISU_ILCC_NMC/G50C1,65.99377314814815,0
EXT-06569,6568,ISU_ILCC_NMC,ISU_ILCC_NMC/G50C1,74.00304398148148,0
EXT-06570,6569,ISU_ILCC_NMC,ISU_ILCC_NMC/G50C1,84.0103587962963,0
EXT-06571,6570,ISU_ILCC_NMC,ISU_ILCC_NMC/G50C1,91.99516203703703,0
EXT-06572,6571,ISU_ILCC_NMC,ISU_ILCC_NMC/G50C1,100.03120370370371,0
EXT-06573,6572,ISU_ILCC_NMC,ISU_ILCC_NMC/G50C1,107.99980324074075,0
EXT-06574,6573,ISU_ILCC_NMC,ISU_ILCC_NMC/G50C1,116.02817129629629,0
EXT-06575,6574,ISU_ILCC_NMC,ISU_ILCC_NMC/G50C1,124.02560185185185,0
EXT-06576,6575,ISU_ILCC_NMC,ISU_ILCC_NMC/G50C1,132.0013888888889,0
EXT-06577,6576,ISU_ILCC_NMC,ISU_ILCC_NMC/G50C1,139.99637731481482,0
EXT-06578,6577,ISU_ILCC_NMC,ISU_ILCC_NMC/G50C1,148.01445601851853,0
EXT-06579,6578,ISU_ILCC_NMC,ISU_ILCC_NMC/G50C1,156.04552083333334,0
EXT-06580,6579,ISU_ILCC_NMC,ISU_ILCC_NMC/G50C1,164.01561342592592,0
EXT-06581,6580,ISU_ILCC_NMC,ISU_ILCC_NMC/G50C1,172.0046875,0
EXT-06582,6581,ISU_ILCC_NMC,ISU_ILCC_NMC/G50C1,180.03675925925927,0
EXT-06583,6582,ISU_ILCC_NMC,ISU_ILCC_NMC/G50C1,188.12222222222223,0
EXT-06584,6583,ISU_ILCC_NMC,ISU_ILCC_NMC/G50C1,196.11685185185186,0
EXT-06585,6584,ISU_ILCC_NMC,ISU_ILCC_NMC/G50C1,205.12983796296297,0
EXT-06586,6585,ISU_ILCC_NMC,ISU_ILCC_NMC/G50C1,214.99444444444444,0
EXT-06587,6586,ISU_ILCC_NMC,ISU_ILCC_NMC/G50C1,223.0708912037037,0
EXT-06588,6587,ISU_ILCC_NMC,ISU_ILCC_NMC/G50C1,231.01177083333334,0
EXT-06589,6588,ISU_ILCC_NMC,ISU_ILCC_NMC/G50C1,240.2061111111111,0
EXT-06590,6589,ISU_ILCC_NMC,ISU_ILCC_NMC/G50C2,33.9940162037037,0
EXT-06591,6590,ISU_ILCC_NMC,ISU_ILCC_NMC/G50C2,41.79813657407407,0
EXT-06592,6591,ISU_ILCC_NMC,ISU_ILCC_NMC/G50C2,49.999652777777776,0
EXT-06593,6592,ISU_ILCC_NMC,ISU_ILCC_NMC/G50C2,57.99947916666667,0
EXT-06594,6593,ISU_ILCC_NMC,ISU_ILCC_NMC/G50C2,65.99377314814815,0
EXT-06595,6594,ISU_ILCC_NMC,ISU_ILCC_NMC/G50C2,74.00304398148148,0
EXT-06596,6595,ISU_ILCC_NMC,ISU_ILCC_NMC/G50C2,84.0103587962963,0
EXT-06597,6596,ISU_ILCC_NMC,ISU_ILCC_NMC/G50C2,91.99516203703703,0
EXT-06598,6597,ISU_ILCC_NMC,ISU_ILCC_NMC/G50C2,100.03120370370371,0
EXT-06599,6598,ISU_ILCC_NMC,ISU_ILCC_NMC/G50C2,107.99980324074075,0
EXT-06600,6599,ISU_ILCC_NMC,ISU_ILCC_NMC/G50C2,116.02817129629629,0
EXT-06601,6600,ISU_ILCC_NMC,ISU_ILCC_NMC/G50C2,124.02560185185185,0
EXT-06602,6601,ISU_ILCC_NMC,ISU_ILCC_NMC/G50C2,132.0013888888889,0
EXT-06603,6602,ISU_ILCC_NMC,ISU_ILCC_NMC/G50C2,139.99637731481482,0
EXT-06604,6603,ISU_ILCC_NMC,ISU_ILCC_NMC/G50C2,148.01445601851853,0
EXT-06605,6604,ISU_ILCC_NMC,ISU_ILCC_NMC/G50C2,156.04552083333334,0
EXT-06606,6605,ISU_ILCC_NMC,ISU_ILCC_NMC/G50C2,164.01561342592592,0
EXT-06607,6606,ISU_ILCC_NMC,ISU_ILCC_NMC/G50C2,172.0046875,0
EXT-06608,6607,ISU_ILCC_NMC,ISU_ILCC_NMC/G50C2,180.03675925925927,0
EXT-06609,6608,ISU_ILCC_NMC,ISU_ILCC_NMC/G50C2,189.13734953703704,0
EXT-06610,6609,ISU_ILCC_NMC,ISU_ILCC_NMC/G50C3,33.9940162037037,0
EXT-06611,6610,ISU_ILCC_NMC,ISU_ILCC_NMC/G50C3,41.79813657407407,0
EXT-06612,6611,ISU_ILCC_NMC,ISU_ILCC_NMC/G50C3,49.999652777777776,0
EXT-06613,6612,ISU_ILCC_NMC,ISU_ILCC_NMC/G50C3,57.99947916666667,0
EXT-06614,6613,ISU_ILCC_NMC,ISU_ILCC_NMC/G50C3,65.99377314814815,0
EXT-06615,6614,ISU_ILCC_NMC,ISU_ILCC_NMC/G50C3,74.00304398148148,0
EXT-06616,6615,ISU_ILCC_NMC,ISU_ILCC_NMC/G50C3,84.0103587962963,0
EXT-06617,6616,ISU_ILCC_NMC,ISU_ILCC_NMC/G50C3,91.99516203703703,0
EXT-06618,6617,ISU_ILCC_NMC,ISU_ILCC_NMC/G50C3,100.03120370370371,0
EXT-06619,6618,ISU_ILCC_NMC,ISU_ILCC_NMC/G50C3,107.99980324074075,0
EXT-06620,6619,ISU_ILCC_NMC,ISU_ILCC_NMC/G50C3,116.02817129629629,0
EXT-06621,6620,ISU_ILCC_NMC,ISU_ILCC_NMC/G50C3,124.02560185185185,0
EXT-06622,6621,ISU_ILCC_NMC,ISU_ILCC_NMC/G50C3,132.0013888888889,0
EXT-06623,6622,ISU_ILCC_NMC,ISU_ILCC_NMC/G50C3,139.99637731481482,0
EXT-06624,6623,ISU_ILCC_NMC,ISU_ILCC_NMC/G50C3,148.01445601851853,0
EXT-06625,6624,ISU_ILCC_NMC,ISU_ILCC_NMC/G50C3,156.04552083333334,0
EXT-06626,6625,ISU_ILCC_NMC,ISU_ILCC_NMC/G50C3,164.01561342592592,0
EXT-06627,6626,ISU_ILCC_NMC,ISU_ILCC_NMC/G50C3,172.0046875,0
EXT-06628,6627,ISU_ILCC_NMC,ISU_ILCC_NMC/G50C3,180.03675925925927,0
EXT-06629,6628,ISU_ILCC_NMC,ISU_ILCC_NMC/G50C3,188.12222222222223,0
EXT-06630,6629,ISU_ILCC_NMC,ISU_ILCC_NMC/G50C3,196.11685185185186,0
EXT-06631,6630,ISU_ILCC_NMC,ISU_ILCC_NMC/G50C3,205.12983796296297,0
EXT-06632,6631,ISU_ILCC_NMC,ISU_ILCC_NMC/G50C3,214.99444444444444,0
EXT-06633,6632,ISU_ILCC_NMC,ISU_ILCC_NMC/G50C3,223.0708912037037,0
EXT-06634,6633,ISU_ILCC_NMC,ISU_ILCC_NMC/G50C3,231.01177083333334,0
EXT-06635,6634,ISU_ILCC_NMC,ISU_ILCC_NMC/G50C3,240.2061111111111,0
EXT-06636,6635,ISU_ILCC_NMC,ISU_ILCC_NMC/G50C3,248.8151736111111,0
EXT-06637,6636,ISU_ILCC_NMC,ISU_ILCC_NMC/G50C3,257.12086805555555,0
EXT-06638,6637,ISU_ILCC_NMC,ISU_ILCC_NMC/G50C3,266.1808449074074,0
EXT-06639,6638,ISU_ILCC_NMC,ISU_ILCC_NMC/G50C3,274.59689814814817,0
EXT-06640,6639,ISU_ILCC_NMC,ISU_ILCC_NMC/G50C4,33.9940162037037,0
EXT-06641,6640,ISU_ILCC_NMC,ISU_ILCC_NMC/G50C4,41.79813657407407,0
EXT-06642,6641,ISU_ILCC_NMC,ISU_ILCC_NMC/G50C4,49.999652777777776,0
EXT-06643,6642,ISU_ILCC_NMC,ISU_ILCC_NMC/G50C4,57.99947916666667,0
EXT-06644,6643,ISU_ILCC_NMC,ISU_ILCC_NMC/G50C4,65.99377314814815,0
EXT-06645,6644,ISU_ILCC_NMC,ISU_ILCC_NMC/G50C4,74.00304398148148,0
EXT-06646,6645,ISU_ILCC_NMC,ISU_ILCC_NMC/G50C4,84.0103587962963,0
EXT-06647,6646,ISU_ILCC_NMC,ISU_ILCC_NMC/G50C4,91.99516203703703,0
EXT-06648,6647,ISU_ILCC_NMC,ISU_ILCC_NMC/G50C4,100.03120370370371,0
EXT-06649,6648,ISU_ILCC_NMC,ISU_ILCC_NMC/G50C4,107.99980324074075,0
EXT-06650,6649,ISU_ILCC_NMC,ISU_ILCC_NMC/G50C4,116.02817129629629,0
EXT-06651,6650,ISU_ILCC_NMC,ISU_ILCC_NMC/G50C4,124.02560185185185,0
EXT-06652,6651,ISU_ILCC_NMC,ISU_ILCC_NMC/G50C4,132.0013888888889,0
EXT-06653,6652,ISU_ILCC_NMC,ISU_ILCC_NMC/G50C4,139.99637731481482,0
EXT-06654,6653,ISU_ILCC_NMC,ISU_ILCC_NMC/G50C4,148.01445601851853,0
EXT-06655,6654,ISU_ILCC_NMC,ISU_ILCC_NMC/G50C4,156.04552083333334,0
EXT-06656,6655,ISU_ILCC_NMC,ISU_ILCC_NMC/G50C4,164.01561342592592,0
EXT-06657,6656,ISU_ILCC_NMC,ISU_ILCC_NMC/G50C4,172.0046875,0
EXT-06658,6657,ISU_ILCC_NMC,ISU_ILCC_NMC/G50C4,180.03675925925927,0
EXT-06659,6658,ISU_ILCC_NMC,ISU_ILCC_NMC/G50C4,188.12222222222223,0
EXT-06660,6659,ISU_ILCC_NMC,ISU_ILCC_NMC/G50C4,196.11685185185186,0
EXT-06661,6660,ISU_ILCC_NMC,ISU_ILCC_NMC/G50C4,205.12983796296297,0
EXT-06662,6661,ISU_ILCC_NMC,ISU_ILCC_NMC/G50C4,214.99444444444444,0
EXT-06663,6662,ISU_ILCC_NMC,ISU_ILCC_NMC/G50C4,223.0708912037037,0
EXT-06664,6663,ISU_ILCC_NMC,ISU_ILCC_NMC/G50C4,231.01177083333334,0
EXT-06665,6664,ISU_ILCC_NMC,ISU_ILCC_NMC/G50C4,240.2061111111111,0
EXT-06666,6665,ISU_ILCC_NMC,ISU_ILCC_NMC/G50C4,248.8151736111111,0
EXT-06667,6666,ISU_ILCC_NMC,ISU_ILCC_NMC/G51C1,33.9940162037037,0
EXT-06668,6667,ISU_ILCC_NMC,ISU_ILCC_NMC/G51C1,41.79813657407407,0
EXT-06669,6668,ISU_ILCC_NMC,ISU_ILCC_NMC/G51C1,49.999652777777776,0
EXT-06670,6669,ISU_ILCC_NMC,ISU_ILCC_NMC/G51C1,57.99947916666667,0
EXT-06671,6670,ISU_ILCC_NMC,ISU_ILCC_NMC/G51C1,65.99377314814815,0
EXT-06672,6671,ISU_ILCC_NMC,ISU_ILCC_NMC/G51C1,74.00304398148148,0
EXT-06673,6672,ISU_ILCC_NMC,ISU_ILCC_NMC/G51C1,84.0103587962963,0
EXT-06674,6673,ISU_ILCC_NMC,ISU_ILCC_NMC/G51C1,91.99516203703703,0
EXT-06675,6674,ISU_ILCC_NMC,ISU_ILCC_NMC/G51C1,100.03120370370371,0
EXT-06676,6675,ISU_ILCC_NMC,ISU_ILCC_NMC/G51C1,107.99980324074075,0
EXT-06677,6676,ISU_ILCC_NMC,ISU_ILCC_NMC/G51C1,116.02817129629629,0
EXT-06678,6677,ISU_ILCC_NMC,ISU_ILCC_NMC/G51C2,33.9940162037037,0
EXT-06679,6678,ISU_ILCC_NMC,ISU_ILCC_NMC/G51C2,41.79813657407407,0
EXT-06680,6679,ISU_ILCC_NMC,ISU_ILCC_NMC/G51C2,49.999652777777776,0
EXT-06681,6680,ISU_ILCC_NMC,ISU_ILCC_NMC/G51C2,57.99947916666667,0
EXT-06682,6681,ISU_ILCC_NMC,ISU_ILCC_NMC/G51C2,65.99377314814815,0
EXT-06683,6682,ISU_ILCC_NMC,ISU_ILCC_NMC/G51C2,74.00304398148148,0
EXT-06684,6683,ISU_ILCC_NMC,ISU_ILCC_NMC/G51C2,84.0103587962963,0
EXT-06685,6684,ISU_ILCC_NMC,ISU_ILCC_NMC/G51C2,91.99516203703703,0
EXT-06686,6685,ISU_ILCC_NMC,ISU_ILCC_NMC/G51C2,100.03120370370371,0
EXT-06687,6686,ISU_ILCC_NMC,ISU_ILCC_NMC/G51C2,107.99980324074075,0
EXT-06688,6687,ISU_ILCC_NMC,ISU_ILCC_NMC/G51C2,116.02817129629629,0
EXT-06689,6688,ISU_ILCC_NMC,ISU_ILCC_NMC/G51C2,124.02560185185185,0
EXT-06690,6689,ISU_ILCC_NMC,ISU_ILCC_NMC/G51C3,33.9940162037037,0
EXT-06691,6690,ISU_ILCC_NMC,ISU_ILCC_NMC/G51C3,41.79813657407407,0
EXT-06692,6691,ISU_ILCC_NMC,ISU_ILCC_NMC/G51C3,49.999652777777776,0
EXT-06693,6692,ISU_ILCC_NMC,ISU_ILCC_NMC/G51C3,57.99947916666667,0
EXT-06694,6693,ISU_ILCC_NMC,ISU_ILCC_NMC/G51C3,65.99377314814815,0
EXT-06695,6694,ISU_ILCC_NMC,ISU_ILCC_NMC/G51C3,74.00304398148148,0
EXT-06696,6695,ISU_ILCC_NMC,ISU_ILCC_NMC/G51C3,84.0103587962963,0
EXT-06697,6696,ISU_ILCC_NMC,ISU_ILCC_NMC/G51C3,91.99516203703703,0
EXT-06698,6697,ISU_ILCC_NMC,ISU_ILCC_NMC/G51C3,100.03120370370371,0
EXT-06699,6698,ISU_ILCC_NMC,ISU_ILCC_NMC/G51C3,107.99980324074075,0
EXT-06700,6699,ISU_ILCC_NMC,ISU_ILCC_NMC/G51C4,33.9940162037037,0
EXT-06701,6700,ISU_ILCC_NMC,ISU_ILCC_NMC/G51C4,41.79813657407407,0
EXT-06702,6701,ISU_ILCC_NMC,ISU_ILCC_NMC/G51C4,49.999652777777776,0
EXT-06703,6702,ISU_ILCC_NMC,ISU_ILCC_NMC/G51C4,57.99947916666667,0
EXT-06704,6703,ISU_ILCC_NMC,ISU_ILCC_NMC/G51C4,65.99377314814815,0
EXT-06705,6704,ISU_ILCC_NMC,ISU_ILCC_NMC/G51C4,74.00304398148148,0
EXT-06706,6705,ISU_ILCC_NMC,ISU_ILCC_NMC/G51C4,84.0103587962963,0
EXT-06707,6706,ISU_ILCC_NMC,ISU_ILCC_NMC/G51C4,91.99516203703703,0
EXT-06708,6707,ISU_ILCC_NMC,ISU_ILCC_NMC/G51C4,100.03120370370371,0
EXT-06709,6708,ISU_ILCC_NMC,ISU_ILCC_NMC/G51C4,107.99980324074075,0
EXT-06710,6709,ISU_ILCC_NMC,ISU_ILCC_NMC/G51C4,116.02817129629629,0
EXT-06711,6710,ISU_ILCC_NMC,ISU_ILCC_NMC/G51C4,124.02560185185185,0
EXT-06712,6711,ISU_ILCC_NMC,ISU_ILCC_NMC/G52C1,35.165798611111114,0
EXT-06713,6712,ISU_ILCC_NMC,ISU_ILCC_NMC/G52C1,44.1465625,0
EXT-06714,6713,ISU_ILCC_NMC,ISU_ILCC_NMC/G52C1,52.149166666666666,0
EXT-06715,6714,ISU_ILCC_NMC,ISU_ILCC_NMC/G52C1,60.13662037037037,0
EXT-06716,6715,ISU_ILCC_NMC,ISU_ILCC_NMC/G52C1,68.13532407407408,0
EXT-06717,6716,ISU_ILCC_NMC,ISU_ILCC_NMC/G52C1,76.14548611111111,0
EXT-06718,6717,ISU_ILCC_NMC,ISU_ILCC_NMC/G52C1,84.14702546296296,0
EXT-06719,6718,ISU_ILCC_NMC,ISU_ILCC_NMC/G52C1,92.14524305555555,0
EXT-06720,6719,ISU_ILCC_NMC,ISU_ILCC_NMC/G52C1,101.01125,0
EXT-06721,6720,ISU_ILCC_NMC,ISU_ILCC_NMC/G52C1,109.22585648148149,0
EXT-06722,6721,ISU_ILCC_NMC,ISU_ILCC_NMC/G52C1,117.13280092592592,0
EXT-06723,6722,ISU_ILCC_NMC,ISU_ILCC_NMC/G52C1,125.13945601851852,0
EXT-06724,6723,ISU_ILCC_NMC,ISU_ILCC_NMC/G52C1,133.1545023148148,0
EXT-06725,6724,ISU_ILCC_NMC,ISU_ILCC_NMC/G52C1,141.14167824074073,0
EXT-06726,6725,ISU_ILCC_NMC,ISU_ILCC_NMC/G52C1,149.13827546296295,0
EXT-06727,6726,ISU_ILCC_NMC,ISU_ILCC_NMC/G52C1,157.13630787037036,0
EXT-06728,6727,ISU_ILCC_NMC,ISU_ILCC_NMC/G52C1,165.13788194444444,0
EXT-06729,6728,ISU_ILCC_NMC,ISU_ILCC_NMC/G52C1,173.15883101851853,0
EXT-06730,6729,ISU_ILCC_NMC,ISU_ILCC_NMC/G52C1,181.14798611111112,0
EXT-06731,6730,ISU_ILCC_NMC,ISU_ILCC_NMC/G52C1,189.15719907407407,0
EXT-06732,6731,ISU_ILCC_NMC,ISU_ILCC_NMC/G52C1,197.14908564814814,0
EXT-06733,6732,ISU_ILCC_NMC,ISU_ILCC_NMC/G52C2,35.165798611111114,0
EXT-06734,6733,ISU_ILCC_NMC,ISU_ILCC_NMC/G52C2,44.1465625,0
EXT-06735,6734,ISU_ILCC_NMC,ISU_ILCC_NMC/G52C2,52.149166666666666,0
EXT-06736,6735,ISU_ILCC_NMC,ISU_ILCC_NMC/G52C2,60.13662037037037,0
EXT-06737,6736,ISU_ILCC_NMC,ISU_ILCC_NMC/G52C2,68.13532407407408,0
EXT-06738,6737,ISU_ILCC_NMC,ISU_ILCC_NMC/G52C2,76.14548611111111,0
EXT-06739,6738,ISU_ILCC_NMC,ISU_ILCC_NMC/G52C2,84.14702546296296,0
EXT-06740,6739,ISU_ILCC_NMC,ISU_ILCC_NMC/G52C2,92.14524305555555,0
EXT-06741,6740,ISU_ILCC_NMC,ISU_ILCC_NMC/G52C2,101.01125,0
EXT-06742,6741,ISU_ILCC_NMC,ISU_ILCC_NMC/G52C2,109.22585648148149,0
EXT-06743,6742,ISU_ILCC_NMC,ISU_ILCC_NMC/G52C2,117.13280092592592,0
EXT-06744,6743,ISU_ILCC_NMC,ISU_ILCC_NMC/G52C2,125.13945601851852,0
EXT-06745,6744,ISU_ILCC_NMC,ISU_ILCC_NMC/G52C2,133.1545023148148,0
EXT-06746,6745,ISU_ILCC_NMC,ISU_ILCC_NMC/G52C2,141.14167824074073,0
EXT-06747,6746,ISU_ILCC_NMC,ISU_ILCC_NMC/G52C2,149.13827546296295,0
EXT-06748,6747,ISU_ILCC_NMC,ISU_ILCC_NMC/G52C2,157.13630787037036,0
EXT-06749,6748,ISU_ILCC_NMC,ISU_ILCC_NMC/G52C3,35.165798611111114,0
EXT-06750,6749,ISU_ILCC_NMC,ISU_ILCC_NMC/G52C3,44.1465625,0
EXT-06751,6750,ISU_ILCC_NMC,ISU_ILCC_NMC/G52C3,52.149166666666666,0
EXT-06752,6751,ISU_ILCC_NMC,ISU_ILCC_NMC/G52C3,60.13662037037037,0
EXT-06753,6752,ISU_ILCC_NMC,ISU_ILCC_NMC/G52C3,68.13532407407408,0
EXT-06754,6753,ISU_ILCC_NMC,ISU_ILCC_NMC/G52C3,76.14548611111111,0
EXT-06755,6754,ISU_ILCC_NMC,ISU_ILCC_NMC/G52C3,84.14702546296296,0
EXT-06756,6755,ISU_ILCC_NMC,ISU_ILCC_NMC/G52C3,92.14524305555555,0
EXT-06757,6756,ISU_ILCC_NMC,ISU_ILCC_NMC/G52C3,101.01125,0
EXT-06758,6757,ISU_ILCC_NMC,ISU_ILCC_NMC/G52C3,109.22585648148149,0
EXT-06759,6758,ISU_ILCC_NMC,ISU_ILCC_NMC/G52C3,117.13280092592592,0
EXT-06760,6759,ISU_ILCC_NMC,ISU_ILCC_NMC/G52C3,125.13945601851852,0
EXT-06761,6760,ISU_ILCC_NMC,ISU_ILCC_NMC/G52C3,133.1545023148148,0
EXT-06762,6761,ISU_ILCC_NMC,ISU_ILCC_NMC/G52C3,141.14167824074073,0
EXT-06763,6762,ISU_ILCC_NMC,ISU_ILCC_NMC/G52C3,149.13827546296295,0
EXT-06764,6763,ISU_ILCC_NMC,ISU_ILCC_NMC/G52C3,157.13630787037036,0
EXT-06765,6764,ISU_ILCC_NMC,ISU_ILCC_NMC/G52C4,35.165798611111114,0
EXT-06766,6765,ISU_ILCC_NMC,ISU_ILCC_NMC/G52C4,44.1465625,0
EXT-06767,6766,ISU_ILCC_NMC,ISU_ILCC_NMC/G52C4,52.149166666666666,0
EXT-06768,6767,ISU_ILCC_NMC,ISU_ILCC_NMC/G52C4,60.13662037037037,0
EXT-06769,6768,ISU_ILCC_NMC,ISU_ILCC_NMC/G52C4,68.13532407407408,0
EXT-06770,6769,ISU_ILCC_NMC,ISU_ILCC_NMC/G52C4,76.14548611111111,0
EXT-06771,6770,ISU_ILCC_NMC,ISU_ILCC_NMC/G52C4,84.14702546296296,0
EXT-06772,6771,ISU_ILCC_NMC,ISU_ILCC_NMC/G52C4,92.14524305555555,0
EXT-06773,6772,ISU_ILCC_NMC,ISU_ILCC_NMC/G52C4,101.01125,0
EXT-06774,6773,ISU_ILCC_NMC,ISU_ILCC_NMC/G52C4,109.22585648148149,0
EXT-06775,6774,ISU_ILCC_NMC,ISU_ILCC_NMC/G52C4,117.13280092592592,0
EXT-06776,6775,ISU_ILCC_NMC,ISU_ILCC_NMC/G52C4,125.13945601851852,0
EXT-06777,6776,ISU_ILCC_NMC,ISU_ILCC_NMC/G52C4,133.1545023148148,0
EXT-06778,6777,ISU_ILCC_NMC,ISU_ILCC_NMC/G52C4,141.14167824074073,0
EXT-06779,6778,ISU_ILCC_NMC,ISU_ILCC_NMC/G52C4,149.13827546296295,0
EXT-06780,6779,ISU_ILCC_NMC,ISU_ILCC_NMC/G52C4,157.13630787037036,0
EXT-06781,6780,ISU_ILCC_NMC,ISU_ILCC_NMC/G52C4,165.13788194444444,0
EXT-06782,6781,ISU_ILCC_NMC,ISU_ILCC_NMC/G52C4,173.15883101851853,0
EXT-06783,6782,ISU_ILCC_NMC,ISU_ILCC_NMC/G53C1,35.165798611111114,0
EXT-06784,6783,ISU_ILCC_NMC,ISU_ILCC_NMC/G53C1,44.1465625,0
EXT-06785,6784,ISU_ILCC_NMC,ISU_ILCC_NMC/G53C2,35.165798611111114,0
EXT-06786,6785,ISU_ILCC_NMC,ISU_ILCC_NMC/G53C2,44.146574074074074,0
EXT-06787,6786,ISU_ILCC_NMC,ISU_ILCC_NMC/G53C2,52.149166666666666,0
EXT-06788,6787,ISU_ILCC_NMC,ISU_ILCC_NMC/G53C3,35.165798611111114,0
EXT-06789,6788,ISU_ILCC_NMC,ISU_ILCC_NMC/G53C3,44.146574074074074,0
EXT-06790,6789,ISU_ILCC_NMC,ISU_ILCC_NMC/G53C3,52.149166666666666,0
EXT-06791,6790,ISU_ILCC_NMC,ISU_ILCC_NMC/G53C4,35.165798611111114,0
EXT-06792,6791,ISU_ILCC_NMC,ISU_ILCC_NMC/G53C4,44.146574074074074,0
EXT-06793,6792,ISU_ILCC_NMC,ISU_ILCC_NMC/G53C4,52.149166666666666,0
EXT-06794,6793,ISU_ILCC_NMC,ISU_ILCC_NMC/G53C4,60.13662037037037,0
EXT-06795,6794,ISU_ILCC_NMC,ISU_ILCC_NMC/G53C4,68.13532407407408,0
EXT-06796,6795,ISU_ILCC_NMC,ISU_ILCC_NMC/G53C4,76.14548611111111,0
EXT-06797,6796,ISU_ILCC_NMC,ISU_ILCC_NMC/G53C4,84.14703703703704,0
EXT-06798,6797,ISU_ILCC_NMC,ISU_ILCC_NMC/G53C4,92.14524305555555,0
EXT-06799,6798,ISU_ILCC_NMC,ISU_ILCC_NMC/G53C4,101.01125,0
EXT-06800,6799,ISU_ILCC_NMC,ISU_ILCC_NMC/G53C4,109.22585648148149,0
EXT-06801,6800,ISU_ILCC_NMC,ISU_ILCC_NMC/G53C4,117.1328125,0
EXT-06802,6801,ISU_ILCC_NMC,ISU_ILCC_NMC/G53C4,125.13945601851852,0
EXT-06803,6802,ISU_ILCC_NMC,ISU_ILCC_NMC/G53C4,133.1545023148148,0
EXT-06804,6803,ISU_ILCC_NMC,ISU_ILCC_NMC/G53C4,141.14167824074073,0
EXT-06805,6804,ISU_ILCC_NMC,ISU_ILCC_NMC/G54C1,35.165798611111114,0
EXT-06806,6805,ISU_ILCC_NMC,ISU_ILCC_NMC/G54C1,44.146574074074074,0
EXT-06807,6806,ISU_ILCC_NMC,ISU_ILCC_NMC/G54C1,52.149166666666666,0
EXT-06808,6807,ISU_ILCC_NMC,ISU_ILCC_NMC/G54C1,60.13662037037037,0
EXT-06809,6808,ISU_ILCC_NMC,ISU_ILCC_NMC/G54C1,68.13532407407408,0
EXT-06810,6809,ISU_ILCC_NMC,ISU_ILCC_NMC/G54C1,76.14548611111111,0
EXT-06811,6810,ISU_ILCC_NMC,ISU_ILCC_NMC/G54C1,84.14703703703704,0
EXT-06812,6811,ISU_ILCC_NMC,ISU_ILCC_NMC/G54C1,92.14524305555555,0
EXT-06813,6812,ISU_ILCC_NMC,ISU_ILCC_NMC/G54C1,101.01125,0
EXT-06814,6813,ISU_ILCC_NMC,ISU_ILCC_NMC/G54C1,109.22585648148149,0
EXT-06815,6814,ISU_ILCC_NMC,ISU_ILCC_NMC/G54C1,117.1328125,0
EXT-06816,6815,ISU_ILCC_NMC,ISU_ILCC_NMC/G54C1,125.13945601851852,0
EXT-06817,6816,ISU_ILCC_NMC,ISU_ILCC_NMC/G54C1,133.1545023148148,0
EXT-06818,6817,ISU_ILCC_NMC,ISU_ILCC_NMC/G54C1,141.14167824074073,0
EXT-06819,6818,ISU_ILCC_NMC,ISU_ILCC_NMC/G54C1,149.13827546296295,0
EXT-06820,6819,ISU_ILCC_NMC,ISU_ILCC_NMC/G54C1,157.13630787037036,0
EXT-06821,6820,ISU_ILCC_NMC,ISU_ILCC_NMC/G54C1,165.13788194444444,0
EXT-06822,6821,ISU_ILCC_NMC,ISU_ILCC_NMC/G54C1,173.1588425925926,0
EXT-06823,6822,ISU_ILCC_NMC,ISU_ILCC_NMC/G54C1,181.14798611111112,0
EXT-06824,6823,ISU_ILCC_NMC,ISU_ILCC_NMC/G54C1,189.15721064814815,0
EXT-06825,6824,ISU_ILCC_NMC,ISU_ILCC_NMC/G54C1,197.14909722222222,0
EXT-06826,6825,ISU_ILCC_NMC,ISU_ILCC_NMC/G54C1,205.1387962962963,0
EXT-06827,6826,ISU_ILCC_NMC,ISU_ILCC_NMC/G54C1,213.74560185185186,0
EXT-06828,6827,ISU_ILCC_NMC,ISU_ILCC_NMC/G54C1,222.17650462962962,0
EXT-06829,6828,ISU_ILCC_NMC,ISU_ILCC_NMC/G54C1,231.37931712962964,0
EXT-06830,6829,ISU_ILCC_NMC,ISU_ILCC_NMC/G54C2,35.165798611111114,0
EXT-06831,6830,ISU_ILCC_NMC,ISU_ILCC_NMC/G54C2,44.146574074074074,0
EXT-06832,6831,ISU_ILCC_NMC,ISU_ILCC_NMC/G54C2,52.149166666666666,0
EXT-06833,6832,ISU_ILCC_NMC,ISU_ILCC_NMC/G54C2,60.13662037037037,0
EXT-06834,6833,ISU_ILCC_NMC,ISU_ILCC_NMC/G54C2,68.13532407407408,0
EXT-06835,6834,ISU_ILCC_NMC,ISU_ILCC_NMC/G54C2,76.14548611111111,0
EXT-06836,6835,ISU_ILCC_NMC,ISU_ILCC_NMC/G54C2,84.14703703703704,0
EXT-06837,6836,ISU_ILCC_NMC,ISU_ILCC_NMC/G54C2,92.14524305555555,0
EXT-06838,6837,ISU_ILCC_NMC,ISU_ILCC_NMC/G54C2,101.01125,0
EXT-06839,6838,ISU_ILCC_NMC,ISU_ILCC_NMC/G54C2,109.22585648148149,0
EXT-06840,6839,ISU_ILCC_NMC,ISU_ILCC_NMC/G54C2,117.1328125,0
EXT-06841,6840,ISU_ILCC_NMC,ISU_ILCC_NMC/G54C2,125.13945601851852,0
EXT-06842,6841,ISU_ILCC_NMC,ISU_ILCC_NMC/G54C2,133.1545023148148,0
EXT-06843,6842,ISU_ILCC_NMC,ISU_ILCC_NMC/G54C2,141.14167824074073,0
EXT-06844,6843,ISU_ILCC_NMC,ISU_ILCC_NMC/G54C2,149.13827546296295,0
EXT-06845,6844,ISU_ILCC_NMC,ISU_ILCC_NMC/G54C2,157.13631944444444,0
EXT-06846,6845,ISU_ILCC_NMC,ISU_ILCC_NMC/G54C2,165.13788194444444,0
EXT-06847,6846,ISU_ILCC_NMC,ISU_ILCC_NMC/G54C2,173.1588425925926,0
EXT-06848,6847,ISU_ILCC_NMC,ISU_ILCC_NMC/G54C2,181.14798611111112,0
EXT-06849,6848,ISU_ILCC_NMC,ISU_ILCC_NMC/G54C2,189.15721064814815,0
EXT-06850,6849,ISU_ILCC_NMC,ISU_ILCC_NMC/G54C2,197.14909722222222,0
EXT-06851,6850,ISU_ILCC_NMC,ISU_ILCC_NMC/G54C2,205.1387962962963,0
EXT-06852,6851,ISU_ILCC_NMC,ISU_ILCC_NMC/G54C2,213.74560185185186,0
EXT-06853,6852,ISU_ILCC_NMC,ISU_ILCC_NMC/G54C2,222.17650462962962,0
EXT-06854,6853,ISU_ILCC_NMC,ISU_ILCC_NMC/G54C2,231.37931712962964,0
EXT-06855,6854,ISU_ILCC_NMC,ISU_ILCC_NMC/G54C2,240.1763425925926,0
EXT-06856,6855,ISU_ILCC_NMC,ISU_ILCC_NMC/G54C2,248.28484953703705,0
EXT-06857,6856,ISU_ILCC_NMC,ISU_ILCC_NMC/G54C2,256.3496875,0
EXT-06858,6857,ISU_ILCC_NMC,ISU_ILCC_NMC/G54C2,265.11028935185186,0
EXT-06859,6858,ISU_ILCC_NMC,ISU_ILCC_NMC/G54C3,35.165798611111114,0
EXT-06860,6859,ISU_ILCC_NMC,ISU_ILCC_NMC/G54C3,44.146574074074074,0
EXT-06861,6860,ISU_ILCC_NMC,ISU_ILCC_NMC/G54C3,52.149166666666666,0
EXT-06862,6861,ISU_ILCC_NMC,ISU_ILCC_NMC/G54C3,60.13662037037037,0
EXT-06863,6862,ISU_ILCC_NMC,ISU_ILCC_NMC/G54C3,68.13532407407408,0
EXT-06864,6863,ISU_ILCC_NMC,ISU_ILCC_NMC/G54C3,76.14548611111111,0
EXT-06865,6864,ISU_ILCC_NMC,ISU_ILCC_NMC/G54C3,84.14703703703704,0
EXT-06866,6865,ISU_ILCC_NMC,ISU_ILCC_NMC/G54C3,92.14524305555555,0
EXT-06867,6866,ISU_ILCC_NMC,ISU_ILCC_NMC/G54C3,101.01125,0
EXT-06868,6867,ISU_ILCC_NMC,ISU_ILCC_NMC/G54C3,109.22585648148149,0
EXT-06869,6868,ISU_ILCC_NMC,ISU_ILCC_NMC/G54C3,117.1328125,0
EXT-06870,6869,ISU_ILCC_NMC,ISU_ILCC_NMC/G54C3,125.13945601851852,0
EXT-06871,6870,ISU_ILCC_NMC,ISU_ILCC_NMC/G54C3,133.1545023148148,0
EXT-06872,6871,ISU_ILCC_NMC,ISU_ILCC_NMC/G54C3,141.14167824074073,0
EXT-06873,6872,ISU_ILCC_NMC,ISU_ILCC_NMC/G54C3,149.13827546296295,0
EXT-06874,6873,ISU_ILCC_NMC,ISU_ILCC_NMC/G54C3,157.13631944444444,0
EXT-06875,6874,ISU_ILCC_NMC,ISU_ILCC_NMC/G54C3,165.13788194444444,0
EXT-06876,6875,ISU_ILCC_NMC,ISU_ILCC_NMC/G54C3,173.1588425925926,0
EXT-06877,6876,ISU_ILCC_NMC,ISU_ILCC_NMC/G54C3,181.14798611111112,0
EXT-06878,6877,ISU_ILCC_NMC,ISU_ILCC_NMC/G54C3,189.15721064814815,0
EXT-06879,6878,ISU_ILCC_NMC,ISU_ILCC_NMC/G54C3,197.14909722222222,0
EXT-06880,6879,ISU_ILCC_NMC,ISU_ILCC_NMC/G54C3,205.1387962962963,0
EXT-06881,6880,ISU_ILCC_NMC,ISU_ILCC_NMC/G54C3,213.74560185185186,0
EXT-06882,6881,ISU_ILCC_NMC,ISU_ILCC_NMC/G54C3,222.17650462962962,0
EXT-06883,6882,ISU_ILCC_NMC,ISU_ILCC_NMC/G54C3,231.37931712962964,0
EXT-06884,6883,ISU_ILCC_NMC,ISU_ILCC_NMC/G54C3,240.1763425925926,0
EXT-06885,6884,ISU_ILCC_NMC,ISU_ILCC_NMC/G54C3,248.28484953703705,0
EXT-06886,6885,ISU_ILCC_NMC,ISU_ILCC_NMC/G54C4,35.165798611111114,0
EXT-06887,6886,ISU_ILCC_NMC,ISU_ILCC_NMC/G54C4,44.146574074074074,0
EXT-06888,6887,ISU_ILCC_NMC,ISU_ILCC_NMC/G54C4,52.149166666666666,0
EXT-06889,6888,ISU_ILCC_NMC,ISU_ILCC_NMC/G54C4,60.13662037037037,0
EXT-06890,6889,ISU_ILCC_NMC,ISU_ILCC_NMC/G54C4,68.13532407407408,0
EXT-06891,6890,ISU_ILCC_NMC,ISU_ILCC_NMC/G54C4,76.14548611111111,0
EXT-06892,6891,ISU_ILCC_NMC,ISU_ILCC_NMC/G54C4,84.14703703703704,0
EXT-06893,6892,ISU_ILCC_NMC,ISU_ILCC_NMC/G54C4,92.14524305555555,0
EXT-06894,6893,ISU_ILCC_NMC,ISU_ILCC_NMC/G54C4,101.01125,0
EXT-06895,6894,ISU_ILCC_NMC,ISU_ILCC_NMC/G54C4,109.22585648148149,0
EXT-06896,6895,ISU_ILCC_NMC,ISU_ILCC_NMC/G54C4,117.1328125,0
EXT-06897,6896,ISU_ILCC_NMC,ISU_ILCC_NMC/G54C4,125.13945601851852,0
EXT-06898,6897,ISU_ILCC_NMC,ISU_ILCC_NMC/G54C4,133.1545023148148,0
EXT-06899,6898,ISU_ILCC_NMC,ISU_ILCC_NMC/G54C4,141.14167824074073,0
EXT-06900,6899,ISU_ILCC_NMC,ISU_ILCC_NMC/G54C4,149.13828703703703,0
EXT-06901,6900,ISU_ILCC_NMC,ISU_ILCC_NMC/G54C4,157.13631944444444,0
EXT-06902,6901,ISU_ILCC_NMC,ISU_ILCC_NMC/G54C4,165.13788194444444,0
EXT-06903,6902,ISU_ILCC_NMC,ISU_ILCC_NMC/G54C4,173.1588425925926,0
EXT-06904,6903,ISU_ILCC_NMC,ISU_ILCC_NMC/G54C4,181.14798611111112,0
EXT-06905,6904,ISU_ILCC_NMC,ISU_ILCC_NMC/G54C4,189.15721064814815,0
EXT-06906,6905,ISU_ILCC_NMC,ISU_ILCC_NMC/G54C4,197.14909722222222,0
EXT-06907,6906,ISU_ILCC_NMC,ISU_ILCC_NMC/G54C4,205.1387962962963,0
EXT-06908,6907,ISU_ILCC_NMC,ISU_ILCC_NMC/G54C4,213.74560185185186,0
EXT-06909,6908,ISU_ILCC_NMC,ISU_ILCC_NMC/G55C1,35.16581018518519,0
EXT-06910,6909,ISU_ILCC_NMC,ISU_ILCC_NMC/G55C1,44.146574074074074,0
EXT-06911,6910,ISU_ILCC_NMC,ISU_ILCC_NMC/G55C1,52.14917824074074,0
EXT-06912,6911,ISU_ILCC_NMC,ISU_ILCC_NMC/G55C1,60.13662037037037,0
EXT-06913,6912,ISU_ILCC_NMC,ISU_ILCC_NMC/G55C1,68.13533564814814,0
EXT-06914,6913,ISU_ILCC_NMC,ISU_ILCC_NMC/G55C1,76.14549768518519,0
EXT-06915,6914,ISU_ILCC_NMC,ISU_ILCC_NMC/G55C1,84.14703703703704,0
EXT-06916,6915,ISU_ILCC_NMC,ISU_ILCC_NMC/G55C1,92.14524305555555,0
EXT-06917,6916,ISU_ILCC_NMC,ISU_ILCC_NMC/G55C1,101.01126157407407,0
EXT-06918,6917,ISU_ILCC_NMC,ISU_ILCC_NMC/G55C1,109.22586805555555,0
EXT-06919,6918,ISU_ILCC_NMC,ISU_ILCC_NMC/G55C1,117.1328125,0
EXT-06920,6919,ISU_ILCC_NMC,ISU_ILCC_NMC/G55C1,125.1394675925926,0
EXT-06921,6920,ISU_ILCC_NMC,ISU_ILCC_NMC/G55C1,133.1545023148148,0
EXT-06922,6921,ISU_ILCC_NMC,ISU_ILCC_NMC/G55C1,141.1416898148148,0
EXT-06923,6922,ISU_ILCC_NMC,ISU_ILCC_NMC/G55C1,149.13828703703703,0
EXT-06924,6923,ISU_ILCC_NMC,ISU_ILCC_NMC/G55C1,157.13631944444444,0
EXT-06925,6924,ISU_ILCC_NMC,ISU_ILCC_NMC/G55C2,35.16581018518519,0
EXT-06926,6925,ISU_ILCC_NMC,ISU_ILCC_NMC/G55C2,44.146574074074074,0
EXT-06927,6926,ISU_ILCC_NMC,ISU_ILCC_NMC/G55C2,52.14917824074074,0
EXT-06928,6927,ISU_ILCC_NMC,ISU_ILCC_NMC/G55C2,60.13662037037037,0
EXT-06929,6928,ISU_ILCC_NMC,ISU_ILCC_NMC/G55C2,68.13533564814814,0
EXT-06930,6929,ISU_ILCC_NMC,ISU_ILCC_NMC/G55C2,76.14549768518519,0
EXT-06931,6930,ISU_ILCC_NMC,ISU_ILCC_NMC/G55C2,84.14703703703704,0
EXT-06932,6931,ISU_ILCC_NMC,ISU_ILCC_NMC/G55C2,92.14524305555555,0
EXT-06933,6932,ISU_ILCC_NMC,ISU_ILCC_NMC/G55C2,101.01126157407407,0
EXT-06934,6933,ISU_ILCC_NMC,ISU_ILCC_NMC/G55C2,109.22586805555555,0
EXT-06935,6934,ISU_ILCC_NMC,ISU_ILCC_NMC/G55C2,117.1328125,0
EXT-06936,6935,ISU_ILCC_NMC,ISU_ILCC_NMC/G55C2,125.1394675925926,0
EXT-06937,6936,ISU_ILCC_NMC,ISU_ILCC_NMC/G55C2,133.1545023148148,0
EXT-06938,6937,ISU_ILCC_NMC,ISU_ILCC_NMC/G55C2,141.1416898148148,0
EXT-06939,6938,ISU_ILCC_NMC,ISU_ILCC_NMC/G55C2,149.13828703703703,0
EXT-06940,6939,ISU_ILCC_NMC,ISU_ILCC_NMC/G55C2,157.13631944444444,0
EXT-06941,6940,ISU_ILCC_NMC,ISU_ILCC_NMC/G55C3,35.165798611111114,0
EXT-06942,6941,ISU_ILCC_NMC,ISU_ILCC_NMC/G55C3,44.1465625,0
EXT-06943,6942,ISU_ILCC_NMC,ISU_ILCC_NMC/G55C3,52.149166666666666,0
EXT-06944,6943,ISU_ILCC_NMC,ISU_ILCC_NMC/G55C3,60.136608796296294,0
EXT-06945,6944,ISU_ILCC_NMC,ISU_ILCC_NMC/G55C3,68.13532407407408,0
EXT-06946,6945,ISU_ILCC_NMC,ISU_ILCC_NMC/G55C3,76.14547453703703,0
EXT-06947,6946,ISU_ILCC_NMC,ISU_ILCC_NMC/G55C3,84.14702546296296,0
EXT-06948,6947,ISU_ILCC_NMC,ISU_ILCC_NMC/G55C3,92.14523148148149,0
EXT-06949,6948,ISU_ILCC_NMC,ISU_ILCC_NMC/G55C3,101.01125,0
EXT-06950,6949,ISU_ILCC_NMC,ISU_ILCC_NMC/G55C3,109.22585648148149,0
EXT-06951,6950,ISU_ILCC_NMC,ISU_ILCC_NMC/G55C3,117.13280092592592,0
EXT-06952,6951,ISU_ILCC_NMC,ISU_ILCC_NMC/G55C3,125.13945601851852,0
EXT-06953,6952,ISU_ILCC_NMC,ISU_ILCC_NMC/G55C3,133.15449074074073,0
EXT-06954,6953,ISU_ILCC_NMC,ISU_ILCC_NMC/G55C3,141.14167824074073,0
EXT-06955,6954,ISU_ILCC_NMC,ISU_ILCC_NMC/G55C4,35.165798611111114,0
EXT-06956,6955,ISU_ILCC_NMC,ISU_ILCC_NMC/G55C4,44.1465625,0
EXT-06957,6956,ISU_ILCC_NMC,ISU_ILCC_NMC/G55C4,52.149166666666666,0
EXT-06958,6957,ISU_ILCC_NMC,ISU_ILCC_NMC/G55C4,60.136608796296294,0
EXT-06959,6958,ISU_ILCC_NMC,ISU_ILCC_NMC/G55C4,68.13532407407408,0
EXT-06960,6959,ISU_ILCC_NMC,ISU_ILCC_NMC/G55C4,76.14547453703703,0
EXT-06961,6960,ISU_ILCC_NMC,ISU_ILCC_NMC/G55C4,84.14702546296296,0
EXT-06962,6961,ISU_ILCC_NMC,ISU_ILCC_NMC/G55C4,92.14523148148149,0
EXT-06963,6962,ISU_ILCC_NMC,ISU_ILCC_NMC/G55C4,101.01125,0
EXT-06964,6963,ISU_ILCC_NMC,ISU_ILCC_NMC/G55C4,109.22585648148149,0
EXT-06965,6964,ISU_ILCC_NMC,ISU_ILCC_NMC/G55C4,117.13280092592592,0
EXT-06966,6965,ISU_ILCC_NMC,ISU_ILCC_NMC/G55C4,125.13945601851852,0
EXT-06967,6966,ISU_ILCC_NMC,ISU_ILCC_NMC/G55C4,133.15449074074073,0
EXT-06968,6967,ISU_ILCC_NMC,ISU_ILCC_NMC/G55C4,141.14167824074073,0
EXT-06969,6968,ISU_ILCC_NMC,ISU_ILCC_NMC/G55C4,149.13827546296295,0
EXT-06970,6969,ISU_ILCC_NMC,ISU_ILCC_NMC/G55C4,157.13630787037036,0
EXT-06971,6970,ISU_ILCC_NMC,ISU_ILCC_NMC/G56C1,35.165798611111114,0
EXT-06972,6971,ISU_ILCC_NMC,ISU_ILCC_NMC/G56C1,44.1465625,0
EXT-06973,6972,ISU_ILCC_NMC,ISU_ILCC_NMC/G56C1,52.149166666666666,0
EXT-06974,6973,ISU_ILCC_NMC,ISU_ILCC_NMC/G56C1,60.13662037037037,0
EXT-06975,6974,ISU_ILCC_NMC,ISU_ILCC_NMC/G56C1,68.13532407407408,0
EXT-06976,6975,ISU_ILCC_NMC,ISU_ILCC_NMC/G56C1,76.14548611111111,0
EXT-06977,6976,ISU_ILCC_NMC,ISU_ILCC_NMC/G56C1,84.14703703703704,0
EXT-06978,6977,ISU_ILCC_NMC,ISU_ILCC_NMC/G56C1,92.14524305555555,0
EXT-06979,6978,ISU_ILCC_NMC,ISU_ILCC_NMC/G56C1,101.01125,0
EXT-06980,6979,ISU_ILCC_NMC,ISU_ILCC_NMC/G56C1,109.22585648148149,0
EXT-06981,6980,ISU_ILCC_NMC,ISU_ILCC_NMC/G56C1,117.13280092592592,0
EXT-06982,6981,ISU_ILCC_NMC,ISU_ILCC_NMC/G56C1,125.13945601851852,0
EXT-06983,6982,ISU_ILCC_NMC,ISU_ILCC_NMC/G56C1,133.1545023148148,0
EXT-06984,6983,ISU_ILCC_NMC,ISU_ILCC_NMC/G56C1,141.14167824074073,0
EXT-06985,6984,ISU_ILCC_NMC,ISU_ILCC_NMC/G56C1,149.13827546296295,0
EXT-06986,6985,ISU_ILCC_NMC,ISU_ILCC_NMC/G56C1,157.13630787037036,0
EXT-06987,6986,ISU_ILCC_NMC,ISU_ILCC_NMC/G56C1,165.13787037037036,0
EXT-06988,6987,ISU_ILCC_NMC,ISU_ILCC_NMC/G56C1,173.15883101851853,0
EXT-06989,6988,ISU_ILCC_NMC,ISU_ILCC_NMC/G56C1,181.14797453703704,0
EXT-06990,6989,ISU_ILCC_NMC,ISU_ILCC_NMC/G56C1,189.15719907407407,0
EXT-06991,6990,ISU_ILCC_NMC,ISU_ILCC_NMC/G56C1,197.14908564814814,0
EXT-06992,6991,ISU_ILCC_NMC,ISU_ILCC_NMC/G56C1,205.1387962962963,0
EXT-06993,6992,ISU_ILCC_NMC,ISU_ILCC_NMC/G56C1,213.74560185185186,0
EXT-06994,6993,ISU_ILCC_NMC,ISU_ILCC_NMC/G56C1,222.17649305555557,0
EXT-06995,6994,ISU_ILCC_NMC,ISU_ILCC_NMC/G56C1,231.37931712962964,0
EXT-06996,6995,ISU_ILCC_NMC,ISU_ILCC_NMC/G56C1,240.1763425925926,0
EXT-06997,6996,ISU_ILCC_NMC,ISU_ILCC_NMC/G56C1,248.28484953703705,0
EXT-06998,6997,ISU_ILCC_NMC,ISU_ILCC_NMC/G56C2,35.165798611111114,0
EXT-06999,6998,ISU_ILCC_NMC,ISU_ILCC_NMC/G56C2,44.146574074074074,0
EXT-07000,6999,ISU_ILCC_NMC,ISU_ILCC_NMC/G56C2,52.149166666666666,0
EXT-07001,7000,ISU_ILCC_NMC,ISU_ILCC_NMC/G56C2,60.13662037037037,0
EXT-07002,7001,ISU_ILCC_NMC,ISU_ILCC_NMC/G56C2,68.13532407407408,0
EXT-07003,7002,ISU_ILCC_NMC,ISU_ILCC_NMC/G56C2,76.14548611111111,0
EXT-07004,7003,ISU_ILCC_NMC,ISU_ILCC_NMC/G56C2,84.14703703703704,0
EXT-07005,7004,ISU_ILCC_NMC,ISU_ILCC_NMC/G56C2,92.14524305555555,0
EXT-07006,7005,ISU_ILCC_NMC,ISU_ILCC_NMC/G56C2,101.01125,0
EXT-07007,7006,ISU_ILCC_NMC,ISU_ILCC_NMC/G56C2,109.22585648148149,0
EXT-07008,7007,ISU_ILCC_NMC,ISU_ILCC_NMC/G56C2,117.13280092592592,0
EXT-07009,7008,ISU_ILCC_NMC,ISU_ILCC_NMC/G56C2,125.13945601851852,0
EXT-07010,7009,ISU_ILCC_NMC,ISU_ILCC_NMC/G56C2,133.1545023148148,0
EXT-07011,7010,ISU_ILCC_NMC,ISU_ILCC_NMC/G56C2,141.14167824074073,0
EXT-07012,7011,ISU_ILCC_NMC,ISU_ILCC_NMC/G56C2,149.13827546296295,0
EXT-07013,7012,ISU_ILCC_NMC,ISU_ILCC_NMC/G56C2,157.13630787037036,0
EXT-07014,7013,ISU_ILCC_NMC,ISU_ILCC_NMC/G56C2,165.13787037037036,0
EXT-07015,7014,ISU_ILCC_NMC,ISU_ILCC_NMC/G56C2,173.15883101851853,0
EXT-07016,7015,ISU_ILCC_NMC,ISU_ILCC_NMC/G56C2,181.14797453703704,0
EXT-07017,7016,ISU_ILCC_NMC,ISU_ILCC_NMC/G56C2,189.15719907407407,0
EXT-07018,7017,ISU_ILCC_NMC,ISU_ILCC_NMC/G56C2,197.14908564814814,0
EXT-07019,7018,ISU_ILCC_NMC,ISU_ILCC_NMC/G56C2,205.1387962962963,0
EXT-07020,7019,ISU_ILCC_NMC,ISU_ILCC_NMC/G56C2,213.74560185185186,0
EXT-07021,7020,ISU_ILCC_NMC,ISU_ILCC_NMC/G56C2,222.17649305555557,0
EXT-07022,7021,ISU_ILCC_NMC,ISU_ILCC_NMC/G56C2,231.37931712962964,0
EXT-07023,7022,ISU_ILCC_NMC,ISU_ILCC_NMC/G56C3,35.165798611111114,0
EXT-07024,7023,ISU_ILCC_NMC,ISU_ILCC_NMC/G56C3,44.146574074074074,0
EXT-07025,7024,ISU_ILCC_NMC,ISU_ILCC_NMC/G56C3,52.149166666666666,0
EXT-07026,7025,ISU_ILCC_NMC,ISU_ILCC_NMC/G56C3,60.13662037037037,0
EXT-07027,7026,ISU_ILCC_NMC,ISU_ILCC_NMC/G56C3,68.13532407407408,0
EXT-07028,7027,ISU_ILCC_NMC,ISU_ILCC_NMC/G56C3,76.14548611111111,0
EXT-07029,7028,ISU_ILCC_NMC,ISU_ILCC_NMC/G56C3,84.14703703703704,0
EXT-07030,7029,ISU_ILCC_NMC,ISU_ILCC_NMC/G56C3,92.14524305555555,0
EXT-07031,7030,ISU_ILCC_NMC,ISU_ILCC_NMC/G56C3,101.01125,0
EXT-07032,7031,ISU_ILCC_NMC,ISU_ILCC_NMC/G56C3,109.22585648148149,0
EXT-07033,7032,ISU_ILCC_NMC,ISU_ILCC_NMC/G56C3,117.13280092592592,0
EXT-07034,7033,ISU_ILCC_NMC,ISU_ILCC_NMC/G56C3,125.13945601851852,0
EXT-07035,7034,ISU_ILCC_NMC,ISU_ILCC_NMC/G56C3,133.1545023148148,0
EXT-07036,7035,ISU_ILCC_NMC,ISU_ILCC_NMC/G56C3,141.14167824074073,0
EXT-07037,7036,ISU_ILCC_NMC,ISU_ILCC_NMC/G56C3,149.13827546296295,0
EXT-07038,7037,ISU_ILCC_NMC,ISU_ILCC_NMC/G56C3,157.13630787037036,0
EXT-07039,7038,ISU_ILCC_NMC,ISU_ILCC_NMC/G56C3,165.13787037037036,0
EXT-07040,7039,ISU_ILCC_NMC,ISU_ILCC_NMC/G56C3,173.15883101851853,0
EXT-07041,7040,ISU_ILCC_NMC,ISU_ILCC_NMC/G56C4,35.165798611111114,0
EXT-07042,7041,ISU_ILCC_NMC,ISU_ILCC_NMC/G56C4,44.146574074074074,0
EXT-07043,7042,ISU_ILCC_NMC,ISU_ILCC_NMC/G56C4,52.149166666666666,0
EXT-07044,7043,ISU_ILCC_NMC,ISU_ILCC_NMC/G56C4,60.13662037037037,0
EXT-07045,7044,ISU_ILCC_NMC,ISU_ILCC_NMC/G56C4,68.13532407407408,0
EXT-07046,7045,ISU_ILCC_NMC,ISU_ILCC_NMC/G56C4,76.14548611111111,0
EXT-07047,7046,ISU_ILCC_NMC,ISU_ILCC_NMC/G56C4,84.14703703703704,0
EXT-07048,7047,ISU_ILCC_NMC,ISU_ILCC_NMC/G56C4,92.14524305555555,0
EXT-07049,7048,ISU_ILCC_NMC,ISU_ILCC_NMC/G56C4,101.01125,0
EXT-07050,7049,ISU_ILCC_NMC,ISU_ILCC_NMC/G56C4,109.22585648148149,0
EXT-07051,7050,ISU_ILCC_NMC,ISU_ILCC_NMC/G56C4,117.13280092592592,0
EXT-07052,7051,ISU_ILCC_NMC,ISU_ILCC_NMC/G56C4,125.13945601851852,0
EXT-07053,7052,ISU_ILCC_NMC,ISU_ILCC_NMC/G56C4,133.1545023148148,0
EXT-07054,7053,ISU_ILCC_NMC,ISU_ILCC_NMC/G56C4,141.14167824074073,0
EXT-07055,7054,ISU_ILCC_NMC,ISU_ILCC_NMC/G56C4,149.13827546296295,0
EXT-07056,7055,ISU_ILCC_NMC,ISU_ILCC_NMC/G56C4,157.13630787037036,0
EXT-07057,7056,ISU_ILCC_NMC,ISU_ILCC_NMC/G56C4,165.13787037037036,0
EXT-07058,7057,ISU_ILCC_NMC,ISU_ILCC_NMC/G56C4,173.15883101851853,0
EXT-07059,7058,ISU_ILCC_NMC,ISU_ILCC_NMC/G56C4,181.14797453703704,0
EXT-07060,7059,ISU_ILCC_NMC,ISU_ILCC_NMC/G56C4,189.15719907407407,0
EXT-07061,7060,ISU_ILCC_NMC,ISU_ILCC_NMC/G56C4,197.14908564814814,0
EXT-07062,7061,ISU_ILCC_NMC,ISU_ILCC_NMC/G56C4,205.1387962962963,0
EXT-07063,7062,ISU_ILCC_NMC,ISU_ILCC_NMC/G56C4,213.74560185185186,0
EXT-07064,7063,ISU_ILCC_NMC,ISU_ILCC_NMC/G57C1,35.165798611111114,0
EXT-07065,7064,ISU_ILCC_NMC,ISU_ILCC_NMC/G57C1,44.146574074074074,0
EXT-07066,7065,ISU_ILCC_NMC,ISU_ILCC_NMC/G57C1,52.149166666666666,0
EXT-07067,7066,ISU_ILCC_NMC,ISU_ILCC_NMC/G57C1,60.13662037037037,0
EXT-07068,7067,ISU_ILCC_NMC,ISU_ILCC_NMC/G57C1,68.13532407407408,0
EXT-07069,7068,ISU_ILCC_NMC,ISU_ILCC_NMC/G57C1,76.14548611111111,0
EXT-07070,7069,ISU_ILCC_NMC,ISU_ILCC_NMC/G57C1,84.14703703703704,0
EXT-07071,7070,ISU_ILCC_NMC,ISU_ILCC_NMC/G57C1,92.14524305555555,0
EXT-07072,7071,ISU_ILCC_NMC,ISU_ILCC_NMC/G57C1,101.01125,0
EXT-07073,7072,ISU_ILCC_NMC,ISU_ILCC_NMC/G57C1,109.22585648148149,0
EXT-07074,7073,ISU_ILCC_NMC,ISU_ILCC_NMC/G57C1,117.13280092592592,0
EXT-07075,7074,ISU_ILCC_NMC,ISU_ILCC_NMC/G57C1,125.13945601851852,0
EXT-07076,7075,ISU_ILCC_NMC,ISU_ILCC_NMC/G57C1,133.1545023148148,0
EXT-07077,7076,ISU_ILCC_NMC,ISU_ILCC_NMC/G57C1,141.14167824074073,0
EXT-07078,7077,ISU_ILCC_NMC,ISU_ILCC_NMC/G57C1,149.13827546296295,0
EXT-07079,7078,ISU_ILCC_NMC,ISU_ILCC_NMC/G57C1,157.13630787037036,0
EXT-07080,7079,ISU_ILCC_NMC,ISU_ILCC_NMC/G57C1,165.13787037037036,0
EXT-07081,7080,ISU_ILCC_NMC,ISU_ILCC_NMC/G57C1,173.15883101851853,0
EXT-07082,7081,ISU_ILCC_NMC,ISU_ILCC_NMC/G57C1,181.14797453703704,0
EXT-07083,7082,ISU_ILCC_NMC,ISU_ILCC_NMC/G57C1,189.15719907407407,0
EXT-07084,7083,ISU_ILCC_NMC,ISU_ILCC_NMC/G57C1,197.14908564814814,0
EXT-07085,7084,ISU_ILCC_NMC,ISU_ILCC_NMC/G57C1,205.1387962962963,0
EXT-07086,7085,ISU_ILCC_NMC,ISU_ILCC_NMC/G57C1,213.74560185185186,0
EXT-07087,7086,ISU_ILCC_NMC,ISU_ILCC_NMC/G57C1,222.17649305555557,0
EXT-07088,7087,ISU_ILCC_NMC,ISU_ILCC_NMC/G57C1,231.37931712962964,0
EXT-07089,7088,ISU_ILCC_NMC,ISU_ILCC_NMC/G57C1,240.1763425925926,0
EXT-07090,7089,ISU_ILCC_NMC,ISU_ILCC_NMC/G57C1,248.28484953703705,0
EXT-07091,7090,ISU_ILCC_NMC,ISU_ILCC_NMC/G57C1,256.3496759259259,0
EXT-07092,7091,ISU_ILCC_NMC,ISU_ILCC_NMC/G57C1,265.11028935185186,0
EXT-07093,7092,ISU_ILCC_NMC,ISU_ILCC_NMC/G57C1,274.1355555555556,0
EXT-07094,7093,ISU_ILCC_NMC,ISU_ILCC_NMC/G57C1,282.21641203703706,0
EXT-07095,7094,ISU_ILCC_NMC,ISU_ILCC_NMC/G57C2,35.165798611111114,0
EXT-07096,7095,ISU_ILCC_NMC,ISU_ILCC_NMC/G57C2,44.146574074074074,0
EXT-07097,7096,ISU_ILCC_NMC,ISU_ILCC_NMC/G57C2,52.149166666666666,0
EXT-07098,7097,ISU_ILCC_NMC,ISU_ILCC_NMC/G57C2,60.13662037037037,0
EXT-07099,7098,ISU_ILCC_NMC,ISU_ILCC_NMC/G57C2,68.13532407407408,0
EXT-07100,7099,ISU_ILCC_NMC,ISU_ILCC_NMC/G57C2,76.14548611111111,0
EXT-07101,7100,ISU_ILCC_NMC,ISU_ILCC_NMC/G57C2,84.14703703703704,0
EXT-07102,7101,ISU_ILCC_NMC,ISU_ILCC_NMC/G57C2,92.14524305555555,0
EXT-07103,7102,ISU_ILCC_NMC,ISU_ILCC_NMC/G57C2,101.01125,0
EXT-07104,7103,ISU_ILCC_NMC,ISU_ILCC_NMC/G57C2,109.22585648148149,0
EXT-07105,7104,ISU_ILCC_NMC,ISU_ILCC_NMC/G57C2,117.1328125,0
EXT-07106,7105,ISU_ILCC_NMC,ISU_ILCC_NMC/G57C2,125.13945601851852,0
EXT-07107,7106,ISU_ILCC_NMC,ISU_ILCC_NMC/G57C2,133.1545023148148,0
EXT-07108,7107,ISU_ILCC_NMC,ISU_ILCC_NMC/G57C2,141.14167824074073,0
EXT-07109,7108,ISU_ILCC_NMC,ISU_ILCC_NMC/G57C2,149.13827546296295,0
EXT-07110,7109,ISU_ILCC_NMC,ISU_ILCC_NMC/G57C2,157.13630787037036,0
EXT-07111,7110,ISU_ILCC_NMC,ISU_ILCC_NMC/G57C2,165.13787037037036,0
EXT-07112,7111,ISU_ILCC_NMC,ISU_ILCC_NMC/G57C2,173.15883101851853,0
EXT-07113,7112,ISU_ILCC_NMC,ISU_ILCC_NMC/G57C2,181.14797453703704,0
EXT-07114,7113,ISU_ILCC_NMC,ISU_ILCC_NMC/G57C2,189.15719907407407,0
EXT-07115,7114,ISU_ILCC_NMC,ISU_ILCC_NMC/G57C2,197.14908564814814,0
EXT-07116,7115,ISU_ILCC_NMC,ISU_ILCC_NMC/G57C2,205.1387962962963,0
EXT-07117,7116,ISU_ILCC_NMC,ISU_ILCC_NMC/G57C2,213.74560185185186,0
EXT-07118,7117,ISU_ILCC_NMC,ISU_ILCC_NMC/G57C2,222.17649305555557,0
EXT-07119,7118,ISU_ILCC_NMC,ISU_ILCC_NMC/G57C2,231.37931712962964,0
EXT-07120,7119,ISU_ILCC_NMC,ISU_ILCC_NMC/G57C2,240.1763425925926,0
EXT-07121,7120,ISU_ILCC_NMC,ISU_ILCC_NMC/G57C2,248.28484953703705,0
EXT-07122,7121,ISU_ILCC_NMC,ISU_ILCC_NMC/G57C2,256.3496759259259,0
EXT-07123,7122,ISU_ILCC_NMC,ISU_ILCC_NMC/G57C2,265.11028935185186,0
EXT-07124,7123,ISU_ILCC_NMC,ISU_ILCC_NMC/G57C2,274.1355555555556,0
EXT-07125,7124,ISU_ILCC_NMC,ISU_ILCC_NMC/G57C2,282.21641203703706,0
EXT-07126,7125,ISU_ILCC_NMC,ISU_ILCC_NMC/G57C3,35.165798611111114,0
EXT-07127,7126,ISU_ILCC_NMC,ISU_ILCC_NMC/G57C3,44.146574074074074,0
EXT-07128,7127,ISU_ILCC_NMC,ISU_ILCC_NMC/G57C3,52.149166666666666,0
EXT-07129,7128,ISU_ILCC_NMC,ISU_ILCC_NMC/G57C3,60.13662037037037,0
EXT-07130,7129,ISU_ILCC_NMC,ISU_ILCC_NMC/G57C3,68.13532407407408,0
EXT-07131,7130,ISU_ILCC_NMC,ISU_ILCC_NMC/G57C3,76.14548611111111,0
EXT-07132,7131,ISU_ILCC_NMC,ISU_ILCC_NMC/G57C3,84.14703703703704,0
EXT-07133,7132,ISU_ILCC_NMC,ISU_ILCC_NMC/G57C3,92.14524305555555,0
EXT-07134,7133,ISU_ILCC_NMC,ISU_ILCC_NMC/G57C3,101.01125,0
EXT-07135,7134,ISU_ILCC_NMC,ISU_ILCC_NMC/G57C3,109.22585648148149,0
EXT-07136,7135,ISU_ILCC_NMC,ISU_ILCC_NMC/G57C3,117.1328125,0
EXT-07137,7136,ISU_ILCC_NMC,ISU_ILCC_NMC/G57C3,125.13945601851852,0
EXT-07138,7137,ISU_ILCC_NMC,ISU_ILCC_NMC/G57C3,133.1545023148148,0
EXT-07139,7138,ISU_ILCC_NMC,ISU_ILCC_NMC/G57C3,141.14167824074073,0
EXT-07140,7139,ISU_ILCC_NMC,ISU_ILCC_NMC/G57C3,149.13827546296295,0
EXT-07141,7140,ISU_ILCC_NMC,ISU_ILCC_NMC/G57C3,157.13630787037036,0
EXT-07142,7141,ISU_ILCC_NMC,ISU_ILCC_NMC/G57C3,165.13787037037036,0
EXT-07143,7142,ISU_ILCC_NMC,ISU_ILCC_NMC/G57C3,173.15883101851853,0
EXT-07144,7143,ISU_ILCC_NMC,ISU_ILCC_NMC/G57C3,181.14797453703704,0
EXT-07145,7144,ISU_ILCC_NMC,ISU_ILCC_NMC/G57C3,189.15719907407407,0
EXT-07146,7145,ISU_ILCC_NMC,ISU_ILCC_NMC/G57C3,197.14908564814814,0
EXT-07147,7146,ISU_ILCC_NMC,ISU_ILCC_NMC/G57C3,205.1387962962963,0
EXT-07148,7147,ISU_ILCC_NMC,ISU_ILCC_NMC/G57C3,213.74560185185186,0
EXT-07149,7148,ISU_ILCC_NMC,ISU_ILCC_NMC/G57C3,222.17649305555557,0
EXT-07150,7149,ISU_ILCC_NMC,ISU_ILCC_NMC/G57C3,231.37931712962964,0
EXT-07151,7150,ISU_ILCC_NMC,ISU_ILCC_NMC/G57C3,240.1763425925926,0
EXT-07152,7151,ISU_ILCC_NMC,ISU_ILCC_NMC/G57C3,248.28484953703705,0
EXT-07153,7152,ISU_ILCC_NMC,ISU_ILCC_NMC/G57C3,256.3496759259259,0
EXT-07154,7153,ISU_ILCC_NMC,ISU_ILCC_NMC/G57C3,265.11028935185186,0
EXT-07155,7154,ISU_ILCC_NMC,ISU_ILCC_NMC/G57C3,274.1355555555556,0
EXT-07156,7155,ISU_ILCC_NMC,ISU_ILCC_NMC/G57C3,282.21641203703706,0
EXT-07157,7156,ISU_ILCC_NMC,ISU_ILCC_NMC/G57C4,35.165798611111114,0
EXT-07158,7157,ISU_ILCC_NMC,ISU_ILCC_NMC/G57C4,44.1465625,0
EXT-07159,7158,ISU_ILCC_NMC,ISU_ILCC_NMC/G57C4,52.149166666666666,0
EXT-07160,7159,ISU_ILCC_NMC,ISU_ILCC_NMC/G57C4,60.136608796296294,0
EXT-07161,7160,ISU_ILCC_NMC,ISU_ILCC_NMC/G57C4,68.13532407407408,0
EXT-07162,7161,ISU_ILCC_NMC,ISU_ILCC_NMC/G57C4,76.14547453703703,0
EXT-07163,7162,ISU_ILCC_NMC,ISU_ILCC_NMC/G57C4,84.14702546296296,0
EXT-07164,7163,ISU_ILCC_NMC,ISU_ILCC_NMC/G57C4,92.14523148148149,0
EXT-07165,7164,ISU_ILCC_NMC,ISU_ILCC_NMC/G57C4,101.01125,0
EXT-07166,7165,ISU_ILCC_NMC,ISU_ILCC_NMC/G57C4,109.2258449074074,0
EXT-07167,7166,ISU_ILCC_NMC,ISU_ILCC_NMC/G57C4,117.13280092592592,0
EXT-07168,7167,ISU_ILCC_NMC,ISU_ILCC_NMC/G57C4,125.13945601851852,0
EXT-07169,7168,ISU_ILCC_NMC,ISU_ILCC_NMC/G57C4,133.15449074074073,0
EXT-07170,7169,ISU_ILCC_NMC,ISU_ILCC_NMC/G57C4,141.14167824074073,0
EXT-07171,7170,ISU_ILCC_NMC,ISU_ILCC_NMC/G57C4,149.13827546296295,0
EXT-07172,7171,ISU_ILCC_NMC,ISU_ILCC_NMC/G57C4,157.13630787037036,0
EXT-07173,7172,ISU_ILCC_NMC,ISU_ILCC_NMC/G57C4,165.13787037037036,0
EXT-07174,7173,ISU_ILCC_NMC,ISU_ILCC_NMC/G57C4,173.15883101851853,0
EXT-07175,7174,ISU_ILCC_NMC,ISU_ILCC_NMC/G57C4,181.14797453703704,0
EXT-07176,7175,ISU_ILCC_NMC,ISU_ILCC_NMC/G57C4,189.1571875,0
EXT-07177,7176,ISU_ILCC_NMC,ISU_ILCC_NMC/G57C4,197.14908564814814,0
EXT-07178,7177,ISU_ILCC_NMC,ISU_ILCC_NMC/G57C4,205.13878472222223,0
EXT-07179,7178,ISU_ILCC_NMC,ISU_ILCC_NMC/G57C4,213.74559027777778,0
EXT-07180,7179,ISU_ILCC_NMC,ISU_ILCC_NMC/G57C4,222.17649305555557,0
EXT-07181,7180,ISU_ILCC_NMC,ISU_ILCC_NMC/G57C4,231.37930555555556,0
EXT-07182,7181,ISU_ILCC_NMC,ISU_ILCC_NMC/G57C4,240.1763310185185,0
EXT-07183,7182,ISU_ILCC_NMC,ISU_ILCC_NMC/G57C4,248.28483796296297,0
EXT-07184,7183,ISU_ILCC_NMC,ISU_ILCC_NMC/G57C4,256.3496759259259,0
EXT-07185,7184,ISU_ILCC_NMC,ISU_ILCC_NMC/G57C4,265.11027777777775,0
EXT-07186,7185,ISU_ILCC_NMC,ISU_ILCC_NMC/G57C4,274.1355439814815,0
EXT-07187,7186,ISU_ILCC_NMC,ISU_ILCC_NMC/G57C4,282.21641203703706,0
EXT-07188,7187,ISU_ILCC_NMC,ISU_ILCC_NMC/G58C1,35.165798611111114,0
EXT-07189,7188,ISU_ILCC_NMC,ISU_ILCC_NMC/G58C1,44.1465625,0
EXT-07190,7189,ISU_ILCC_NMC,ISU_ILCC_NMC/G58C1,52.149166666666666,0
EXT-07191,7190,ISU_ILCC_NMC,ISU_ILCC_NMC/G58C1,60.136608796296294,0
EXT-07192,7191,ISU_ILCC_NMC,ISU_ILCC_NMC/G58C1,68.13532407407408,0
EXT-07193,7192,ISU_ILCC_NMC,ISU_ILCC_NMC/G58C1,76.14548611111111,0
EXT-07194,7193,ISU_ILCC_NMC,ISU_ILCC_NMC/G58C1,84.14702546296296,0
EXT-07195,7194,ISU_ILCC_NMC,ISU_ILCC_NMC/G58C1,92.14523148148149,0
EXT-07196,7195,ISU_ILCC_NMC,ISU_ILCC_NMC/G58C1,101.01125,0
EXT-07197,7196,ISU_ILCC_NMC,ISU_ILCC_NMC/G58C1,109.2258449074074,0
EXT-07198,7197,ISU_ILCC_NMC,ISU_ILCC_NMC/G58C1,117.13280092592592,0
EXT-07199,7198,ISU_ILCC_NMC,ISU_ILCC_NMC/G58C1,125.13945601851852,0
EXT-07200,7199,ISU_ILCC_NMC,ISU_ILCC_NMC/G58C1,133.15449074074073,0
EXT-07201,7200,ISU_ILCC_NMC,ISU_ILCC_NMC/G58C1,141.14167824074073,0
EXT-07202,7201,ISU_ILCC_NMC,ISU_ILCC_NMC/G58C1,149.13827546296295,0
EXT-07203,7202,ISU_ILCC_NMC,ISU_ILCC_NMC/G58C1,157.13630787037036,0
EXT-07204,7203,ISU_ILCC_NMC,ISU_ILCC_NMC/G58C1,165.13787037037036,0
EXT-07205,7204,ISU_ILCC_NMC,ISU_ILCC_NMC/G58C1,173.15883101851853,0
EXT-07206,7205,ISU_ILCC_NMC,ISU_ILCC_NMC/G58C1,181.14797453703704,0
EXT-07207,7206,ISU_ILCC_NMC,ISU_ILCC_NMC/G58C1,189.1571875,0
EXT-07208,7207,ISU_ILCC_NMC,ISU_ILCC_NMC/G58C1,197.14908564814814,0
EXT-07209,7208,ISU_ILCC_NMC,ISU_ILCC_NMC/G58C1,205.13878472222223,0
EXT-07210,7209,ISU_ILCC_NMC,ISU_ILCC_NMC/G58C1,213.74559027777778,0
EXT-07211,7210,ISU_ILCC_NMC,ISU_ILCC_NMC/G58C1,222.17649305555557,0
EXT-07212,7211,ISU_ILCC_NMC,ISU_ILCC_NMC/G58C1,231.37930555555556,0
EXT-07213,7212,ISU_ILCC_NMC,ISU_ILCC_NMC/G58C1,240.1763310185185,0
EXT-07214,7213,ISU_ILCC_NMC,ISU_ILCC_NMC/G58C1,248.28484953703705,0
EXT-07215,7214,ISU_ILCC_NMC,ISU_ILCC_NMC/G58C1,256.3496759259259,0
EXT-07216,7215,ISU_ILCC_NMC,ISU_ILCC_NMC/G58C1,265.11027777777775,0
EXT-07217,7216,ISU_ILCC_NMC,ISU_ILCC_NMC/G58C1,274.1355439814815,0
EXT-07218,7217,ISU_ILCC_NMC,ISU_ILCC_NMC/G58C1,282.21641203703706,0
EXT-07219,7218,ISU_ILCC_NMC,ISU_ILCC_NMC/G58C2,35.165798611111114,0
EXT-07220,7219,ISU_ILCC_NMC,ISU_ILCC_NMC/G58C2,44.1465625,0
EXT-07221,7220,ISU_ILCC_NMC,ISU_ILCC_NMC/G58C2,52.149166666666666,0
EXT-07222,7221,ISU_ILCC_NMC,ISU_ILCC_NMC/G58C2,60.136608796296294,0
EXT-07223,7222,ISU_ILCC_NMC,ISU_ILCC_NMC/G58C2,68.13532407407408,0
EXT-07224,7223,ISU_ILCC_NMC,ISU_ILCC_NMC/G58C2,76.14548611111111,0
EXT-07225,7224,ISU_ILCC_NMC,ISU_ILCC_NMC/G58C2,84.14702546296296,0
EXT-07226,7225,ISU_ILCC_NMC,ISU_ILCC_NMC/G58C2,92.14523148148149,0
EXT-07227,7226,ISU_ILCC_NMC,ISU_ILCC_NMC/G58C2,101.01125,0
EXT-07228,7227,ISU_ILCC_NMC,ISU_ILCC_NMC/G58C2,109.2258449074074,0
EXT-07229,7228,ISU_ILCC_NMC,ISU_ILCC_NMC/G58C2,117.13280092592592,0
EXT-07230,7229,ISU_ILCC_NMC,ISU_ILCC_NMC/G58C2,125.13945601851852,0
EXT-07231,7230,ISU_ILCC_NMC,ISU_ILCC_NMC/G58C2,133.15449074074073,0
EXT-07232,7231,ISU_ILCC_NMC,ISU_ILCC_NMC/G58C2,141.14167824074073,0
EXT-07233,7232,ISU_ILCC_NMC,ISU_ILCC_NMC/G58C2,149.13827546296295,0
EXT-07234,7233,ISU_ILCC_NMC,ISU_ILCC_NMC/G58C2,157.13630787037036,0
EXT-07235,7234,ISU_ILCC_NMC,ISU_ILCC_NMC/G58C2,165.13787037037036,0
EXT-07236,7235,ISU_ILCC_NMC,ISU_ILCC_NMC/G58C2,173.15883101851853,0
EXT-07237,7236,ISU_ILCC_NMC,ISU_ILCC_NMC/G58C2,181.14797453703704,0
EXT-07238,7237,ISU_ILCC_NMC,ISU_ILCC_NMC/G58C2,189.1571875,0
EXT-07239,7238,ISU_ILCC_NMC,ISU_ILCC_NMC/G58C2,197.14908564814814,0
EXT-07240,7239,ISU_ILCC_NMC,ISU_ILCC_NMC/G58C3,35.165798611111114,0
EXT-07241,7240,ISU_ILCC_NMC,ISU_ILCC_NMC/G58C3,44.1465625,0
EXT-07242,7241,ISU_ILCC_NMC,ISU_ILCC_NMC/G58C3,52.149166666666666,0
EXT-07243,7242,ISU_ILCC_NMC,ISU_ILCC_NMC/G58C3,60.136608796296294,0
EXT-07244,7243,ISU_ILCC_NMC,ISU_ILCC_NMC/G58C3,68.13532407407408,0
EXT-07245,7244,ISU_ILCC_NMC,ISU_ILCC_NMC/G58C3,76.14548611111111,0
EXT-07246,7245,ISU_ILCC_NMC,ISU_ILCC_NMC/G58C3,84.14702546296296,0
EXT-07247,7246,ISU_ILCC_NMC,ISU_ILCC_NMC/G58C3,92.14523148148149,0
EXT-07248,7247,ISU_ILCC_NMC,ISU_ILCC_NMC/G58C3,101.01125,0
EXT-07249,7248,ISU_ILCC_NMC,ISU_ILCC_NMC/G58C3,109.22585648148149,0
EXT-07250,7249,ISU_ILCC_NMC,ISU_ILCC_NMC/G58C3,117.13280092592592,0
EXT-07251,7250,ISU_ILCC_NMC,ISU_ILCC_NMC/G58C3,125.13945601851852,0
EXT-07252,7251,ISU_ILCC_NMC,ISU_ILCC_NMC/G58C3,133.15449074074073,0
EXT-07253,7252,ISU_ILCC_NMC,ISU_ILCC_NMC/G58C3,141.14167824074073,0
EXT-07254,7253,ISU_ILCC_NMC,ISU_ILCC_NMC/G58C3,149.13827546296295,0
EXT-07255,7254,ISU_ILCC_NMC,ISU_ILCC_NMC/G58C3,157.13630787037036,0
EXT-07256,7255,ISU_ILCC_NMC,ISU_ILCC_NMC/G58C3,165.13787037037036,0
EXT-07257,7256,ISU_ILCC_NMC,ISU_ILCC_NMC/G58C3,173.15883101851853,0
EXT-07258,7257,ISU_ILCC_NMC,ISU_ILCC_NMC/G58C3,181.14797453703704,0
EXT-07259,7258,ISU_ILCC_NMC,ISU_ILCC_NMC/G58C3,189.1571875,0
EXT-07260,7259,ISU_ILCC_NMC,ISU_ILCC_NMC/G58C3,197.14908564814814,0
EXT-07261,7260,ISU_ILCC_NMC,ISU_ILCC_NMC/G58C3,205.13878472222223,0
EXT-07262,7261,ISU_ILCC_NMC,ISU_ILCC_NMC/G58C3,213.74559027777778,0
EXT-07263,7262,ISU_ILCC_NMC,ISU_ILCC_NMC/G58C3,222.17649305555557,0
EXT-07264,7263,ISU_ILCC_NMC,ISU_ILCC_NMC/G58C3,231.37930555555556,0
EXT-07265,7264,ISU_ILCC_NMC,ISU_ILCC_NMC/G58C4,35.165798611111114,0
EXT-07266,7265,ISU_ILCC_NMC,ISU_ILCC_NMC/G58C4,44.1465625,0
EXT-07267,7266,ISU_ILCC_NMC,ISU_ILCC_NMC/G58C4,52.149166666666666,0
EXT-07268,7267,ISU_ILCC_NMC,ISU_ILCC_NMC/G58C4,60.136608796296294,0
EXT-07269,7268,ISU_ILCC_NMC,ISU_ILCC_NMC/G58C4,68.13532407407408,0
EXT-07270,7269,ISU_ILCC_NMC,ISU_ILCC_NMC/G58C4,76.14548611111111,0
EXT-07271,7270,ISU_ILCC_NMC,ISU_ILCC_NMC/G58C4,84.14702546296296,0
EXT-07272,7271,ISU_ILCC_NMC,ISU_ILCC_NMC/G58C4,92.14523148148149,0
EXT-07273,7272,ISU_ILCC_NMC,ISU_ILCC_NMC/G58C4,101.01125,0
EXT-07274,7273,ISU_ILCC_NMC,ISU_ILCC_NMC/G58C4,109.22585648148149,0
EXT-07275,7274,ISU_ILCC_NMC,ISU_ILCC_NMC/G58C4,117.13280092592592,0
EXT-07276,7275,ISU_ILCC_NMC,ISU_ILCC_NMC/G58C4,125.13945601851852,0
EXT-07277,7276,ISU_ILCC_NMC,ISU_ILCC_NMC/G58C4,133.15449074074073,0
EXT-07278,7277,ISU_ILCC_NMC,ISU_ILCC_NMC/G58C4,141.14167824074073,0
EXT-07279,7278,ISU_ILCC_NMC,ISU_ILCC_NMC/G58C4,149.13827546296295,0
EXT-07280,7279,ISU_ILCC_NMC,ISU_ILCC_NMC/G58C4,157.13630787037036,0
EXT-07281,7280,ISU_ILCC_NMC,ISU_ILCC_NMC/G58C4,165.13787037037036,0
EXT-07282,7281,ISU_ILCC_NMC,ISU_ILCC_NMC/G58C4,173.15883101851853,0
EXT-07283,7282,ISU_ILCC_NMC,ISU_ILCC_NMC/G58C4,181.14797453703704,0
EXT-07284,7283,ISU_ILCC_NMC,ISU_ILCC_NMC/G58C4,189.1571875,0
EXT-07285,7284,ISU_ILCC_NMC,ISU_ILCC_NMC/G58C4,197.14908564814814,0
EXT-07286,7285,ISU_ILCC_NMC,ISU_ILCC_NMC/G58C4,205.13878472222223,0
EXT-07287,7286,ISU_ILCC_NMC,ISU_ILCC_NMC/G58C4,213.74559027777778,0
EXT-07288,7287,ISU_ILCC_NMC,ISU_ILCC_NMC/G58C4,222.17649305555557,0
EXT-07289,7288,ISU_ILCC_NMC,ISU_ILCC_NMC/G58C4,231.37930555555556,0
EXT-07290,7289,ISU_ILCC_NMC,ISU_ILCC_NMC/G59C1,35.165798611111114,0
EXT-07291,7290,ISU_ILCC_NMC,ISU_ILCC_NMC/G59C1,44.1465625,0
EXT-07292,7291,ISU_ILCC_NMC,ISU_ILCC_NMC/G59C1,52.149166666666666,0
EXT-07293,7292,ISU_ILCC_NMC,ISU_ILCC_NMC/G59C1,60.13662037037037,0
EXT-07294,7293,ISU_ILCC_NMC,ISU_ILCC_NMC/G59C1,68.13532407407408,0
EXT-07295,7294,ISU_ILCC_NMC,ISU_ILCC_NMC/G59C1,76.14548611111111,0
EXT-07296,7295,ISU_ILCC_NMC,ISU_ILCC_NMC/G59C1,84.14702546296296,0
EXT-07297,7296,ISU_ILCC_NMC,ISU_ILCC_NMC/G59C1,92.14524305555555,0
EXT-07298,7297,ISU_ILCC_NMC,ISU_ILCC_NMC/G59C1,101.01125,0
EXT-07299,7298,ISU_ILCC_NMC,ISU_ILCC_NMC/G59C1,109.22585648148149,0
EXT-07300,7299,ISU_ILCC_NMC,ISU_ILCC_NMC/G59C1,117.13280092592592,0
EXT-07301,7300,ISU_ILCC_NMC,ISU_ILCC_NMC/G59C1,125.13945601851852,0
EXT-07302,7301,ISU_ILCC_NMC,ISU_ILCC_NMC/G59C1,133.15449074074073,0
EXT-07303,7302,ISU_ILCC_NMC,ISU_ILCC_NMC/G59C1,141.14167824074073,0
EXT-07304,7303,ISU_ILCC_NMC,ISU_ILCC_NMC/G59C1,149.13827546296295,0
EXT-07305,7304,ISU_ILCC_NMC,ISU_ILCC_NMC/G59C1,157.13630787037036,0
EXT-07306,7305,ISU_ILCC_NMC,ISU_ILCC_NMC/G59C1,165.13787037037036,0
EXT-07307,7306,ISU_ILCC_NMC,ISU_ILCC_NMC/G59C1,173.15883101851853,0
EXT-07308,7307,ISU_ILCC_NMC,ISU_ILCC_NMC/G59C1,181.14797453703704,0
EXT-07309,7308,ISU_ILCC_NMC,ISU_ILCC_NMC/G59C1,189.1571875,0
EXT-07310,7309,ISU_ILCC_NMC,ISU_ILCC_NMC/G59C1,197.14908564814814,0
EXT-07311,7310,ISU_ILCC_NMC,ISU_ILCC_NMC/G59C1,205.13878472222223,0
EXT-07312,7311,ISU_ILCC_NMC,ISU_ILCC_NMC/G59C1,213.74559027777778,0
EXT-07313,7312,ISU_ILCC_NMC,ISU_ILCC_NMC/G59C1,222.17649305555557,0
EXT-07314,7313,ISU_ILCC_NMC,ISU_ILCC_NMC/G59C1,231.37930555555556,0
EXT-07315,7314,ISU_ILCC_NMC,ISU_ILCC_NMC/G59C1,240.1763310185185,0
EXT-07316,7315,ISU_ILCC_NMC,ISU_ILCC_NMC/G59C1,248.28484953703705,0
EXT-07317,7316,ISU_ILCC_NMC,ISU_ILCC_NMC/G59C1,256.3496759259259,0
EXT-07318,7317,ISU_ILCC_NMC,ISU_ILCC_NMC/G59C1,265.11028935185186,0
EXT-07319,7318,ISU_ILCC_NMC,ISU_ILCC_NMC/G59C2,35.165798611111114,0
EXT-07320,7319,ISU_ILCC_NMC,ISU_ILCC_NMC/G59C2,44.1465625,0
EXT-07321,7320,ISU_ILCC_NMC,ISU_ILCC_NMC/G59C2,52.149166666666666,0
EXT-07322,7321,ISU_ILCC_NMC,ISU_ILCC_NMC/G59C2,60.13662037037037,0
EXT-07323,7322,ISU_ILCC_NMC,ISU_ILCC_NMC/G59C2,68.13532407407408,0
EXT-07324,7323,ISU_ILCC_NMC,ISU_ILCC_NMC/G59C2,76.14548611111111,0
EXT-07325,7324,ISU_ILCC_NMC,ISU_ILCC_NMC/G59C2,84.14702546296296,0
EXT-07326,7325,ISU_ILCC_NMC,ISU_ILCC_NMC/G59C2,92.14524305555555,0
EXT-07327,7326,ISU_ILCC_NMC,ISU_ILCC_NMC/G59C2,101.01125,0
EXT-07328,7327,ISU_ILCC_NMC,ISU_ILCC_NMC/G59C2,109.22585648148149,0
EXT-07329,7328,ISU_ILCC_NMC,ISU_ILCC_NMC/G59C2,117.13280092592592,0
EXT-07330,7329,ISU_ILCC_NMC,ISU_ILCC_NMC/G59C2,125.13945601851852,0
EXT-07331,7330,ISU_ILCC_NMC,ISU_ILCC_NMC/G59C2,133.15449074074073,0
EXT-07332,7331,ISU_ILCC_NMC,ISU_ILCC_NMC/G59C2,141.14167824074073,0
EXT-07333,7332,ISU_ILCC_NMC,ISU_ILCC_NMC/G59C2,149.13827546296295,0
EXT-07334,7333,ISU_ILCC_NMC,ISU_ILCC_NMC/G59C2,157.13630787037036,0
EXT-07335,7334,ISU_ILCC_NMC,ISU_ILCC_NMC/G59C2,165.13787037037036,0
EXT-07336,7335,ISU_ILCC_NMC,ISU_ILCC_NMC/G59C2,173.15883101851853,0
EXT-07337,7336,ISU_ILCC_NMC,ISU_ILCC_NMC/G59C2,181.14797453703704,0
EXT-07338,7337,ISU_ILCC_NMC,ISU_ILCC_NMC/G59C2,189.1571875,0
EXT-07339,7338,ISU_ILCC_NMC,ISU_ILCC_NMC/G59C2,197.14908564814814,0
EXT-07340,7339,ISU_ILCC_NMC,ISU_ILCC_NMC/G59C2,205.13878472222223,0
EXT-07341,7340,ISU_ILCC_NMC,ISU_ILCC_NMC/G59C2,213.74559027777778,0
EXT-07342,7341,ISU_ILCC_NMC,ISU_ILCC_NMC/G59C2,222.17649305555557,0
EXT-07343,7342,ISU_ILCC_NMC,ISU_ILCC_NMC/G59C2,231.37930555555556,0
EXT-07344,7343,ISU_ILCC_NMC,ISU_ILCC_NMC/G59C2,240.1763310185185,0
EXT-07345,7344,ISU_ILCC_NMC,ISU_ILCC_NMC/G59C2,248.28484953703705,0
EXT-07346,7345,ISU_ILCC_NMC,ISU_ILCC_NMC/G59C3,35.165798611111114,0
EXT-07347,7346,ISU_ILCC_NMC,ISU_ILCC_NMC/G59C3,44.1465625,0
EXT-07348,7347,ISU_ILCC_NMC,ISU_ILCC_NMC/G59C3,52.149166666666666,0
EXT-07349,7348,ISU_ILCC_NMC,ISU_ILCC_NMC/G59C3,60.13662037037037,0
EXT-07350,7349,ISU_ILCC_NMC,ISU_ILCC_NMC/G59C3,68.13532407407408,0
EXT-07351,7350,ISU_ILCC_NMC,ISU_ILCC_NMC/G59C3,76.14548611111111,0
EXT-07352,7351,ISU_ILCC_NMC,ISU_ILCC_NMC/G59C3,84.14702546296296,0
EXT-07353,7352,ISU_ILCC_NMC,ISU_ILCC_NMC/G59C3,92.14524305555555,0
EXT-07354,7353,ISU_ILCC_NMC,ISU_ILCC_NMC/G59C3,101.01125,0
EXT-07355,7354,ISU_ILCC_NMC,ISU_ILCC_NMC/G59C3,109.22585648148149,0
EXT-07356,7355,ISU_ILCC_NMC,ISU_ILCC_NMC/G59C3,117.13280092592592,0
EXT-07357,7356,ISU_ILCC_NMC,ISU_ILCC_NMC/G59C3,125.13945601851852,0
EXT-07358,7357,ISU_ILCC_NMC,ISU_ILCC_NMC/G59C3,133.1545023148148,0
EXT-07359,7358,ISU_ILCC_NMC,ISU_ILCC_NMC/G59C3,141.14167824074073,0
EXT-07360,7359,ISU_ILCC_NMC,ISU_ILCC_NMC/G59C3,149.13827546296295,0
EXT-07361,7360,ISU_ILCC_NMC,ISU_ILCC_NMC/G59C3,157.13630787037036,0
EXT-07362,7361,ISU_ILCC_NMC,ISU_ILCC_NMC/G59C3,165.13787037037036,0
EXT-07363,7362,ISU_ILCC_NMC,ISU_ILCC_NMC/G59C3,173.15883101851853,0
EXT-07364,7363,ISU_ILCC_NMC,ISU_ILCC_NMC/G59C3,181.14797453703704,0
EXT-07365,7364,ISU_ILCC_NMC,ISU_ILCC_NMC/G59C3,189.15719907407407,0
EXT-07366,7365,ISU_ILCC_NMC,ISU_ILCC_NMC/G59C3,197.14908564814814,0
EXT-07367,7366,ISU_ILCC_NMC,ISU_ILCC_NMC/G59C4,35.165798611111114,0
EXT-07368,7367,ISU_ILCC_NMC,ISU_ILCC_NMC/G59C4,44.1465625,0
EXT-07369,7368,ISU_ILCC_NMC,ISU_ILCC_NMC/G59C4,52.149166666666666,0
EXT-07370,7369,ISU_ILCC_NMC,ISU_ILCC_NMC/G59C4,60.13662037037037,0
EXT-07371,7370,ISU_ILCC_NMC,ISU_ILCC_NMC/G59C4,68.13532407407408,0
EXT-07372,7371,ISU_ILCC_NMC,ISU_ILCC_NMC/G59C4,76.14548611111111,0
EXT-07373,7372,ISU_ILCC_NMC,ISU_ILCC_NMC/G59C4,84.14702546296296,0
EXT-07374,7373,ISU_ILCC_NMC,ISU_ILCC_NMC/G59C4,92.14524305555555,0
EXT-07375,7374,ISU_ILCC_NMC,ISU_ILCC_NMC/G59C4,101.01125,0
EXT-07376,7375,ISU_ILCC_NMC,ISU_ILCC_NMC/G59C4,109.22585648148149,0
EXT-07377,7376,ISU_ILCC_NMC,ISU_ILCC_NMC/G59C4,117.13280092592592,0
EXT-07378,7377,ISU_ILCC_NMC,ISU_ILCC_NMC/G59C4,125.13945601851852,0
EXT-07379,7378,ISU_ILCC_NMC,ISU_ILCC_NMC/G59C4,133.1545023148148,0
EXT-07380,7379,ISU_ILCC_NMC,ISU_ILCC_NMC/G59C4,141.14167824074073,0
EXT-07381,7380,ISU_ILCC_NMC,ISU_ILCC_NMC/G59C4,149.13827546296295,0
EXT-07382,7381,ISU_ILCC_NMC,ISU_ILCC_NMC/G59C4,157.13630787037036,0
EXT-07383,7382,ISU_ILCC_NMC,ISU_ILCC_NMC/G59C4,165.13787037037036,0
EXT-07384,7383,ISU_ILCC_NMC,ISU_ILCC_NMC/G59C4,173.15883101851853,0
EXT-07385,7384,ISU_ILCC_NMC,ISU_ILCC_NMC/G59C4,181.14797453703704,0
EXT-07386,7385,ISU_ILCC_NMC,ISU_ILCC_NMC/G59C4,189.15719907407407,0
EXT-07387,7386,ISU_ILCC_NMC,ISU_ILCC_NMC/G59C4,197.14908564814814,0
EXT-07388,7387,ISU_ILCC_NMC,ISU_ILCC_NMC/G59C4,205.1387962962963,0
EXT-07389,7388,ISU_ILCC_NMC,ISU_ILCC_NMC/G59C4,213.74559027777778,0
EXT-07390,7389,ISU_ILCC_NMC,ISU_ILCC_NMC/G59C4,222.17649305555557,0
EXT-07391,7390,ISU_ILCC_NMC,ISU_ILCC_NMC/G59C4,231.37930555555556,0
EXT-07392,7391,ISU_ILCC_NMC,ISU_ILCC_NMC/G60C1,33.9940162037037,0
EXT-07393,7392,ISU_ILCC_NMC,ISU_ILCC_NMC/G60C1,41.79813657407407,0
EXT-07394,7393,ISU_ILCC_NMC,ISU_ILCC_NMC/G60C1,49.999652777777776,0
EXT-07395,7394,ISU_ILCC_NMC,ISU_ILCC_NMC/G60C1,57.99947916666667,0
EXT-07396,7395,ISU_ILCC_NMC,ISU_ILCC_NMC/G60C1,65.99377314814815,0
EXT-07397,7396,ISU_ILCC_NMC,ISU_ILCC_NMC/G60C1,74.00304398148148,0
EXT-07398,7397,ISU_ILCC_NMC,ISU_ILCC_NMC/G60C1,84.0103587962963,0
EXT-07399,7398,ISU_ILCC_NMC,ISU_ILCC_NMC/G60C1,91.99516203703703,0
EXT-07400,7399,ISU_ILCC_NMC,ISU_ILCC_NMC/G60C1,100.03120370370371,0
EXT-07401,7400,ISU_ILCC_NMC,ISU_ILCC_NMC/G60C1,107.99980324074075,0
EXT-07402,7401,ISU_ILCC_NMC,ISU_ILCC_NMC/G60C1,116.02817129629629,0
EXT-07403,7402,ISU_ILCC_NMC,ISU_ILCC_NMC/G60C1,124.02560185185185,0
EXT-07404,7403,ISU_ILCC_NMC,ISU_ILCC_NMC/G60C1,132.00137731481482,0
EXT-07405,7404,ISU_ILCC_NMC,ISU_ILCC_NMC/G60C1,139.99637731481482,0
EXT-07406,7405,ISU_ILCC_NMC,ISU_ILCC_NMC/G60C1,148.01445601851853,0
EXT-07407,7406,ISU_ILCC_NMC,ISU_ILCC_NMC/G60C2,33.9940162037037,0
EXT-07408,7407,ISU_ILCC_NMC,ISU_ILCC_NMC/G60C2,41.79813657407407,0
EXT-07409,7408,ISU_ILCC_NMC,ISU_ILCC_NMC/G60C2,49.999652777777776,0
EXT-07410,7409,ISU_ILCC_NMC,ISU_ILCC_NMC/G60C2,57.99947916666667,0
EXT-07411,7410,ISU_ILCC_NMC,ISU_ILCC_NMC/G60C2,65.99377314814815,0
EXT-07412,7411,ISU_ILCC_NMC,ISU_ILCC_NMC/G60C2,74.00304398148148,0
EXT-07413,7412,ISU_ILCC_NMC,ISU_ILCC_NMC/G60C2,84.0103587962963,0
EXT-07414,7413,ISU_ILCC_NMC,ISU_ILCC_NMC/G60C2,91.99516203703703,0
EXT-07415,7414,ISU_ILCC_NMC,ISU_ILCC_NMC/G60C2,100.03120370370371,0
EXT-07416,7415,ISU_ILCC_NMC,ISU_ILCC_NMC/G60C2,107.99980324074075,0
EXT-07417,7416,ISU_ILCC_NMC,ISU_ILCC_NMC/G60C2,116.02817129629629,0
EXT-07418,7417,ISU_ILCC_NMC,ISU_ILCC_NMC/G60C3,33.9940162037037,0
EXT-07419,7418,ISU_ILCC_NMC,ISU_ILCC_NMC/G60C3,41.79813657407407,0
EXT-07420,7419,ISU_ILCC_NMC,ISU_ILCC_NMC/G60C3,49.999652777777776,0
EXT-07421,7420,ISU_ILCC_NMC,ISU_ILCC_NMC/G60C3,57.99947916666667,0
EXT-07422,7421,ISU_ILCC_NMC,ISU_ILCC_NMC/G60C3,65.99377314814815,0
EXT-07423,7422,ISU_ILCC_NMC,ISU_ILCC_NMC/G60C3,74.00304398148148,0
EXT-07424,7423,ISU_ILCC_NMC,ISU_ILCC_NMC/G60C3,84.0103587962963,0
EXT-07425,7424,ISU_ILCC_NMC,ISU_ILCC_NMC/G60C3,91.99516203703703,0
EXT-07426,7425,ISU_ILCC_NMC,ISU_ILCC_NMC/G60C3,100.03120370370371,0
EXT-07427,7426,ISU_ILCC_NMC,ISU_ILCC_NMC/G60C3,107.99980324074075,0
EXT-07428,7427,ISU_ILCC_NMC,ISU_ILCC_NMC/G60C4,33.9940162037037,0
EXT-07429,7428,ISU_ILCC_NMC,ISU_ILCC_NMC/G60C4,41.79813657407407,0
EXT-07430,7429,ISU_ILCC_NMC,ISU_ILCC_NMC/G60C4,49.999652777777776,0
EXT-07431,7430,ISU_ILCC_NMC,ISU_ILCC_NMC/G60C4,57.99947916666667,0
EXT-07432,7431,ISU_ILCC_NMC,ISU_ILCC_NMC/G60C4,65.99377314814815,0
EXT-07433,7432,ISU_ILCC_NMC,ISU_ILCC_NMC/G60C4,74.00304398148148,0
EXT-07434,7433,ISU_ILCC_NMC,ISU_ILCC_NMC/G60C4,84.0103587962963,0
EXT-07435,7434,ISU_ILCC_NMC,ISU_ILCC_NMC/G60C4,91.99516203703703,0
EXT-07436,7435,ISU_ILCC_NMC,ISU_ILCC_NMC/G60C4,100.03120370370371,0
EXT-07437,7436,ISU_ILCC_NMC,ISU_ILCC_NMC/G60C4,107.99980324074075,0
EXT-07438,7437,ISU_ILCC_NMC,ISU_ILCC_NMC/G60C4,116.02817129629629,0
EXT-07439,7438,ISU_ILCC_NMC,ISU_ILCC_NMC/G60C4,124.02560185185185,0
EXT-07440,7439,ISU_ILCC_NMC,ISU_ILCC_NMC/G61C2,34.062534722222225,0
EXT-07441,7440,ISU_ILCC_NMC,ISU_ILCC_NMC/G61C2,42.00363425925926,0
EXT-07442,7441,ISU_ILCC_NMC,ISU_ILCC_NMC/G61C2,50.02366898148148,0
EXT-07443,7442,ISU_ILCC_NMC,ISU_ILCC_NMC/G61C2,58.019050925925924,0
EXT-07444,7443,ISU_ILCC_NMC,ISU_ILCC_NMC/G61C2,66.01296296296296,0
EXT-07445,7444,ISU_ILCC_NMC,ISU_ILCC_NMC/G61C2,74.00505787037036,0
EXT-07446,7445,ISU_ILCC_NMC,ISU_ILCC_NMC/G61C2,82.01815972222222,0
EXT-07447,7446,ISU_ILCC_NMC,ISU_ILCC_NMC/G61C2,90.00521990740741,0
EXT-07448,7447,ISU_ILCC_NMC,ISU_ILCC_NMC/G61C2,98.00752314814815,0
EXT-07449,7448,ISU_ILCC_NMC,ISU_ILCC_NMC/G61C2,106.00446759259259,0
EXT-07450,7449,ISU_ILCC_NMC,ISU_ILCC_NMC/G61C2,114.00197916666667,0
EXT-07451,7450,ISU_ILCC_NMC,ISU_ILCC_NMC/G61C2,122.05625,0
EXT-07452,7451,ISU_ILCC_NMC,ISU_ILCC_NMC/G61C2,130.24850694444444,0
EXT-07453,7452,ISU_ILCC_NMC,ISU_ILCC_NMC/G61C2,139.0451273148148,0
EXT-07454,7453,ISU_ILCC_NMC,ISU_ILCC_NMC/G61C2,147.15237268518518,0
EXT-07455,7454,ISU_ILCC_NMC,ISU_ILCC_NMC/G61C3,34.062534722222225,0
EXT-07456,7455,ISU_ILCC_NMC,ISU_ILCC_NMC/G61C3,42.00364583333333,0
EXT-07457,7456,ISU_ILCC_NMC,ISU_ILCC_NMC/G61C3,50.02366898148148,0
EXT-07458,7457,ISU_ILCC_NMC,ISU_ILCC_NMC/G61C3,58.019050925925924,0
EXT-07459,7458,ISU_ILCC_NMC,ISU_ILCC_NMC/G61C3,66.01296296296296,0
EXT-07460,7459,ISU_ILCC_NMC,ISU_ILCC_NMC/G61C3,74.00505787037036,0
EXT-07461,7460,ISU_ILCC_NMC,ISU_ILCC_NMC/G61C4,34.062534722222225,0
EXT-07462,7461,ISU_ILCC_NMC,ISU_ILCC_NMC/G61C4,42.00364583333333,0
EXT-07463,7462,ISU_ILCC_NMC,ISU_ILCC_NMC/G61C4,50.02366898148148,0
EXT-07464,7463,ISU_ILCC_NMC,ISU_ILCC_NMC/G61C4,58.019050925925924,0
EXT-07465,7464,ISU_ILCC_NMC,ISU_ILCC_NMC/G61C4,66.01296296296296,0
EXT-07466,7465,ISU_ILCC_NMC,ISU_ILCC_NMC/G61C4,74.00506944444444,0
EXT-07467,7466,ISU_ILCC_NMC,ISU_ILCC_NMC/G61C4,82.01815972222222,0
EXT-07468,7467,ISU_ILCC_NMC,ISU_ILCC_NMC/G61C4,90.00521990740741,0
EXT-07469,7468,ISU_ILCC_NMC,ISU_ILCC_NMC/G61C4,98.00752314814815,0
EXT-07470,7469,ISU_ILCC_NMC,ISU_ILCC_NMC/G61C4,106.00446759259259,0
EXT-07471,7470,ISU_ILCC_NMC,ISU_ILCC_NMC/G61C4,114.00197916666667,0
EXT-07472,7471,ISU_ILCC_NMC,ISU_ILCC_NMC/G61C4,122.05625,0
EXT-07473,7472,ISU_ILCC_NMC,ISU_ILCC_NMC/G61C4,130.24850694444444,0
EXT-07474,7473,ISU_ILCC_NMC,ISU_ILCC_NMC/G61C4,139.0451273148148,0
EXT-07475,7474,ISU_ILCC_NMC,ISU_ILCC_NMC/G61C4,147.15237268518518,0
EXT-07476,7475,ISU_ILCC_NMC,ISU_ILCC_NMC/G62C1,34.062534722222225,0
EXT-07477,7476,ISU_ILCC_NMC,ISU_ILCC_NMC/G62C1,42.00364583333333,0
EXT-07478,7477,ISU_ILCC_NMC,ISU_ILCC_NMC/G62C1,50.02366898148148,0
EXT-07479,7478,ISU_ILCC_NMC,ISU_ILCC_NMC/G62C1,58.0190625,0
EXT-07480,7479,ISU_ILCC_NMC,ISU_ILCC_NMC/G62C1,66.01296296296296,0
EXT-07481,7480,ISU_ILCC_NMC,ISU_ILCC_NMC/G62C1,74.00506944444444,0
EXT-07482,7481,ISU_ILCC_NMC,ISU_ILCC_NMC/G62C1,82.01815972222222,0
EXT-07483,7482,ISU_ILCC_NMC,ISU_ILCC_NMC/G62C1,90.00521990740741,0
EXT-07484,7483,ISU_ILCC_NMC,ISU_ILCC_NMC/G62C1,98.00752314814815,0
EXT-07485,7484,ISU_ILCC_NMC,ISU_ILCC_NMC/G62C1,106.00446759259259,0
EXT-07486,7485,ISU_ILCC_NMC,ISU_ILCC_NMC/G62C1,114.00197916666667,0
EXT-07487,7486,ISU_ILCC_NMC,ISU_ILCC_NMC/G62C1,122.05625,0
EXT-07488,7487,ISU_ILCC_NMC,ISU_ILCC_NMC/G62C1,130.24850694444444,0
EXT-07489,7488,ISU_ILCC_NMC,ISU_ILCC_NMC/G62C1,139.04513888888889,0
EXT-07490,7489,ISU_ILCC_NMC,ISU_ILCC_NMC/G62C1,147.15237268518518,0
EXT-07491,7490,ISU_ILCC_NMC,ISU_ILCC_NMC/G62C1,155.2176388888889,0
EXT-07492,7491,ISU_ILCC_NMC,ISU_ILCC_NMC/G62C2,34.062534722222225,0
EXT-07493,7492,ISU_ILCC_NMC,ISU_ILCC_NMC/G62C2,42.00364583333333,0
EXT-07494,7493,ISU_ILCC_NMC,ISU_ILCC_NMC/G62C2,50.02366898148148,0
EXT-07495,7494,ISU_ILCC_NMC,ISU_ILCC_NMC/G62C2,58.0190625,0
EXT-07496,7495,ISU_ILCC_NMC,ISU_ILCC_NMC/G62C2,66.01296296296296,0
EXT-07497,7496,ISU_ILCC_NMC,ISU_ILCC_NMC/G62C2,74.00506944444444,0
EXT-07498,7497,ISU_ILCC_NMC,ISU_ILCC_NMC/G62C2,82.01815972222222,0
EXT-07499,7498,ISU_ILCC_NMC,ISU_ILCC_NMC/G62C2,90.00521990740741,0
EXT-07500,7499,ISU_ILCC_NMC,ISU_ILCC_NMC/G62C2,98.00752314814815,0
EXT-07501,7500,ISU_ILCC_NMC,ISU_ILCC_NMC/G62C2,106.00446759259259,0
EXT-07502,7501,ISU_ILCC_NMC,ISU_ILCC_NMC/G62C2,114.00197916666667,0
EXT-07503,7502,ISU_ILCC_NMC,ISU_ILCC_NMC/G62C3,34.062534722222225,0
EXT-07504,7503,ISU_ILCC_NMC,ISU_ILCC_NMC/G62C3,42.00364583333333,0
EXT-07505,7504,ISU_ILCC_NMC,ISU_ILCC_NMC/G62C3,50.02366898148148,0
EXT-07506,7505,ISU_ILCC_NMC,ISU_ILCC_NMC/G62C3,58.0190625,0
EXT-07507,7506,ISU_ILCC_NMC,ISU_ILCC_NMC/G62C3,66.01296296296296,0
EXT-07508,7507,ISU_ILCC_NMC,ISU_ILCC_NMC/G62C3,74.00506944444444,0
EXT-07509,7508,ISU_ILCC_NMC,ISU_ILCC_NMC/G62C3,82.01815972222222,0
EXT-07510,7509,ISU_ILCC_NMC,ISU_ILCC_NMC/G62C3,90.00521990740741,0
EXT-07511,7510,ISU_ILCC_NMC,ISU_ILCC_NMC/G62C3,98.00752314814815,0
EXT-07512,7511,ISU_ILCC_NMC,ISU_ILCC_NMC/G62C3,106.00446759259259,0
EXT-07513,7512,ISU_ILCC_NMC,ISU_ILCC_NMC/G62C3,114.00197916666667,0
EXT-07514,7513,ISU_ILCC_NMC,ISU_ILCC_NMC/G62C3,122.05625,0
EXT-07515,7514,ISU_ILCC_NMC,ISU_ILCC_NMC/G62C3,130.24850694444444,0
EXT-07516,7515,ISU_ILCC_NMC,ISU_ILCC_NMC/G62C4,34.062534722222225,0
EXT-07517,7516,ISU_ILCC_NMC,ISU_ILCC_NMC/G62C4,42.00363425925926,0
EXT-07518,7517,ISU_ILCC_NMC,ISU_ILCC_NMC/G62C4,50.02366898148148,0
EXT-07519,7518,ISU_ILCC_NMC,ISU_ILCC_NMC/G62C4,58.019050925925924,0
EXT-07520,7519,ISU_ILCC_NMC,ISU_ILCC_NMC/G62C4,66.01296296296296,0
EXT-07521,7520,ISU_ILCC_NMC,ISU_ILCC_NMC/G62C4,74.00506944444444,0
EXT-07522,7521,ISU_ILCC_NMC,ISU_ILCC_NMC/G62C4,82.01815972222222,0
EXT-07523,7522,ISU_ILCC_NMC,ISU_ILCC_NMC/G63C1,34.062534722222225,0
EXT-07524,7523,ISU_ILCC_NMC,ISU_ILCC_NMC/G63C1,42.00363425925926,0
EXT-07525,7524,ISU_ILCC_NMC,ISU_ILCC_NMC/G63C1,50.02366898148148,0
EXT-07526,7525,ISU_ILCC_NMC,ISU_ILCC_NMC/G63C1,58.019050925925924,0
EXT-07527,7526,ISU_ILCC_NMC,ISU_ILCC_NMC/G63C1,66.01296296296296,0
EXT-07528,7527,ISU_ILCC_NMC,ISU_ILCC_NMC/G63C1,74.00506944444444,0
EXT-07529,7528,ISU_ILCC_NMC,ISU_ILCC_NMC/G63C1,82.01815972222222,0
EXT-07530,7529,ISU_ILCC_NMC,ISU_ILCC_NMC/G63C2,34.062534722222225,0
EXT-07531,7530,ISU_ILCC_NMC,ISU_ILCC_NMC/G63C2,42.00363425925926,0
EXT-07532,7531,ISU_ILCC_NMC,ISU_ILCC_NMC/G63C2,50.02366898148148,0
EXT-07533,7532,ISU_ILCC_NMC,ISU_ILCC_NMC/G63C2,58.0190625,0
EXT-07534,7533,ISU_ILCC_NMC,ISU_ILCC_NMC/G63C2,66.01296296296296,0
EXT-07535,7534,ISU_ILCC_NMC,ISU_ILCC_NMC/G63C2,74.00506944444444,0
EXT-07536,7535,ISU_ILCC_NMC,ISU_ILCC_NMC/G63C2,82.01815972222222,0
EXT-07537,7536,ISU_ILCC_NMC,ISU_ILCC_NMC/G63C3,34.062534722222225,0
EXT-07538,7537,ISU_ILCC_NMC,ISU_ILCC_NMC/G63C3,42.00364583333333,0
EXT-07539,7538,ISU_ILCC_NMC,ISU_ILCC_NMC/G63C3,50.02366898148148,0
EXT-07540,7539,ISU_ILCC_NMC,ISU_ILCC_NMC/G63C3,58.0190625,0
EXT-07541,7540,ISU_ILCC_NMC,ISU_ILCC_NMC/G63C3,66.01296296296296,0
EXT-07542,7541,ISU_ILCC_NMC,ISU_ILCC_NMC/G63C3,74.00506944444444,0
EXT-07543,7542,ISU_ILCC_NMC,ISU_ILCC_NMC/G63C3,82.01815972222222,0
EXT-07544,7543,ISU_ILCC_NMC,ISU_ILCC_NMC/G63C3,90.00520833333333,0
EXT-07545,7544,ISU_ILCC_NMC,ISU_ILCC_NMC/G63C3,98.00751157407407,0
EXT-07546,7545,ISU_ILCC_NMC,ISU_ILCC_NMC/G63C3,106.00445601851852,0
EXT-07547,7546,ISU_ILCC_NMC,ISU_ILCC_NMC/G63C3,114.00196759259259,0
EXT-07548,7547,ISU_ILCC_NMC,ISU_ILCC_NMC/G63C3,122.05623842592593,0
EXT-07549,7548,ISU_ILCC_NMC,ISU_ILCC_NMC/G63C3,130.24849537037036,0
EXT-07550,7549,ISU_ILCC_NMC,ISU_ILCC_NMC/G63C4,34.062534722222225,0
EXT-07551,7550,ISU_ILCC_NMC,ISU_ILCC_NMC/G63C4,42.00364583333333,0
EXT-07552,7551,ISU_ILCC_NMC,ISU_ILCC_NMC/G63C4,50.02366898148148,0
EXT-07553,7552,ISU_ILCC_NMC,ISU_ILCC_NMC/G63C4,58.0190625,0
EXT-07554,7553,ISU_ILCC_NMC,ISU_ILCC_NMC/G63C4,66.01296296296296,0
EXT-07555,7554,ISU_ILCC_NMC,ISU_ILCC_NMC/G63C4,74.00506944444444,0
EXT-07556,7555,ISU_ILCC_NMC,ISU_ILCC_NMC/G63C4,82.01815972222222,0
EXT-07557,7556,ISU_ILCC_NMC,ISU_ILCC_NMC/G63C4,90.00520833333333,0
EXT-07558,7557,ISU_ILCC_NMC,ISU_ILCC_NMC/G63C4,98.00751157407407,0
EXT-07559,7558,ISU_ILCC_NMC,ISU_ILCC_NMC/G63C4,106.00445601851852,0
EXT-07560,7559,ISU_ILCC_NMC,ISU_ILCC_NMC/G63C4,114.00196759259259,0
EXT-07561,7560,ISU_ILCC_NMC,ISU_ILCC_NMC/G63C4,122.05623842592593,0
EXT-07562,7561,ISU_ILCC_NMC,ISU_ILCC_NMC/G63C4,130.24849537037036,0
EXT-07563,7562,ISU_ILCC_NMC,ISU_ILCC_NMC/G63C4,139.0451273148148,0
EXT-07564,7563,ISU_ILCC_NMC,ISU_ILCC_NMC/G63C4,147.15237268518518,0
EXT-07565,7564,ISU_ILCC_NMC,ISU_ILCC_NMC/G63C4,155.21762731481482,0
EXT-07566,7565,ISU_ILCC_NMC,ISU_ILCC_NMC/G63C4,163.97800925925927,0
EXT-07567,7566,ISU_ILCC_NMC,ISU_ILCC_NMC/G63C4,173.00387731481482,0
EXT-07568,7567,ISU_ILCC_NMC,ISU_ILCC_NMC/G64C1,34.062534722222225,0
EXT-07569,7568,ISU_ILCC_NMC,ISU_ILCC_NMC/G64C1,42.00364583333333,0
EXT-07570,7569,ISU_ILCC_NMC,ISU_ILCC_NMC/G64C1,50.02366898148148,0
EXT-07571,7570,ISU_ILCC_NMC,ISU_ILCC_NMC/G64C1,58.0190625,0
EXT-07572,7571,ISU_ILCC_NMC,ISU_ILCC_NMC/G64C1,66.01296296296296,0
EXT-07573,7572,ISU_ILCC_NMC,ISU_ILCC_NMC/G64C1,74.00506944444444,0
EXT-07574,7573,ISU_ILCC_NMC,ISU_ILCC_NMC/G64C2,34.062534722222225,0
EXT-07575,7574,ISU_ILCC_NMC,ISU_ILCC_NMC/G64C2,42.00364583333333,0
EXT-07576,7575,ISU_ILCC_NMC,ISU_ILCC_NMC/G64C2,50.02366898148148,0
EXT-07577,7576,ISU_ILCC_NMC,ISU_ILCC_NMC/G64C2,58.0190625,0
EXT-07578,7577,ISU_ILCC_NMC,ISU_ILCC_NMC/G64C2,66.01296296296296,0
EXT-07579,7578,ISU_ILCC_NMC,ISU_ILCC_NMC/G64C2,74.00506944444444,0
EXT-07580,7579,ISU_ILCC_NMC,ISU_ILCC_NMC/G64C3,34.062534722222225,0
EXT-07581,7580,ISU_ILCC_NMC,ISU_ILCC_NMC/G64C3,42.00364583333333,0
EXT-07582,7581,ISU_ILCC_NMC,ISU_ILCC_NMC/G64C3,50.02366898148148,0
EXT-07583,7582,ISU_ILCC_NMC,ISU_ILCC_NMC/G64C3,58.0190625,0
EXT-07584,7583,ISU_ILCC_NMC,ISU_ILCC_NMC/G64C3,66.01296296296296,0
EXT-07585,7584,ISU_ILCC_NMC,ISU_ILCC_NMC/G64C3,74.00506944444444,0
EXT-07586,7585,ISU_ILCC_NMC,ISU_ILCC_NMC/G64C4,34.062534722222225,0
EXT-07587,7586,ISU_ILCC_NMC,ISU_ILCC_NMC/G64C4,42.00364583333333,0
EXT-07588,7587,ISU_ILCC_NMC,ISU_ILCC_NMC/G64C4,50.02366898148148,0
EXT-07589,7588,ISU_ILCC_NMC,ISU_ILCC_NMC/G64C4,58.0190625,0
EXT-07590,7589,ISU_ILCC_NMC,ISU_ILCC_NMC/G64C4,66.01296296296296,0
EXT-07591,7590,ISU_ILCC_NMC,ISU_ILCC_NMC/G64C4,74.00506944444444,0
EXT-07592,7591,ISU_ILCC_NMC,ISU_ILCC_NMC/G64C4,82.01815972222222,0
EXT-07593,7592,ISU_ILCC_NMC,ISU_ILCC_NMC/G64C4,90.00520833333333,0
EXT-07594,7593,ISU_ILCC_NMC,ISU_ILCC_NMC/G64C4,98.00752314814815,0
EXT-07595,7594,ISU_ILCC_NMC,ISU_ILCC_NMC/G64C4,106.00445601851852,0
EXT-07596,7595,ISU_ILCC_NMC,ISU_ILCC_NMC/G64C4,114.00196759259259,0
EXT-07597,7596,ISU_ILCC_NMC,ISU_ILCC_NMC/G64C4,122.05625,0
EXT-07598,7597,ISU_ILCC_NMC,ISU_ILCC_NMC/G64C4,130.24849537037036,0
EXT-07599,7598,ISU_ILCC_NMC,ISU_ILCC_NMC/G64C4,139.0451273148148,0
EXT-07600,7599,ISU_ILCC_NMC,ISU_ILCC_NMC/G64C4,147.15237268518518,0
EXT-07601,7600,STANFORD_CALENDAR,STANFORD_CALENDAR/C00013,97.0,0
EXT-07602,7601,STANFORD_CALENDAR,STANFORD_CALENDAR/C00013,110.0,0
EXT-07603,7602,STANFORD_CALENDAR,STANFORD_CALENDAR/C00013,125.0,0
EXT-07604,7603,STANFORD_CALENDAR,STANFORD_CALENDAR/C00013,138.0,0
EXT-07605,7604,STANFORD_CALENDAR,STANFORD_CALENDAR/C00013,159.0,0
EXT-07606,7605,STANFORD_CALENDAR,STANFORD_CALENDAR/C00014,98.0,0
EXT-07607,7606,STANFORD_CALENDAR,STANFORD_CALENDAR/C00014,113.0,0
EXT-07608,7607,STANFORD_CALENDAR,STANFORD_CALENDAR/C00014,126.0,0
EXT-07609,7608,STANFORD_CALENDAR,STANFORD_CALENDAR/C00014,147.0,0
EXT-07610,7609,STANFORD_CALENDAR,STANFORD_CALENDAR/C00014,162.0,0
EXT-07611,7610,STANFORD_CALENDAR,STANFORD_CALENDAR/C00014,178.0,0
EXT-07612,7611,STANFORD_CALENDAR,STANFORD_CALENDAR/C00014,191.0,0
EXT-07613,7612,STANFORD_CALENDAR,STANFORD_CALENDAR/C00014,233.0,0
EXT-07614,7613,STANFORD_CALENDAR,STANFORD_CALENDAR/C00014,276.0,0
EXT-07615,7614,STANFORD_CALENDAR,STANFORD_CALENDAR/C00014,297.0,0
EXT-07616,7615,STANFORD_CALENDAR,STANFORD_CALENDAR/C00014,309.0,0
EXT-07617,7616,STANFORD_CALENDAR,STANFORD_CALENDAR/C00018,90.0,0
EXT-07618,7617,STANFORD_CALENDAR,STANFORD_CALENDAR/C00018,105.0,0
EXT-07619,7618,STANFORD_CALENDAR,STANFORD_CALENDAR/C00018,121.0,0
EXT-07620,7619,STANFORD_CALENDAR,STANFORD_CALENDAR/C00018,134.0,0
EXT-07621,7620,STANFORD_CALENDAR,STANFORD_CALENDAR/C00018,190.0,0
EXT-07622,7621,STANFORD_CALENDAR,STANFORD_CALENDAR/C00018,203.0,0
EXT-07623,7622,STANFORD_CALENDAR,STANFORD_CALENDAR/C00018,219.0,0
EXT-07624,7623,STANFORD_CALENDAR,STANFORD_CALENDAR/C00018,229.0,0
EXT-07625,7624,STANFORD_CALENDAR,STANFORD_CALENDAR/C00084,216.0,0
EXT-07626,7625,STANFORD_CALENDAR,STANFORD_CALENDAR/C00084,250.0,0
EXT-07627,7626,STANFORD_CALENDAR,STANFORD_CALENDAR/C00084,285.0,0
EXT-07628,7627,STANFORD_CALENDAR,STANFORD_CALENDAR/C00084,320.0,0
EXT-07629,7628,STANFORD_CALENDAR,STANFORD_CALENDAR/C00084,355.0,0
EXT-07630,7629,STANFORD_CALENDAR,STANFORD_CALENDAR/C00084,390.0,0
EXT-07631,7630,STANFORD_CALENDAR,STANFORD_CALENDAR/C00084,425.0,0
EXT-07632,7631,STANFORD_CALENDAR,STANFORD_CALENDAR/C00084,462.0,0
EXT-07633,7632,STANFORD_CALENDAR,STANFORD_CALENDAR/C00084,497.0,0
EXT-07634,7633,STANFORD_CALENDAR,STANFORD_CALENDAR/C00084,530.0,0
EXT-07635,7634,STANFORD_CALENDAR,STANFORD_CALENDAR/C00084,565.0,0
EXT-07636,7635,STANFORD_CALENDAR,STANFORD_CALENDAR/C00084,629.0,0
EXT-07637,7636,STANFORD_CALENDAR,STANFORD_CALENDAR/C00084,670.0,0
EXT-07638,7637,STANFORD_CALENDAR,STANFORD_CALENDAR/C00084,706.0,0
EXT-07639,7638,STANFORD_CALENDAR,STANFORD_CALENDAR/C00084,775.0,0
EXT-07640,7639,STANFORD_CALENDAR,STANFORD_CALENDAR/C00084,810.0,0
EXT-07641,7640,STANFORD_CALENDAR,STANFORD_CALENDAR/C00084,845.0,0
EXT-07642,7641,STANFORD_CALENDAR,STANFORD_CALENDAR/C00084,880.0,0
EXT-07643,7642,STANFORD_CALENDAR,STANFORD_CALENDAR/C00084,918.0,0
EXT-07644,7643,STANFORD_CALENDAR,STANFORD_CALENDAR/C00084,953.0,0
EXT-07645,7644,STANFORD_CALENDAR,STANFORD_CALENDAR/C00084,985.0,0
EXT-07646,7645,STANFORD_CALENDAR,STANFORD_CALENDAR/C00084,1020.0,0
EXT-07647,7646,STANFORD_CALENDAR,STANFORD_CALENDAR/C00084,1055.0,0
EXT-07648,7647,STANFORD_CALENDAR,STANFORD_CALENDAR/C00084,1090.0,0
EXT-07649,7648,STANFORD_CALENDAR,STANFORD_CALENDAR/C00084,1127.0,0
EXT-07650,7649,STANFORD_CALENDAR,STANFORD_CALENDAR/C00084,1161.0,0
EXT-07651,7650,STANFORD_CALENDAR,STANFORD_CALENDAR/C00084,1195.0,0
EXT-07652,7651,STANFORD_CALENDAR,STANFORD_CALENDAR/C00084,1230.0,0
EXT-07653,7652,STANFORD_CALENDAR,STANFORD_CALENDAR/C00084,1262.0,0
EXT-07654,7653,STANFORD_CALENDAR,STANFORD_CALENDAR/C00084,1296.0,0
EXT-07655,7654,STANFORD_CALENDAR,STANFORD_CALENDAR/C00084,1335.0,0
EXT-07656,7655,STANFORD_CALENDAR,STANFORD_CALENDAR/C00084,1366.0,0
EXT-07657,7656,STANFORD_CALENDAR,STANFORD_CALENDAR/C00084,1401.0,0
EXT-07658,7657,STANFORD_CALENDAR,STANFORD_CALENDAR/C00084,1434.0,0
EXT-07659,7658,STANFORD_CALENDAR,STANFORD_CALENDAR/C00084,1470.0,0
EXT-07660,7659,STANFORD_CALENDAR,STANFORD_CALENDAR/C00084,1504.0,0
EXT-07661,7660,STANFORD_CALENDAR,STANFORD_CALENDAR/C00084,1538.0,0
EXT-07662,7661,STANFORD_CALENDAR,STANFORD_CALENDAR/C00084,1577.0,0
EXT-07663,7662,STANFORD_CALENDAR,STANFORD_CALENDAR/C00084,1612.0,0
EXT-07664,7663,STANFORD_CALENDAR,STANFORD_CALENDAR/C00084,1645.0,0
EXT-07665,7664,STANFORD_CALENDAR,STANFORD_CALENDAR/C00084,1680.0,0
EXT-07666,7665,STANFORD_CALENDAR,STANFORD_CALENDAR/C00084,1714.0,0
EXT-07667,7666,STANFORD_CALENDAR,STANFORD_CALENDAR/C00084,1748.0,0
EXT-07668,7667,STANFORD_CALENDAR,STANFORD_CALENDAR/C00084,1783.0,0
EXT-07669,7668,STANFORD_CALENDAR,STANFORD_CALENDAR/C00084,1818.0,0
EXT-07670,7669,STANFORD_CALENDAR,STANFORD_CALENDAR/C00084,1853.0,0
EXT-07671,7670,STANFORD_CALENDAR,STANFORD_CALENDAR/C00084,1888.0,0
EXT-07672,7671,STANFORD_CALENDAR,STANFORD_CALENDAR/C00084,1923.0,0
EXT-07673,7672,STANFORD_CALENDAR,STANFORD_CALENDAR/C00084,1958.0,0
EXT-07674,7673,STANFORD_CALENDAR,STANFORD_CALENDAR/C00084,1994.0,0
EXT-07675,7674,STANFORD_CALENDAR,STANFORD_CALENDAR/C00084,2028.0,0
EXT-07676,7675,STANFORD_CALENDAR,STANFORD_CALENDAR/C00084,2065.0,0
EXT-07677,7676,STANFORD_CALENDAR,STANFORD_CALENDAR/C00084,2109.0,0
EXT-07678,7677,STANFORD_CALENDAR,STANFORD_CALENDAR/C00084,2148.0,0
EXT-07679,7678,STANFORD_CALENDAR,STANFORD_CALENDAR/C00084,2183.0,0
EXT-07680,7679,STANFORD_CALENDAR,STANFORD_CALENDAR/C00084,2217.0,0
EXT-07681,7680,STANFORD_CALENDAR,STANFORD_CALENDAR/C00084,2253.0,0
EXT-07682,7681,STANFORD_CALENDAR,STANFORD_CALENDAR/C00084,2288.0,0
EXT-07683,7682,STANFORD_CALENDAR,STANFORD_CALENDAR/C00084,2331.0,0
EXT-07684,7683,STANFORD_CALENDAR,STANFORD_CALENDAR/C00084,2364.0,0
EXT-07685,7684,STANFORD_CALENDAR,STANFORD_CALENDAR/C00084,2401.0,0
EXT-07686,7685,STANFORD_CALENDAR,STANFORD_CALENDAR/C00084,2437.0,0
EXT-07687,7686,STANFORD_CALENDAR,STANFORD_CALENDAR/C00084,2469.0,0
EXT-07688,7687,STANFORD_CALENDAR,STANFORD_CALENDAR/C00084,2501.0,0
EXT-07689,7688,STANFORD_CALENDAR,STANFORD_CALENDAR/C00084,2539.0,0
EXT-07690,7689,STANFORD_CALENDAR,STANFORD_CALENDAR/C00084,2575.0,0
EXT-07691,7690,STANFORD_CALENDAR,STANFORD_CALENDAR/C00084,2611.0,0
EXT-07692,7691,STANFORD_CALENDAR,STANFORD_CALENDAR/C00084,2645.0,0
EXT-07693,7692,STANFORD_CALENDAR,STANFORD_CALENDAR/C00084,2679.0,0
EXT-07694,7693,STANFORD_CALENDAR,STANFORD_CALENDAR/C00084,2718.0,0
EXT-07695,7694,STANFORD_CALENDAR,STANFORD_CALENDAR/C00084,2752.0,0
EXT-07696,7695,STANFORD_CALENDAR,STANFORD_CALENDAR/C00084,2787.0,0
EXT-07697,7696,STANFORD_CALENDAR,STANFORD_CALENDAR/C00084,2819.0,0
EXT-07698,7697,STANFORD_CALENDAR,STANFORD_CALENDAR/C00084,2855.0,0
EXT-07699,7698,STANFORD_CALENDAR,STANFORD_CALENDAR/C00084,2889.0,0
EXT-07700,7699,STANFORD_CALENDAR,STANFORD_CALENDAR/C00084,2925.0,0
EXT-07701,7700,STANFORD_CALENDAR,STANFORD_CALENDAR/C00084,2960.0,0
EXT-07702,7701,STANFORD_CALENDAR,STANFORD_CALENDAR/C00084,2996.0,0
EXT-07703,7702,STANFORD_CALENDAR,STANFORD_CALENDAR/C00084,3029.0,0
EXT-07704,7703,STANFORD_CALENDAR,STANFORD_CALENDAR/C00084,3065.0,0
EXT-07705,7704,STANFORD_CALENDAR,STANFORD_CALENDAR/C00084,3100.0,0
EXT-07706,7705,STANFORD_CALENDAR,STANFORD_CALENDAR/C00084,3134.0,0
EXT-07707,7706,STANFORD_CALENDAR,STANFORD_CALENDAR/C00084,3171.0,0
EXT-07708,7707,STANFORD_CALENDAR,STANFORD_CALENDAR/C00084,3205.0,0
EXT-07709,7708,STANFORD_CALENDAR,STANFORD_CALENDAR/C00084,3241.0,0
EXT-07710,7709,STANFORD_CALENDAR,STANFORD_CALENDAR/C00084,3277.0,0
EXT-07711,7710,STANFORD_CALENDAR,STANFORD_CALENDAR/C00084,3310.0,0
EXT-07712,7711,STANFORD_CALENDAR,STANFORD_CALENDAR/C00084,3344.0,0
EXT-07713,7712,STANFORD_CALENDAR,STANFORD_CALENDAR/C00084,3380.0,0
EXT-07714,7713,STANFORD_CALENDAR,STANFORD_CALENDAR/C00084,3415.0,0
EXT-07715,7714,STANFORD_CALENDAR,STANFORD_CALENDAR/C00085,216.0,0
EXT-07716,7715,STANFORD_CALENDAR,STANFORD_CALENDAR/C00085,250.0,0
EXT-07717,7716,STANFORD_CALENDAR,STANFORD_CALENDAR/C00085,285.0,0
EXT-07718,7717,STANFORD_CALENDAR,STANFORD_CALENDAR/C00085,320.0,0
EXT-07719,7718,STANFORD_CALENDAR,STANFORD_CALENDAR/C00085,355.0,0
EXT-07720,7719,STANFORD_CALENDAR,STANFORD_CALENDAR/C00085,390.0,0
EXT-07721,7720,STANFORD_CALENDAR,STANFORD_CALENDAR/C00085,425.0,0
EXT-07722,7721,STANFORD_CALENDAR,STANFORD_CALENDAR/C00085,462.0,0
EXT-07723,7722,STANFORD_CALENDAR,STANFORD_CALENDAR/C00085,497.0,0
EXT-07724,7723,STANFORD_CALENDAR,STANFORD_CALENDAR/C00085,530.0,0
EXT-07725,7724,STANFORD_CALENDAR,STANFORD_CALENDAR/C00085,565.0,0
EXT-07726,7725,STANFORD_CALENDAR,STANFORD_CALENDAR/C00085,629.0,0
EXT-07727,7726,STANFORD_CALENDAR,STANFORD_CALENDAR/C00085,670.0,0
EXT-07728,7727,STANFORD_CALENDAR,STANFORD_CALENDAR/C00085,706.0,0
EXT-07729,7728,STANFORD_CALENDAR,STANFORD_CALENDAR/C00085,775.0,0
EXT-07730,7729,STANFORD_CALENDAR,STANFORD_CALENDAR/C00085,810.0,0
EXT-07731,7730,STANFORD_CALENDAR,STANFORD_CALENDAR/C00085,845.0,0
EXT-07732,7731,STANFORD_CALENDAR,STANFORD_CALENDAR/C00085,880.0,0
EXT-07733,7732,STANFORD_CALENDAR,STANFORD_CALENDAR/C00085,918.0,0
EXT-07734,7733,STANFORD_CALENDAR,STANFORD_CALENDAR/C00085,953.0,0
EXT-07735,7734,STANFORD_CALENDAR,STANFORD_CALENDAR/C00085,985.0,0
EXT-07736,7735,STANFORD_CALENDAR,STANFORD_CALENDAR/C00085,1020.0,0
EXT-07737,7736,STANFORD_CALENDAR,STANFORD_CALENDAR/C00085,1055.0,0
EXT-07738,7737,STANFORD_CALENDAR,STANFORD_CALENDAR/C00085,1090.0,0
EXT-07739,7738,STANFORD_CALENDAR,STANFORD_CALENDAR/C00085,1127.0,0
EXT-07740,7739,STANFORD_CALENDAR,STANFORD_CALENDAR/C00085,1161.0,0
EXT-07741,7740,STANFORD_CALENDAR,STANFORD_CALENDAR/C00085,1195.0,0
EXT-07742,7741,STANFORD_CALENDAR,STANFORD_CALENDAR/C00085,1230.0,0
EXT-07743,7742,STANFORD_CALENDAR,STANFORD_CALENDAR/C00085,1262.0,0
EXT-07744,7743,STANFORD_CALENDAR,STANFORD_CALENDAR/C00085,1296.0,0
EXT-07745,7744,STANFORD_CALENDAR,STANFORD_CALENDAR/C00085,1335.0,0
EXT-07746,7745,STANFORD_CALENDAR,STANFORD_CALENDAR/C00085,1366.0,0
EXT-07747,7746,STANFORD_CALENDAR,STANFORD_CALENDAR/C00085,1401.0,0
EXT-07748,7747,STANFORD_CALENDAR,STANFORD_CALENDAR/C00085,1434.0,0
EXT-07749,7748,STANFORD_CALENDAR,STANFORD_CALENDAR/C00085,1470.0,0
EXT-07750,7749,STANFORD_CALENDAR,STANFORD_CALENDAR/C00085,1504.0,0
EXT-07751,7750,STANFORD_CALENDAR,STANFORD_CALENDAR/C00085,1538.0,0
EXT-07752,7751,STANFORD_CALENDAR,STANFORD_CALENDAR/C00085,1577.0,0
EXT-07753,7752,STANFORD_CALENDAR,STANFORD_CALENDAR/C00085,1612.0,0
EXT-07754,7753,STANFORD_CALENDAR,STANFORD_CALENDAR/C00085,1645.0,0
EXT-07755,7754,STANFORD_CALENDAR,STANFORD_CALENDAR/C00085,1680.0,0
EXT-07756,7755,STANFORD_CALENDAR,STANFORD_CALENDAR/C00085,1714.0,0
EXT-07757,7756,STANFORD_CALENDAR,STANFORD_CALENDAR/C00085,1748.0,0
EXT-07758,7757,STANFORD_CALENDAR,STANFORD_CALENDAR/C00085,1783.0,0
EXT-07759,7758,STANFORD_CALENDAR,STANFORD_CALENDAR/C00085,1818.0,0
EXT-07760,7759,STANFORD_CALENDAR,STANFORD_CALENDAR/C00085,1853.0,0
EXT-07761,7760,STANFORD_CALENDAR,STANFORD_CALENDAR/C00085,1888.0,0
EXT-07762,7761,STANFORD_CALENDAR,STANFORD_CALENDAR/C00085,1923.0,0
EXT-07763,7762,STANFORD_CALENDAR,STANFORD_CALENDAR/C00085,1958.0,0
EXT-07764,7763,STANFORD_CALENDAR,STANFORD_CALENDAR/C00085,1994.0,0
EXT-07765,7764,STANFORD_CALENDAR,STANFORD_CALENDAR/C00085,2028.0,0
EXT-07766,7765,STANFORD_CALENDAR,STANFORD_CALENDAR/C00085,2065.0,0
EXT-07767,7766,STANFORD_CALENDAR,STANFORD_CALENDAR/C00085,2109.0,0
EXT-07768,7767,STANFORD_CALENDAR,STANFORD_CALENDAR/C00085,2148.0,0
EXT-07769,7768,STANFORD_CALENDAR,STANFORD_CALENDAR/C00085,2183.0,0
EXT-07770,7769,STANFORD_CALENDAR,STANFORD_CALENDAR/C00085,2217.0,0
EXT-07771,7770,STANFORD_CALENDAR,STANFORD_CALENDAR/C00085,2253.0,0
EXT-07772,7771,STANFORD_CALENDAR,STANFORD_CALENDAR/C00085,2288.0,0
EXT-07773,7772,STANFORD_CALENDAR,STANFORD_CALENDAR/C00085,2331.0,0
EXT-07774,7773,STANFORD_CALENDAR,STANFORD_CALENDAR/C00085,2364.0,0
EXT-07775,7774,STANFORD_CALENDAR,STANFORD_CALENDAR/C00085,2401.0,0
EXT-07776,7775,STANFORD_CALENDAR,STANFORD_CALENDAR/C00085,2437.0,0
EXT-07777,7776,STANFORD_CALENDAR,STANFORD_CALENDAR/C00085,2469.0,0
EXT-07778,7777,STANFORD_CALENDAR,STANFORD_CALENDAR/C00085,2501.0,0
EXT-07779,7778,STANFORD_CALENDAR,STANFORD_CALENDAR/C00085,2539.0,0
EXT-07780,7779,STANFORD_CALENDAR,STANFORD_CALENDAR/C00085,2575.0,0
EXT-07781,7780,STANFORD_CALENDAR,STANFORD_CALENDAR/C00085,2611.0,0
EXT-07782,7781,STANFORD_CALENDAR,STANFORD_CALENDAR/C00085,2645.0,0
EXT-07783,7782,STANFORD_CALENDAR,STANFORD_CALENDAR/C00085,2679.0,0
EXT-07784,7783,STANFORD_CALENDAR,STANFORD_CALENDAR/C00085,2718.0,0
EXT-07785,7784,STANFORD_CALENDAR,STANFORD_CALENDAR/C00085,2752.0,0
EXT-07786,7785,STANFORD_CALENDAR,STANFORD_CALENDAR/C00085,2787.0,0
EXT-07787,7786,STANFORD_CALENDAR,STANFORD_CALENDAR/C00085,2819.0,0
EXT-07788,7787,STANFORD_CALENDAR,STANFORD_CALENDAR/C00085,2855.0,0
EXT-07789,7788,STANFORD_CALENDAR,STANFORD_CALENDAR/C00085,2889.0,0
EXT-07790,7789,STANFORD_CALENDAR,STANFORD_CALENDAR/C00085,2924.0,0
EXT-07791,7790,STANFORD_CALENDAR,STANFORD_CALENDAR/C00085,2960.0,0
EXT-07792,7791,STANFORD_CALENDAR,STANFORD_CALENDAR/C00085,2996.0,0
EXT-07793,7792,STANFORD_CALENDAR,STANFORD_CALENDAR/C00085,3029.0,0
EXT-07794,7793,STANFORD_CALENDAR,STANFORD_CALENDAR/C00085,3065.0,0
EXT-07795,7794,STANFORD_CALENDAR,STANFORD_CALENDAR/C00085,3100.0,0
EXT-07796,7795,STANFORD_CALENDAR,STANFORD_CALENDAR/C00085,3134.0,0
EXT-07797,7796,STANFORD_CALENDAR,STANFORD_CALENDAR/C00085,3171.0,0
EXT-07798,7797,STANFORD_CALENDAR,STANFORD_CALENDAR/C00085,3205.0,0
EXT-07799,7798,STANFORD_CALENDAR,STANFORD_CALENDAR/C00085,3241.0,0
EXT-07800,7799,STANFORD_CALENDAR,STANFORD_CALENDAR/C00085,3277.0,0
EXT-07801,7800,STANFORD_CALENDAR,STANFORD_CALENDAR/C00085,3310.0,0
EXT-07802,7801,STANFORD_CALENDAR,STANFORD_CALENDAR/C00085,3344.0,0
EXT-07803,7802,STANFORD_CALENDAR,STANFORD_CALENDAR/C00085,3380.0,0
EXT-07804,7803,STANFORD_CALENDAR,STANFORD_CALENDAR/C00085,3415.0,0
EXT-07805,7804,STANFORD_CALENDAR,STANFORD_CALENDAR/C00085,3449.0,0
EXT-07806,7805,STANFORD_CALENDAR,STANFORD_CALENDAR/C00085,3486.0,0
EXT-07807,7806,STANFORD_CALENDAR,STANFORD_CALENDAR/C00085,3520.0,0
EXT-07808,7807,STANFORD_CALENDAR,STANFORD_CALENDAR/C00085,3554.0,0
EXT-07809,7808,STANFORD_CALENDAR,STANFORD_CALENDAR/C00085,3590.0,0
EXT-07810,7809,STANFORD_CALENDAR,STANFORD_CALENDAR/C00085,3625.0,0
EXT-07811,7810,STANFORD_CALENDAR,STANFORD_CALENDAR/C00085,3659.0,0
EXT-07812,7811,STANFORD_CALENDAR,STANFORD_CALENDAR/C00085,3694.0,0
EXT-07813,7812,STANFORD_CALENDAR,STANFORD_CALENDAR/C00085,3731.0,0
EXT-07814,7813,STANFORD_CALENDAR,STANFORD_CALENDAR/C00085,3765.0,0
EXT-07815,7814,STANFORD_CALENDAR,STANFORD_CALENDAR/C00085,3801.0,0
EXT-07816,7815,STANFORD_CALENDAR,STANFORD_CALENDAR/C00085,3836.0,0
EXT-07817,7816,STANFORD_CALENDAR,STANFORD_CALENDAR/C00085,3870.0,0
EXT-07818,7817,STANFORD_CALENDAR,STANFORD_CALENDAR/C00085,3904.0,0
EXT-07819,7818,STANFORD_CALENDAR,STANFORD_CALENDAR/C00085,3939.0,0
EXT-07820,7819,STANFORD_CALENDAR,STANFORD_CALENDAR/C00085,3974.0,0
EXT-07821,7820,STANFORD_CALENDAR,STANFORD_CALENDAR/C00085,4009.0,0
EXT-07822,7821,STANFORD_CALENDAR,STANFORD_CALENDAR/C00085,4044.0,0
EXT-07823,7822,STANFORD_CALENDAR,STANFORD_CALENDAR/C00085,4079.0,0
EXT-07824,7823,STANFORD_CALENDAR,STANFORD_CALENDAR/C00085,4149.0,0
EXT-07825,7824,STANFORD_CALENDAR,STANFORD_CALENDAR/C00085,4184.0,0
EXT-07826,7825,STANFORD_CALENDAR,STANFORD_CALENDAR/C00085,4219.0,0
EXT-07827,7826,STANFORD_CALENDAR,STANFORD_CALENDAR/C00085,4254.0,0
EXT-07828,7827,STANFORD_CALENDAR,STANFORD_CALENDAR/C00085,4285.0,0
EXT-07829,7828,STANFORD_CALENDAR,STANFORD_CALENDAR/C00085,4324.0,0
EXT-07830,7829,STANFORD_CALENDAR,STANFORD_CALENDAR/C00085,4360.0,0
EXT-07831,7830,STANFORD_CALENDAR,STANFORD_CALENDAR/C00085,4395.0,0
EXT-07832,7831,STANFORD_CALENDAR,STANFORD_CALENDAR/C00085,4429.0,0
EXT-07833,7832,STANFORD_CALENDAR,STANFORD_CALENDAR/C00086,216.0,0
EXT-07834,7833,STANFORD_CALENDAR,STANFORD_CALENDAR/C00086,250.0,0
EXT-07835,7834,STANFORD_CALENDAR,STANFORD_CALENDAR/C00086,285.0,0
EXT-07836,7835,STANFORD_CALENDAR,STANFORD_CALENDAR/C00086,320.0,0
EXT-07837,7836,STANFORD_CALENDAR,STANFORD_CALENDAR/C00086,355.0,0
EXT-07838,7837,STANFORD_CALENDAR,STANFORD_CALENDAR/C00086,390.0,0
EXT-07839,7838,STANFORD_CALENDAR,STANFORD_CALENDAR/C00086,425.0,0
EXT-07840,7839,STANFORD_CALENDAR,STANFORD_CALENDAR/C00086,462.0,0
EXT-07841,7840,STANFORD_CALENDAR,STANFORD_CALENDAR/C00086,497.0,0
EXT-07842,7841,STANFORD_CALENDAR,STANFORD_CALENDAR/C00086,530.0,0
EXT-07843,7842,STANFORD_CALENDAR,STANFORD_CALENDAR/C00086,565.0,0
EXT-07844,7843,STANFORD_CALENDAR,STANFORD_CALENDAR/C00086,629.0,0
EXT-07845,7844,STANFORD_CALENDAR,STANFORD_CALENDAR/C00086,670.0,0
EXT-07846,7845,STANFORD_CALENDAR,STANFORD_CALENDAR/C00086,706.0,0
EXT-07847,7846,STANFORD_CALENDAR,STANFORD_CALENDAR/C00086,775.0,0
EXT-07848,7847,STANFORD_CALENDAR,STANFORD_CALENDAR/C00086,810.0,0
EXT-07849,7848,STANFORD_CALENDAR,STANFORD_CALENDAR/C00086,845.0,0
EXT-07850,7849,STANFORD_CALENDAR,STANFORD_CALENDAR/C00086,880.0,0
EXT-07851,7850,STANFORD_CALENDAR,STANFORD_CALENDAR/C00086,918.0,0
EXT-07852,7851,STANFORD_CALENDAR,STANFORD_CALENDAR/C00086,953.0,0
EXT-07853,7852,STANFORD_CALENDAR,STANFORD_CALENDAR/C00086,985.0,0
EXT-07854,7853,STANFORD_CALENDAR,STANFORD_CALENDAR/C00086,1020.0,0
EXT-07855,7854,STANFORD_CALENDAR,STANFORD_CALENDAR/C00086,1055.0,0
EXT-07856,7855,STANFORD_CALENDAR,STANFORD_CALENDAR/C00086,1090.0,0
EXT-07857,7856,STANFORD_CALENDAR,STANFORD_CALENDAR/C00086,1127.0,0
EXT-07858,7857,STANFORD_CALENDAR,STANFORD_CALENDAR/C00086,1161.0,0
EXT-07859,7858,STANFORD_CALENDAR,STANFORD_CALENDAR/C00086,1195.0,0
EXT-07860,7859,STANFORD_CALENDAR,STANFORD_CALENDAR/C00086,1230.0,0
EXT-07861,7860,STANFORD_CALENDAR,STANFORD_CALENDAR/C00086,1262.0,0
EXT-07862,7861,STANFORD_CALENDAR,STANFORD_CALENDAR/C00086,1296.0,0
EXT-07863,7862,STANFORD_CALENDAR,STANFORD_CALENDAR/C00086,1335.0,0
EXT-07864,7863,STANFORD_CALENDAR,STANFORD_CALENDAR/C00086,1366.0,0
EXT-07865,7864,STANFORD_CALENDAR,STANFORD_CALENDAR/C00086,1401.0,0
EXT-07866,7865,STANFORD_CALENDAR,STANFORD_CALENDAR/C00086,1434.0,0
EXT-07867,7866,STANFORD_CALENDAR,STANFORD_CALENDAR/C00086,1470.0,0
EXT-07868,7867,STANFORD_CALENDAR,STANFORD_CALENDAR/C00086,1504.0,0
EXT-07869,7868,STANFORD_CALENDAR,STANFORD_CALENDAR/C00086,1538.0,0
EXT-07870,7869,STANFORD_CALENDAR,STANFORD_CALENDAR/C00086,1577.0,0
EXT-07871,7870,STANFORD_CALENDAR,STANFORD_CALENDAR/C00086,1612.0,0
EXT-07872,7871,STANFORD_CALENDAR,STANFORD_CALENDAR/C00086,1645.0,0
EXT-07873,7872,STANFORD_CALENDAR,STANFORD_CALENDAR/C00086,1680.0,0
EXT-07874,7873,STANFORD_CALENDAR,STANFORD_CALENDAR/C00086,1714.0,0
EXT-07875,7874,STANFORD_CALENDAR,STANFORD_CALENDAR/C00086,1748.0,0
EXT-07876,7875,STANFORD_CALENDAR,STANFORD_CALENDAR/C00086,1783.0,0
EXT-07877,7876,STANFORD_CALENDAR,STANFORD_CALENDAR/C00086,1818.0,0
EXT-07878,7877,STANFORD_CALENDAR,STANFORD_CALENDAR/C00086,1853.0,0
EXT-07879,7878,STANFORD_CALENDAR,STANFORD_CALENDAR/C00086,1888.0,0
EXT-07880,7879,STANFORD_CALENDAR,STANFORD_CALENDAR/C00086,1923.0,0
EXT-07881,7880,STANFORD_CALENDAR,STANFORD_CALENDAR/C00086,1958.0,0
EXT-07882,7881,STANFORD_CALENDAR,STANFORD_CALENDAR/C00086,1994.0,0
EXT-07883,7882,STANFORD_CALENDAR,STANFORD_CALENDAR/C00086,2028.0,0
EXT-07884,7883,STANFORD_CALENDAR,STANFORD_CALENDAR/C00086,2065.0,0
EXT-07885,7884,STANFORD_CALENDAR,STANFORD_CALENDAR/C00086,2109.0,0
EXT-07886,7885,STANFORD_CALENDAR,STANFORD_CALENDAR/C00086,2148.0,0
EXT-07887,7886,STANFORD_CALENDAR,STANFORD_CALENDAR/C00086,2183.0,0
EXT-07888,7887,STANFORD_CALENDAR,STANFORD_CALENDAR/C00086,2217.0,0
EXT-07889,7888,STANFORD_CALENDAR,STANFORD_CALENDAR/C00086,2253.0,0
EXT-07890,7889,STANFORD_CALENDAR,STANFORD_CALENDAR/C00086,2288.0,0
EXT-07891,7890,STANFORD_CALENDAR,STANFORD_CALENDAR/C00086,2331.0,0
EXT-07892,7891,STANFORD_CALENDAR,STANFORD_CALENDAR/C00086,2364.0,0
EXT-07893,7892,STANFORD_CALENDAR,STANFORD_CALENDAR/C00086,2401.0,0
EXT-07894,7893,STANFORD_CALENDAR,STANFORD_CALENDAR/C00086,2437.0,0
EXT-07895,7894,STANFORD_CALENDAR,STANFORD_CALENDAR/C00086,2469.0,0
EXT-07896,7895,STANFORD_CALENDAR,STANFORD_CALENDAR/C00086,2501.0,0
EXT-07897,7896,STANFORD_CALENDAR,STANFORD_CALENDAR/C00086,2539.0,0
EXT-07898,7897,STANFORD_CALENDAR,STANFORD_CALENDAR/C00086,2575.0,0
EXT-07899,7898,STANFORD_CALENDAR,STANFORD_CALENDAR/C00086,2611.0,0
EXT-07900,7899,STANFORD_CALENDAR,STANFORD_CALENDAR/C00086,2645.0,0
EXT-07901,7900,STANFORD_CALENDAR,STANFORD_CALENDAR/C00086,2679.0,0
EXT-07902,7901,STANFORD_CALENDAR,STANFORD_CALENDAR/C00086,2718.0,0
EXT-07903,7902,STANFORD_CALENDAR,STANFORD_CALENDAR/C00086,2752.0,0
EXT-07904,7903,STANFORD_CALENDAR,STANFORD_CALENDAR/C00086,2787.0,0
EXT-07905,7904,STANFORD_CALENDAR,STANFORD_CALENDAR/C00086,2819.0,0
EXT-07906,7905,STANFORD_CALENDAR,STANFORD_CALENDAR/C00086,2855.0,0
EXT-07907,7906,STANFORD_CALENDAR,STANFORD_CALENDAR/C00086,2889.0,0
EXT-07908,7907,STANFORD_CALENDAR,STANFORD_CALENDAR/C00086,2924.0,0
EXT-07909,7908,STANFORD_CALENDAR,STANFORD_CALENDAR/C00086,2960.0,0
EXT-07910,7909,STANFORD_CALENDAR,STANFORD_CALENDAR/C00086,2996.0,0
EXT-07911,7910,STANFORD_CALENDAR,STANFORD_CALENDAR/C00086,3029.0,0
EXT-07912,7911,STANFORD_CALENDAR,STANFORD_CALENDAR/C00086,3065.0,0
EXT-07913,7912,STANFORD_CALENDAR,STANFORD_CALENDAR/C00086,3100.0,0
EXT-07914,7913,STANFORD_CALENDAR,STANFORD_CALENDAR/C00086,3134.0,0
EXT-07915,7914,STANFORD_CALENDAR,STANFORD_CALENDAR/C00086,3171.0,0
EXT-07916,7915,STANFORD_CALENDAR,STANFORD_CALENDAR/C00086,3205.0,0
EXT-07917,7916,STANFORD_CALENDAR,STANFORD_CALENDAR/C00086,3241.0,0
EXT-07918,7917,STANFORD_CALENDAR,STANFORD_CALENDAR/C00086,3277.0,0
EXT-07919,7918,STANFORD_CALENDAR,STANFORD_CALENDAR/C00086,3310.0,0
EXT-07920,7919,STANFORD_CALENDAR,STANFORD_CALENDAR/C00086,3344.0,0
EXT-07921,7920,STANFORD_CALENDAR,STANFORD_CALENDAR/C00086,3380.0,0
EXT-07922,7921,STANFORD_CALENDAR,STANFORD_CALENDAR/C00086,3415.0,0
EXT-07923,7922,STANFORD_CALENDAR,STANFORD_CALENDAR/C00086,3449.0,0
EXT-07924,7923,STANFORD_CALENDAR,STANFORD_CALENDAR/C00086,3486.0,0
EXT-07925,7924,STANFORD_CALENDAR,STANFORD_CALENDAR/C00086,3520.0,0
EXT-07926,7925,STANFORD_CALENDAR,STANFORD_CALENDAR/C00086,3554.0,0
EXT-07927,7926,STANFORD_CALENDAR,STANFORD_CALENDAR/C00086,3590.0,0
EXT-07928,7927,STANFORD_CALENDAR,STANFORD_CALENDAR/C00086,3625.0,0
EXT-07929,7928,STANFORD_CALENDAR,STANFORD_CALENDAR/C00086,3659.0,0
EXT-07930,7929,STANFORD_CALENDAR,STANFORD_CALENDAR/C00086,3694.0,0
EXT-07931,7930,STANFORD_CALENDAR,STANFORD_CALENDAR/C00086,3731.0,0
EXT-07932,7931,STANFORD_CALENDAR,STANFORD_CALENDAR/C00086,3765.0,0
EXT-07933,7932,STANFORD_CALENDAR,STANFORD_CALENDAR/C00086,3801.0,0
EXT-07934,7933,STANFORD_CALENDAR,STANFORD_CALENDAR/C00086,3836.0,0
EXT-07935,7934,STANFORD_CALENDAR,STANFORD_CALENDAR/C00086,3870.0,0
EXT-07936,7935,STANFORD_CALENDAR,STANFORD_CALENDAR/C00086,3904.0,0
EXT-07937,7936,STANFORD_CALENDAR,STANFORD_CALENDAR/C00086,3939.0,0
EXT-07938,7937,STANFORD_CALENDAR,STANFORD_CALENDAR/C00086,3974.0,0
EXT-07939,7938,STANFORD_CALENDAR,STANFORD_CALENDAR/C00086,4009.0,0
EXT-07940,7939,STANFORD_CALENDAR,STANFORD_CALENDAR/C00086,4044.0,0
EXT-07941,7940,STANFORD_CALENDAR,STANFORD_CALENDAR/C00086,4079.0,0
EXT-07942,7941,STANFORD_CALENDAR,STANFORD_CALENDAR/C00086,4149.0,0
EXT-07943,7942,STANFORD_CALENDAR,STANFORD_CALENDAR/C00086,4184.0,0
EXT-07944,7943,STANFORD_CALENDAR,STANFORD_CALENDAR/C00086,4219.0,0
EXT-07945,7944,STANFORD_CALENDAR,STANFORD_CALENDAR/C00086,4254.0,0
EXT-07946,7945,STANFORD_CALENDAR,STANFORD_CALENDAR/C00086,4285.0,0
EXT-07947,7946,STANFORD_CALENDAR,STANFORD_CALENDAR/C00086,4324.0,0
EXT-07948,7947,STANFORD_CALENDAR,STANFORD_CALENDAR/C00086,4360.0,0
EXT-07949,7948,STANFORD_CALENDAR,STANFORD_CALENDAR/C00086,4395.0,0
EXT-07950,7949,STANFORD_CALENDAR,STANFORD_CALENDAR/C00086,4429.0,0
EXT-07951,7950,STANFORD_CALENDAR,STANFORD_CALENDAR/C00087,216.0,0
EXT-07952,7951,STANFORD_CALENDAR,STANFORD_CALENDAR/C00087,250.0,0
EXT-07953,7952,STANFORD_CALENDAR,STANFORD_CALENDAR/C00087,285.0,0
EXT-07954,7953,STANFORD_CALENDAR,STANFORD_CALENDAR/C00087,320.0,0
EXT-07955,7954,STANFORD_CALENDAR,STANFORD_CALENDAR/C00087,355.0,0
EXT-07956,7955,STANFORD_CALENDAR,STANFORD_CALENDAR/C00087,390.0,0
EXT-07957,7956,STANFORD_CALENDAR,STANFORD_CALENDAR/C00087,425.0,0
EXT-07958,7957,STANFORD_CALENDAR,STANFORD_CALENDAR/C00087,462.0,0
EXT-07959,7958,STANFORD_CALENDAR,STANFORD_CALENDAR/C00087,497.0,0
EXT-07960,7959,STANFORD_CALENDAR,STANFORD_CALENDAR/C00087,530.0,0
EXT-07961,7960,STANFORD_CALENDAR,STANFORD_CALENDAR/C00087,565.0,0
EXT-07962,7961,STANFORD_CALENDAR,STANFORD_CALENDAR/C00087,629.0,0
EXT-07963,7962,STANFORD_CALENDAR,STANFORD_CALENDAR/C00087,670.0,0
EXT-07964,7963,STANFORD_CALENDAR,STANFORD_CALENDAR/C00087,706.0,0
EXT-07965,7964,STANFORD_CALENDAR,STANFORD_CALENDAR/C00087,775.0,0
EXT-07966,7965,STANFORD_CALENDAR,STANFORD_CALENDAR/C00087,810.0,0
EXT-07967,7966,STANFORD_CALENDAR,STANFORD_CALENDAR/C00087,845.0,0
EXT-07968,7967,STANFORD_CALENDAR,STANFORD_CALENDAR/C00087,880.0,0
EXT-07969,7968,STANFORD_CALENDAR,STANFORD_CALENDAR/C00087,918.0,0
EXT-07970,7969,STANFORD_CALENDAR,STANFORD_CALENDAR/C00087,953.0,0
EXT-07971,7970,STANFORD_CALENDAR,STANFORD_CALENDAR/C00087,985.0,0
EXT-07972,7971,STANFORD_CALENDAR,STANFORD_CALENDAR/C00087,1020.0,0
EXT-07973,7972,STANFORD_CALENDAR,STANFORD_CALENDAR/C00087,1055.0,0
EXT-07974,7973,STANFORD_CALENDAR,STANFORD_CALENDAR/C00087,1090.0,0
EXT-07975,7974,STANFORD_CALENDAR,STANFORD_CALENDAR/C00087,1127.0,0
EXT-07976,7975,STANFORD_CALENDAR,STANFORD_CALENDAR/C00087,1161.0,0
EXT-07977,7976,STANFORD_CALENDAR,STANFORD_CALENDAR/C00087,1195.0,0
EXT-07978,7977,STANFORD_CALENDAR,STANFORD_CALENDAR/C00087,1230.0,0
EXT-07979,7978,STANFORD_CALENDAR,STANFORD_CALENDAR/C00087,1262.0,0
EXT-07980,7979,STANFORD_CALENDAR,STANFORD_CALENDAR/C00087,1296.0,0
EXT-07981,7980,STANFORD_CALENDAR,STANFORD_CALENDAR/C00087,1335.0,0
EXT-07982,7981,STANFORD_CALENDAR,STANFORD_CALENDAR/C00087,1366.0,0
EXT-07983,7982,STANFORD_CALENDAR,STANFORD_CALENDAR/C00087,1401.0,0
EXT-07984,7983,STANFORD_CALENDAR,STANFORD_CALENDAR/C00087,1434.0,0
EXT-07985,7984,STANFORD_CALENDAR,STANFORD_CALENDAR/C00087,1470.0,0
EXT-07986,7985,STANFORD_CALENDAR,STANFORD_CALENDAR/C00087,1504.0,0
EXT-07987,7986,STANFORD_CALENDAR,STANFORD_CALENDAR/C00087,1538.0,0
EXT-07988,7987,STANFORD_CALENDAR,STANFORD_CALENDAR/C00087,1577.0,0
EXT-07989,7988,STANFORD_CALENDAR,STANFORD_CALENDAR/C00087,1612.0,0
EXT-07990,7989,STANFORD_CALENDAR,STANFORD_CALENDAR/C00087,1645.0,0
EXT-07991,7990,STANFORD_CALENDAR,STANFORD_CALENDAR/C00087,1680.0,0
EXT-07992,7991,STANFORD_CALENDAR,STANFORD_CALENDAR/C00087,1714.0,0
EXT-07993,7992,STANFORD_CALENDAR,STANFORD_CALENDAR/C00087,1748.0,0
EXT-07994,7993,STANFORD_CALENDAR,STANFORD_CALENDAR/C00087,1783.0,0
EXT-07995,7994,STANFORD_CALENDAR,STANFORD_CALENDAR/C00087,1818.0,0
EXT-07996,7995,STANFORD_CALENDAR,STANFORD_CALENDAR/C00087,1853.0,0
EXT-07997,7996,STANFORD_CALENDAR,STANFORD_CALENDAR/C00087,1888.0,0
EXT-07998,7997,STANFORD_CALENDAR,STANFORD_CALENDAR/C00087,1923.0,0
EXT-07999,7998,STANFORD_CALENDAR,STANFORD_CALENDAR/C00087,1958.0,0
EXT-08000,7999,STANFORD_CALENDAR,STANFORD_CALENDAR/C00087,1994.0,0
EXT-08001,8000,STANFORD_CALENDAR,STANFORD_CALENDAR/C00087,2028.0,0
EXT-08002,8001,STANFORD_CALENDAR,STANFORD_CALENDAR/C00087,2065.0,0
EXT-08003,8002,STANFORD_CALENDAR,STANFORD_CALENDAR/C00087,2109.0,0
EXT-08004,8003,STANFORD_CALENDAR,STANFORD_CALENDAR/C00087,2148.0,0
EXT-08005,8004,STANFORD_CALENDAR,STANFORD_CALENDAR/C00087,2183.0,0
EXT-08006,8005,STANFORD_CALENDAR,STANFORD_CALENDAR/C00087,2217.0,0
EXT-08007,8006,STANFORD_CALENDAR,STANFORD_CALENDAR/C00087,2253.0,0
EXT-08008,8007,STANFORD_CALENDAR,STANFORD_CALENDAR/C00087,2288.0,0
EXT-08009,8008,STANFORD_CALENDAR,STANFORD_CALENDAR/C00087,2331.0,0
EXT-08010,8009,STANFORD_CALENDAR,STANFORD_CALENDAR/C00087,2364.0,0
EXT-08011,8010,STANFORD_CALENDAR,STANFORD_CALENDAR/C00087,2401.0,0
EXT-08012,8011,STANFORD_CALENDAR,STANFORD_CALENDAR/C00087,2437.0,0
EXT-08013,8012,STANFORD_CALENDAR,STANFORD_CALENDAR/C00087,2469.0,0
EXT-08014,8013,STANFORD_CALENDAR,STANFORD_CALENDAR/C00087,2501.0,0
EXT-08015,8014,STANFORD_CALENDAR,STANFORD_CALENDAR/C00087,2539.0,0
EXT-08016,8015,STANFORD_CALENDAR,STANFORD_CALENDAR/C00087,2575.0,0
EXT-08017,8016,STANFORD_CALENDAR,STANFORD_CALENDAR/C00087,2611.0,0
EXT-08018,8017,STANFORD_CALENDAR,STANFORD_CALENDAR/C00087,2645.0,0
EXT-08019,8018,STANFORD_CALENDAR,STANFORD_CALENDAR/C00087,2679.0,0
EXT-08020,8019,STANFORD_CALENDAR,STANFORD_CALENDAR/C00087,2718.0,0
EXT-08021,8020,STANFORD_CALENDAR,STANFORD_CALENDAR/C00087,2752.0,0
EXT-08022,8021,STANFORD_CALENDAR,STANFORD_CALENDAR/C00087,2787.0,0
EXT-08023,8022,STANFORD_CALENDAR,STANFORD_CALENDAR/C00087,2819.0,0
EXT-08024,8023,STANFORD_CALENDAR,STANFORD_CALENDAR/C00087,2855.0,0
EXT-08025,8024,STANFORD_CALENDAR,STANFORD_CALENDAR/C00087,2889.0,0
EXT-08026,8025,STANFORD_CALENDAR,STANFORD_CALENDAR/C00087,2924.0,0
EXT-08027,8026,STANFORD_CALENDAR,STANFORD_CALENDAR/C00087,2960.0,0
EXT-08028,8027,STANFORD_CALENDAR,STANFORD_CALENDAR/C00087,2996.0,0
EXT-08029,8028,STANFORD_CALENDAR,STANFORD_CALENDAR/C00087,3029.0,0
EXT-08030,8029,STANFORD_CALENDAR,STANFORD_CALENDAR/C00087,3065.0,0
EXT-08031,8030,STANFORD_CALENDAR,STANFORD_CALENDAR/C00087,3100.0,0
EXT-08032,8031,STANFORD_CALENDAR,STANFORD_CALENDAR/C00087,3134.0,0
EXT-08033,8032,STANFORD_CALENDAR,STANFORD_CALENDAR/C00087,3171.0,0
EXT-08034,8033,STANFORD_CALENDAR,STANFORD_CALENDAR/C00087,3205.0,0
EXT-08035,8034,STANFORD_CALENDAR,STANFORD_CALENDAR/C00087,3241.0,0
EXT-08036,8035,STANFORD_CALENDAR,STANFORD_CALENDAR/C00087,3277.0,0
EXT-08037,8036,STANFORD_CALENDAR,STANFORD_CALENDAR/C00087,3310.0,0
EXT-08038,8037,STANFORD_CALENDAR,STANFORD_CALENDAR/C00087,3344.0,0
EXT-08039,8038,STANFORD_CALENDAR,STANFORD_CALENDAR/C00087,3380.0,0
EXT-08040,8039,STANFORD_CALENDAR,STANFORD_CALENDAR/C00087,3415.0,0
EXT-08041,8040,STANFORD_CALENDAR,STANFORD_CALENDAR/C00087,3449.0,0
EXT-08042,8041,STANFORD_CALENDAR,STANFORD_CALENDAR/C00087,3486.0,0
EXT-08043,8042,STANFORD_CALENDAR,STANFORD_CALENDAR/C00087,3520.0,0
EXT-08044,8043,STANFORD_CALENDAR,STANFORD_CALENDAR/C00087,3554.0,0
EXT-08045,8044,STANFORD_CALENDAR,STANFORD_CALENDAR/C00087,3590.0,0
EXT-08046,8045,STANFORD_CALENDAR,STANFORD_CALENDAR/C00087,3625.0,0
EXT-08047,8046,STANFORD_CALENDAR,STANFORD_CALENDAR/C00087,3659.0,0
EXT-08048,8047,STANFORD_CALENDAR,STANFORD_CALENDAR/C00087,3694.0,0
EXT-08049,8048,STANFORD_CALENDAR,STANFORD_CALENDAR/C00087,3731.0,0
EXT-08050,8049,STANFORD_CALENDAR,STANFORD_CALENDAR/C00087,3765.0,0
EXT-08051,8050,STANFORD_CALENDAR,STANFORD_CALENDAR/C00087,3801.0,0
EXT-08052,8051,STANFORD_CALENDAR,STANFORD_CALENDAR/C00087,3836.0,0
EXT-08053,8052,STANFORD_CALENDAR,STANFORD_CALENDAR/C00087,3870.0,0
EXT-08054,8053,STANFORD_CALENDAR,STANFORD_CALENDAR/C00087,3904.0,0
EXT-08055,8054,STANFORD_CALENDAR,STANFORD_CALENDAR/C00087,3939.0,0
EXT-08056,8055,STANFORD_CALENDAR,STANFORD_CALENDAR/C00087,3974.0,0
EXT-08057,8056,STANFORD_CALENDAR,STANFORD_CALENDAR/C00087,4009.0,0
EXT-08058,8057,STANFORD_CALENDAR,STANFORD_CALENDAR/C00087,4044.0,0
EXT-08059,8058,STANFORD_CALENDAR,STANFORD_CALENDAR/C00087,4079.0,0
EXT-08060,8059,STANFORD_CALENDAR,STANFORD_CALENDAR/C00087,4149.0,0
EXT-08061,8060,STANFORD_CALENDAR,STANFORD_CALENDAR/C00087,4184.0,0
EXT-08062,8061,STANFORD_CALENDAR,STANFORD_CALENDAR/C00087,4219.0,0
EXT-08063,8062,STANFORD_CALENDAR,STANFORD_CALENDAR/C00087,4254.0,0
EXT-08064,8063,STANFORD_CALENDAR,STANFORD_CALENDAR/C00087,4285.0,0
EXT-08065,8064,STANFORD_CALENDAR,STANFORD_CALENDAR/C00087,4324.0,0
EXT-08066,8065,STANFORD_CALENDAR,STANFORD_CALENDAR/C00087,4360.0,0
EXT-08067,8066,STANFORD_CALENDAR,STANFORD_CALENDAR/C00087,4395.0,0
EXT-08068,8067,STANFORD_CALENDAR,STANFORD_CALENDAR/C00087,4429.0,0
EXT-08069,8068,STANFORD_CALENDAR,STANFORD_CALENDAR/C00088,933.0,0
EXT-08070,8069,STANFORD_CALENDAR,STANFORD_CALENDAR/C00088,1122.0,0
EXT-08071,8070,STANFORD_CALENDAR,STANFORD_CALENDAR/C00088,1310.0,0
EXT-08072,8071,STANFORD_CALENDAR,STANFORD_CALENDAR/C00088,1497.0,0
EXT-08073,8072,STANFORD_CALENDAR,STANFORD_CALENDAR/C00088,1683.0,0
EXT-08074,8073,STANFORD_CALENDAR,STANFORD_CALENDAR/C00088,1872.0,0
EXT-08075,8074,STANFORD_CALENDAR,STANFORD_CALENDAR/C00088,2057.0,0
EXT-08076,8075,STANFORD_CALENDAR,STANFORD_CALENDAR/C00088,2275.0,0
EXT-08077,8076,STANFORD_CALENDAR,STANFORD_CALENDAR/C00088,2459.0,0
EXT-08078,8077,STANFORD_CALENDAR,STANFORD_CALENDAR/C00088,2647.0,0
EXT-08079,8078,STANFORD_CALENDAR,STANFORD_CALENDAR/C00088,2837.0,0
EXT-08080,8079,STANFORD_CALENDAR,STANFORD_CALENDAR/C00088,3020.0,0
EXT-08081,8080,STANFORD_CALENDAR,STANFORD_CALENDAR/C00088,3207.0,0
EXT-08082,8081,STANFORD_CALENDAR,STANFORD_CALENDAR/C00088,3394.0,0
EXT-08083,8082,STANFORD_CALENDAR,STANFORD_CALENDAR/C00088,3590.0,0
EXT-08084,8083,STANFORD_CALENDAR,STANFORD_CALENDAR/C00088,3775.0,0
EXT-08085,8084,STANFORD_CALENDAR,STANFORD_CALENDAR/C00088,3961.0,0
EXT-08086,8085,STANFORD_CALENDAR,STANFORD_CALENDAR/C00088,4146.0,0
EXT-08087,8086,STANFORD_CALENDAR,STANFORD_CALENDAR/C00089,933.0,0
EXT-08088,8087,STANFORD_CALENDAR,STANFORD_CALENDAR/C00089,1122.0,0
EXT-08089,8088,STANFORD_CALENDAR,STANFORD_CALENDAR/C00089,1310.0,0
EXT-08090,8089,STANFORD_CALENDAR,STANFORD_CALENDAR/C00089,1497.0,0
EXT-08091,8090,STANFORD_CALENDAR,STANFORD_CALENDAR/C00089,1683.0,0
EXT-08092,8091,STANFORD_CALENDAR,STANFORD_CALENDAR/C00089,1872.0,0
EXT-08093,8092,STANFORD_CALENDAR,STANFORD_CALENDAR/C00089,2057.0,0
EXT-08094,8093,STANFORD_CALENDAR,STANFORD_CALENDAR/C00089,2275.0,0
EXT-08095,8094,STANFORD_CALENDAR,STANFORD_CALENDAR/C00089,2459.0,0
EXT-08096,8095,STANFORD_CALENDAR,STANFORD_CALENDAR/C00089,2647.0,0
EXT-08097,8096,STANFORD_CALENDAR,STANFORD_CALENDAR/C00089,2837.0,0
EXT-08098,8097,STANFORD_CALENDAR,STANFORD_CALENDAR/C00089,3020.0,0
EXT-08099,8098,STANFORD_CALENDAR,STANFORD_CALENDAR/C00089,3207.0,0
EXT-08100,8099,STANFORD_CALENDAR,STANFORD_CALENDAR/C00089,3394.0,0
EXT-08101,8100,STANFORD_CALENDAR,STANFORD_CALENDAR/C00089,3590.0,0
EXT-08102,8101,STANFORD_CALENDAR,STANFORD_CALENDAR/C00089,3775.0,0
EXT-08103,8102,STANFORD_CALENDAR,STANFORD_CALENDAR/C00089,3961.0,0
EXT-08104,8103,STANFORD_CALENDAR,STANFORD_CALENDAR/C00089,4146.0,0
EXT-08105,8104,STANFORD_CALENDAR,STANFORD_CALENDAR/C00090,933.0,0
EXT-08106,8105,STANFORD_CALENDAR,STANFORD_CALENDAR/C00090,1122.0,0
EXT-08107,8106,STANFORD_CALENDAR,STANFORD_CALENDAR/C00090,1310.0,0
EXT-08108,8107,STANFORD_CALENDAR,STANFORD_CALENDAR/C00090,1497.0,0
EXT-08109,8108,STANFORD_CALENDAR,STANFORD_CALENDAR/C00090,1683.0,0
EXT-08110,8109,STANFORD_CALENDAR,STANFORD_CALENDAR/C00090,1872.0,0
EXT-08111,8110,STANFORD_CALENDAR,STANFORD_CALENDAR/C00090,2057.0,0
EXT-08112,8111,STANFORD_CALENDAR,STANFORD_CALENDAR/C00090,2275.0,0
EXT-08113,8112,STANFORD_CALENDAR,STANFORD_CALENDAR/C00090,2459.0,0
EXT-08114,8113,STANFORD_CALENDAR,STANFORD_CALENDAR/C00090,2647.0,0
EXT-08115,8114,STANFORD_CALENDAR,STANFORD_CALENDAR/C00090,2837.0,0
EXT-08116,8115,STANFORD_CALENDAR,STANFORD_CALENDAR/C00090,3020.0,0
EXT-08117,8116,STANFORD_CALENDAR,STANFORD_CALENDAR/C00090,3207.0,0
EXT-08118,8117,STANFORD_CALENDAR,STANFORD_CALENDAR/C00090,3394.0,0
EXT-08119,8118,STANFORD_CALENDAR,STANFORD_CALENDAR/C00090,3590.0,0
EXT-08120,8119,STANFORD_CALENDAR,STANFORD_CALENDAR/C00090,3775.0,0
EXT-08121,8120,STANFORD_CALENDAR,STANFORD_CALENDAR/C00090,3961.0,0
EXT-08122,8121,STANFORD_CALENDAR,STANFORD_CALENDAR/C00090,4146.0,0
EXT-08123,8122,STANFORD_CALENDAR,STANFORD_CALENDAR/C00091,933.0,0
EXT-08124,8123,STANFORD_CALENDAR,STANFORD_CALENDAR/C00091,1122.0,0
EXT-08125,8124,STANFORD_CALENDAR,STANFORD_CALENDAR/C00091,1310.0,0
EXT-08126,8125,STANFORD_CALENDAR,STANFORD_CALENDAR/C00091,1497.0,0
EXT-08127,8126,STANFORD_CALENDAR,STANFORD_CALENDAR/C00091,1683.0,0
EXT-08128,8127,STANFORD_CALENDAR,STANFORD_CALENDAR/C00091,1872.0,0
EXT-08129,8128,STANFORD_CALENDAR,STANFORD_CALENDAR/C00091,2057.0,0
EXT-08130,8129,STANFORD_CALENDAR,STANFORD_CALENDAR/C00091,2275.0,0
EXT-08131,8130,STANFORD_CALENDAR,STANFORD_CALENDAR/C00091,2459.0,0
EXT-08132,8131,STANFORD_CALENDAR,STANFORD_CALENDAR/C00091,2647.0,0
EXT-08133,8132,STANFORD_CALENDAR,STANFORD_CALENDAR/C00091,2837.0,0
EXT-08134,8133,STANFORD_CALENDAR,STANFORD_CALENDAR/C00091,3020.0,0
EXT-08135,8134,STANFORD_CALENDAR,STANFORD_CALENDAR/C00091,3207.0,0
EXT-08136,8135,STANFORD_CALENDAR,STANFORD_CALENDAR/C00091,3394.0,0
EXT-08137,8136,STANFORD_CALENDAR,STANFORD_CALENDAR/C00091,3590.0,0
EXT-08138,8137,STANFORD_CALENDAR,STANFORD_CALENDAR/C00091,3775.0,0
EXT-08139,8138,STANFORD_CALENDAR,STANFORD_CALENDAR/C00091,3961.0,0
EXT-08140,8139,STANFORD_CALENDAR,STANFORD_CALENDAR/C00091,4146.0,0
EXT-08141,8140,STANFORD_CALENDAR,STANFORD_CALENDAR/C00092,933.0,0
EXT-08142,8141,STANFORD_CALENDAR,STANFORD_CALENDAR/C00092,1122.0,0
EXT-08143,8142,STANFORD_CALENDAR,STANFORD_CALENDAR/C00092,1310.0,0
EXT-08144,8143,STANFORD_CALENDAR,STANFORD_CALENDAR/C00092,1497.0,0
EXT-08145,8144,STANFORD_CALENDAR,STANFORD_CALENDAR/C00092,1683.0,0
EXT-08146,8145,STANFORD_CALENDAR,STANFORD_CALENDAR/C00092,1872.0,0
EXT-08147,8146,STANFORD_CALENDAR,STANFORD_CALENDAR/C00092,2057.0,0
EXT-08148,8147,STANFORD_CALENDAR,STANFORD_CALENDAR/C00092,2275.0,0
EXT-08149,8148,STANFORD_CALENDAR,STANFORD_CALENDAR/C00092,2459.0,0
EXT-08150,8149,STANFORD_CALENDAR,STANFORD_CALENDAR/C00092,2647.0,0
EXT-08151,8150,STANFORD_CALENDAR,STANFORD_CALENDAR/C00092,2842.0,0
EXT-08152,8151,STANFORD_CALENDAR,STANFORD_CALENDAR/C00092,3020.0,0
EXT-08153,8152,STANFORD_CALENDAR,STANFORD_CALENDAR/C00092,3394.0,0
EXT-08154,8153,STANFORD_CALENDAR,STANFORD_CALENDAR/C00092,3590.0,0
EXT-08155,8154,STANFORD_CALENDAR,STANFORD_CALENDAR/C00092,3775.0,0
EXT-08156,8155,STANFORD_CALENDAR,STANFORD_CALENDAR/C00092,3961.0,0
EXT-08157,8156,STANFORD_CALENDAR,STANFORD_CALENDAR/C00093,933.0,0
EXT-08158,8157,STANFORD_CALENDAR,STANFORD_CALENDAR/C00093,1122.0,0
EXT-08159,8158,STANFORD_CALENDAR,STANFORD_CALENDAR/C00093,1310.0,0
EXT-08160,8159,STANFORD_CALENDAR,STANFORD_CALENDAR/C00093,1497.0,0
EXT-08161,8160,STANFORD_CALENDAR,STANFORD_CALENDAR/C00093,1683.0,0
EXT-08162,8161,STANFORD_CALENDAR,STANFORD_CALENDAR/C00093,1872.0,0
EXT-08163,8162,STANFORD_CALENDAR,STANFORD_CALENDAR/C00093,2057.0,0
EXT-08164,8163,STANFORD_CALENDAR,STANFORD_CALENDAR/C00093,2275.0,0
EXT-08165,8164,STANFORD_CALENDAR,STANFORD_CALENDAR/C00093,2459.0,0
EXT-08166,8165,STANFORD_CALENDAR,STANFORD_CALENDAR/C00093,2647.0,0
EXT-08167,8166,STANFORD_CALENDAR,STANFORD_CALENDAR/C00093,2837.0,0
EXT-08168,8167,STANFORD_CALENDAR,STANFORD_CALENDAR/C00093,3020.0,0
EXT-08169,8168,STANFORD_CALENDAR,STANFORD_CALENDAR/C00093,3207.0,0
EXT-08170,8169,STANFORD_CALENDAR,STANFORD_CALENDAR/C00093,3394.0,0
EXT-08171,8170,STANFORD_CALENDAR,STANFORD_CALENDAR/C00093,3583.0,0
EXT-08172,8171,STANFORD_CALENDAR,STANFORD_CALENDAR/C00094,931.0,0
EXT-08173,8172,STANFORD_CALENDAR,STANFORD_CALENDAR/C00094,1120.0,0
EXT-08174,8173,STANFORD_CALENDAR,STANFORD_CALENDAR/C00094,1308.0,0
EXT-08175,8174,STANFORD_CALENDAR,STANFORD_CALENDAR/C00094,1495.0,0
EXT-08176,8175,STANFORD_CALENDAR,STANFORD_CALENDAR/C00094,1681.0,0
EXT-08177,8176,STANFORD_CALENDAR,STANFORD_CALENDAR/C00094,1870.0,0
EXT-08178,8177,STANFORD_CALENDAR,STANFORD_CALENDAR/C00094,2055.0,0
EXT-08179,8178,STANFORD_CALENDAR,STANFORD_CALENDAR/C00094,2273.0,0
EXT-08180,8179,STANFORD_CALENDAR,STANFORD_CALENDAR/C00094,2457.0,0
EXT-08181,8180,STANFORD_CALENDAR,STANFORD_CALENDAR/C00094,2645.0,0
EXT-08182,8181,STANFORD_CALENDAR,STANFORD_CALENDAR/C00094,2835.0,0
EXT-08183,8182,STANFORD_CALENDAR,STANFORD_CALENDAR/C00094,3018.0,0
EXT-08184,8183,STANFORD_CALENDAR,STANFORD_CALENDAR/C00094,3205.0,0
EXT-08185,8184,STANFORD_CALENDAR,STANFORD_CALENDAR/C00094,3392.0,0
EXT-08186,8185,STANFORD_CALENDAR,STANFORD_CALENDAR/C00094,3581.0,0
EXT-08187,8186,STANFORD_CALENDAR,STANFORD_CALENDAR/C00094,3765.0,0
EXT-08188,8187,STANFORD_CALENDAR,STANFORD_CALENDAR/C00095,933.0,0
EXT-08189,8188,STANFORD_CALENDAR,STANFORD_CALENDAR/C00095,1122.0,0
EXT-08190,8189,STANFORD_CALENDAR,STANFORD_CALENDAR/C00095,1310.0,0
EXT-08191,8190,STANFORD_CALENDAR,STANFORD_CALENDAR/C00095,1497.0,0
EXT-08192,8191,STANFORD_CALENDAR,STANFORD_CALENDAR/C00095,1683.0,0
EXT-08193,8192,STANFORD_CALENDAR,STANFORD_CALENDAR/C00095,1872.0,0
EXT-08194,8193,STANFORD_CALENDAR,STANFORD_CALENDAR/C00095,2057.0,0
EXT-08195,8194,STANFORD_CALENDAR,STANFORD_CALENDAR/C00095,2275.0,0
EXT-08196,8195,STANFORD_CALENDAR,STANFORD_CALENDAR/C00095,2459.0,0
EXT-08197,8196,STANFORD_CALENDAR,STANFORD_CALENDAR/C00095,2647.0,0
EXT-08198,8197,STANFORD_CALENDAR,STANFORD_CALENDAR/C00095,2837.0,0
EXT-08199,8198,STANFORD_CALENDAR,STANFORD_CALENDAR/C00095,3020.0,0
EXT-08200,8199,STANFORD_CALENDAR,STANFORD_CALENDAR/C00095,3207.0,0
EXT-08201,8200,STANFORD_CALENDAR,STANFORD_CALENDAR/C00095,3394.0,0
EXT-08202,8201,STANFORD_CALENDAR,STANFORD_CALENDAR/C00095,3583.0,0
EXT-08203,8202,STANFORD_CALENDAR,STANFORD_CALENDAR/C00095,3767.0,0
EXT-08204,8203,STANFORD_CALENDAR,STANFORD_CALENDAR/C00161,136.0,0
EXT-08205,8204,STANFORD_CALENDAR,STANFORD_CALENDAR/C00161,213.0,0
EXT-08206,8205,STANFORD_CALENDAR,STANFORD_CALENDAR/C00162,136.0,0
EXT-08207,8206,STANFORD_CALENDAR,STANFORD_CALENDAR/C00162,153.0,0
EXT-08208,8207,STANFORD_CALENDAR,STANFORD_CALENDAR/C00162,171.0,0
EXT-08209,8208,STANFORD_CALENDAR,STANFORD_CALENDAR/C00162,185.0,0
EXT-08210,8209,STANFORD_CALENDAR,STANFORD_CALENDAR/C00162,196.0,0
EXT-08211,8210,STANFORD_CALENDAR,STANFORD_CALENDAR/C00162,213.0,0
EXT-08212,8211,STANFORD_CALENDAR,STANFORD_CALENDAR/C00162,243.0,0
EXT-08213,8212,STANFORD_CALENDAR,STANFORD_CALENDAR/C00162,255.0,0
EXT-08214,8213,STANFORD_CALENDAR,STANFORD_CALENDAR/C00162,283.0,0
EXT-08215,8214,STANFORD_CALENDAR,STANFORD_CALENDAR/C00162,312.0,0
EXT-08216,8215,STANFORD_CALENDAR,STANFORD_CALENDAR/C00162,325.0,0
EXT-08217,8216,STANFORD_CALENDAR,STANFORD_CALENDAR/C00162,369.0,0
EXT-08218,8217,STANFORD_CALENDAR,STANFORD_CALENDAR/C00162,396.0,0
EXT-08219,8218,STANFORD_CALENDAR,STANFORD_CALENDAR/C00162,406.0,0
EXT-08220,8219,STANFORD_CALENDAR,STANFORD_CALENDAR/C00162,416.0,0
EXT-08221,8220,STANFORD_CALENDAR,STANFORD_CALENDAR/C00162,431.0,0
EXT-08222,8221,STANFORD_CALENDAR,STANFORD_CALENDAR/C00162,444.0,0
EXT-08223,8222,STANFORD_CALENDAR,STANFORD_CALENDAR/C00162,454.0,0
EXT-08224,8223,STANFORD_CALENDAR,STANFORD_CALENDAR/C00162,466.0,0
EXT-08225,8224,STANFORD_CALENDAR,STANFORD_CALENDAR/C00162,476.0,0
EXT-08226,8225,STANFORD_CALENDAR,STANFORD_CALENDAR/C00162,487.0,0
EXT-08227,8226,STANFORD_CALENDAR,STANFORD_CALENDAR/C00162,500.0,0
EXT-08228,8227,STANFORD_CALENDAR,STANFORD_CALENDAR/C00162,511.0,0
EXT-08229,8228,STANFORD_CALENDAR,STANFORD_CALENDAR/C00162,524.0,0
EXT-08230,8229,STANFORD_CALENDAR,STANFORD_CALENDAR/C00162,536.0,0
EXT-08231,8230,STANFORD_CALENDAR,STANFORD_CALENDAR/C00162,549.0,0
EXT-08232,8231,STANFORD_CALENDAR,STANFORD_CALENDAR/C00162,570.0,0
EXT-08233,8232,STANFORD_CALENDAR,STANFORD_CALENDAR/C00162,588.0,0
EXT-08234,8233,STANFORD_CALENDAR,STANFORD_CALENDAR/C00163,511.0,0
EXT-08235,8234,STANFORD_CALENDAR,STANFORD_CALENDAR/C00163,524.0,0
EXT-08236,8235,STANFORD_CALENDAR,STANFORD_CALENDAR/C00163,536.0,0
EXT-08237,8236,STANFORD_CALENDAR,STANFORD_CALENDAR/C00163,549.0,0
EXT-08238,8237,STANFORD_CALENDAR,STANFORD_CALENDAR/C00163,570.0,0
EXT-08239,8238,STANFORD_CALENDAR,STANFORD_CALENDAR/C00163,588.0,0
EXT-08240,8239,STANFORD_CALENDAR,STANFORD_CALENDAR/C00163,602.0,0
EXT-08241,8240,STANFORD_CALENDAR,STANFORD_CALENDAR/C00163,613.0,0
EXT-08242,8241,STANFORD_CALENDAR,STANFORD_CALENDAR/C00164,109.0,0
EXT-08243,8242,STANFORD_CALENDAR,STANFORD_CALENDAR/C00164,123.0,0
EXT-08244,8243,STANFORD_CALENDAR,STANFORD_CALENDAR/C00164,136.0,0
EXT-08245,8244,STANFORD_CALENDAR,STANFORD_CALENDAR/C00164,213.0,0
EXT-08246,8245,STANFORD_CALENDAR,STANFORD_CALENDAR/C00164,602.0,0
EXT-08247,8246,STANFORD_CALENDAR,STANFORD_CALENDAR/C00164,613.0,0
EXT-08248,8247,STANFORD_CALENDAR,STANFORD_CALENDAR/C00165,96.0,0
EXT-08249,8248,STANFORD_CALENDAR,STANFORD_CALENDAR/C00165,171.0,0
EXT-08250,8249,STANFORD_CALENDAR,STANFORD_CALENDAR/C00165,185.0,0
EXT-08251,8250,STANFORD_CALENDAR,STANFORD_CALENDAR/C00165,196.0,0
EXT-08252,8251,STANFORD_CALENDAR,STANFORD_CALENDAR/C00165,229.0,0
EXT-08253,8252,STANFORD_CALENDAR,STANFORD_CALENDAR/C00165,243.0,0
EXT-08254,8253,STANFORD_CALENDAR,STANFORD_CALENDAR/C00165,255.0,0
EXT-08255,8254,STANFORD_CALENDAR,STANFORD_CALENDAR/C00165,270.0,0
EXT-08256,8255,STANFORD_CALENDAR,STANFORD_CALENDAR/C00165,283.0,0
EXT-08257,8256,STANFORD_CALENDAR,STANFORD_CALENDAR/C00165,298.0,0
EXT-08258,8257,STANFORD_CALENDAR,STANFORD_CALENDAR/C00165,312.0,0
EXT-08259,8258,STANFORD_CALENDAR,STANFORD_CALENDAR/C00165,325.0,0
EXT-08260,8259,STANFORD_CALENDAR,STANFORD_CALENDAR/C00165,342.0,0
EXT-08261,8260,STANFORD_CALENDAR,STANFORD_CALENDAR/C00165,356.0,0
EXT-08262,8261,STANFORD_CALENDAR,STANFORD_CALENDAR/C00165,384.0,0
EXT-08263,8262,STANFORD_CALENDAR,STANFORD_CALENDAR/C00166,122.0,0
EXT-08264,8263,STANFORD_CALENDAR,STANFORD_CALENDAR/C00166,199.0,0
EXT-08265,8264,STANFORD_CALENDAR,STANFORD_CALENDAR/C00207,516.0,0
EXT-08266,8265,STANFORD_CALENDAR,STANFORD_CALENDAR/C00207,583.0,0
EXT-08267,8266,STANFORD_CALENDAR,STANFORD_CALENDAR/C00207,617.0,0
EXT-08268,8267,STANFORD_CALENDAR,STANFORD_CALENDAR/C00207,651.0,0
EXT-08269,8268,STANFORD_CALENDAR,STANFORD_CALENDAR/C00207,685.0,0
EXT-08270,8269,STANFORD_CALENDAR,STANFORD_CALENDAR/C00207,719.0,0
EXT-08271,8270,STANFORD_CALENDAR,STANFORD_CALENDAR/C00207,824.0,0
EXT-08272,8271,STANFORD_CALENDAR,STANFORD_CALENDAR/C00207,890.0,0
EXT-08273,8272,STANFORD_CALENDAR,STANFORD_CALENDAR/C00207,924.0,0
EXT-08274,8273,STANFORD_CALENDAR,STANFORD_CALENDAR/C00207,986.0,0
EXT-08275,8274,STANFORD_CALENDAR,STANFORD_CALENDAR/C00207,1119.0,0
EXT-08276,8275,STANFORD_CALENDAR,STANFORD_CALENDAR/C00207,1223.0,0
EXT-08277,8276,STANFORD_CALENDAR,STANFORD_CALENDAR/C00207,1258.0,0
EXT-08278,8277,STANFORD_CALENDAR,STANFORD_CALENDAR/C00207,1293.0,0
EXT-08279,8278,STANFORD_CALENDAR,STANFORD_CALENDAR/C00207,1399.0,0
EXT-08280,8279,STANFORD_CALENDAR,STANFORD_CALENDAR/C00211,477.0,0
EXT-08281,8280,STANFORD_CALENDAR,STANFORD_CALENDAR/C00211,615.0,0
EXT-08282,8281,STANFORD_CALENDAR,STANFORD_CALENDAR/C00211,650.0,0
EXT-08283,8282,STANFORD_CALENDAR,STANFORD_CALENDAR/C00211,716.0,0
EXT-08284,8283,STANFORD_CALENDAR,STANFORD_CALENDAR/C00211,750.0,0
EXT-08285,8284,STANFORD_CALENDAR,STANFORD_CALENDAR/C00211,812.0,0
EXT-08286,8285,STANFORD_CALENDAR,STANFORD_CALENDAR/C00211,842.0,0
EXT-08287,8286,STANFORD_CALENDAR,STANFORD_CALENDAR/C00213,762.0,0
EXT-08288,8287,STANFORD_CALENDAR,STANFORD_CALENDAR/C00213,797.0,0
EXT-08289,8288,STANFORD_CALENDAR,STANFORD_CALENDAR/C00213,831.0,0
EXT-08290,8289,STANFORD_CALENDAR,STANFORD_CALENDAR/C00213,901.0,0
EXT-08291,8290,STANFORD_CALENDAR,STANFORD_CALENDAR/C00213,933.0,0
EXT-08292,8291,STANFORD_CALENDAR,STANFORD_CALENDAR/C00213,967.0,0
EXT-08293,8292,STANFORD_CALENDAR,STANFORD_CALENDAR/C00213,1001.0,0
EXT-08294,8293,STANFORD_CALENDAR,STANFORD_CALENDAR/C00213,1035.0,0
EXT-08295,8294,STANFORD_CALENDAR,STANFORD_CALENDAR/C00213,1139.0,0
EXT-08296,8295,STANFORD_CALENDAR,STANFORD_CALENDAR/C00213,1174.0,0
EXT-08297,8296,STANFORD_CALENDAR,STANFORD_CALENDAR/C00213,1206.0,0
EXT-08298,8297,STANFORD_CALENDAR,STANFORD_CALENDAR/C00213,1240.0,0
EXT-08299,8298,STANFORD_CALENDAR,STANFORD_CALENDAR/C00213,1274.0,0
EXT-08300,8299,STANFORD_CALENDAR,STANFORD_CALENDAR/C00213,1336.0,0
EXT-08301,8300,STANFORD_CALENDAR,STANFORD_CALENDAR/C00213,1366.0,0
EXT-08302,8301,STANFORD_CALENDAR,STANFORD_CALENDAR/C00213,1503.0,0
EXT-08303,8302,STANFORD_CALENDAR,STANFORD_CALENDAR/C00213,1538.0,0
EXT-08304,8303,STANFORD_CALENDAR,STANFORD_CALENDAR/C00213,1573.0,0
EXT-08305,8304,STANFORD_CALENDAR,STANFORD_CALENDAR/C00213,1643.0,0
EXT-08306,8305,STANFORD_CALENDAR,STANFORD_CALENDAR/C00213,1783.0,0
EXT-08307,8306,STANFORD_CALENDAR,STANFORD_CALENDAR/C00218,91.0,0
EXT-08308,8307,STANFORD_CALENDAR,STANFORD_CALENDAR/C00218,133.0,0
EXT-08309,8308,STANFORD_CALENDAR,STANFORD_CALENDAR/C00218,183.0,0
EXT-08310,8309,STANFORD_CALENDAR,STANFORD_CALENDAR/C00218,371.0,0
EXT-08311,8310,STANFORD_CALENDAR,STANFORD_CALENDAR/C00218,426.0,0
EXT-08312,8311,STANFORD_CALENDAR,STANFORD_CALENDAR/C00218,440.0,0
EXT-08313,8312,STANFORD_CALENDAR,STANFORD_CALENDAR/C00218,454.0,0
EXT-08314,8313,STANFORD_CALENDAR,STANFORD_CALENDAR/C00218,476.0,0
EXT-08315,8314,STANFORD_CALENDAR,STANFORD_CALENDAR/C00218,489.0,0
EXT-08316,8315,STANFORD_CALENDAR,STANFORD_CALENDAR/C00218,499.0,0
EXT-08317,8316,STANFORD_CALENDAR,STANFORD_CALENDAR/C00218,510.0,0
EXT-08318,8317,STANFORD_CALENDAR,STANFORD_CALENDAR/C00218,524.0,0
EXT-08319,8318,STANFORD_CALENDAR,STANFORD_CALENDAR/C00218,538.0,0
EXT-08320,8319,STANFORD_CALENDAR,STANFORD_CALENDAR/C00218,552.0,0
EXT-08321,8320,STANFORD_CALENDAR,STANFORD_CALENDAR/C00218,563.0,0
EXT-08322,8321,STANFORD_CALENDAR,STANFORD_CALENDAR/C00218,577.0,0
EXT-08323,8322,STANFORD_CALENDAR,STANFORD_CALENDAR/C00218,591.0,0
EXT-08324,8323,STANFORD_CALENDAR,STANFORD_CALENDAR/C00218,659.0,0
EXT-08325,8324,STANFORD_CALENDAR,STANFORD_CALENDAR/C00218,674.0,0
EXT-08326,8325,STANFORD_CALENDAR,STANFORD_CALENDAR/C00218,771.0,0
EXT-08327,8326,STANFORD_CALENDAR,STANFORD_CALENDAR/C00218,825.0,0
EXT-08328,8327,STANFORD_CALENDAR,STANFORD_CALENDAR/C00218,884.0,0
EXT-08329,8328,STANFORD_CALENDAR,STANFORD_CALENDAR/C00218,896.0,0
EXT-08330,8329,STANFORD_CALENDAR,STANFORD_CALENDAR/C00218,966.0,0
EXT-08331,8330,STANFORD_CALENDAR,STANFORD_CALENDAR/C00218,1021.0,0
EXT-08332,8331,STANFORD_CALENDAR,STANFORD_CALENDAR/C00219,156.0,0
EXT-08333,8332,STANFORD_CALENDAR,STANFORD_CALENDAR/C00219,169.0,0
EXT-08334,8333,STANFORD_CALENDAR,STANFORD_CALENDAR/C00219,218.0,0
EXT-08335,8334,STANFORD_CALENDAR,STANFORD_CALENDAR/C00219,229.0,0
EXT-08336,8335,STANFORD_CALENDAR,STANFORD_CALENDAR/C00219,296.0,0
EXT-08337,8336,STANFORD_CALENDAR,STANFORD_CALENDAR/C00219,610.0,0
EXT-08338,8337,STANFORD_CALENDAR,STANFORD_CALENDAR/C00223,542.0,0
EXT-08339,8338,STANFORD_CALENDAR,STANFORD_CALENDAR/C00226,560.0,0
EXT-08340,8339,STANFORD_CALENDAR,STANFORD_CALENDAR/C00226,587.0,0
EXT-08341,8340,STANFORD_CALENDAR,STANFORD_CALENDAR/C00226,601.0,0
EXT-08342,8341,STANFORD_CALENDAR,STANFORD_CALENDAR/C00226,612.0,0
EXT-08343,8342,STANFORD_CALENDAR,STANFORD_CALENDAR/C00226,638.0,0
EXT-08344,8343,STANFORD_CALENDAR,STANFORD_CALENDAR/C00226,870.0,0
EXT-08345,8344,STANFORD_CALENDAR,STANFORD_CALENDAR/C00226,1162.0,0
EXT-08346,8345,STANFORD_CALENDAR,STANFORD_CALENDAR/C00227,514.0,0
EXT-08347,8346,STANFORD_CALENDAR,STANFORD_CALENDAR/C00227,555.0,0
EXT-08348,8347,STANFORD_CALENDAR,STANFORD_CALENDAR/C00227,702.0,0
EXT-08349,8348,STANFORD_CALENDAR,STANFORD_CALENDAR/C00227,728.0,0
EXT-08350,8349,STANFORD_CALENDAR,STANFORD_CALENDAR/C00227,847.0,0
EXT-08351,8350,STANFORD_CALENDAR,STANFORD_CALENDAR/C00227,875.0,0
EXT-08352,8351,STANFORD_CALENDAR,STANFORD_CALENDAR/C00228,382.0,0
EXT-08353,8352,STANFORD_CALENDAR,STANFORD_CALENDAR/C00228,403.0,0
EXT-08354,8353,STANFORD_CALENDAR,STANFORD_CALENDAR/C00228,430.0,0
EXT-08355,8354,STANFORD_CALENDAR,STANFORD_CALENDAR/C00228,476.0,0
EXT-08356,8355,STANFORD_CALENDAR,STANFORD_CALENDAR/C00228,501.0,0
EXT-08357,8356,STANFORD_CALENDAR,STANFORD_CALENDAR/C00228,515.0,0
EXT-08358,8357,STANFORD_CALENDAR,STANFORD_CALENDAR/C00228,542.0,0
EXT-08359,8358,STANFORD_CALENDAR,STANFORD_CALENDAR/C00228,556.0,0
EXT-08360,8359,STANFORD_CALENDAR,STANFORD_CALENDAR/C00228,567.0,0
EXT-08361,8360,STANFORD_CALENDAR,STANFORD_CALENDAR/C00228,593.0,0
EXT-08362,8361,STANFORD_CALENDAR,STANFORD_CALENDAR/C00228,755.0,0
EXT-08363,8362,STANFORD_CALENDAR,STANFORD_CALENDAR/C00228,955.0,0
EXT-08364,8363,STANFORD_CALENDAR,STANFORD_CALENDAR/C00228,1089.0,0
EXT-08365,8364,STANFORD_CALENDAR,STANFORD_CALENDAR/C00228,1117.0,0
EXT-08366,8365,MULTISTAGE_50E,MULTISTAGE_50E/S1_TP_z01_C1,72.0,0
EXT-08367,8366,MULTISTAGE_50E,MULTISTAGE_50E/S1_TP_z01_C1,86.0,0
EXT-08368,8367,MULTISTAGE_50E,MULTISTAGE_50E/S1_TP_z01_C1,114.0,0
EXT-08369,8368,MULTISTAGE_50E,MULTISTAGE_50E/S1_TP_z01_C1,142.0,0
EXT-08370,8369,MULTISTAGE_50E,MULTISTAGE_50E/S1_TP_z01_C1,170.0,0
EXT-08371,8370,MULTISTAGE_50E,MULTISTAGE_50E/S1_TP_z01_C1,191.0,0
EXT-08372,8371,MULTISTAGE_50E,MULTISTAGE_50E/S1_TP_z01_C1,219.0,0
EXT-08373,8372,MULTISTAGE_50E,MULTISTAGE_50E/S1_TP_z01_C1,247.0,0
EXT-08374,8373,MULTISTAGE_50E,MULTISTAGE_50E/S1_TP_z01_C1,275.0,0
EXT-08375,8374,MULTISTAGE_50E,MULTISTAGE_50E/S1_TP_z01_C1,317.0,0
EXT-08376,8375,MULTISTAGE_50E,MULTISTAGE_50E/S1_TP_z01_C1,345.0,0
EXT-08377,8376,MULTISTAGE_50E,MULTISTAGE_50E/S1_TP_z01_C1,366.0,0
EXT-08378,8377,MULTISTAGE_50E,MULTISTAGE_50E/S1_TP_z01_C2,72.0,0
EXT-08379,8378,MULTISTAGE_50E,MULTISTAGE_50E/S1_TP_z01_C2,86.0,0
EXT-08380,8379,MULTISTAGE_50E,MULTISTAGE_50E/S1_TP_z01_C2,114.0,0
EXT-08381,8380,MULTISTAGE_50E,MULTISTAGE_50E/S1_TP_z01_C2,142.0,0
EXT-08382,8381,MULTISTAGE_50E,MULTISTAGE_50E/S1_TP_z01_C2,170.0,0
EXT-08383,8382,MULTISTAGE_50E,MULTISTAGE_50E/S1_TP_z01_C2,191.0,0
EXT-08384,8383,MULTISTAGE_50E,MULTISTAGE_50E/S1_TP_z01_C2,219.0,0
EXT-08385,8384,MULTISTAGE_50E,MULTISTAGE_50E/S1_TP_z01_C2,247.0,0
EXT-08386,8385,MULTISTAGE_50E,MULTISTAGE_50E/S1_TP_z01_C2,275.0,0
EXT-08387,8386,MULTISTAGE_50E,MULTISTAGE_50E/S1_TP_z01_C2,317.0,0
EXT-08388,8387,MULTISTAGE_50E,MULTISTAGE_50E/S1_TP_z01_C2,345.0,0
EXT-08389,8388,MULTISTAGE_50E,MULTISTAGE_50E/S1_TP_z01_C2,366.0,0
EXT-08390,8389,MULTISTAGE_50E,MULTISTAGE_50E/S1_TP_z01_C3,72.0,0
EXT-08391,8390,MULTISTAGE_50E,MULTISTAGE_50E/S1_TP_z01_C3,86.0,0
EXT-08392,8391,MULTISTAGE_50E,MULTISTAGE_50E/S1_TP_z01_C3,114.0,0
EXT-08393,8392,MULTISTAGE_50E,MULTISTAGE_50E/S1_TP_z01_C3,142.0,0
EXT-08394,8393,MULTISTAGE_50E,MULTISTAGE_50E/S1_TP_z01_C3,170.0,0
EXT-08395,8394,MULTISTAGE_50E,MULTISTAGE_50E/S1_TP_z01_C3,191.0,0
EXT-08396,8395,MULTISTAGE_50E,MULTISTAGE_50E/S1_TP_z01_C3,219.0,0
EXT-08397,8396,MULTISTAGE_50E,MULTISTAGE_50E/S1_TP_z01_C3,247.0,0
EXT-08398,8397,MULTISTAGE_50E,MULTISTAGE_50E/S1_TP_z01_C3,275.0,0
EXT-08399,8398,MULTISTAGE_50E,MULTISTAGE_50E/S1_TP_z01_C3,317.0,0
EXT-08400,8399,MULTISTAGE_50E,MULTISTAGE_50E/S1_TP_z01_C3,345.0,0
EXT-08401,8400,MULTISTAGE_50E,MULTISTAGE_50E/S1_TP_z01_C3,366.0,0
EXT-08402,8401,MULTISTAGE_50E,MULTISTAGE_50E/S1_TP_z02_C1,72.0,0
EXT-08403,8402,MULTISTAGE_50E,MULTISTAGE_50E/S1_TP_z02_C1,86.0,0
EXT-08404,8403,MULTISTAGE_50E,MULTISTAGE_50E/S1_TP_z02_C1,114.0,0
EXT-08405,8404,MULTISTAGE_50E,MULTISTAGE_50E/S1_TP_z02_C1,142.0,0
EXT-08406,8405,MULTISTAGE_50E,MULTISTAGE_50E/S1_TP_z02_C1,170.0,0
EXT-08407,8406,MULTISTAGE_50E,MULTISTAGE_50E/S1_TP_z02_C1,191.0,0
EXT-08408,8407,MULTISTAGE_50E,MULTISTAGE_50E/S1_TP_z02_C1,219.0,0
EXT-08409,8408,MULTISTAGE_50E,MULTISTAGE_50E/S1_TP_z02_C1,247.0,0
EXT-08410,8409,MULTISTAGE_50E,MULTISTAGE_50E/S1_TP_z02_C1,275.0,0
EXT-08411,8410,MULTISTAGE_50E,MULTISTAGE_50E/S1_TP_z02_C1,317.0,0
EXT-08412,8411,MULTISTAGE_50E,MULTISTAGE_50E/S1_TP_z02_C1,345.0,0
EXT-08413,8412,MULTISTAGE_50E,MULTISTAGE_50E/S1_TP_z02_C1,366.0,0
EXT-08414,8413,MULTISTAGE_50E,MULTISTAGE_50E/S1_TP_z02_C2,72.0,0
EXT-08415,8414,MULTISTAGE_50E,MULTISTAGE_50E/S1_TP_z02_C2,86.0,0
EXT-08416,8415,MULTISTAGE_50E,MULTISTAGE_50E/S1_TP_z02_C2,114.0,0
EXT-08417,8416,MULTISTAGE_50E,MULTISTAGE_50E/S1_TP_z02_C2,142.0,0
EXT-08418,8417,MULTISTAGE_50E,MULTISTAGE_50E/S1_TP_z02_C2,170.0,0
EXT-08419,8418,MULTISTAGE_50E,MULTISTAGE_50E/S1_TP_z02_C2,191.0,0
EXT-08420,8419,MULTISTAGE_50E,MULTISTAGE_50E/S1_TP_z02_C2,219.0,0
EXT-08421,8420,MULTISTAGE_50E,MULTISTAGE_50E/S1_TP_z02_C2,247.0,0
EXT-08422,8421,MULTISTAGE_50E,MULTISTAGE_50E/S1_TP_z02_C2,275.0,0
EXT-08423,8422,MULTISTAGE_50E,MULTISTAGE_50E/S1_TP_z02_C2,317.0,0
EXT-08424,8423,MULTISTAGE_50E,MULTISTAGE_50E/S1_TP_z02_C2,345.0,0
EXT-08425,8424,MULTISTAGE_50E,MULTISTAGE_50E/S1_TP_z02_C2,366.0,0
EXT-08426,8425,MULTISTAGE_50E,MULTISTAGE_50E/S1_TP_z02_C3,72.0,0
EXT-08427,8426,MULTISTAGE_50E,MULTISTAGE_50E/S1_TP_z02_C3,86.0,0
EXT-08428,8427,MULTISTAGE_50E,MULTISTAGE_50E/S1_TP_z02_C3,114.0,0
EXT-08429,8428,MULTISTAGE_50E,MULTISTAGE_50E/S1_TP_z02_C3,142.0,0
EXT-08430,8429,MULTISTAGE_50E,MULTISTAGE_50E/S1_TP_z02_C3,170.0,0
EXT-08431,8430,MULTISTAGE_50E,MULTISTAGE_50E/S1_TP_z02_C3,191.0,0
EXT-08432,8431,MULTISTAGE_50E,MULTISTAGE_50E/S1_TP_z02_C3,219.0,0
EXT-08433,8432,MULTISTAGE_50E,MULTISTAGE_50E/S1_TP_z02_C3,247.0,0
EXT-08434,8433,MULTISTAGE_50E,MULTISTAGE_50E/S1_TP_z02_C3,275.0,0
EXT-08435,8434,MULTISTAGE_50E,MULTISTAGE_50E/S1_TP_z02_C3,317.0,0
EXT-08436,8435,MULTISTAGE_50E,MULTISTAGE_50E/S1_TP_z02_C3,345.0,0
EXT-08437,8436,MULTISTAGE_50E,MULTISTAGE_50E/S1_TP_z02_C3,366.0,0
EXT-08438,8437,MULTISTAGE_50E,MULTISTAGE_50E/S1_TP_z03_C1,72.0,0
EXT-08439,8438,MULTISTAGE_50E,MULTISTAGE_50E/S1_TP_z03_C1,86.0,0
EXT-08440,8439,MULTISTAGE_50E,MULTISTAGE_50E/S1_TP_z03_C1,114.0,0
EXT-08441,8440,MULTISTAGE_50E,MULTISTAGE_50E/S1_TP_z03_C1,142.0,0
EXT-08442,8441,MULTISTAGE_50E,MULTISTAGE_50E/S1_TP_z03_C1,170.0,0
EXT-08443,8442,MULTISTAGE_50E,MULTISTAGE_50E/S1_TP_z03_C1,191.0,0
EXT-08444,8443,MULTISTAGE_50E,MULTISTAGE_50E/S1_TP_z03_C1,219.0,0
EXT-08445,8444,MULTISTAGE_50E,MULTISTAGE_50E/S1_TP_z03_C1,247.0,0
EXT-08446,8445,MULTISTAGE_50E,MULTISTAGE_50E/S1_TP_z03_C1,275.0,0
EXT-08447,8446,MULTISTAGE_50E,MULTISTAGE_50E/S1_TP_z03_C1,317.0,0
EXT-08448,8447,MULTISTAGE_50E,MULTISTAGE_50E/S1_TP_z03_C1,345.0,0
EXT-08449,8448,MULTISTAGE_50E,MULTISTAGE_50E/S1_TP_z03_C1,366.0,0
EXT-08450,8449,MULTISTAGE_50E,MULTISTAGE_50E/S1_TP_z03_C2,72.0,0
EXT-08451,8450,MULTISTAGE_50E,MULTISTAGE_50E/S1_TP_z03_C2,86.0,0
EXT-08452,8451,MULTISTAGE_50E,MULTISTAGE_50E/S1_TP_z03_C2,114.0,0
EXT-08453,8452,MULTISTAGE_50E,MULTISTAGE_50E/S1_TP_z03_C2,142.0,0
EXT-08454,8453,MULTISTAGE_50E,MULTISTAGE_50E/S1_TP_z03_C2,170.0,0
EXT-08455,8454,MULTISTAGE_50E,MULTISTAGE_50E/S1_TP_z03_C2,191.0,0
EXT-08456,8455,MULTISTAGE_50E,MULTISTAGE_50E/S1_TP_z03_C2,219.0,0
EXT-08457,8456,MULTISTAGE_50E,MULTISTAGE_50E/S1_TP_z03_C2,247.0,0
EXT-08458,8457,MULTISTAGE_50E,MULTISTAGE_50E/S1_TP_z03_C2,275.0,0
EXT-08459,8458,MULTISTAGE_50E,MULTISTAGE_50E/S1_TP_z03_C2,317.0,0
EXT-08460,8459,MULTISTAGE_50E,MULTISTAGE_50E/S1_TP_z03_C2,345.0,0
EXT-08461,8460,MULTISTAGE_50E,MULTISTAGE_50E/S1_TP_z03_C2,366.0,0
EXT-08462,8461,MULTISTAGE_50E,MULTISTAGE_50E/S1_TP_z03_C3,72.0,0
EXT-08463,8462,MULTISTAGE_50E,MULTISTAGE_50E/S1_TP_z03_C3,86.0,0
EXT-08464,8463,MULTISTAGE_50E,MULTISTAGE_50E/S1_TP_z03_C3,114.0,0
EXT-08465,8464,MULTISTAGE_50E,MULTISTAGE_50E/S1_TP_z03_C3,142.0,0
EXT-08466,8465,MULTISTAGE_50E,MULTISTAGE_50E/S1_TP_z03_C3,170.0,0
EXT-08467,8466,MULTISTAGE_50E,MULTISTAGE_50E/S1_TP_z03_C3,191.0,0
EXT-08468,8467,MULTISTAGE_50E,MULTISTAGE_50E/S1_TP_z03_C3,219.0,0
EXT-08469,8468,MULTISTAGE_50E,MULTISTAGE_50E/S1_TP_z03_C3,247.0,0
EXT-08470,8469,MULTISTAGE_50E,MULTISTAGE_50E/S1_TP_z03_C3,275.0,0
EXT-08471,8470,MULTISTAGE_50E,MULTISTAGE_50E/S1_TP_z03_C3,317.0,0
EXT-08472,8471,MULTISTAGE_50E,MULTISTAGE_50E/S1_TP_z03_C3,345.0,0
EXT-08473,8472,MULTISTAGE_50E,MULTISTAGE_50E/S1_TP_z03_C3,366.0,0
EXT-08474,8473,MULTISTAGE_50E,MULTISTAGE_50E/S1_TP_z04_C1,97.0,0
EXT-08475,8474,MULTISTAGE_50E,MULTISTAGE_50E/S1_TP_z04_C1,105.0,0
EXT-08476,8475,MULTISTAGE_50E,MULTISTAGE_50E/S1_TP_z04_C2,97.0,0
EXT-08477,8476,MULTISTAGE_50E,MULTISTAGE_50E/S1_TP_z04_C2,103.0,0
EXT-08478,8477,MULTISTAGE_50E,MULTISTAGE_50E/S1_TP_z04_C2,122.0,0
EXT-08479,8478,MULTISTAGE_50E,MULTISTAGE_50E/S1_TP_z04_C3,97.0,0
EXT-08480,8479,MULTISTAGE_50E,MULTISTAGE_50E/S1_TP_z04_C3,103.0,0
EXT-08481,8480,MULTISTAGE_50E,MULTISTAGE_50E/S1_TP_z05_C1,97.0,0
EXT-08482,8481,MULTISTAGE_50E,MULTISTAGE_50E/S1_TP_z05_C1,122.0,0
EXT-08483,8482,MULTISTAGE_50E,MULTISTAGE_50E/S1_TP_z05_C1,158.0,0
EXT-08484,8483,MULTISTAGE_50E,MULTISTAGE_50E/S1_TP_z05_C1,207.0,0
EXT-08485,8484,MULTISTAGE_50E,MULTISTAGE_50E/S1_TP_z05_C1,243.0,0
EXT-08486,8485,MULTISTAGE_50E,MULTISTAGE_50E/S1_TP_z05_C1,284.0,0
EXT-08487,8486,MULTISTAGE_50E,MULTISTAGE_50E/S1_TP_z05_C1,316.0,0
EXT-08488,8487,MULTISTAGE_50E,MULTISTAGE_50E/S1_TP_z05_C1,357.0,0
EXT-08489,8488,MULTISTAGE_50E,MULTISTAGE_50E/S1_TP_z05_C2,97.0,0
EXT-08490,8489,MULTISTAGE_50E,MULTISTAGE_50E/S1_TP_z05_C2,122.0,0
EXT-08491,8490,MULTISTAGE_50E,MULTISTAGE_50E/S1_TP_z05_C2,158.0,0
EXT-08492,8491,MULTISTAGE_50E,MULTISTAGE_50E/S1_TP_z05_C2,207.0,0
EXT-08493,8492,MULTISTAGE_50E,MULTISTAGE_50E/S1_TP_z05_C2,243.0,0
EXT-08494,8493,MULTISTAGE_50E,MULTISTAGE_50E/S1_TP_z05_C2,284.0,0
EXT-08495,8494,MULTISTAGE_50E,MULTISTAGE_50E/S1_TP_z05_C2,316.0,0
EXT-08496,8495,MULTISTAGE_50E,MULTISTAGE_50E/S1_TP_z05_C2,357.0,0
EXT-08497,8496,MULTISTAGE_50E,MULTISTAGE_50E/S1_TP_z05_C3,97.0,0
EXT-08498,8497,MULTISTAGE_50E,MULTISTAGE_50E/S1_TP_z05_C3,122.0,0
EXT-08499,8498,MULTISTAGE_50E,MULTISTAGE_50E/S1_TP_z05_C3,158.0,0
EXT-08500,8499,MULTISTAGE_50E,MULTISTAGE_50E/S1_TP_z05_C3,207.0,0
EXT-08501,8500,MULTISTAGE_50E,MULTISTAGE_50E/S1_TP_z05_C3,243.0,0
EXT-08502,8501,MULTISTAGE_50E,MULTISTAGE_50E/S1_TP_z05_C3,284.0,0
EXT-08503,8502,MULTISTAGE_50E,MULTISTAGE_50E/S1_TP_z05_C3,316.0,0
EXT-08504,8503,MULTISTAGE_50E,MULTISTAGE_50E/S1_TP_z05_C3,357.0,0
EXT-08505,8504,MULTISTAGE_50E,MULTISTAGE_50E/S1_TP_z06_C1,86.0,0
EXT-08506,8505,MULTISTAGE_50E,MULTISTAGE_50E/S1_TP_z06_C1,111.0,0
EXT-08507,8506,MULTISTAGE_50E,MULTISTAGE_50E/S1_TP_z06_C1,147.0,0
EXT-08508,8507,MULTISTAGE_50E,MULTISTAGE_50E/S1_TP_z06_C1,196.0,0
EXT-08509,8508,MULTISTAGE_50E,MULTISTAGE_50E/S1_TP_z06_C1,232.0,0
EXT-08510,8509,MULTISTAGE_50E,MULTISTAGE_50E/S1_TP_z06_C1,273.0,0
EXT-08511,8510,MULTISTAGE_50E,MULTISTAGE_50E/S1_TP_z06_C1,305.0,0
EXT-08512,8511,MULTISTAGE_50E,MULTISTAGE_50E/S1_TP_z06_C1,346.0,0
EXT-08513,8512,MULTISTAGE_50E,MULTISTAGE_50E/S1_TP_z06_C2,86.0,0
EXT-08514,8513,MULTISTAGE_50E,MULTISTAGE_50E/S1_TP_z06_C2,111.0,0
EXT-08515,8514,MULTISTAGE_50E,MULTISTAGE_50E/S1_TP_z06_C2,147.0,0
EXT-08516,8515,MULTISTAGE_50E,MULTISTAGE_50E/S1_TP_z06_C2,196.0,0
EXT-08517,8516,MULTISTAGE_50E,MULTISTAGE_50E/S1_TP_z06_C2,232.0,0
EXT-08518,8517,MULTISTAGE_50E,MULTISTAGE_50E/S1_TP_z06_C2,273.0,0
EXT-08519,8518,MULTISTAGE_50E,MULTISTAGE_50E/S1_TP_z06_C2,308.0,0
EXT-08520,8519,MULTISTAGE_50E,MULTISTAGE_50E/S1_TP_z06_C2,346.0,0
EXT-08521,8520,MULTISTAGE_50E,MULTISTAGE_50E/S1_TP_z06_C3,86.0,0
EXT-08522,8521,MULTISTAGE_50E,MULTISTAGE_50E/S1_TP_z06_C3,111.0,0
EXT-08523,8522,MULTISTAGE_50E,MULTISTAGE_50E/S1_TP_z06_C3,147.0,0
EXT-08524,8523,MULTISTAGE_50E,MULTISTAGE_50E/S1_TP_z06_C3,196.0,0
EXT-08525,8524,MULTISTAGE_50E,MULTISTAGE_50E/S1_TP_z06_C3,232.0,0
EXT-08526,8525,MULTISTAGE_50E,MULTISTAGE_50E/S1_TP_z06_C3,273.0,0
EXT-08527,8526,MULTISTAGE_50E,MULTISTAGE_50E/S1_TP_z06_C3,305.0,0
EXT-08528,8527,MULTISTAGE_50E,MULTISTAGE_50E/S1_TP_z06_C3,346.0,0
EXT-08529,8528,MULTISTAGE_50E,MULTISTAGE_50E/S1_TP_z07_C1,86.0,0
EXT-08530,8529,MULTISTAGE_50E,MULTISTAGE_50E/S1_TP_z07_C1,111.0,0
EXT-08531,8530,MULTISTAGE_50E,MULTISTAGE_50E/S1_TP_z07_C1,147.0,0
EXT-08532,8531,MULTISTAGE_50E,MULTISTAGE_50E/S1_TP_z07_C1,196.0,0
EXT-08533,8532,MULTISTAGE_50E,MULTISTAGE_50E/S1_TP_z07_C1,232.0,0
EXT-08534,8533,MULTISTAGE_50E,MULTISTAGE_50E/S1_TP_z07_C1,273.0,0
EXT-08535,8534,MULTISTAGE_50E,MULTISTAGE_50E/S1_TP_z07_C1,305.0,0
EXT-08536,8535,MULTISTAGE_50E,MULTISTAGE_50E/S1_TP_z07_C1,346.0,0
EXT-08537,8536,MULTISTAGE_50E,MULTISTAGE_50E/S1_TP_z07_C2,86.0,0
EXT-08538,8537,MULTISTAGE_50E,MULTISTAGE_50E/S1_TP_z07_C2,111.0,0
EXT-08539,8538,MULTISTAGE_50E,MULTISTAGE_50E/S1_TP_z07_C2,147.0,0
EXT-08540,8539,MULTISTAGE_50E,MULTISTAGE_50E/S1_TP_z07_C2,196.0,0
EXT-08541,8540,MULTISTAGE_50E,MULTISTAGE_50E/S1_TP_z07_C2,232.0,0
EXT-08542,8541,MULTISTAGE_50E,MULTISTAGE_50E/S1_TP_z07_C2,273.0,0
EXT-08543,8542,MULTISTAGE_50E,MULTISTAGE_50E/S1_TP_z07_C2,305.0,0
EXT-08544,8543,MULTISTAGE_50E,MULTISTAGE_50E/S1_TP_z07_C2,346.0,0
EXT-08545,8544,MULTISTAGE_50E,MULTISTAGE_50E/S1_TP_z07_C3,86.0,0
EXT-08546,8545,MULTISTAGE_50E,MULTISTAGE_50E/S1_TP_z07_C3,111.0,0
EXT-08547,8546,MULTISTAGE_50E,MULTISTAGE_50E/S1_TP_z07_C3,147.0,0
EXT-08548,8547,MULTISTAGE_50E,MULTISTAGE_50E/S1_TP_z07_C3,196.0,0
EXT-08549,8548,MULTISTAGE_50E,MULTISTAGE_50E/S1_TP_z07_C3,232.0,0
EXT-08550,8549,MULTISTAGE_50E,MULTISTAGE_50E/S1_TP_z07_C3,273.0,0
EXT-08551,8550,MULTISTAGE_50E,MULTISTAGE_50E/S1_TP_z07_C3,305.0,0
EXT-08552,8551,MULTISTAGE_50E,MULTISTAGE_50E/S1_TP_z07_C3,346.0,0
EXT-08553,8552,MULTISTAGE_50E,MULTISTAGE_50E/S1_TP_z08_C1,86.0,0
EXT-08554,8553,MULTISTAGE_50E,MULTISTAGE_50E/S1_TP_z08_C1,111.0,0
EXT-08555,8554,MULTISTAGE_50E,MULTISTAGE_50E/S1_TP_z08_C1,147.0,0
EXT-08556,8555,MULTISTAGE_50E,MULTISTAGE_50E/S1_TP_z08_C1,196.0,0
EXT-08557,8556,MULTISTAGE_50E,MULTISTAGE_50E/S1_TP_z08_C1,232.0,0
EXT-08558,8557,MULTISTAGE_50E,MULTISTAGE_50E/S1_TP_z08_C1,273.0,0
EXT-08559,8558,MULTISTAGE_50E,MULTISTAGE_50E/S1_TP_z08_C1,305.0,0
EXT-08560,8559,MULTISTAGE_50E,MULTISTAGE_50E/S1_TP_z08_C1,346.0,0
EXT-08561,8560,MULTISTAGE_50E,MULTISTAGE_50E/S1_TP_z08_C2,86.0,0
EXT-08562,8561,MULTISTAGE_50E,MULTISTAGE_50E/S1_TP_z08_C2,111.0,0
EXT-08563,8562,MULTISTAGE_50E,MULTISTAGE_50E/S1_TP_z08_C2,147.0,0
EXT-08564,8563,MULTISTAGE_50E,MULTISTAGE_50E/S1_TP_z08_C2,196.0,0
EXT-08565,8564,MULTISTAGE_50E,MULTISTAGE_50E/S1_TP_z08_C2,232.0,0
EXT-08566,8565,MULTISTAGE_50E,MULTISTAGE_50E/S1_TP_z08_C2,273.0,0
EXT-08567,8566,MULTISTAGE_50E,MULTISTAGE_50E/S1_TP_z08_C2,305.0,0
EXT-08568,8567,MULTISTAGE_50E,MULTISTAGE_50E/S1_TP_z08_C2,346.0,0
EXT-08569,8568,MULTISTAGE_50E,MULTISTAGE_50E/S1_TP_z08_C3,86.0,0
EXT-08570,8569,MULTISTAGE_50E,MULTISTAGE_50E/S1_TP_z08_C3,111.0,0
EXT-08571,8570,MULTISTAGE_50E,MULTISTAGE_50E/S1_TP_z08_C3,147.0,0
EXT-08572,8571,MULTISTAGE_50E,MULTISTAGE_50E/S1_TP_z08_C3,196.0,0
EXT-08573,8572,MULTISTAGE_50E,MULTISTAGE_50E/S1_TP_z08_C3,232.0,0
EXT-08574,8573,MULTISTAGE_50E,MULTISTAGE_50E/S1_TP_z08_C3,273.0,0
EXT-08575,8574,MULTISTAGE_50E,MULTISTAGE_50E/S1_TP_z08_C3,305.0,0
EXT-08576,8575,MULTISTAGE_50E,MULTISTAGE_50E/S1_TP_z08_C3,346.0,0
EXT-08577,8576,MULTISTAGE_50E,MULTISTAGE_50E/S1_TP_z09_C1,86.0,0
EXT-08578,8577,MULTISTAGE_50E,MULTISTAGE_50E/S1_TP_z09_C1,111.0,0
EXT-08579,8578,MULTISTAGE_50E,MULTISTAGE_50E/S1_TP_z09_C1,147.0,0
EXT-08580,8579,MULTISTAGE_50E,MULTISTAGE_50E/S1_TP_z09_C1,196.0,0
EXT-08581,8580,MULTISTAGE_50E,MULTISTAGE_50E/S1_TP_z09_C1,232.0,0
EXT-08582,8581,MULTISTAGE_50E,MULTISTAGE_50E/S1_TP_z09_C1,273.0,0
EXT-08583,8582,MULTISTAGE_50E,MULTISTAGE_50E/S1_TP_z09_C1,305.0,0
EXT-08584,8583,MULTISTAGE_50E,MULTISTAGE_50E/S1_TP_z09_C1,346.0,0
EXT-08585,8584,MULTISTAGE_50E,MULTISTAGE_50E/S1_TP_z09_C2,86.0,0
EXT-08586,8585,MULTISTAGE_50E,MULTISTAGE_50E/S1_TP_z09_C2,111.0,0
EXT-08587,8586,MULTISTAGE_50E,MULTISTAGE_50E/S1_TP_z09_C2,147.0,0
EXT-08588,8587,MULTISTAGE_50E,MULTISTAGE_50E/S1_TP_z09_C2,196.0,0
EXT-08589,8588,MULTISTAGE_50E,MULTISTAGE_50E/S1_TP_z09_C2,196.0,1
EXT-08590,8589,MULTISTAGE_50E,MULTISTAGE_50E/S1_TP_z09_C2,232.0,0
EXT-08591,8590,MULTISTAGE_50E,MULTISTAGE_50E/S1_TP_z09_C2,305.0,0
EXT-08592,8591,MULTISTAGE_50E,MULTISTAGE_50E/S1_TP_z09_C2,346.0,0
EXT-08593,8592,MULTISTAGE_50E,MULTISTAGE_50E/S1_TP_z09_C3,86.0,0
EXT-08594,8593,MULTISTAGE_50E,MULTISTAGE_50E/S1_TP_z09_C3,111.0,0
EXT-08595,8594,MULTISTAGE_50E,MULTISTAGE_50E/S1_TP_z09_C3,147.0,0
EXT-08596,8595,MULTISTAGE_50E,MULTISTAGE_50E/S1_TP_z09_C3,196.0,0
EXT-08597,8596,MULTISTAGE_50E,MULTISTAGE_50E/S1_TP_z09_C3,232.0,0
EXT-08598,8597,MULTISTAGE_50E,MULTISTAGE_50E/S1_TP_z09_C3,273.0,0
EXT-08599,8598,MULTISTAGE_50E,MULTISTAGE_50E/S1_TP_z09_C3,305.0,0
EXT-08600,8599,MULTISTAGE_50E,MULTISTAGE_50E/S1_TP_z09_C3,346.0,0
EXT-08601,8600,MULTISTAGE_50E,MULTISTAGE_50E/S1_TP_z10_C1,86.0,0
EXT-08602,8601,MULTISTAGE_50E,MULTISTAGE_50E/S1_TP_z10_C1,111.0,0
EXT-08603,8602,MULTISTAGE_50E,MULTISTAGE_50E/S1_TP_z10_C1,147.0,0
EXT-08604,8603,MULTISTAGE_50E,MULTISTAGE_50E/S1_TP_z10_C1,196.0,0
EXT-08605,8604,MULTISTAGE_50E,MULTISTAGE_50E/S1_TP_z10_C1,232.0,0
EXT-08606,8605,MULTISTAGE_50E,MULTISTAGE_50E/S1_TP_z10_C1,273.0,0
EXT-08607,8606,MULTISTAGE_50E,MULTISTAGE_50E/S1_TP_z10_C1,305.0,0
EXT-08608,8607,MULTISTAGE_50E,MULTISTAGE_50E/S1_TP_z10_C1,346.0,0
EXT-08609,8608,MULTISTAGE_50E,MULTISTAGE_50E/S1_TP_z10_C2,86.0,0
EXT-08610,8609,MULTISTAGE_50E,MULTISTAGE_50E/S1_TP_z10_C2,111.0,0
EXT-08611,8610,MULTISTAGE_50E,MULTISTAGE_50E/S1_TP_z10_C2,147.0,0
EXT-08612,8611,MULTISTAGE_50E,MULTISTAGE_50E/S1_TP_z10_C2,196.0,0
EXT-08613,8612,MULTISTAGE_50E,MULTISTAGE_50E/S1_TP_z10_C2,232.0,0
EXT-08614,8613,MULTISTAGE_50E,MULTISTAGE_50E/S1_TP_z10_C2,273.0,0
EXT-08615,8614,MULTISTAGE_50E,MULTISTAGE_50E/S1_TP_z10_C2,305.0,0
EXT-08616,8615,MULTISTAGE_50E,MULTISTAGE_50E/S1_TP_z10_C2,346.0,0
EXT-08617,8616,MULTISTAGE_50E,MULTISTAGE_50E/S1_TP_z10_C3,86.0,0
EXT-08618,8617,MULTISTAGE_50E,MULTISTAGE_50E/S1_TP_z10_C3,111.0,0
EXT-08619,8618,MULTISTAGE_50E,MULTISTAGE_50E/S1_TP_z10_C3,147.0,0
EXT-08620,8619,MULTISTAGE_50E,MULTISTAGE_50E/S1_TP_z10_C3,196.0,0
EXT-08621,8620,MULTISTAGE_50E,MULTISTAGE_50E/S1_TP_z10_C3,232.0,0
EXT-08622,8621,MULTISTAGE_50E,MULTISTAGE_50E/S1_TP_z10_C3,273.0,0
EXT-08623,8622,MULTISTAGE_50E,MULTISTAGE_50E/S1_TP_z10_C3,305.0,0
EXT-08624,8623,MULTISTAGE_50E,MULTISTAGE_50E/S1_TP_z10_C3,346.0,0
EXT-08625,8624,MULTISTAGE_50E,MULTISTAGE_50E/S1_TP_z11_C1,86.0,0
EXT-08626,8625,MULTISTAGE_50E,MULTISTAGE_50E/S1_TP_z11_C1,111.0,0
EXT-08627,8626,MULTISTAGE_50E,MULTISTAGE_50E/S1_TP_z11_C1,147.0,0
EXT-08628,8627,MULTISTAGE_50E,MULTISTAGE_50E/S1_TP_z11_C1,196.0,0
EXT-08629,8628,MULTISTAGE_50E,MULTISTAGE_50E/S1_TP_z11_C1,232.0,0
EXT-08630,8629,MULTISTAGE_50E,MULTISTAGE_50E/S1_TP_z11_C1,273.0,0
EXT-08631,8630,MULTISTAGE_50E,MULTISTAGE_50E/S1_TP_z11_C1,305.0,0
EXT-08632,8631,MULTISTAGE_50E,MULTISTAGE_50E/S1_TP_z11_C1,346.0,0
EXT-08633,8632,MULTISTAGE_50E,MULTISTAGE_50E/S1_TP_z11_C2,86.0,0
EXT-08634,8633,MULTISTAGE_50E,MULTISTAGE_50E/S1_TP_z11_C2,111.0,0
EXT-08635,8634,MULTISTAGE_50E,MULTISTAGE_50E/S1_TP_z11_C2,147.0,0
EXT-08636,8635,MULTISTAGE_50E,MULTISTAGE_50E/S1_TP_z11_C2,196.0,0
EXT-08637,8636,MULTISTAGE_50E,MULTISTAGE_50E/S1_TP_z11_C2,232.0,0
EXT-08638,8637,MULTISTAGE_50E,MULTISTAGE_50E/S1_TP_z11_C2,273.0,0
EXT-08639,8638,MULTISTAGE_50E,MULTISTAGE_50E/S1_TP_z11_C2,305.0,0
EXT-08640,8639,MULTISTAGE_50E,MULTISTAGE_50E/S1_TP_z11_C2,346.0,0
EXT-08641,8640,MULTISTAGE_50E,MULTISTAGE_50E/S1_TP_z11_C3,86.0,0
EXT-08642,8641,MULTISTAGE_50E,MULTISTAGE_50E/S1_TP_z11_C3,111.0,0
EXT-08643,8642,MULTISTAGE_50E,MULTISTAGE_50E/S1_TP_z11_C3,147.0,0
EXT-08644,8643,MULTISTAGE_50E,MULTISTAGE_50E/S1_TP_z11_C3,196.0,0
EXT-08645,8644,MULTISTAGE_50E,MULTISTAGE_50E/S1_TP_z11_C3,232.0,0
EXT-08646,8645,MULTISTAGE_50E,MULTISTAGE_50E/S1_TP_z11_C3,273.0,0
EXT-08647,8646,MULTISTAGE_50E,MULTISTAGE_50E/S1_TP_z11_C3,305.0,0
EXT-08648,8647,MULTISTAGE_50E,MULTISTAGE_50E/S1_TP_z11_C3,346.0,0
EXT-08649,8648,MULTISTAGE_50E,MULTISTAGE_50E/S1_TP_z12_C1,86.0,0
EXT-08650,8649,MULTISTAGE_50E,MULTISTAGE_50E/S1_TP_z12_C1,111.0,0
EXT-08651,8650,MULTISTAGE_50E,MULTISTAGE_50E/S1_TP_z12_C1,147.0,0
EXT-08652,8651,MULTISTAGE_50E,MULTISTAGE_50E/S1_TP_z12_C1,196.0,0
EXT-08653,8652,MULTISTAGE_50E,MULTISTAGE_50E/S1_TP_z12_C1,232.0,0
EXT-08654,8653,MULTISTAGE_50E,MULTISTAGE_50E/S1_TP_z12_C1,273.0,0
EXT-08655,8654,MULTISTAGE_50E,MULTISTAGE_50E/S1_TP_z12_C1,305.0,0
EXT-08656,8655,MULTISTAGE_50E,MULTISTAGE_50E/S1_TP_z12_C1,346.0,0
EXT-08657,8656,MULTISTAGE_50E,MULTISTAGE_50E/S1_TP_z12_C2,86.0,0
EXT-08658,8657,MULTISTAGE_50E,MULTISTAGE_50E/S1_TP_z12_C2,111.0,0
EXT-08659,8658,MULTISTAGE_50E,MULTISTAGE_50E/S1_TP_z12_C2,147.0,0
EXT-08660,8659,MULTISTAGE_50E,MULTISTAGE_50E/S1_TP_z12_C2,196.0,0
EXT-08661,8660,MULTISTAGE_50E,MULTISTAGE_50E/S1_TP_z12_C2,232.0,0
EXT-08662,8661,MULTISTAGE_50E,MULTISTAGE_50E/S1_TP_z12_C2,273.0,0
EXT-08663,8662,MULTISTAGE_50E,MULTISTAGE_50E/S1_TP_z12_C2,305.0,0
EXT-08664,8663,MULTISTAGE_50E,MULTISTAGE_50E/S1_TP_z12_C2,346.0,0
EXT-08665,8664,MULTISTAGE_50E,MULTISTAGE_50E/S1_TP_z12_C3,111.0,0
EXT-08666,8665,MULTISTAGE_50E,MULTISTAGE_50E/S1_TP_z12_C3,147.0,0
EXT-08667,8666,MULTISTAGE_50E,MULTISTAGE_50E/S1_TP_z12_C3,196.0,0
EXT-08668,8667,MULTISTAGE_50E,MULTISTAGE_50E/S1_TP_z12_C3,232.0,0
EXT-08669,8668,MULTISTAGE_50E,MULTISTAGE_50E/S1_TP_z12_C3,273.0,0
EXT-08670,8669,MULTISTAGE_50E,MULTISTAGE_50E/S1_TP_z12_C3,305.0,0
EXT-08671,8670,MULTISTAGE_50E,MULTISTAGE_50E/S1_TP_z12_C3,346.0,0
EXT-08672,8671,MULTISTAGE_50E,MULTISTAGE_50E/S1_TP_z12_C3,12.0,0
EXT-08673,8672,MULTISTAGE_50E,MULTISTAGE_50E/S1_TP_z13_C1,92.0,0
EXT-08674,8673,MULTISTAGE_50E,MULTISTAGE_50E/S1_TP_z13_C1,114.0,0
EXT-08675,8674,MULTISTAGE_50E,MULTISTAGE_50E/S1_TP_z13_C1,153.0,0
EXT-08676,8675,MULTISTAGE_50E,MULTISTAGE_50E/S1_TP_z13_C1,197.0,0
EXT-08677,8676,MULTISTAGE_50E,MULTISTAGE_50E/S1_TP_z13_C1,234.0,0
EXT-08678,8677,MULTISTAGE_50E,MULTISTAGE_50E/S1_TP_z13_C1,274.0,0
EXT-08679,8678,MULTISTAGE_50E,MULTISTAGE_50E/S1_TP_z13_C1,308.0,0
EXT-08680,8679,MULTISTAGE_50E,MULTISTAGE_50E/S1_TP_z13_C1,359.0,0
EXT-08681,8680,MULTISTAGE_50E,MULTISTAGE_50E/S1_TP_z13_C2,92.0,0
EXT-08682,8681,MULTISTAGE_50E,MULTISTAGE_50E/S1_TP_z13_C2,114.0,0
EXT-08683,8682,MULTISTAGE_50E,MULTISTAGE_50E/S1_TP_z13_C2,153.0,0
EXT-08684,8683,MULTISTAGE_50E,MULTISTAGE_50E/S1_TP_z13_C2,197.0,0
EXT-08685,8684,MULTISTAGE_50E,MULTISTAGE_50E/S1_TP_z13_C2,234.0,0
EXT-08686,8685,MULTISTAGE_50E,MULTISTAGE_50E/S1_TP_z13_C2,274.0,0
EXT-08687,8686,MULTISTAGE_50E,MULTISTAGE_50E/S1_TP_z13_C2,308.0,0
EXT-08688,8687,MULTISTAGE_50E,MULTISTAGE_50E/S1_TP_z13_C2,329.0,0
EXT-08689,8688,MULTISTAGE_50E,MULTISTAGE_50E/S1_TP_z13_C3,92.0,0
EXT-08690,8689,MULTISTAGE_50E,MULTISTAGE_50E/S1_TP_z13_C3,114.0,0
EXT-08691,8690,MULTISTAGE_50E,MULTISTAGE_50E/S1_TP_z13_C3,153.0,0
EXT-08692,8691,MULTISTAGE_50E,MULTISTAGE_50E/S1_TP_z13_C3,197.0,0
EXT-08693,8692,MULTISTAGE_50E,MULTISTAGE_50E/S1_TP_z13_C3,234.0,0
EXT-08694,8693,MULTISTAGE_50E,MULTISTAGE_50E/S1_TP_z13_C3,274.0,0
EXT-08695,8694,MULTISTAGE_50E,MULTISTAGE_50E/S1_TP_z13_C3,308.0,0
EXT-08696,8695,MULTISTAGE_50E,MULTISTAGE_50E/S1_TP_z13_C3,329.0,0
EXT-08697,8696,MULTISTAGE_50E,MULTISTAGE_50E/S1_TP_z14_C1,92.0,0
EXT-08698,8697,MULTISTAGE_50E,MULTISTAGE_50E/S1_TP_z14_C1,114.0,0
EXT-08699,8698,MULTISTAGE_50E,MULTISTAGE_50E/S1_TP_z14_C1,153.0,0
EXT-08700,8699,MULTISTAGE_50E,MULTISTAGE_50E/S1_TP_z14_C1,197.0,0
EXT-08701,8700,MULTISTAGE_50E,MULTISTAGE_50E/S1_TP_z14_C1,234.0,0
EXT-08702,8701,MULTISTAGE_50E,MULTISTAGE_50E/S1_TP_z14_C1,274.0,0
EXT-08703,8702,MULTISTAGE_50E,MULTISTAGE_50E/S1_TP_z14_C1,308.0,0
EXT-08704,8703,MULTISTAGE_50E,MULTISTAGE_50E/S1_TP_z14_C1,329.0,0
EXT-08705,8704,MULTISTAGE_50E,MULTISTAGE_50E/S1_TP_z14_C2,92.0,0
EXT-08706,8705,MULTISTAGE_50E,MULTISTAGE_50E/S1_TP_z14_C2,114.0,0
EXT-08707,8706,MULTISTAGE_50E,MULTISTAGE_50E/S1_TP_z14_C2,153.0,0
EXT-08708,8707,MULTISTAGE_50E,MULTISTAGE_50E/S1_TP_z14_C2,197.0,0
EXT-08709,8708,MULTISTAGE_50E,MULTISTAGE_50E/S1_TP_z14_C2,234.0,0
EXT-08710,8709,MULTISTAGE_50E,MULTISTAGE_50E/S1_TP_z14_C2,274.0,0
EXT-08711,8710,MULTISTAGE_50E,MULTISTAGE_50E/S1_TP_z14_C2,308.0,0
EXT-08712,8711,MULTISTAGE_50E,MULTISTAGE_50E/S1_TP_z14_C2,329.0,0
EXT-08713,8712,MULTISTAGE_50E,MULTISTAGE_50E/S1_TP_z14_C3,92.0,0
EXT-08714,8713,MULTISTAGE_50E,MULTISTAGE_50E/S1_TP_z14_C3,114.0,0
EXT-08715,8714,MULTISTAGE_50E,MULTISTAGE_50E/S1_TP_z14_C3,153.0,0
EXT-08716,8715,MULTISTAGE_50E,MULTISTAGE_50E/S1_TP_z14_C3,197.0,0
EXT-08717,8716,MULTISTAGE_50E,MULTISTAGE_50E/S1_TP_z14_C3,234.0,0
EXT-08718,8717,MULTISTAGE_50E,MULTISTAGE_50E/S1_TP_z14_C3,274.0,0
EXT-08719,8718,MULTISTAGE_50E,MULTISTAGE_50E/S1_TP_z14_C3,308.0,0
EXT-08720,8719,MULTISTAGE_50E,MULTISTAGE_50E/S1_TP_z14_C3,329.0,0
EXT-08721,8720,MULTISTAGE_50E,MULTISTAGE_50E/S1_TP_z15_C1,92.0,0
EXT-08722,8721,MULTISTAGE_50E,MULTISTAGE_50E/S1_TP_z15_C1,114.0,0
EXT-08723,8722,MULTISTAGE_50E,MULTISTAGE_50E/S1_TP_z15_C1,153.0,0
EXT-08724,8723,MULTISTAGE_50E,MULTISTAGE_50E/S1_TP_z15_C1,197.0,0
EXT-08725,8724,MULTISTAGE_50E,MULTISTAGE_50E/S1_TP_z15_C1,234.0,0
EXT-08726,8725,MULTISTAGE_50E,MULTISTAGE_50E/S1_TP_z15_C1,274.0,0
EXT-08727,8726,MULTISTAGE_50E,MULTISTAGE_50E/S1_TP_z15_C1,308.0,0
EXT-08728,8727,MULTISTAGE_50E,MULTISTAGE_50E/S1_TP_z15_C1,329.0,0
EXT-08729,8728,MULTISTAGE_50E,MULTISTAGE_50E/S1_TP_z15_C2,92.0,0
EXT-08730,8729,MULTISTAGE_50E,MULTISTAGE_50E/S1_TP_z15_C2,114.0,0
EXT-08731,8730,MULTISTAGE_50E,MULTISTAGE_50E/S1_TP_z15_C2,153.0,0
EXT-08732,8731,MULTISTAGE_50E,MULTISTAGE_50E/S1_TP_z15_C2,197.0,0
EXT-08733,8732,MULTISTAGE_50E,MULTISTAGE_50E/S1_TP_z15_C2,234.0,0
EXT-08734,8733,MULTISTAGE_50E,MULTISTAGE_50E/S1_TP_z15_C2,274.0,0
EXT-08735,8734,MULTISTAGE_50E,MULTISTAGE_50E/S1_TP_z15_C2,308.0,0
EXT-08736,8735,MULTISTAGE_50E,MULTISTAGE_50E/S1_TP_z15_C2,329.0,0
EXT-08737,8736,MULTISTAGE_50E,MULTISTAGE_50E/S1_TP_z15_C3,92.0,0
EXT-08738,8737,MULTISTAGE_50E,MULTISTAGE_50E/S1_TP_z15_C3,114.0,0
EXT-08739,8738,MULTISTAGE_50E,MULTISTAGE_50E/S1_TP_z15_C3,153.0,0
EXT-08740,8739,MULTISTAGE_50E,MULTISTAGE_50E/S1_TP_z15_C3,197.0,0
EXT-08741,8740,MULTISTAGE_50E,MULTISTAGE_50E/S1_TP_z15_C3,234.0,0
EXT-08742,8741,MULTISTAGE_50E,MULTISTAGE_50E/S1_TP_z15_C3,274.0,0
EXT-08743,8742,MULTISTAGE_50E,MULTISTAGE_50E/S1_TP_z15_C3,308.0,0
EXT-08744,8743,MULTISTAGE_50E,MULTISTAGE_50E/S1_TP_z15_C3,329.0,0
EXT-08745,8744,MULTISTAGE_50E,MULTISTAGE_50E/S1_TP_z16_C1,5.0,0
EXT-08746,8745,MULTISTAGE_50E,MULTISTAGE_50E/S1_TP_z16_C1,6.0,0
EXT-08747,8746,MULTISTAGE_50E,MULTISTAGE_50E/S1_TP_z16_C1,7.0,0
EXT-08748,8747,MULTISTAGE_50E,MULTISTAGE_50E/S1_TP_z16_C1,8.0,0
EXT-08749,8748,MULTISTAGE_50E,MULTISTAGE_50E/S1_TP_z16_C1,9.0,0
EXT-08750,8749,MULTISTAGE_50E,MULTISTAGE_50E/S1_TP_z16_C1,10.0,0
EXT-08751,8750,MULTISTAGE_50E,MULTISTAGE_50E/S1_TP_z16_C1,11.0,0
EXT-08752,8751,MULTISTAGE_50E,MULTISTAGE_50E/S1_TP_z16_C1,12.0,0
EXT-08753,8752,MULTISTAGE_50E,MULTISTAGE_50E/S1_TP_z16_C1,13.0,0
EXT-08754,8753,MULTISTAGE_50E,MULTISTAGE_50E/S1_TP_z16_C1,14.0,0
EXT-08755,8754,MULTISTAGE_50E,MULTISTAGE_50E/S1_TP_z16_C2,5.0,0
EXT-08756,8755,MULTISTAGE_50E,MULTISTAGE_50E/S1_TP_z16_C2,6.0,0
EXT-08757,8756,MULTISTAGE_50E,MULTISTAGE_50E/S1_TP_z16_C2,7.0,0
EXT-08758,8757,MULTISTAGE_50E,MULTISTAGE_50E/S1_TP_z16_C2,8.0,0
EXT-08759,8758,MULTISTAGE_50E,MULTISTAGE_50E/S1_TP_z16_C2,9.0,0
EXT-08760,8759,MULTISTAGE_50E,MULTISTAGE_50E/S1_TP_z16_C2,10.0,0
EXT-08761,8760,MULTISTAGE_50E,MULTISTAGE_50E/S1_TP_z16_C2,11.0,0
EXT-08762,8761,MULTISTAGE_50E,MULTISTAGE_50E/S1_TP_z16_C2,12.0,0
EXT-08763,8762,MULTISTAGE_50E,MULTISTAGE_50E/S1_TP_z16_C2,13.0,0
EXT-08764,8763,MULTISTAGE_50E,MULTISTAGE_50E/S1_TP_z16_C2,14.0,0
EXT-08765,8764,MULTISTAGE_50E,MULTISTAGE_50E/S1_TP_z16_C2,15.0,0
EXT-08766,8765,MULTISTAGE_50E,MULTISTAGE_50E/S1_TP_z16_C3,5.0,0
EXT-08767,8766,MULTISTAGE_50E,MULTISTAGE_50E/S1_TP_z16_C3,6.0,0
EXT-08768,8767,MULTISTAGE_50E,MULTISTAGE_50E/S1_TP_z16_C3,7.0,0
EXT-08769,8768,MULTISTAGE_50E,MULTISTAGE_50E/S1_TP_z16_C3,8.0,0
EXT-08770,8769,MULTISTAGE_50E,MULTISTAGE_50E/S1_TP_z16_C3,9.0,0
EXT-08771,8770,MULTISTAGE_50E,MULTISTAGE_50E/S1_TP_z16_C3,10.0,0
EXT-08772,8771,MULTISTAGE_50E,MULTISTAGE_50E/S1_TP_z16_C3,11.0,0
EXT-08773,8772,MULTISTAGE_50E,MULTISTAGE_50E/S1_TP_z16_C3,12.0,0
EXT-08774,8773,MULTISTAGE_50E,MULTISTAGE_50E/S1_TP_z16_C3,13.0,0
EXT-08775,8774,MULTISTAGE_50E,MULTISTAGE_50E/S1_TP_z16_C3,14.0,0
EXT-08776,8775,MULTISTAGE_50E,MULTISTAGE_50E/S1_TP_z16_C3,15.0,0
EXT-08777,8776,MULTISTAGE_50E,MULTISTAGE_50E/S1_TP_z17_C1,5.0,0
EXT-08778,8777,MULTISTAGE_50E,MULTISTAGE_50E/S1_TP_z17_C1,6.0,0
EXT-08779,8778,MULTISTAGE_50E,MULTISTAGE_50E/S1_TP_z17_C1,7.0,0
EXT-08780,8779,MULTISTAGE_50E,MULTISTAGE_50E/S1_TP_z17_C1,8.0,0
EXT-08781,8780,MULTISTAGE_50E,MULTISTAGE_50E/S1_TP_z17_C1,9.0,0
EXT-08782,8781,MULTISTAGE_50E,MULTISTAGE_50E/S1_TP_z17_C1,10.0,0
EXT-08783,8782,MULTISTAGE_50E,MULTISTAGE_50E/S1_TP_z17_C1,11.0,0
EXT-08784,8783,MULTISTAGE_50E,MULTISTAGE_50E/S1_TP_z17_C1,12.0,0
EXT-08785,8784,MULTISTAGE_50E,MULTISTAGE_50E/S1_TP_z17_C1,13.0,0
EXT-08786,8785,MULTISTAGE_50E,MULTISTAGE_50E/S1_TP_z17_C1,14.0,0
EXT-08787,8786,MULTISTAGE_50E,MULTISTAGE_50E/S1_TP_z17_C1,15.0,0
EXT-08788,8787,MULTISTAGE_50E,MULTISTAGE_50E/S1_TP_z17_C2,5.0,0
EXT-08789,8788,MULTISTAGE_50E,MULTISTAGE_50E/S1_TP_z17_C2,6.0,0
EXT-08790,8789,MULTISTAGE_50E,MULTISTAGE_50E/S1_TP_z17_C2,7.0,0
EXT-08791,8790,MULTISTAGE_50E,MULTISTAGE_50E/S1_TP_z17_C2,8.0,0
EXT-08792,8791,MULTISTAGE_50E,MULTISTAGE_50E/S1_TP_z17_C2,9.0,0
EXT-08793,8792,MULTISTAGE_50E,MULTISTAGE_50E/S1_TP_z17_C2,10.0,0
EXT-08794,8793,MULTISTAGE_50E,MULTISTAGE_50E/S1_TP_z17_C2,11.0,0
EXT-08795,8794,MULTISTAGE_50E,MULTISTAGE_50E/S1_TP_z17_C2,12.0,0
EXT-08796,8795,MULTISTAGE_50E,MULTISTAGE_50E/S1_TP_z17_C2,13.0,0
EXT-08797,8796,MULTISTAGE_50E,MULTISTAGE_50E/S1_TP_z17_C2,14.0,0
EXT-08798,8797,MULTISTAGE_50E,MULTISTAGE_50E/S1_TP_z17_C2,15.0,0
EXT-08799,8798,MULTISTAGE_50E,MULTISTAGE_50E/S1_TP_z17_C3,5.0,0
EXT-08800,8799,MULTISTAGE_50E,MULTISTAGE_50E/S1_TP_z17_C3,6.0,0
EXT-08801,8800,MULTISTAGE_50E,MULTISTAGE_50E/S1_TP_z17_C3,7.0,0
EXT-08802,8801,MULTISTAGE_50E,MULTISTAGE_50E/S1_TP_z17_C3,8.0,0
EXT-08803,8802,MULTISTAGE_50E,MULTISTAGE_50E/S1_TP_z17_C3,9.0,0
EXT-08804,8803,MULTISTAGE_50E,MULTISTAGE_50E/S1_TP_z17_C3,10.0,0
EXT-08805,8804,MULTISTAGE_50E,MULTISTAGE_50E/S1_TP_z17_C3,11.0,0
EXT-08806,8805,MULTISTAGE_50E,MULTISTAGE_50E/S1_TP_z17_C3,12.0,0
EXT-08807,8806,MULTISTAGE_50E,MULTISTAGE_50E/S1_TP_z17_C3,13.0,0
EXT-08808,8807,MULTISTAGE_50E,MULTISTAGE_50E/S1_TP_z17_C3,14.0,0
EXT-08809,8808,MULTISTAGE_50E,MULTISTAGE_50E/S1_TP_z17_C3,15.0,0
EXT-08810,8809,MULTISTAGE_50E,MULTISTAGE_50E/S1_TP_z18_C1,5.0,0
EXT-08811,8810,MULTISTAGE_50E,MULTISTAGE_50E/S1_TP_z18_C1,6.0,0
EXT-08812,8811,MULTISTAGE_50E,MULTISTAGE_50E/S1_TP_z18_C1,7.0,0
EXT-08813,8812,MULTISTAGE_50E,MULTISTAGE_50E/S1_TP_z18_C1,8.0,0
EXT-08814,8813,MULTISTAGE_50E,MULTISTAGE_50E/S1_TP_z18_C1,9.0,0
EXT-08815,8814,MULTISTAGE_50E,MULTISTAGE_50E/S1_TP_z18_C1,10.0,0
EXT-08816,8815,MULTISTAGE_50E,MULTISTAGE_50E/S1_TP_z18_C1,11.0,0
EXT-08817,8816,MULTISTAGE_50E,MULTISTAGE_50E/S1_TP_z18_C1,12.0,0
EXT-08818,8817,MULTISTAGE_50E,MULTISTAGE_50E/S1_TP_z18_C1,13.0,0
EXT-08819,8818,MULTISTAGE_50E,MULTISTAGE_50E/S1_TP_z18_C1,14.0,0
EXT-08820,8819,MULTISTAGE_50E,MULTISTAGE_50E/S1_TP_z18_C1,15.0,0
EXT-08821,8820,MULTISTAGE_50E,MULTISTAGE_50E/S1_TP_z18_C2,5.0,0
EXT-08822,8821,MULTISTAGE_50E,MULTISTAGE_50E/S1_TP_z18_C2,6.0,0
EXT-08823,8822,MULTISTAGE_50E,MULTISTAGE_50E/S1_TP_z18_C2,7.0,0
EXT-08824,8823,MULTISTAGE_50E,MULTISTAGE_50E/S1_TP_z18_C2,8.0,0
EXT-08825,8824,MULTISTAGE_50E,MULTISTAGE_50E/S1_TP_z18_C2,9.0,0
EXT-08826,8825,MULTISTAGE_50E,MULTISTAGE_50E/S1_TP_z18_C2,10.0,0
EXT-08827,8826,MULTISTAGE_50E,MULTISTAGE_50E/S1_TP_z18_C2,11.0,0
EXT-08828,8827,MULTISTAGE_50E,MULTISTAGE_50E/S1_TP_z18_C2,12.0,0
EXT-08829,8828,MULTISTAGE_50E,MULTISTAGE_50E/S1_TP_z18_C2,13.0,0
EXT-08830,8829,MULTISTAGE_50E,MULTISTAGE_50E/S1_TP_z18_C2,14.0,0
EXT-08831,8830,MULTISTAGE_50E,MULTISTAGE_50E/S1_TP_z18_C2,15.0,0
EXT-08832,8831,MULTISTAGE_50E,MULTISTAGE_50E/S1_TP_z18_C3,5.0,0
EXT-08833,8832,MULTISTAGE_50E,MULTISTAGE_50E/S1_TP_z18_C3,6.0,0
EXT-08834,8833,MULTISTAGE_50E,MULTISTAGE_50E/S1_TP_z18_C3,7.0,0
EXT-08835,8834,MULTISTAGE_50E,MULTISTAGE_50E/S1_TP_z18_C3,8.0,0
EXT-08836,8835,MULTISTAGE_50E,MULTISTAGE_50E/S1_TP_z18_C3,9.0,0
EXT-08837,8836,MULTISTAGE_50E,MULTISTAGE_50E/S1_TP_z18_C3,10.0,0
EXT-08838,8837,MULTISTAGE_50E,MULTISTAGE_50E/S1_TP_z18_C3,11.0,0
EXT-08839,8838,MULTISTAGE_50E,MULTISTAGE_50E/S1_TP_z18_C3,12.0,0
EXT-08840,8839,MULTISTAGE_50E,MULTISTAGE_50E/S1_TP_z18_C3,13.0,0
EXT-08841,8840,MULTISTAGE_50E,MULTISTAGE_50E/S1_TP_z18_C3,14.0,0
EXT-08842,8841,MULTISTAGE_50E,MULTISTAGE_50E/S1_TP_z18_C3,15.0,0
EXT-08843,8842,MULTISTAGE_50E,MULTISTAGE_50E/S1_TP_z19_C1,5.0,0
EXT-08844,8843,MULTISTAGE_50E,MULTISTAGE_50E/S1_TP_z19_C1,6.0,0
EXT-08845,8844,MULTISTAGE_50E,MULTISTAGE_50E/S1_TP_z19_C1,7.0,0
EXT-08846,8845,MULTISTAGE_50E,MULTISTAGE_50E/S1_TP_z19_C1,8.0,0
EXT-08847,8846,MULTISTAGE_50E,MULTISTAGE_50E/S1_TP_z19_C1,9.0,0
EXT-08848,8847,MULTISTAGE_50E,MULTISTAGE_50E/S1_TP_z19_C1,10.0,0
EXT-08849,8848,MULTISTAGE_50E,MULTISTAGE_50E/S1_TP_z19_C1,11.0,0
EXT-08850,8849,MULTISTAGE_50E,MULTISTAGE_50E/S1_TP_z19_C1,12.0,0
EXT-08851,8850,MULTISTAGE_50E,MULTISTAGE_50E/S1_TP_z19_C1,13.0,0
EXT-08852,8851,MULTISTAGE_50E,MULTISTAGE_50E/S1_TP_z19_C1,14.0,0
EXT-08853,8852,MULTISTAGE_50E,MULTISTAGE_50E/S1_TP_z19_C1,15.0,0
EXT-08854,8853,MULTISTAGE_50E,MULTISTAGE_50E/S1_TP_z19_C2,5.0,0
EXT-08855,8854,MULTISTAGE_50E,MULTISTAGE_50E/S1_TP_z19_C2,6.0,0
EXT-08856,8855,MULTISTAGE_50E,MULTISTAGE_50E/S1_TP_z19_C2,7.0,0
EXT-08857,8856,MULTISTAGE_50E,MULTISTAGE_50E/S1_TP_z19_C2,8.0,0
EXT-08858,8857,MULTISTAGE_50E,MULTISTAGE_50E/S1_TP_z19_C2,9.0,0
EXT-08859,8858,MULTISTAGE_50E,MULTISTAGE_50E/S1_TP_z19_C2,10.0,0
EXT-08860,8859,MULTISTAGE_50E,MULTISTAGE_50E/S1_TP_z19_C2,11.0,0
EXT-08861,8860,MULTISTAGE_50E,MULTISTAGE_50E/S1_TP_z19_C2,12.0,0
EXT-08862,8861,MULTISTAGE_50E,MULTISTAGE_50E/S1_TP_z19_C2,13.0,0
EXT-08863,8862,MULTISTAGE_50E,MULTISTAGE_50E/S1_TP_z19_C2,14.0,0
EXT-08864,8863,MULTISTAGE_50E,MULTISTAGE_50E/S1_TP_z19_C2,15.0,0
EXT-08865,8864,MULTISTAGE_50E,MULTISTAGE_50E/S1_TP_z19_C3,5.0,0
EXT-08866,8865,MULTISTAGE_50E,MULTISTAGE_50E/S1_TP_z19_C3,6.0,0
EXT-08867,8866,MULTISTAGE_50E,MULTISTAGE_50E/S1_TP_z19_C3,7.0,0
EXT-08868,8867,MULTISTAGE_50E,MULTISTAGE_50E/S1_TP_z19_C3,8.0,0
EXT-08869,8868,MULTISTAGE_50E,MULTISTAGE_50E/S1_TP_z19_C3,9.0,0
EXT-08870,8869,MULTISTAGE_50E,MULTISTAGE_50E/S1_TP_z19_C3,10.0,0
EXT-08871,8870,MULTISTAGE_50E,MULTISTAGE_50E/S1_TP_z19_C3,11.0,0
EXT-08872,8871,MULTISTAGE_50E,MULTISTAGE_50E/S1_TP_z19_C3,12.0,0
EXT-08873,8872,MULTISTAGE_50E,MULTISTAGE_50E/S1_TP_z19_C3,13.0,0
EXT-08874,8873,MULTISTAGE_50E,MULTISTAGE_50E/S1_TP_z19_C3,14.0,0
EXT-08875,8874,MULTISTAGE_50E,MULTISTAGE_50E/S1_TP_z19_C3,15.0,0
EXT-08876,8875,MULTISTAGE_50E,MULTISTAGE_50E/S1_TP_z20_C1,5.0,0
EXT-08877,8876,MULTISTAGE_50E,MULTISTAGE_50E/S1_TP_z20_C1,6.0,0
EXT-08878,8877,MULTISTAGE_50E,MULTISTAGE_50E/S1_TP_z20_C1,7.0,0
EXT-08879,8878,MULTISTAGE_50E,MULTISTAGE_50E/S1_TP_z20_C1,8.0,0
EXT-08880,8879,MULTISTAGE_50E,MULTISTAGE_50E/S1_TP_z20_C1,9.0,0
EXT-08881,8880,MULTISTAGE_50E,MULTISTAGE_50E/S1_TP_z20_C1,10.0,0
EXT-08882,8881,MULTISTAGE_50E,MULTISTAGE_50E/S1_TP_z20_C1,11.0,0
EXT-08883,8882,MULTISTAGE_50E,MULTISTAGE_50E/S1_TP_z20_C1,12.0,0
EXT-08884,8883,MULTISTAGE_50E,MULTISTAGE_50E/S1_TP_z20_C1,13.0,0
EXT-08885,8884,MULTISTAGE_50E,MULTISTAGE_50E/S1_TP_z20_C1,14.0,0
EXT-08886,8885,MULTISTAGE_50E,MULTISTAGE_50E/S1_TP_z20_C1,15.0,0
EXT-08887,8886,MULTISTAGE_50E,MULTISTAGE_50E/S1_TP_z20_C2,5.0,0
EXT-08888,8887,MULTISTAGE_50E,MULTISTAGE_50E/S1_TP_z20_C2,6.0,0
EXT-08889,8888,MULTISTAGE_50E,MULTISTAGE_50E/S1_TP_z20_C2,7.0,0
EXT-08890,8889,MULTISTAGE_50E,MULTISTAGE_50E/S1_TP_z20_C2,8.0,0
EXT-08891,8890,MULTISTAGE_50E,MULTISTAGE_50E/S1_TP_z20_C2,9.0,0
EXT-08892,8891,MULTISTAGE_50E,MULTISTAGE_50E/S1_TP_z20_C2,10.0,0
EXT-08893,8892,MULTISTAGE_50E,MULTISTAGE_50E/S1_TP_z20_C2,11.0,0
EXT-08894,8893,MULTISTAGE_50E,MULTISTAGE_50E/S1_TP_z20_C2,12.0,0
EXT-08895,8894,MULTISTAGE_50E,MULTISTAGE_50E/S1_TP_z20_C2,13.0,0
EXT-08896,8895,MULTISTAGE_50E,MULTISTAGE_50E/S1_TP_z20_C2,14.0,0
EXT-08897,8896,MULTISTAGE_50E,MULTISTAGE_50E/S1_TP_z20_C2,15.0,0
EXT-08898,8897,MULTISTAGE_50E,MULTISTAGE_50E/S1_TP_z20_C3,5.0,0
EXT-08899,8898,MULTISTAGE_50E,MULTISTAGE_50E/S1_TP_z20_C3,6.0,0
EXT-08900,8899,MULTISTAGE_50E,MULTISTAGE_50E/S1_TP_z20_C3,7.0,0
EXT-08901,8900,MULTISTAGE_50E,MULTISTAGE_50E/S1_TP_z20_C3,8.0,0
EXT-08902,8901,MULTISTAGE_50E,MULTISTAGE_50E/S1_TP_z20_C3,9.0,0
EXT-08903,8902,MULTISTAGE_50E,MULTISTAGE_50E/S1_TP_z20_C3,10.0,0
EXT-08904,8903,MULTISTAGE_50E,MULTISTAGE_50E/S1_TP_z20_C3,11.0,0
EXT-08905,8904,MULTISTAGE_50E,MULTISTAGE_50E/S1_TP_z20_C3,12.0,0
EXT-08906,8905,MULTISTAGE_50E,MULTISTAGE_50E/S1_TP_z20_C3,13.0,0
EXT-08907,8906,MULTISTAGE_50E,MULTISTAGE_50E/S1_TP_z20_C3,14.0,0
EXT-08908,8907,MULTISTAGE_50E,MULTISTAGE_50E/S1_TP_z20_C3,15.0,0
EXT-08909,8908,MULTISTAGE_50E,MULTISTAGE_50E/S1_TP_z21_C1,5.0,0
EXT-08910,8909,MULTISTAGE_50E,MULTISTAGE_50E/S1_TP_z21_C1,6.0,0
EXT-08911,8910,MULTISTAGE_50E,MULTISTAGE_50E/S1_TP_z21_C1,7.0,0
EXT-08912,8911,MULTISTAGE_50E,MULTISTAGE_50E/S1_TP_z21_C1,8.0,0
EXT-08913,8912,MULTISTAGE_50E,MULTISTAGE_50E/S1_TP_z21_C1,9.0,0
EXT-08914,8913,MULTISTAGE_50E,MULTISTAGE_50E/S1_TP_z21_C1,10.0,0
EXT-08915,8914,MULTISTAGE_50E,MULTISTAGE_50E/S1_TP_z21_C1,11.0,0
EXT-08916,8915,MULTISTAGE_50E,MULTISTAGE_50E/S1_TP_z21_C1,12.0,0
EXT-08917,8916,MULTISTAGE_50E,MULTISTAGE_50E/S1_TP_z21_C1,13.0,0
EXT-08918,8917,MULTISTAGE_50E,MULTISTAGE_50E/S1_TP_z21_C1,14.0,0
EXT-08919,8918,MULTISTAGE_50E,MULTISTAGE_50E/S1_TP_z21_C1,15.0,0
EXT-08920,8919,MULTISTAGE_50E,MULTISTAGE_50E/S1_TP_z21_C2,5.0,0
EXT-08921,8920,MULTISTAGE_50E,MULTISTAGE_50E/S1_TP_z21_C2,6.0,0
EXT-08922,8921,MULTISTAGE_50E,MULTISTAGE_50E/S1_TP_z21_C2,7.0,0
EXT-08923,8922,MULTISTAGE_50E,MULTISTAGE_50E/S1_TP_z21_C2,8.0,0
EXT-08924,8923,MULTISTAGE_50E,MULTISTAGE_50E/S1_TP_z21_C2,9.0,0
EXT-08925,8924,MULTISTAGE_50E,MULTISTAGE_50E/S1_TP_z21_C2,10.0,0
EXT-08926,8925,MULTISTAGE_50E,MULTISTAGE_50E/S1_TP_z21_C2,11.0,0
EXT-08927,8926,MULTISTAGE_50E,MULTISTAGE_50E/S1_TP_z21_C2,12.0,0
EXT-08928,8927,MULTISTAGE_50E,MULTISTAGE_50E/S1_TP_z21_C2,13.0,0
EXT-08929,8928,MULTISTAGE_50E,MULTISTAGE_50E/S1_TP_z21_C2,14.0,0
EXT-08930,8929,MULTISTAGE_50E,MULTISTAGE_50E/S1_TP_z21_C2,15.0,0
EXT-08931,8930,MULTISTAGE_50E,MULTISTAGE_50E/S1_TP_z21_C3,5.0,0
EXT-08932,8931,MULTISTAGE_50E,MULTISTAGE_50E/S1_TP_z21_C3,6.0,0
EXT-08933,8932,MULTISTAGE_50E,MULTISTAGE_50E/S1_TP_z21_C3,7.0,0
EXT-08934,8933,MULTISTAGE_50E,MULTISTAGE_50E/S1_TP_z21_C3,8.0,0
EXT-08935,8934,MULTISTAGE_50E,MULTISTAGE_50E/S1_TP_z21_C3,9.0,0
EXT-08936,8935,MULTISTAGE_50E,MULTISTAGE_50E/S1_TP_z21_C3,10.0,0
EXT-08937,8936,MULTISTAGE_50E,MULTISTAGE_50E/S1_TP_z21_C3,11.0,0
EXT-08938,8937,MULTISTAGE_50E,MULTISTAGE_50E/S1_TP_z21_C3,12.0,0
EXT-08939,8938,MULTISTAGE_50E,MULTISTAGE_50E/S1_TP_z21_C3,13.0,0
EXT-08940,8939,MULTISTAGE_50E,MULTISTAGE_50E/S1_TP_z21_C3,14.0,0
EXT-08941,8940,MULTISTAGE_50E,MULTISTAGE_50E/S1_TP_z21_C3,15.0,0
EXT-08942,8941,MULTISTAGE_50E,MULTISTAGE_50E/S1_TP_z22_C1,5.0,0
EXT-08943,8942,MULTISTAGE_50E,MULTISTAGE_50E/S1_TP_z22_C1,6.0,0
EXT-08944,8943,MULTISTAGE_50E,MULTISTAGE_50E/S1_TP_z22_C1,7.0,0
EXT-08945,8944,MULTISTAGE_50E,MULTISTAGE_50E/S1_TP_z22_C1,8.0,0
EXT-08946,8945,MULTISTAGE_50E,MULTISTAGE_50E/S1_TP_z22_C1,9.0,0
EXT-08947,8946,MULTISTAGE_50E,MULTISTAGE_50E/S1_TP_z22_C1,10.0,0
EXT-08948,8947,MULTISTAGE_50E,MULTISTAGE_50E/S1_TP_z22_C1,11.0,0
EXT-08949,8948,MULTISTAGE_50E,MULTISTAGE_50E/S1_TP_z22_C1,12.0,0
EXT-08950,8949,MULTISTAGE_50E,MULTISTAGE_50E/S1_TP_z22_C1,13.0,0
EXT-08951,8950,MULTISTAGE_50E,MULTISTAGE_50E/S1_TP_z22_C1,14.0,0
EXT-08952,8951,MULTISTAGE_50E,MULTISTAGE_50E/S1_TP_z22_C1,15.0,0
EXT-08953,8952,MULTISTAGE_50E,MULTISTAGE_50E/S1_TP_z22_C2,5.0,0
EXT-08954,8953,MULTISTAGE_50E,MULTISTAGE_50E/S1_TP_z22_C2,6.0,0
EXT-08955,8954,MULTISTAGE_50E,MULTISTAGE_50E/S1_TP_z22_C2,7.0,0
EXT-08956,8955,MULTISTAGE_50E,MULTISTAGE_50E/S1_TP_z22_C2,8.0,0
EXT-08957,8956,MULTISTAGE_50E,MULTISTAGE_50E/S1_TP_z22_C2,9.0,0
EXT-08958,8957,MULTISTAGE_50E,MULTISTAGE_50E/S1_TP_z22_C2,10.0,0
EXT-08959,8958,MULTISTAGE_50E,MULTISTAGE_50E/S1_TP_z22_C2,11.0,0
EXT-08960,8959,MULTISTAGE_50E,MULTISTAGE_50E/S1_TP_z22_C2,12.0,0
EXT-08961,8960,MULTISTAGE_50E,MULTISTAGE_50E/S1_TP_z22_C2,13.0,0
EXT-08962,8961,MULTISTAGE_50E,MULTISTAGE_50E/S1_TP_z22_C2,14.0,0
EXT-08963,8962,MULTISTAGE_50E,MULTISTAGE_50E/S1_TP_z22_C2,15.0,0
EXT-08964,8963,MULTISTAGE_50E,MULTISTAGE_50E/S1_TP_z22_C3,5.0,0
EXT-08965,8964,MULTISTAGE_50E,MULTISTAGE_50E/S1_TP_z22_C3,6.0,0
EXT-08966,8965,MULTISTAGE_50E,MULTISTAGE_50E/S1_TP_z22_C3,7.0,0
EXT-08967,8966,MULTISTAGE_50E,MULTISTAGE_50E/S1_TP_z22_C3,8.0,0
EXT-08968,8967,MULTISTAGE_50E,MULTISTAGE_50E/S1_TP_z22_C3,9.0,0
EXT-08969,8968,MULTISTAGE_50E,MULTISTAGE_50E/S1_TP_z22_C3,10.0,0
EXT-08970,8969,MULTISTAGE_50E,MULTISTAGE_50E/S1_TP_z22_C3,11.0,0
EXT-08971,8970,MULTISTAGE_50E,MULTISTAGE_50E/S1_TP_z22_C3,12.0,0
EXT-08972,8971,MULTISTAGE_50E,MULTISTAGE_50E/S1_TP_z22_C3,13.0,0
EXT-08973,8972,MULTISTAGE_50E,MULTISTAGE_50E/S1_TP_z22_C3,14.0,0
EXT-08974,8973,MULTISTAGE_50E,MULTISTAGE_50E/S1_TP_z22_C3,15.0,0
EXT-08975,8974,MULTISTAGE_50E,MULTISTAGE_50E/S1_TP_z23_C1,5.0,0
EXT-08976,8975,MULTISTAGE_50E,MULTISTAGE_50E/S1_TP_z23_C1,6.0,0
EXT-08977,8976,MULTISTAGE_50E,MULTISTAGE_50E/S1_TP_z23_C1,7.0,0
EXT-08978,8977,MULTISTAGE_50E,MULTISTAGE_50E/S1_TP_z23_C1,8.0,0
EXT-08979,8978,MULTISTAGE_50E,MULTISTAGE_50E/S1_TP_z23_C1,9.0,0
EXT-08980,8979,MULTISTAGE_50E,MULTISTAGE_50E/S1_TP_z23_C1,10.0,0
EXT-08981,8980,MULTISTAGE_50E,MULTISTAGE_50E/S1_TP_z23_C1,11.0,0
EXT-08982,8981,MULTISTAGE_50E,MULTISTAGE_50E/S1_TP_z23_C1,12.0,0
EXT-08983,8982,MULTISTAGE_50E,MULTISTAGE_50E/S1_TP_z23_C1,13.0,0
EXT-08984,8983,MULTISTAGE_50E,MULTISTAGE_50E/S1_TP_z23_C1,14.0,0
EXT-08985,8984,MULTISTAGE_50E,MULTISTAGE_50E/S1_TP_z23_C1,15.0,0
EXT-08986,8985,MULTISTAGE_50E,MULTISTAGE_50E/S1_TP_z23_C2,5.0,0
EXT-08987,8986,MULTISTAGE_50E,MULTISTAGE_50E/S1_TP_z23_C2,6.0,0
EXT-08988,8987,MULTISTAGE_50E,MULTISTAGE_50E/S1_TP_z23_C2,7.0,0
EXT-08989,8988,MULTISTAGE_50E,MULTISTAGE_50E/S1_TP_z23_C2,8.0,0
EXT-08990,8989,MULTISTAGE_50E,MULTISTAGE_50E/S1_TP_z23_C2,9.0,0
EXT-08991,8990,MULTISTAGE_50E,MULTISTAGE_50E/S1_TP_z23_C2,10.0,0
EXT-08992,8991,MULTISTAGE_50E,MULTISTAGE_50E/S1_TP_z23_C2,11.0,0
EXT-08993,8992,MULTISTAGE_50E,MULTISTAGE_50E/S1_TP_z23_C2,12.0,0
EXT-08994,8993,MULTISTAGE_50E,MULTISTAGE_50E/S1_TP_z23_C2,13.0,0
EXT-08995,8994,MULTISTAGE_50E,MULTISTAGE_50E/S1_TP_z23_C2,14.0,0
EXT-08996,8995,MULTISTAGE_50E,MULTISTAGE_50E/S1_TP_z23_C2,15.0,0
EXT-08997,8996,MULTISTAGE_50E,MULTISTAGE_50E/S1_TP_z23_C3,5.0,0
EXT-08998,8997,MULTISTAGE_50E,MULTISTAGE_50E/S1_TP_z23_C3,6.0,0
EXT-08999,8998,MULTISTAGE_50E,MULTISTAGE_50E/S1_TP_z23_C3,7.0,0
EXT-09000,8999,MULTISTAGE_50E,MULTISTAGE_50E/S1_TP_z23_C3,8.0,0
EXT-09001,9000,MULTISTAGE_50E,MULTISTAGE_50E/S1_TP_z23_C3,9.0,0
EXT-09002,9001,MULTISTAGE_50E,MULTISTAGE_50E/S1_TP_z23_C3,10.0,0
EXT-09003,9002,MULTISTAGE_50E,MULTISTAGE_50E/S1_TP_z23_C3,11.0,0
EXT-09004,9003,MULTISTAGE_50E,MULTISTAGE_50E/S1_TP_z23_C3,12.0,0
EXT-09005,9004,MULTISTAGE_50E,MULTISTAGE_50E/S1_TP_z23_C3,13.0,0
EXT-09006,9005,MULTISTAGE_50E,MULTISTAGE_50E/S1_TP_z23_C3,14.0,0
EXT-09007,9006,MULTISTAGE_50E,MULTISTAGE_50E/S1_TP_z23_C3,15.0,0
EXT-09008,9007,MULTISTAGE_50E,MULTISTAGE_50E/S1_TP_z24_C1,5.0,0
EXT-09009,9008,MULTISTAGE_50E,MULTISTAGE_50E/S1_TP_z24_C1,6.0,0
EXT-09010,9009,MULTISTAGE_50E,MULTISTAGE_50E/S1_TP_z24_C1,7.0,0
EXT-09011,9010,MULTISTAGE_50E,MULTISTAGE_50E/S1_TP_z24_C1,8.0,0
EXT-09012,9011,MULTISTAGE_50E,MULTISTAGE_50E/S1_TP_z24_C1,9.0,0
EXT-09013,9012,MULTISTAGE_50E,MULTISTAGE_50E/S1_TP_z24_C1,10.0,0
EXT-09014,9013,MULTISTAGE_50E,MULTISTAGE_50E/S1_TP_z24_C1,11.0,0
EXT-09015,9014,MULTISTAGE_50E,MULTISTAGE_50E/S1_TP_z24_C1,12.0,0
EXT-09016,9015,MULTISTAGE_50E,MULTISTAGE_50E/S1_TP_z24_C1,13.0,0
EXT-09017,9016,MULTISTAGE_50E,MULTISTAGE_50E/S1_TP_z24_C1,14.0,0
EXT-09018,9017,MULTISTAGE_50E,MULTISTAGE_50E/S1_TP_z24_C1,15.0,0
EXT-09019,9018,MULTISTAGE_50E,MULTISTAGE_50E/S1_TP_z24_C2,5.0,0
EXT-09020,9019,MULTISTAGE_50E,MULTISTAGE_50E/S1_TP_z24_C2,6.0,0
EXT-09021,9020,MULTISTAGE_50E,MULTISTAGE_50E/S1_TP_z24_C2,7.0,0
EXT-09022,9021,MULTISTAGE_50E,MULTISTAGE_50E/S1_TP_z24_C2,8.0,0
EXT-09023,9022,MULTISTAGE_50E,MULTISTAGE_50E/S1_TP_z24_C2,9.0,0
EXT-09024,9023,MULTISTAGE_50E,MULTISTAGE_50E/S1_TP_z24_C2,10.0,0
EXT-09025,9024,MULTISTAGE_50E,MULTISTAGE_50E/S1_TP_z24_C2,11.0,0
EXT-09026,9025,MULTISTAGE_50E,MULTISTAGE_50E/S1_TP_z24_C2,12.0,0
EXT-09027,9026,MULTISTAGE_50E,MULTISTAGE_50E/S1_TP_z24_C2,13.0,0
EXT-09028,9027,MULTISTAGE_50E,MULTISTAGE_50E/S1_TP_z24_C2,14.0,0
EXT-09029,9028,MULTISTAGE_50E,MULTISTAGE_50E/S1_TP_z24_C2,15.0,0
EXT-09030,9029,MULTISTAGE_50E,MULTISTAGE_50E/S1_TP_z24_C3,5.0,0
EXT-09031,9030,MULTISTAGE_50E,MULTISTAGE_50E/S1_TP_z24_C3,6.0,0
EXT-09032,9031,MULTISTAGE_50E,MULTISTAGE_50E/S1_TP_z24_C3,7.0,0
EXT-09033,9032,MULTISTAGE_50E,MULTISTAGE_50E/S1_TP_z24_C3,8.0,0
EXT-09034,9033,MULTISTAGE_50E,MULTISTAGE_50E/S1_TP_z24_C3,9.0,0
EXT-09035,9034,MULTISTAGE_50E,MULTISTAGE_50E/S1_TP_z24_C3,10.0,0
EXT-09036,9035,MULTISTAGE_50E,MULTISTAGE_50E/S1_TP_z24_C3,11.0,0
EXT-09037,9036,MULTISTAGE_50E,MULTISTAGE_50E/S1_TP_z24_C3,12.0,0
EXT-09038,9037,MULTISTAGE_50E,MULTISTAGE_50E/S1_TP_z24_C3,13.0,0
EXT-09039,9038,MULTISTAGE_50E,MULTISTAGE_50E/S1_TP_z24_C3,14.0,0
EXT-09040,9039,MULTISTAGE_50E,MULTISTAGE_50E/S1_TP_z24_C3,15.0,0
EXT-09041,9040,MULTISTAGE_50E,MULTISTAGE_50E/S1_TP_z25_C1,5.0,0
EXT-09042,9041,MULTISTAGE_50E,MULTISTAGE_50E/S1_TP_z25_C1,6.0,0
EXT-09043,9042,MULTISTAGE_50E,MULTISTAGE_50E/S1_TP_z25_C1,7.0,0
EXT-09044,9043,MULTISTAGE_50E,MULTISTAGE_50E/S1_TP_z25_C1,8.0,0
EXT-09045,9044,MULTISTAGE_50E,MULTISTAGE_50E/S1_TP_z25_C1,9.0,0
EXT-09046,9045,MULTISTAGE_50E,MULTISTAGE_50E/S1_TP_z25_C1,10.0,0
EXT-09047,9046,MULTISTAGE_50E,MULTISTAGE_50E/S1_TP_z25_C1,11.0,0
EXT-09048,9047,MULTISTAGE_50E,MULTISTAGE_50E/S1_TP_z25_C1,12.0,0
EXT-09049,9048,MULTISTAGE_50E,MULTISTAGE_50E/S1_TP_z25_C1,13.0,0
EXT-09050,9049,MULTISTAGE_50E,MULTISTAGE_50E/S1_TP_z25_C1,14.0,0
EXT-09051,9050,MULTISTAGE_50E,MULTISTAGE_50E/S1_TP_z25_C1,15.0,0
EXT-09052,9051,MULTISTAGE_50E,MULTISTAGE_50E/S1_TP_z25_C2,5.0,0
EXT-09053,9052,MULTISTAGE_50E,MULTISTAGE_50E/S1_TP_z25_C2,6.0,0
EXT-09054,9053,MULTISTAGE_50E,MULTISTAGE_50E/S1_TP_z25_C2,7.0,0
EXT-09055,9054,MULTISTAGE_50E,MULTISTAGE_50E/S1_TP_z25_C2,8.0,0
EXT-09056,9055,MULTISTAGE_50E,MULTISTAGE_50E/S1_TP_z25_C2,9.0,0
EXT-09057,9056,MULTISTAGE_50E,MULTISTAGE_50E/S1_TP_z25_C2,10.0,0
EXT-09058,9057,MULTISTAGE_50E,MULTISTAGE_50E/S1_TP_z25_C2,11.0,0
EXT-09059,9058,MULTISTAGE_50E,MULTISTAGE_50E/S1_TP_z25_C2,12.0,0
EXT-09060,9059,MULTISTAGE_50E,MULTISTAGE_50E/S1_TP_z25_C2,13.0,0
EXT-09061,9060,MULTISTAGE_50E,MULTISTAGE_50E/S1_TP_z25_C2,14.0,0
EXT-09062,9061,MULTISTAGE_50E,MULTISTAGE_50E/S1_TP_z25_C2,15.0,0
EXT-09063,9062,MULTISTAGE_50E,MULTISTAGE_50E/S1_TP_z25_C3,5.0,0
EXT-09064,9063,MULTISTAGE_50E,MULTISTAGE_50E/S1_TP_z25_C3,6.0,0
EXT-09065,9064,MULTISTAGE_50E,MULTISTAGE_50E/S1_TP_z25_C3,7.0,0
EXT-09066,9065,MULTISTAGE_50E,MULTISTAGE_50E/S1_TP_z25_C3,8.0,0
EXT-09067,9066,MULTISTAGE_50E,MULTISTAGE_50E/S1_TP_z25_C3,9.0,0
EXT-09068,9067,MULTISTAGE_50E,MULTISTAGE_50E/S1_TP_z25_C3,10.0,0
EXT-09069,9068,MULTISTAGE_50E,MULTISTAGE_50E/S1_TP_z25_C3,11.0,0
EXT-09070,9069,MULTISTAGE_50E,MULTISTAGE_50E/S1_TP_z25_C3,12.0,0
EXT-09071,9070,MULTISTAGE_50E,MULTISTAGE_50E/S1_TP_z25_C3,13.0,0
EXT-09072,9071,MULTISTAGE_50E,MULTISTAGE_50E/S1_TP_z25_C3,14.0,0
EXT-09073,9072,MULTISTAGE_50E,MULTISTAGE_50E/S1_TP_z25_C3,15.0,0
EXT-09074,9073,MULTISTAGE_50E,MULTISTAGE_50E/S2_TP_z01_C1,59.0,0
EXT-09075,9074,MULTISTAGE_50E,MULTISTAGE_50E/S2_TP_z01_C1,73.0,0
EXT-09076,9075,MULTISTAGE_50E,MULTISTAGE_50E/S2_TP_z01_C1,101.0,0
EXT-09077,9076,MULTISTAGE_50E,MULTISTAGE_50E/S2_TP_z01_C1,129.0,0
EXT-09078,9077,MULTISTAGE_50E,MULTISTAGE_50E/S2_TP_z01_C1,157.0,0
EXT-09079,9078,MULTISTAGE_50E,MULTISTAGE_50E/S2_TP_z01_C1,185.0,0
EXT-09080,9079,MULTISTAGE_50E,MULTISTAGE_50E/S2_TP_z01_C1,213.0,0
EXT-09081,9080,MULTISTAGE_50E,MULTISTAGE_50E/S2_TP_z01_C1,248.0,0
EXT-09082,9081,MULTISTAGE_50E,MULTISTAGE_50E/S2_TP_z01_C1,275.0,0
EXT-09083,9082,MULTISTAGE_50E,MULTISTAGE_50E/S2_TP_z01_C1,303.0,0
EXT-09084,9083,MULTISTAGE_50E,MULTISTAGE_50E/S2_TP_z01_C1,340.0,0
EXT-09085,9084,MULTISTAGE_50E,MULTISTAGE_50E/S2_TP_z01_C1,360.0,0
EXT-09086,9085,MULTISTAGE_50E,MULTISTAGE_50E/S2_TP_z01_C2,59.0,0
EXT-09087,9086,MULTISTAGE_50E,MULTISTAGE_50E/S2_TP_z01_C2,73.0,0
EXT-09088,9087,MULTISTAGE_50E,MULTISTAGE_50E/S2_TP_z01_C2,101.0,0
EXT-09089,9088,MULTISTAGE_50E,MULTISTAGE_50E/S2_TP_z01_C2,129.0,0
EXT-09090,9089,MULTISTAGE_50E,MULTISTAGE_50E/S2_TP_z01_C2,157.0,0
EXT-09091,9090,MULTISTAGE_50E,MULTISTAGE_50E/S2_TP_z01_C2,185.0,0
EXT-09092,9091,MULTISTAGE_50E,MULTISTAGE_50E/S2_TP_z01_C2,213.0,0
EXT-09093,9092,MULTISTAGE_50E,MULTISTAGE_50E/S2_TP_z01_C2,248.0,0
EXT-09094,9093,MULTISTAGE_50E,MULTISTAGE_50E/S2_TP_z01_C2,275.0,0
EXT-09095,9094,MULTISTAGE_50E,MULTISTAGE_50E/S2_TP_z01_C2,303.0,0
EXT-09096,9095,MULTISTAGE_50E,MULTISTAGE_50E/S2_TP_z01_C2,340.0,0
EXT-09097,9096,MULTISTAGE_50E,MULTISTAGE_50E/S2_TP_z01_C2,360.0,0
EXT-09098,9097,MULTISTAGE_50E,MULTISTAGE_50E/S2_TP_z01_C3,59.0,0
EXT-09099,9098,MULTISTAGE_50E,MULTISTAGE_50E/S2_TP_z01_C3,73.0,0
EXT-09100,9099,MULTISTAGE_50E,MULTISTAGE_50E/S2_TP_z01_C3,101.0,0
EXT-09101,9100,MULTISTAGE_50E,MULTISTAGE_50E/S2_TP_z01_C3,129.0,0
EXT-09102,9101,MULTISTAGE_50E,MULTISTAGE_50E/S2_TP_z01_C3,157.0,0
EXT-09103,9102,MULTISTAGE_50E,MULTISTAGE_50E/S2_TP_z01_C3,185.0,0
EXT-09104,9103,MULTISTAGE_50E,MULTISTAGE_50E/S2_TP_z01_C3,213.0,0
EXT-09105,9104,MULTISTAGE_50E,MULTISTAGE_50E/S2_TP_z01_C3,248.0,0
EXT-09106,9105,MULTISTAGE_50E,MULTISTAGE_50E/S2_TP_z01_C3,275.0,0
EXT-09107,9106,MULTISTAGE_50E,MULTISTAGE_50E/S2_TP_z01_C3,303.0,0
EXT-09108,9107,MULTISTAGE_50E,MULTISTAGE_50E/S2_TP_z01_C3,340.0,0
EXT-09109,9108,MULTISTAGE_50E,MULTISTAGE_50E/S2_TP_z01_C3,360.0,0
EXT-09110,9109,MULTISTAGE_50E,MULTISTAGE_50E/S2_TP_z02_C1,59.0,0
EXT-09111,9110,MULTISTAGE_50E,MULTISTAGE_50E/S2_TP_z02_C1,73.0,0
EXT-09112,9111,MULTISTAGE_50E,MULTISTAGE_50E/S2_TP_z02_C1,101.0,0
EXT-09113,9112,MULTISTAGE_50E,MULTISTAGE_50E/S2_TP_z02_C1,360.0,0
EXT-09114,9113,MULTISTAGE_50E,MULTISTAGE_50E/S2_TP_z02_C2,73.0,0
EXT-09115,9114,MULTISTAGE_50E,MULTISTAGE_50E/S2_TP_z02_C2,101.0,0
EXT-09116,9115,MULTISTAGE_50E,MULTISTAGE_50E/S2_TP_z02_C2,360.0,0
EXT-09117,9116,MULTISTAGE_50E,MULTISTAGE_50E/S2_TP_z02_C2,8.0,0
EXT-09118,9117,MULTISTAGE_50E,MULTISTAGE_50E/S2_TP_z02_C3,360.0,0
EXT-09119,9118,MULTISTAGE_50E,MULTISTAGE_50E/S2_TP_z02_C3,433.0,0
EXT-09120,9119,MULTISTAGE_50E,MULTISTAGE_50E/S2_TP_z03_C1,59.0,0
EXT-09121,9120,MULTISTAGE_50E,MULTISTAGE_50E/S2_TP_z03_C1,73.0,0
EXT-09122,9121,MULTISTAGE_50E,MULTISTAGE_50E/S2_TP_z03_C1,101.0,0
EXT-09123,9122,MULTISTAGE_50E,MULTISTAGE_50E/S2_TP_z03_C1,129.0,0
EXT-09124,9123,MULTISTAGE_50E,MULTISTAGE_50E/S2_TP_z03_C1,157.0,0
EXT-09125,9124,MULTISTAGE_50E,MULTISTAGE_50E/S2_TP_z03_C1,185.0,0
EXT-09126,9125,MULTISTAGE_50E,MULTISTAGE_50E/S2_TP_z03_C1,213.0,0
EXT-09127,9126,MULTISTAGE_50E,MULTISTAGE_50E/S2_TP_z03_C1,248.0,0
EXT-09128,9127,MULTISTAGE_50E,MULTISTAGE_50E/S2_TP_z03_C1,275.0,0
EXT-09129,9128,MULTISTAGE_50E,MULTISTAGE_50E/S2_TP_z03_C1,303.0,0
EXT-09130,9129,MULTISTAGE_50E,MULTISTAGE_50E/S2_TP_z03_C1,340.0,0
EXT-09131,9130,MULTISTAGE_50E,MULTISTAGE_50E/S2_TP_z03_C1,360.0,0
EXT-09132,9131,MULTISTAGE_50E,MULTISTAGE_50E/S2_TP_z03_C2,59.0,0
EXT-09133,9132,MULTISTAGE_50E,MULTISTAGE_50E/S2_TP_z03_C2,73.0,0
EXT-09134,9133,MULTISTAGE_50E,MULTISTAGE_50E/S2_TP_z03_C2,101.0,0
EXT-09135,9134,MULTISTAGE_50E,MULTISTAGE_50E/S2_TP_z03_C2,129.0,0
EXT-09136,9135,MULTISTAGE_50E,MULTISTAGE_50E/S2_TP_z03_C2,157.0,0
EXT-09137,9136,MULTISTAGE_50E,MULTISTAGE_50E/S2_TP_z03_C2,185.0,0
EXT-09138,9137,MULTISTAGE_50E,MULTISTAGE_50E/S2_TP_z03_C2,213.0,0
EXT-09139,9138,MULTISTAGE_50E,MULTISTAGE_50E/S2_TP_z03_C2,248.0,0
EXT-09140,9139,MULTISTAGE_50E,MULTISTAGE_50E/S2_TP_z03_C2,275.0,0
EXT-09141,9140,MULTISTAGE_50E,MULTISTAGE_50E/S2_TP_z03_C2,303.0,0
EXT-09142,9141,MULTISTAGE_50E,MULTISTAGE_50E/S2_TP_z03_C2,340.0,0
EXT-09143,9142,MULTISTAGE_50E,MULTISTAGE_50E/S2_TP_z03_C2,360.0,0
EXT-09144,9143,MULTISTAGE_50E,MULTISTAGE_50E/S2_TP_z03_C3,59.0,0
EXT-09145,9144,MULTISTAGE_50E,MULTISTAGE_50E/S2_TP_z03_C3,73.0,0
EXT-09146,9145,MULTISTAGE_50E,MULTISTAGE_50E/S2_TP_z03_C3,101.0,0
EXT-09147,9146,MULTISTAGE_50E,MULTISTAGE_50E/S2_TP_z03_C3,129.0,0
EXT-09148,9147,MULTISTAGE_50E,MULTISTAGE_50E/S2_TP_z03_C3,157.0,0
EXT-09149,9148,MULTISTAGE_50E,MULTISTAGE_50E/S2_TP_z03_C3,185.0,0
EXT-09150,9149,MULTISTAGE_50E,MULTISTAGE_50E/S2_TP_z03_C3,213.0,0
EXT-09151,9150,MULTISTAGE_50E,MULTISTAGE_50E/S2_TP_z03_C3,248.0,0
EXT-09152,9151,MULTISTAGE_50E,MULTISTAGE_50E/S2_TP_z03_C3,275.0,0
EXT-09153,9152,MULTISTAGE_50E,MULTISTAGE_50E/S2_TP_z03_C3,303.0,0
EXT-09154,9153,MULTISTAGE_50E,MULTISTAGE_50E/S2_TP_z03_C3,340.0,0
EXT-09155,9154,MULTISTAGE_50E,MULTISTAGE_50E/S2_TP_z03_C3,360.0,0
EXT-09156,9155,MULTISTAGE_50E,MULTISTAGE_50E/S2_TP_z04_C1,125.0,0
EXT-09157,9156,MULTISTAGE_50E,MULTISTAGE_50E/S2_TP_z04_C1,144.0,0
EXT-09158,9157,MULTISTAGE_50E,MULTISTAGE_50E/S2_TP_z04_C1,180.0,0
EXT-09159,9158,MULTISTAGE_50E,MULTISTAGE_50E/S2_TP_z04_C1,220.0,0
EXT-09160,9159,MULTISTAGE_50E,MULTISTAGE_50E/S2_TP_z04_C1,258.0,0
EXT-09161,9160,MULTISTAGE_50E,MULTISTAGE_50E/S2_TP_z04_C1,297.0,0
EXT-09162,9161,MULTISTAGE_50E,MULTISTAGE_50E/S2_TP_z04_C1,327.0,0
EXT-09163,9162,MULTISTAGE_50E,MULTISTAGE_50E/S2_TP_z04_C1,356.0,0
EXT-09164,9163,MULTISTAGE_50E,MULTISTAGE_50E/S2_TP_z04_C2,125.0,0
EXT-09165,9164,MULTISTAGE_50E,MULTISTAGE_50E/S2_TP_z04_C2,144.0,0
EXT-09166,9165,MULTISTAGE_50E,MULTISTAGE_50E/S2_TP_z04_C2,180.0,0
EXT-09167,9166,MULTISTAGE_50E,MULTISTAGE_50E/S2_TP_z04_C2,220.0,0
EXT-09168,9167,MULTISTAGE_50E,MULTISTAGE_50E/S2_TP_z04_C2,258.0,0
EXT-09169,9168,MULTISTAGE_50E,MULTISTAGE_50E/S2_TP_z04_C2,297.0,0
EXT-09170,9169,MULTISTAGE_50E,MULTISTAGE_50E/S2_TP_z04_C2,327.0,0
EXT-09171,9170,MULTISTAGE_50E,MULTISTAGE_50E/S2_TP_z04_C2,356.0,0
EXT-09172,9171,MULTISTAGE_50E,MULTISTAGE_50E/S2_TP_z04_C3,125.0,0
EXT-09173,9172,MULTISTAGE_50E,MULTISTAGE_50E/S2_TP_z04_C3,144.0,0
EXT-09174,9173,MULTISTAGE_50E,MULTISTAGE_50E/S2_TP_z04_C3,180.0,0
EXT-09175,9174,MULTISTAGE_50E,MULTISTAGE_50E/S2_TP_z04_C3,220.0,0
EXT-09176,9175,MULTISTAGE_50E,MULTISTAGE_50E/S2_TP_z04_C3,258.0,0
EXT-09177,9176,MULTISTAGE_50E,MULTISTAGE_50E/S2_TP_z04_C3,297.0,0
EXT-09178,9177,MULTISTAGE_50E,MULTISTAGE_50E/S2_TP_z04_C3,327.0,0
EXT-09179,9178,MULTISTAGE_50E,MULTISTAGE_50E/S2_TP_z04_C3,356.0,0
EXT-09180,9179,MULTISTAGE_50E,MULTISTAGE_50E/S2_TP_z05_C1,125.0,0
EXT-09181,9180,MULTISTAGE_50E,MULTISTAGE_50E/S2_TP_z05_C1,144.0,0
EXT-09182,9181,MULTISTAGE_50E,MULTISTAGE_50E/S2_TP_z05_C1,180.0,0
EXT-09183,9182,MULTISTAGE_50E,MULTISTAGE_50E/S2_TP_z05_C1,220.0,0
EXT-09184,9183,MULTISTAGE_50E,MULTISTAGE_50E/S2_TP_z05_C1,258.0,0
EXT-09185,9184,MULTISTAGE_50E,MULTISTAGE_50E/S2_TP_z05_C1,297.0,0
EXT-09186,9185,MULTISTAGE_50E,MULTISTAGE_50E/S2_TP_z05_C1,327.0,0
EXT-09187,9186,MULTISTAGE_50E,MULTISTAGE_50E/S2_TP_z05_C1,356.0,0
EXT-09188,9187,MULTISTAGE_50E,MULTISTAGE_50E/S2_TP_z05_C2,125.0,0
EXT-09189,9188,MULTISTAGE_50E,MULTISTAGE_50E/S2_TP_z05_C2,144.0,0
EXT-09190,9189,MULTISTAGE_50E,MULTISTAGE_50E/S2_TP_z05_C2,180.0,0
EXT-09191,9190,MULTISTAGE_50E,MULTISTAGE_50E/S2_TP_z05_C2,220.0,0
EXT-09192,9191,MULTISTAGE_50E,MULTISTAGE_50E/S2_TP_z05_C2,258.0,0
EXT-09193,9192,MULTISTAGE_50E,MULTISTAGE_50E/S2_TP_z05_C2,297.0,0
EXT-09194,9193,MULTISTAGE_50E,MULTISTAGE_50E/S2_TP_z05_C2,327.0,0
EXT-09195,9194,MULTISTAGE_50E,MULTISTAGE_50E/S2_TP_z05_C2,356.0,0
EXT-09196,9195,MULTISTAGE_50E,MULTISTAGE_50E/S2_TP_z05_C3,125.0,0
EXT-09197,9196,MULTISTAGE_50E,MULTISTAGE_50E/S2_TP_z05_C3,144.0,0
EXT-09198,9197,MULTISTAGE_50E,MULTISTAGE_50E/S2_TP_z05_C3,180.0,0
EXT-09199,9198,MULTISTAGE_50E,MULTISTAGE_50E/S2_TP_z05_C3,220.0,0
EXT-09200,9199,MULTISTAGE_50E,MULTISTAGE_50E/S2_TP_z05_C3,258.0,0
EXT-09201,9200,MULTISTAGE_50E,MULTISTAGE_50E/S2_TP_z05_C3,297.0,0
EXT-09202,9201,MULTISTAGE_50E,MULTISTAGE_50E/S2_TP_z05_C3,327.0,0
EXT-09203,9202,MULTISTAGE_50E,MULTISTAGE_50E/S2_TP_z05_C3,356.0,0
EXT-09204,9203,MULTISTAGE_50E,MULTISTAGE_50E/S2_TP_z06_C1,125.0,0
EXT-09205,9204,MULTISTAGE_50E,MULTISTAGE_50E/S2_TP_z06_C1,144.0,0
EXT-09206,9205,MULTISTAGE_50E,MULTISTAGE_50E/S2_TP_z06_C1,180.0,0
EXT-09207,9206,MULTISTAGE_50E,MULTISTAGE_50E/S2_TP_z06_C1,220.0,0
EXT-09208,9207,MULTISTAGE_50E,MULTISTAGE_50E/S2_TP_z06_C1,258.0,0
EXT-09209,9208,MULTISTAGE_50E,MULTISTAGE_50E/S2_TP_z06_C1,297.0,0
EXT-09210,9209,MULTISTAGE_50E,MULTISTAGE_50E/S2_TP_z06_C1,327.0,0
EXT-09211,9210,MULTISTAGE_50E,MULTISTAGE_50E/S2_TP_z06_C1,356.0,0
EXT-09212,9211,MULTISTAGE_50E,MULTISTAGE_50E/S2_TP_z06_C2,125.0,0
EXT-09213,9212,MULTISTAGE_50E,MULTISTAGE_50E/S2_TP_z06_C2,144.0,0
EXT-09214,9213,MULTISTAGE_50E,MULTISTAGE_50E/S2_TP_z06_C2,180.0,0
EXT-09215,9214,MULTISTAGE_50E,MULTISTAGE_50E/S2_TP_z06_C2,220.0,0
EXT-09216,9215,MULTISTAGE_50E,MULTISTAGE_50E/S2_TP_z06_C2,258.0,0
EXT-09217,9216,MULTISTAGE_50E,MULTISTAGE_50E/S2_TP_z06_C2,297.0,0
EXT-09218,9217,MULTISTAGE_50E,MULTISTAGE_50E/S2_TP_z06_C2,327.0,0
EXT-09219,9218,MULTISTAGE_50E,MULTISTAGE_50E/S2_TP_z06_C2,356.0,0
EXT-09220,9219,MULTISTAGE_50E,MULTISTAGE_50E/S2_TP_z06_C3,125.0,0
EXT-09221,9220,MULTISTAGE_50E,MULTISTAGE_50E/S2_TP_z06_C3,144.0,0
EXT-09222,9221,MULTISTAGE_50E,MULTISTAGE_50E/S2_TP_z06_C3,180.0,0
EXT-09223,9222,MULTISTAGE_50E,MULTISTAGE_50E/S2_TP_z06_C3,220.0,0
EXT-09224,9223,MULTISTAGE_50E,MULTISTAGE_50E/S2_TP_z06_C3,258.0,0
EXT-09225,9224,MULTISTAGE_50E,MULTISTAGE_50E/S2_TP_z06_C3,297.0,0
EXT-09226,9225,MULTISTAGE_50E,MULTISTAGE_50E/S2_TP_z06_C3,327.0,0
EXT-09227,9226,MULTISTAGE_50E,MULTISTAGE_50E/S2_TP_z06_C3,356.0,0
EXT-09228,9227,MULTISTAGE_50E,MULTISTAGE_50E/S2_TP_z07_C1,125.0,0
EXT-09229,9228,MULTISTAGE_50E,MULTISTAGE_50E/S2_TP_z07_C1,144.0,0
EXT-09230,9229,MULTISTAGE_50E,MULTISTAGE_50E/S2_TP_z07_C1,180.0,0
EXT-09231,9230,MULTISTAGE_50E,MULTISTAGE_50E/S2_TP_z07_C1,220.0,0
EXT-09232,9231,MULTISTAGE_50E,MULTISTAGE_50E/S2_TP_z07_C1,258.0,0
EXT-09233,9232,MULTISTAGE_50E,MULTISTAGE_50E/S2_TP_z07_C1,297.0,0
EXT-09234,9233,MULTISTAGE_50E,MULTISTAGE_50E/S2_TP_z07_C1,327.0,0
EXT-09235,9234,MULTISTAGE_50E,MULTISTAGE_50E/S2_TP_z07_C1,367.0,0
EXT-09236,9235,MULTISTAGE_50E,MULTISTAGE_50E/S2_TP_z07_C2,125.0,0
EXT-09237,9236,MULTISTAGE_50E,MULTISTAGE_50E/S2_TP_z07_C2,144.0,0
EXT-09238,9237,MULTISTAGE_50E,MULTISTAGE_50E/S2_TP_z07_C2,180.0,0
EXT-09239,9238,MULTISTAGE_50E,MULTISTAGE_50E/S2_TP_z07_C2,220.0,0
EXT-09240,9239,MULTISTAGE_50E,MULTISTAGE_50E/S2_TP_z07_C2,258.0,0
EXT-09241,9240,MULTISTAGE_50E,MULTISTAGE_50E/S2_TP_z07_C2,297.0,0
EXT-09242,9241,MULTISTAGE_50E,MULTISTAGE_50E/S2_TP_z07_C2,327.0,0
EXT-09243,9242,MULTISTAGE_50E,MULTISTAGE_50E/S2_TP_z07_C2,367.0,0
EXT-09244,9243,MULTISTAGE_50E,MULTISTAGE_50E/S2_TP_z07_C3,125.0,0
EXT-09245,9244,MULTISTAGE_50E,MULTISTAGE_50E/S2_TP_z07_C3,144.0,0
EXT-09246,9245,MULTISTAGE_50E,MULTISTAGE_50E/S2_TP_z07_C3,182.0,0
EXT-09247,9246,MULTISTAGE_50E,MULTISTAGE_50E/S2_TP_z07_C3,220.0,0
EXT-09248,9247,MULTISTAGE_50E,MULTISTAGE_50E/S2_TP_z07_C3,258.0,0
EXT-09249,9248,MULTISTAGE_50E,MULTISTAGE_50E/S2_TP_z07_C3,297.0,0
EXT-09250,9249,MULTISTAGE_50E,MULTISTAGE_50E/S2_TP_z07_C3,327.0,0
EXT-09251,9250,MULTISTAGE_50E,MULTISTAGE_50E/S2_TP_z07_C3,367.0,0
EXT-09252,9251,MULTISTAGE_50E,MULTISTAGE_50E/S2_TP_z08_C1,125.0,0
EXT-09253,9252,MULTISTAGE_50E,MULTISTAGE_50E/S2_TP_z08_C1,145.0,0
EXT-09254,9253,MULTISTAGE_50E,MULTISTAGE_50E/S2_TP_z08_C1,181.0,0
EXT-09255,9254,MULTISTAGE_50E,MULTISTAGE_50E/S2_TP_z08_C1,228.0,0
EXT-09256,9255,MULTISTAGE_50E,MULTISTAGE_50E/S2_TP_z08_C1,258.0,0
EXT-09257,9256,MULTISTAGE_50E,MULTISTAGE_50E/S2_TP_z08_C1,297.0,0
EXT-09258,9257,MULTISTAGE_50E,MULTISTAGE_50E/S2_TP_z08_C1,327.0,0
EXT-09259,9258,MULTISTAGE_50E,MULTISTAGE_50E/S2_TP_z08_C1,367.0,0
EXT-09260,9259,MULTISTAGE_50E,MULTISTAGE_50E/S2_TP_z08_C2,125.0,0
EXT-09261,9260,MULTISTAGE_50E,MULTISTAGE_50E/S2_TP_z08_C2,145.0,0
EXT-09262,9261,MULTISTAGE_50E,MULTISTAGE_50E/S2_TP_z08_C2,181.0,0
EXT-09263,9262,MULTISTAGE_50E,MULTISTAGE_50E/S2_TP_z08_C2,228.0,0
EXT-09264,9263,MULTISTAGE_50E,MULTISTAGE_50E/S2_TP_z08_C2,258.0,0
EXT-09265,9264,MULTISTAGE_50E,MULTISTAGE_50E/S2_TP_z08_C2,297.0,0
EXT-09266,9265,MULTISTAGE_50E,MULTISTAGE_50E/S2_TP_z08_C2,327.0,0
EXT-09267,9266,MULTISTAGE_50E,MULTISTAGE_50E/S2_TP_z08_C2,367.0,0
EXT-09268,9267,MULTISTAGE_50E,MULTISTAGE_50E/S2_TP_z08_C3,125.0,0
EXT-09269,9268,MULTISTAGE_50E,MULTISTAGE_50E/S2_TP_z08_C3,145.0,0
EXT-09270,9269,MULTISTAGE_50E,MULTISTAGE_50E/S2_TP_z08_C3,181.0,0
EXT-09271,9270,MULTISTAGE_50E,MULTISTAGE_50E/S2_TP_z08_C3,228.0,0
EXT-09272,9271,MULTISTAGE_50E,MULTISTAGE_50E/S2_TP_z08_C3,258.0,0
EXT-09273,9272,MULTISTAGE_50E,MULTISTAGE_50E/S2_TP_z08_C3,297.0,0
EXT-09274,9273,MULTISTAGE_50E,MULTISTAGE_50E/S2_TP_z08_C3,327.0,0
EXT-09275,9274,MULTISTAGE_50E,MULTISTAGE_50E/S2_TP_z08_C3,367.0,0
EXT-09276,9275,MULTISTAGE_50E,MULTISTAGE_50E/S2_TP_z09_C1,125.0,0
EXT-09277,9276,MULTISTAGE_50E,MULTISTAGE_50E/S2_TP_z09_C1,144.0,0
EXT-09278,9277,MULTISTAGE_50E,MULTISTAGE_50E/S2_TP_z09_C1,180.0,0
EXT-09279,9278,MULTISTAGE_50E,MULTISTAGE_50E/S2_TP_z09_C1,220.0,0
EXT-09280,9279,MULTISTAGE_50E,MULTISTAGE_50E/S2_TP_z09_C1,258.0,0
EXT-09281,9280,MULTISTAGE_50E,MULTISTAGE_50E/S2_TP_z09_C1,297.0,0
EXT-09282,9281,MULTISTAGE_50E,MULTISTAGE_50E/S2_TP_z09_C1,327.0,0
EXT-09283,9282,MULTISTAGE_50E,MULTISTAGE_50E/S2_TP_z09_C1,356.0,0
EXT-09284,9283,MULTISTAGE_50E,MULTISTAGE_50E/S2_TP_z09_C2,125.0,0
EXT-09285,9284,MULTISTAGE_50E,MULTISTAGE_50E/S2_TP_z09_C2,144.0,0
EXT-09286,9285,MULTISTAGE_50E,MULTISTAGE_50E/S2_TP_z09_C2,180.0,0
EXT-09287,9286,MULTISTAGE_50E,MULTISTAGE_50E/S2_TP_z09_C2,220.0,0
EXT-09288,9287,MULTISTAGE_50E,MULTISTAGE_50E/S2_TP_z09_C2,258.0,0
EXT-09289,9288,MULTISTAGE_50E,MULTISTAGE_50E/S2_TP_z09_C2,297.0,0
EXT-09290,9289,MULTISTAGE_50E,MULTISTAGE_50E/S2_TP_z09_C2,327.0,0
EXT-09291,9290,MULTISTAGE_50E,MULTISTAGE_50E/S2_TP_z09_C2,356.0,0
EXT-09292,9291,MULTISTAGE_50E,MULTISTAGE_50E/S2_TP_z09_C3,125.0,0
EXT-09293,9292,MULTISTAGE_50E,MULTISTAGE_50E/S2_TP_z09_C3,144.0,0
EXT-09294,9293,MULTISTAGE_50E,MULTISTAGE_50E/S2_TP_z09_C3,180.0,0
EXT-09295,9294,MULTISTAGE_50E,MULTISTAGE_50E/S2_TP_z09_C3,220.0,0
EXT-09296,9295,MULTISTAGE_50E,MULTISTAGE_50E/S2_TP_z09_C3,258.0,0
EXT-09297,9296,MULTISTAGE_50E,MULTISTAGE_50E/S2_TP_z09_C3,297.0,0
EXT-09298,9297,MULTISTAGE_50E,MULTISTAGE_50E/S2_TP_z09_C3,327.0,0
EXT-09299,9298,MULTISTAGE_50E,MULTISTAGE_50E/S2_TP_z09_C3,356.0,0
EXT-09300,9299,MULTISTAGE_50E,MULTISTAGE_50E/S2_TP_z10_C1,125.0,0
EXT-09301,9300,MULTISTAGE_50E,MULTISTAGE_50E/S2_TP_z10_C2,125.0,0
EXT-09302,9301,MULTISTAGE_50E,MULTISTAGE_50E/S2_TP_z10_C2,144.0,0
EXT-09303,9302,MULTISTAGE_50E,MULTISTAGE_50E/S2_TP_z10_C2,180.0,0
EXT-09304,9303,MULTISTAGE_50E,MULTISTAGE_50E/S2_TP_z10_C3,125.0,0
EXT-09305,9304,MULTISTAGE_50E,MULTISTAGE_50E/S2_TP_z10_C3,144.0,0
EXT-09306,9305,MULTISTAGE_50E,MULTISTAGE_50E/S2_TP_z10_C3,180.0,0
EXT-09307,9306,MULTISTAGE_50E,MULTISTAGE_50E/S2_TP_z10_C3,220.0,0
EXT-09308,9307,MULTISTAGE_50E,MULTISTAGE_50E/S2_TP_z11_C1,125.0,0
EXT-09309,9308,MULTISTAGE_50E,MULTISTAGE_50E/S2_TP_z11_C1,144.0,0
EXT-09310,9309,MULTISTAGE_50E,MULTISTAGE_50E/S2_TP_z11_C1,180.0,0
EXT-09311,9310,MULTISTAGE_50E,MULTISTAGE_50E/S2_TP_z11_C1,220.0,0
EXT-09312,9311,MULTISTAGE_50E,MULTISTAGE_50E/S2_TP_z11_C1,258.0,0
EXT-09313,9312,MULTISTAGE_50E,MULTISTAGE_50E/S2_TP_z11_C1,297.0,0
EXT-09314,9313,MULTISTAGE_50E,MULTISTAGE_50E/S2_TP_z11_C1,327.0,0
EXT-09315,9314,MULTISTAGE_50E,MULTISTAGE_50E/S2_TP_z11_C1,356.0,0
EXT-09316,9315,MULTISTAGE_50E,MULTISTAGE_50E/S2_TP_z11_C2,125.0,0
EXT-09317,9316,MULTISTAGE_50E,MULTISTAGE_50E/S2_TP_z11_C2,144.0,0
EXT-09318,9317,MULTISTAGE_50E,MULTISTAGE_50E/S2_TP_z11_C2,180.0,0
EXT-09319,9318,MULTISTAGE_50E,MULTISTAGE_50E/S2_TP_z11_C2,220.0,0
EXT-09320,9319,MULTISTAGE_50E,MULTISTAGE_50E/S2_TP_z11_C2,258.0,0
EXT-09321,9320,MULTISTAGE_50E,MULTISTAGE_50E/S2_TP_z11_C2,297.0,0
EXT-09322,9321,MULTISTAGE_50E,MULTISTAGE_50E/S2_TP_z11_C2,327.0,0
EXT-09323,9322,MULTISTAGE_50E,MULTISTAGE_50E/S2_TP_z11_C2,356.0,0
EXT-09324,9323,MULTISTAGE_50E,MULTISTAGE_50E/S2_TP_z11_C3,125.0,0
EXT-09325,9324,MULTISTAGE_50E,MULTISTAGE_50E/S2_TP_z11_C3,144.0,0
EXT-09326,9325,MULTISTAGE_50E,MULTISTAGE_50E/S2_TP_z11_C3,180.0,0
EXT-09327,9326,MULTISTAGE_50E,MULTISTAGE_50E/S2_TP_z11_C3,220.0,0
EXT-09328,9327,MULTISTAGE_50E,MULTISTAGE_50E/S2_TP_z11_C3,258.0,0
EXT-09329,9328,MULTISTAGE_50E,MULTISTAGE_50E/S2_TP_z11_C3,297.0,0
EXT-09330,9329,MULTISTAGE_50E,MULTISTAGE_50E/S2_TP_z11_C3,327.0,0
EXT-09331,9330,MULTISTAGE_50E,MULTISTAGE_50E/S2_TP_z11_C3,356.0,0
EXT-09332,9331,MULTISTAGE_50E,MULTISTAGE_50E/S2_TP_z12_C1,5.0,0
EXT-09333,9332,MULTISTAGE_50E,MULTISTAGE_50E/S2_TP_z12_C1,6.0,0
EXT-09334,9333,MULTISTAGE_50E,MULTISTAGE_50E/S2_TP_z12_C1,7.0,0
EXT-09335,9334,MULTISTAGE_50E,MULTISTAGE_50E/S2_TP_z12_C1,8.0,0
EXT-09336,9335,MULTISTAGE_50E,MULTISTAGE_50E/S2_TP_z12_C1,9.0,0
EXT-09337,9336,MULTISTAGE_50E,MULTISTAGE_50E/S2_TP_z12_C1,10.0,0
EXT-09338,9337,MULTISTAGE_50E,MULTISTAGE_50E/S2_TP_z12_C1,11.0,0
EXT-09339,9338,MULTISTAGE_50E,MULTISTAGE_50E/S2_TP_z12_C1,12.0,0
EXT-09340,9339,MULTISTAGE_50E,MULTISTAGE_50E/S2_TP_z12_C1,13.0,0
EXT-09341,9340,MULTISTAGE_50E,MULTISTAGE_50E/S2_TP_z12_C1,14.0,0
EXT-09342,9341,MULTISTAGE_50E,MULTISTAGE_50E/S2_TP_z12_C1,15.0,0
EXT-09343,9342,MULTISTAGE_50E,MULTISTAGE_50E/S2_TP_z12_C1,16.0,0
EXT-09344,9343,MULTISTAGE_50E,MULTISTAGE_50E/S2_TP_z12_C2,5.0,0
EXT-09345,9344,MULTISTAGE_50E,MULTISTAGE_50E/S2_TP_z12_C2,6.0,0
EXT-09346,9345,MULTISTAGE_50E,MULTISTAGE_50E/S2_TP_z12_C2,7.0,0
EXT-09347,9346,MULTISTAGE_50E,MULTISTAGE_50E/S2_TP_z12_C2,8.0,0
EXT-09348,9347,MULTISTAGE_50E,MULTISTAGE_50E/S2_TP_z12_C2,9.0,0
EXT-09349,9348,MULTISTAGE_50E,MULTISTAGE_50E/S2_TP_z12_C2,10.0,0
EXT-09350,9349,MULTISTAGE_50E,MULTISTAGE_50E/S2_TP_z12_C2,11.0,0
EXT-09351,9350,MULTISTAGE_50E,MULTISTAGE_50E/S2_TP_z12_C2,12.0,0
EXT-09352,9351,MULTISTAGE_50E,MULTISTAGE_50E/S2_TP_z12_C2,13.0,0
EXT-09353,9352,MULTISTAGE_50E,MULTISTAGE_50E/S2_TP_z12_C2,14.0,0
EXT-09354,9353,MULTISTAGE_50E,MULTISTAGE_50E/S2_TP_z12_C2,15.0,0
EXT-09355,9354,MULTISTAGE_50E,MULTISTAGE_50E/S2_TP_z12_C2,16.0,0
EXT-09356,9355,MULTISTAGE_50E,MULTISTAGE_50E/S2_TP_z12_C3,5.0,0
EXT-09357,9356,MULTISTAGE_50E,MULTISTAGE_50E/S2_TP_z12_C3,6.0,0
EXT-09358,9357,MULTISTAGE_50E,MULTISTAGE_50E/S2_TP_z12_C3,7.0,0
EXT-09359,9358,MULTISTAGE_50E,MULTISTAGE_50E/S2_TP_z12_C3,8.0,0
EXT-09360,9359,MULTISTAGE_50E,MULTISTAGE_50E/S2_TP_z12_C3,9.0,0
EXT-09361,9360,MULTISTAGE_50E,MULTISTAGE_50E/S2_TP_z12_C3,10.0,0
EXT-09362,9361,MULTISTAGE_50E,MULTISTAGE_50E/S2_TP_z12_C3,11.0,0
EXT-09363,9362,MULTISTAGE_50E,MULTISTAGE_50E/S2_TP_z12_C3,12.0,0
EXT-09364,9363,MULTISTAGE_50E,MULTISTAGE_50E/S2_TP_z12_C3,13.0,0
EXT-09365,9364,MULTISTAGE_50E,MULTISTAGE_50E/S2_TP_z12_C3,14.0,0
EXT-09366,9365,MULTISTAGE_50E,MULTISTAGE_50E/S2_TP_z12_C3,15.0,0
EXT-09367,9366,MULTISTAGE_50E,MULTISTAGE_50E/S2_TP_z12_C3,16.0,0
EXT-09368,9367,MULTISTAGE_50E,MULTISTAGE_50E/S2_TP_z13_C1,5.0,0
EXT-09369,9368,MULTISTAGE_50E,MULTISTAGE_50E/S2_TP_z13_C1,6.0,0
EXT-09370,9369,MULTISTAGE_50E,MULTISTAGE_50E/S2_TP_z13_C1,7.0,0
EXT-09371,9370,MULTISTAGE_50E,MULTISTAGE_50E/S2_TP_z13_C1,8.0,0
EXT-09372,9371,MULTISTAGE_50E,MULTISTAGE_50E/S2_TP_z13_C1,9.0,0
EXT-09373,9372,MULTISTAGE_50E,MULTISTAGE_50E/S2_TP_z13_C1,10.0,0
EXT-09374,9373,MULTISTAGE_50E,MULTISTAGE_50E/S2_TP_z13_C1,11.0,0
EXT-09375,9374,MULTISTAGE_50E,MULTISTAGE_50E/S2_TP_z13_C1,12.0,0
EXT-09376,9375,MULTISTAGE_50E,MULTISTAGE_50E/S2_TP_z13_C1,13.0,0
EXT-09377,9376,MULTISTAGE_50E,MULTISTAGE_50E/S2_TP_z13_C1,14.0,0
EXT-09378,9377,MULTISTAGE_50E,MULTISTAGE_50E/S2_TP_z13_C1,15.0,0
EXT-09379,9378,MULTISTAGE_50E,MULTISTAGE_50E/S2_TP_z13_C1,16.0,0
EXT-09380,9379,MULTISTAGE_50E,MULTISTAGE_50E/S2_TP_z13_C2,5.0,0
EXT-09381,9380,MULTISTAGE_50E,MULTISTAGE_50E/S2_TP_z13_C2,6.0,0
EXT-09382,9381,MULTISTAGE_50E,MULTISTAGE_50E/S2_TP_z13_C2,7.0,0
EXT-09383,9382,MULTISTAGE_50E,MULTISTAGE_50E/S2_TP_z13_C2,8.0,0
EXT-09384,9383,MULTISTAGE_50E,MULTISTAGE_50E/S2_TP_z13_C2,9.0,0
EXT-09385,9384,MULTISTAGE_50E,MULTISTAGE_50E/S2_TP_z13_C2,10.0,0
EXT-09386,9385,MULTISTAGE_50E,MULTISTAGE_50E/S2_TP_z13_C2,11.0,0
EXT-09387,9386,MULTISTAGE_50E,MULTISTAGE_50E/S2_TP_z13_C2,12.0,0
EXT-09388,9387,MULTISTAGE_50E,MULTISTAGE_50E/S2_TP_z13_C2,13.0,0
EXT-09389,9388,MULTISTAGE_50E,MULTISTAGE_50E/S2_TP_z13_C2,14.0,0
EXT-09390,9389,MULTISTAGE_50E,MULTISTAGE_50E/S2_TP_z13_C2,15.0,0
EXT-09391,9390,MULTISTAGE_50E,MULTISTAGE_50E/S2_TP_z13_C2,16.0,0
EXT-09392,9391,MULTISTAGE_50E,MULTISTAGE_50E/S2_TP_z13_C3,5.0,0
EXT-09393,9392,MULTISTAGE_50E,MULTISTAGE_50E/S2_TP_z13_C3,6.0,0
EXT-09394,9393,MULTISTAGE_50E,MULTISTAGE_50E/S2_TP_z13_C3,7.0,0
EXT-09395,9394,MULTISTAGE_50E,MULTISTAGE_50E/S2_TP_z13_C3,8.0,0
EXT-09396,9395,MULTISTAGE_50E,MULTISTAGE_50E/S2_TP_z13_C3,9.0,0
EXT-09397,9396,MULTISTAGE_50E,MULTISTAGE_50E/S2_TP_z13_C3,10.0,0
EXT-09398,9397,MULTISTAGE_50E,MULTISTAGE_50E/S2_TP_z13_C3,11.0,0
EXT-09399,9398,MULTISTAGE_50E,MULTISTAGE_50E/S2_TP_z13_C3,12.0,0
EXT-09400,9399,MULTISTAGE_50E,MULTISTAGE_50E/S2_TP_z13_C3,13.0,0
EXT-09401,9400,MULTISTAGE_50E,MULTISTAGE_50E/S2_TP_z13_C3,14.0,0
EXT-09402,9401,MULTISTAGE_50E,MULTISTAGE_50E/S2_TP_z13_C3,15.0,0
EXT-09403,9402,MULTISTAGE_50E,MULTISTAGE_50E/S2_TP_z13_C3,16.0,0
EXT-09404,9403,MULTISTAGE_50E,MULTISTAGE_50E/S2_TP_z14_C1,5.0,0
EXT-09405,9404,MULTISTAGE_50E,MULTISTAGE_50E/S2_TP_z14_C1,6.0,0
EXT-09406,9405,MULTISTAGE_50E,MULTISTAGE_50E/S2_TP_z14_C1,7.0,0
EXT-09407,9406,MULTISTAGE_50E,MULTISTAGE_50E/S2_TP_z14_C1,8.0,0
EXT-09408,9407,MULTISTAGE_50E,MULTISTAGE_50E/S2_TP_z14_C1,9.0,0
EXT-09409,9408,MULTISTAGE_50E,MULTISTAGE_50E/S2_TP_z14_C1,10.0,0
EXT-09410,9409,MULTISTAGE_50E,MULTISTAGE_50E/S2_TP_z14_C1,11.0,0
EXT-09411,9410,MULTISTAGE_50E,MULTISTAGE_50E/S2_TP_z14_C1,12.0,0
EXT-09412,9411,MULTISTAGE_50E,MULTISTAGE_50E/S2_TP_z14_C1,13.0,0
EXT-09413,9412,MULTISTAGE_50E,MULTISTAGE_50E/S2_TP_z14_C1,14.0,0
EXT-09414,9413,MULTISTAGE_50E,MULTISTAGE_50E/S2_TP_z14_C1,15.0,0
EXT-09415,9414,MULTISTAGE_50E,MULTISTAGE_50E/S2_TP_z14_C1,16.0,0
EXT-09416,9415,MULTISTAGE_50E,MULTISTAGE_50E/S2_TP_z14_C2,5.0,0
EXT-09417,9416,MULTISTAGE_50E,MULTISTAGE_50E/S2_TP_z14_C2,6.0,0
EXT-09418,9417,MULTISTAGE_50E,MULTISTAGE_50E/S2_TP_z14_C2,7.0,0
EXT-09419,9418,MULTISTAGE_50E,MULTISTAGE_50E/S2_TP_z14_C2,8.0,0
EXT-09420,9419,MULTISTAGE_50E,MULTISTAGE_50E/S2_TP_z14_C2,9.0,0
EXT-09421,9420,MULTISTAGE_50E,MULTISTAGE_50E/S2_TP_z14_C2,10.0,0
EXT-09422,9421,MULTISTAGE_50E,MULTISTAGE_50E/S2_TP_z14_C2,11.0,0
EXT-09423,9422,MULTISTAGE_50E,MULTISTAGE_50E/S2_TP_z14_C2,12.0,0
EXT-09424,9423,MULTISTAGE_50E,MULTISTAGE_50E/S2_TP_z14_C2,13.0,0
EXT-09425,9424,MULTISTAGE_50E,MULTISTAGE_50E/S2_TP_z14_C2,14.0,0
EXT-09426,9425,MULTISTAGE_50E,MULTISTAGE_50E/S2_TP_z14_C2,15.0,0
EXT-09427,9426,MULTISTAGE_50E,MULTISTAGE_50E/S2_TP_z14_C2,16.0,0
EXT-09428,9427,MULTISTAGE_50E,MULTISTAGE_50E/S2_TP_z14_C3,5.0,0
EXT-09429,9428,MULTISTAGE_50E,MULTISTAGE_50E/S2_TP_z14_C3,6.0,0
EXT-09430,9429,MULTISTAGE_50E,MULTISTAGE_50E/S2_TP_z14_C3,7.0,0
EXT-09431,9430,MULTISTAGE_50E,MULTISTAGE_50E/S2_TP_z14_C3,8.0,0
EXT-09432,9431,MULTISTAGE_50E,MULTISTAGE_50E/S2_TP_z14_C3,9.0,0
EXT-09433,9432,MULTISTAGE_50E,MULTISTAGE_50E/S2_TP_z14_C3,10.0,0
EXT-09434,9433,MULTISTAGE_50E,MULTISTAGE_50E/S2_TP_z14_C3,11.0,0
EXT-09435,9434,MULTISTAGE_50E,MULTISTAGE_50E/S2_TP_z14_C3,12.0,0
EXT-09436,9435,MULTISTAGE_50E,MULTISTAGE_50E/S2_TP_z14_C3,13.0,0
EXT-09437,9436,MULTISTAGE_50E,MULTISTAGE_50E/S2_TP_z14_C3,14.0,0
EXT-09438,9437,MULTISTAGE_50E,MULTISTAGE_50E/S2_TP_z14_C3,15.0,0
EXT-09439,9438,MULTISTAGE_50E,MULTISTAGE_50E/S2_TP_z14_C3,16.0,0
EXT-09440,9439,MULTISTAGE_50E,MULTISTAGE_50E/S2_TP_z15_C1,5.0,0
EXT-09441,9440,MULTISTAGE_50E,MULTISTAGE_50E/S2_TP_z15_C1,6.0,0
EXT-09442,9441,MULTISTAGE_50E,MULTISTAGE_50E/S2_TP_z15_C1,7.0,0
EXT-09443,9442,MULTISTAGE_50E,MULTISTAGE_50E/S2_TP_z15_C1,8.0,0
EXT-09444,9443,MULTISTAGE_50E,MULTISTAGE_50E/S2_TP_z15_C1,9.0,0
EXT-09445,9444,MULTISTAGE_50E,MULTISTAGE_50E/S2_TP_z15_C1,10.0,0
EXT-09446,9445,MULTISTAGE_50E,MULTISTAGE_50E/S2_TP_z15_C1,11.0,0
EXT-09447,9446,MULTISTAGE_50E,MULTISTAGE_50E/S2_TP_z15_C2,5.0,0
EXT-09448,9447,MULTISTAGE_50E,MULTISTAGE_50E/S2_TP_z15_C2,6.0,0
EXT-09449,9448,MULTISTAGE_50E,MULTISTAGE_50E/S2_TP_z15_C2,7.0,0
EXT-09450,9449,MULTISTAGE_50E,MULTISTAGE_50E/S2_TP_z15_C2,8.0,0
EXT-09451,9450,MULTISTAGE_50E,MULTISTAGE_50E/S2_TP_z15_C2,9.0,0
EXT-09452,9451,MULTISTAGE_50E,MULTISTAGE_50E/S2_TP_z15_C2,10.0,0
EXT-09453,9452,MULTISTAGE_50E,MULTISTAGE_50E/S2_TP_z15_C2,11.0,0
EXT-09454,9453,MULTISTAGE_50E,MULTISTAGE_50E/S2_TP_z15_C2,12.0,0
EXT-09455,9454,MULTISTAGE_50E,MULTISTAGE_50E/S2_TP_z15_C3,5.0,0
EXT-09456,9455,MULTISTAGE_50E,MULTISTAGE_50E/S2_TP_z15_C3,6.0,0
EXT-09457,9456,MULTISTAGE_50E,MULTISTAGE_50E/S2_TP_z15_C3,7.0,0
EXT-09458,9457,MULTISTAGE_50E,MULTISTAGE_50E/S2_TP_z15_C3,8.0,0
EXT-09459,9458,MULTISTAGE_50E,MULTISTAGE_50E/S2_TP_z15_C3,9.0,0
EXT-09460,9459,MULTISTAGE_50E,MULTISTAGE_50E/S2_TP_z15_C3,10.0,0
EXT-09461,9460,MULTISTAGE_50E,MULTISTAGE_50E/S2_TP_z15_C3,11.0,0
EXT-09462,9461,MULTISTAGE_50E,MULTISTAGE_50E/S2_TP_z15_C3,12.0,0
EXT-09463,9462,MULTISTAGE_50E,MULTISTAGE_50E/S2_TP_z16_C1,5.0,0
EXT-09464,9463,MULTISTAGE_50E,MULTISTAGE_50E/S2_TP_z16_C1,6.0,0
EXT-09465,9464,MULTISTAGE_50E,MULTISTAGE_50E/S2_TP_z16_C1,7.0,0
EXT-09466,9465,MULTISTAGE_50E,MULTISTAGE_50E/S2_TP_z16_C1,8.0,0
EXT-09467,9466,MULTISTAGE_50E,MULTISTAGE_50E/S2_TP_z16_C1,9.0,0
EXT-09468,9467,MULTISTAGE_50E,MULTISTAGE_50E/S2_TP_z16_C1,10.0,0
EXT-09469,9468,MULTISTAGE_50E,MULTISTAGE_50E/S2_TP_z16_C1,11.0,0
EXT-09470,9469,MULTISTAGE_50E,MULTISTAGE_50E/S2_TP_z16_C1,12.0,0
EXT-09471,9470,MULTISTAGE_50E,MULTISTAGE_50E/S2_TP_z16_C1,13.0,0
EXT-09472,9471,MULTISTAGE_50E,MULTISTAGE_50E/S2_TP_z16_C1,14.0,0
EXT-09473,9472,MULTISTAGE_50E,MULTISTAGE_50E/S2_TP_z16_C1,15.0,0
EXT-09474,9473,MULTISTAGE_50E,MULTISTAGE_50E/S2_TP_z16_C1,16.0,0
EXT-09475,9474,MULTISTAGE_50E,MULTISTAGE_50E/S2_TP_z16_C2,5.0,0
EXT-09476,9475,MULTISTAGE_50E,MULTISTAGE_50E/S2_TP_z16_C2,6.0,0
EXT-09477,9476,MULTISTAGE_50E,MULTISTAGE_50E/S2_TP_z16_C2,7.0,0
EXT-09478,9477,MULTISTAGE_50E,MULTISTAGE_50E/S2_TP_z16_C2,8.0,0
EXT-09479,9478,MULTISTAGE_50E,MULTISTAGE_50E/S2_TP_z16_C2,9.0,0
EXT-09480,9479,MULTISTAGE_50E,MULTISTAGE_50E/S2_TP_z16_C2,10.0,0
EXT-09481,9480,MULTISTAGE_50E,MULTISTAGE_50E/S2_TP_z16_C2,11.0,0
EXT-09482,9481,MULTISTAGE_50E,MULTISTAGE_50E/S2_TP_z16_C2,12.0,0
EXT-09483,9482,MULTISTAGE_50E,MULTISTAGE_50E/S2_TP_z16_C2,13.0,0
EXT-09484,9483,MULTISTAGE_50E,MULTISTAGE_50E/S2_TP_z16_C2,14.0,0
EXT-09485,9484,MULTISTAGE_50E,MULTISTAGE_50E/S2_TP_z16_C2,15.0,0
EXT-09486,9485,MULTISTAGE_50E,MULTISTAGE_50E/S2_TP_z16_C2,16.0,0
EXT-09487,9486,MULTISTAGE_50E,MULTISTAGE_50E/S2_TP_z16_C3,5.0,0
EXT-09488,9487,MULTISTAGE_50E,MULTISTAGE_50E/S2_TP_z16_C3,6.0,0
EXT-09489,9488,MULTISTAGE_50E,MULTISTAGE_50E/S2_TP_z16_C3,7.0,0
EXT-09490,9489,MULTISTAGE_50E,MULTISTAGE_50E/S2_TP_z16_C3,8.0,0
EXT-09491,9490,MULTISTAGE_50E,MULTISTAGE_50E/S2_TP_z16_C3,9.0,0
EXT-09492,9491,MULTISTAGE_50E,MULTISTAGE_50E/S2_TP_z16_C3,10.0,0
EXT-09493,9492,MULTISTAGE_50E,MULTISTAGE_50E/S2_TP_z16_C3,11.0,0
EXT-09494,9493,MULTISTAGE_50E,MULTISTAGE_50E/S2_TP_z16_C3,12.0,0
EXT-09495,9494,MULTISTAGE_50E,MULTISTAGE_50E/S2_TP_z16_C3,13.0,0
EXT-09496,9495,MULTISTAGE_50E,MULTISTAGE_50E/S2_TP_z16_C3,14.0,0
EXT-09497,9496,MULTISTAGE_50E,MULTISTAGE_50E/S2_TP_z16_C3,15.0,0
EXT-09498,9497,MULTISTAGE_50E,MULTISTAGE_50E/S2_TP_z16_C3,16.0,0
EXT-09499,9498,MULTISTAGE_50E,MULTISTAGE_50E/S2_TP_z17_C1,5.0,0
EXT-09500,9499,MULTISTAGE_50E,MULTISTAGE_50E/S2_TP_z17_C1,6.0,0
EXT-09501,9500,MULTISTAGE_50E,MULTISTAGE_50E/S2_TP_z17_C1,7.0,0
EXT-09502,9501,MULTISTAGE_50E,MULTISTAGE_50E/S2_TP_z17_C1,8.0,0
EXT-09503,9502,MULTISTAGE_50E,MULTISTAGE_50E/S2_TP_z17_C1,9.0,0
EXT-09504,9503,MULTISTAGE_50E,MULTISTAGE_50E/S2_TP_z17_C1,10.0,0
EXT-09505,9504,MULTISTAGE_50E,MULTISTAGE_50E/S2_TP_z17_C1,11.0,0
EXT-09506,9505,MULTISTAGE_50E,MULTISTAGE_50E/S2_TP_z17_C1,12.0,0
EXT-09507,9506,MULTISTAGE_50E,MULTISTAGE_50E/S2_TP_z17_C2,5.0,0
EXT-09508,9507,MULTISTAGE_50E,MULTISTAGE_50E/S2_TP_z17_C2,6.0,0
EXT-09509,9508,MULTISTAGE_50E,MULTISTAGE_50E/S2_TP_z17_C2,7.0,0
EXT-09510,9509,MULTISTAGE_50E,MULTISTAGE_50E/S2_TP_z17_C2,8.0,0
EXT-09511,9510,MULTISTAGE_50E,MULTISTAGE_50E/S2_TP_z17_C2,9.0,0
EXT-09512,9511,MULTISTAGE_50E,MULTISTAGE_50E/S2_TP_z17_C2,10.0,0
EXT-09513,9512,MULTISTAGE_50E,MULTISTAGE_50E/S2_TP_z17_C2,11.0,0
EXT-09514,9513,MULTISTAGE_50E,MULTISTAGE_50E/S2_TP_z17_C2,12.0,0
EXT-09515,9514,MULTISTAGE_50E,MULTISTAGE_50E/S2_TP_z17_C3,5.0,0
EXT-09516,9515,MULTISTAGE_50E,MULTISTAGE_50E/S2_TP_z17_C3,6.0,0
EXT-09517,9516,MULTISTAGE_50E,MULTISTAGE_50E/S2_TP_z17_C3,7.0,0
EXT-09518,9517,MULTISTAGE_50E,MULTISTAGE_50E/S2_TP_z17_C3,8.0,0
EXT-09519,9518,MULTISTAGE_50E,MULTISTAGE_50E/S2_TP_z17_C3,9.0,0
EXT-09520,9519,MULTISTAGE_50E,MULTISTAGE_50E/S2_TP_z17_C3,10.0,0
EXT-09521,9520,MULTISTAGE_50E,MULTISTAGE_50E/S2_TP_z17_C3,11.0,0
EXT-09522,9521,MULTISTAGE_50E,MULTISTAGE_50E/S2_TP_z17_C3,12.0,0
EXT-09523,9522,MULTISTAGE_50E,MULTISTAGE_50E/S2_TP_z18_C1,5.0,0
EXT-09524,9523,MULTISTAGE_50E,MULTISTAGE_50E/S2_TP_z18_C1,6.0,0
EXT-09525,9524,MULTISTAGE_50E,MULTISTAGE_50E/S2_TP_z18_C1,7.0,0
EXT-09526,9525,MULTISTAGE_50E,MULTISTAGE_50E/S2_TP_z18_C1,8.0,0
EXT-09527,9526,MULTISTAGE_50E,MULTISTAGE_50E/S2_TP_z18_C1,9.0,0
EXT-09528,9527,MULTISTAGE_50E,MULTISTAGE_50E/S2_TP_z18_C1,10.0,0
EXT-09529,9528,MULTISTAGE_50E,MULTISTAGE_50E/S2_TP_z18_C1,11.0,0
EXT-09530,9529,MULTISTAGE_50E,MULTISTAGE_50E/S2_TP_z18_C1,12.0,0
EXT-09531,9530,MULTISTAGE_50E,MULTISTAGE_50E/S2_TP_z18_C1,13.0,0
EXT-09532,9531,MULTISTAGE_50E,MULTISTAGE_50E/S2_TP_z18_C1,14.0,0
EXT-09533,9532,MULTISTAGE_50E,MULTISTAGE_50E/S2_TP_z18_C1,15.0,0
EXT-09534,9533,MULTISTAGE_50E,MULTISTAGE_50E/S2_TP_z18_C1,16.0,0
EXT-09535,9534,MULTISTAGE_50E,MULTISTAGE_50E/S2_TP_z18_C2,5.0,0
EXT-09536,9535,MULTISTAGE_50E,MULTISTAGE_50E/S2_TP_z18_C2,6.0,0
EXT-09537,9536,MULTISTAGE_50E,MULTISTAGE_50E/S2_TP_z18_C2,7.0,0
EXT-09538,9537,MULTISTAGE_50E,MULTISTAGE_50E/S2_TP_z18_C2,8.0,0
EXT-09539,9538,MULTISTAGE_50E,MULTISTAGE_50E/S2_TP_z18_C2,9.0,0
EXT-09540,9539,MULTISTAGE_50E,MULTISTAGE_50E/S2_TP_z18_C2,10.0,0
EXT-09541,9540,MULTISTAGE_50E,MULTISTAGE_50E/S2_TP_z18_C2,11.0,0
EXT-09542,9541,MULTISTAGE_50E,MULTISTAGE_50E/S2_TP_z18_C2,12.0,0
EXT-09543,9542,MULTISTAGE_50E,MULTISTAGE_50E/S2_TP_z18_C2,13.0,0
EXT-09544,9543,MULTISTAGE_50E,MULTISTAGE_50E/S2_TP_z18_C2,14.0,0
EXT-09545,9544,MULTISTAGE_50E,MULTISTAGE_50E/S2_TP_z18_C2,15.0,0
EXT-09546,9545,MULTISTAGE_50E,MULTISTAGE_50E/S2_TP_z18_C2,16.0,0
EXT-09547,9546,MULTISTAGE_50E,MULTISTAGE_50E/S2_TP_z18_C3,5.0,0
EXT-09548,9547,MULTISTAGE_50E,MULTISTAGE_50E/S2_TP_z18_C3,6.0,0
EXT-09549,9548,MULTISTAGE_50E,MULTISTAGE_50E/S2_TP_z18_C3,7.0,0
EXT-09550,9549,MULTISTAGE_50E,MULTISTAGE_50E/S2_TP_z18_C3,8.0,0
EXT-09551,9550,MULTISTAGE_50E,MULTISTAGE_50E/S2_TP_z18_C3,9.0,0
EXT-09552,9551,MULTISTAGE_50E,MULTISTAGE_50E/S2_TP_z18_C3,10.0,0
EXT-09553,9552,MULTISTAGE_50E,MULTISTAGE_50E/S2_TP_z18_C3,11.0,0
EXT-09554,9553,MULTISTAGE_50E,MULTISTAGE_50E/S2_TP_z18_C3,12.0,0
EXT-09555,9554,MULTISTAGE_50E,MULTISTAGE_50E/S2_TP_z18_C3,13.0,0
EXT-09556,9555,MULTISTAGE_50E,MULTISTAGE_50E/S2_TP_z18_C3,14.0,0
EXT-09557,9556,MULTISTAGE_50E,MULTISTAGE_50E/S2_TP_z18_C3,15.0,0
EXT-09558,9557,MULTISTAGE_50E,MULTISTAGE_50E/S2_TP_z18_C3,16.0,0
EXT-09559,9558,MULTISTAGE_50E,MULTISTAGE_50E/S2_TP_z19_C1,5.0,0
EXT-09560,9559,MULTISTAGE_50E,MULTISTAGE_50E/S2_TP_z19_C1,6.0,0
EXT-09561,9560,MULTISTAGE_50E,MULTISTAGE_50E/S2_TP_z19_C1,7.0,0
EXT-09562,9561,MULTISTAGE_50E,MULTISTAGE_50E/S2_TP_z19_C1,8.0,0
EXT-09563,9562,MULTISTAGE_50E,MULTISTAGE_50E/S2_TP_z19_C1,9.0,0
EXT-09564,9563,MULTISTAGE_50E,MULTISTAGE_50E/S2_TP_z19_C1,10.0,0
EXT-09565,9564,MULTISTAGE_50E,MULTISTAGE_50E/S2_TP_z19_C1,11.0,0
EXT-09566,9565,MULTISTAGE_50E,MULTISTAGE_50E/S2_TP_z19_C1,12.0,0
EXT-09567,9566,MULTISTAGE_50E,MULTISTAGE_50E/S2_TP_z19_C1,13.0,0
EXT-09568,9567,MULTISTAGE_50E,MULTISTAGE_50E/S2_TP_z19_C1,14.0,0
EXT-09569,9568,MULTISTAGE_50E,MULTISTAGE_50E/S2_TP_z19_C1,15.0,0
EXT-09570,9569,MULTISTAGE_50E,MULTISTAGE_50E/S2_TP_z19_C1,16.0,0
EXT-09571,9570,MULTISTAGE_50E,MULTISTAGE_50E/S2_TP_z19_C2,5.0,0
EXT-09572,9571,MULTISTAGE_50E,MULTISTAGE_50E/S2_TP_z19_C2,6.0,0
EXT-09573,9572,MULTISTAGE_50E,MULTISTAGE_50E/S2_TP_z19_C2,7.0,0
EXT-09574,9573,MULTISTAGE_50E,MULTISTAGE_50E/S2_TP_z19_C2,8.0,0
EXT-09575,9574,MULTISTAGE_50E,MULTISTAGE_50E/S2_TP_z19_C2,9.0,0
EXT-09576,9575,MULTISTAGE_50E,MULTISTAGE_50E/S2_TP_z19_C2,10.0,0
EXT-09577,9576,MULTISTAGE_50E,MULTISTAGE_50E/S2_TP_z19_C2,11.0,0
EXT-09578,9577,MULTISTAGE_50E,MULTISTAGE_50E/S2_TP_z19_C2,12.0,0
EXT-09579,9578,MULTISTAGE_50E,MULTISTAGE_50E/S2_TP_z19_C2,13.0,0
EXT-09580,9579,MULTISTAGE_50E,MULTISTAGE_50E/S2_TP_z19_C2,14.0,0
EXT-09581,9580,MULTISTAGE_50E,MULTISTAGE_50E/S2_TP_z19_C2,15.0,0
EXT-09582,9581,MULTISTAGE_50E,MULTISTAGE_50E/S2_TP_z19_C2,16.0,0
EXT-09583,9582,MULTISTAGE_50E,MULTISTAGE_50E/S2_TP_z19_C3,5.0,0
EXT-09584,9583,MULTISTAGE_50E,MULTISTAGE_50E/S2_TP_z19_C3,6.0,0
EXT-09585,9584,MULTISTAGE_50E,MULTISTAGE_50E/S2_TP_z19_C3,7.0,0
EXT-09586,9585,MULTISTAGE_50E,MULTISTAGE_50E/S2_TP_z19_C3,8.0,0
EXT-09587,9586,MULTISTAGE_50E,MULTISTAGE_50E/S2_TP_z19_C3,9.0,0
EXT-09588,9587,MULTISTAGE_50E,MULTISTAGE_50E/S2_TP_z19_C3,10.0,0
EXT-09589,9588,MULTISTAGE_50E,MULTISTAGE_50E/S2_TP_z19_C3,11.0,0
EXT-09590,9589,MULTISTAGE_50E,MULTISTAGE_50E/S2_TP_z19_C3,12.0,0
EXT-09591,9590,MULTISTAGE_50E,MULTISTAGE_50E/S2_TP_z19_C3,13.0,0
EXT-09592,9591,MULTISTAGE_50E,MULTISTAGE_50E/S2_TP_z19_C3,14.0,0
EXT-09593,9592,MULTISTAGE_50E,MULTISTAGE_50E/S2_TP_z19_C3,15.0,0
EXT-09594,9593,MULTISTAGE_50E,MULTISTAGE_50E/S2_TP_z19_C3,16.0,0
EXT-09595,9594,MULTISTAGE_50E,MULTISTAGE_50E/S2_TP_z20_C1,5.0,0
EXT-09596,9595,MULTISTAGE_50E,MULTISTAGE_50E/S2_TP_z20_C1,6.0,0
EXT-09597,9596,MULTISTAGE_50E,MULTISTAGE_50E/S2_TP_z20_C1,7.0,0
EXT-09598,9597,MULTISTAGE_50E,MULTISTAGE_50E/S2_TP_z20_C3,5.0,0
EXT-09599,9598,MULTISTAGE_50E,MULTISTAGE_50E/S2_TP_z20_C3,6.0,0
EXT-09600,9599,MULTISTAGE_50E,MULTISTAGE_50E/S2_TP_z20_C3,7.0,0
EXT-09601,9600,MULTISTAGE_50E,MULTISTAGE_50E/S2_TP_z21_C1,5.0,0
EXT-09602,9601,MULTISTAGE_50E,MULTISTAGE_50E/S2_TP_z21_C1,6.0,0
EXT-09603,9602,MULTISTAGE_50E,MULTISTAGE_50E/S2_TP_z21_C1,7.0,0
EXT-09604,9603,MULTISTAGE_50E,MULTISTAGE_50E/S2_TP_z21_C1,8.0,0
EXT-09605,9604,MULTISTAGE_50E,MULTISTAGE_50E/S2_TP_z21_C1,9.0,0
EXT-09606,9605,MULTISTAGE_50E,MULTISTAGE_50E/S2_TP_z21_C1,10.0,0
EXT-09607,9606,MULTISTAGE_50E,MULTISTAGE_50E/S2_TP_z21_C1,11.0,0
EXT-09608,9607,MULTISTAGE_50E,MULTISTAGE_50E/S2_TP_z21_C1,12.0,0
EXT-09609,9608,MULTISTAGE_50E,MULTISTAGE_50E/S2_TP_z21_C1,13.0,0
EXT-09610,9609,MULTISTAGE_50E,MULTISTAGE_50E/S2_TP_z21_C1,14.0,0
EXT-09611,9610,MULTISTAGE_50E,MULTISTAGE_50E/S2_TP_z21_C1,15.0,0
EXT-09612,9611,MULTISTAGE_50E,MULTISTAGE_50E/S2_TP_z21_C1,16.0,0
EXT-09613,9612,MULTISTAGE_50E,MULTISTAGE_50E/S2_TP_z21_C2,5.0,0
EXT-09614,9613,MULTISTAGE_50E,MULTISTAGE_50E/S2_TP_z21_C2,6.0,0
EXT-09615,9614,MULTISTAGE_50E,MULTISTAGE_50E/S2_TP_z21_C2,7.0,0
EXT-09616,9615,MULTISTAGE_50E,MULTISTAGE_50E/S2_TP_z21_C2,8.0,0
EXT-09617,9616,MULTISTAGE_50E,MULTISTAGE_50E/S2_TP_z21_C2,9.0,0
EXT-09618,9617,MULTISTAGE_50E,MULTISTAGE_50E/S2_TP_z21_C2,10.0,0
EXT-09619,9618,MULTISTAGE_50E,MULTISTAGE_50E/S2_TP_z21_C2,11.0,0
EXT-09620,9619,MULTISTAGE_50E,MULTISTAGE_50E/S2_TP_z21_C2,12.0,0
EXT-09621,9620,MULTISTAGE_50E,MULTISTAGE_50E/S2_TP_z21_C2,13.0,0
EXT-09622,9621,MULTISTAGE_50E,MULTISTAGE_50E/S2_TP_z21_C2,14.0,0
EXT-09623,9622,MULTISTAGE_50E,MULTISTAGE_50E/S2_TP_z21_C2,15.0,0
EXT-09624,9623,MULTISTAGE_50E,MULTISTAGE_50E/S2_TP_z21_C2,16.0,0
EXT-09625,9624,MULTISTAGE_50E,MULTISTAGE_50E/S2_TP_z21_C3,5.0,0
EXT-09626,9625,MULTISTAGE_50E,MULTISTAGE_50E/S2_TP_z21_C3,6.0,0
EXT-09627,9626,MULTISTAGE_50E,MULTISTAGE_50E/S2_TP_z21_C3,7.0,0
EXT-09628,9627,MULTISTAGE_50E,MULTISTAGE_50E/S2_TP_z21_C3,8.0,0
EXT-09629,9628,MULTISTAGE_50E,MULTISTAGE_50E/S2_TP_z21_C3,9.0,0
EXT-09630,9629,MULTISTAGE_50E,MULTISTAGE_50E/S2_TP_z21_C3,10.0,0
EXT-09631,9630,MULTISTAGE_50E,MULTISTAGE_50E/S2_TP_z21_C3,11.0,0
EXT-09632,9631,MULTISTAGE_50E,MULTISTAGE_50E/S2_TP_z21_C3,12.0,0
EXT-09633,9632,MULTISTAGE_50E,MULTISTAGE_50E/S2_TP_z21_C3,13.0,0
EXT-09634,9633,MULTISTAGE_50E,MULTISTAGE_50E/S2_TP_z21_C3,14.0,0
EXT-09635,9634,MULTISTAGE_50E,MULTISTAGE_50E/S2_TP_z21_C3,15.0,0
EXT-09636,9635,MULTISTAGE_50E,MULTISTAGE_50E/S2_TP_z21_C3,16.0,0
EXT-09637,9636,MULTISTAGE_50E,MULTISTAGE_50E/S2_TP_z22_C1,5.0,0
EXT-09638,9637,MULTISTAGE_50E,MULTISTAGE_50E/S2_TP_z22_C1,6.0,0
EXT-09639,9638,MULTISTAGE_50E,MULTISTAGE_50E/S2_TP_z22_C1,7.0,0
EXT-09640,9639,MULTISTAGE_50E,MULTISTAGE_50E/S2_TP_z22_C1,8.0,0
EXT-09641,9640,MULTISTAGE_50E,MULTISTAGE_50E/S2_TP_z22_C1,9.0,0
EXT-09642,9641,MULTISTAGE_50E,MULTISTAGE_50E/S2_TP_z22_C1,10.0,0
EXT-09643,9642,MULTISTAGE_50E,MULTISTAGE_50E/S2_TP_z22_C1,11.0,0
EXT-09644,9643,MULTISTAGE_50E,MULTISTAGE_50E/S2_TP_z22_C1,12.0,0
EXT-09645,9644,MULTISTAGE_50E,MULTISTAGE_50E/S2_TP_z22_C1,13.0,0
EXT-09646,9645,MULTISTAGE_50E,MULTISTAGE_50E/S2_TP_z22_C1,14.0,0
EXT-09647,9646,MULTISTAGE_50E,MULTISTAGE_50E/S2_TP_z22_C1,15.0,0
EXT-09648,9647,MULTISTAGE_50E,MULTISTAGE_50E/S2_TP_z22_C1,16.0,0
EXT-09649,9648,MULTISTAGE_50E,MULTISTAGE_50E/S2_TP_z22_C2,5.0,0
EXT-09650,9649,MULTISTAGE_50E,MULTISTAGE_50E/S2_TP_z22_C2,6.0,0
EXT-09651,9650,MULTISTAGE_50E,MULTISTAGE_50E/S2_TP_z22_C2,7.0,0
EXT-09652,9651,MULTISTAGE_50E,MULTISTAGE_50E/S2_TP_z22_C2,8.0,0
EXT-09653,9652,MULTISTAGE_50E,MULTISTAGE_50E/S2_TP_z22_C2,9.0,0
EXT-09654,9653,MULTISTAGE_50E,MULTISTAGE_50E/S2_TP_z22_C2,10.0,0
EXT-09655,9654,MULTISTAGE_50E,MULTISTAGE_50E/S2_TP_z22_C2,11.0,0
EXT-09656,9655,MULTISTAGE_50E,MULTISTAGE_50E/S2_TP_z22_C2,12.0,0
EXT-09657,9656,MULTISTAGE_50E,MULTISTAGE_50E/S2_TP_z22_C2,13.0,0
EXT-09658,9657,MULTISTAGE_50E,MULTISTAGE_50E/S2_TP_z22_C2,14.0,0
EXT-09659,9658,MULTISTAGE_50E,MULTISTAGE_50E/S2_TP_z22_C2,15.0,0
EXT-09660,9659,MULTISTAGE_50E,MULTISTAGE_50E/S2_TP_z22_C2,16.0,0
EXT-09661,9660,MULTISTAGE_50E,MULTISTAGE_50E/S2_TP_z22_C3,5.0,0
EXT-09662,9661,MULTISTAGE_50E,MULTISTAGE_50E/S2_TP_z22_C3,6.0,0
EXT-09663,9662,MULTISTAGE_50E,MULTISTAGE_50E/S2_TP_z22_C3,7.0,0
EXT-09664,9663,MULTISTAGE_50E,MULTISTAGE_50E/S2_TP_z22_C3,8.0,0
EXT-09665,9664,MULTISTAGE_50E,MULTISTAGE_50E/S2_TP_z22_C3,9.0,0
EXT-09666,9665,MULTISTAGE_50E,MULTISTAGE_50E/S2_TP_z22_C3,10.0,0
EXT-09667,9666,MULTISTAGE_50E,MULTISTAGE_50E/S2_TP_z22_C3,11.0,0
EXT-09668,9667,MULTISTAGE_50E,MULTISTAGE_50E/S2_TP_z22_C3,12.0,0
EXT-09669,9668,MULTISTAGE_50E,MULTISTAGE_50E/S2_TP_z22_C3,13.0,0
EXT-09670,9669,MULTISTAGE_50E,MULTISTAGE_50E/S2_TP_z22_C3,14.0,0
EXT-09671,9670,MULTISTAGE_50E,MULTISTAGE_50E/S2_TP_z22_C3,15.0,0
EXT-09672,9671,MULTISTAGE_50E,MULTISTAGE_50E/S2_TP_z22_C3,16.0,0
EXT-09673,9672,MULTISTAGE_50E,MULTISTAGE_50E/S2_TP_z23_C2,5.0,0
EXT-09674,9673,MULTISTAGE_50E,MULTISTAGE_50E/S2_TP_z23_C3,5.0,0
EXT-09675,9674,MULTISTAGE_50E,MULTISTAGE_50E/S2_TP_z23_C3,6.0,0
EXT-09676,9675,MULTISTAGE_50E,MULTISTAGE_50E/S2_TP_z23_C3,7.0,0
EXT-09677,9676,MULTISTAGE_50E,MULTISTAGE_50E/S2_TP_z24_C1,5.0,0
EXT-09678,9677,MULTISTAGE_50E,MULTISTAGE_50E/S2_TP_z24_C1,6.0,0
EXT-09679,9678,MULTISTAGE_50E,MULTISTAGE_50E/S2_TP_z24_C1,7.0,0
EXT-09680,9679,MULTISTAGE_50E,MULTISTAGE_50E/S2_TP_z24_C1,8.0,0
EXT-09681,9680,MULTISTAGE_50E,MULTISTAGE_50E/S2_TP_z24_C1,9.0,0
EXT-09682,9681,MULTISTAGE_50E,MULTISTAGE_50E/S2_TP_z24_C1,10.0,0
EXT-09683,9682,MULTISTAGE_50E,MULTISTAGE_50E/S2_TP_z24_C1,11.0,0
EXT-09684,9683,MULTISTAGE_50E,MULTISTAGE_50E/S2_TP_z24_C1,12.0,0
EXT-09685,9684,MULTISTAGE_50E,MULTISTAGE_50E/S2_TP_z24_C1,13.0,0
EXT-09686,9685,MULTISTAGE_50E,MULTISTAGE_50E/S2_TP_z24_C1,14.0,0
EXT-09687,9686,MULTISTAGE_50E,MULTISTAGE_50E/S2_TP_z24_C1,15.0,0
EXT-09688,9687,MULTISTAGE_50E,MULTISTAGE_50E/S2_TP_z24_C1,16.0,0
EXT-09689,9688,MULTISTAGE_50E,MULTISTAGE_50E/S2_TP_z24_C2,5.0,0
EXT-09690,9689,MULTISTAGE_50E,MULTISTAGE_50E/S2_TP_z24_C2,6.0,0
EXT-09691,9690,MULTISTAGE_50E,MULTISTAGE_50E/S2_TP_z24_C2,7.0,0
EXT-09692,9691,MULTISTAGE_50E,MULTISTAGE_50E/S2_TP_z24_C2,8.0,0
EXT-09693,9692,MULTISTAGE_50E,MULTISTAGE_50E/S2_TP_z24_C2,9.0,0
EXT-09694,9693,MULTISTAGE_50E,MULTISTAGE_50E/S2_TP_z24_C2,10.0,0
EXT-09695,9694,MULTISTAGE_50E,MULTISTAGE_50E/S2_TP_z24_C2,11.0,0
EXT-09696,9695,MULTISTAGE_50E,MULTISTAGE_50E/S2_TP_z24_C2,12.0,0
EXT-09697,9696,MULTISTAGE_50E,MULTISTAGE_50E/S2_TP_z24_C2,13.0,0
EXT-09698,9697,MULTISTAGE_50E,MULTISTAGE_50E/S2_TP_z24_C2,14.0,0
EXT-09699,9698,MULTISTAGE_50E,MULTISTAGE_50E/S2_TP_z24_C2,15.0,0
EXT-09700,9699,MULTISTAGE_50E,MULTISTAGE_50E/S2_TP_z24_C2,16.0,0
EXT-09701,9700,MULTISTAGE_50E,MULTISTAGE_50E/S2_TP_z24_C3,5.0,0
EXT-09702,9701,MULTISTAGE_50E,MULTISTAGE_50E/S2_TP_z24_C3,6.0,0
EXT-09703,9702,MULTISTAGE_50E,MULTISTAGE_50E/S2_TP_z24_C3,7.0,0
EXT-09704,9703,MULTISTAGE_50E,MULTISTAGE_50E/S2_TP_z24_C3,8.0,0
EXT-09705,9704,MULTISTAGE_50E,MULTISTAGE_50E/S2_TP_z24_C3,9.0,0
EXT-09706,9705,MULTISTAGE_50E,MULTISTAGE_50E/S2_TP_z24_C3,10.0,0
EXT-09707,9706,MULTISTAGE_50E,MULTISTAGE_50E/S2_TP_z24_C3,11.0,0
EXT-09708,9707,MULTISTAGE_50E,MULTISTAGE_50E/S2_TP_z24_C3,12.0,0
EXT-09709,9708,MULTISTAGE_50E,MULTISTAGE_50E/S2_TP_z24_C3,13.0,0
EXT-09710,9709,MULTISTAGE_50E,MULTISTAGE_50E/S2_TP_z24_C3,14.0,0
EXT-09711,9710,MULTISTAGE_50E,MULTISTAGE_50E/S2_TP_z24_C3,15.0,0
EXT-09712,9711,MULTISTAGE_50E,MULTISTAGE_50E/S2_TP_z24_C3,16.0,0
