domain,cell_id,method,mae,records
AMPERE_A123_LFP,AMPERE_A123_LFP/Cell1a,protected_state,0.12900415079596786,27
AMPERE_A123_LFP,AMPERE_A123_LFP/Cell1b,protected_state,0.1889676543526018,29
AMPERE_A123_LFP,AMPERE_A123_LFP/Cell1c,protected_state,0.13770463247049283,28
AMPERE_A123_LFP,AMPERE_A123_LFP/Cell2a,protected_state,0.1749303735561502,28
AMPERE_A123_LFP,AMPERE_A123_LFP/Cell2b,protected_state,0.1904679227853638,29
AMPERE_A123_LFP,AMPERE_A123_LFP/Cell2c,protected_state,0.16209514733671054,28
AMPERE_A123_LFP,AMPERE_A123_LFP/Cell3a,protected_state,0.20141284641970117,35
AMPERE_A123_LFP,AMPERE_A123_LFP/Cell3b,protected_state,0.19300100427414976,36
AMPERE_A123_LFP,AMPERE_A123_LFP/Cell4a,protected_state,0.18788316404692193,39
AMPERE_A123_LFP,AMPERE_A123_LFP/Cell4b,protected_state,0.2615937257468167,41
AMPERE_A123_LFP,AMPERE_A123_LFP/Cell4c,protected_state,0.2176653277699041,40
AMPERE_A123_LFP,AMPERE_A123_LFP/Cell5a,protected_state,0.22283533760564858,38
AMPERE_A123_LFP,AMPERE_A123_LFP/Cell5b,protected_state,0.19318573920131185,37
AMPERE_A123_LFP,AMPERE_A123_LFP/Cell5c,protected_state,0.1933677934026893,37
AMPERE_A123_LFP,AMPERE_A123_LFP/Cell6a,protected_state,0.29147060794152607,59
AMPERE_A123_LFP,AMPERE_A123_LFP/Cell6b,protected_state,0.22354830907503576,62
AMPERE_A123_LFP,AMPERE_A123_LFP/Cell6c,protected_state,0.24188185687483335,62
AMPERE_A123_LFP,AMPERE_A123_LFP/Cell7a,protected_state,0.3642683715764086,28
AMPERE_A123_LFP,AMPERE_A123_LFP/Cell7b,protected_state,0.272536370882255,30
AMPERE_A123_LFP,AMPERE_A123_LFP/Cell7c,protected_state,0.2965081740183824,30
IMPERIAL_M50T,IMPERIAL_M50T/Expt 1 - Si-based Degradation/cell_A,protected_state,0.07745380366219838,9
IMPERIAL_M50T,IMPERIAL_M50T/Expt 1 - Si-based Degradation/cell_B,protected_state,0.11832344975904507,9
IMPERIAL_M50T,IMPERIAL_M50T/Expt 1 - Si-based Degradation/cell_D,protected_state,0.07469894021579879,8
IMPERIAL_M50T,IMPERIAL_M50T/Expt 1 - Si-based Degradation/cell_E,protected_state,0.07268779579431271,9
IMPERIAL_M50T,IMPERIAL_M50T/Expt 1 - Si-based Degradation/cell_F,protected_state,0.11061188916173888,9
IMPERIAL_M50T,IMPERIAL_M50T/Expt 1 - Si-based Degradation/cell_J,protected_state,0.06338008557519534,5
IMPERIAL_M50T,IMPERIAL_M50T/Expt 1 - Si-based Degradation/cell_K,protected_state,0.07377311010855767,5
IMPERIAL_M50T,IMPERIAL_M50T/Expt 1 - Si-based Degradation/cell_L,protected_state,0.07666512665365517,5
IMPERIAL_M50T,IMPERIAL_M50T/Expt 1 - Si-based Degradation/cell_M,protected_state,0.08047072362385263,5
IMPERIAL_M50T,"IMPERIAL_M50T/Expt 2,2 - C-based Degradation 2/cell_A",protected_state,0.2873455448890369,8
IMPERIAL_M50T,"IMPERIAL_M50T/Expt 2,2 - C-based Degradation 2/cell_B",protected_state,0.30699582878882026,8
IMPERIAL_M50T,"IMPERIAL_M50T/Expt 2,2 - C-based Degradation 2/cell_C",protected_state,0.2513068557957032,8
IMPERIAL_M50T,"IMPERIAL_M50T/Expt 2,2 - C-based Degradation 2/cell_D",protected_state,0.2482985462909637,8
IMPERIAL_M50T,"IMPERIAL_M50T/Expt 2,2 - C-based Degradation 2/cell_E",protected_state,0.22143484735954339,8
IMPERIAL_M50T,"IMPERIAL_M50T/Expt 2,2 - C-based Degradation 2/cell_F",protected_state,0.2197276080479499,8
IMPERIAL_M50T,IMPERIAL_M50T/Expt 3 - Cathode Degradation and Li-Plating/cell_A,protected_state,0.4607221876286327,5
IMPERIAL_M50T,IMPERIAL_M50T/Expt 3 - Cathode Degradation and Li-Plating/cell_B,protected_state,0.4707786458523751,5
IMPERIAL_M50T,IMPERIAL_M50T/Expt 3 - Cathode Degradation and Li-Plating/cell_C,protected_state,0.47638896973151973,5
IMPERIAL_M50T,IMPERIAL_M50T/Expt 3 - Cathode Degradation and Li-Plating/cell_D,protected_state,0.3388973312288764,6
IMPERIAL_M50T,IMPERIAL_M50T/Expt 3 - Cathode Degradation and Li-Plating/cell_E,protected_state,0.3004399799266351,6
IMPERIAL_M50T,IMPERIAL_M50T/Expt 3 - Cathode Degradation and Li-Plating/cell_F,protected_state,0.3309551237386034,6
IMPERIAL_M50T,IMPERIAL_M50T/Expt 3 - Cathode Degradation and Li-Plating/cell_G,protected_state,0.22419465746442743,6
IMPERIAL_M50T,IMPERIAL_M50T/Expt 3 - Cathode Degradation and Li-Plating/cell_H,protected_state,0.21807365440078216,7
IMPERIAL_M50T,IMPERIAL_M50T/Expt 3 - Cathode Degradation and Li-Plating/cell_I,protected_state,0.21116360191638125,7
IMPERIAL_M50T,IMPERIAL_M50T/Expt 4 - Drive Cycle Aging (Control)/cell_A,protected_state,0.3218954629880155,4
IMPERIAL_M50T,IMPERIAL_M50T/Expt 4 - Drive Cycle Aging (Control)/cell_B,protected_state,0.2113595011965043,4
IMPERIAL_M50T,IMPERIAL_M50T/Expt 4 - Drive Cycle Aging (Control)/cell_C,protected_state,0.19032970672911456,4
IMPERIAL_M50T,IMPERIAL_M50T/Expt 4 - Drive Cycle Aging (Control)/cell_D,protected_state,0.24811440179841757,4
IMPERIAL_M50T,IMPERIAL_M50T/Expt 4 - Drive Cycle Aging (Control)/cell_E,protected_state,0.24791310886750653,4
IMPERIAL_M50T,IMPERIAL_M50T/Expt 4 - Drive Cycle Aging (Control)/cell_F,protected_state,0.23876409389736974,4
IMPERIAL_M50T,IMPERIAL_M50T/Expt 4 - Drive Cycle Aging (Control)/cell_G,protected_state,0.22884603396127814,4
IMPERIAL_M50T,IMPERIAL_M50T/Expt 4 - Drive Cycle Aging (Control)/cell_H,protected_state,0.23067101998374664,4
IMPERIAL_M50T,IMPERIAL_M50T/Expt 5 - Standard Cycle Aging (Control)/cell_A,protected_state,0.20350175970380244,9
IMPERIAL_M50T,IMPERIAL_M50T/Expt 5 - Standard Cycle Aging (Control)/cell_B,protected_state,0.23550661807669934,9
IMPERIAL_M50T,IMPERIAL_M50T/Expt 5 - Standard Cycle Aging (Control)/cell_C,protected_state,0.20859709595508738,9
IMPERIAL_M50T,IMPERIAL_M50T/Expt 5 - Standard Cycle Aging (Control)/cell_D,protected_state,0.20875155998391448,9
IMPERIAL_M50T,IMPERIAL_M50T/Expt 5 - Standard Cycle Aging (Control)/cell_E,protected_state,0.20550983211704738,9
IMPERIAL_M50T,IMPERIAL_M50T/Expt 5 - Standard Cycle Aging (Control)/cell_F,protected_state,0.15454372680431674,9
IMPERIAL_M50T,IMPERIAL_M50T/Expt 5 - Standard Cycle Aging (Control)/cell_G,protected_state,0.14957728412909296,9
IMPERIAL_M50T,IMPERIAL_M50T/Expt 5 - Standard Cycle Aging (Control)/cell_H,protected_state,0.14788672148239165,9
ISU_ILCC_NMC,ISU_ILCC_NMC/G10C1,protected_state,0.1029266644810819,12
ISU_ILCC_NMC,ISU_ILCC_NMC/G10C2,protected_state,0.08292213531825926,15
ISU_ILCC_NMC,ISU_ILCC_NMC/G10C3,protected_state,0.13565582394149275,12
ISU_ILCC_NMC,ISU_ILCC_NMC/G10C4,protected_state,0.11857535793595378,26
ISU_ILCC_NMC,ISU_ILCC_NMC/G12C1,protected_state,0.1343988661406296,14
ISU_ILCC_NMC,ISU_ILCC_NMC/G12C2,protected_state,0.1461853954457981,5
ISU_ILCC_NMC,ISU_ILCC_NMC/G12C3,protected_state,0.09155054868588201,12
ISU_ILCC_NMC,ISU_ILCC_NMC/G12C4,protected_state,0.14899796702981186,23
ISU_ILCC_NMC,ISU_ILCC_NMC/G13C1,protected_state,0.07696625810797669,11
ISU_ILCC_NMC,ISU_ILCC_NMC/G13C2,protected_state,0.1156598473984871,21
ISU_ILCC_NMC,ISU_ILCC_NMC/G13C3,protected_state,0.08376217621958539,11
ISU_ILCC_NMC,ISU_ILCC_NMC/G13C4,protected_state,0.11599873356219015,11
ISU_ILCC_NMC,ISU_ILCC_NMC/G14C1,protected_state,0.05249918782873386,1
ISU_ILCC_NMC,ISU_ILCC_NMC/G16C1,protected_state,0.15567983448071707,12
ISU_ILCC_NMC,ISU_ILCC_NMC/G16C2,protected_state,0.10537087409346041,12
ISU_ILCC_NMC,ISU_ILCC_NMC/G16C3,protected_state,0.15010014798564691,12
ISU_ILCC_NMC,ISU_ILCC_NMC/G16C4,protected_state,0.15068785779021024,12
ISU_ILCC_NMC,ISU_ILCC_NMC/G17C1,protected_state,0.14008036413467678,14
ISU_ILCC_NMC,ISU_ILCC_NMC/G17C2,protected_state,0.0826668408249983,12
ISU_ILCC_NMC,ISU_ILCC_NMC/G17C3,protected_state,0.07972689572094592,14
ISU_ILCC_NMC,ISU_ILCC_NMC/G17C4,protected_state,0.0799843850146951,10
ISU_ILCC_NMC,ISU_ILCC_NMC/G18C1,protected_state,0.17150545070334267,68
ISU_ILCC_NMC,ISU_ILCC_NMC/G18C2,protected_state,0.13028706518086314,18
ISU_ILCC_NMC,ISU_ILCC_NMC/G18C3,protected_state,0.1319317227604041,18
ISU_ILCC_NMC,ISU_ILCC_NMC/G18C4,protected_state,0.15031557051566258,16
ISU_ILCC_NMC,ISU_ILCC_NMC/G19C1,protected_state,0.08960806659348128,7
ISU_ILCC_NMC,ISU_ILCC_NMC/G19C2,protected_state,0.08229535649481487,5
ISU_ILCC_NMC,ISU_ILCC_NMC/G19C3,protected_state,0.08213386828904186,8
ISU_ILCC_NMC,ISU_ILCC_NMC/G19C4,protected_state,0.16027321868886357,1
ISU_ILCC_NMC,ISU_ILCC_NMC/G1C1,protected_state,0.11045580768282083,47
ISU_ILCC_NMC,ISU_ILCC_NMC/G1C2,protected_state,0.1275769568809244,57
ISU_ILCC_NMC,ISU_ILCC_NMC/G1C3,protected_state,0.11868469654594581,63
ISU_ILCC_NMC,ISU_ILCC_NMC/G1C4,protected_state,0.08247225565677464,26
ISU_ILCC_NMC,ISU_ILCC_NMC/G20C1,protected_state,0.17606321830769878,4
ISU_ILCC_NMC,ISU_ILCC_NMC/G20C2,protected_state,0.1337571246339809,5
ISU_ILCC_NMC,ISU_ILCC_NMC/G20C3,protected_state,0.18807483267744934,11
ISU_ILCC_NMC,ISU_ILCC_NMC/G20C4,protected_state,0.14890314192159657,11
ISU_ILCC_NMC,ISU_ILCC_NMC/G21C1,protected_state,0.1584847481957852,7
ISU_ILCC_NMC,ISU_ILCC_NMC/G21C2,protected_state,0.15913573157686878,13
ISU_ILCC_NMC,ISU_ILCC_NMC/G21C3,protected_state,0.1519535464280015,9
ISU_ILCC_NMC,ISU_ILCC_NMC/G21C4,protected_state,0.16629024219741484,8
ISU_ILCC_NMC,ISU_ILCC_NMC/G22C1,protected_state,0.151982358672115,7
ISU_ILCC_NMC,ISU_ILCC_NMC/G22C2,protected_state,0.28146103941352224,4
ISU_ILCC_NMC,ISU_ILCC_NMC/G22C3,protected_state,0.15753117169909775,8
ISU_ILCC_NMC,ISU_ILCC_NMC/G22C4,protected_state,0.16723129767138611,6
ISU_ILCC_NMC,ISU_ILCC_NMC/G23C1,protected_state,0.17758529030626624,8
ISU_ILCC_NMC,ISU_ILCC_NMC/G23C2,protected_state,0.14055874793964987,9
ISU_ILCC_NMC,ISU_ILCC_NMC/G23C3,protected_state,0.16917620150918614,7
ISU_ILCC_NMC,ISU_ILCC_NMC/G23C4,protected_state,0.14120236856175317,9
ISU_ILCC_NMC,ISU_ILCC_NMC/G24C1,protected_state,0.12197024390232704,7
ISU_ILCC_NMC,ISU_ILCC_NMC/G24C2,protected_state,0.13689862580329548,9
ISU_ILCC_NMC,ISU_ILCC_NMC/G24C3,protected_state,0.16076977823334868,6
ISU_ILCC_NMC,ISU_ILCC_NMC/G24C4,protected_state,0.15812065450553645,7
ISU_ILCC_NMC,ISU_ILCC_NMC/G25C1,protected_state,0.13030438677827508,9
ISU_ILCC_NMC,ISU_ILCC_NMC/G25C2,protected_state,0.10693186637614312,10
ISU_ILCC_NMC,ISU_ILCC_NMC/G25C3,protected_state,0.23332490206031192,18
ISU_ILCC_NMC,ISU_ILCC_NMC/G25C4,protected_state,0.19646543823630233,41
ISU_ILCC_NMC,ISU_ILCC_NMC/G26C1,protected_state,0.05612750750689701,23
ISU_ILCC_NMC,ISU_ILCC_NMC/G26C2,protected_state,0.10408099126828858,41
ISU_ILCC_NMC,ISU_ILCC_NMC/G26C3,protected_state,0.08280681670559688,59
ISU_ILCC_NMC,ISU_ILCC_NMC/G26C4,protected_state,0.080147912728793,33
ISU_ILCC_NMC,ISU_ILCC_NMC/G27C1,protected_state,0.1859543456202482,18
ISU_ILCC_NMC,ISU_ILCC_NMC/G27C2,protected_state,0.24019576358565078,18
ISU_ILCC_NMC,ISU_ILCC_NMC/G27C3,protected_state,0.15645174001992368,10
ISU_ILCC_NMC,ISU_ILCC_NMC/G27C4,protected_state,0.21010818311248391,18
ISU_ILCC_NMC,ISU_ILCC_NMC/G28C1,protected_state,0.13425233982773355,7
ISU_ILCC_NMC,ISU_ILCC_NMC/G28C2,protected_state,0.16630811043768232,10
ISU_ILCC_NMC,ISU_ILCC_NMC/G28C3,protected_state,0.12065169302870879,10
ISU_ILCC_NMC,ISU_ILCC_NMC/G28C4,protected_state,0.21520501992823649,5
ISU_ILCC_NMC,ISU_ILCC_NMC/G29C1,protected_state,0.15854511991580353,9
ISU_ILCC_NMC,ISU_ILCC_NMC/G29C2,protected_state,0.15618293633724642,18
ISU_ILCC_NMC,ISU_ILCC_NMC/G29C3,protected_state,0.15155579398503555,13
ISU_ILCC_NMC,ISU_ILCC_NMC/G29C4,protected_state,0.13835934019155877,10
ISU_ILCC_NMC,ISU_ILCC_NMC/G2C1,protected_state,0.12477076599860529,21
ISU_ILCC_NMC,ISU_ILCC_NMC/G2C2,protected_state,0.12139777768853209,24
ISU_ILCC_NMC,ISU_ILCC_NMC/G2C3,protected_state,0.09283797710141432,23
ISU_ILCC_NMC,ISU_ILCC_NMC/G2C4,protected_state,0.11326316517918458,23
ISU_ILCC_NMC,ISU_ILCC_NMC/G30C1,protected_state,0.23432822957157706,11
ISU_ILCC_NMC,ISU_ILCC_NMC/G30C2,protected_state,0.15259068736299092,12
ISU_ILCC_NMC,ISU_ILCC_NMC/G30C3,protected_state,0.15542354010663664,18
ISU_ILCC_NMC,ISU_ILCC_NMC/G30C4,protected_state,0.19146077863532923,8
ISU_ILCC_NMC,ISU_ILCC_NMC/G31C1,protected_state,0.15671388790133325,13
ISU_ILCC_NMC,ISU_ILCC_NMC/G31C2,protected_state,0.21678566364536112,11
ISU_ILCC_NMC,ISU_ILCC_NMC/G31C3,protected_state,0.18834700676590882,11
ISU_ILCC_NMC,ISU_ILCC_NMC/G31C4,protected_state,0.23736779274147812,11
ISU_ILCC_NMC,ISU_ILCC_NMC/G32C1,protected_state,0.15488607677879082,20
ISU_ILCC_NMC,ISU_ILCC_NMC/G32C2,protected_state,0.14466711608302688,15
ISU_ILCC_NMC,ISU_ILCC_NMC/G32C3,protected_state,0.1643294972218703,18
ISU_ILCC_NMC,ISU_ILCC_NMC/G32C4,protected_state,0.1247119254020286,16
ISU_ILCC_NMC,ISU_ILCC_NMC/G33C1,protected_state,0.1670340225640147,19
ISU_ILCC_NMC,ISU_ILCC_NMC/G33C2,protected_state,0.16883729601125222,16
ISU_ILCC_NMC,ISU_ILCC_NMC/G33C3,protected_state,0.10694896092298534,21
ISU_ILCC_NMC,ISU_ILCC_NMC/G33C4,protected_state,0.14764044011089494,15
ISU_ILCC_NMC,ISU_ILCC_NMC/G34C1,protected_state,0.1635582131946003,24
ISU_ILCC_NMC,ISU_ILCC_NMC/G34C2,protected_state,0.122957022863181,24
ISU_ILCC_NMC,ISU_ILCC_NMC/G34C3,protected_state,0.17244682987855073,21
ISU_ILCC_NMC,ISU_ILCC_NMC/G34C4,protected_state,0.18567961852231207,24
ISU_ILCC_NMC,ISU_ILCC_NMC/G35C1,protected_state,0.17791307240945922,17
ISU_ILCC_NMC,ISU_ILCC_NMC/G35C2,protected_state,0.1463865785364105,5
ISU_ILCC_NMC,ISU_ILCC_NMC/G35C3,protected_state,0.2039162909517589,10
ISU_ILCC_NMC,ISU_ILCC_NMC/G35C4,protected_state,0.2049067237498228,8
ISU_ILCC_NMC,ISU_ILCC_NMC/G36C1,protected_state,0.2214302202886622,11
ISU_ILCC_NMC,ISU_ILCC_NMC/G36C2,protected_state,0.17898085875518577,13
ISU_ILCC_NMC,ISU_ILCC_NMC/G36C3,protected_state,0.2036639776938413,15
ISU_ILCC_NMC,ISU_ILCC_NMC/G36C4,protected_state,0.164093972801127,4
ISU_ILCC_NMC,ISU_ILCC_NMC/G37C1,protected_state,0.1387598235733334,17
ISU_ILCC_NMC,ISU_ILCC_NMC/G37C2,protected_state,0.12839137649425628,14
ISU_ILCC_NMC,ISU_ILCC_NMC/G37C3,protected_state,0.14497966957772673,13
ISU_ILCC_NMC,ISU_ILCC_NMC/G37C4,protected_state,0.13394510646908392,10
ISU_ILCC_NMC,ISU_ILCC_NMC/G38C1,protected_state,0.23742196382852412,9
ISU_ILCC_NMC,ISU_ILCC_NMC/G38C2,protected_state,0.23128537985612635,7
ISU_ILCC_NMC,ISU_ILCC_NMC/G38C3,protected_state,0.18779779931907636,12
ISU_ILCC_NMC,ISU_ILCC_NMC/G38C4,protected_state,0.2001569577505982,15
ISU_ILCC_NMC,ISU_ILCC_NMC/G39C1,protected_state,0.18006231401443676,10
ISU_ILCC_NMC,ISU_ILCC_NMC/G39C2,protected_state,0.17741631760560575,10
ISU_ILCC_NMC,ISU_ILCC_NMC/G39C3,protected_state,0.21076461892278758,10
ISU_ILCC_NMC,ISU_ILCC_NMC/G39C4,protected_state,0.2198012028573343,13
ISU_ILCC_NMC,ISU_ILCC_NMC/G3C1,protected_state,0.09613302805897363,26
ISU_ILCC_NMC,ISU_ILCC_NMC/G3C2,protected_state,0.10691915656055574,14
ISU_ILCC_NMC,ISU_ILCC_NMC/G3C3,protected_state,0.12347737352854868,23
ISU_ILCC_NMC,ISU_ILCC_NMC/G3C4,protected_state,0.12129434697266481,14
ISU_ILCC_NMC,ISU_ILCC_NMC/G40C1,protected_state,0.15270234753975606,33
ISU_ILCC_NMC,ISU_ILCC_NMC/G40C2,protected_state,0.15053000192608332,28
ISU_ILCC_NMC,ISU_ILCC_NMC/G40C3,protected_state,0.12679685626816706,26
ISU_ILCC_NMC,ISU_ILCC_NMC/G40C4,protected_state,0.19490401860475545,33
ISU_ILCC_NMC,ISU_ILCC_NMC/G41C1,protected_state,0.2405791309487352,30
ISU_ILCC_NMC,ISU_ILCC_NMC/G41C2,protected_state,0.2083638571895172,17
ISU_ILCC_NMC,ISU_ILCC_NMC/G41C3,protected_state,0.23916669015067982,24
ISU_ILCC_NMC,ISU_ILCC_NMC/G41C4,protected_state,0.25215601300379176,24
ISU_ILCC_NMC,ISU_ILCC_NMC/G42C1,protected_state,0.19150512939355968,24
ISU_ILCC_NMC,ISU_ILCC_NMC/G42C2,protected_state,0.19637457496736585,24
ISU_ILCC_NMC,ISU_ILCC_NMC/G42C3,protected_state,0.23148694787222648,19
ISU_ILCC_NMC,ISU_ILCC_NMC/G42C4,protected_state,0.11151963139762058,26
ISU_ILCC_NMC,ISU_ILCC_NMC/G43C1,protected_state,0.20267896936495985,28
ISU_ILCC_NMC,ISU_ILCC_NMC/G43C2,protected_state,0.1877940611800817,20
ISU_ILCC_NMC,ISU_ILCC_NMC/G43C3,protected_state,0.18776100287142578,28
ISU_ILCC_NMC,ISU_ILCC_NMC/G43C4,protected_state,0.20678632597664634,23
ISU_ILCC_NMC,ISU_ILCC_NMC/G44C1,protected_state,0.14836637121834018,13
ISU_ILCC_NMC,ISU_ILCC_NMC/G44C2,protected_state,0.16829375424341475,22
ISU_ILCC_NMC,ISU_ILCC_NMC/G44C3,protected_state,0.12011582756343653,24
ISU_ILCC_NMC,ISU_ILCC_NMC/G44C4,protected_state,0.13911962458768978,21
ISU_ILCC_NMC,ISU_ILCC_NMC/G45C1,protected_state,0.25825716036869906,10
ISU_ILCC_NMC,ISU_ILCC_NMC/G45C2,protected_state,0.31389133467973057,11
ISU_ILCC_NMC,ISU_ILCC_NMC/G45C3,protected_state,0.28137718543931656,11
ISU_ILCC_NMC,ISU_ILCC_NMC/G45C4,protected_state,0.24060504049356263,10
ISU_ILCC_NMC,ISU_ILCC_NMC/G46C1,protected_state,0.25205993938065435,11
ISU_ILCC_NMC,ISU_ILCC_NMC/G46C2,protected_state,0.21947298512891378,11
ISU_ILCC_NMC,ISU_ILCC_NMC/G46C3,protected_state,0.2880063069502204,8
ISU_ILCC_NMC,ISU_ILCC_NMC/G46C4,protected_state,0.2614183935277214,11
ISU_ILCC_NMC,ISU_ILCC_NMC/G47C1,protected_state,0.2175130978726087,10
ISU_ILCC_NMC,ISU_ILCC_NMC/G47C2,protected_state,0.18032818723125776,16
ISU_ILCC_NMC,ISU_ILCC_NMC/G47C3,protected_state,0.1848921172211834,11
ISU_ILCC_NMC,ISU_ILCC_NMC/G47C4,protected_state,0.22846202644052727,10
ISU_ILCC_NMC,ISU_ILCC_NMC/G48C1,protected_state,0.15911882600948113,8
ISU_ILCC_NMC,ISU_ILCC_NMC/G48C2,protected_state,0.2311448289550086,9
ISU_ILCC_NMC,ISU_ILCC_NMC/G48C3,protected_state,0.1784029252395374,11
ISU_ILCC_NMC,ISU_ILCC_NMC/G48C4,protected_state,0.23430156488570514,8
ISU_ILCC_NMC,ISU_ILCC_NMC/G49C1,protected_state,0.08937722721981677,32
ISU_ILCC_NMC,ISU_ILCC_NMC/G49C2,protected_state,0.10613455937777987,32
ISU_ILCC_NMC,ISU_ILCC_NMC/G49C3,protected_state,0.08970184994579908,32
ISU_ILCC_NMC,ISU_ILCC_NMC/G49C4,protected_state,0.11309271174357433,32
ISU_ILCC_NMC,ISU_ILCC_NMC/G4C1,protected_state,0.09884263174409574,21
ISU_ILCC_NMC,ISU_ILCC_NMC/G4C2,protected_state,0.09270268991955205,22
ISU_ILCC_NMC,ISU_ILCC_NMC/G4C3,protected_state,0.0862511594656573,25
ISU_ILCC_NMC,ISU_ILCC_NMC/G4C4,protected_state,0.07075459040656114,16
ISU_ILCC_NMC,ISU_ILCC_NMC/G50C1,protected_state,0.17505056496321328,26
ISU_ILCC_NMC,ISU_ILCC_NMC/G50C2,protected_state,0.2072551115299479,20
ISU_ILCC_NMC,ISU_ILCC_NMC/G50C3,protected_state,0.1069290279170159,30
ISU_ILCC_NMC,ISU_ILCC_NMC/G50C4,protected_state,0.17252730193648647,27
ISU_ILCC_NMC,ISU_ILCC_NMC/G51C1,protected_state,0.17660438935802178,11
ISU_ILCC_NMC,ISU_ILCC_NMC/G51C2,protected_state,0.16714234575599482,12
ISU_ILCC_NMC,ISU_ILCC_NMC/G51C3,protected_state,0.2068999304749019,10
ISU_ILCC_NMC,ISU_ILCC_NMC/G51C4,protected_state,0.18824189088071583,12
ISU_ILCC_NMC,ISU_ILCC_NMC/G52C1,protected_state,0.20065851669140902,21
ISU_ILCC_NMC,ISU_ILCC_NMC/G52C2,protected_state,0.230318221022659,16
ISU_ILCC_NMC,ISU_ILCC_NMC/G52C3,protected_state,0.20385642446137933,16
ISU_ILCC_NMC,ISU_ILCC_NMC/G52C4,protected_state,0.16378994464651808,18
ISU_ILCC_NMC,ISU_ILCC_NMC/G53C1,protected_state,0.44103925311836223,2
ISU_ILCC_NMC,ISU_ILCC_NMC/G53C2,protected_state,0.32126259801790114,3
ISU_ILCC_NMC,ISU_ILCC_NMC/G53C3,protected_state,0.41054275331715817,3
ISU_ILCC_NMC,ISU_ILCC_NMC/G53C4,protected_state,0.23437613056709325,14
ISU_ILCC_NMC,ISU_ILCC_NMC/G54C1,protected_state,0.12644868530386338,25
ISU_ILCC_NMC,ISU_ILCC_NMC/G54C2,protected_state,0.12727395574513536,29
ISU_ILCC_NMC,ISU_ILCC_NMC/G54C3,protected_state,0.12695955817895607,27
ISU_ILCC_NMC,ISU_ILCC_NMC/G54C4,protected_state,0.12754023995426458,23
ISU_ILCC_NMC,ISU_ILCC_NMC/G55C1,protected_state,0.2280027848580807,16
ISU_ILCC_NMC,ISU_ILCC_NMC/G55C2,protected_state,0.20936400709424238,16
ISU_ILCC_NMC,ISU_ILCC_NMC/G55C3,protected_state,0.21090332440275533,14
ISU_ILCC_NMC,ISU_ILCC_NMC/G55C4,protected_state,0.24456159060667249,16
ISU_ILCC_NMC,ISU_ILCC_NMC/G56C1,protected_state,0.18311583258109088,27
ISU_ILCC_NMC,ISU_ILCC_NMC/G56C2,protected_state,0.19705935630609314,25
ISU_ILCC_NMC,ISU_ILCC_NMC/G56C3,protected_state,0.21403639534377294,18
ISU_ILCC_NMC,ISU_ILCC_NMC/G56C4,protected_state,0.19929256222163924,23
ISU_ILCC_NMC,ISU_ILCC_NMC/G57C1,protected_state,0.07840539115779269,31
ISU_ILCC_NMC,ISU_ILCC_NMC/G57C2,protected_state,0.05532765293870048,31
ISU_ILCC_NMC,ISU_ILCC_NMC/G57C3,protected_state,0.10149519949138197,31
ISU_ILCC_NMC,ISU_ILCC_NMC/G57C4,protected_state,0.08766052932755235,31
ISU_ILCC_NMC,ISU_ILCC_NMC/G58C1,protected_state,0.1519405984905787,31
ISU_ILCC_NMC,ISU_ILCC_NMC/G58C2,protected_state,0.23728069208415772,21
ISU_ILCC_NMC,ISU_ILCC_NMC/G58C3,protected_state,0.22657313442959534,25
ISU_ILCC_NMC,ISU_ILCC_NMC/G58C4,protected_state,0.1834235717473549,25
ISU_ILCC_NMC,ISU_ILCC_NMC/G59C1,protected_state,0.13457223428021273,29
ISU_ILCC_NMC,ISU_ILCC_NMC/G59C2,protected_state,0.1463860183003556,27
ISU_ILCC_NMC,ISU_ILCC_NMC/G59C3,protected_state,0.14393161527806372,21
ISU_ILCC_NMC,ISU_ILCC_NMC/G59C4,protected_state,0.16717283565060403,25
ISU_ILCC_NMC,ISU_ILCC_NMC/G5C1,protected_state,0.17993509455929177,9
ISU_ILCC_NMC,ISU_ILCC_NMC/G5C2,protected_state,0.29752058753145694,11
ISU_ILCC_NMC,ISU_ILCC_NMC/G5C3,protected_state,0.10108364097989618,11
ISU_ILCC_NMC,ISU_ILCC_NMC/G5C4,protected_state,0.29544511653359395,5
ISU_ILCC_NMC,ISU_ILCC_NMC/G60C1,protected_state,0.22732778468337264,15
ISU_ILCC_NMC,ISU_ILCC_NMC/G60C2,protected_state,0.1937823793271417,11
ISU_ILCC_NMC,ISU_ILCC_NMC/G60C3,protected_state,0.27260215046752556,10
ISU_ILCC_NMC,ISU_ILCC_NMC/G60C4,protected_state,0.24645893537273378,12
ISU_ILCC_NMC,ISU_ILCC_NMC/G61C2,protected_state,0.1983625337187466,15
ISU_ILCC_NMC,ISU_ILCC_NMC/G61C3,protected_state,0.18151952679610092,6
ISU_ILCC_NMC,ISU_ILCC_NMC/G61C4,protected_state,0.19047102052708187,15
ISU_ILCC_NMC,ISU_ILCC_NMC/G62C1,protected_state,0.17496903645554462,16
ISU_ILCC_NMC,ISU_ILCC_NMC/G62C2,protected_state,0.2014470572390233,11
ISU_ILCC_NMC,ISU_ILCC_NMC/G62C3,protected_state,0.20989595726249338,13
ISU_ILCC_NMC,ISU_ILCC_NMC/G62C4,protected_state,0.23681413279488117,7
ISU_ILCC_NMC,ISU_ILCC_NMC/G63C1,protected_state,0.1789590831220194,7
ISU_ILCC_NMC,ISU_ILCC_NMC/G63C2,protected_state,0.21058968201829723,7
ISU_ILCC_NMC,ISU_ILCC_NMC/G63C3,protected_state,0.1858265555765562,13
ISU_ILCC_NMC,ISU_ILCC_NMC/G63C4,protected_state,0.1676343940944157,18
ISU_ILCC_NMC,ISU_ILCC_NMC/G64C1,protected_state,0.20955358659106457,6
ISU_ILCC_NMC,ISU_ILCC_NMC/G64C2,protected_state,0.2840366037715379,6
ISU_ILCC_NMC,ISU_ILCC_NMC/G64C3,protected_state,0.16145712531569484,6
ISU_ILCC_NMC,ISU_ILCC_NMC/G64C4,protected_state,0.26929930458479073,15
ISU_ILCC_NMC,ISU_ILCC_NMC/G6C1,protected_state,0.09315685406230237,31
ISU_ILCC_NMC,ISU_ILCC_NMC/G6C2,protected_state,0.15253548535084424,52
ISU_ILCC_NMC,ISU_ILCC_NMC/G6C3,protected_state,0.17443606900815622,75
ISU_ILCC_NMC,ISU_ILCC_NMC/G6C4,protected_state,0.19126962806530048,52
ISU_ILCC_NMC,ISU_ILCC_NMC/G7C1,protected_state,0.12945783311938153,21
ISU_ILCC_NMC,ISU_ILCC_NMC/G7C2,protected_state,0.11746282036918035,19
ISU_ILCC_NMC,ISU_ILCC_NMC/G7C3,protected_state,0.2272280370083931,58
ISU_ILCC_NMC,ISU_ILCC_NMC/G7C4,protected_state,0.12043663083151226,25
ISU_ILCC_NMC,ISU_ILCC_NMC/G8C1,protected_state,0.11827888299645055,10
ISU_ILCC_NMC,ISU_ILCC_NMC/G8C2,protected_state,0.10709403667975048,12
ISU_ILCC_NMC,ISU_ILCC_NMC/G8C3,protected_state,0.15281025731209277,27
ISU_ILCC_NMC,ISU_ILCC_NMC/G8C4,protected_state,0.1358042224977816,23
ISU_ILCC_NMC,ISU_ILCC_NMC/G9C1,protected_state,0.10665548836421013,2
ISU_ILCC_NMC,ISU_ILCC_NMC/G9C2,protected_state,0.14419688604064868,2
ISU_ILCC_NMC,ISU_ILCC_NMC/G9C3,protected_state,0.09701831228228326,3
ISU_ILCC_NMC,ISU_ILCC_NMC/G9C4,protected_state,0.1770306285137686,1
LUH_NMC_SIO,LUH_NMC_SIO/P001_1,protected_state,0.03164978905974532,18
LUH_NMC_SIO,LUH_NMC_SIO/P001_2,protected_state,0.03318122466654241,18
LUH_NMC_SIO,LUH_NMC_SIO/P001_3,protected_state,0.03345172344046077,18
LUH_NMC_SIO,LUH_NMC_SIO/P002_1,protected_state,0.036350318590310876,18
LUH_NMC_SIO,LUH_NMC_SIO/P002_2,protected_state,0.03196911830446696,18
LUH_NMC_SIO,LUH_NMC_SIO/P002_3,protected_state,0.034010904961418835,18
LUH_NMC_SIO,LUH_NMC_SIO/P003_1,protected_state,0.04485845612362334,18
LUH_NMC_SIO,LUH_NMC_SIO/P003_2,protected_state,0.04355391894743185,18
LUH_NMC_SIO,LUH_NMC_SIO/P003_3,protected_state,0.04363232340193684,18
LUH_NMC_SIO,LUH_NMC_SIO/P004_1,protected_state,0.04557357463953392,18
LUH_NMC_SIO,LUH_NMC_SIO/P004_2,protected_state,0.04328126281097043,18
LUH_NMC_SIO,LUH_NMC_SIO/P004_3,protected_state,0.04351620486159604,18
LUH_NMC_SIO,LUH_NMC_SIO/P005_1,protected_state,0.03125885082105804,18
LUH_NMC_SIO,LUH_NMC_SIO/P005_2,protected_state,0.03152261121440883,18
LUH_NMC_SIO,LUH_NMC_SIO/P005_3,protected_state,0.02926366223252979,18
LUH_NMC_SIO,LUH_NMC_SIO/P006_1,protected_state,0.036465009080376226,18
LUH_NMC_SIO,LUH_NMC_SIO/P006_2,protected_state,0.036541544464970196,18
LUH_NMC_SIO,LUH_NMC_SIO/P006_3,protected_state,0.03396106241527153,18
LUH_NMC_SIO,LUH_NMC_SIO/P007_1,protected_state,0.044615284928923894,18
LUH_NMC_SIO,LUH_NMC_SIO/P007_2,protected_state,0.04352487754313718,18
LUH_NMC_SIO,LUH_NMC_SIO/P007_3,protected_state,0.043204148140806274,18
LUH_NMC_SIO,LUH_NMC_SIO/P008_1,protected_state,0.04590256965988072,18
LUH_NMC_SIO,LUH_NMC_SIO/P008_2,protected_state,0.047162342326537356,18
LUH_NMC_SIO,LUH_NMC_SIO/P008_3,protected_state,0.04649497416970386,18
LUH_NMC_SIO,LUH_NMC_SIO/P009_1,protected_state,0.03267952337319613,18
LUH_NMC_SIO,LUH_NMC_SIO/P009_2,protected_state,0.03365359399614259,18
LUH_NMC_SIO,LUH_NMC_SIO/P009_3,protected_state,0.03268102424393725,18
LUH_NMC_SIO,LUH_NMC_SIO/P010_1,protected_state,0.03740519647007942,18
LUH_NMC_SIO,LUH_NMC_SIO/P010_2,protected_state,0.037374728396387315,18
LUH_NMC_SIO,LUH_NMC_SIO/P010_3,protected_state,0.03682839469622632,18
LUH_NMC_SIO,LUH_NMC_SIO/P011_1,protected_state,0.05032037052949781,18
LUH_NMC_SIO,LUH_NMC_SIO/P011_2,protected_state,0.04561845670821816,18
LUH_NMC_SIO,LUH_NMC_SIO/P011_3,protected_state,0.04732281923941745,18
LUH_NMC_SIO,LUH_NMC_SIO/P012_1,protected_state,0.05308359179745861,18
LUH_NMC_SIO,LUH_NMC_SIO/P012_2,protected_state,0.04786428860937912,18
LUH_NMC_SIO,LUH_NMC_SIO/P012_3,protected_state,0.059504748770801946,18
LUH_NMC_SIO,LUH_NMC_SIO/P013_1,protected_state,0.04289002263407834,18
LUH_NMC_SIO,LUH_NMC_SIO/P013_2,protected_state,0.04320569166743707,18
LUH_NMC_SIO,LUH_NMC_SIO/P013_3,protected_state,0.04210485963070977,18
LUH_NMC_SIO,LUH_NMC_SIO/P014_1,protected_state,0.057284445485372225,18
LUH_NMC_SIO,LUH_NMC_SIO/P014_2,protected_state,0.05920572048250911,18
LUH_NMC_SIO,LUH_NMC_SIO/P014_3,protected_state,0.05867459055456413,18
LUH_NMC_SIO,LUH_NMC_SIO/P015_1,protected_state,0.09327386479341815,18
LUH_NMC_SIO,LUH_NMC_SIO/P015_2,protected_state,0.08326609991324231,18
LUH_NMC_SIO,LUH_NMC_SIO/P015_3,protected_state,0.08527351751441288,18
LUH_NMC_SIO,LUH_NMC_SIO/P016_1,protected_state,0.07515145775555689,18
LUH_NMC_SIO,LUH_NMC_SIO/P016_2,protected_state,0.07392358958746019,18
LUH_NMC_SIO,LUH_NMC_SIO/P016_3,protected_state,0.09287068153771423,18
LUH_NMC_SIO,LUH_NMC_SIO/P017_1,protected_state,0.05651177437338514,4
LUH_NMC_SIO,LUH_NMC_SIO/P017_2,protected_state,0.06547463260291544,4
LUH_NMC_SIO,LUH_NMC_SIO/P017_3,protected_state,0.0710696262175673,4
LUH_NMC_SIO,LUH_NMC_SIO/P018_1,protected_state,0.09951253178750552,2
LUH_NMC_SIO,LUH_NMC_SIO/P018_2,protected_state,0.09107950661711839,2
LUH_NMC_SIO,LUH_NMC_SIO/P018_3,protected_state,0.10520975645784747,1
LUH_NMC_SIO,LUH_NMC_SIO/P021_1,protected_state,0.09381655329624226,11
LUH_NMC_SIO,LUH_NMC_SIO/P021_2,protected_state,0.07521935147162395,10
LUH_NMC_SIO,LUH_NMC_SIO/P021_3,protected_state,0.08248251567223332,10
LUH_NMC_SIO,LUH_NMC_SIO/P022_1,protected_state,0.07178083269887314,3
LUH_NMC_SIO,LUH_NMC_SIO/P022_2,protected_state,0.09231945164954158,3
LUH_NMC_SIO,LUH_NMC_SIO/P022_3,protected_state,0.06928603268563371,2
LUH_NMC_SIO,LUH_NMC_SIO/P025_1,protected_state,0.08418021869289263,18
LUH_NMC_SIO,LUH_NMC_SIO/P025_2,protected_state,0.09034427413515905,17
LUH_NMC_SIO,LUH_NMC_SIO/P025_3,protected_state,0.09481324805187187,18
LUH_NMC_SIO,LUH_NMC_SIO/P026_1,protected_state,0.07733003593183177,7
LUH_NMC_SIO,LUH_NMC_SIO/P026_2,protected_state,0.08345466091229706,7
LUH_NMC_SIO,LUH_NMC_SIO/P026_3,protected_state,0.10511407624178326,7
LUH_NMC_SIO,LUH_NMC_SIO/P027_3,protected_state,0.11707428785627205,1
LUH_NMC_SIO,LUH_NMC_SIO/P029_1,protected_state,0.06579573072582122,9
LUH_NMC_SIO,LUH_NMC_SIO/P029_2,protected_state,0.05711539486973061,9
LUH_NMC_SIO,LUH_NMC_SIO/P029_3,protected_state,0.06418245869488201,10
LUH_NMC_SIO,LUH_NMC_SIO/P030_1,protected_state,0.04924261567943927,4
LUH_NMC_SIO,LUH_NMC_SIO/P030_2,protected_state,0.06397875617817575,4
LUH_NMC_SIO,LUH_NMC_SIO/P030_3,protected_state,0.06214128088579668,4
LUH_NMC_SIO,LUH_NMC_SIO/P033_1,protected_state,0.10826443545481931,18
LUH_NMC_SIO,LUH_NMC_SIO/P033_2,protected_state,0.10483364044056542,18
LUH_NMC_SIO,LUH_NMC_SIO/P033_3,protected_state,0.09171376921018322,17
LUH_NMC_SIO,LUH_NMC_SIO/P034_1,protected_state,0.09797669473181396,11
LUH_NMC_SIO,LUH_NMC_SIO/P034_2,protected_state,0.08128344725846459,10
LUH_NMC_SIO,LUH_NMC_SIO/P034_3,protected_state,0.09944374297458508,11
LUH_NMC_SIO,LUH_NMC_SIO/P037_1,protected_state,0.05873326986090158,18
LUH_NMC_SIO,LUH_NMC_SIO/P037_2,protected_state,0.016098307687659092,6
LUH_NMC_SIO,LUH_NMC_SIO/P037_3,protected_state,0.06068009859075244,18
LUH_NMC_SIO,LUH_NMC_SIO/P038_1,protected_state,0.1054888037854743,16
LUH_NMC_SIO,LUH_NMC_SIO/P038_2,protected_state,0.08794482252785531,17
LUH_NMC_SIO,LUH_NMC_SIO/P038_3,protected_state,0.07856449488473098,14
LUH_NMC_SIO,LUH_NMC_SIO/P039_1,protected_state,0.14200335421282506,3
LUH_NMC_SIO,LUH_NMC_SIO/P039_2,protected_state,0.12302372782270787,3
LUH_NMC_SIO,LUH_NMC_SIO/P039_3,protected_state,0.099281498209909,2
LUH_NMC_SIO,LUH_NMC_SIO/P040_1,protected_state,0.17624542664225173,1
LUH_NMC_SIO,LUH_NMC_SIO/P041_1,protected_state,0.09616923084746065,16
LUH_NMC_SIO,LUH_NMC_SIO/P041_2,protected_state,0.04666663174542149,11
LUH_NMC_SIO,LUH_NMC_SIO/P041_3,protected_state,0.08524305317788346,15
LUH_NMC_SIO,LUH_NMC_SIO/P042_1,protected_state,0.09261704143630181,17
LUH_NMC_SIO,LUH_NMC_SIO/P042_2,protected_state,0.03485561664815532,7
LUH_NMC_SIO,LUH_NMC_SIO/P042_3,protected_state,0.02926137360650981,11
LUH_NMC_SIO,LUH_NMC_SIO/P045_1,protected_state,0.03239289746981551,18
LUH_NMC_SIO,LUH_NMC_SIO/P045_2,protected_state,0.03198054678774049,18
LUH_NMC_SIO,LUH_NMC_SIO/P045_3,protected_state,0.02937590803070505,18
LUH_NMC_SIO,LUH_NMC_SIO/P046_1,protected_state,0.03153247174748613,18
LUH_NMC_SIO,LUH_NMC_SIO/P046_2,protected_state,0.03571660560843571,18
LUH_NMC_SIO,LUH_NMC_SIO/P046_3,protected_state,0.04702817505911659,18
LUH_NMC_SIO,LUH_NMC_SIO/P047_1,protected_state,0.03438773434168729,6
LUH_NMC_SIO,LUH_NMC_SIO/P047_2,protected_state,0.08285543940966837,6
LUH_NMC_SIO,LUH_NMC_SIO/P047_3,protected_state,0.08351365322229856,7
LUH_NMC_SIO,LUH_NMC_SIO/P049_1,protected_state,0.028720908579348448,18
LUH_NMC_SIO,LUH_NMC_SIO/P049_2,protected_state,0.022095629388648216,18
LUH_NMC_SIO,LUH_NMC_SIO/P049_3,protected_state,0.025518851561332948,18
LUH_NMC_SIO,LUH_NMC_SIO/P050_1,protected_state,0.025246983639387446,18
LUH_NMC_SIO,LUH_NMC_SIO/P050_2,protected_state,0.027156544492015617,18
LUH_NMC_SIO,LUH_NMC_SIO/P050_3,protected_state,0.024470234311302613,18
LUH_NMC_SIO,LUH_NMC_SIO/P051_1,protected_state,0.053942684042762035,11
LUH_NMC_SIO,LUH_NMC_SIO/P051_2,protected_state,0.10343079940353034,18
LUH_NMC_SIO,LUH_NMC_SIO/P051_3,protected_state,0.08243930334936403,18
LUH_NMC_SIO,LUH_NMC_SIO/P052_1,protected_state,0.12390721747538347,9
LUH_NMC_SIO,LUH_NMC_SIO/P052_2,protected_state,0.13742829786230648,5
LUH_NMC_SIO,LUH_NMC_SIO/P053_1,protected_state,0.04170273233909911,9
LUH_NMC_SIO,LUH_NMC_SIO/P053_2,protected_state,0.04723971363683843,9
LUH_NMC_SIO,LUH_NMC_SIO/P053_3,protected_state,0.07716545848857276,11
LUH_NMC_SIO,LUH_NMC_SIO/P054_1,protected_state,0.0766465022938258,9
LUH_NMC_SIO,LUH_NMC_SIO/P054_2,protected_state,0.08247807361980186,11
LUH_NMC_SIO,LUH_NMC_SIO/P054_3,protected_state,0.06124672167136211,11
LUH_NMC_SIO,LUH_NMC_SIO/P055_1,protected_state,0.0459290411368124,2
LUH_NMC_SIO,LUH_NMC_SIO/P055_2,protected_state,0.0162278714478562,2
LUH_NMC_SIO,LUH_NMC_SIO/P055_3,protected_state,0.10326123620788427,4
LUH_NMC_SIO,LUH_NMC_SIO/P057_1,protected_state,0.04566395857941056,7
LUH_NMC_SIO,LUH_NMC_SIO/P057_2,protected_state,0.04490500674538733,7
LUH_NMC_SIO,LUH_NMC_SIO/P057_3,protected_state,0.09360123864925571,8
LUH_NMC_SIO,LUH_NMC_SIO/P058_1,protected_state,0.06808133619630966,9
LUH_NMC_SIO,LUH_NMC_SIO/P058_2,protected_state,0.05622709923695631,7
LUH_NMC_SIO,LUH_NMC_SIO/P058_3,protected_state,0.11183116290485248,8
LUH_NMC_SIO,LUH_NMC_SIO/P059_1,protected_state,0.20264508726508024,2
LUH_NMC_SIO,LUH_NMC_SIO/P059_2,protected_state,0.09234197533421062,2
LUH_NMC_SIO,LUH_NMC_SIO/P059_3,protected_state,0.23601310682070836,2
LUH_NMC_SIO,LUH_NMC_SIO/P060_1,protected_state,0.3120604111064144,2
LUH_NMC_SIO,LUH_NMC_SIO/P060_3,protected_state,0.0063303793103669515,1
LUH_NMC_SIO,LUH_NMC_SIO/P061_1,protected_state,0.034283580140650256,18
LUH_NMC_SIO,LUH_NMC_SIO/P061_2,protected_state,0.03987886416601745,18
LUH_NMC_SIO,LUH_NMC_SIO/P061_3,protected_state,0.03472815732317668,18
LUH_NMC_SIO,LUH_NMC_SIO/P062_1,protected_state,0.04438612487343833,18
LUH_NMC_SIO,LUH_NMC_SIO/P062_2,protected_state,0.04359371254454689,18
LUH_NMC_SIO,LUH_NMC_SIO/P062_3,protected_state,0.044528764622272655,18
LUH_NMC_SIO,LUH_NMC_SIO/P063_1,protected_state,0.10015144010254907,18
LUH_NMC_SIO,LUH_NMC_SIO/P063_2,protected_state,0.07896363718652896,18
LUH_NMC_SIO,LUH_NMC_SIO/P063_3,protected_state,0.05595150432369817,18
LUH_NMC_SIO,LUH_NMC_SIO/P064_1,protected_state,0.09540066329593905,11
LUH_NMC_SIO,LUH_NMC_SIO/P064_2,protected_state,0.07808136034735659,9
LUH_NMC_SIO,LUH_NMC_SIO/P064_3,protected_state,0.04082977881044877,3
LUH_NMC_SIO,LUH_NMC_SIO/P065_1,protected_state,0.08437931274096734,13
LUH_NMC_SIO,LUH_NMC_SIO/P065_2,protected_state,0.12576900332023758,14
LUH_NMC_SIO,LUH_NMC_SIO/P065_3,protected_state,0.0926674677884368,14
LUH_NMC_SIO,LUH_NMC_SIO/P066_1,protected_state,0.07909090927315288,18
LUH_NMC_SIO,LUH_NMC_SIO/P066_2,protected_state,0.08684761328280993,18
LUH_NMC_SIO,LUH_NMC_SIO/P066_3,protected_state,0.0819158524235078,18
LUH_NMC_SIO,LUH_NMC_SIO/P068_1,protected_state,0.09535628774066944,18
LUH_NMC_SIO,LUH_NMC_SIO/P068_2,protected_state,0.09330038458139256,18
LUH_NMC_SIO,LUH_NMC_SIO/P068_3,protected_state,0.09491344177214739,18
LUH_NMC_SIO,LUH_NMC_SIO/P069_1,protected_state,0.0867263589244141,18
LUH_NMC_SIO,LUH_NMC_SIO/P069_2,protected_state,0.09325134537990858,18
LUH_NMC_SIO,LUH_NMC_SIO/P069_3,protected_state,0.0877649043170932,18
LUH_NMC_SIO,LUH_NMC_SIO/P070_1,protected_state,0.06163866631752346,1
LUH_NMC_SIO,LUH_NMC_SIO/P070_2,protected_state,0.10805420365751306,1
LUH_NMC_SIO,LUH_NMC_SIO/P070_3,protected_state,0.2588344477930252,3
LUH_NMC_SIO,LUH_NMC_SIO/P071_1,protected_state,0.04522688715632813,18
LUH_NMC_SIO,LUH_NMC_SIO/P071_2,protected_state,0.04611977194309983,18
LUH_NMC_SIO,LUH_NMC_SIO/P071_3,protected_state,0.04221433290897578,18
LUH_NMC_SIO,LUH_NMC_SIO/P072_1,protected_state,0.0773977957573957,18
LUH_NMC_SIO,LUH_NMC_SIO/P072_2,protected_state,0.07347293708086364,18
LUH_NMC_SIO,LUH_NMC_SIO/P072_3,protected_state,0.0724739148640266,18
LUH_NMC_SIO,LUH_NMC_SIO/P073_1,protected_state,0.0912999677310183,6
LUH_NMC_SIO,LUH_NMC_SIO/P073_2,protected_state,0.09689290188988643,6
LUH_NMC_SIO,LUH_NMC_SIO/P073_3,protected_state,0.10734623067239556,7
LUH_NMC_SIO,LUH_NMC_SIO/P074_1,protected_state,0.11537377990081742,13
LUH_NMC_SIO,LUH_NMC_SIO/P074_2,protected_state,0.12565502152478006,11
LUH_NMC_SIO,LUH_NMC_SIO/P074_3,protected_state,0.07734941856653266,11
LUH_NMC_SIO,LUH_NMC_SIO/P075_1,protected_state,0.04755364995244701,18
LUH_NMC_SIO,LUH_NMC_SIO/P075_2,protected_state,0.049651463842759806,18
LUH_NMC_SIO,LUH_NMC_SIO/P075_3,protected_state,0.04498583855265321,18
LUH_NMC_SIO,LUH_NMC_SIO/P076_1,protected_state,0.06755423650747337,18
LUH_NMC_SIO,LUH_NMC_SIO/P076_2,protected_state,0.06844098930236457,18
LUH_NMC_SIO,LUH_NMC_SIO/P076_3,protected_state,0.06562629331206911,18
MULTISTAGE_50E,MULTISTAGE_50E/S1_TP_z01_C1,protected_state,0.015233504488014213,12
MULTISTAGE_50E,MULTISTAGE_50E/S1_TP_z01_C2,protected_state,0.01564538120447161,12
MULTISTAGE_50E,MULTISTAGE_50E/S1_TP_z01_C3,protected_state,0.01578503520625753,12
MULTISTAGE_50E,MULTISTAGE_50E/S1_TP_z02_C1,protected_state,0.01720680687122635,12
MULTISTAGE_50E,MULTISTAGE_50E/S1_TP_z02_C2,protected_state,0.018013238804985187,12
MULTISTAGE_50E,MULTISTAGE_50E/S1_TP_z02_C3,protected_state,0.01733389403051583,12
MULTISTAGE_50E,MULTISTAGE_50E/S1_TP_z03_C1,protected_state,0.022071619789369428,12
MULTISTAGE_50E,MULTISTAGE_50E/S1_TP_z03_C2,protected_state,0.01985369270960427,12
MULTISTAGE_50E,MULTISTAGE_50E/S1_TP_z03_C3,protected_state,0.01992261729479458,12
MULTISTAGE_50E,MULTISTAGE_50E/S1_TP_z04_C1,protected_state,0.0056929171644542476,2
MULTISTAGE_50E,MULTISTAGE_50E/S1_TP_z04_C2,protected_state,0.03412663204565858,3
MULTISTAGE_50E,MULTISTAGE_50E/S1_TP_z04_C3,protected_state,0.028021594251466497,2
MULTISTAGE_50E,MULTISTAGE_50E/S1_TP_z05_C1,protected_state,0.040615639080352844,8
MULTISTAGE_50E,MULTISTAGE_50E/S1_TP_z05_C2,protected_state,0.04067710570111756,8
MULTISTAGE_50E,MULTISTAGE_50E/S1_TP_z05_C3,protected_state,0.038925846964615346,8
MULTISTAGE_50E,MULTISTAGE_50E/S1_TP_z06_C1,protected_state,0.019177421407948814,8
MULTISTAGE_50E,MULTISTAGE_50E/S1_TP_z06_C2,protected_state,0.01872557800313801,8
MULTISTAGE_50E,MULTISTAGE_50E/S1_TP_z06_C3,protected_state,0.019673365054067415,8
MULTISTAGE_50E,MULTISTAGE_50E/S1_TP_z07_C1,protected_state,0.03139042584954707,8
MULTISTAGE_50E,MULTISTAGE_50E/S1_TP_z07_C2,protected_state,0.033361223839419085,8
MULTISTAGE_50E,MULTISTAGE_50E/S1_TP_z07_C3,protected_state,0.03266813620772607,8
MULTISTAGE_50E,MULTISTAGE_50E/S1_TP_z08_C1,protected_state,0.02827155961359991,8
MULTISTAGE_50E,MULTISTAGE_50E/S1_TP_z08_C2,protected_state,0.029838357613095695,8
MULTISTAGE_50E,MULTISTAGE_50E/S1_TP_z08_C3,protected_state,0.026304959307947975,8
MULTISTAGE_50E,MULTISTAGE_50E/S1_TP_z09_C1,protected_state,0.035883127296503184,8
MULTISTAGE_50E,MULTISTAGE_50E/S1_TP_z09_C2,protected_state,0.03457815030970386,8
MULTISTAGE_50E,MULTISTAGE_50E/S1_TP_z09_C3,protected_state,0.03522485363864192,8
MULTISTAGE_50E,MULTISTAGE_50E/S1_TP_z10_C1,protected_state,0.02135824504914248,8
MULTISTAGE_50E,MULTISTAGE_50E/S1_TP_z10_C2,protected_state,0.01881815236869515,8
MULTISTAGE_50E,MULTISTAGE_50E/S1_TP_z10_C3,protected_state,0.022686643955597274,8
MULTISTAGE_50E,MULTISTAGE_50E/S1_TP_z11_C1,protected_state,0.03848272903507337,8
MULTISTAGE_50E,MULTISTAGE_50E/S1_TP_z11_C2,protected_state,0.03711666832056579,8
MULTISTAGE_50E,MULTISTAGE_50E/S1_TP_z11_C3,protected_state,0.040857509734110176,8
MULTISTAGE_50E,MULTISTAGE_50E/S1_TP_z12_C1,protected_state,0.03945004855536201,8
MULTISTAGE_50E,MULTISTAGE_50E/S1_TP_z12_C2,protected_state,0.03860941479288815,8
MULTISTAGE_50E,MULTISTAGE_50E/S1_TP_z12_C3,protected_state,0.007512980533612365,8
MULTISTAGE_50E,MULTISTAGE_50E/S1_TP_z13_C1,protected_state,0.026260322020523738,8
MULTISTAGE_50E,MULTISTAGE_50E/S1_TP_z13_C2,protected_state,0.02675215306538363,8
MULTISTAGE_50E,MULTISTAGE_50E/S1_TP_z13_C3,protected_state,0.024672214787364644,8
MULTISTAGE_50E,MULTISTAGE_50E/S1_TP_z14_C1,protected_state,0.029329498529309092,8
MULTISTAGE_50E,MULTISTAGE_50E/S1_TP_z14_C2,protected_state,0.033286054096283935,8
MULTISTAGE_50E,MULTISTAGE_50E/S1_TP_z14_C3,protected_state,0.032270563828559404,8
MULTISTAGE_50E,MULTISTAGE_50E/S1_TP_z15_C1,protected_state,0.019531114921018305,8
MULTISTAGE_50E,MULTISTAGE_50E/S1_TP_z15_C2,protected_state,0.019289894041512587,8
MULTISTAGE_50E,MULTISTAGE_50E/S1_TP_z15_C3,protected_state,0.01847712584362353,8
MULTISTAGE_50E,MULTISTAGE_50E/S1_TP_z16_C1,protected_state,0.03991619695639274,10
MULTISTAGE_50E,MULTISTAGE_50E/S1_TP_z16_C2,protected_state,0.04309985679749006,11
MULTISTAGE_50E,MULTISTAGE_50E/S1_TP_z16_C3,protected_state,0.043580262974120855,11
MULTISTAGE_50E,MULTISTAGE_50E/S1_TP_z17_C1,protected_state,0.05497056861118644,11
MULTISTAGE_50E,MULTISTAGE_50E/S1_TP_z17_C2,protected_state,0.056152702807916725,11
MULTISTAGE_50E,MULTISTAGE_50E/S1_TP_z17_C3,protected_state,0.07962426417844043,11
MULTISTAGE_50E,MULTISTAGE_50E/S1_TP_z18_C1,protected_state,0.0747093196303414,11
MULTISTAGE_50E,MULTISTAGE_50E/S1_TP_z18_C2,protected_state,0.07115020919823695,11
MULTISTAGE_50E,MULTISTAGE_50E/S1_TP_z18_C3,protected_state,0.06852515781016726,11
MULTISTAGE_50E,MULTISTAGE_50E/S1_TP_z19_C1,protected_state,0.01866641307718885,11
MULTISTAGE_50E,MULTISTAGE_50E/S1_TP_z19_C2,protected_state,0.01996131087336642,11
MULTISTAGE_50E,MULTISTAGE_50E/S1_TP_z19_C3,protected_state,0.019811457434435655,11
MULTISTAGE_50E,MULTISTAGE_50E/S1_TP_z20_C1,protected_state,0.039649546528975926,11
MULTISTAGE_50E,MULTISTAGE_50E/S1_TP_z20_C2,protected_state,0.038025147387028085,11
MULTISTAGE_50E,MULTISTAGE_50E/S1_TP_z20_C3,protected_state,0.04317879917253175,11
MULTISTAGE_50E,MULTISTAGE_50E/S1_TP_z21_C1,protected_state,0.03639830760631157,11
MULTISTAGE_50E,MULTISTAGE_50E/S1_TP_z21_C2,protected_state,0.0379253677045488,11
MULTISTAGE_50E,MULTISTAGE_50E/S1_TP_z21_C3,protected_state,0.03882185806915212,11
MULTISTAGE_50E,MULTISTAGE_50E/S1_TP_z22_C1,protected_state,0.04858634349449757,11
MULTISTAGE_50E,MULTISTAGE_50E/S1_TP_z22_C2,protected_state,0.04693796128097864,11
MULTISTAGE_50E,MULTISTAGE_50E/S1_TP_z22_C3,protected_state,0.045666545556947276,11
MULTISTAGE_50E,MULTISTAGE_50E/S1_TP_z23_C1,protected_state,0.04990959474892067,11
MULTISTAGE_50E,MULTISTAGE_50E/S1_TP_z23_C2,protected_state,0.05018989741311833,11
MULTISTAGE_50E,MULTISTAGE_50E/S1_TP_z23_C3,protected_state,0.05056448909224175,11
MULTISTAGE_50E,MULTISTAGE_50E/S1_TP_z24_C1,protected_state,0.045319034480993815,11
MULTISTAGE_50E,MULTISTAGE_50E/S1_TP_z24_C2,protected_state,0.04244090371982751,11
MULTISTAGE_50E,MULTISTAGE_50E/S1_TP_z24_C3,protected_state,0.04583758606629407,11
MULTISTAGE_50E,MULTISTAGE_50E/S1_TP_z25_C1,protected_state,0.08695581973193046,11
MULTISTAGE_50E,MULTISTAGE_50E/S1_TP_z25_C2,protected_state,0.060107458588407575,11
MULTISTAGE_50E,MULTISTAGE_50E/S1_TP_z25_C3,protected_state,0.06052552339913053,11
MULTISTAGE_50E,MULTISTAGE_50E/S2_TP_z01_C1,protected_state,0.021556524358114098,12
MULTISTAGE_50E,MULTISTAGE_50E/S2_TP_z01_C2,protected_state,0.021788828463536036,12
MULTISTAGE_50E,MULTISTAGE_50E/S2_TP_z01_C3,protected_state,0.019059973944796277,12
MULTISTAGE_50E,MULTISTAGE_50E/S2_TP_z02_C1,protected_state,0.03729026577066022,4
MULTISTAGE_50E,MULTISTAGE_50E/S2_TP_z02_C2,protected_state,0.08005098717327266,4
MULTISTAGE_50E,MULTISTAGE_50E/S2_TP_z02_C3,protected_state,0.04152174257067037,2
MULTISTAGE_50E,MULTISTAGE_50E/S2_TP_z03_C1,protected_state,0.03366456567396512,12
MULTISTAGE_50E,MULTISTAGE_50E/S2_TP_z03_C2,protected_state,0.02927186755073537,12
MULTISTAGE_50E,MULTISTAGE_50E/S2_TP_z03_C3,protected_state,0.030109743010720474,12
MULTISTAGE_50E,MULTISTAGE_50E/S2_TP_z04_C1,protected_state,0.0349642527779051,8
MULTISTAGE_50E,MULTISTAGE_50E/S2_TP_z04_C2,protected_state,0.033849353416610786,8
MULTISTAGE_50E,MULTISTAGE_50E/S2_TP_z04_C3,protected_state,0.03350298603758241,8
MULTISTAGE_50E,MULTISTAGE_50E/S2_TP_z05_C1,protected_state,0.05259098713842346,8
MULTISTAGE_50E,MULTISTAGE_50E/S2_TP_z05_C2,protected_state,0.05251063164818606,8
MULTISTAGE_50E,MULTISTAGE_50E/S2_TP_z05_C3,protected_state,0.05295338072725056,8
MULTISTAGE_50E,MULTISTAGE_50E/S2_TP_z06_C1,protected_state,0.047848391873299104,8
MULTISTAGE_50E,MULTISTAGE_50E/S2_TP_z06_C2,protected_state,0.04822354392434104,8
MULTISTAGE_50E,MULTISTAGE_50E/S2_TP_z06_C3,protected_state,0.04952739673030347,8
MULTISTAGE_50E,MULTISTAGE_50E/S2_TP_z07_C1,protected_state,0.037869463704909206,8
MULTISTAGE_50E,MULTISTAGE_50E/S2_TP_z07_C2,protected_state,0.03687010262879581,8
MULTISTAGE_50E,MULTISTAGE_50E/S2_TP_z07_C3,protected_state,0.04097669186614804,8
MULTISTAGE_50E,MULTISTAGE_50E/S2_TP_z08_C1,protected_state,0.029554180411535,8
MULTISTAGE_50E,MULTISTAGE_50E/S2_TP_z08_C2,protected_state,0.030285095569638154,8
MULTISTAGE_50E,MULTISTAGE_50E/S2_TP_z08_C3,protected_state,0.030903525663388443,8
MULTISTAGE_50E,MULTISTAGE_50E/S2_TP_z09_C1,protected_state,0.040641444800695384,8
MULTISTAGE_50E,MULTISTAGE_50E/S2_TP_z09_C2,protected_state,0.039130357081089445,8
MULTISTAGE_50E,MULTISTAGE_50E/S2_TP_z09_C3,protected_state,0.04008075864565955,8
MULTISTAGE_50E,MULTISTAGE_50E/S2_TP_z10_C1,protected_state,0.033655326289137366,1
MULTISTAGE_50E,MULTISTAGE_50E/S2_TP_z10_C2,protected_state,0.02587874818975226,3
MULTISTAGE_50E,MULTISTAGE_50E/S2_TP_z10_C3,protected_state,0.02332336282832087,4
MULTISTAGE_50E,MULTISTAGE_50E/S2_TP_z11_C1,protected_state,0.02890417561772192,8
MULTISTAGE_50E,MULTISTAGE_50E/S2_TP_z11_C2,protected_state,0.027879042759883524,8
MULTISTAGE_50E,MULTISTAGE_50E/S2_TP_z11_C3,protected_state,0.02859377228145342,8
MULTISTAGE_50E,MULTISTAGE_50E/S2_TP_z12_C1,protected_state,0.02876761142589712,12
MULTISTAGE_50E,MULTISTAGE_50E/S2_TP_z12_C2,protected_state,0.02883066888874432,12
MULTISTAGE_50E,MULTISTAGE_50E/S2_TP_z12_C3,protected_state,0.029073466896219508,12
MULTISTAGE_50E,MULTISTAGE_50E/S2_TP_z13_C1,protected_state,0.0322988552525905,12
MULTISTAGE_50E,MULTISTAGE_50E/S2_TP_z13_C2,protected_state,0.0323696145320824,12
MULTISTAGE_50E,MULTISTAGE_50E/S2_TP_z13_C3,protected_state,0.03296013884657245,12
MULTISTAGE_50E,MULTISTAGE_50E/S2_TP_z14_C1,protected_state,0.04500847752335382,12
MULTISTAGE_50E,MULTISTAGE_50E/S2_TP_z14_C2,protected_state,0.038752059193127734,12
MULTISTAGE_50E,MULTISTAGE_50E/S2_TP_z14_C3,protected_state,0.036043630129290925,12
MULTISTAGE_50E,MULTISTAGE_50E/S2_TP_z15_C1,protected_state,0.0722335317474475,7
MULTISTAGE_50E,MULTISTAGE_50E/S2_TP_z15_C2,protected_state,0.08279815944484235,8
MULTISTAGE_50E,MULTISTAGE_50E/S2_TP_z15_C3,protected_state,0.07725682772226275,8
MULTISTAGE_50E,MULTISTAGE_50E/S2_TP_z16_C1,protected_state,0.06258914754423454,12
MULTISTAGE_50E,MULTISTAGE_50E/S2_TP_z16_C2,protected_state,0.06594594331710557,12
MULTISTAGE_50E,MULTISTAGE_50E/S2_TP_z16_C3,protected_state,0.06695646475750247,12
MULTISTAGE_50E,MULTISTAGE_50E/S2_TP_z17_C1,protected_state,0.06814832094474572,8
MULTISTAGE_50E,MULTISTAGE_50E/S2_TP_z17_C2,protected_state,0.06805154718845619,8
MULTISTAGE_50E,MULTISTAGE_50E/S2_TP_z17_C3,protected_state,0.07522990782903387,8
MULTISTAGE_50E,MULTISTAGE_50E/S2_TP_z18_C1,protected_state,0.04662461496777635,12
MULTISTAGE_50E,MULTISTAGE_50E/S2_TP_z18_C2,protected_state,0.04581401849827275,12
MULTISTAGE_50E,MULTISTAGE_50E/S2_TP_z18_C3,protected_state,0.04658663996661006,12
MULTISTAGE_50E,MULTISTAGE_50E/S2_TP_z19_C1,protected_state,0.061652391953781756,12
MULTISTAGE_50E,MULTISTAGE_50E/S2_TP_z19_C2,protected_state,0.06909959458532779,12
MULTISTAGE_50E,MULTISTAGE_50E/S2_TP_z19_C3,protected_state,0.06461869077229837,12
MULTISTAGE_50E,MULTISTAGE_50E/S2_TP_z20_C1,protected_state,0.10103460892347711,3
MULTISTAGE_50E,MULTISTAGE_50E/S2_TP_z20_C3,protected_state,0.08094156788760491,3
MULTISTAGE_50E,MULTISTAGE_50E/S2_TP_z21_C1,protected_state,0.04831412031485466,12
MULTISTAGE_50E,MULTISTAGE_50E/S2_TP_z21_C2,protected_state,0.0481720430474545,12
MULTISTAGE_50E,MULTISTAGE_50E/S2_TP_z21_C3,protected_state,0.04557483061124781,12
MULTISTAGE_50E,MULTISTAGE_50E/S2_TP_z22_C1,protected_state,0.043546007199672616,12
MULTISTAGE_50E,MULTISTAGE_50E/S2_TP_z22_C2,protected_state,0.04361810267395677,12
MULTISTAGE_50E,MULTISTAGE_50E/S2_TP_z22_C3,protected_state,0.04462611351566818,12
MULTISTAGE_50E,MULTISTAGE_50E/S2_TP_z23_C2,protected_state,0.03678884122324633,1
MULTISTAGE_50E,MULTISTAGE_50E/S2_TP_z23_C3,protected_state,0.10166863328630711,3
MULTISTAGE_50E,MULTISTAGE_50E/S2_TP_z24_C1,protected_state,0.04480987140568956,12
MULTISTAGE_50E,MULTISTAGE_50E/S2_TP_z24_C2,protected_state,0.04316772727945225,12
MULTISTAGE_50E,MULTISTAGE_50E/S2_TP_z24_C3,protected_state,0.04453145231155539,12
STANFORD_CALENDAR,STANFORD_CALENDAR/C00013,protected_state,0.04653113921606056,5
STANFORD_CALENDAR,STANFORD_CALENDAR/C00014,protected_state,0.028720644501043592,11
STANFORD_CALENDAR,STANFORD_CALENDAR/C00018,protected_state,0.0355224924476335,8
STANFORD_CALENDAR,STANFORD_CALENDAR/C00084,protected_state,0.08504433527382171,90
STANFORD_CALENDAR,STANFORD_CALENDAR/C00085,protected_state,0.08598624219743765,118
STANFORD_CALENDAR,STANFORD_CALENDAR/C00086,protected_state,0.06980566308156547,118
STANFORD_CALENDAR,STANFORD_CALENDAR/C00087,protected_state,0.07464043011181276,118
STANFORD_CALENDAR,STANFORD_CALENDAR/C00088,protected_state,0.10578652561257806,18
STANFORD_CALENDAR,STANFORD_CALENDAR/C00089,protected_state,0.10591108145237585,18
STANFORD_CALENDAR,STANFORD_CALENDAR/C00090,protected_state,0.09517007479435853,18
STANFORD_CALENDAR,STANFORD_CALENDAR/C00091,protected_state,0.09913526311372907,18
STANFORD_CALENDAR,STANFORD_CALENDAR/C00092,protected_state,0.0971746240099082,16
STANFORD_CALENDAR,STANFORD_CALENDAR/C00093,protected_state,0.10521311919899164,15
STANFORD_CALENDAR,STANFORD_CALENDAR/C00094,protected_state,0.10409271206496354,16
STANFORD_CALENDAR,STANFORD_CALENDAR/C00095,protected_state,0.1064774545537977,16
STANFORD_CALENDAR,STANFORD_CALENDAR/C00161,protected_state,0.053622968107656654,2
STANFORD_CALENDAR,STANFORD_CALENDAR/C00162,protected_state,0.12281550419150464,28
STANFORD_CALENDAR,STANFORD_CALENDAR/C00163,protected_state,0.16374272133906426,8
STANFORD_CALENDAR,STANFORD_CALENDAR/C00164,protected_state,0.08410605430174432,6
STANFORD_CALENDAR,STANFORD_CALENDAR/C00165,protected_state,0.08664255516075668,15
STANFORD_CALENDAR,STANFORD_CALENDAR/C00166,protected_state,0.04142957658201818,2
STANFORD_CALENDAR,STANFORD_CALENDAR/C00207,protected_state,0.03009819002763166,15
STANFORD_CALENDAR,STANFORD_CALENDAR/C00211,protected_state,0.037782804651219824,7
STANFORD_CALENDAR,STANFORD_CALENDAR/C00213,protected_state,0.030218839324452813,20
STANFORD_CALENDAR,STANFORD_CALENDAR/C00218,protected_state,0.03597619033613396,25
STANFORD_CALENDAR,STANFORD_CALENDAR/C00219,protected_state,0.029493107419981696,6
STANFORD_CALENDAR,STANFORD_CALENDAR/C00223,protected_state,0.013337086681996402,1
STANFORD_CALENDAR,STANFORD_CALENDAR/C00226,protected_state,0.038092151749839674,7
STANFORD_CALENDAR,STANFORD_CALENDAR/C00227,protected_state,0.03013333201915173,6
STANFORD_CALENDAR,STANFORD_CALENDAR/C00228,protected_state,0.06629066327932535,14
AMPERE_A123_LFP,AMPERE_A123_LFP/Cell1a,fixed_shift,0.13859667524717076,27
AMPERE_A123_LFP,AMPERE_A123_LFP/Cell1b,fixed_shift,0.19828166569292846,29
AMPERE_A123_LFP,AMPERE_A123_LFP/Cell1c,fixed_shift,0.14715361445781333,28
AMPERE_A123_LFP,AMPERE_A123_LFP/Cell2a,fixed_shift,0.18350180212757877,28
AMPERE_A123_LFP,AMPERE_A123_LFP/Cell2b,fixed_shift,0.20014583693570664,29
AMPERE_A123_LFP,AMPERE_A123_LFP/Cell2c,fixed_shift,0.17066657590813913,28
AMPERE_A123_LFP,AMPERE_A123_LFP/Cell3a,fixed_shift,0.2109238709256131,35
AMPERE_A123_LFP,AMPERE_A123_LFP/Cell3b,fixed_shift,0.2025240024820256,36
AMPERE_A123_LFP,AMPERE_A123_LFP/Cell4a,fixed_shift,0.19737034353410143,39
AMPERE_A123_LFP,AMPERE_A123_LFP/Cell4b,fixed_shift,0.2713061738432333,41
AMPERE_A123_LFP,AMPERE_A123_LFP/Cell4c,fixed_shift,0.2271653277699041,40
AMPERE_A123_LFP,AMPERE_A123_LFP/Cell5a,fixed_shift,0.23230902181617494,38
AMPERE_A123_LFP,AMPERE_A123_LFP/Cell5b,fixed_shift,0.2023297953106284,37
AMPERE_A123_LFP,AMPERE_A123_LFP/Cell5c,fixed_shift,0.20268063109313267,37
AMPERE_A123_LFP,AMPERE_A123_LFP/Cell6a,fixed_shift,0.30126454260254987,59
AMPERE_A123_LFP,AMPERE_A123_LFP/Cell6b,fixed_shift,0.23315438320430398,62
AMPERE_A123_LFP,AMPERE_A123_LFP/Cell6c,fixed_shift,0.2512302696951828,62
AMPERE_A123_LFP,AMPERE_A123_LFP/Cell7a,fixed_shift,0.37391493236153667,28
AMPERE_A123_LFP,AMPERE_A123_LFP/Cell7b,fixed_shift,0.28253637088225503,30
AMPERE_A123_LFP,AMPERE_A123_LFP/Cell7c,fixed_shift,0.3064293768141014,30
IMPERIAL_M50T,IMPERIAL_M50T/Expt 1 - Si-based Degradation/cell_A,fixed_shift,0.07856491477330949,9
IMPERIAL_M50T,IMPERIAL_M50T/Expt 1 - Si-based Degradation/cell_B,fixed_shift,0.11943456087015619,9
IMPERIAL_M50T,IMPERIAL_M50T/Expt 1 - Si-based Degradation/cell_D,fixed_shift,0.06469894021579878,8
IMPERIAL_M50T,IMPERIAL_M50T/Expt 1 - Si-based Degradation/cell_E,fixed_shift,0.06755057899736738,9
IMPERIAL_M50T,IMPERIAL_M50T/Expt 1 - Si-based Degradation/cell_F,fixed_shift,0.10950077805062777,9
IMPERIAL_M50T,IMPERIAL_M50T/Expt 1 - Si-based Degradation/cell_J,fixed_shift,0.05338008557519534,5
IMPERIAL_M50T,IMPERIAL_M50T/Expt 1 - Si-based Degradation/cell_K,fixed_shift,0.06377311010855766,5
IMPERIAL_M50T,IMPERIAL_M50T/Expt 1 - Si-based Degradation/cell_L,fixed_shift,0.06666512665365516,5
IMPERIAL_M50T,IMPERIAL_M50T/Expt 1 - Si-based Degradation/cell_M,fixed_shift,0.07047072362385262,5
IMPERIAL_M50T,"IMPERIAL_M50T/Expt 2,2 - C-based Degradation 2/cell_A",fixed_shift,0.2773455448890369,8
IMPERIAL_M50T,"IMPERIAL_M50T/Expt 2,2 - C-based Degradation 2/cell_B",fixed_shift,0.29699582878882025,8
IMPERIAL_M50T,"IMPERIAL_M50T/Expt 2,2 - C-based Degradation 2/cell_C",fixed_shift,0.2413068557957032,8
IMPERIAL_M50T,"IMPERIAL_M50T/Expt 2,2 - C-based Degradation 2/cell_D",fixed_shift,0.2382985462909637,8
IMPERIAL_M50T,"IMPERIAL_M50T/Expt 2,2 - C-based Degradation 2/cell_E",fixed_shift,0.21143484735954338,8
IMPERIAL_M50T,"IMPERIAL_M50T/Expt 2,2 - C-based Degradation 2/cell_F",fixed_shift,0.2097276080479499,8
IMPERIAL_M50T,IMPERIAL_M50T/Expt 3 - Cathode Degradation and Li-Plating/cell_A,fixed_shift,0.45072218762863264,5
IMPERIAL_M50T,IMPERIAL_M50T/Expt 3 - Cathode Degradation and Li-Plating/cell_B,fixed_shift,0.46077864585237516,5
IMPERIAL_M50T,IMPERIAL_M50T/Expt 3 - Cathode Degradation and Li-Plating/cell_C,fixed_shift,0.46638896973151966,5
IMPERIAL_M50T,IMPERIAL_M50T/Expt 3 - Cathode Degradation and Li-Plating/cell_D,fixed_shift,0.3288973312288764,6
IMPERIAL_M50T,IMPERIAL_M50T/Expt 3 - Cathode Degradation and Li-Plating/cell_E,fixed_shift,0.2904399799266351,6
IMPERIAL_M50T,IMPERIAL_M50T/Expt 3 - Cathode Degradation and Li-Plating/cell_F,fixed_shift,0.3209551237386034,6
IMPERIAL_M50T,IMPERIAL_M50T/Expt 3 - Cathode Degradation and Li-Plating/cell_G,fixed_shift,0.21419465746442742,6
IMPERIAL_M50T,IMPERIAL_M50T/Expt 3 - Cathode Degradation and Li-Plating/cell_H,fixed_shift,0.20807365440078218,7
IMPERIAL_M50T,IMPERIAL_M50T/Expt 3 - Cathode Degradation and Li-Plating/cell_I,fixed_shift,0.20116360191638125,7
IMPERIAL_M50T,IMPERIAL_M50T/Expt 4 - Drive Cycle Aging (Control)/cell_A,fixed_shift,0.3118954629880155,4
IMPERIAL_M50T,IMPERIAL_M50T/Expt 4 - Drive Cycle Aging (Control)/cell_B,fixed_shift,0.20135950119650428,4
IMPERIAL_M50T,IMPERIAL_M50T/Expt 4 - Drive Cycle Aging (Control)/cell_C,fixed_shift,0.18032970672911455,4
IMPERIAL_M50T,IMPERIAL_M50T/Expt 4 - Drive Cycle Aging (Control)/cell_D,fixed_shift,0.23811440179841756,4
IMPERIAL_M50T,IMPERIAL_M50T/Expt 4 - Drive Cycle Aging (Control)/cell_E,fixed_shift,0.23791310886750652,4
IMPERIAL_M50T,IMPERIAL_M50T/Expt 4 - Drive Cycle Aging (Control)/cell_F,fixed_shift,0.22876409389736974,4
IMPERIAL_M50T,IMPERIAL_M50T/Expt 4 - Drive Cycle Aging (Control)/cell_G,fixed_shift,0.21884603396127814,4
IMPERIAL_M50T,IMPERIAL_M50T/Expt 4 - Drive Cycle Aging (Control)/cell_H,fixed_shift,0.22067101998374664,4
IMPERIAL_M50T,IMPERIAL_M50T/Expt 5 - Standard Cycle Aging (Control)/cell_A,fixed_shift,0.1935017597038024,9
IMPERIAL_M50T,IMPERIAL_M50T/Expt 5 - Standard Cycle Aging (Control)/cell_B,fixed_shift,0.2255066180766993,9
IMPERIAL_M50T,IMPERIAL_M50T/Expt 5 - Standard Cycle Aging (Control)/cell_C,fixed_shift,0.19859709595508737,9
IMPERIAL_M50T,IMPERIAL_M50T/Expt 5 - Standard Cycle Aging (Control)/cell_D,fixed_shift,0.19875155998391447,9
IMPERIAL_M50T,IMPERIAL_M50T/Expt 5 - Standard Cycle Aging (Control)/cell_E,fixed_shift,0.19550983211704734,9
IMPERIAL_M50T,IMPERIAL_M50T/Expt 5 - Standard Cycle Aging (Control)/cell_F,fixed_shift,0.14454372680431674,9
IMPERIAL_M50T,IMPERIAL_M50T/Expt 5 - Standard Cycle Aging (Control)/cell_G,fixed_shift,0.13957728412909295,9
IMPERIAL_M50T,IMPERIAL_M50T/Expt 5 - Standard Cycle Aging (Control)/cell_H,fixed_shift,0.13788672148239164,9
ISU_ILCC_NMC,ISU_ILCC_NMC/G10C1,fixed_shift,0.1129266644810819,12
ISU_ILCC_NMC,ISU_ILCC_NMC/G10C2,fixed_shift,0.09292213531825926,15
ISU_ILCC_NMC,ISU_ILCC_NMC/G10C3,fixed_shift,0.14516551700030397,12
ISU_ILCC_NMC,ISU_ILCC_NMC/G10C4,fixed_shift,0.12587613396494945,26
ISU_ILCC_NMC,ISU_ILCC_NMC/G12C1,fixed_shift,0.1443988661406296,14
ISU_ILCC_NMC,ISU_ILCC_NMC/G12C2,fixed_shift,0.1561853954457981,5
ISU_ILCC_NMC,ISU_ILCC_NMC/G12C3,fixed_shift,0.10155054868588202,12
ISU_ILCC_NMC,ISU_ILCC_NMC/G12C4,fixed_shift,0.15899796702981187,23
ISU_ILCC_NMC,ISU_ILCC_NMC/G13C1,fixed_shift,0.08249244909830367,11
ISU_ILCC_NMC,ISU_ILCC_NMC/G13C2,fixed_shift,0.12098300731739929,21
ISU_ILCC_NMC,ISU_ILCC_NMC/G13C3,fixed_shift,0.08830763076503995,11
ISU_ILCC_NMC,ISU_ILCC_NMC/G13C4,fixed_shift,0.12345560076980472,11
ISU_ILCC_NMC,ISU_ILCC_NMC/G14C1,fixed_shift,0.06249918782873387,1
ISU_ILCC_NMC,ISU_ILCC_NMC/G16C1,fixed_shift,0.16234650114738375,12
ISU_ILCC_NMC,ISU_ILCC_NMC/G16C2,fixed_shift,0.11188355030143415,12
ISU_ILCC_NMC,ISU_ILCC_NMC/G16C3,fixed_shift,0.15930491299762206,12
ISU_ILCC_NMC,ISU_ILCC_NMC/G16C4,fixed_shift,0.1590211911235436,12
ISU_ILCC_NMC,ISU_ILCC_NMC/G17C1,fixed_shift,0.1490915334129024,14
ISU_ILCC_NMC,ISU_ILCC_NMC/G17C2,fixed_shift,0.09056058540857657,12
ISU_ILCC_NMC,ISU_ILCC_NMC/G17C3,fixed_shift,0.08774844412250116,14
ISU_ILCC_NMC,ISU_ILCC_NMC/G17C4,fixed_shift,0.08491655382044906,10
ISU_ILCC_NMC,ISU_ILCC_NMC/G18C1,fixed_shift,0.18143092943347813,68
ISU_ILCC_NMC,ISU_ILCC_NMC/G18C2,fixed_shift,0.14028706518086315,18
ISU_ILCC_NMC,ISU_ILCC_NMC/G18C3,fixed_shift,0.1419317227604041,18
ISU_ILCC_NMC,ISU_ILCC_NMC/G18C4,fixed_shift,0.1603155705156626,16
ISU_ILCC_NMC,ISU_ILCC_NMC/G19C1,fixed_shift,0.09713623029160764,7
ISU_ILCC_NMC,ISU_ILCC_NMC/G19C2,fixed_shift,0.09229535649481488,5
ISU_ILCC_NMC,ISU_ILCC_NMC/G19C3,fixed_shift,0.08662744558683418,8
ISU_ILCC_NMC,ISU_ILCC_NMC/G19C4,fixed_shift,0.17027321868886358,1
ISU_ILCC_NMC,ISU_ILCC_NMC/G1C1,fixed_shift,0.11717157850414289,47
ISU_ILCC_NMC,ISU_ILCC_NMC/G1C2,fixed_shift,0.1354043129652803,57
ISU_ILCC_NMC,ISU_ILCC_NMC/G1C3,fixed_shift,0.1266988131477404,63
ISU_ILCC_NMC,ISU_ILCC_NMC/G1C4,fixed_shift,0.0859965338990274,26
ISU_ILCC_NMC,ISU_ILCC_NMC/G20C1,fixed_shift,0.18606321830769879,4
ISU_ILCC_NMC,ISU_ILCC_NMC/G20C2,fixed_shift,0.1437571246339809,5
ISU_ILCC_NMC,ISU_ILCC_NMC/G20C3,fixed_shift,0.19807483267744938,11
ISU_ILCC_NMC,ISU_ILCC_NMC/G20C4,fixed_shift,0.15890314192159657,11
ISU_ILCC_NMC,ISU_ILCC_NMC/G21C1,fixed_shift,0.16848474819578518,7
ISU_ILCC_NMC,ISU_ILCC_NMC/G21C2,fixed_shift,0.16913573157686881,13
ISU_ILCC_NMC,ISU_ILCC_NMC/G21C3,fixed_shift,0.16195354642800147,9
ISU_ILCC_NMC,ISU_ILCC_NMC/G21C4,fixed_shift,0.17629024219741485,8
ISU_ILCC_NMC,ISU_ILCC_NMC/G22C1,fixed_shift,0.161982358672115,7
ISU_ILCC_NMC,ISU_ILCC_NMC/G22C2,fixed_shift,0.29146103941352225,4
ISU_ILCC_NMC,ISU_ILCC_NMC/G22C3,fixed_shift,0.16753117169909776,8
ISU_ILCC_NMC,ISU_ILCC_NMC/G22C4,fixed_shift,0.17723129767138612,6
ISU_ILCC_NMC,ISU_ILCC_NMC/G23C1,fixed_shift,0.18758529030626625,8
ISU_ILCC_NMC,ISU_ILCC_NMC/G23C2,fixed_shift,0.15055874793964985,9
ISU_ILCC_NMC,ISU_ILCC_NMC/G23C3,fixed_shift,0.17917620150918614,7
ISU_ILCC_NMC,ISU_ILCC_NMC/G23C4,fixed_shift,0.15054777412667042,9
ISU_ILCC_NMC,ISU_ILCC_NMC/G24C1,fixed_shift,0.13197024390232706,7
ISU_ILCC_NMC,ISU_ILCC_NMC/G24C2,fixed_shift,0.1468986258032955,9
ISU_ILCC_NMC,ISU_ILCC_NMC/G24C3,fixed_shift,0.16743644490001533,6
ISU_ILCC_NMC,ISU_ILCC_NMC/G24C4,fixed_shift,0.16812065450553643,7
ISU_ILCC_NMC,ISU_ILCC_NMC/G25C1,fixed_shift,0.13901270786677816,9
ISU_ILCC_NMC,ISU_ILCC_NMC/G25C2,fixed_shift,0.11541074409752165,10
ISU_ILCC_NMC,ISU_ILCC_NMC/G25C3,fixed_shift,0.2433249020603119,18
ISU_ILCC_NMC,ISU_ILCC_NMC/G25C4,fixed_shift,0.20646543823630234,41
ISU_ILCC_NMC,ISU_ILCC_NMC/G26C1,fixed_shift,0.061238816710763054,23
ISU_ILCC_NMC,ISU_ILCC_NMC/G26C2,fixed_shift,0.11311033217939041,41
ISU_ILCC_NMC,ISU_ILCC_NMC/G26C3,fixed_shift,0.09161832037560413,59
ISU_ILCC_NMC,ISU_ILCC_NMC/G26C4,fixed_shift,0.08688531578389758,33
ISU_ILCC_NMC,ISU_ILCC_NMC/G27C1,fixed_shift,0.19595434562024824,18
ISU_ILCC_NMC,ISU_ILCC_NMC/G27C2,fixed_shift,0.2501957635856508,18
ISU_ILCC_NMC,ISU_ILCC_NMC/G27C3,fixed_shift,0.1664517400199237,10
ISU_ILCC_NMC,ISU_ILCC_NMC/G27C4,fixed_shift,0.22010818311248392,18
ISU_ILCC_NMC,ISU_ILCC_NMC/G28C1,fixed_shift,0.1413951969705907,7
ISU_ILCC_NMC,ISU_ILCC_NMC/G28C2,fixed_shift,0.17630811043768232,10
ISU_ILCC_NMC,ISU_ILCC_NMC/G28C3,fixed_shift,0.1286516930287088,10
ISU_ILCC_NMC,ISU_ILCC_NMC/G28C4,fixed_shift,0.22520501992823655,5
ISU_ILCC_NMC,ISU_ILCC_NMC/G29C1,fixed_shift,0.1685451199158035,9
ISU_ILCC_NMC,ISU_ILCC_NMC/G29C2,fixed_shift,0.1661829363372464,18
ISU_ILCC_NMC,ISU_ILCC_NMC/G29C3,fixed_shift,0.16155579398503553,13
ISU_ILCC_NMC,ISU_ILCC_NMC/G29C4,fixed_shift,0.14835934019155878,10
ISU_ILCC_NMC,ISU_ILCC_NMC/G2C1,fixed_shift,0.1318537268495964,21
ISU_ILCC_NMC,ISU_ILCC_NMC/G2C2,fixed_shift,0.1296738631816988,24
ISU_ILCC_NMC,ISU_ILCC_NMC/G2C3,fixed_shift,0.0998000968797314,23
ISU_ILCC_NMC,ISU_ILCC_NMC/G2C4,fixed_shift,0.12033853336209575,23
ISU_ILCC_NMC,ISU_ILCC_NMC/G30C1,fixed_shift,0.2443282295715771,11
ISU_ILCC_NMC,ISU_ILCC_NMC/G30C2,fixed_shift,0.16259068736299093,12
ISU_ILCC_NMC,ISU_ILCC_NMC/G30C3,fixed_shift,0.16479078792623003,18
ISU_ILCC_NMC,ISU_ILCC_NMC/G30C4,fixed_shift,0.20146077863532924,8
ISU_ILCC_NMC,ISU_ILCC_NMC/G31C1,fixed_shift,0.16671388790133326,13
ISU_ILCC_NMC,ISU_ILCC_NMC/G31C2,fixed_shift,0.22650599844002614,11
ISU_ILCC_NMC,ISU_ILCC_NMC/G31C3,fixed_shift,0.1983470067659088,11
ISU_ILCC_NMC,ISU_ILCC_NMC/G31C4,fixed_shift,0.2473677927414781,11
ISU_ILCC_NMC,ISU_ILCC_NMC/G32C1,fixed_shift,0.16432345341729485,20
ISU_ILCC_NMC,ISU_ILCC_NMC/G32C2,fixed_shift,0.154082111205879,15
ISU_ILCC_NMC,ISU_ILCC_NMC/G32C3,fixed_shift,0.17410275630867128,18
ISU_ILCC_NMC,ISU_ILCC_NMC/G32C4,fixed_shift,0.13442539195617592,16
ISU_ILCC_NMC,ISU_ILCC_NMC/G33C1,fixed_shift,0.17703402256401474,19
ISU_ILCC_NMC,ISU_ILCC_NMC/G33C2,fixed_shift,0.17883729601125223,16
ISU_ILCC_NMC,ISU_ILCC_NMC/G33C3,fixed_shift,0.11644421628096864,21
ISU_ILCC_NMC,ISU_ILCC_NMC/G33C4,fixed_shift,0.1568269658178148,15
ISU_ILCC_NMC,ISU_ILCC_NMC/G34C1,fixed_shift,0.1735582131946003,24
ISU_ILCC_NMC,ISU_ILCC_NMC/G34C2,fixed_shift,0.13238538494308827,24
ISU_ILCC_NMC,ISU_ILCC_NMC/G34C3,fixed_shift,0.18239255016979125,21
ISU_ILCC_NMC,ISU_ILCC_NMC/G34C4,fixed_shift,0.19567961852231208,24
ISU_ILCC_NMC,ISU_ILCC_NMC/G35C1,fixed_shift,0.18540471922354945,17
ISU_ILCC_NMC,ISU_ILCC_NMC/G35C2,fixed_shift,0.1563865785364105,5
ISU_ILCC_NMC,ISU_ILCC_NMC/G35C3,fixed_shift,0.21098257173851037,10
ISU_ILCC_NMC,ISU_ILCC_NMC/G35C4,fixed_shift,0.21006849997680305,8
ISU_ILCC_NMC,ISU_ILCC_NMC/G36C1,fixed_shift,0.23143022028866217,11
ISU_ILCC_NMC,ISU_ILCC_NMC/G36C2,fixed_shift,0.1884808768891872,13
ISU_ILCC_NMC,ISU_ILCC_NMC/G36C3,fixed_shift,0.20966397769384135,15
ISU_ILCC_NMC,ISU_ILCC_NMC/G36C4,fixed_shift,0.174093972801127,4
ISU_ILCC_NMC,ISU_ILCC_NMC/G37C1,fixed_shift,0.14758335298509812,17
ISU_ILCC_NMC,ISU_ILCC_NMC/G37C2,fixed_shift,0.13750757321831406,14
ISU_ILCC_NMC,ISU_ILCC_NMC/G37C3,fixed_shift,0.15420731477505917,13
ISU_ILCC_NMC,ISU_ILCC_NMC/G37C4,fixed_shift,0.14194510646908393,10
ISU_ILCC_NMC,ISU_ILCC_NMC/G38C1,fixed_shift,0.24742196382852416,9
ISU_ILCC_NMC,ISU_ILCC_NMC/G38C2,fixed_shift,0.2412853798561264,7
ISU_ILCC_NMC,ISU_ILCC_NMC/G38C3,fixed_shift,0.19729776562534598,12
ISU_ILCC_NMC,ISU_ILCC_NMC/G38C4,fixed_shift,0.20903860814542996,15
ISU_ILCC_NMC,ISU_ILCC_NMC/G39C1,fixed_shift,0.18954401658791833,10
ISU_ILCC_NMC,ISU_ILCC_NMC/G39C2,fixed_shift,0.18689521388936442,10
ISU_ILCC_NMC,ISU_ILCC_NMC/G39C3,fixed_shift,0.22076461892278756,10
ISU_ILCC_NMC,ISU_ILCC_NMC/G39C4,fixed_shift,0.22980120285733432,13
ISU_ILCC_NMC,ISU_ILCC_NMC/G3C1,fixed_shift,0.10468751333669785,26
ISU_ILCC_NMC,ISU_ILCC_NMC/G3C2,fixed_shift,0.11549058513198432,14
ISU_ILCC_NMC,ISU_ILCC_NMC/G3C3,fixed_shift,0.13209432499465354,23
ISU_ILCC_NMC,ISU_ILCC_NMC/G3C4,fixed_shift,0.1291281793960075,14
ISU_ILCC_NMC,ISU_ILCC_NMC/G40C1,fixed_shift,0.1626732759381931,33
ISU_ILCC_NMC,ISU_ILCC_NMC/G40C2,fixed_shift,0.16043074714907282,28
ISU_ILCC_NMC,ISU_ILCC_NMC/G40C3,fixed_shift,0.13515119797715988,26
ISU_ILCC_NMC,ISU_ILCC_NMC/G40C4,fixed_shift,0.20490401860475546,33
ISU_ILCC_NMC,ISU_ILCC_NMC/G41C1,fixed_shift,0.25046481916736413,30
ISU_ILCC_NMC,ISU_ILCC_NMC/G41C2,fixed_shift,0.21754197957993535,17
ISU_ILCC_NMC,ISU_ILCC_NMC/G41C3,fixed_shift,0.24834439387888455,24
ISU_ILCC_NMC,ISU_ILCC_NMC/G41C4,fixed_shift,0.26137916496236496,24
ISU_ILCC_NMC,ISU_ILCC_NMC/G42C1,fixed_shift,0.2015051293935597,24
ISU_ILCC_NMC,ISU_ILCC_NMC/G42C2,fixed_shift,0.20637457496736586,24
ISU_ILCC_NMC,ISU_ILCC_NMC/G42C3,fixed_shift,0.2414869478722265,19
ISU_ILCC_NMC,ISU_ILCC_NMC/G42C4,fixed_shift,0.11890994798547808,26
ISU_ILCC_NMC,ISU_ILCC_NMC/G43C1,fixed_shift,0.21267896936495986,28
ISU_ILCC_NMC,ISU_ILCC_NMC/G43C2,fixed_shift,0.19779406118008172,20
ISU_ILCC_NMC,ISU_ILCC_NMC/G43C3,fixed_shift,0.19776100287142578,28
ISU_ILCC_NMC,ISU_ILCC_NMC/G43C4,fixed_shift,0.21678632597664632,23
ISU_ILCC_NMC,ISU_ILCC_NMC/G44C1,fixed_shift,0.1567455531212771,13
ISU_ILCC_NMC,ISU_ILCC_NMC/G44C2,fixed_shift,0.17784428048581583,22
ISU_ILCC_NMC,ISU_ILCC_NMC/G44C3,fixed_shift,0.13009513056270233,24
ISU_ILCC_NMC,ISU_ILCC_NMC/G44C4,fixed_shift,0.14885083982559358,21
ISU_ILCC_NMC,ISU_ILCC_NMC/G45C1,fixed_shift,0.26825716036869907,10
ISU_ILCC_NMC,ISU_ILCC_NMC/G45C2,fixed_shift,0.3238913346797306,11
ISU_ILCC_NMC,ISU_ILCC_NMC/G45C3,fixed_shift,0.29137718543931657,11
ISU_ILCC_NMC,ISU_ILCC_NMC/G45C4,fixed_shift,0.25060504049356264,10
ISU_ILCC_NMC,ISU_ILCC_NMC/G46C1,fixed_shift,0.26205993938065436,11
ISU_ILCC_NMC,ISU_ILCC_NMC/G46C2,fixed_shift,0.2294729851289138,11
ISU_ILCC_NMC,ISU_ILCC_NMC/G46C3,fixed_shift,0.2980063069502204,8
ISU_ILCC_NMC,ISU_ILCC_NMC/G46C4,fixed_shift,0.2714183935277214,11
ISU_ILCC_NMC,ISU_ILCC_NMC/G47C1,fixed_shift,0.2275130978726087,10
ISU_ILCC_NMC,ISU_ILCC_NMC/G47C2,fixed_shift,0.19032818723125777,16
ISU_ILCC_NMC,ISU_ILCC_NMC/G47C3,fixed_shift,0.19489211722118344,11
ISU_ILCC_NMC,ISU_ILCC_NMC/G47C4,fixed_shift,0.23846202644052727,10
ISU_ILCC_NMC,ISU_ILCC_NMC/G48C1,fixed_shift,0.16911882600948114,8
ISU_ILCC_NMC,ISU_ILCC_NMC/G48C2,fixed_shift,0.24114482895500858,9
ISU_ILCC_NMC,ISU_ILCC_NMC/G48C3,fixed_shift,0.1884029252395374,11
ISU_ILCC_NMC,ISU_ILCC_NMC/G48C4,fixed_shift,0.24430156488570515,8
ISU_ILCC_NMC,ISU_ILCC_NMC/G49C1,fixed_shift,0.0971918177267606,32
ISU_ILCC_NMC,ISU_ILCC_NMC/G49C2,fixed_shift,0.11459888147750136,32
ISU_ILCC_NMC,ISU_ILCC_NMC/G49C3,fixed_shift,0.0974116239443267,32
ISU_ILCC_NMC,ISU_ILCC_NMC/G49C4,fixed_shift,0.12141956116622517,32
ISU_ILCC_NMC,ISU_ILCC_NMC/G4C1,fixed_shift,0.10731968963006447,21
ISU_ILCC_NMC,ISU_ILCC_NMC/G4C2,fixed_shift,0.10089764632411648,22
ISU_ILCC_NMC,ISU_ILCC_NMC/G4C3,fixed_shift,0.09421209185067149,25
ISU_ILCC_NMC,ISU_ILCC_NMC/G4C4,fixed_shift,0.0785745918550041,16
ISU_ILCC_NMC,ISU_ILCC_NMC/G50C1,fixed_shift,0.1850287105404645,26
ISU_ILCC_NMC,ISU_ILCC_NMC/G50C2,fixed_shift,0.21725511152994792,20
ISU_ILCC_NMC,ISU_ILCC_NMC/G50C3,fixed_shift,0.11648596785288591,30
ISU_ILCC_NMC,ISU_ILCC_NMC/G50C4,fixed_shift,0.18252730193648647,27
ISU_ILCC_NMC,ISU_ILCC_NMC/G51C1,fixed_shift,0.1866043893580218,11
ISU_ILCC_NMC,ISU_ILCC_NMC/G51C2,fixed_shift,0.17714234575599483,12
ISU_ILCC_NMC,ISU_ILCC_NMC/G51C3,fixed_shift,0.21689993047490191,10
ISU_ILCC_NMC,ISU_ILCC_NMC/G51C4,fixed_shift,0.19824189088071584,12
ISU_ILCC_NMC,ISU_ILCC_NMC/G52C1,fixed_shift,0.21005300224554307,21
ISU_ILCC_NMC,ISU_ILCC_NMC/G52C2,fixed_shift,0.23929651872740254,16
ISU_ILCC_NMC,ISU_ILCC_NMC/G52C3,fixed_shift,0.21385642446137934,16
ISU_ILCC_NMC,ISU_ILCC_NMC/G52C4,fixed_shift,0.17276261490327466,18
ISU_ILCC_NMC,ISU_ILCC_NMC/G53C1,fixed_shift,0.45103925311836224,2
ISU_ILCC_NMC,ISU_ILCC_NMC/G53C2,fixed_shift,0.33126259801790114,3
ISU_ILCC_NMC,ISU_ILCC_NMC/G53C3,fixed_shift,0.4205427533171582,3
ISU_ILCC_NMC,ISU_ILCC_NMC/G53C4,fixed_shift,0.24164632607878853,14
ISU_ILCC_NMC,ISU_ILCC_NMC/G54C1,fixed_shift,0.13383279895677508,25
ISU_ILCC_NMC,ISU_ILCC_NMC/G54C2,fixed_shift,0.13510188921818417,29
ISU_ILCC_NMC,ISU_ILCC_NMC/G54C3,fixed_shift,0.13434135724809432,27
ISU_ILCC_NMC,ISU_ILCC_NMC/G54C4,fixed_shift,0.1346776123570848,23
ISU_ILCC_NMC,ISU_ILCC_NMC/G55C1,fixed_shift,0.23800278485808074,16
ISU_ILCC_NMC,ISU_ILCC_NMC/G55C2,fixed_shift,0.2193640070942424,16
ISU_ILCC_NMC,ISU_ILCC_NMC/G55C3,fixed_shift,0.2209033244027553,14
ISU_ILCC_NMC,ISU_ILCC_NMC/G55C4,fixed_shift,0.2545615906066725,16
ISU_ILCC_NMC,ISU_ILCC_NMC/G56C1,fixed_shift,0.19267711233374546,27
ISU_ILCC_NMC,ISU_ILCC_NMC/G56C2,fixed_shift,0.2066388040798649,25
ISU_ILCC_NMC,ISU_ILCC_NMC/G56C3,fixed_shift,0.22403639534377293,18
ISU_ILCC_NMC,ISU_ILCC_NMC/G56C4,fixed_shift,0.20817407958289663,23
ISU_ILCC_NMC,ISU_ILCC_NMC/G57C1,fixed_shift,0.0875797033331374,31
ISU_ILCC_NMC,ISU_ILCC_NMC/G57C2,fixed_shift,0.06251389223811676,31
ISU_ILCC_NMC,ISU_ILCC_NMC/G57C3,fixed_shift,0.10984110867363883,31
ISU_ILCC_NMC,ISU_ILCC_NMC/G57C4,fixed_shift,0.09508295945058513,31
ISU_ILCC_NMC,ISU_ILCC_NMC/G58C1,fixed_shift,0.16162453543686256,31
ISU_ILCC_NMC,ISU_ILCC_NMC/G58C2,fixed_shift,0.2472806920841577,21
ISU_ILCC_NMC,ISU_ILCC_NMC/G58C3,fixed_shift,0.23657313442959535,25
ISU_ILCC_NMC,ISU_ILCC_NMC/G58C4,fixed_shift,0.1927156633999585,25
ISU_ILCC_NMC,ISU_ILCC_NMC/G59C1,fixed_shift,0.1433921953799719,29
ISU_ILCC_NMC,ISU_ILCC_NMC/G59C2,fixed_shift,0.15551216526362954,27
ISU_ILCC_NMC,ISU_ILCC_NMC/G59C3,fixed_shift,0.1539316152780637,21
ISU_ILCC_NMC,ISU_ILCC_NMC/G59C4,fixed_shift,0.1759676189798793,25
ISU_ILCC_NMC,ISU_ILCC_NMC/G5C1,fixed_shift,0.18645037756073343,9
ISU_ILCC_NMC,ISU_ILCC_NMC/G5C2,fixed_shift,0.3057024057132751,11
ISU_ILCC_NMC,ISU_ILCC_NMC/G5C3,fixed_shift,0.10926545916171437,11
ISU_ILCC_NMC,ISU_ILCC_NMC/G5C4,fixed_shift,0.3014451165335939,5
ISU_ILCC_NMC,ISU_ILCC_NMC/G60C1,fixed_shift,0.23732778468337265,15
ISU_ILCC_NMC,ISU_ILCC_NMC/G60C2,fixed_shift,0.2037823793271417,11
ISU_ILCC_NMC,ISU_ILCC_NMC/G60C3,fixed_shift,0.28260215046752557,10
ISU_ILCC_NMC,ISU_ILCC_NMC/G60C4,fixed_shift,0.2564589353727338,12
ISU_ILCC_NMC,ISU_ILCC_NMC/G61C2,fixed_shift,0.20836253371874663,15
ISU_ILCC_NMC,ISU_ILCC_NMC/G61C3,fixed_shift,0.19151952679610093,6
ISU_ILCC_NMC,ISU_ILCC_NMC/G61C4,fixed_shift,0.2004710205270819,15
ISU_ILCC_NMC,ISU_ILCC_NMC/G62C1,fixed_shift,0.18496903645554463,16
ISU_ILCC_NMC,ISU_ILCC_NMC/G62C2,fixed_shift,0.2114470572390233,11
ISU_ILCC_NMC,ISU_ILCC_NMC/G62C3,fixed_shift,0.21989595726249342,13
ISU_ILCC_NMC,ISU_ILCC_NMC/G62C4,fixed_shift,0.2468141327948812,7
ISU_ILCC_NMC,ISU_ILCC_NMC/G63C1,fixed_shift,0.18895908312201942,7
ISU_ILCC_NMC,ISU_ILCC_NMC/G63C2,fixed_shift,0.22058968201829726,7
ISU_ILCC_NMC,ISU_ILCC_NMC/G63C3,fixed_shift,0.19428809403809463,13
ISU_ILCC_NMC,ISU_ILCC_NMC/G63C4,fixed_shift,0.17652328298330458,18
ISU_ILCC_NMC,ISU_ILCC_NMC/G64C1,fixed_shift,0.21955358659106458,6
ISU_ILCC_NMC,ISU_ILCC_NMC/G64C2,fixed_shift,0.2940366037715379,6
ISU_ILCC_NMC,ISU_ILCC_NMC/G64C3,fixed_shift,0.17145712531569482,6
ISU_ILCC_NMC,ISU_ILCC_NMC/G64C4,fixed_shift,0.2792993045847908,15
ISU_ILCC_NMC,ISU_ILCC_NMC/G6C1,fixed_shift,0.10029834017024951,31
ISU_ILCC_NMC,ISU_ILCC_NMC/G6C2,fixed_shift,0.16082700672398514,52
ISU_ILCC_NMC,ISU_ILCC_NMC/G6C3,fixed_shift,0.1835240191997136,75
ISU_ILCC_NMC,ISU_ILCC_NMC/G6C4,fixed_shift,0.20032980518969248,52
ISU_ILCC_NMC,ISU_ILCC_NMC/G7C1,fixed_shift,0.13760206025537164,21
ISU_ILCC_NMC,ISU_ILCC_NMC/G7C2,fixed_shift,0.12648629369457012,19
ISU_ILCC_NMC,ISU_ILCC_NMC/G7C3,fixed_shift,0.2366616726629042,58
ISU_ILCC_NMC,ISU_ILCC_NMC/G7C4,fixed_shift,0.1300204833412021,25
ISU_ILCC_NMC,ISU_ILCC_NMC/G8C1,fixed_shift,0.12671814203951834,10
ISU_ILCC_NMC,ISU_ILCC_NMC/G8C2,fixed_shift,0.11542737001308383,12
ISU_ILCC_NMC,ISU_ILCC_NMC/G8C3,fixed_shift,0.16168903402803483,27
ISU_ILCC_NMC,ISU_ILCC_NMC/G8C4,fixed_shift,0.1431955268456077,23
ISU_ILCC_NMC,ISU_ILCC_NMC/G9C1,fixed_shift,0.11665548836421014,2
ISU_ILCC_NMC,ISU_ILCC_NMC/G9C2,fixed_shift,0.15419688604064868,2
ISU_ILCC_NMC,ISU_ILCC_NMC/G9C3,fixed_shift,0.10701831228228327,3
ISU_ILCC_NMC,ISU_ILCC_NMC/G9C4,fixed_shift,0.18703062851376862,1
LUH_NMC_SIO,LUH_NMC_SIO/P001_1,fixed_shift,0.04164978905974528,18
LUH_NMC_SIO,LUH_NMC_SIO/P001_2,fixed_shift,0.04318122466654234,18
LUH_NMC_SIO,LUH_NMC_SIO/P001_3,fixed_shift,0.04345172344046073,18
LUH_NMC_SIO,LUH_NMC_SIO/P002_1,fixed_shift,0.04635031859031082,18
LUH_NMC_SIO,LUH_NMC_SIO/P002_2,fixed_shift,0.04196911830446693,18
LUH_NMC_SIO,LUH_NMC_SIO/P002_3,fixed_shift,0.04401090496141881,18
LUH_NMC_SIO,LUH_NMC_SIO/P003_1,fixed_shift,0.054858456123623306,18
LUH_NMC_SIO,LUH_NMC_SIO/P003_2,fixed_shift,0.053553918947431806,18
LUH_NMC_SIO,LUH_NMC_SIO/P003_3,fixed_shift,0.05363232340193681,18
LUH_NMC_SIO,LUH_NMC_SIO/P004_1,fixed_shift,0.055573574639533906,18
LUH_NMC_SIO,LUH_NMC_SIO/P004_2,fixed_shift,0.05328126281097037,18
LUH_NMC_SIO,LUH_NMC_SIO/P004_3,fixed_shift,0.05351620486159599,18
LUH_NMC_SIO,LUH_NMC_SIO/P005_1,fixed_shift,0.041258850821058006,18
LUH_NMC_SIO,LUH_NMC_SIO/P005_2,fixed_shift,0.041522611214408776,18
LUH_NMC_SIO,LUH_NMC_SIO/P005_3,fixed_shift,0.03926366223252972,18
LUH_NMC_SIO,LUH_NMC_SIO/P006_1,fixed_shift,0.04646500908037618,18
LUH_NMC_SIO,LUH_NMC_SIO/P006_2,fixed_shift,0.04654154446497015,18
LUH_NMC_SIO,LUH_NMC_SIO/P006_3,fixed_shift,0.04396106241527149,18
LUH_NMC_SIO,LUH_NMC_SIO/P007_1,fixed_shift,0.05461528492892384,18
LUH_NMC_SIO,LUH_NMC_SIO/P007_2,fixed_shift,0.053524877543137124,18
LUH_NMC_SIO,LUH_NMC_SIO/P007_3,fixed_shift,0.05320414814080622,18
LUH_NMC_SIO,LUH_NMC_SIO/P008_1,fixed_shift,0.05590256965988067,18
LUH_NMC_SIO,LUH_NMC_SIO/P008_2,fixed_shift,0.05716234232653731,18
LUH_NMC_SIO,LUH_NMC_SIO/P008_3,fixed_shift,0.05649497416970381,18
LUH_NMC_SIO,LUH_NMC_SIO/P009_1,fixed_shift,0.04267952337319607,18
LUH_NMC_SIO,LUH_NMC_SIO/P009_2,fixed_shift,0.043653593996142534,18
LUH_NMC_SIO,LUH_NMC_SIO/P009_3,fixed_shift,0.042681024243937216,18
LUH_NMC_SIO,LUH_NMC_SIO/P010_1,fixed_shift,0.04740519647007938,18
LUH_NMC_SIO,LUH_NMC_SIO/P010_2,fixed_shift,0.04737472839638726,18
LUH_NMC_SIO,LUH_NMC_SIO/P010_3,fixed_shift,0.046828394696226266,18
LUH_NMC_SIO,LUH_NMC_SIO/P011_1,fixed_shift,0.06032037052949778,18
LUH_NMC_SIO,LUH_NMC_SIO/P011_2,fixed_shift,0.055618456708218106,18
LUH_NMC_SIO,LUH_NMC_SIO/P011_3,fixed_shift,0.057322819239417414,18
LUH_NMC_SIO,LUH_NMC_SIO/P012_1,fixed_shift,0.06308359179745854,18
LUH_NMC_SIO,LUH_NMC_SIO/P012_2,fixed_shift,0.057864288609379075,18
LUH_NMC_SIO,LUH_NMC_SIO/P012_3,fixed_shift,0.06950474877080191,18
LUH_NMC_SIO,LUH_NMC_SIO/P013_1,fixed_shift,0.05289002263407829,18
LUH_NMC_SIO,LUH_NMC_SIO/P013_2,fixed_shift,0.053205691667437015,18
LUH_NMC_SIO,LUH_NMC_SIO/P013_3,fixed_shift,0.05210485963070976,18
LUH_NMC_SIO,LUH_NMC_SIO/P014_1,fixed_shift,0.0672844454853722,18
LUH_NMC_SIO,LUH_NMC_SIO/P014_2,fixed_shift,0.06920572048250907,18
LUH_NMC_SIO,LUH_NMC_SIO/P014_3,fixed_shift,0.06867459055456408,18
LUH_NMC_SIO,LUH_NMC_SIO/P015_1,fixed_shift,0.10327386479341813,18
LUH_NMC_SIO,LUH_NMC_SIO/P015_2,fixed_shift,0.09326609991324226,18
LUH_NMC_SIO,LUH_NMC_SIO/P015_3,fixed_shift,0.0952735175144128,18
LUH_NMC_SIO,LUH_NMC_SIO/P016_1,fixed_shift,0.08515145775555685,18
LUH_NMC_SIO,LUH_NMC_SIO/P016_2,fixed_shift,0.08392358958746014,18
LUH_NMC_SIO,LUH_NMC_SIO/P016_3,fixed_shift,0.10287068153771418,18
LUH_NMC_SIO,LUH_NMC_SIO/P017_1,fixed_shift,0.05859453108371779,4
LUH_NMC_SIO,LUH_NMC_SIO/P017_2,fixed_shift,0.07047463260291545,4
LUH_NMC_SIO,LUH_NMC_SIO/P017_3,fixed_shift,0.0760696262175673,4
LUH_NMC_SIO,LUH_NMC_SIO/P018_1,fixed_shift,0.10951253178750553,2
LUH_NMC_SIO,LUH_NMC_SIO/P018_2,fixed_shift,0.1010795066171184,2
LUH_NMC_SIO,LUH_NMC_SIO/P018_3,fixed_shift,0.11520975645784748,1
LUH_NMC_SIO,LUH_NMC_SIO/P021_1,fixed_shift,0.10199837147806047,11
LUH_NMC_SIO,LUH_NMC_SIO/P021_2,fixed_shift,0.08289845261953302,10
LUH_NMC_SIO,LUH_NMC_SIO/P021_3,fixed_shift,0.08992799318551528,10
LUH_NMC_SIO,LUH_NMC_SIO/P022_1,fixed_shift,0.07511416603220648,3
LUH_NMC_SIO,LUH_NMC_SIO/P022_2,fixed_shift,0.09565278498287492,3
LUH_NMC_SIO,LUH_NMC_SIO/P022_3,fixed_shift,0.06928603268563371,2
LUH_NMC_SIO,LUH_NMC_SIO/P025_1,fixed_shift,0.09213094933148394,18
LUH_NMC_SIO,LUH_NMC_SIO/P025_2,fixed_shift,0.09841781797427107,17
LUH_NMC_SIO,LUH_NMC_SIO/P025_3,fixed_shift,0.10299441474374414,18
LUH_NMC_SIO,LUH_NMC_SIO/P026_1,fixed_shift,0.08182018996725728,7
LUH_NMC_SIO,LUH_NMC_SIO/P026_2,fixed_shift,0.08807380748359554,7
LUH_NMC_SIO,LUH_NMC_SIO/P026_3,fixed_shift,0.1109158966745903,7
LUH_NMC_SIO,LUH_NMC_SIO/P027_3,fixed_shift,0.12707428785627206,1
LUH_NMC_SIO,LUH_NMC_SIO/P029_1,fixed_shift,0.07196438959495638,9
LUH_NMC_SIO,LUH_NMC_SIO/P029_2,fixed_shift,0.06309338487664347,9
LUH_NMC_SIO,LUH_NMC_SIO/P029_3,fixed_shift,0.07094930977320857,10
LUH_NMC_SIO,LUH_NMC_SIO/P030_1,fixed_shift,0.0503790901324182,4
LUH_NMC_SIO,LUH_NMC_SIO/P030_2,fixed_shift,0.06897875617817575,4
LUH_NMC_SIO,LUH_NMC_SIO/P030_3,fixed_shift,0.06714128088579668,4
LUH_NMC_SIO,LUH_NMC_SIO/P033_1,fixed_shift,0.11639646644498874,18
LUH_NMC_SIO,LUH_NMC_SIO/P033_2,fixed_shift,0.11300398452916946,18
LUH_NMC_SIO,LUH_NMC_SIO/P033_3,fixed_shift,0.09945085214792941,17
LUH_NMC_SIO,LUH_NMC_SIO/P034_1,fixed_shift,0.105607500566008,11
LUH_NMC_SIO,LUH_NMC_SIO/P034_2,fixed_shift,0.08820653105190243,10
LUH_NMC_SIO,LUH_NMC_SIO/P034_3,fixed_shift,0.10679196069579894,11
LUH_NMC_SIO,LUH_NMC_SIO/P037_1,fixed_shift,0.06573961417340596,18
LUH_NMC_SIO,LUH_NMC_SIO/P037_2,fixed_shift,0.018617446005805227,6
LUH_NMC_SIO,LUH_NMC_SIO/P037_3,fixed_shift,0.06815928251901487,18
LUH_NMC_SIO,LUH_NMC_SIO/P038_1,fixed_shift,0.11312355801084416,16
LUH_NMC_SIO,LUH_NMC_SIO/P038_2,fixed_shift,0.09476999623887646,17
LUH_NMC_SIO,LUH_NMC_SIO/P038_3,fixed_shift,0.08570735202758814,14
LUH_NMC_SIO,LUH_NMC_SIO/P039_1,fixed_shift,0.15200335421282507,3
LUH_NMC_SIO,LUH_NMC_SIO/P039_2,fixed_shift,0.13100504391603843,3
LUH_NMC_SIO,LUH_NMC_SIO/P039_3,fixed_shift,0.10928149820990901,2
LUH_NMC_SIO,LUH_NMC_SIO/P040_1,fixed_shift,0.18624542664225174,1
LUH_NMC_SIO,LUH_NMC_SIO/P041_1,fixed_shift,0.10414388838879632,16
LUH_NMC_SIO,LUH_NMC_SIO/P041_2,fixed_shift,0.054848449927239674,11
LUH_NMC_SIO,LUH_NMC_SIO/P041_3,fixed_shift,0.09304757270605313,15
LUH_NMC_SIO,LUH_NMC_SIO/P042_1,fixed_shift,0.10195345379702814,17
LUH_NMC_SIO,LUH_NMC_SIO/P042_2,fixed_shift,0.042820302192757946,7
LUH_NMC_SIO,LUH_NMC_SIO/P042_3,fixed_shift,0.03670376719191599,11
LUH_NMC_SIO,LUH_NMC_SIO/P045_1,fixed_shift,0.03985195360217404,18
LUH_NMC_SIO,LUH_NMC_SIO/P045_2,fixed_shift,0.03935858611542561,18
LUH_NMC_SIO,LUH_NMC_SIO/P045_3,fixed_shift,0.03570953071884789,18
LUH_NMC_SIO,LUH_NMC_SIO/P046_1,fixed_shift,0.03592274608036609,18
LUH_NMC_SIO,LUH_NMC_SIO/P046_2,fixed_shift,0.04100974384072941,18
LUH_NMC_SIO,LUH_NMC_SIO/P046_3,fixed_shift,0.05405919428753328,18
LUH_NMC_SIO,LUH_NMC_SIO/P047_1,fixed_shift,0.0344114220488995,6
LUH_NMC_SIO,LUH_NMC_SIO/P047_2,fixed_shift,0.08343726848212651,6
LUH_NMC_SIO,LUH_NMC_SIO/P047_3,fixed_shift,0.08779936750801286,7
LUH_NMC_SIO,LUH_NMC_SIO/P049_1,fixed_shift,0.036025884065615445,18
LUH_NMC_SIO,LUH_NMC_SIO/P049_2,fixed_shift,0.02824767851932352,18
LUH_NMC_SIO,LUH_NMC_SIO/P049_3,fixed_shift,0.03190268929539412,18
LUH_NMC_SIO,LUH_NMC_SIO/P050_1,fixed_shift,0.03110869682160916,18
LUH_NMC_SIO,LUH_NMC_SIO/P050_2,fixed_shift,0.03340000701232761,18
LUH_NMC_SIO,LUH_NMC_SIO/P050_3,fixed_shift,0.029745791368107375,18
LUH_NMC_SIO,LUH_NMC_SIO/P051_1,fixed_shift,0.05845795762819661,11
LUH_NMC_SIO,LUH_NMC_SIO/P051_2,fixed_shift,0.11009746607019702,18
LUH_NMC_SIO,LUH_NMC_SIO/P051_3,fixed_shift,0.0891059700160307,18
LUH_NMC_SIO,LUH_NMC_SIO/P052_1,fixed_shift,0.13168499525316124,9
LUH_NMC_SIO,LUH_NMC_SIO/P052_2,fixed_shift,0.1434282978623065,5
LUH_NMC_SIO,LUH_NMC_SIO/P053_1,fixed_shift,0.046011514857726,9
LUH_NMC_SIO,LUH_NMC_SIO/P053_2,fixed_shift,0.05162637458743602,9
LUH_NMC_SIO,LUH_NMC_SIO/P053_3,fixed_shift,0.0817109130340273,11
LUH_NMC_SIO,LUH_NMC_SIO/P054_1,fixed_shift,0.07997983562715913,9
LUH_NMC_SIO,LUH_NMC_SIO/P054_2,fixed_shift,0.08713830362157178,11
LUH_NMC_SIO,LUH_NMC_SIO/P054_3,fixed_shift,0.06579217621681666,11
LUH_NMC_SIO,LUH_NMC_SIO/P055_1,fixed_shift,0.0459290411368124,2
LUH_NMC_SIO,LUH_NMC_SIO/P055_2,fixed_shift,0.0162278714478562,2
LUH_NMC_SIO,LUH_NMC_SIO/P055_3,fixed_shift,0.10826123620788428,4
LUH_NMC_SIO,LUH_NMC_SIO/P057_1,fixed_shift,0.05180660118877402,7
LUH_NMC_SIO,LUH_NMC_SIO/P057_2,fixed_shift,0.05070472500819486,7
LUH_NMC_SIO,LUH_NMC_SIO/P057_3,fixed_shift,0.0995026838977518,8
LUH_NMC_SIO,LUH_NMC_SIO/P058_1,fixed_shift,0.07151308965513216,9
LUH_NMC_SIO,LUH_NMC_SIO/P058_2,fixed_shift,0.059455821501299515,7
LUH_NMC_SIO,LUH_NMC_SIO/P058_3,fixed_shift,0.11684846219384676,8
LUH_NMC_SIO,LUH_NMC_SIO/P059_1,fixed_shift,0.21264508726508025,2
LUH_NMC_SIO,LUH_NMC_SIO/P059_2,fixed_shift,0.10234197533421063,2
LUH_NMC_SIO,LUH_NMC_SIO/P059_3,fixed_shift,0.24601310682070837,2
LUH_NMC_SIO,LUH_NMC_SIO/P060_1,fixed_shift,0.3220604111064144,2
LUH_NMC_SIO,LUH_NMC_SIO/P060_3,fixed_shift,0.01633037931036696,1
LUH_NMC_SIO,LUH_NMC_SIO/P061_1,fixed_shift,0.04071888188898153,18
LUH_NMC_SIO,LUH_NMC_SIO/P061_2,fixed_shift,0.04736963849870682,18
LUH_NMC_SIO,LUH_NMC_SIO/P061_3,fixed_shift,0.041157686157389926,18
LUH_NMC_SIO,LUH_NMC_SIO/P062_1,fixed_shift,0.051961395716844806,18
LUH_NMC_SIO,LUH_NMC_SIO/P062_2,fixed_shift,0.05120452445895132,18
LUH_NMC_SIO,LUH_NMC_SIO/P062_3,fixed_shift,0.05225374389339857,18
LUH_NMC_SIO,LUH_NMC_SIO/P063_1,fixed_shift,0.10792921788032686,18
LUH_NMC_SIO,LUH_NMC_SIO/P063_2,fixed_shift,0.08637231579531283,18
LUH_NMC_SIO,LUH_NMC_SIO/P063_3,fixed_shift,0.06337878884047823,18
LUH_NMC_SIO,LUH_NMC_SIO/P064_1,fixed_shift,0.10358248147775727,11
LUH_NMC_SIO,LUH_NMC_SIO/P064_2,fixed_shift,0.08585913812513438,9
LUH_NMC_SIO,LUH_NMC_SIO/P064_3,fixed_shift,0.05082977881044878,3
LUH_NMC_SIO,LUH_NMC_SIO/P065_1,fixed_shift,0.09437931274096736,13
LUH_NMC_SIO,LUH_NMC_SIO/P065_2,fixed_shift,0.13576900332023759,14
LUH_NMC_SIO,LUH_NMC_SIO/P065_3,fixed_shift,0.10266746778843681,14
LUH_NMC_SIO,LUH_NMC_SIO/P066_1,fixed_shift,0.08909090927315289,18
LUH_NMC_SIO,LUH_NMC_SIO/P066_2,fixed_shift,0.09684761328280994,18
LUH_NMC_SIO,LUH_NMC_SIO/P066_3,fixed_shift,0.0919158524235078,18
LUH_NMC_SIO,LUH_NMC_SIO/P068_1,fixed_shift,0.10535628774066945,18
LUH_NMC_SIO,LUH_NMC_SIO/P068_2,fixed_shift,0.10330038458139257,18
LUH_NMC_SIO,LUH_NMC_SIO/P068_3,fixed_shift,0.1049134417721474,18
LUH_NMC_SIO,LUH_NMC_SIO/P069_1,fixed_shift,0.09672635892441411,18
LUH_NMC_SIO,LUH_NMC_SIO/P069_2,fixed_shift,0.10325134537990859,18
LUH_NMC_SIO,LUH_NMC_SIO/P069_3,fixed_shift,0.09776490431709321,18
LUH_NMC_SIO,LUH_NMC_SIO/P070_1,fixed_shift,0.07163866631752347,1
LUH_NMC_SIO,LUH_NMC_SIO/P070_2,fixed_shift,0.11805420365751307,1
LUH_NMC_SIO,LUH_NMC_SIO/P070_3,fixed_shift,0.26883444779302523,3
LUH_NMC_SIO,LUH_NMC_SIO/P071_1,fixed_shift,0.05511714537007453,18
LUH_NMC_SIO,LUH_NMC_SIO/P071_2,fixed_shift,0.05555400738397752,18
LUH_NMC_SIO,LUH_NMC_SIO/P071_3,fixed_shift,0.051747570022437545,18
LUH_NMC_SIO,LUH_NMC_SIO/P072_1,fixed_shift,0.08483706224312004,18
LUH_NMC_SIO,LUH_NMC_SIO/P072_2,fixed_shift,0.08042355698564625,18
LUH_NMC_SIO,LUH_NMC_SIO/P072_3,fixed_shift,0.08001615075128528,18
LUH_NMC_SIO,LUH_NMC_SIO/P073_1,fixed_shift,0.09796663439768498,6
LUH_NMC_SIO,LUH_NMC_SIO/P073_2,fixed_shift,0.10355956855655311,6
LUH_NMC_SIO,LUH_NMC_SIO/P073_3,fixed_shift,0.1144890878152527,7
LUH_NMC_SIO,LUH_NMC_SIO/P074_1,fixed_shift,0.12534125128354734,13
LUH_NMC_SIO,LUH_NMC_SIO/P074_2,fixed_shift,0.13565502152478007,11
LUH_NMC_SIO,LUH_NMC_SIO/P074_3,fixed_shift,0.08665708273496088,11
LUH_NMC_SIO,LUH_NMC_SIO/P075_1,fixed_shift,0.05574670313504414,18
LUH_NMC_SIO,LUH_NMC_SIO/P075_2,fixed_shift,0.0584884491476891,18
LUH_NMC_SIO,LUH_NMC_SIO/P075_3,fixed_shift,0.05324772463407844,18
LUH_NMC_SIO,LUH_NMC_SIO/P076_1,fixed_shift,0.07521088442762854,18
LUH_NMC_SIO,LUH_NMC_SIO/P076_2,fixed_shift,0.0763378449045524,18
LUH_NMC_SIO,LUH_NMC_SIO/P076_3,fixed_shift,0.07324927743822235,18
MULTISTAGE_50E,MULTISTAGE_50E/S1_TP_z01_C1,fixed_shift,0.014905606190579438,12
MULTISTAGE_50E,MULTISTAGE_50E/S1_TP_z01_C2,fixed_shift,0.013595410625452766,12
MULTISTAGE_50E,MULTISTAGE_50E/S1_TP_z01_C3,fixed_shift,0.013553474899653362,12
MULTISTAGE_50E,MULTISTAGE_50E/S1_TP_z02_C1,fixed_shift,0.012949526563647082,12
MULTISTAGE_50E,MULTISTAGE_50E/S1_TP_z02_C2,fixed_shift,0.01305778955830599,12
MULTISTAGE_50E,MULTISTAGE_50E/S1_TP_z02_C3,fixed_shift,0.012558012100947888,12
MULTISTAGE_50E,MULTISTAGE_50E/S1_TP_z03_C1,fixed_shift,0.025836125445204788,12
MULTISTAGE_50E,MULTISTAGE_50E/S1_TP_z03_C2,fixed_shift,0.022727471035442492,12
MULTISTAGE_50E,MULTISTAGE_50E/S1_TP_z03_C3,fixed_shift,0.02347914205727883,12
MULTISTAGE_50E,MULTISTAGE_50E/S1_TP_z04_C1,fixed_shift,0.009859886634141335,2
MULTISTAGE_50E,MULTISTAGE_50E/S1_TP_z04_C2,fixed_shift,0.02412663204565857,3
MULTISTAGE_50E,MULTISTAGE_50E/S1_TP_z04_C3,fixed_shift,0.01802159425146649,2
MULTISTAGE_50E,MULTISTAGE_50E/S1_TP_z05_C1,fixed_shift,0.030615639080352836,8
MULTISTAGE_50E,MULTISTAGE_50E/S1_TP_z05_C2,fixed_shift,0.03067710570111755,8
MULTISTAGE_50E,MULTISTAGE_50E/S1_TP_z05_C3,fixed_shift,0.028925846964615337,8
MULTISTAGE_50E,MULTISTAGE_50E/S1_TP_z06_C1,fixed_shift,0.015059569429410669,8
MULTISTAGE_50E,MULTISTAGE_50E/S1_TP_z06_C2,fixed_shift,0.014475131900308552,8
MULTISTAGE_50E,MULTISTAGE_50E/S1_TP_z06_C3,fixed_shift,0.014937600719431093,8
MULTISTAGE_50E,MULTISTAGE_50E/S1_TP_z07_C1,fixed_shift,0.021390425849547062,8
MULTISTAGE_50E,MULTISTAGE_50E/S1_TP_z07_C2,fixed_shift,0.023361223839419076,8
MULTISTAGE_50E,MULTISTAGE_50E/S1_TP_z07_C3,fixed_shift,0.022668136207726064,8
MULTISTAGE_50E,MULTISTAGE_50E/S1_TP_z08_C1,fixed_shift,0.0182715596135999,8
MULTISTAGE_50E,MULTISTAGE_50E/S1_TP_z08_C2,fixed_shift,0.019838357613095686,8
MULTISTAGE_50E,MULTISTAGE_50E/S1_TP_z08_C3,fixed_shift,0.01720058532576442,8
MULTISTAGE_50E,MULTISTAGE_50E/S1_TP_z09_C1,fixed_shift,0.025883127296503175,8
MULTISTAGE_50E,MULTISTAGE_50E/S1_TP_z09_C2,fixed_shift,0.024578150309703853,8
MULTISTAGE_50E,MULTISTAGE_50E/S1_TP_z09_C3,fixed_shift,0.02522485363864191,8
MULTISTAGE_50E,MULTISTAGE_50E/S1_TP_z10_C1,fixed_shift,0.013007587697666786,8
MULTISTAGE_50E,MULTISTAGE_50E/S1_TP_z10_C2,fixed_shift,0.011081831771474496,8
MULTISTAGE_50E,MULTISTAGE_50E/S1_TP_z10_C3,fixed_shift,0.012774321065124689,8
MULTISTAGE_50E,MULTISTAGE_50E/S1_TP_z11_C1,fixed_shift,0.02848272903507336,8
MULTISTAGE_50E,MULTISTAGE_50E/S1_TP_z11_C2,fixed_shift,0.02711666832056578,8
MULTISTAGE_50E,MULTISTAGE_50E/S1_TP_z11_C3,fixed_shift,0.030857509734110167,8
MULTISTAGE_50E,MULTISTAGE_50E/S1_TP_z12_C1,fixed_shift,0.029450048555362,8
MULTISTAGE_50E,MULTISTAGE_50E/S1_TP_z12_C2,fixed_shift,0.028609414792888144,8
MULTISTAGE_50E,MULTISTAGE_50E/S1_TP_z12_C3,fixed_shift,0.01582535742124222,8
MULTISTAGE_50E,MULTISTAGE_50E/S1_TP_z13_C1,fixed_shift,0.01626032202052373,8
MULTISTAGE_50E,MULTISTAGE_50E/S1_TP_z13_C2,fixed_shift,0.01675215306538362,8
MULTISTAGE_50E,MULTISTAGE_50E/S1_TP_z13_C3,fixed_shift,0.014672214787364635,8
MULTISTAGE_50E,MULTISTAGE_50E/S1_TP_z14_C1,fixed_shift,0.019329498529309083,8
MULTISTAGE_50E,MULTISTAGE_50E/S1_TP_z14_C2,fixed_shift,0.023286054096283926,8
MULTISTAGE_50E,MULTISTAGE_50E/S1_TP_z14_C3,fixed_shift,0.022270563828559395,8
MULTISTAGE_50E,MULTISTAGE_50E/S1_TP_z15_C1,fixed_shift,0.019408398343791544,8
MULTISTAGE_50E,MULTISTAGE_50E/S1_TP_z15_C2,fixed_shift,0.019446855463753368,8
MULTISTAGE_50E,MULTISTAGE_50E/S1_TP_z15_C3,fixed_shift,0.017874040805627614,8
MULTISTAGE_50E,MULTISTAGE_50E/S1_TP_z16_C1,fixed_shift,0.04991619695639269,10
MULTISTAGE_50E,MULTISTAGE_50E/S1_TP_z16_C2,fixed_shift,0.053099856797489985,11
MULTISTAGE_50E,MULTISTAGE_50E/S1_TP_z16_C3,fixed_shift,0.053580262974120794,11
MULTISTAGE_50E,MULTISTAGE_50E/S1_TP_z17_C1,fixed_shift,0.0649705686111864,11
MULTISTAGE_50E,MULTISTAGE_50E/S1_TP_z17_C2,fixed_shift,0.06615270280791669,11
MULTISTAGE_50E,MULTISTAGE_50E/S1_TP_z17_C3,fixed_shift,0.0896242641784404,11
MULTISTAGE_50E,MULTISTAGE_50E/S1_TP_z18_C1,fixed_shift,0.08470931963034137,11
MULTISTAGE_50E,MULTISTAGE_50E/S1_TP_z18_C2,fixed_shift,0.08115020919823689,11
MULTISTAGE_50E,MULTISTAGE_50E/S1_TP_z18_C3,fixed_shift,0.07852515781016721,11
MULTISTAGE_50E,MULTISTAGE_50E/S1_TP_z19_C1,fixed_shift,0.028666413077188837,11
MULTISTAGE_50E,MULTISTAGE_50E/S1_TP_z19_C2,fixed_shift,0.029961310873366398,11
MULTISTAGE_50E,MULTISTAGE_50E/S1_TP_z19_C3,fixed_shift,0.029811457434435643,11
MULTISTAGE_50E,MULTISTAGE_50E/S1_TP_z20_C1,fixed_shift,0.0496495465289759,11
MULTISTAGE_50E,MULTISTAGE_50E/S1_TP_z20_C2,fixed_shift,0.04802514738702801,11
MULTISTAGE_50E,MULTISTAGE_50E/S1_TP_z20_C3,fixed_shift,0.0531787991725317,11
MULTISTAGE_50E,MULTISTAGE_50E/S1_TP_z21_C1,fixed_shift,0.046398307606311515,11
MULTISTAGE_50E,MULTISTAGE_50E/S1_TP_z21_C2,fixed_shift,0.047925367704548756,11
MULTISTAGE_50E,MULTISTAGE_50E/S1_TP_z21_C3,fixed_shift,0.048821858069152076,11
MULTISTAGE_50E,MULTISTAGE_50E/S1_TP_z22_C1,fixed_shift,0.05858634349449752,11
MULTISTAGE_50E,MULTISTAGE_50E/S1_TP_z22_C2,fixed_shift,0.05693796128097859,11
MULTISTAGE_50E,MULTISTAGE_50E/S1_TP_z22_C3,fixed_shift,0.05566654555694725,11
MULTISTAGE_50E,MULTISTAGE_50E/S1_TP_z23_C1,fixed_shift,0.059909594748920596,11
MULTISTAGE_50E,MULTISTAGE_50E/S1_TP_z23_C2,fixed_shift,0.06018989741311828,11
MULTISTAGE_50E,MULTISTAGE_50E/S1_TP_z23_C3,fixed_shift,0.06056448909224172,11
MULTISTAGE_50E,MULTISTAGE_50E/S1_TP_z24_C1,fixed_shift,0.05531903448099376,11
MULTISTAGE_50E,MULTISTAGE_50E/S1_TP_z24_C2,fixed_shift,0.052440903719827466,11
MULTISTAGE_50E,MULTISTAGE_50E/S1_TP_z24_C3,fixed_shift,0.055837586066294013,11
MULTISTAGE_50E,MULTISTAGE_50E/S1_TP_z25_C1,fixed_shift,0.09695581973193042,11
MULTISTAGE_50E,MULTISTAGE_50E/S1_TP_z25_C2,fixed_shift,0.07010745858840753,11
MULTISTAGE_50E,MULTISTAGE_50E/S1_TP_z25_C3,fixed_shift,0.07052552339913053,11
MULTISTAGE_50E,MULTISTAGE_50E/S2_TP_z01_C1,fixed_shift,0.02565079584187426,12
MULTISTAGE_50E,MULTISTAGE_50E/S2_TP_z01_C2,fixed_shift,0.02630759134179181,12
MULTISTAGE_50E,MULTISTAGE_50E/S2_TP_z01_C3,fixed_shift,0.022847826548700722,12
MULTISTAGE_50E,MULTISTAGE_50E/S2_TP_z02_C1,fixed_shift,0.046203183753092486,4
MULTISTAGE_50E,MULTISTAGE_50E/S2_TP_z02_C2,fixed_shift,0.09005098717327262,4
MULTISTAGE_50E,MULTISTAGE_50E/S2_TP_z02_C3,fixed_shift,0.031521742570670364,2
MULTISTAGE_50E,MULTISTAGE_50E/S2_TP_z03_C1,fixed_shift,0.03978788231273017,12
MULTISTAGE_50E,MULTISTAGE_50E/S2_TP_z03_C2,fixed_shift,0.034691462897650314,12
MULTISTAGE_50E,MULTISTAGE_50E/S2_TP_z03_C3,fixed_shift,0.03543530975073906,12
MULTISTAGE_50E,MULTISTAGE_50E/S2_TP_z04_C1,fixed_shift,0.024964252777905094,8
MULTISTAGE_50E,MULTISTAGE_50E/S2_TP_z04_C2,fixed_shift,0.023849353416610777,8
MULTISTAGE_50E,MULTISTAGE_50E/S2_TP_z04_C3,fixed_shift,0.0235029860375824,8
MULTISTAGE_50E,MULTISTAGE_50E/S2_TP_z05_C1,fixed_shift,0.04259098713842345,8
MULTISTAGE_50E,MULTISTAGE_50E/S2_TP_z05_C2,fixed_shift,0.042510631648186054,8
MULTISTAGE_50E,MULTISTAGE_50E/S2_TP_z05_C3,fixed_shift,0.04295338072725055,8
MULTISTAGE_50E,MULTISTAGE_50E/S2_TP_z06_C1,fixed_shift,0.037848391873299095,8
MULTISTAGE_50E,MULTISTAGE_50E/S2_TP_z06_C2,fixed_shift,0.03822354392434103,8
MULTISTAGE_50E,MULTISTAGE_50E/S2_TP_z06_C3,fixed_shift,0.03952739673030346,8
MULTISTAGE_50E,MULTISTAGE_50E/S2_TP_z07_C1,fixed_shift,0.027869463704909198,8
MULTISTAGE_50E,MULTISTAGE_50E/S2_TP_z07_C2,fixed_shift,0.0268701026287958,8
MULTISTAGE_50E,MULTISTAGE_50E/S2_TP_z07_C3,fixed_shift,0.03097669186614803,8
MULTISTAGE_50E,MULTISTAGE_50E/S2_TP_z08_C1,fixed_shift,0.01955418041153499,8
MULTISTAGE_50E,MULTISTAGE_50E/S2_TP_z08_C2,fixed_shift,0.020285095569638145,8
MULTISTAGE_50E,MULTISTAGE_50E/S2_TP_z08_C3,fixed_shift,0.020903525663388434,8
MULTISTAGE_50E,MULTISTAGE_50E/S2_TP_z09_C1,fixed_shift,0.030641444800695375,8
MULTISTAGE_50E,MULTISTAGE_50E/S2_TP_z09_C2,fixed_shift,0.029130357081089436,8
MULTISTAGE_50E,MULTISTAGE_50E/S2_TP_z09_C3,fixed_shift,0.03008075864565954,8
MULTISTAGE_50E,MULTISTAGE_50E/S2_TP_z10_C1,fixed_shift,0.023655326289137357,1
MULTISTAGE_50E,MULTISTAGE_50E/S2_TP_z10_C2,fixed_shift,0.015898772220143836,3
MULTISTAGE_50E,MULTISTAGE_50E/S2_TP_z10_C3,fixed_shift,0.018323362828320866,4
MULTISTAGE_50E,MULTISTAGE_50E/S2_TP_z11_C1,fixed_shift,0.01890417561772191,8
MULTISTAGE_50E,MULTISTAGE_50E/S2_TP_z11_C2,fixed_shift,0.017879042759883515,8
MULTISTAGE_50E,MULTISTAGE_50E/S2_TP_z11_C3,fixed_shift,0.01859377228145341,8
MULTISTAGE_50E,MULTISTAGE_50E/S2_TP_z12_C1,fixed_shift,0.03876761142589708,12
MULTISTAGE_50E,MULTISTAGE_50E/S2_TP_z12_C2,fixed_shift,0.038830668888744285,12
MULTISTAGE_50E,MULTISTAGE_50E/S2_TP_z12_C3,fixed_shift,0.03907346689621948,12
MULTISTAGE_50E,MULTISTAGE_50E/S2_TP_z13_C1,fixed_shift,0.04229885525259045,12
MULTISTAGE_50E,MULTISTAGE_50E/S2_TP_z13_C2,fixed_shift,0.04236961453208234,12
MULTISTAGE_50E,MULTISTAGE_50E/S2_TP_z13_C3,fixed_shift,0.04296013884657238,12
MULTISTAGE_50E,MULTISTAGE_50E/S2_TP_z14_C1,fixed_shift,0.055008477523353756,12
MULTISTAGE_50E,MULTISTAGE_50E/S2_TP_z14_C2,fixed_shift,0.048752059193127716,12
MULTISTAGE_50E,MULTISTAGE_50E/S2_TP_z14_C3,fixed_shift,0.04604363012929086,12
MULTISTAGE_50E,MULTISTAGE_50E/S2_TP_z15_C1,fixed_shift,0.08223353174744742,7
MULTISTAGE_50E,MULTISTAGE_50E/S2_TP_z15_C2,fixed_shift,0.09279815944484232,8
MULTISTAGE_50E,MULTISTAGE_50E/S2_TP_z15_C3,fixed_shift,0.0872568277222627,8
MULTISTAGE_50E,MULTISTAGE_50E/S2_TP_z16_C1,fixed_shift,0.07258914754423448,12
MULTISTAGE_50E,MULTISTAGE_50E/S2_TP_z16_C2,fixed_shift,0.07594594331710555,12
MULTISTAGE_50E,MULTISTAGE_50E/S2_TP_z16_C3,fixed_shift,0.07695646475750247,12
MULTISTAGE_50E,MULTISTAGE_50E/S2_TP_z17_C1,fixed_shift,0.07814832094474568,8
MULTISTAGE_50E,MULTISTAGE_50E/S2_TP_z17_C2,fixed_shift,0.07805154718845614,8
MULTISTAGE_50E,MULTISTAGE_50E/S2_TP_z17_C3,fixed_shift,0.08522990782903384,8
MULTISTAGE_50E,MULTISTAGE_50E/S2_TP_z18_C1,fixed_shift,0.05662461496777626,12
MULTISTAGE_50E,MULTISTAGE_50E/S2_TP_z18_C2,fixed_shift,0.05581401849827272,12
MULTISTAGE_50E,MULTISTAGE_50E/S2_TP_z18_C3,fixed_shift,0.056586639966610015,12
MULTISTAGE_50E,MULTISTAGE_50E/S2_TP_z19_C1,fixed_shift,0.07165239195378173,12
MULTISTAGE_50E,MULTISTAGE_50E/S2_TP_z19_C2,fixed_shift,0.07909959458532773,12
MULTISTAGE_50E,MULTISTAGE_50E/S2_TP_z19_C3,fixed_shift,0.07461869077229834,12
MULTISTAGE_50E,MULTISTAGE_50E/S2_TP_z20_C1,fixed_shift,0.1110346089234771,3
MULTISTAGE_50E,MULTISTAGE_50E/S2_TP_z20_C3,fixed_shift,0.09094156788760481,3
MULTISTAGE_50E,MULTISTAGE_50E/S2_TP_z21_C1,fixed_shift,0.05831412031485463,12
MULTISTAGE_50E,MULTISTAGE_50E/S2_TP_z21_C2,fixed_shift,0.058172043047454464,12
MULTISTAGE_50E,MULTISTAGE_50E/S2_TP_z21_C3,fixed_shift,0.055574830611247746,12
MULTISTAGE_50E,MULTISTAGE_50E/S2_TP_z22_C1,fixed_shift,0.053546007199672584,12
MULTISTAGE_50E,MULTISTAGE_50E/S2_TP_z22_C2,fixed_shift,0.05361810267395672,12
MULTISTAGE_50E,MULTISTAGE_50E/S2_TP_z22_C3,fixed_shift,0.05462611351566815,12
MULTISTAGE_50E,MULTISTAGE_50E/S2_TP_z23_C2,fixed_shift,0.046788841223246336,1
MULTISTAGE_50E,MULTISTAGE_50E/S2_TP_z23_C3,fixed_shift,0.11166863328630712,3
MULTISTAGE_50E,MULTISTAGE_50E/S2_TP_z24_C1,fixed_shift,0.05480987140568952,12
MULTISTAGE_50E,MULTISTAGE_50E/S2_TP_z24_C2,fixed_shift,0.05316772727945221,12
MULTISTAGE_50E,MULTISTAGE_50E/S2_TP_z24_C3,fixed_shift,0.054531452311555324,12
STANFORD_CALENDAR,STANFORD_CALENDAR/C00013,fixed_shift,0.03653113921606055,5
STANFORD_CALENDAR,STANFORD_CALENDAR/C00014,fixed_shift,0.023681225040030843,11
STANFORD_CALENDAR,STANFORD_CALENDAR/C00018,fixed_shift,0.025522492447633494,8
STANFORD_CALENDAR,STANFORD_CALENDAR/C00084,fixed_shift,0.07825679368355694,90
STANFORD_CALENDAR,STANFORD_CALENDAR/C00085,fixed_shift,0.07601119507363453,118
STANFORD_CALENDAR,STANFORD_CALENDAR/C00086,fixed_shift,0.06456185990388352,118
STANFORD_CALENDAR,STANFORD_CALENDAR/C00087,fixed_shift,0.06925046957139745,118
STANFORD_CALENDAR,STANFORD_CALENDAR/C00088,fixed_shift,0.09578652561257806,18
STANFORD_CALENDAR,STANFORD_CALENDAR/C00089,fixed_shift,0.09591108145237584,18
STANFORD_CALENDAR,STANFORD_CALENDAR/C00090,fixed_shift,0.08517007479435852,18
STANFORD_CALENDAR,STANFORD_CALENDAR/C00091,fixed_shift,0.08913526311372906,18
STANFORD_CALENDAR,STANFORD_CALENDAR/C00092,fixed_shift,0.08717462400990819,16
STANFORD_CALENDAR,STANFORD_CALENDAR/C00093,fixed_shift,0.09521311919899163,15
STANFORD_CALENDAR,STANFORD_CALENDAR/C00094,fixed_shift,0.09409271206496353,16
STANFORD_CALENDAR,STANFORD_CALENDAR/C00095,fixed_shift,0.09647745455379769,16
STANFORD_CALENDAR,STANFORD_CALENDAR/C00161,fixed_shift,0.06362296810765666,2
STANFORD_CALENDAR,STANFORD_CALENDAR/C00162,fixed_shift,0.13281550419150465,28
STANFORD_CALENDAR,STANFORD_CALENDAR/C00163,fixed_shift,0.17374272133906427,8
STANFORD_CALENDAR,STANFORD_CALENDAR/C00164,fixed_shift,0.09410605430174433,6
STANFORD_CALENDAR,STANFORD_CALENDAR/C00165,fixed_shift,0.09530922182742338,15
STANFORD_CALENDAR,STANFORD_CALENDAR/C00166,fixed_shift,0.05142957658201819,2
STANFORD_CALENDAR,STANFORD_CALENDAR/C00207,fixed_shift,0.020208338059735615,15
STANFORD_CALENDAR,STANFORD_CALENDAR/C00211,fixed_shift,0.02778280465121982,7
STANFORD_CALENDAR,STANFORD_CALENDAR/C00213,fixed_shift,0.022261091874394283,20
STANFORD_CALENDAR,STANFORD_CALENDAR/C00218,fixed_shift,0.04357619033613396,25
STANFORD_CALENDAR,STANFORD_CALENDAR/C00219,fixed_shift,0.022826440753315025,6
STANFORD_CALENDAR,STANFORD_CALENDAR/C00223,fixed_shift,0.02333708668199641,1
STANFORD_CALENDAR,STANFORD_CALENDAR/C00226,fixed_shift,0.033806437464125386,7
STANFORD_CALENDAR,STANFORD_CALENDAR/C00227,fixed_shift,0.03346666535248507,6
STANFORD_CALENDAR,STANFORD_CALENDAR/C00228,fixed_shift,0.07629066327932536,14
AMPERE_A123_LFP,AMPERE_A123_LFP/Cell1a,pchp_method,0.12082664428191227,27
AMPERE_A123_LFP,AMPERE_A123_LFP/Cell1b,pchp_method,0.1805408600462043,29
AMPERE_A123_LFP,AMPERE_A123_LFP/Cell1c,pchp_method,0.13001046483109377,28
AMPERE_A123_LFP,AMPERE_A123_LFP/Cell2a,pchp_method,0.16585119871043444,28
AMPERE_A123_LFP,AMPERE_A123_LFP/Cell2b,pchp_method,0.1829044576253618,29
AMPERE_A123_LFP,AMPERE_A123_LFP/Cell2c,pchp_method,0.15280943305099623,28
AMPERE_A123_LFP,AMPERE_A123_LFP/Cell3a,pchp_method,0.19434023169953193,35
AMPERE_A123_LFP,AMPERE_A123_LFP/Cell3b,pchp_method,0.1859744501508854,36
AMPERE_A123_LFP,AMPERE_A123_LFP/Cell4a,pchp_method,0.1804719699955163,39
AMPERE_A123_LFP,AMPERE_A123_LFP/Cell4b,pchp_method,0.2544793200032184,41
AMPERE_A123_LFP,AMPERE_A123_LFP/Cell4c,pchp_method,0.21043303036433994,40
AMPERE_A123_LFP,AMPERE_A123_LFP/Cell5a,pchp_method,0.21463960975065688,38
AMPERE_A123_LFP,AMPERE_A123_LFP/Cell5b,pchp_method,0.1849918430016392,37
AMPERE_A123_LFP,AMPERE_A123_LFP/Cell5c,pchp_method,0.1852007635649641,37
AMPERE_A123_LFP,AMPERE_A123_LFP/Cell6a,pchp_method,0.283249390943059,59
AMPERE_A123_LFP,AMPERE_A123_LFP/Cell6b,pchp_method,0.21502494863488242,62
AMPERE_A123_LFP,AMPERE_A123_LFP/Cell6c,pchp_method,0.2333811506663806,62
AMPERE_A123_LFP,AMPERE_A123_LFP/Cell7a,pchp_method,0.35603126184435585,28
AMPERE_A123_LFP,AMPERE_A123_LFP/Cell7b,pchp_method,0.26454393107543084,30
AMPERE_A123_LFP,AMPERE_A123_LFP/Cell7c,pchp_method,0.2899580904914712,30
IMPERIAL_M50T,IMPERIAL_M50T/Expt 1 - Si-based Degradation/cell_A,pchp_method,0.0684794069735543,9
IMPERIAL_M50T,IMPERIAL_M50T/Expt 1 - Si-based Degradation/cell_B,pchp_method,0.10832344975904507,9
IMPERIAL_M50T,IMPERIAL_M50T/Expt 1 - Si-based Degradation/cell_D,pchp_method,0.06469894021579878,8
IMPERIAL_M50T,IMPERIAL_M50T/Expt 1 - Si-based Degradation/cell_E,pchp_method,0.06491001801653493,9
IMPERIAL_M50T,IMPERIAL_M50T/Expt 1 - Si-based Degradation/cell_F,pchp_method,0.10172886746523296,9
IMPERIAL_M50T,IMPERIAL_M50T/Expt 1 - Si-based Degradation/cell_J,pchp_method,0.05338008557519534,5
IMPERIAL_M50T,IMPERIAL_M50T/Expt 1 - Si-based Degradation/cell_K,pchp_method,0.06377311010855766,5
IMPERIAL_M50T,IMPERIAL_M50T/Expt 1 - Si-based Degradation/cell_L,pchp_method,0.06666512665365516,5
IMPERIAL_M50T,IMPERIAL_M50T/Expt 1 - Si-based Degradation/cell_M,pchp_method,0.07047072362385262,5
IMPERIAL_M50T,"IMPERIAL_M50T/Expt 2,2 - C-based Degradation 2/cell_A",pchp_method,0.2773455448890369,8
IMPERIAL_M50T,"IMPERIAL_M50T/Expt 2,2 - C-based Degradation 2/cell_B",pchp_method,0.29699582878882025,8
IMPERIAL_M50T,"IMPERIAL_M50T/Expt 2,2 - C-based Degradation 2/cell_C",pchp_method,0.2413068557957032,8
IMPERIAL_M50T,"IMPERIAL_M50T/Expt 2,2 - C-based Degradation 2/cell_D",pchp_method,0.2382985462909637,8
IMPERIAL_M50T,"IMPERIAL_M50T/Expt 2,2 - C-based Degradation 2/cell_E",pchp_method,0.21143484735954338,8
IMPERIAL_M50T,"IMPERIAL_M50T/Expt 2,2 - C-based Degradation 2/cell_F",pchp_method,0.2097276080479499,8
IMPERIAL_M50T,IMPERIAL_M50T/Expt 3 - Cathode Degradation and Li-Plating/cell_A,pchp_method,0.45512339308442007,5
IMPERIAL_M50T,IMPERIAL_M50T/Expt 3 - Cathode Degradation and Li-Plating/cell_B,pchp_method,0.46077864585237516,5
IMPERIAL_M50T,IMPERIAL_M50T/Expt 3 - Cathode Degradation and Li-Plating/cell_C,pchp_method,0.46638896973151966,5
IMPERIAL_M50T,IMPERIAL_M50T/Expt 3 - Cathode Degradation and Li-Plating/cell_D,pchp_method,0.3288973312288764,6
IMPERIAL_M50T,IMPERIAL_M50T/Expt 3 - Cathode Degradation and Li-Plating/cell_E,pchp_method,0.30016519896679394,6
IMPERIAL_M50T,IMPERIAL_M50T/Expt 3 - Cathode Degradation and Li-Plating/cell_F,pchp_method,0.3209551237386034,6
IMPERIAL_M50T,IMPERIAL_M50T/Expt 3 - Cathode Degradation and Li-Plating/cell_G,pchp_method,0.22086132413109408,6
IMPERIAL_M50T,IMPERIAL_M50T/Expt 3 - Cathode Degradation and Li-Plating/cell_H,pchp_method,0.2137879401150679,7
IMPERIAL_M50T,IMPERIAL_M50T/Expt 3 - Cathode Degradation and Li-Plating/cell_I,pchp_method,0.20871823433468764,7
IMPERIAL_M50T,IMPERIAL_M50T/Expt 4 - Drive Cycle Aging (Control)/cell_A,pchp_method,0.3118954629880155,4
IMPERIAL_M50T,IMPERIAL_M50T/Expt 4 - Drive Cycle Aging (Control)/cell_B,pchp_method,0.2113595011965043,4
IMPERIAL_M50T,IMPERIAL_M50T/Expt 4 - Drive Cycle Aging (Control)/cell_C,pchp_method,0.19032970672911456,4
IMPERIAL_M50T,IMPERIAL_M50T/Expt 4 - Drive Cycle Aging (Control)/cell_D,pchp_method,0.23811440179841756,4
IMPERIAL_M50T,IMPERIAL_M50T/Expt 4 - Drive Cycle Aging (Control)/cell_E,pchp_method,0.23791310886750652,4
IMPERIAL_M50T,IMPERIAL_M50T/Expt 4 - Drive Cycle Aging (Control)/cell_F,pchp_method,0.22876409389736974,4
IMPERIAL_M50T,IMPERIAL_M50T/Expt 4 - Drive Cycle Aging (Control)/cell_G,pchp_method,0.21884603396127814,4
IMPERIAL_M50T,IMPERIAL_M50T/Expt 4 - Drive Cycle Aging (Control)/cell_H,pchp_method,0.22067101998374664,4
IMPERIAL_M50T,IMPERIAL_M50T/Expt 5 - Standard Cycle Aging (Control)/cell_A,pchp_method,0.2112795374815802,9
IMPERIAL_M50T,IMPERIAL_M50T/Expt 5 - Standard Cycle Aging (Control)/cell_B,pchp_method,0.2343955069655882,9
IMPERIAL_M50T,IMPERIAL_M50T/Expt 5 - Standard Cycle Aging (Control)/cell_C,pchp_method,0.2097082070661985,9
IMPERIAL_M50T,IMPERIAL_M50T/Expt 5 - Standard Cycle Aging (Control)/cell_D,pchp_method,0.19875155998391447,9
IMPERIAL_M50T,IMPERIAL_M50T/Expt 5 - Standard Cycle Aging (Control)/cell_E,pchp_method,0.19550983211704734,9
IMPERIAL_M50T,IMPERIAL_M50T/Expt 5 - Standard Cycle Aging (Control)/cell_F,pchp_method,0.14958986085372994,9
IMPERIAL_M50T,IMPERIAL_M50T/Expt 5 - Standard Cycle Aging (Control)/cell_G,pchp_method,0.1451483282964373,9
IMPERIAL_M50T,IMPERIAL_M50T/Expt 5 - Standard Cycle Aging (Control)/cell_H,pchp_method,0.1423311659268361,9
ISU_ILCC_NMC,ISU_ILCC_NMC/G10C1,pchp_method,0.0949747570953781,12
ISU_ILCC_NMC,ISU_ILCC_NMC/G10C2,pchp_method,0.07424045034837837,15
ISU_ILCC_NMC,ISU_ILCC_NMC/G10C3,pchp_method,0.1318810251788103,12
ISU_ILCC_NMC,ISU_ILCC_NMC/G10C4,pchp_method,0.11318407442739614,26
ISU_ILCC_NMC,ISU_ILCC_NMC/G12C1,pchp_method,0.12604273395338897,14
ISU_ILCC_NMC,ISU_ILCC_NMC/G12C2,pchp_method,0.1403830384800621,5
ISU_ILCC_NMC,ISU_ILCC_NMC/G12C3,pchp_method,0.08306719164052986,12
ISU_ILCC_NMC,ISU_ILCC_NMC/G12C4,pchp_method,0.13977311030856093,23
ISU_ILCC_NMC,ISU_ILCC_NMC/G13C1,pchp_method,0.07212490878733363,11
ISU_ILCC_NMC,ISU_ILCC_NMC/G13C2,pchp_method,0.10981624315461096,21
ISU_ILCC_NMC,ISU_ILCC_NMC/G13C3,pchp_method,0.07825020432824198,11
ISU_ILCC_NMC,ISU_ILCC_NMC/G13C4,pchp_method,0.10960965871750328,11
ISU_ILCC_NMC,ISU_ILCC_NMC/G14C1,pchp_method,0.06249918782873387,1
ISU_ILCC_NMC,ISU_ILCC_NMC/G16C1,pchp_method,0.16234650114738375,12
ISU_ILCC_NMC,ISU_ILCC_NMC/G16C2,pchp_method,0.11188355030143415,12
ISU_ILCC_NMC,ISU_ILCC_NMC/G16C3,pchp_method,0.15137213405438568,12
ISU_ILCC_NMC,ISU_ILCC_NMC/G16C4,pchp_method,0.15418701273558663,12
ISU_ILCC_NMC,ISU_ILCC_NMC/G17C1,pchp_method,0.1355620566615253,14
ISU_ILCC_NMC,ISU_ILCC_NMC/G17C2,pchp_method,0.08011662457888537,12
ISU_ILCC_NMC,ISU_ILCC_NMC/G17C3,pchp_method,0.07672935157871523,14
ISU_ILCC_NMC,ISU_ILCC_NMC/G17C4,pchp_method,0.08491655382044906,10
ISU_ILCC_NMC,ISU_ILCC_NMC/G18C1,pchp_method,0.17241719444169248,68
ISU_ILCC_NMC,ISU_ILCC_NMC/G18C2,pchp_method,0.12149772090327485,18
ISU_ILCC_NMC,ISU_ILCC_NMC/G18C3,pchp_method,0.12397408026289912,18
ISU_ILCC_NMC,ISU_ILCC_NMC/G18C4,pchp_method,0.14395883626739453,16
ISU_ILCC_NMC,ISU_ILCC_NMC/G19C1,pchp_method,0.08522865045471464,7
ISU_ILCC_NMC,ISU_ILCC_NMC/G19C2,pchp_method,0.08787667734252291,5
ISU_ILCC_NMC,ISU_ILCC_NMC/G19C3,pchp_method,0.08108748126035878,8
ISU_ILCC_NMC,ISU_ILCC_NMC/G19C4,pchp_method,0.17027321868886358,1
ISU_ILCC_NMC,ISU_ILCC_NMC/G1C1,pchp_method,0.10965499261285788,47
ISU_ILCC_NMC,ISU_ILCC_NMC/G1C2,pchp_method,0.1285706863522218,57
ISU_ILCC_NMC,ISU_ILCC_NMC/G1C3,pchp_method,0.12032313930713603,63
ISU_ILCC_NMC,ISU_ILCC_NMC/G1C4,pchp_method,0.08524871623130895,26
ISU_ILCC_NMC,ISU_ILCC_NMC/G20C1,pchp_method,0.18606321830769879,4
ISU_ILCC_NMC,ISU_ILCC_NMC/G20C2,pchp_method,0.1437571246339809,5
ISU_ILCC_NMC,ISU_ILCC_NMC/G20C3,pchp_method,0.18052352316461173,11
ISU_ILCC_NMC,ISU_ILCC_NMC/G20C4,pchp_method,0.14516639564541406,11
ISU_ILCC_NMC,ISU_ILCC_NMC/G21C1,pchp_method,0.16645207120713554,7
ISU_ILCC_NMC,ISU_ILCC_NMC/G21C2,pchp_method,0.1651008011739488,13
ISU_ILCC_NMC,ISU_ILCC_NMC/G21C3,pchp_method,0.1573058969829616,9
ISU_ILCC_NMC,ISU_ILCC_NMC/G21C4,pchp_method,0.16990515722414634,8
ISU_ILCC_NMC,ISU_ILCC_NMC/G22C1,pchp_method,0.1515720059467547,7
ISU_ILCC_NMC,ISU_ILCC_NMC/G22C2,pchp_method,0.29146103941352225,4
ISU_ILCC_NMC,ISU_ILCC_NMC/G22C3,pchp_method,0.15370235971955643,8
ISU_ILCC_NMC,ISU_ILCC_NMC/G22C4,pchp_method,0.1740330969554286,6
ISU_ILCC_NMC,ISU_ILCC_NMC/G23C1,pchp_method,0.16943282383034933,8
ISU_ILCC_NMC,ISU_ILCC_NMC/G23C2,pchp_method,0.13254918689416867,9
ISU_ILCC_NMC,ISU_ILCC_NMC/G23C3,pchp_method,0.1626403548113249,7
ISU_ILCC_NMC,ISU_ILCC_NMC/G23C4,pchp_method,0.13717506622718895,9
ISU_ILCC_NMC,ISU_ILCC_NMC/G24C1,pchp_method,0.1153078052895821,7
ISU_ILCC_NMC,ISU_ILCC_NMC/G24C2,pchp_method,0.12792535771347044,9
ISU_ILCC_NMC,ISU_ILCC_NMC/G24C3,pchp_method,0.166327602344109,6
ISU_ILCC_NMC,ISU_ILCC_NMC/G24C4,pchp_method,0.15338187625093913,7
ISU_ILCC_NMC,ISU_ILCC_NMC/G25C1,pchp_method,0.13901270786677816,9
ISU_ILCC_NMC,ISU_ILCC_NMC/G25C2,pchp_method,0.1143052912476048,10
ISU_ILCC_NMC,ISU_ILCC_NMC/G25C3,pchp_method,0.2323135994739905,18
ISU_ILCC_NMC,ISU_ILCC_NMC/G25C4,pchp_method,0.19491782437051217,41
ISU_ILCC_NMC,ISU_ILCC_NMC/G26C1,pchp_method,0.060699914944028134,23
ISU_ILCC_NMC,ISU_ILCC_NMC/G26C2,pchp_method,0.10005198113169746,41
ISU_ILCC_NMC,ISU_ILCC_NMC/G26C3,pchp_method,0.08598541061623452,59
ISU_ILCC_NMC,ISU_ILCC_NMC/G26C4,pchp_method,0.07970616758883353,33
ISU_ILCC_NMC,ISU_ILCC_NMC/G27C1,pchp_method,0.19172850870663552,18
ISU_ILCC_NMC,ISU_ILCC_NMC/G27C2,pchp_method,0.2437285267274791,18
ISU_ILCC_NMC,ISU_ILCC_NMC/G27C3,pchp_method,0.1664517400199237,10
ISU_ILCC_NMC,ISU_ILCC_NMC/G27C4,pchp_method,0.21932221256307666,18
ISU_ILCC_NMC,ISU_ILCC_NMC/G28C1,pchp_method,0.1408619172034379,7
ISU_ILCC_NMC,ISU_ILCC_NMC/G28C2,pchp_method,0.17630811043768232,10
ISU_ILCC_NMC,ISU_ILCC_NMC/G28C3,pchp_method,0.12557660430567136,10
ISU_ILCC_NMC,ISU_ILCC_NMC/G28C4,pchp_method,0.22520501992823655,5
ISU_ILCC_NMC,ISU_ILCC_NMC/G29C1,pchp_method,0.15927714511683208,9
ISU_ILCC_NMC,ISU_ILCC_NMC/G29C2,pchp_method,0.15815058818275507,18
ISU_ILCC_NMC,ISU_ILCC_NMC/G29C3,pchp_method,0.14723469333536862,13
ISU_ILCC_NMC,ISU_ILCC_NMC/G29C4,pchp_method,0.14716828569576718,10
ISU_ILCC_NMC,ISU_ILCC_NMC/G2C1,pchp_method,0.12315759045596364,21
ISU_ILCC_NMC,ISU_ILCC_NMC/G2C2,pchp_method,0.12954690893901266,24
ISU_ILCC_NMC,ISU_ILCC_NMC/G2C3,pchp_method,0.09567105977379821,23
ISU_ILCC_NMC,ISU_ILCC_NMC/G2C4,pchp_method,0.11368435904212751,23
ISU_ILCC_NMC,ISU_ILCC_NMC/G30C1,pchp_method,0.24358429262409886,11
ISU_ILCC_NMC,ISU_ILCC_NMC/G30C2,pchp_method,0.14732955450259375,12
ISU_ILCC_NMC,ISU_ILCC_NMC/G30C3,pchp_method,0.15848277525852528,18
ISU_ILCC_NMC,ISU_ILCC_NMC/G30C4,pchp_method,0.1850186564073597,8
ISU_ILCC_NMC,ISU_ILCC_NMC/G31C1,pchp_method,0.1578398974599143,13
ISU_ILCC_NMC,ISU_ILCC_NMC/G31C2,pchp_method,0.22250636655492403,11
ISU_ILCC_NMC,ISU_ILCC_NMC/G31C3,pchp_method,0.19267740832062222,11
ISU_ILCC_NMC,ISU_ILCC_NMC/G31C4,pchp_method,0.24473947795795564,11
ISU_ILCC_NMC,ISU_ILCC_NMC/G32C1,pchp_method,0.15382775657717002,20
ISU_ILCC_NMC,ISU_ILCC_NMC/G32C2,pchp_method,0.15240116654070543,15
ISU_ILCC_NMC,ISU_ILCC_NMC/G32C3,pchp_method,0.16559332942105556,18
ISU_ILCC_NMC,ISU_ILCC_NMC/G32C4,pchp_method,0.13253474919746716,16
ISU_ILCC_NMC,ISU_ILCC_NMC/G33C1,pchp_method,0.16754904860947514,19
ISU_ILCC_NMC,ISU_ILCC_NMC/G33C2,pchp_method,0.16920874864849733,16
ISU_ILCC_NMC,ISU_ILCC_NMC/G33C3,pchp_method,0.10761632293778807,21
ISU_ILCC_NMC,ISU_ILCC_NMC/G33C4,pchp_method,0.14838047945617705,15
ISU_ILCC_NMC,ISU_ILCC_NMC/G34C1,pchp_method,0.15620804438344768,24
ISU_ILCC_NMC,ISU_ILCC_NMC/G34C2,pchp_method,0.12554563886005318,24
ISU_ILCC_NMC,ISU_ILCC_NMC/G34C3,pchp_method,0.17519087937691455,21
ISU_ILCC_NMC,ISU_ILCC_NMC/G34C4,pchp_method,0.18196806660696094,24
ISU_ILCC_NMC,ISU_ILCC_NMC/G35C1,pchp_method,0.17371203184895556,17
ISU_ILCC_NMC,ISU_ILCC_NMC/G35C2,pchp_method,0.13686818847097698,5
ISU_ILCC_NMC,ISU_ILCC_NMC/G35C3,pchp_method,0.19949105845893966,10
ISU_ILCC_NMC,ISU_ILCC_NMC/G35C4,pchp_method,0.19994514581404155,8
ISU_ILCC_NMC,ISU_ILCC_NMC/G36C1,pchp_method,0.21242969642834753,11
ISU_ILCC_NMC,ISU_ILCC_NMC/G36C2,pchp_method,0.1731490484776579,13
ISU_ILCC_NMC,ISU_ILCC_NMC/G36C3,pchp_method,0.1991614878988689,15
ISU_ILCC_NMC,ISU_ILCC_NMC/G36C4,pchp_method,0.15792927873341703,4
ISU_ILCC_NMC,ISU_ILCC_NMC/G37C1,pchp_method,0.143369979058746,17
ISU_ILCC_NMC,ISU_ILCC_NMC/G37C2,pchp_method,0.1292291655053472,14
ISU_ILCC_NMC,ISU_ILCC_NMC/G37C3,pchp_method,0.14411055410286366,13
ISU_ILCC_NMC,ISU_ILCC_NMC/G37C4,pchp_method,0.1373491921014569,10
ISU_ILCC_NMC,ISU_ILCC_NMC/G38C1,pchp_method,0.2289898189127769,9
ISU_ILCC_NMC,ISU_ILCC_NMC/G38C2,pchp_method,0.2226105346644594,7
ISU_ILCC_NMC,ISU_ILCC_NMC/G38C3,pchp_method,0.18869606595796373,12
ISU_ILCC_NMC,ISU_ILCC_NMC/G38C4,pchp_method,0.19398908988045144,15
ISU_ILCC_NMC,ISU_ILCC_NMC/G39C1,pchp_method,0.17306283670684713,10
ISU_ILCC_NMC,ISU_ILCC_NMC/G39C2,pchp_method,0.17056655981846233,10
ISU_ILCC_NMC,ISU_ILCC_NMC/G39C3,pchp_method,0.2046356534299596,10
ISU_ILCC_NMC,ISU_ILCC_NMC/G39C4,pchp_method,0.21132262357866954,13
ISU_ILCC_NMC,ISU_ILCC_NMC/G3C1,pchp_method,0.09178533022245938,26
ISU_ILCC_NMC,ISU_ILCC_NMC/G3C2,pchp_method,0.11549058513198432,14
ISU_ILCC_NMC,ISU_ILCC_NMC/G3C3,pchp_method,0.11997668635497394,23
ISU_ILCC_NMC,ISU_ILCC_NMC/G3C4,pchp_method,0.12814219775712757,14
ISU_ILCC_NMC,ISU_ILCC_NMC/G40C1,pchp_method,0.14539759740292335,33
ISU_ILCC_NMC,ISU_ILCC_NMC/G40C2,pchp_method,0.14541457002325203,28
ISU_ILCC_NMC,ISU_ILCC_NMC/G40C3,pchp_method,0.12040398371567271,26
ISU_ILCC_NMC,ISU_ILCC_NMC/G40C4,pchp_method,0.18768326833471288,33
ISU_ILCC_NMC,ISU_ILCC_NMC/G41C1,pchp_method,0.2342226605025977,30
ISU_ILCC_NMC,ISU_ILCC_NMC/G41C2,pchp_method,0.20514411029756502,17
ISU_ILCC_NMC,ISU_ILCC_NMC/G41C3,pchp_method,0.2340714944764638,24
ISU_ILCC_NMC,ISU_ILCC_NMC/G41C4,pchp_method,0.24870956085618512,24
ISU_ILCC_NMC,ISU_ILCC_NMC/G42C1,pchp_method,0.19163543953505582,24
ISU_ILCC_NMC,ISU_ILCC_NMC/G42C2,pchp_method,0.1896010330842857,24
ISU_ILCC_NMC,ISU_ILCC_NMC/G42C3,pchp_method,0.23259216740123362,19
ISU_ILCC_NMC,ISU_ILCC_NMC/G42C4,pchp_method,0.11074597052468516,26
ISU_ILCC_NMC,ISU_ILCC_NMC/G43C1,pchp_method,0.2045599541588457,28
ISU_ILCC_NMC,ISU_ILCC_NMC/G43C2,pchp_method,0.18652942694976074,20
ISU_ILCC_NMC,ISU_ILCC_NMC/G43C3,pchp_method,0.183560263000994,28
ISU_ILCC_NMC,ISU_ILCC_NMC/G43C4,pchp_method,0.20503580159413773,23
ISU_ILCC_NMC,ISU_ILCC_NMC/G44C1,pchp_method,0.15591734094298063,13
ISU_ILCC_NMC,ISU_ILCC_NMC/G44C2,pchp_method,0.1649666208516469,22
ISU_ILCC_NMC,ISU_ILCC_NMC/G44C3,pchp_method,0.11244542737991055,24
ISU_ILCC_NMC,ISU_ILCC_NMC/G44C4,pchp_method,0.13882274949596846,21
ISU_ILCC_NMC,ISU_ILCC_NMC/G45C1,pchp_method,0.2675521358905841,10
ISU_ILCC_NMC,ISU_ILCC_NMC/G45C2,pchp_method,0.3183383543075855,11
ISU_ILCC_NMC,ISU_ILCC_NMC/G45C3,pchp_method,0.2897942414686367,11
ISU_ILCC_NMC,ISU_ILCC_NMC/G45C4,pchp_method,0.24211981795048348,10
ISU_ILCC_NMC,ISU_ILCC_NMC/G46C1,pchp_method,0.2615449349950421,11
ISU_ILCC_NMC,ISU_ILCC_NMC/G46C2,pchp_method,0.2230165632768567,11
ISU_ILCC_NMC,ISU_ILCC_NMC/G46C3,pchp_method,0.2974575581221713,8
ISU_ILCC_NMC,ISU_ILCC_NMC/G46C4,pchp_method,0.2670156370089502,11
ISU_ILCC_NMC,ISU_ILCC_NMC/G47C1,pchp_method,0.22400096055508398,10
ISU_ILCC_NMC,ISU_ILCC_NMC/G47C2,pchp_method,0.178315306927588,16
ISU_ILCC_NMC,ISU_ILCC_NMC/G47C3,pchp_method,0.1901428747101144,11
ISU_ILCC_NMC,ISU_ILCC_NMC/G47C4,pchp_method,0.2351084093629801,10
ISU_ILCC_NMC,ISU_ILCC_NMC/G48C1,pchp_method,0.16676856990192376,8
ISU_ILCC_NMC,ISU_ILCC_NMC/G48C2,pchp_method,0.24088944660208889,9
ISU_ILCC_NMC,ISU_ILCC_NMC/G48C3,pchp_method,0.18433829726101514,11
ISU_ILCC_NMC,ISU_ILCC_NMC/G48C4,pchp_method,0.24022720296947514,8
ISU_ILCC_NMC,ISU_ILCC_NMC/G49C1,pchp_method,0.09198935838455558,32
ISU_ILCC_NMC,ISU_ILCC_NMC/G49C2,pchp_method,0.10719872954662846,32
ISU_ILCC_NMC,ISU_ILCC_NMC/G49C3,pchp_method,0.09369752933117735,32
ISU_ILCC_NMC,ISU_ILCC_NMC/G49C4,pchp_method,0.10744982944598884,32
ISU_ILCC_NMC,ISU_ILCC_NMC/G4C1,pchp_method,0.09138736960323812,21
ISU_ILCC_NMC,ISU_ILCC_NMC/G4C2,pchp_method,0.08603093847797445,22
ISU_ILCC_NMC,ISU_ILCC_NMC/G4C3,pchp_method,0.07982895224673746,25
ISU_ILCC_NMC,ISU_ILCC_NMC/G4C4,pchp_method,0.06449614695469241,16
ISU_ILCC_NMC,ISU_ILCC_NMC/G50C1,pchp_method,0.16651948996745572,26
ISU_ILCC_NMC,ISU_ILCC_NMC/G50C2,pchp_method,0.19892968187022406,20
ISU_ILCC_NMC,ISU_ILCC_NMC/G50C3,pchp_method,0.10355598021177093,30
ISU_ILCC_NMC,ISU_ILCC_NMC/G50C4,pchp_method,0.16429091832562842,27
ISU_ILCC_NMC,ISU_ILCC_NMC/G51C1,pchp_method,0.1866043893580218,11
ISU_ILCC_NMC,ISU_ILCC_NMC/G51C2,pchp_method,0.17572550809425783,12
ISU_ILCC_NMC,ISU_ILCC_NMC/G51C3,pchp_method,0.2164313229916867,10
ISU_ILCC_NMC,ISU_ILCC_NMC/G51C4,pchp_method,0.19424414769893447,12
ISU_ILCC_NMC,ISU_ILCC_NMC/G52C1,pchp_method,0.1989397341296569,21
ISU_ILCC_NMC,ISU_ILCC_NMC/G52C2,pchp_method,0.23451702515128742,16
ISU_ILCC_NMC,ISU_ILCC_NMC/G52C3,pchp_method,0.1988646063336543,16
ISU_ILCC_NMC,ISU_ILCC_NMC/G52C4,pchp_method,0.1627170279710256,18
ISU_ILCC_NMC,ISU_ILCC_NMC/G53C1,pchp_method,0.44130102532531273,2
ISU_ILCC_NMC,ISU_ILCC_NMC/G53C2,pchp_method,0.33126259801790114,3
ISU_ILCC_NMC,ISU_ILCC_NMC/G53C3,pchp_method,0.4205427533171582,3
ISU_ILCC_NMC,ISU_ILCC_NMC/G53C4,pchp_method,0.23233652509729555,14
ISU_ILCC_NMC,ISU_ILCC_NMC/G54C1,pchp_method,0.12558607477163408,25
ISU_ILCC_NMC,ISU_ILCC_NMC/G54C2,pchp_method,0.12555812473460817,29
ISU_ILCC_NMC,ISU_ILCC_NMC/G54C3,pchp_method,0.126326468916007,27
ISU_ILCC_NMC,ISU_ILCC_NMC/G54C4,pchp_method,0.1274544518055942,23
ISU_ILCC_NMC,ISU_ILCC_NMC/G55C1,pchp_method,0.23647843674399788,16
ISU_ILCC_NMC,ISU_ILCC_NMC/G55C2,pchp_method,0.21633196878917066,16
ISU_ILCC_NMC,ISU_ILCC_NMC/G55C3,pchp_method,0.21612343143393878,14
ISU_ILCC_NMC,ISU_ILCC_NMC/G55C4,pchp_method,0.2508145632639633,16
ISU_ILCC_NMC,ISU_ILCC_NMC/G56C1,pchp_method,0.1765334641959116,27
ISU_ILCC_NMC,ISU_ILCC_NMC/G56C2,pchp_method,0.19290805698172753,25
ISU_ILCC_NMC,ISU_ILCC_NMC/G56C3,pchp_method,0.2107008726903598,18
ISU_ILCC_NMC,ISU_ILCC_NMC/G56C4,pchp_method,0.19601635640776555,23
ISU_ILCC_NMC,ISU_ILCC_NMC/G57C1,pchp_method,0.08156626878949419,31
ISU_ILCC_NMC,ISU_ILCC_NMC/G57C2,pchp_method,0.05432931134415675,31
ISU_ILCC_NMC,ISU_ILCC_NMC/G57C3,pchp_method,0.09570056399675053,31
ISU_ILCC_NMC,ISU_ILCC_NMC/G57C4,pchp_method,0.08115551603785202,31
ISU_ILCC_NMC,ISU_ILCC_NMC/G58C1,pchp_method,0.15049492266737197,31
ISU_ILCC_NMC,ISU_ILCC_NMC/G58C2,pchp_method,0.23015291718812628,21
ISU_ILCC_NMC,ISU_ILCC_NMC/G58C3,pchp_method,0.21796992632685044,25
ISU_ILCC_NMC,ISU_ILCC_NMC/G58C4,pchp_method,0.1767461772264475,25
ISU_ILCC_NMC,ISU_ILCC_NMC/G59C1,pchp_method,0.13655840040334918,29
ISU_ILCC_NMC,ISU_ILCC_NMC/G59C2,pchp_method,0.14716428534156833,27
ISU_ILCC_NMC,ISU_ILCC_NMC/G59C3,pchp_method,0.14803865714080514,21
ISU_ILCC_NMC,ISU_ILCC_NMC/G59C4,pchp_method,0.17268307942932556,25
ISU_ILCC_NMC,ISU_ILCC_NMC/G5C1,pchp_method,0.18645037756073343,9
ISU_ILCC_NMC,ISU_ILCC_NMC/G5C2,pchp_method,0.30110376384271387,11
ISU_ILCC_NMC,ISU_ILCC_NMC/G5C3,pchp_method,0.10926545916171437,11
ISU_ILCC_NMC,ISU_ILCC_NMC/G5C4,pchp_method,0.30109449042787934,5
ISU_ILCC_NMC,ISU_ILCC_NMC/G60C1,pchp_method,0.2265574528149833,15
ISU_ILCC_NMC,ISU_ILCC_NMC/G60C2,pchp_method,0.20368236573890933,11
ISU_ILCC_NMC,ISU_ILCC_NMC/G60C3,pchp_method,0.27380022592451647,10
ISU_ILCC_NMC,ISU_ILCC_NMC/G60C4,pchp_method,0.25635981887230513,12
ISU_ILCC_NMC,ISU_ILCC_NMC/G61C2,pchp_method,0.20158221870146953,15
ISU_ILCC_NMC,ISU_ILCC_NMC/G61C3,pchp_method,0.1905529477252876,6
ISU_ILCC_NMC,ISU_ILCC_NMC/G61C4,pchp_method,0.19124964945194536,15
ISU_ILCC_NMC,ISU_ILCC_NMC/G62C1,pchp_method,0.18441547617449072,16
ISU_ILCC_NMC,ISU_ILCC_NMC/G62C2,pchp_method,0.20746928465751505,11
ISU_ILCC_NMC,ISU_ILCC_NMC/G62C3,pchp_method,0.2198452308054162,13
ISU_ILCC_NMC,ISU_ILCC_NMC/G62C4,pchp_method,0.24672346924332858,7
ISU_ILCC_NMC,ISU_ILCC_NMC/G63C1,pchp_method,0.18895908312201942,7
ISU_ILCC_NMC,ISU_ILCC_NMC/G63C2,pchp_method,0.22056834614426668,7
ISU_ILCC_NMC,ISU_ILCC_NMC/G63C3,pchp_method,0.19132802433947685,13
ISU_ILCC_NMC,ISU_ILCC_NMC/G63C4,pchp_method,0.16672129023796217,18
ISU_ILCC_NMC,ISU_ILCC_NMC/G64C1,pchp_method,0.21955358659106458,6
ISU_ILCC_NMC,ISU_ILCC_NMC/G64C2,pchp_method,0.29403184180637193,6
ISU_ILCC_NMC,ISU_ILCC_NMC/G64C3,pchp_method,0.16709968336708816,6
ISU_ILCC_NMC,ISU_ILCC_NMC/G64C4,pchp_method,0.2749867621882872,15
ISU_ILCC_NMC,ISU_ILCC_NMC/G6C1,pchp_method,0.09294205095125548,31
ISU_ILCC_NMC,ISU_ILCC_NMC/G6C2,pchp_method,0.15349676424137412,52
ISU_ILCC_NMC,ISU_ILCC_NMC/G6C3,pchp_method,0.17724395450678054,75
ISU_ILCC_NMC,ISU_ILCC_NMC/G6C4,pchp_method,0.1911241797682575,52
ISU_ILCC_NMC,ISU_ILCC_NMC/G7C1,pchp_method,0.13488739325822896,21
ISU_ILCC_NMC,ISU_ILCC_NMC/G7C2,pchp_method,0.11570460443615445,19
ISU_ILCC_NMC,ISU_ILCC_NMC/G7C3,pchp_method,0.227863107726126,58
ISU_ILCC_NMC,ISU_ILCC_NMC/G7C4,pchp_method,0.11263327153367932,25
ISU_ILCC_NMC,ISU_ILCC_NMC/G8C1,pchp_method,0.11323876998074194,10
ISU_ILCC_NMC,ISU_ILCC_NMC/G8C2,pchp_method,0.10050281179813826,12
ISU_ILCC_NMC,ISU_ILCC_NMC/G8C3,pchp_method,0.14515292855243694,27
ISU_ILCC_NMC,ISU_ILCC_NMC/G8C4,pchp_method,0.12904764749742562,23
ISU_ILCC_NMC,ISU_ILCC_NMC/G9C1,pchp_method,0.11356052189860494,2
ISU_ILCC_NMC,ISU_ILCC_NMC/G9C2,pchp_method,0.1500364944729149,2
ISU_ILCC_NMC,ISU_ILCC_NMC/G9C3,pchp_method,0.0955075916811402,3
ISU_ILCC_NMC,ISU_ILCC_NMC/G9C4,pchp_method,0.18703062851376862,1
LUH_NMC_SIO,LUH_NMC_SIO/P001_1,pchp_method,0.021824366406602243,18
LUH_NMC_SIO,LUH_NMC_SIO/P001_2,pchp_method,0.023325716385165198,18
LUH_NMC_SIO,LUH_NMC_SIO/P001_3,pchp_method,0.023626441679923324,18
LUH_NMC_SIO,LUH_NMC_SIO/P002_1,pchp_method,0.026448178041663137,18
LUH_NMC_SIO,LUH_NMC_SIO/P002_2,pchp_method,0.02235222001320805,18
LUH_NMC_SIO,LUH_NMC_SIO/P002_3,pchp_method,0.02422530282974987,18
LUH_NMC_SIO,LUH_NMC_SIO/P003_1,pchp_method,0.03485845612362333,18
LUH_NMC_SIO,LUH_NMC_SIO/P003_2,pchp_method,0.03355391894743184,18
LUH_NMC_SIO,LUH_NMC_SIO/P003_3,pchp_method,0.03363232340193683,18
LUH_NMC_SIO,LUH_NMC_SIO/P004_1,pchp_method,0.03557357463953391,18
LUH_NMC_SIO,LUH_NMC_SIO/P004_2,pchp_method,0.03328126281097042,18
LUH_NMC_SIO,LUH_NMC_SIO/P004_3,pchp_method,0.03351620486159603,18
LUH_NMC_SIO,LUH_NMC_SIO/P005_1,pchp_method,0.021644312466430005,18
LUH_NMC_SIO,LUH_NMC_SIO/P005_2,pchp_method,0.021850531471127574,18
LUH_NMC_SIO,LUH_NMC_SIO/P005_3,pchp_method,0.019775041414439073,18
LUH_NMC_SIO,LUH_NMC_SIO/P006_1,pchp_method,0.026550416532209044,18
LUH_NMC_SIO,LUH_NMC_SIO/P006_2,pchp_method,0.026623470399661047,18
LUH_NMC_SIO,LUH_NMC_SIO/P006_3,pchp_method,0.024300766986409626,18
LUH_NMC_SIO,LUH_NMC_SIO/P007_1,pchp_method,0.034615284928923885,18
LUH_NMC_SIO,LUH_NMC_SIO/P007_2,pchp_method,0.03352487754313717,18
LUH_NMC_SIO,LUH_NMC_SIO/P007_3,pchp_method,0.033204148140806265,18
LUH_NMC_SIO,LUH_NMC_SIO/P008_1,pchp_method,0.03590256965988071,18
LUH_NMC_SIO,LUH_NMC_SIO/P008_2,pchp_method,0.03716234232653735,18
LUH_NMC_SIO,LUH_NMC_SIO/P008_3,pchp_method,0.03649497416970385,18
LUH_NMC_SIO,LUH_NMC_SIO/P009_1,pchp_method,0.02280938227556885,18
LUH_NMC_SIO,LUH_NMC_SIO/P009_2,pchp_method,0.023752763138211792,18
LUH_NMC_SIO,LUH_NMC_SIO/P009_3,pchp_method,0.0227721171001734,18
LUH_NMC_SIO,LUH_NMC_SIO/P010_1,pchp_method,0.027405196470079416,18
LUH_NMC_SIO,LUH_NMC_SIO/P010_2,pchp_method,0.02737472839638731,18
LUH_NMC_SIO,LUH_NMC_SIO/P010_3,pchp_method,0.02692490667821172,18
LUH_NMC_SIO,LUH_NMC_SIO/P011_1,pchp_method,0.0403203705294978,18
LUH_NMC_SIO,LUH_NMC_SIO/P011_2,pchp_method,0.03561845670821815,18
LUH_NMC_SIO,LUH_NMC_SIO/P011_3,pchp_method,0.037322819239417444,18
LUH_NMC_SIO,LUH_NMC_SIO/P012_1,pchp_method,0.043083591797458604,18
LUH_NMC_SIO,LUH_NMC_SIO/P012_2,pchp_method,0.03786428860937911,18
LUH_NMC_SIO,LUH_NMC_SIO/P012_3,pchp_method,0.04950474877080194,18
LUH_NMC_SIO,LUH_NMC_SIO/P013_1,pchp_method,0.03289002263407833,18
LUH_NMC_SIO,LUH_NMC_SIO/P013_2,pchp_method,0.03320569166743706,18
LUH_NMC_SIO,LUH_NMC_SIO/P013_3,pchp_method,0.03210485963070976,18
LUH_NMC_SIO,LUH_NMC_SIO/P014_1,pchp_method,0.047284445485372216,18
LUH_NMC_SIO,LUH_NMC_SIO/P014_2,pchp_method,0.049205720482509104,18
LUH_NMC_SIO,LUH_NMC_SIO/P014_3,pchp_method,0.048674590554564114,18
LUH_NMC_SIO,LUH_NMC_SIO/P015_1,pchp_method,0.08327386479341814,18
LUH_NMC_SIO,LUH_NMC_SIO/P015_2,pchp_method,0.0732660999132423,18
LUH_NMC_SIO,LUH_NMC_SIO/P015_3,pchp_method,0.07527351751441287,18
LUH_NMC_SIO,LUH_NMC_SIO/P016_1,pchp_method,0.06515145775555688,18
LUH_NMC_SIO,LUH_NMC_SIO/P016_2,pchp_method,0.06392358958746018,18
LUH_NMC_SIO,LUH_NMC_SIO/P016_3,pchp_method,0.08287068153771422,18
LUH_NMC_SIO,LUH_NMC_SIO/P017_1,pchp_method,0.05859453108371779,4
LUH_NMC_SIO,LUH_NMC_SIO/P017_2,pchp_method,0.07047463260291545,4
LUH_NMC_SIO,LUH_NMC_SIO/P017_3,pchp_method,0.0760696262175673,4
LUH_NMC_SIO,LUH_NMC_SIO/P018_1,pchp_method,0.10951253178750553,2
LUH_NMC_SIO,LUH_NMC_SIO/P018_2,pchp_method,0.1010795066171184,2
LUH_NMC_SIO,LUH_NMC_SIO/P018_3,pchp_method,0.11520975645784748,1
LUH_NMC_SIO,LUH_NMC_SIO/P021_1,pchp_method,0.10199837147806047,11
LUH_NMC_SIO,LUH_NMC_SIO/P021_2,pchp_method,0.08289845261953302,10
LUH_NMC_SIO,LUH_NMC_SIO/P021_3,pchp_method,0.08992799318551528,10
LUH_NMC_SIO,LUH_NMC_SIO/P022_1,pchp_method,0.07511416603220648,3
LUH_NMC_SIO,LUH_NMC_SIO/P022_2,pchp_method,0.09565278498287492,3
LUH_NMC_SIO,LUH_NMC_SIO/P022_3,pchp_method,0.06928603268563371,2
LUH_NMC_SIO,LUH_NMC_SIO/P025_1,pchp_method,0.09154030746856066,18
LUH_NMC_SIO,LUH_NMC_SIO/P025_2,pchp_method,0.09806665894056177,17
LUH_NMC_SIO,LUH_NMC_SIO/P025_3,pchp_method,0.10249756798986207,18
LUH_NMC_SIO,LUH_NMC_SIO/P026_1,pchp_method,0.07896304711011441,7
LUH_NMC_SIO,LUH_NMC_SIO/P026_2,pchp_method,0.08521666462645269,7
LUH_NMC_SIO,LUH_NMC_SIO/P026_3,pchp_method,0.10805875381744744,7
LUH_NMC_SIO,LUH_NMC_SIO/P027_3,pchp_method,0.12707428785627206,1
LUH_NMC_SIO,LUH_NMC_SIO/P029_1,pchp_method,0.07196438959495638,9
LUH_NMC_SIO,LUH_NMC_SIO/P029_2,pchp_method,0.06309338487664347,9
LUH_NMC_SIO,LUH_NMC_SIO/P029_3,pchp_method,0.07094930977320857,10
LUH_NMC_SIO,LUH_NMC_SIO/P030_1,pchp_method,0.0503790901324182,4
LUH_NMC_SIO,LUH_NMC_SIO/P030_2,pchp_method,0.06897875617817575,4
LUH_NMC_SIO,LUH_NMC_SIO/P030_3,pchp_method,0.06714128088579668,4
LUH_NMC_SIO,LUH_NMC_SIO/P033_1,pchp_method,0.11639646644498874,18
LUH_NMC_SIO,LUH_NMC_SIO/P033_2,pchp_method,0.11300398452916946,18
LUH_NMC_SIO,LUH_NMC_SIO/P033_3,pchp_method,0.09945085214792941,17
LUH_NMC_SIO,LUH_NMC_SIO/P034_1,pchp_method,0.105607500566008,11
LUH_NMC_SIO,LUH_NMC_SIO/P034_2,pchp_method,0.08820653105190243,10
LUH_NMC_SIO,LUH_NMC_SIO/P034_3,pchp_method,0.10679196069579894,11
LUH_NMC_SIO,LUH_NMC_SIO/P037_1,pchp_method,0.06573961417340596,18
LUH_NMC_SIO,LUH_NMC_SIO/P037_2,pchp_method,0.018617446005805227,6
LUH_NMC_SIO,LUH_NMC_SIO/P037_3,pchp_method,0.0676527042803099,18
LUH_NMC_SIO,LUH_NMC_SIO/P038_1,pchp_method,0.11312355801084416,16
LUH_NMC_SIO,LUH_NMC_SIO/P038_2,pchp_method,0.09476999623887646,17
LUH_NMC_SIO,LUH_NMC_SIO/P038_3,pchp_method,0.08570735202758814,14
LUH_NMC_SIO,LUH_NMC_SIO/P039_1,pchp_method,0.15200335421282507,3
LUH_NMC_SIO,LUH_NMC_SIO/P039_2,pchp_method,0.13100504391603843,3
LUH_NMC_SIO,LUH_NMC_SIO/P039_3,pchp_method,0.10928149820990901,2
LUH_NMC_SIO,LUH_NMC_SIO/P040_1,pchp_method,0.18624542664225174,1
LUH_NMC_SIO,LUH_NMC_SIO/P041_1,pchp_method,0.10414388838879632,16
LUH_NMC_SIO,LUH_NMC_SIO/P041_2,pchp_method,0.054848449927239674,11
LUH_NMC_SIO,LUH_NMC_SIO/P041_3,pchp_method,0.09304757270605313,15
LUH_NMC_SIO,LUH_NMC_SIO/P042_1,pchp_method,0.10195345379702814,17
LUH_NMC_SIO,LUH_NMC_SIO/P042_2,pchp_method,0.042820302192757946,7
LUH_NMC_SIO,LUH_NMC_SIO/P042_3,pchp_method,0.03670376719191599,11
LUH_NMC_SIO,LUH_NMC_SIO/P045_1,pchp_method,0.03887305307680487,18
LUH_NMC_SIO,LUH_NMC_SIO/P045_2,pchp_method,0.038553613598343243,18
LUH_NMC_SIO,LUH_NMC_SIO/P045_3,pchp_method,0.03569991769953464,18
LUH_NMC_SIO,LUH_NMC_SIO/P046_1,pchp_method,0.03592274608036609,18
LUH_NMC_SIO,LUH_NMC_SIO/P046_2,pchp_method,0.04100974384072941,18
LUH_NMC_SIO,LUH_NMC_SIO/P046_3,pchp_method,0.05187717896629309,18
LUH_NMC_SIO,LUH_NMC_SIO/P047_1,pchp_method,0.0344114220488995,6
LUH_NMC_SIO,LUH_NMC_SIO/P047_2,pchp_method,0.08343726848212651,6
LUH_NMC_SIO,LUH_NMC_SIO/P047_3,pchp_method,0.08779936750801286,7
LUH_NMC_SIO,LUH_NMC_SIO/P049_1,pchp_method,0.03201001357352065,18
LUH_NMC_SIO,LUH_NMC_SIO/P049_2,pchp_method,0.02545588713864624,18
LUH_NMC_SIO,LUH_NMC_SIO/P049_3,pchp_method,0.02983367015743643,18
LUH_NMC_SIO,LUH_NMC_SIO/P050_1,pchp_method,0.027882338489802982,18
LUH_NMC_SIO,LUH_NMC_SIO/P050_2,pchp_method,0.02877686510963677,18
LUH_NMC_SIO,LUH_NMC_SIO/P050_3,pchp_method,0.0275113742284216,18
LUH_NMC_SIO,LUH_NMC_SIO/P051_1,pchp_method,0.05845795762819661,11
LUH_NMC_SIO,LUH_NMC_SIO/P051_2,pchp_method,0.1100398081407791,18
LUH_NMC_SIO,LUH_NMC_SIO/P051_3,pchp_method,0.08888318666557711,18
LUH_NMC_SIO,LUH_NMC_SIO/P052_1,pchp_method,0.13168499525316124,9
LUH_NMC_SIO,LUH_NMC_SIO/P052_2,pchp_method,0.1434282978623065,5
LUH_NMC_SIO,LUH_NMC_SIO/P053_1,pchp_method,0.046011514857726,9
LUH_NMC_SIO,LUH_NMC_SIO/P053_2,pchp_method,0.05162637458743602,9
LUH_NMC_SIO,LUH_NMC_SIO/P053_3,pchp_method,0.0817109130340273,11
LUH_NMC_SIO,LUH_NMC_SIO/P054_1,pchp_method,0.07997983562715913,9
LUH_NMC_SIO,LUH_NMC_SIO/P054_2,pchp_method,0.08713830362157178,11
LUH_NMC_SIO,LUH_NMC_SIO/P054_3,pchp_method,0.06579217621681666,11
LUH_NMC_SIO,LUH_NMC_SIO/P055_1,pchp_method,0.0459290411368124,2
LUH_NMC_SIO,LUH_NMC_SIO/P055_2,pchp_method,0.0162278714478562,2
LUH_NMC_SIO,LUH_NMC_SIO/P055_3,pchp_method,0.10826123620788428,4
LUH_NMC_SIO,LUH_NMC_SIO/P057_1,pchp_method,0.05180660118877402,7
LUH_NMC_SIO,LUH_NMC_SIO/P057_2,pchp_method,0.05070472500819486,7
LUH_NMC_SIO,LUH_NMC_SIO/P057_3,pchp_method,0.0995026838977518,8
LUH_NMC_SIO,LUH_NMC_SIO/P058_1,pchp_method,0.07151308965513216,9
LUH_NMC_SIO,LUH_NMC_SIO/P058_2,pchp_method,0.059455821501299515,7
LUH_NMC_SIO,LUH_NMC_SIO/P058_3,pchp_method,0.11684846219384676,8
LUH_NMC_SIO,LUH_NMC_SIO/P059_1,pchp_method,0.21264508726508025,2
LUH_NMC_SIO,LUH_NMC_SIO/P059_2,pchp_method,0.10234197533421063,2
LUH_NMC_SIO,LUH_NMC_SIO/P059_3,pchp_method,0.24601310682070837,2
LUH_NMC_SIO,LUH_NMC_SIO/P060_1,pchp_method,0.3220604111064144,2
LUH_NMC_SIO,LUH_NMC_SIO/P060_3,pchp_method,0.01633037931036696,1
LUH_NMC_SIO,LUH_NMC_SIO/P061_1,pchp_method,0.039864147782428284,18
LUH_NMC_SIO,LUH_NMC_SIO/P061_2,pchp_method,0.0449158853723854,18
LUH_NMC_SIO,LUH_NMC_SIO/P061_3,pchp_method,0.03992801832720045,18
LUH_NMC_SIO,LUH_NMC_SIO/P062_1,pchp_method,0.045291244963583166,18
LUH_NMC_SIO,LUH_NMC_SIO/P062_2,pchp_method,0.04436294526923295,18
LUH_NMC_SIO,LUH_NMC_SIO/P062_3,pchp_method,0.045043138816716614,18
LUH_NMC_SIO,LUH_NMC_SIO/P063_1,pchp_method,0.10118567940217263,18
LUH_NMC_SIO,LUH_NMC_SIO/P063_2,pchp_method,0.08289356374813105,18
LUH_NMC_SIO,LUH_NMC_SIO/P063_3,pchp_method,0.05750689314054674,18
LUH_NMC_SIO,LUH_NMC_SIO/P064_1,pchp_method,0.10338653204295124,11
LUH_NMC_SIO,LUH_NMC_SIO/P064_2,pchp_method,0.08529760871015667,9
LUH_NMC_SIO,LUH_NMC_SIO/P064_3,pchp_method,0.05082977881044878,3
LUH_NMC_SIO,LUH_NMC_SIO/P065_1,pchp_method,0.09437931274096736,13
LUH_NMC_SIO,LUH_NMC_SIO/P065_2,pchp_method,0.13576900332023759,14
LUH_NMC_SIO,LUH_NMC_SIO/P065_3,pchp_method,0.10266746778843681,14
LUH_NMC_SIO,LUH_NMC_SIO/P066_1,pchp_method,0.08909090927315289,18
LUH_NMC_SIO,LUH_NMC_SIO/P066_2,pchp_method,0.09684761328280994,18
LUH_NMC_SIO,LUH_NMC_SIO/P066_3,pchp_method,0.0919158524235078,18
LUH_NMC_SIO,LUH_NMC_SIO/P068_1,pchp_method,0.10535628774066945,18
LUH_NMC_SIO,LUH_NMC_SIO/P068_2,pchp_method,0.10330038458139257,18
LUH_NMC_SIO,LUH_NMC_SIO/P068_3,pchp_method,0.1049134417721474,18
LUH_NMC_SIO,LUH_NMC_SIO/P069_1,pchp_method,0.09672635892441411,18
LUH_NMC_SIO,LUH_NMC_SIO/P069_2,pchp_method,0.10325134537990859,18
LUH_NMC_SIO,LUH_NMC_SIO/P069_3,pchp_method,0.09776490431709321,18
LUH_NMC_SIO,LUH_NMC_SIO/P070_1,pchp_method,0.07163866631752347,1
LUH_NMC_SIO,LUH_NMC_SIO/P070_2,pchp_method,0.11805420365751307,1
LUH_NMC_SIO,LUH_NMC_SIO/P070_3,pchp_method,0.26883444779302523,3
LUH_NMC_SIO,LUH_NMC_SIO/P071_1,pchp_method,0.05511714537007453,18
LUH_NMC_SIO,LUH_NMC_SIO/P071_2,pchp_method,0.05555400738397752,18
LUH_NMC_SIO,LUH_NMC_SIO/P071_3,pchp_method,0.051747570022437545,18
LUH_NMC_SIO,LUH_NMC_SIO/P072_1,pchp_method,0.08483706224312004,18
LUH_NMC_SIO,LUH_NMC_SIO/P072_2,pchp_method,0.08042355698564625,18
LUH_NMC_SIO,LUH_NMC_SIO/P072_3,pchp_method,0.08001615075128528,18
LUH_NMC_SIO,LUH_NMC_SIO/P073_1,pchp_method,0.09796663439768498,6
LUH_NMC_SIO,LUH_NMC_SIO/P073_2,pchp_method,0.10355956855655311,6
LUH_NMC_SIO,LUH_NMC_SIO/P073_3,pchp_method,0.1144890878152527,7
LUH_NMC_SIO,LUH_NMC_SIO/P074_1,pchp_method,0.12534125128354734,13
LUH_NMC_SIO,LUH_NMC_SIO/P074_2,pchp_method,0.13565502152478007,11
LUH_NMC_SIO,LUH_NMC_SIO/P074_3,pchp_method,0.08665708273496088,11
LUH_NMC_SIO,LUH_NMC_SIO/P075_1,pchp_method,0.05574670313504414,18
LUH_NMC_SIO,LUH_NMC_SIO/P075_2,pchp_method,0.0584884491476891,18
LUH_NMC_SIO,LUH_NMC_SIO/P075_3,pchp_method,0.05324772463407844,18
LUH_NMC_SIO,LUH_NMC_SIO/P076_1,pchp_method,0.07521088442762854,18
LUH_NMC_SIO,LUH_NMC_SIO/P076_2,pchp_method,0.07633341944192079,18
LUH_NMC_SIO,LUH_NMC_SIO/P076_3,pchp_method,0.07324927743822235,18
MULTISTAGE_50E,MULTISTAGE_50E/S1_TP_z01_C1,pchp_method,0.013980985121460177,12
MULTISTAGE_50E,MULTISTAGE_50E/S1_TP_z01_C2,pchp_method,0.012268076696464838,12
MULTISTAGE_50E,MULTISTAGE_50E/S1_TP_z01_C3,pchp_method,0.013047487780036754,12
MULTISTAGE_50E,MULTISTAGE_50E/S1_TP_z02_C1,pchp_method,0.012634891818609856,12
MULTISTAGE_50E,MULTISTAGE_50E/S1_TP_z02_C2,pchp_method,0.013139380032767359,12
MULTISTAGE_50E,MULTISTAGE_50E/S1_TP_z02_C3,pchp_method,0.012440183774425101,12
MULTISTAGE_50E,MULTISTAGE_50E/S1_TP_z03_C1,pchp_method,0.022942136820622943,12
MULTISTAGE_50E,MULTISTAGE_50E/S1_TP_z03_C2,pchp_method,0.0206493377331196,12
MULTISTAGE_50E,MULTISTAGE_50E/S1_TP_z03_C3,pchp_method,0.020030407356920032,12
MULTISTAGE_50E,MULTISTAGE_50E/S1_TP_z04_C1,pchp_method,0.015692917164454256,2
MULTISTAGE_50E,MULTISTAGE_50E/S1_TP_z04_C2,pchp_method,0.02412663204565857,3
MULTISTAGE_50E,MULTISTAGE_50E/S1_TP_z04_C3,pchp_method,0.01802159425146649,2
MULTISTAGE_50E,MULTISTAGE_50E/S1_TP_z05_C1,pchp_method,0.030615639080352836,8
MULTISTAGE_50E,MULTISTAGE_50E/S1_TP_z05_C2,pchp_method,0.03071719145298285,8
MULTISTAGE_50E,MULTISTAGE_50E/S1_TP_z05_C3,pchp_method,0.02905421579296287,8
MULTISTAGE_50E,MULTISTAGE_50E/S1_TP_z06_C1,pchp_method,0.015059569429410669,8
MULTISTAGE_50E,MULTISTAGE_50E/S1_TP_z06_C2,pchp_method,0.014475131900308552,8
MULTISTAGE_50E,MULTISTAGE_50E/S1_TP_z06_C3,pchp_method,0.014937600719431093,8
MULTISTAGE_50E,MULTISTAGE_50E/S1_TP_z07_C1,pchp_method,0.021390425849547062,8
MULTISTAGE_50E,MULTISTAGE_50E/S1_TP_z07_C2,pchp_method,0.023361223839419076,8
MULTISTAGE_50E,MULTISTAGE_50E/S1_TP_z07_C3,pchp_method,0.022668136207726064,8
MULTISTAGE_50E,MULTISTAGE_50E/S1_TP_z08_C1,pchp_method,0.0182715596135999,8
MULTISTAGE_50E,MULTISTAGE_50E/S1_TP_z08_C2,pchp_method,0.019838357613095686,8
MULTISTAGE_50E,MULTISTAGE_50E/S1_TP_z08_C3,pchp_method,0.01720058532576442,8
MULTISTAGE_50E,MULTISTAGE_50E/S1_TP_z09_C1,pchp_method,0.025883127296503175,8
MULTISTAGE_50E,MULTISTAGE_50E/S1_TP_z09_C2,pchp_method,0.024578150309703853,8
MULTISTAGE_50E,MULTISTAGE_50E/S1_TP_z09_C3,pchp_method,0.02522485363864191,8
MULTISTAGE_50E,MULTISTAGE_50E/S1_TP_z10_C1,pchp_method,0.013007587697666786,8
MULTISTAGE_50E,MULTISTAGE_50E/S1_TP_z10_C2,pchp_method,0.011121543079351287,8
MULTISTAGE_50E,MULTISTAGE_50E/S1_TP_z10_C3,pchp_method,0.012774321065124689,8
MULTISTAGE_50E,MULTISTAGE_50E/S1_TP_z11_C1,pchp_method,0.02848272903507336,8
MULTISTAGE_50E,MULTISTAGE_50E/S1_TP_z11_C2,pchp_method,0.027818984391225515,8
MULTISTAGE_50E,MULTISTAGE_50E/S1_TP_z11_C3,pchp_method,0.030857509734110167,8
MULTISTAGE_50E,MULTISTAGE_50E/S1_TP_z12_C1,pchp_method,0.029450048555362,8
MULTISTAGE_50E,MULTISTAGE_50E/S1_TP_z12_C2,pchp_method,0.028609414792888144,8
MULTISTAGE_50E,MULTISTAGE_50E/S1_TP_z12_C3,pchp_method,0.0059361956501052665,8
MULTISTAGE_50E,MULTISTAGE_50E/S1_TP_z13_C1,pchp_method,0.016295744170730486,8
MULTISTAGE_50E,MULTISTAGE_50E/S1_TP_z13_C2,pchp_method,0.01675215306538362,8
MULTISTAGE_50E,MULTISTAGE_50E/S1_TP_z13_C3,pchp_method,0.015289302342308006,8
MULTISTAGE_50E,MULTISTAGE_50E/S1_TP_z14_C1,pchp_method,0.019329498529309083,8
MULTISTAGE_50E,MULTISTAGE_50E/S1_TP_z14_C2,pchp_method,0.023286054096283926,8
MULTISTAGE_50E,MULTISTAGE_50E/S1_TP_z14_C3,pchp_method,0.022270563828559395,8
MULTISTAGE_50E,MULTISTAGE_50E/S1_TP_z15_C1,pchp_method,0.019408398343791544,8
MULTISTAGE_50E,MULTISTAGE_50E/S1_TP_z15_C2,pchp_method,0.019446855463753368,8
MULTISTAGE_50E,MULTISTAGE_50E/S1_TP_z15_C3,pchp_method,0.017874040805627614,8
MULTISTAGE_50E,MULTISTAGE_50E/S1_TP_z16_C1,pchp_method,0.02998736414277984,10
MULTISTAGE_50E,MULTISTAGE_50E/S1_TP_z16_C2,pchp_method,0.03346001171627467,11
MULTISTAGE_50E,MULTISTAGE_50E/S1_TP_z16_C3,pchp_method,0.03372019651295794,11
MULTISTAGE_50E,MULTISTAGE_50E/S1_TP_z17_C1,pchp_method,0.04497056861118643,11
MULTISTAGE_50E,MULTISTAGE_50E/S1_TP_z17_C2,pchp_method,0.046152702807916716,11
MULTISTAGE_50E,MULTISTAGE_50E/S1_TP_z17_C3,pchp_method,0.06962426417844042,11
MULTISTAGE_50E,MULTISTAGE_50E/S1_TP_z18_C1,pchp_method,0.06470931963034139,11
MULTISTAGE_50E,MULTISTAGE_50E/S1_TP_z18_C2,pchp_method,0.06115020919823693,11
MULTISTAGE_50E,MULTISTAGE_50E/S1_TP_z18_C3,pchp_method,0.05852515781016725,11
MULTISTAGE_50E,MULTISTAGE_50E/S1_TP_z19_C1,pchp_method,0.011524223416754015,11
MULTISTAGE_50E,MULTISTAGE_50E/S1_TP_z19_C2,pchp_method,0.012619768411637507,11
MULTISTAGE_50E,MULTISTAGE_50E/S1_TP_z19_C3,pchp_method,0.012707122588194276,11
MULTISTAGE_50E,MULTISTAGE_50E/S1_TP_z20_C1,pchp_method,0.02976479798660816,11
MULTISTAGE_50E,MULTISTAGE_50E/S1_TP_z20_C2,pchp_method,0.028215133188369376,11
MULTISTAGE_50E,MULTISTAGE_50E/S1_TP_z20_C3,pchp_method,0.03317879917253174,11
MULTISTAGE_50E,MULTISTAGE_50E/S1_TP_z21_C1,pchp_method,0.02686086405915407,11
MULTISTAGE_50E,MULTISTAGE_50E/S1_TP_z21_C2,pchp_method,0.02827151254747812,11
MULTISTAGE_50E,MULTISTAGE_50E/S1_TP_z21_C3,pchp_method,0.029000424528315697,11
MULTISTAGE_50E,MULTISTAGE_50E/S1_TP_z22_C1,pchp_method,0.038781191237731764,11
MULTISTAGE_50E,MULTISTAGE_50E/S1_TP_z22_C2,pchp_method,0.037410100343144764,11
MULTISTAGE_50E,MULTISTAGE_50E/S1_TP_z22_C3,pchp_method,0.03615153168189433,11
MULTISTAGE_50E,MULTISTAGE_50E/S1_TP_z23_C1,pchp_method,0.03990959474892066,11
MULTISTAGE_50E,MULTISTAGE_50E/S1_TP_z23_C2,pchp_method,0.04018989741311832,11
MULTISTAGE_50E,MULTISTAGE_50E/S1_TP_z23_C3,pchp_method,0.040564489092241744,11
MULTISTAGE_50E,MULTISTAGE_50E/S1_TP_z24_C1,pchp_method,0.03539274955885896,11
MULTISTAGE_50E,MULTISTAGE_50E/S1_TP_z24_C2,pchp_method,0.03268547415341164,11
MULTISTAGE_50E,MULTISTAGE_50E/S1_TP_z24_C3,pchp_method,0.03583758606629406,11
MULTISTAGE_50E,MULTISTAGE_50E/S1_TP_z25_C1,pchp_method,0.07695581973193046,11
MULTISTAGE_50E,MULTISTAGE_50E/S1_TP_z25_C2,pchp_method,0.050107458588407566,11
MULTISTAGE_50E,MULTISTAGE_50E/S1_TP_z25_C3,pchp_method,0.05052552339913052,11
MULTISTAGE_50E,MULTISTAGE_50E/S2_TP_z01_C1,pchp_method,0.01936588278799206,12
MULTISTAGE_50E,MULTISTAGE_50E/S2_TP_z01_C2,pchp_method,0.018111898321260644,12
MULTISTAGE_50E,MULTISTAGE_50E/S2_TP_z01_C3,pchp_method,0.016512654810906358,12
MULTISTAGE_50E,MULTISTAGE_50E/S2_TP_z02_C1,pchp_method,0.04155957339910457,4
MULTISTAGE_50E,MULTISTAGE_50E/S2_TP_z02_C2,pchp_method,0.07005098717327266,4
MULTISTAGE_50E,MULTISTAGE_50E/S2_TP_z02_C3,pchp_method,0.031521742570670364,2
MULTISTAGE_50E,MULTISTAGE_50E/S2_TP_z03_C1,pchp_method,0.031942340893872594,12
MULTISTAGE_50E,MULTISTAGE_50E/S2_TP_z03_C2,pchp_method,0.02833623307957576,12
MULTISTAGE_50E,MULTISTAGE_50E/S2_TP_z03_C3,pchp_method,0.02808895902617989,12
MULTISTAGE_50E,MULTISTAGE_50E/S2_TP_z04_C1,pchp_method,0.024964252777905094,8
MULTISTAGE_50E,MULTISTAGE_50E/S2_TP_z04_C2,pchp_method,0.023849353416610777,8
MULTISTAGE_50E,MULTISTAGE_50E/S2_TP_z04_C3,pchp_method,0.0235029860375824,8
MULTISTAGE_50E,MULTISTAGE_50E/S2_TP_z05_C1,pchp_method,0.04259098713842345,8
MULTISTAGE_50E,MULTISTAGE_50E/S2_TP_z05_C2,pchp_method,0.042510631648186054,8
MULTISTAGE_50E,MULTISTAGE_50E/S2_TP_z05_C3,pchp_method,0.04295338072725055,8
MULTISTAGE_50E,MULTISTAGE_50E/S2_TP_z06_C1,pchp_method,0.037848391873299095,8
MULTISTAGE_50E,MULTISTAGE_50E/S2_TP_z06_C2,pchp_method,0.03822354392434103,8
MULTISTAGE_50E,MULTISTAGE_50E/S2_TP_z06_C3,pchp_method,0.03952739673030346,8
MULTISTAGE_50E,MULTISTAGE_50E/S2_TP_z07_C1,pchp_method,0.027869463704909198,8
MULTISTAGE_50E,MULTISTAGE_50E/S2_TP_z07_C2,pchp_method,0.0268701026287958,8
MULTISTAGE_50E,MULTISTAGE_50E/S2_TP_z07_C3,pchp_method,0.03097669186614803,8
MULTISTAGE_50E,MULTISTAGE_50E/S2_TP_z08_C1,pchp_method,0.01955418041153499,8
MULTISTAGE_50E,MULTISTAGE_50E/S2_TP_z08_C2,pchp_method,0.020285095569638145,8
MULTISTAGE_50E,MULTISTAGE_50E/S2_TP_z08_C3,pchp_method,0.020903525663388434,8
MULTISTAGE_50E,MULTISTAGE_50E/S2_TP_z09_C1,pchp_method,0.030641444800695375,8
MULTISTAGE_50E,MULTISTAGE_50E/S2_TP_z09_C2,pchp_method,0.029130357081089436,8
MULTISTAGE_50E,MULTISTAGE_50E/S2_TP_z09_C3,pchp_method,0.03008075864565954,8
MULTISTAGE_50E,MULTISTAGE_50E/S2_TP_z10_C1,pchp_method,0.023655326289137357,1
MULTISTAGE_50E,MULTISTAGE_50E/S2_TP_z10_C2,pchp_method,0.015898772220143836,3
MULTISTAGE_50E,MULTISTAGE_50E/S2_TP_z10_C3,pchp_method,0.018323362828320866,4
MULTISTAGE_50E,MULTISTAGE_50E/S2_TP_z11_C1,pchp_method,0.01890417561772191,8
MULTISTAGE_50E,MULTISTAGE_50E/S2_TP_z11_C2,pchp_method,0.017879042759883515,8
MULTISTAGE_50E,MULTISTAGE_50E/S2_TP_z11_C3,pchp_method,0.01859377228145341,8
MULTISTAGE_50E,MULTISTAGE_50E/S2_TP_z12_C1,pchp_method,0.019285145035164226,12
MULTISTAGE_50E,MULTISTAGE_50E/S2_TP_z12_C2,pchp_method,0.019417715604631364,12
MULTISTAGE_50E,MULTISTAGE_50E/S2_TP_z12_C3,pchp_method,0.019704379418102963,12
MULTISTAGE_50E,MULTISTAGE_50E/S2_TP_z13_C1,pchp_method,0.02254563692942922,12
MULTISTAGE_50E,MULTISTAGE_50E/S2_TP_z13_C2,pchp_method,0.022563831861734097,12
MULTISTAGE_50E,MULTISTAGE_50E/S2_TP_z13_C3,pchp_method,0.02308576150286908,12
MULTISTAGE_50E,MULTISTAGE_50E/S2_TP_z14_C1,pchp_method,0.03500847752335381,12
MULTISTAGE_50E,MULTISTAGE_50E/S2_TP_z14_C2,pchp_method,0.028752059193127722,12
MULTISTAGE_50E,MULTISTAGE_50E/S2_TP_z14_C3,pchp_method,0.026043630129290913,12
MULTISTAGE_50E,MULTISTAGE_50E/S2_TP_z15_C1,pchp_method,0.06223353174744749,7
MULTISTAGE_50E,MULTISTAGE_50E/S2_TP_z15_C2,pchp_method,0.07279815944484234,8
MULTISTAGE_50E,MULTISTAGE_50E/S2_TP_z15_C3,pchp_method,0.06725682772226274,8
MULTISTAGE_50E,MULTISTAGE_50E/S2_TP_z16_C1,pchp_method,0.05258914754423454,12
MULTISTAGE_50E,MULTISTAGE_50E/S2_TP_z16_C2,pchp_method,0.05594594331710556,12
MULTISTAGE_50E,MULTISTAGE_50E/S2_TP_z16_C3,pchp_method,0.05695646475750246,12
MULTISTAGE_50E,MULTISTAGE_50E/S2_TP_z17_C1,pchp_method,0.058148320944745716,8
MULTISTAGE_50E,MULTISTAGE_50E/S2_TP_z17_C2,pchp_method,0.058051547188456176,8
MULTISTAGE_50E,MULTISTAGE_50E/S2_TP_z17_C3,pchp_method,0.06522990782903386,8
MULTISTAGE_50E,MULTISTAGE_50E/S2_TP_z18_C1,pchp_method,0.03662461496777634,12
MULTISTAGE_50E,MULTISTAGE_50E/S2_TP_z18_C2,pchp_method,0.03581401849827274,12
MULTISTAGE_50E,MULTISTAGE_50E/S2_TP_z18_C3,pchp_method,0.03658663996661005,12
MULTISTAGE_50E,MULTISTAGE_50E/S2_TP_z19_C1,pchp_method,0.05165239195378175,12
MULTISTAGE_50E,MULTISTAGE_50E/S2_TP_z19_C2,pchp_method,0.05909959458532777,12
MULTISTAGE_50E,MULTISTAGE_50E/S2_TP_z19_C3,pchp_method,0.05461869077229836,12
MULTISTAGE_50E,MULTISTAGE_50E/S2_TP_z20_C1,pchp_method,0.0910346089234771,3
MULTISTAGE_50E,MULTISTAGE_50E/S2_TP_z20_C3,pchp_method,0.0709415678876049,3
MULTISTAGE_50E,MULTISTAGE_50E/S2_TP_z21_C1,pchp_method,0.03831412031485465,12
MULTISTAGE_50E,MULTISTAGE_50E/S2_TP_z21_C2,pchp_method,0.038172043047454494,12
MULTISTAGE_50E,MULTISTAGE_50E/S2_TP_z21_C3,pchp_method,0.035574830611247804,12
MULTISTAGE_50E,MULTISTAGE_50E/S2_TP_z22_C1,pchp_method,0.03354600719967261,12
MULTISTAGE_50E,MULTISTAGE_50E/S2_TP_z22_C2,pchp_method,0.03361810267395676,12
MULTISTAGE_50E,MULTISTAGE_50E/S2_TP_z22_C3,pchp_method,0.03462611351566817,12
MULTISTAGE_50E,MULTISTAGE_50E/S2_TP_z23_C2,pchp_method,0.026788841223246318,1
MULTISTAGE_50E,MULTISTAGE_50E/S2_TP_z23_C3,pchp_method,0.0916686332863071,3
MULTISTAGE_50E,MULTISTAGE_50E/S2_TP_z24_C1,pchp_method,0.03480987140568955,12
MULTISTAGE_50E,MULTISTAGE_50E/S2_TP_z24_C2,pchp_method,0.03316772727945224,12
MULTISTAGE_50E,MULTISTAGE_50E/S2_TP_z24_C3,pchp_method,0.03453145231155538,12
STANFORD_CALENDAR,STANFORD_CALENDAR/C00013,pchp_method,0.03653113921606055,5
STANFORD_CALENDAR,STANFORD_CALENDAR/C00014,pchp_method,0.023681225040030843,11
STANFORD_CALENDAR,STANFORD_CALENDAR/C00018,pchp_method,0.025522492447633494,8
STANFORD_CALENDAR,STANFORD_CALENDAR/C00084,pchp_method,0.07825679368355694,90
STANFORD_CALENDAR,STANFORD_CALENDAR/C00085,pchp_method,0.07601119507363453,118
STANFORD_CALENDAR,STANFORD_CALENDAR/C00086,pchp_method,0.06456185990388352,118
STANFORD_CALENDAR,STANFORD_CALENDAR/C00087,pchp_method,0.06925046957139745,118
STANFORD_CALENDAR,STANFORD_CALENDAR/C00088,pchp_method,0.09578652561257806,18
STANFORD_CALENDAR,STANFORD_CALENDAR/C00089,pchp_method,0.09591108145237584,18
STANFORD_CALENDAR,STANFORD_CALENDAR/C00090,pchp_method,0.08517007479435852,18
STANFORD_CALENDAR,STANFORD_CALENDAR/C00091,pchp_method,0.08913526311372906,18
STANFORD_CALENDAR,STANFORD_CALENDAR/C00092,pchp_method,0.08717462400990819,16
STANFORD_CALENDAR,STANFORD_CALENDAR/C00093,pchp_method,0.09521311919899163,15
STANFORD_CALENDAR,STANFORD_CALENDAR/C00094,pchp_method,0.09409271206496353,16
STANFORD_CALENDAR,STANFORD_CALENDAR/C00095,pchp_method,0.09647745455379769,16
STANFORD_CALENDAR,STANFORD_CALENDAR/C00161,pchp_method,0.05343407033094799,2
STANFORD_CALENDAR,STANFORD_CALENDAR/C00162,pchp_method,0.12013494718261893,28
STANFORD_CALENDAR,STANFORD_CALENDAR/C00163,pchp_method,0.17199330246172767,8
STANFORD_CALENDAR,STANFORD_CALENDAR/C00164,pchp_method,0.0860270158141157,6
STANFORD_CALENDAR,STANFORD_CALENDAR/C00165,pchp_method,0.07919789097323715,15
STANFORD_CALENDAR,STANFORD_CALENDAR/C00166,pchp_method,0.04011843930631903,2
STANFORD_CALENDAR,STANFORD_CALENDAR/C00207,pchp_method,0.03053055080243224,15
STANFORD_CALENDAR,STANFORD_CALENDAR/C00211,pchp_method,0.03342586274868897,7
STANFORD_CALENDAR,STANFORD_CALENDAR/C00213,pchp_method,0.03166504575581354,20
STANFORD_CALENDAR,STANFORD_CALENDAR/C00218,pchp_method,0.030758580954613524,25
STANFORD_CALENDAR,STANFORD_CALENDAR/C00219,pchp_method,0.028127833468467422,6
STANFORD_CALENDAR,STANFORD_CALENDAR/C00223,pchp_method,0.022727022286080034,1
STANFORD_CALENDAR,STANFORD_CALENDAR/C00226,pchp_method,0.030925875677219335,7
STANFORD_CALENDAR,STANFORD_CALENDAR/C00227,pchp_method,0.02953479882282528,6
STANFORD_CALENDAR,STANFORD_CALENDAR/C00228,pchp_method,0.0694185604396895,14
AMPERE_A123_LFP,AMPERE_A123_LFP/Cell1a,raw_candidate,0.10346160724587997,27
AMPERE_A123_LFP,AMPERE_A123_LFP/Cell1b,raw_candidate,0.16171728558736673,29
AMPERE_A123_LFP,AMPERE_A123_LFP/Cell1c,raw_candidate,0.11269352111601713,28
AMPERE_A123_LFP,AMPERE_A123_LFP/Cell2a,raw_candidate,0.14814389571630676,28
AMPERE_A123_LFP,AMPERE_A123_LFP/Cell2b,raw_candidate,0.1670707430474681,29
AMPERE_A123_LFP,AMPERE_A123_LFP/Cell2c,raw_candidate,0.13446463804990888,28
AMPERE_A123_LFP,AMPERE_A123_LFP/Cell3a,raw_candidate,0.17864907236888714,35
AMPERE_A123_LFP,AMPERE_A123_LFP/Cell3b,raw_candidate,0.1720027477673116,36
AMPERE_A123_LFP,AMPERE_A123_LFP/Cell4a,raw_candidate,0.1639731159106947,39
AMPERE_A123_LFP,AMPERE_A123_LFP/Cell4b,raw_candidate,0.2384220491905004,41
AMPERE_A123_LFP,AMPERE_A123_LFP/Cell4c,raw_candidate,0.19362387121019067,40
AMPERE_A123_LFP,AMPERE_A123_LFP/Cell5a,raw_candidate,0.19441144331170654,38
AMPERE_A123_LFP,AMPERE_A123_LFP/Cell5b,raw_candidate,0.16672059392849992,37
AMPERE_A123_LFP,AMPERE_A123_LFP/Cell5c,raw_candidate,0.16592602455198074,37
AMPERE_A123_LFP,AMPERE_A123_LFP/Cell6a,raw_candidate,0.2664244144101227,59
AMPERE_A123_LFP,AMPERE_A123_LFP/Cell6b,raw_candidate,0.19982613228944396,62
AMPERE_A123_LFP,AMPERE_A123_LFP/Cell6c,raw_candidate,0.2140937214817879,62
AMPERE_A123_LFP,AMPERE_A123_LFP/Cell7a,raw_candidate,0.3192094222637268,28
AMPERE_A123_LFP,AMPERE_A123_LFP/Cell7b,raw_candidate,0.2268025816784531,30
AMPERE_A123_LFP,AMPERE_A123_LFP/Cell7c,raw_candidate,0.2555075816674179,30
IMPERIAL_M50T,IMPERIAL_M50T/Expt 1 - Si-based Degradation/cell_A,raw_candidate,0.1863771203245413,9
IMPERIAL_M50T,IMPERIAL_M50T/Expt 1 - Si-based Degradation/cell_B,raw_candidate,0.1926562820851917,9
IMPERIAL_M50T,IMPERIAL_M50T/Expt 1 - Si-based Degradation/cell_D,raw_candidate,0.013678139429715214,8
IMPERIAL_M50T,IMPERIAL_M50T/Expt 1 - Si-based Degradation/cell_E,raw_candidate,0.09982501098725859,9
IMPERIAL_M50T,IMPERIAL_M50T/Expt 1 - Si-based Degradation/cell_F,raw_candidate,0.17003900605748282,9
IMPERIAL_M50T,IMPERIAL_M50T/Expt 1 - Si-based Degradation/cell_J,raw_candidate,0.023256993529162284,5
IMPERIAL_M50T,IMPERIAL_M50T/Expt 1 - Si-based Degradation/cell_K,raw_candidate,0.008759165841236682,5
IMPERIAL_M50T,IMPERIAL_M50T/Expt 1 - Si-based Degradation/cell_L,raw_candidate,0.007403686674111088,5
IMPERIAL_M50T,IMPERIAL_M50T/Expt 1 - Si-based Degradation/cell_M,raw_candidate,0.008174103529168076,5
IMPERIAL_M50T,"IMPERIAL_M50T/Expt 2,2 - C-based Degradation 2/cell_A",raw_candidate,0.10098391158318891,8
IMPERIAL_M50T,"IMPERIAL_M50T/Expt 2,2 - C-based Degradation 2/cell_B",raw_candidate,0.10723748131122962,8
IMPERIAL_M50T,"IMPERIAL_M50T/Expt 2,2 - C-based Degradation 2/cell_C",raw_candidate,0.06539448872009863,8
IMPERIAL_M50T,"IMPERIAL_M50T/Expt 2,2 - C-based Degradation 2/cell_D",raw_candidate,0.08720985244874994,8
IMPERIAL_M50T,"IMPERIAL_M50T/Expt 2,2 - C-based Degradation 2/cell_E",raw_candidate,0.04394626180361656,8
IMPERIAL_M50T,"IMPERIAL_M50T/Expt 2,2 - C-based Degradation 2/cell_F",raw_candidate,0.04382668156251564,8
IMPERIAL_M50T,IMPERIAL_M50T/Expt 3 - Cathode Degradation and Li-Plating/cell_A,raw_candidate,0.3622876566472301,5
IMPERIAL_M50T,IMPERIAL_M50T/Expt 3 - Cathode Degradation and Li-Plating/cell_B,raw_candidate,0.36931054139053476,5
IMPERIAL_M50T,IMPERIAL_M50T/Expt 3 - Cathode Degradation and Li-Plating/cell_C,raw_candidate,0.3414025888885751,5
IMPERIAL_M50T,IMPERIAL_M50T/Expt 3 - Cathode Degradation and Li-Plating/cell_D,raw_candidate,0.2061149659206987,6
IMPERIAL_M50T,IMPERIAL_M50T/Expt 3 - Cathode Degradation and Li-Plating/cell_E,raw_candidate,0.24658754147779208,6
IMPERIAL_M50T,IMPERIAL_M50T/Expt 3 - Cathode Degradation and Li-Plating/cell_F,raw_candidate,0.12854207673640952,6
IMPERIAL_M50T,IMPERIAL_M50T/Expt 3 - Cathode Degradation and Li-Plating/cell_G,raw_candidate,0.17555112538214668,6
IMPERIAL_M50T,IMPERIAL_M50T/Expt 3 - Cathode Degradation and Li-Plating/cell_H,raw_candidate,0.14777762973567946,7
IMPERIAL_M50T,IMPERIAL_M50T/Expt 3 - Cathode Degradation and Li-Plating/cell_I,raw_candidate,0.1561512031639579,7
IMPERIAL_M50T,IMPERIAL_M50T/Expt 4 - Drive Cycle Aging (Control)/cell_A,raw_candidate,0.11229885352383653,4
IMPERIAL_M50T,IMPERIAL_M50T/Expt 4 - Drive Cycle Aging (Control)/cell_B,raw_candidate,0.1966645651906365,4
IMPERIAL_M50T,IMPERIAL_M50T/Expt 4 - Drive Cycle Aging (Control)/cell_C,raw_candidate,0.19643369560121698,4
IMPERIAL_M50T,IMPERIAL_M50T/Expt 4 - Drive Cycle Aging (Control)/cell_D,raw_candidate,0.06544897657275284,4
IMPERIAL_M50T,IMPERIAL_M50T/Expt 4 - Drive Cycle Aging (Control)/cell_E,raw_candidate,0.0732046405972884,4
IMPERIAL_M50T,IMPERIAL_M50T/Expt 4 - Drive Cycle Aging (Control)/cell_F,raw_candidate,0.08722837906751324,4
IMPERIAL_M50T,IMPERIAL_M50T/Expt 4 - Drive Cycle Aging (Control)/cell_G,raw_candidate,0.0839533478091477,4
IMPERIAL_M50T,IMPERIAL_M50T/Expt 4 - Drive Cycle Aging (Control)/cell_H,raw_candidate,0.08623853214569066,4
IMPERIAL_M50T,IMPERIAL_M50T/Expt 5 - Standard Cycle Aging (Control)/cell_A,raw_candidate,0.265548367419407,9
IMPERIAL_M50T,IMPERIAL_M50T/Expt 5 - Standard Cycle Aging (Control)/cell_B,raw_candidate,0.21299865240545335,9
IMPERIAL_M50T,IMPERIAL_M50T/Expt 5 - Standard Cycle Aging (Control)/cell_C,raw_candidate,0.22108799375151963,9
IMPERIAL_M50T,IMPERIAL_M50T/Expt 5 - Standard Cycle Aging (Control)/cell_D,raw_candidate,0.08674877633097546,9
IMPERIAL_M50T,IMPERIAL_M50T/Expt 5 - Standard Cycle Aging (Control)/cell_E,raw_candidate,0.06779278973402812,9
IMPERIAL_M50T,IMPERIAL_M50T/Expt 5 - Standard Cycle Aging (Control)/cell_F,raw_candidate,0.10622442210406881,9
IMPERIAL_M50T,IMPERIAL_M50T/Expt 5 - Standard Cycle Aging (Control)/cell_G,raw_candidate,0.09640796856068432,9
IMPERIAL_M50T,IMPERIAL_M50T/Expt 5 - Standard Cycle Aging (Control)/cell_H,raw_candidate,0.09183470136111249,9
ISU_ILCC_NMC,ISU_ILCC_NMC/G10C1,raw_candidate,0.09459988040751861,12
ISU_ILCC_NMC,ISU_ILCC_NMC/G10C2,raw_candidate,0.07297610921743762,15
ISU_ILCC_NMC,ISU_ILCC_NMC/G10C3,raw_candidate,0.132800658377934,12
ISU_ILCC_NMC,ISU_ILCC_NMC/G10C4,raw_candidate,0.11381268940216557,26
ISU_ILCC_NMC,ISU_ILCC_NMC/G12C1,raw_candidate,0.1250609527685425,14
ISU_ILCC_NMC,ISU_ILCC_NMC/G12C2,raw_candidate,0.1403830384800621,5
ISU_ILCC_NMC,ISU_ILCC_NMC/G12C3,raw_candidate,0.0813115295582385,12
ISU_ILCC_NMC,ISU_ILCC_NMC/G12C4,raw_candidate,0.13613035173966362,23
ISU_ILCC_NMC,ISU_ILCC_NMC/G13C1,raw_candidate,0.07275264433707428,11
ISU_ILCC_NMC,ISU_ILCC_NMC/G13C2,raw_candidate,0.10858080652196204,21
ISU_ILCC_NMC,ISU_ILCC_NMC/G13C3,raw_candidate,0.07887042779532351,11
ISU_ILCC_NMC,ISU_ILCC_NMC/G13C4,raw_candidate,0.11056770748239159,11
ISU_ILCC_NMC,ISU_ILCC_NMC/G14C1,raw_candidate,0.07740034332623391,1
ISU_ILCC_NMC,ISU_ILCC_NMC/G16C1,raw_candidate,0.17743010211778953,12
ISU_ILCC_NMC,ISU_ILCC_NMC/G16C2,raw_candidate,0.11996742674370904,12
ISU_ILCC_NMC,ISU_ILCC_NMC/G16C3,raw_candidate,0.15334873952132616,12
ISU_ILCC_NMC,ISU_ILCC_NMC/G16C4,raw_candidate,0.1563990766657838,12
ISU_ILCC_NMC,ISU_ILCC_NMC/G17C1,raw_candidate,0.13781441992486607,14
ISU_ILCC_NMC,ISU_ILCC_NMC/G17C2,raw_candidate,0.08138574536033534,12
ISU_ILCC_NMC,ISU_ILCC_NMC/G17C3,raw_candidate,0.07735853990086415,14
ISU_ILCC_NMC,ISU_ILCC_NMC/G17C4,raw_candidate,0.08880098855086353,10
ISU_ILCC_NMC,ISU_ILCC_NMC/G18C1,raw_candidate,0.18052430565868693,68
ISU_ILCC_NMC,ISU_ILCC_NMC/G18C2,raw_candidate,0.11859851010467705,18
ISU_ILCC_NMC,ISU_ILCC_NMC/G18C3,raw_candidate,0.12292150554255205,18
ISU_ILCC_NMC,ISU_ILCC_NMC/G18C4,raw_candidate,0.14503960810039646,16
ISU_ILCC_NMC,ISU_ILCC_NMC/G19C1,raw_candidate,0.08548915992447467,7
ISU_ILCC_NMC,ISU_ILCC_NMC/G19C2,raw_candidate,0.08842719983331346,5
ISU_ILCC_NMC,ISU_ILCC_NMC/G19C3,raw_candidate,0.08322095675353712,8
ISU_ILCC_NMC,ISU_ILCC_NMC/G19C4,raw_candidate,0.19953917592146164,1
ISU_ILCC_NMC,ISU_ILCC_NMC/G1C1,raw_candidate,0.11253045655228261,47
ISU_ILCC_NMC,ISU_ILCC_NMC/G1C2,raw_candidate,0.13376365584215258,57
ISU_ILCC_NMC,ISU_ILCC_NMC/G1C3,raw_candidate,0.12838338748549172,63
ISU_ILCC_NMC,ISU_ILCC_NMC/G1C4,raw_candidate,0.0861343616619279,26
ISU_ILCC_NMC,ISU_ILCC_NMC/G20C1,raw_candidate,0.19757953059065164,4
ISU_ILCC_NMC,ISU_ILCC_NMC/G20C2,raw_candidate,0.14888308323979466,5
ISU_ILCC_NMC,ISU_ILCC_NMC/G20C3,raw_candidate,0.18251700088585252,11
ISU_ILCC_NMC,ISU_ILCC_NMC/G20C4,raw_candidate,0.1468617311824156,11
ISU_ILCC_NMC,ISU_ILCC_NMC/G21C1,raw_candidate,0.16981665318525277,7
ISU_ILCC_NMC,ISU_ILCC_NMC/G21C2,raw_candidate,0.16754841172940393,13
ISU_ILCC_NMC,ISU_ILCC_NMC/G21C3,raw_candidate,0.1588717439076453,9
ISU_ILCC_NMC,ISU_ILCC_NMC/G21C4,raw_candidate,0.17147450686215043,8
ISU_ILCC_NMC,ISU_ILCC_NMC/G22C1,raw_candidate,0.1541976811157856,7
ISU_ILCC_NMC,ISU_ILCC_NMC/G22C2,raw_candidate,0.30758762611847545,4
ISU_ILCC_NMC,ISU_ILCC_NMC/G22C3,raw_candidate,0.1565778801876221,8
ISU_ILCC_NMC,ISU_ILCC_NMC/G22C4,raw_candidate,0.1774679453547849,6
ISU_ILCC_NMC,ISU_ILCC_NMC/G23C1,raw_candidate,0.17072269517405878,8
ISU_ILCC_NMC,ISU_ILCC_NMC/G23C2,raw_candidate,0.13392049702335054,9
ISU_ILCC_NMC,ISU_ILCC_NMC/G23C3,raw_candidate,0.16353183546431024,7
ISU_ILCC_NMC,ISU_ILCC_NMC/G23C4,raw_candidate,0.13934972737979015,9
ISU_ILCC_NMC,ISU_ILCC_NMC/G24C1,raw_candidate,0.1176934863720591,7
ISU_ILCC_NMC,ISU_ILCC_NMC/G24C2,raw_candidate,0.12740072982989592,9
ISU_ILCC_NMC,ISU_ILCC_NMC/G24C3,raw_candidate,0.17055926253831966,6
ISU_ILCC_NMC,ISU_ILCC_NMC/G24C4,raw_candidate,0.15489391695676646,7
ISU_ILCC_NMC,ISU_ILCC_NMC/G25C1,raw_candidate,0.14567127475679445,9
ISU_ILCC_NMC,ISU_ILCC_NMC/G25C2,raw_candidate,0.11711581821393839,10
ISU_ILCC_NMC,ISU_ILCC_NMC/G25C3,raw_candidate,0.23366514756931778,18
ISU_ILCC_NMC,ISU_ILCC_NMC/G25C4,raw_candidate,0.19685142680455994,41
ISU_ILCC_NMC,ISU_ILCC_NMC/G26C1,raw_candidate,0.060831971312446546,23
ISU_ILCC_NMC,ISU_ILCC_NMC/G26C2,raw_candidate,0.10132784052234133,41
ISU_ILCC_NMC,ISU_ILCC_NMC/G26C3,raw_candidate,0.09376281539101002,59
ISU_ILCC_NMC,ISU_ILCC_NMC/G26C4,raw_candidate,0.08122931542096475,33
ISU_ILCC_NMC,ISU_ILCC_NMC/G27C1,raw_candidate,0.19356178646007335,18
ISU_ILCC_NMC,ISU_ILCC_NMC/G27C2,raw_candidate,0.24606182447665026,18
ISU_ILCC_NMC,ISU_ILCC_NMC/G27C3,raw_candidate,0.17503041511608683,10
ISU_ILCC_NMC,ISU_ILCC_NMC/G27C4,raw_candidate,0.22278462639497626,18
ISU_ILCC_NMC,ISU_ILCC_NMC/G28C1,raw_candidate,0.14389264925455722,7
ISU_ILCC_NMC,ISU_ILCC_NMC/G28C2,raw_candidate,0.1860937170160575,10
ISU_ILCC_NMC,ISU_ILCC_NMC/G28C3,raw_candidate,0.12764926968275708,10
ISU_ILCC_NMC,ISU_ILCC_NMC/G28C4,raw_candidate,0.24200482044653712,5
ISU_ILCC_NMC,ISU_ILCC_NMC/G29C1,raw_candidate,0.16257706366205232,9
ISU_ILCC_NMC,ISU_ILCC_NMC/G29C2,raw_candidate,0.1596963238810326,18
ISU_ILCC_NMC,ISU_ILCC_NMC/G29C3,raw_candidate,0.14981732877913773,13
ISU_ILCC_NMC,ISU_ILCC_NMC/G29C4,raw_candidate,0.15035972898393163,10
ISU_ILCC_NMC,ISU_ILCC_NMC/G2C1,raw_candidate,0.12448832767135476,21
ISU_ILCC_NMC,ISU_ILCC_NMC/G2C2,raw_candidate,0.13140358193127052,24
ISU_ILCC_NMC,ISU_ILCC_NMC/G2C3,raw_candidate,0.09691737697001257,23
ISU_ILCC_NMC,ISU_ILCC_NMC/G2C4,raw_candidate,0.11581100621517045,23
ISU_ILCC_NMC,ISU_ILCC_NMC/G30C1,raw_candidate,0.2446075231673742,11
ISU_ILCC_NMC,ISU_ILCC_NMC/G30C2,raw_candidate,0.14921814785835577,12
ISU_ILCC_NMC,ISU_ILCC_NMC/G30C3,raw_candidate,0.1592126414214636,18
ISU_ILCC_NMC,ISU_ILCC_NMC/G30C4,raw_candidate,0.18795567169761035,8
ISU_ILCC_NMC,ISU_ILCC_NMC/G31C1,raw_candidate,0.1595112395607027,13
ISU_ILCC_NMC,ISU_ILCC_NMC/G31C2,raw_candidate,0.22488144715956915,11
ISU_ILCC_NMC,ISU_ILCC_NMC/G31C3,raw_candidate,0.19473633974974777,11
ISU_ILCC_NMC,ISU_ILCC_NMC/G31C4,raw_candidate,0.2468346783946747,11
ISU_ILCC_NMC,ISU_ILCC_NMC/G32C1,raw_candidate,0.15501566874197564,20
ISU_ILCC_NMC,ISU_ILCC_NMC/G32C2,raw_candidate,0.15389526256379904,15
ISU_ILCC_NMC,ISU_ILCC_NMC/G32C3,raw_candidate,0.166749678911102,18
ISU_ILCC_NMC,ISU_ILCC_NMC/G32C4,raw_candidate,0.1339815436961854,16
ISU_ILCC_NMC,ISU_ILCC_NMC/G33C1,raw_candidate,0.16808964772335455,19
ISU_ILCC_NMC,ISU_ILCC_NMC/G33C2,raw_candidate,0.16995244210118493,16
ISU_ILCC_NMC,ISU_ILCC_NMC/G33C3,raw_candidate,0.1079556037579823,21
ISU_ILCC_NMC,ISU_ILCC_NMC/G33C4,raw_candidate,0.14927129656829266,15
ISU_ILCC_NMC,ISU_ILCC_NMC/G34C1,raw_candidate,0.15648039155771512,24
ISU_ILCC_NMC,ISU_ILCC_NMC/G34C2,raw_candidate,0.1261909679445121,24
ISU_ILCC_NMC,ISU_ILCC_NMC/G34C3,raw_candidate,0.17543861629652385,21
ISU_ILCC_NMC,ISU_ILCC_NMC/G34C4,raw_candidate,0.1827570958625415,24
ISU_ILCC_NMC,ISU_ILCC_NMC/G35C1,raw_candidate,0.1735677192315012,17
ISU_ILCC_NMC,ISU_ILCC_NMC/G35C2,raw_candidate,0.13695916710577127,5
ISU_ILCC_NMC,ISU_ILCC_NMC/G35C3,raw_candidate,0.18739045995685094,10
ISU_ILCC_NMC,ISU_ILCC_NMC/G35C4,raw_candidate,0.19114515116999928,8
ISU_ILCC_NMC,ISU_ILCC_NMC/G36C1,raw_candidate,0.21335766967968436,11
ISU_ILCC_NMC,ISU_ILCC_NMC/G36C2,raw_candidate,0.17358859540016927,13
ISU_ILCC_NMC,ISU_ILCC_NMC/G36C3,raw_candidate,0.19918102759248277,15
ISU_ILCC_NMC,ISU_ILCC_NMC/G36C4,raw_candidate,0.16133799111698544,4
ISU_ILCC_NMC,ISU_ILCC_NMC/G37C1,raw_candidate,0.14431002078430377,17
ISU_ILCC_NMC,ISU_ILCC_NMC/G37C2,raw_candidate,0.12994490047544868,14
ISU_ILCC_NMC,ISU_ILCC_NMC/G37C3,raw_candidate,0.14586884240943274,13
ISU_ILCC_NMC,ISU_ILCC_NMC/G37C4,raw_candidate,0.1385013268499023,10
ISU_ILCC_NMC,ISU_ILCC_NMC/G38C1,raw_candidate,0.21733264801017846,9
ISU_ILCC_NMC,ISU_ILCC_NMC/G38C2,raw_candidate,0.22437871331602047,7
ISU_ILCC_NMC,ISU_ILCC_NMC/G38C3,raw_candidate,0.1904066893445745,12
ISU_ILCC_NMC,ISU_ILCC_NMC/G38C4,raw_candidate,0.19248948883235373,15
ISU_ILCC_NMC,ISU_ILCC_NMC/G39C1,raw_candidate,0.17457988900102558,10
ISU_ILCC_NMC,ISU_ILCC_NMC/G39C2,raw_candidate,0.17367297773855753,10
ISU_ILCC_NMC,ISU_ILCC_NMC/G39C3,raw_candidate,0.20833865716108377,10
ISU_ILCC_NMC,ISU_ILCC_NMC/G39C4,raw_candidate,0.21109677412673994,13
ISU_ILCC_NMC,ISU_ILCC_NMC/G3C1,raw_candidate,0.09326298035513693,26
ISU_ILCC_NMC,ISU_ILCC_NMC/G3C2,raw_candidate,0.12340579873142679,14
ISU_ILCC_NMC,ISU_ILCC_NMC/G3C3,raw_candidate,0.1217233601344168,23
ISU_ILCC_NMC,ISU_ILCC_NMC/G3C4,raw_candidate,0.12959374733236534,14
ISU_ILCC_NMC,ISU_ILCC_NMC/G40C1,raw_candidate,0.14318692229940666,33
ISU_ILCC_NMC,ISU_ILCC_NMC/G40C2,raw_candidate,0.14678234104835605,28
ISU_ILCC_NMC,ISU_ILCC_NMC/G40C3,raw_candidate,0.12173296050676599,26
ISU_ILCC_NMC,ISU_ILCC_NMC/G40C4,raw_candidate,0.18611768808902335,33
ISU_ILCC_NMC,ISU_ILCC_NMC/G41C1,raw_candidate,0.2340812425277802,30
ISU_ILCC_NMC,ISU_ILCC_NMC/G41C2,raw_candidate,0.2060040349798015,17
ISU_ILCC_NMC,ISU_ILCC_NMC/G41C3,raw_candidate,0.23423748395055832,24
ISU_ILCC_NMC,ISU_ILCC_NMC/G41C4,raw_candidate,0.25001383362717716,24
ISU_ILCC_NMC,ISU_ILCC_NMC/G42C1,raw_candidate,0.19282944318925133,24
ISU_ILCC_NMC,ISU_ILCC_NMC/G42C2,raw_candidate,0.18981428162836197,24
ISU_ILCC_NMC,ISU_ILCC_NMC/G42C3,raw_candidate,0.23418364380288062,19
ISU_ILCC_NMC,ISU_ILCC_NMC/G42C4,raw_candidate,0.1113732604369359,26
ISU_ILCC_NMC,ISU_ILCC_NMC/G43C1,raw_candidate,0.20509604872794948,28
ISU_ILCC_NMC,ISU_ILCC_NMC/G43C2,raw_candidate,0.18698358811049268,20
ISU_ILCC_NMC,ISU_ILCC_NMC/G43C3,raw_candidate,0.18441566825960704,28
ISU_ILCC_NMC,ISU_ILCC_NMC/G43C4,raw_candidate,0.20528687967731052,23
ISU_ILCC_NMC,ISU_ILCC_NMC/G44C1,raw_candidate,0.1567671251159797,13
ISU_ILCC_NMC,ISU_ILCC_NMC/G44C2,raw_candidate,0.16616936359164536,22
ISU_ILCC_NMC,ISU_ILCC_NMC/G44C3,raw_candidate,0.11301607472796493,24
ISU_ILCC_NMC,ISU_ILCC_NMC/G44C4,raw_candidate,0.139001439975322,21
ISU_ILCC_NMC,ISU_ILCC_NMC/G45C1,raw_candidate,0.2693212814822018,10
ISU_ILCC_NMC,ISU_ILCC_NMC/G45C2,raw_candidate,0.32121453507493486,11
ISU_ILCC_NMC,ISU_ILCC_NMC/G45C3,raw_candidate,0.29234235731712216,11
ISU_ILCC_NMC,ISU_ILCC_NMC/G45C4,raw_candidate,0.24596412425463082,10
ISU_ILCC_NMC,ISU_ILCC_NMC/G46C1,raw_candidate,0.2630930851229229,11
ISU_ILCC_NMC,ISU_ILCC_NMC/G46C2,raw_candidate,0.22616099495488481,11
ISU_ILCC_NMC,ISU_ILCC_NMC/G46C3,raw_candidate,0.3015331178501227,8
ISU_ILCC_NMC,ISU_ILCC_NMC/G46C4,raw_candidate,0.2693261619758151,11
ISU_ILCC_NMC,ISU_ILCC_NMC/G47C1,raw_candidate,0.2249585522184836,10
ISU_ILCC_NMC,ISU_ILCC_NMC/G47C2,raw_candidate,0.17904457861480758,16
ISU_ILCC_NMC,ISU_ILCC_NMC/G47C3,raw_candidate,0.19163984035606252,11
ISU_ILCC_NMC,ISU_ILCC_NMC/G47C4,raw_candidate,0.2365581317085205,10
ISU_ILCC_NMC,ISU_ILCC_NMC/G48C1,raw_candidate,0.16826195172634117,8
ISU_ILCC_NMC,ISU_ILCC_NMC/G48C2,raw_candidate,0.24239568793607738,9
ISU_ILCC_NMC,ISU_ILCC_NMC/G48C3,raw_candidate,0.1853719488193496,11
ISU_ILCC_NMC,ISU_ILCC_NMC/G48C4,raw_candidate,0.24250227707036587,8
ISU_ILCC_NMC,ISU_ILCC_NMC/G49C1,raw_candidate,0.09240661145504274,32
ISU_ILCC_NMC,ISU_ILCC_NMC/G49C2,raw_candidate,0.10778981301264237,32
ISU_ILCC_NMC,ISU_ILCC_NMC/G49C3,raw_candidate,0.0942340653545219,32
ISU_ILCC_NMC,ISU_ILCC_NMC/G49C4,raw_candidate,0.10673537469745645,32
ISU_ILCC_NMC,ISU_ILCC_NMC/G4C1,raw_candidate,0.0920564634198324,21
ISU_ILCC_NMC,ISU_ILCC_NMC/G4C2,raw_candidate,0.08692644832803946,22
ISU_ILCC_NMC,ISU_ILCC_NMC/G4C3,raw_candidate,0.08081513565485682,25
ISU_ILCC_NMC,ISU_ILCC_NMC/G4C4,raw_candidate,0.06511289780658554,16
ISU_ILCC_NMC,ISU_ILCC_NMC/G50C1,raw_candidate,0.16472365119002708,26
ISU_ILCC_NMC,ISU_ILCC_NMC/G50C2,raw_candidate,0.19853596871963342,20
ISU_ILCC_NMC,ISU_ILCC_NMC/G50C3,raw_candidate,0.10469973790056986,30
ISU_ILCC_NMC,ISU_ILCC_NMC/G50C4,raw_candidate,0.16336117298727468,27
ISU_ILCC_NMC,ISU_ILCC_NMC/G51C1,raw_candidate,0.18810578672790682,11
ISU_ILCC_NMC,ISU_ILCC_NMC/G51C2,raw_candidate,0.17658927323209064,12
ISU_ILCC_NMC,ISU_ILCC_NMC/G51C3,raw_candidate,0.2178061876786273,10
ISU_ILCC_NMC,ISU_ILCC_NMC/G51C4,raw_candidate,0.1955405498254206,12
ISU_ILCC_NMC,ISU_ILCC_NMC/G52C1,raw_candidate,0.19972880823322686,21
ISU_ILCC_NMC,ISU_ILCC_NMC/G52C2,raw_candidate,0.23495159038590957,16
ISU_ILCC_NMC,ISU_ILCC_NMC/G52C3,raw_candidate,0.2003950430154957,16
ISU_ILCC_NMC,ISU_ILCC_NMC/G52C4,raw_candidate,0.16357787115645933,18
ISU_ILCC_NMC,ISU_ILCC_NMC/G53C1,raw_candidate,0.44130102532531273,2
ISU_ILCC_NMC,ISU_ILCC_NMC/G53C2,raw_candidate,0.3430803360145384,3
ISU_ILCC_NMC,ISU_ILCC_NMC/G53C3,raw_candidate,0.4342330401457411,3
ISU_ILCC_NMC,ISU_ILCC_NMC/G53C4,raw_candidate,0.23429844998949415,14
ISU_ILCC_NMC,ISU_ILCC_NMC/G54C1,raw_candidate,0.12606319603319135,25
ISU_ILCC_NMC,ISU_ILCC_NMC/G54C2,raw_candidate,0.12599548016228101,29
ISU_ILCC_NMC,ISU_ILCC_NMC/G54C3,raw_candidate,0.12709168891897604,27
ISU_ILCC_NMC,ISU_ILCC_NMC/G54C4,raw_candidate,0.12793525436221292,23
ISU_ILCC_NMC,ISU_ILCC_NMC/G55C1,raw_candidate,0.237785010898925,16
ISU_ILCC_NMC,ISU_ILCC_NMC/G55C2,raw_candidate,0.2180963200397717,16
ISU_ILCC_NMC,ISU_ILCC_NMC/G55C3,raw_candidate,0.21844763560697028,14
ISU_ILCC_NMC,ISU_ILCC_NMC/G55C4,raw_candidate,0.2521784436906712,16
ISU_ILCC_NMC,ISU_ILCC_NMC/G56C1,raw_candidate,0.17692434392138387,27
ISU_ILCC_NMC,ISU_ILCC_NMC/G56C2,raw_candidate,0.1934924516222498,25
ISU_ILCC_NMC,ISU_ILCC_NMC/G56C3,raw_candidate,0.21148641629070758,18
ISU_ILCC_NMC,ISU_ILCC_NMC/G56C4,raw_candidate,0.19623687311866955,23
ISU_ILCC_NMC,ISU_ILCC_NMC/G57C1,raw_candidate,0.08183199619916312,31
ISU_ILCC_NMC,ISU_ILCC_NMC/G57C2,raw_candidate,0.05489486769407944,31
ISU_ILCC_NMC,ISU_ILCC_NMC/G57C3,raw_candidate,0.0963466106638313,31
ISU_ILCC_NMC,ISU_ILCC_NMC/G57C4,raw_candidate,0.08086015965590608,31
ISU_ILCC_NMC,ISU_ILCC_NMC/G58C1,raw_candidate,0.15140368277068833,31
ISU_ILCC_NMC,ISU_ILCC_NMC/G58C2,raw_candidate,0.22956752902836677,21
ISU_ILCC_NMC,ISU_ILCC_NMC/G58C3,raw_candidate,0.2160432598531097,25
ISU_ILCC_NMC,ISU_ILCC_NMC/G58C4,raw_candidate,0.1752199063943165,25
ISU_ILCC_NMC,ISU_ILCC_NMC/G59C1,raw_candidate,0.13705908751944113,29
ISU_ILCC_NMC,ISU_ILCC_NMC/G59C2,raw_candidate,0.14782785764503917,27
ISU_ILCC_NMC,ISU_ILCC_NMC/G59C3,raw_candidate,0.14865441739802043,21
ISU_ILCC_NMC,ISU_ILCC_NMC/G59C4,raw_candidate,0.17324901996515693,25
ISU_ILCC_NMC,ISU_ILCC_NMC/G5C1,raw_candidate,0.1931153025787356,9
ISU_ILCC_NMC,ISU_ILCC_NMC/G5C2,raw_candidate,0.2809523990232183,11
ISU_ILCC_NMC,ISU_ILCC_NMC/G5C3,raw_candidate,0.11388691849404174,11
ISU_ILCC_NMC,ISU_ILCC_NMC/G5C4,raw_candidate,0.3097011830843144,5
ISU_ILCC_NMC,ISU_ILCC_NMC/G60C1,raw_candidate,0.22860799328393616,15
ISU_ILCC_NMC,ISU_ILCC_NMC/G60C2,raw_candidate,0.20500325678463904,11
ISU_ILCC_NMC,ISU_ILCC_NMC/G60C3,raw_candidate,0.27643248985491414,10
ISU_ILCC_NMC,ISU_ILCC_NMC/G60C4,raw_candidate,0.2580138095943642,12
ISU_ILCC_NMC,ISU_ILCC_NMC/G61C2,raw_candidate,0.20319630596900257,15
ISU_ILCC_NMC,ISU_ILCC_NMC/G61C3,raw_candidate,0.19137908997933972,6
ISU_ILCC_NMC,ISU_ILCC_NMC/G61C4,raw_candidate,0.19236785788328492,15
ISU_ILCC_NMC,ISU_ILCC_NMC/G62C1,raw_candidate,0.18514893442504687,16
ISU_ILCC_NMC,ISU_ILCC_NMC/G62C2,raw_candidate,0.20853375368234692,11
ISU_ILCC_NMC,ISU_ILCC_NMC/G62C3,raw_candidate,0.22133974222261565,13
ISU_ILCC_NMC,ISU_ILCC_NMC/G62C4,raw_candidate,0.24771667581201998,7
ISU_ILCC_NMC,ISU_ILCC_NMC/G63C1,raw_candidate,0.19334927181953615,7
ISU_ILCC_NMC,ISU_ILCC_NMC/G63C2,raw_candidate,0.22143250352559035,7
ISU_ILCC_NMC,ISU_ILCC_NMC/G63C3,raw_candidate,0.19176148294375217,13
ISU_ILCC_NMC,ISU_ILCC_NMC/G63C4,raw_candidate,0.16718168913556553,18
ISU_ILCC_NMC,ISU_ILCC_NMC/G64C1,raw_candidate,0.22377716937596803,6
ISU_ILCC_NMC,ISU_ILCC_NMC/G64C2,raw_candidate,0.2983471406111599,6
ISU_ILCC_NMC,ISU_ILCC_NMC/G64C3,raw_candidate,0.1692113804711771,6
ISU_ILCC_NMC,ISU_ILCC_NMC/G64C4,raw_candidate,0.27609561270236593,15
ISU_ILCC_NMC,ISU_ILCC_NMC/G6C1,raw_candidate,0.09487945033308644,31
ISU_ILCC_NMC,ISU_ILCC_NMC/G6C2,raw_candidate,0.15931840477127748,52
ISU_ILCC_NMC,ISU_ILCC_NMC/G6C3,raw_candidate,0.18855530964970862,75
ISU_ILCC_NMC,ISU_ILCC_NMC/G6C4,raw_candidate,0.1939560672142064,52
ISU_ILCC_NMC,ISU_ILCC_NMC/G7C1,raw_candidate,0.13566522123115016,21
ISU_ILCC_NMC,ISU_ILCC_NMC/G7C2,raw_candidate,0.11632967102644427,19
ISU_ILCC_NMC,ISU_ILCC_NMC/G7C3,raw_candidate,0.2331633570333288,58
ISU_ILCC_NMC,ISU_ILCC_NMC/G7C4,raw_candidate,0.11164253290823431,25
ISU_ILCC_NMC,ISU_ILCC_NMC/G8C1,raw_candidate,0.1137906253563388,10
ISU_ILCC_NMC,ISU_ILCC_NMC/G8C2,raw_candidate,0.10116849083491836,12
ISU_ILCC_NMC,ISU_ILCC_NMC/G8C3,raw_candidate,0.1437485554956023,27
ISU_ILCC_NMC,ISU_ILCC_NMC/G8C4,raw_candidate,0.12607364831939097,23
ISU_ILCC_NMC,ISU_ILCC_NMC/G9C1,raw_candidate,0.11356052189860494,2
ISU_ILCC_NMC,ISU_ILCC_NMC/G9C2,raw_candidate,0.15190226224246,2
ISU_ILCC_NMC,ISU_ILCC_NMC/G9C3,raw_candidate,0.0955075916811402,3
ISU_ILCC_NMC,ISU_ILCC_NMC/G9C4,raw_candidate,0.20462148951574888,1
LUH_NMC_SIO,LUH_NMC_SIO/P001_1,raw_candidate,0.014628723032699457,18
LUH_NMC_SIO,LUH_NMC_SIO/P001_2,raw_candidate,0.015875417409583505,18
LUH_NMC_SIO,LUH_NMC_SIO/P001_3,raw_candidate,0.016378648076834208,18
LUH_NMC_SIO,LUH_NMC_SIO/P002_1,raw_candidate,0.019847648454837594,18
LUH_NMC_SIO,LUH_NMC_SIO/P002_2,raw_candidate,0.016238036666195586,18
LUH_NMC_SIO,LUH_NMC_SIO/P002_3,raw_candidate,0.01751718312033682,18
LUH_NMC_SIO,LUH_NMC_SIO/P003_1,raw_candidate,0.027870568463981966,18
LUH_NMC_SIO,LUH_NMC_SIO/P003_2,raw_candidate,0.025993664418849545,18
LUH_NMC_SIO,LUH_NMC_SIO/P003_3,raw_candidate,0.026067827874008728,18
LUH_NMC_SIO,LUH_NMC_SIO/P004_1,raw_candidate,0.02783098065721578,18
LUH_NMC_SIO,LUH_NMC_SIO/P004_2,raw_candidate,0.025420444762126855,18
LUH_NMC_SIO,LUH_NMC_SIO/P004_3,raw_candidate,0.025680678121130025,18
LUH_NMC_SIO,LUH_NMC_SIO/P005_1,raw_candidate,0.016032256312903496,18
LUH_NMC_SIO,LUH_NMC_SIO/P005_2,raw_candidate,0.016084495875719734,18
LUH_NMC_SIO,LUH_NMC_SIO/P005_3,raw_candidate,0.014136793427019869,18
LUH_NMC_SIO,LUH_NMC_SIO/P006_1,raw_candidate,0.019775466597886465,18
LUH_NMC_SIO,LUH_NMC_SIO/P006_2,raw_candidate,0.02009236337503924,18
LUH_NMC_SIO,LUH_NMC_SIO/P006_3,raw_candidate,0.01838564970415753,18
LUH_NMC_SIO,LUH_NMC_SIO/P007_1,raw_candidate,0.026833061900101946,18
LUH_NMC_SIO,LUH_NMC_SIO/P007_2,raw_candidate,0.026028913493774182,18
LUH_NMC_SIO,LUH_NMC_SIO/P007_3,raw_candidate,0.02584886231019908,18
LUH_NMC_SIO,LUH_NMC_SIO/P008_1,raw_candidate,0.028696239676919484,18
LUH_NMC_SIO,LUH_NMC_SIO/P008_2,raw_candidate,0.029861520674671252,18
LUH_NMC_SIO,LUH_NMC_SIO/P008_3,raw_candidate,0.029176337134792618,18
LUH_NMC_SIO,LUH_NMC_SIO/P009_1,raw_candidate,0.016566785581275723,18
LUH_NMC_SIO,LUH_NMC_SIO/P009_2,raw_candidate,0.01699703020214694,18
LUH_NMC_SIO,LUH_NMC_SIO/P009_3,raw_candidate,0.01580268664376644,18
LUH_NMC_SIO,LUH_NMC_SIO/P010_1,raw_candidate,0.020884110658605213,18
LUH_NMC_SIO,LUH_NMC_SIO/P010_2,raw_candidate,0.02051100337076397,18
LUH_NMC_SIO,LUH_NMC_SIO/P010_3,raw_candidate,0.020888263736757853,18
LUH_NMC_SIO,LUH_NMC_SIO/P011_1,raw_candidate,0.03289503913123822,18
LUH_NMC_SIO,LUH_NMC_SIO/P011_2,raw_candidate,0.027984779483772655,18
LUH_NMC_SIO,LUH_NMC_SIO/P011_3,raw_candidate,0.029512123822819494,18
LUH_NMC_SIO,LUH_NMC_SIO/P012_1,raw_candidate,0.0354493398779007,18
LUH_NMC_SIO,LUH_NMC_SIO/P012_2,raw_candidate,0.030513058785250124,18
LUH_NMC_SIO,LUH_NMC_SIO/P012_3,raw_candidate,0.04276719971009104,18
LUH_NMC_SIO,LUH_NMC_SIO/P013_1,raw_candidate,0.026158269090335015,18
LUH_NMC_SIO,LUH_NMC_SIO/P013_2,raw_candidate,0.025796276545268584,18
LUH_NMC_SIO,LUH_NMC_SIO/P013_3,raw_candidate,0.025320938962986157,18
LUH_NMC_SIO,LUH_NMC_SIO/P014_1,raw_candidate,0.04121582390197828,18
LUH_NMC_SIO,LUH_NMC_SIO/P014_2,raw_candidate,0.04320965685644696,18
LUH_NMC_SIO,LUH_NMC_SIO/P014_3,raw_candidate,0.04112475415869506,18
LUH_NMC_SIO,LUH_NMC_SIO/P015_1,raw_candidate,0.07713427672685874,18
LUH_NMC_SIO,LUH_NMC_SIO/P015_2,raw_candidate,0.06710543319941735,18
LUH_NMC_SIO,LUH_NMC_SIO/P015_3,raw_candidate,0.06890722966993724,18
LUH_NMC_SIO,LUH_NMC_SIO/P016_1,raw_candidate,0.05866577600515615,18
LUH_NMC_SIO,LUH_NMC_SIO/P016_2,raw_candidate,0.05765042993726873,18
LUH_NMC_SIO,LUH_NMC_SIO/P016_3,raw_candidate,0.07696794067223839,18
LUH_NMC_SIO,LUH_NMC_SIO/P017_1,raw_candidate,0.12191355888221331,4
LUH_NMC_SIO,LUH_NMC_SIO/P017_2,raw_candidate,0.1340544264585111,4
LUH_NMC_SIO,LUH_NMC_SIO/P017_3,raw_candidate,0.14268330342217544,4
LUH_NMC_SIO,LUH_NMC_SIO/P018_1,raw_candidate,0.22247265653054848,2
LUH_NMC_SIO,LUH_NMC_SIO/P018_2,raw_candidate,0.21487001604878592,2
LUH_NMC_SIO,LUH_NMC_SIO/P018_3,raw_candidate,0.22350651422464984,1
LUH_NMC_SIO,LUH_NMC_SIO/P021_1,raw_candidate,0.12912582192869,11
LUH_NMC_SIO,LUH_NMC_SIO/P021_2,raw_candidate,0.11260609279995008,10
LUH_NMC_SIO,LUH_NMC_SIO/P021_3,raw_candidate,0.12068892866525596,10
LUH_NMC_SIO,LUH_NMC_SIO/P022_1,raw_candidate,0.13204822329918267,3
LUH_NMC_SIO,LUH_NMC_SIO/P022_2,raw_candidate,0.14867739974383595,3
LUH_NMC_SIO,LUH_NMC_SIO/P022_3,raw_candidate,0.13426570728550546,2
LUH_NMC_SIO,LUH_NMC_SIO/P025_1,raw_candidate,0.10155096680142685,18
LUH_NMC_SIO,LUH_NMC_SIO/P025_2,raw_candidate,0.10892643715586553,17
LUH_NMC_SIO,LUH_NMC_SIO/P025_3,raw_candidate,0.11217803300075012,18
LUH_NMC_SIO,LUH_NMC_SIO/P026_1,raw_candidate,0.07560246920928534,7
LUH_NMC_SIO,LUH_NMC_SIO/P026_2,raw_candidate,0.07539845827333547,7
LUH_NMC_SIO,LUH_NMC_SIO/P026_3,raw_candidate,0.0901825199140496,7
LUH_NMC_SIO,LUH_NMC_SIO/P027_3,raw_candidate,0.21858481529333817,1
LUH_NMC_SIO,LUH_NMC_SIO/P029_1,raw_candidate,0.13817650440902385,9
LUH_NMC_SIO,LUH_NMC_SIO/P029_2,raw_candidate,0.13144678314857153,9
LUH_NMC_SIO,LUH_NMC_SIO/P029_3,raw_candidate,0.14020097291084962,10
LUH_NMC_SIO,LUH_NMC_SIO/P030_1,raw_candidate,0.12041880219674653,4
LUH_NMC_SIO,LUH_NMC_SIO/P030_2,raw_candidate,0.14457616652560787,4
LUH_NMC_SIO,LUH_NMC_SIO/P030_3,raw_candidate,0.14076478333477224,4
LUH_NMC_SIO,LUH_NMC_SIO/P033_1,raw_candidate,0.13610974505451937,18
LUH_NMC_SIO,LUH_NMC_SIO/P033_2,raw_candidate,0.13325376733043015,18
LUH_NMC_SIO,LUH_NMC_SIO/P033_3,raw_candidate,0.12150366718873051,17
LUH_NMC_SIO,LUH_NMC_SIO/P034_1,raw_candidate,0.14771659162288558,11
LUH_NMC_SIO,LUH_NMC_SIO/P034_2,raw_candidate,0.13293222811377026,10
LUH_NMC_SIO,LUH_NMC_SIO/P034_3,raw_candidate,0.1509628503782019,11
LUH_NMC_SIO,LUH_NMC_SIO/P037_1,raw_candidate,0.08049194709928474,18
LUH_NMC_SIO,LUH_NMC_SIO/P037_2,raw_candidate,0.033096014800989636,6
LUH_NMC_SIO,LUH_NMC_SIO/P037_3,raw_candidate,0.07786424794897548,18
LUH_NMC_SIO,LUH_NMC_SIO/P038_1,raw_candidate,0.128031803811209,16
LUH_NMC_SIO,LUH_NMC_SIO/P038_2,raw_candidate,0.11294708154666967,17
LUH_NMC_SIO,LUH_NMC_SIO/P038_3,raw_candidate,0.10876791750293312,14
LUH_NMC_SIO,LUH_NMC_SIO/P039_1,raw_candidate,0.20116998953593923,3
LUH_NMC_SIO,LUH_NMC_SIO/P039_2,raw_candidate,0.18157563398052431,3
LUH_NMC_SIO,LUH_NMC_SIO/P039_3,raw_candidate,0.16054605435038888,2
LUH_NMC_SIO,LUH_NMC_SIO/P040_1,raw_candidate,0.28623471625868013,1
LUH_NMC_SIO,LUH_NMC_SIO/P041_1,raw_candidate,0.1636561467881415,16
LUH_NMC_SIO,LUH_NMC_SIO/P041_2,raw_candidate,0.12441199602848646,11
LUH_NMC_SIO,LUH_NMC_SIO/P041_3,raw_candidate,0.1531739475759366,15
LUH_NMC_SIO,LUH_NMC_SIO/P042_1,raw_candidate,0.15480298810697063,17
LUH_NMC_SIO,LUH_NMC_SIO/P042_2,raw_candidate,0.11818143090046627,7
LUH_NMC_SIO,LUH_NMC_SIO/P042_3,raw_candidate,0.0953169338544169,11
LUH_NMC_SIO,LUH_NMC_SIO/P045_1,raw_candidate,0.04838849355746407,18
LUH_NMC_SIO,LUH_NMC_SIO/P045_2,raw_candidate,0.04825349756193517,18
LUH_NMC_SIO,LUH_NMC_SIO/P045_3,raw_candidate,0.04987057915317185,18
LUH_NMC_SIO,LUH_NMC_SIO/P046_1,raw_candidate,0.04833436724095833,18
LUH_NMC_SIO,LUH_NMC_SIO/P046_2,raw_candidate,0.05453140388873509,18
LUH_NMC_SIO,LUH_NMC_SIO/P046_3,raw_candidate,0.05980875172763896,18
LUH_NMC_SIO,LUH_NMC_SIO/P047_1,raw_candidate,0.04849573634788912,6
LUH_NMC_SIO,LUH_NMC_SIO/P047_2,raw_candidate,0.09809556704644123,6
LUH_NMC_SIO,LUH_NMC_SIO/P047_3,raw_candidate,0.10478321580571417,7
LUH_NMC_SIO,LUH_NMC_SIO/P049_1,raw_candidate,0.03481604404307244,18
LUH_NMC_SIO,LUH_NMC_SIO/P049_2,raw_candidate,0.029466573969443608,18
LUH_NMC_SIO,LUH_NMC_SIO/P049_3,raw_candidate,0.035564158762405415,18
LUH_NMC_SIO,LUH_NMC_SIO/P050_1,raw_candidate,0.03224846785655464,18
LUH_NMC_SIO,LUH_NMC_SIO/P050_2,raw_candidate,0.03259632898558094,18
LUH_NMC_SIO,LUH_NMC_SIO/P050_3,raw_candidate,0.0328439929335296,18
LUH_NMC_SIO,LUH_NMC_SIO/P051_1,raw_candidate,0.06704209079118323,11
LUH_NMC_SIO,LUH_NMC_SIO/P051_2,raw_candidate,0.11495969542253108,18
LUH_NMC_SIO,LUH_NMC_SIO/P051_3,raw_candidate,0.09365834112969387,18
LUH_NMC_SIO,LUH_NMC_SIO/P052_1,raw_candidate,0.14626700981456478,9
LUH_NMC_SIO,LUH_NMC_SIO/P052_2,raw_candidate,0.167490686488382,5
LUH_NMC_SIO,LUH_NMC_SIO/P053_1,raw_candidate,0.07646609018443415,9
LUH_NMC_SIO,LUH_NMC_SIO/P053_2,raw_candidate,0.08126817442611275,9
LUH_NMC_SIO,LUH_NMC_SIO/P053_3,raw_candidate,0.11090666711937484,11
LUH_NMC_SIO,LUH_NMC_SIO/P054_1,raw_candidate,0.11567492891404357,9
LUH_NMC_SIO,LUH_NMC_SIO/P054_2,raw_candidate,0.12048420345709761,11
LUH_NMC_SIO,LUH_NMC_SIO/P054_3,raw_candidate,0.09545517596548946,11
LUH_NMC_SIO,LUH_NMC_SIO/P055_1,raw_candidate,0.1002163682991683,2
LUH_NMC_SIO,LUH_NMC_SIO/P055_2,raw_candidate,0.061345839537633506,2
LUH_NMC_SIO,LUH_NMC_SIO/P055_3,raw_candidate,0.15424261723487057,4
LUH_NMC_SIO,LUH_NMC_SIO/P057_1,raw_candidate,0.0684061220422826,7
LUH_NMC_SIO,LUH_NMC_SIO/P057_2,raw_candidate,0.06842588015266063,7
LUH_NMC_SIO,LUH_NMC_SIO/P057_3,raw_candidate,0.11885243706683975,8
LUH_NMC_SIO,LUH_NMC_SIO/P058_1,raw_candidate,0.09696953731663277,9
LUH_NMC_SIO,LUH_NMC_SIO/P058_2,raw_candidate,0.08560369487649888,7
LUH_NMC_SIO,LUH_NMC_SIO/P058_3,raw_candidate,0.13365517129152482,8
LUH_NMC_SIO,LUH_NMC_SIO/P059_1,raw_candidate,0.26689090618294786,2
LUH_NMC_SIO,LUH_NMC_SIO/P059_2,raw_candidate,0.13918584954490792,2
LUH_NMC_SIO,LUH_NMC_SIO/P059_3,raw_candidate,0.2888482598715455,2
LUH_NMC_SIO,LUH_NMC_SIO/P060_1,raw_candidate,0.404393877829158,2
LUH_NMC_SIO,LUH_NMC_SIO/P060_3,raw_candidate,0.05844354776808014,1
LUH_NMC_SIO,LUH_NMC_SIO/P061_1,raw_candidate,0.049444689551549945,18
LUH_NMC_SIO,LUH_NMC_SIO/P061_2,raw_candidate,0.050863074615612014,18
LUH_NMC_SIO,LUH_NMC_SIO/P061_3,raw_candidate,0.047863260678057136,18
LUH_NMC_SIO,LUH_NMC_SIO/P062_1,raw_candidate,0.04916081629024927,18
LUH_NMC_SIO,LUH_NMC_SIO/P062_2,raw_candidate,0.0483378944520957,18
LUH_NMC_SIO,LUH_NMC_SIO/P062_3,raw_candidate,0.048669212520901235,18
LUH_NMC_SIO,LUH_NMC_SIO/P063_1,raw_candidate,0.10345725915411082,18
LUH_NMC_SIO,LUH_NMC_SIO/P063_2,raw_candidate,0.08629641823642446,18
LUH_NMC_SIO,LUH_NMC_SIO/P063_3,raw_candidate,0.05985182695608567,18
LUH_NMC_SIO,LUH_NMC_SIO/P064_1,raw_candidate,0.11296941499682536,11
LUH_NMC_SIO,LUH_NMC_SIO/P064_2,raw_candidate,0.09440039871011593,9
LUH_NMC_SIO,LUH_NMC_SIO/P064_3,raw_candidate,0.08676106123293685,3
LUH_NMC_SIO,LUH_NMC_SIO/P065_1,raw_candidate,0.12712932694120063,13
LUH_NMC_SIO,LUH_NMC_SIO/P065_2,raw_candidate,0.16490841039814777,14
LUH_NMC_SIO,LUH_NMC_SIO/P065_3,raw_candidate,0.13791613474721381,14
LUH_NMC_SIO,LUH_NMC_SIO/P066_1,raw_candidate,0.11971268391521171,18
LUH_NMC_SIO,LUH_NMC_SIO/P066_2,raw_candidate,0.12674404364323288,18
LUH_NMC_SIO,LUH_NMC_SIO/P066_3,raw_candidate,0.11616370566479706,18
LUH_NMC_SIO,LUH_NMC_SIO/P068_1,raw_candidate,0.13449578276303714,18
LUH_NMC_SIO,LUH_NMC_SIO/P068_2,raw_candidate,0.12784304401879576,18
LUH_NMC_SIO,LUH_NMC_SIO/P068_3,raw_candidate,0.13316085944301037,18
LUH_NMC_SIO,LUH_NMC_SIO/P069_1,raw_candidate,0.12039993895931306,18
LUH_NMC_SIO,LUH_NMC_SIO/P069_2,raw_candidate,0.12316173956280646,18
LUH_NMC_SIO,LUH_NMC_SIO/P069_3,raw_candidate,0.12389060791997138,18
LUH_NMC_SIO,LUH_NMC_SIO/P070_1,raw_candidate,0.14189055745499812,1
LUH_NMC_SIO,LUH_NMC_SIO/P070_2,raw_candidate,0.19767956113403762,1
LUH_NMC_SIO,LUH_NMC_SIO/P070_3,raw_candidate,0.3292028409901206,3
LUH_NMC_SIO,LUH_NMC_SIO/P071_1,raw_candidate,0.06288415478750313,18
LUH_NMC_SIO,LUH_NMC_SIO/P071_2,raw_candidate,0.06362646054541382,18
LUH_NMC_SIO,LUH_NMC_SIO/P071_3,raw_candidate,0.059583615009364536,18
LUH_NMC_SIO,LUH_NMC_SIO/P072_1,raw_candidate,0.09333355825028623,18
LUH_NMC_SIO,LUH_NMC_SIO/P072_2,raw_candidate,0.08738298148835688,18
LUH_NMC_SIO,LUH_NMC_SIO/P072_3,raw_candidate,0.08756289997559777,18
LUH_NMC_SIO,LUH_NMC_SIO/P073_1,raw_candidate,0.132532397050461,6
LUH_NMC_SIO,LUH_NMC_SIO/P073_2,raw_candidate,0.14511729732502052,6
LUH_NMC_SIO,LUH_NMC_SIO/P073_3,raw_candidate,0.16046028762211664,7
LUH_NMC_SIO,LUH_NMC_SIO/P074_1,raw_candidate,0.13512462646154214,13
LUH_NMC_SIO,LUH_NMC_SIO/P074_2,raw_candidate,0.14775710836331132,11
LUH_NMC_SIO,LUH_NMC_SIO/P074_3,raw_candidate,0.10009209384018733,11
LUH_NMC_SIO,LUH_NMC_SIO/P075_1,raw_candidate,0.0648433202905507,18
LUH_NMC_SIO,LUH_NMC_SIO/P075_2,raw_candidate,0.06521836576417776,18
LUH_NMC_SIO,LUH_NMC_SIO/P075_3,raw_candidate,0.059989529107875854,18
LUH_NMC_SIO,LUH_NMC_SIO/P076_1,raw_candidate,0.09325033340388462,18
LUH_NMC_SIO,LUH_NMC_SIO/P076_2,raw_candidate,0.09173764733977469,18
LUH_NMC_SIO,LUH_NMC_SIO/P076_3,raw_candidate,0.09048161263267133,18
MULTISTAGE_50E,MULTISTAGE_50E/S1_TP_z01_C1,raw_candidate,0.012396515431501201,12
MULTISTAGE_50E,MULTISTAGE_50E/S1_TP_z01_C2,raw_candidate,0.011455794060899619,12
MULTISTAGE_50E,MULTISTAGE_50E/S1_TP_z01_C3,raw_candidate,0.011406339026912812,12
MULTISTAGE_50E,MULTISTAGE_50E/S1_TP_z02_C1,raw_candidate,0.011304958108901161,12
MULTISTAGE_50E,MULTISTAGE_50E/S1_TP_z02_C2,raw_candidate,0.01154264991877176,12
MULTISTAGE_50E,MULTISTAGE_50E/S1_TP_z02_C3,raw_candidate,0.010699094922910749,12
MULTISTAGE_50E,MULTISTAGE_50E/S1_TP_z03_C1,raw_candidate,0.021790294136797433,12
MULTISTAGE_50E,MULTISTAGE_50E/S1_TP_z03_C2,raw_candidate,0.01919705677322217,12
MULTISTAGE_50E,MULTISTAGE_50E/S1_TP_z03_C3,raw_candidate,0.019188396733084766,12
MULTISTAGE_50E,MULTISTAGE_50E/S1_TP_z04_C1,raw_candidate,0.03545286370102141,2
MULTISTAGE_50E,MULTISTAGE_50E/S1_TP_z04_C2,raw_candidate,0.01594803849105586,3
MULTISTAGE_50E,MULTISTAGE_50E/S1_TP_z04_C3,raw_candidate,0.007107139071913016,2
MULTISTAGE_50E,MULTISTAGE_50E/S1_TP_z05_C1,raw_candidate,0.026852794078683823,8
MULTISTAGE_50E,MULTISTAGE_50E/S1_TP_z05_C2,raw_candidate,0.027562587034878364,8
MULTISTAGE_50E,MULTISTAGE_50E/S1_TP_z05_C3,raw_candidate,0.026420175675093555,8
MULTISTAGE_50E,MULTISTAGE_50E/S1_TP_z06_C1,raw_candidate,0.011995695481004556,8
MULTISTAGE_50E,MULTISTAGE_50E/S1_TP_z06_C2,raw_candidate,0.011499876197484729,8
MULTISTAGE_50E,MULTISTAGE_50E/S1_TP_z06_C3,raw_candidate,0.01187054242217557,8
MULTISTAGE_50E,MULTISTAGE_50E/S1_TP_z07_C1,raw_candidate,0.01768780803415121,8
MULTISTAGE_50E,MULTISTAGE_50E/S1_TP_z07_C2,raw_candidate,0.018057836489864976,8
MULTISTAGE_50E,MULTISTAGE_50E/S1_TP_z07_C3,raw_candidate,0.01582485673158597,8
MULTISTAGE_50E,MULTISTAGE_50E/S1_TP_z08_C1,raw_candidate,0.014220158380843409,8
MULTISTAGE_50E,MULTISTAGE_50E/S1_TP_z08_C2,raw_candidate,0.015066323552098679,8
MULTISTAGE_50E,MULTISTAGE_50E/S1_TP_z08_C3,raw_candidate,0.013369003612492353,8
MULTISTAGE_50E,MULTISTAGE_50E/S1_TP_z09_C1,raw_candidate,0.02068897088649982,8
MULTISTAGE_50E,MULTISTAGE_50E/S1_TP_z09_C2,raw_candidate,0.01922913477266046,8
MULTISTAGE_50E,MULTISTAGE_50E/S1_TP_z09_C3,raw_candidate,0.020605635462506947,8
MULTISTAGE_50E,MULTISTAGE_50E/S1_TP_z10_C1,raw_candidate,0.009067132648134676,8
MULTISTAGE_50E,MULTISTAGE_50E/S1_TP_z10_C2,raw_candidate,0.007925507920500785,8
MULTISTAGE_50E,MULTISTAGE_50E/S1_TP_z10_C3,raw_candidate,0.007655202366340055,8
MULTISTAGE_50E,MULTISTAGE_50E/S1_TP_z11_C1,raw_candidate,0.023129251556607736,8
MULTISTAGE_50E,MULTISTAGE_50E/S1_TP_z11_C2,raw_candidate,0.024373221423831762,8
MULTISTAGE_50E,MULTISTAGE_50E/S1_TP_z11_C3,raw_candidate,0.023276930754116062,8
MULTISTAGE_50E,MULTISTAGE_50E/S1_TP_z12_C1,raw_candidate,0.02372269328619675,8
MULTISTAGE_50E,MULTISTAGE_50E/S1_TP_z12_C2,raw_candidate,0.023024794202722673,8
MULTISTAGE_50E,MULTISTAGE_50E/S1_TP_z12_C3,raw_candidate,0.022730542498677078,8
MULTISTAGE_50E,MULTISTAGE_50E/S1_TP_z13_C1,raw_candidate,0.01247356150953842,8
MULTISTAGE_50E,MULTISTAGE_50E/S1_TP_z13_C2,raw_candidate,0.011282370951856233,8
MULTISTAGE_50E,MULTISTAGE_50E/S1_TP_z13_C3,raw_candidate,0.01166654735758646,8
MULTISTAGE_50E,MULTISTAGE_50E/S1_TP_z14_C1,raw_candidate,0.014332246281876307,8
MULTISTAGE_50E,MULTISTAGE_50E/S1_TP_z14_C2,raw_candidate,0.01755390846576095,8
MULTISTAGE_50E,MULTISTAGE_50E/S1_TP_z14_C3,raw_candidate,0.017340711372126574,8
MULTISTAGE_50E,MULTISTAGE_50E/S1_TP_z15_C1,raw_candidate,0.017383232963290557,8
MULTISTAGE_50E,MULTISTAGE_50E/S1_TP_z15_C2,raw_candidate,0.01783711178655971,8
MULTISTAGE_50E,MULTISTAGE_50E/S1_TP_z15_C3,raw_candidate,0.01574950563538513,8
MULTISTAGE_50E,MULTISTAGE_50E/S1_TP_z16_C1,raw_candidate,0.025859217438759206,10
MULTISTAGE_50E,MULTISTAGE_50E/S1_TP_z16_C2,raw_candidate,0.029470898568354446,11
MULTISTAGE_50E,MULTISTAGE_50E/S1_TP_z16_C3,raw_candidate,0.02957534294505413,11
MULTISTAGE_50E,MULTISTAGE_50E/S1_TP_z17_C1,raw_candidate,0.0402374685033052,11
MULTISTAGE_50E,MULTISTAGE_50E/S1_TP_z17_C2,raw_candidate,0.04133021027826651,11
MULTISTAGE_50E,MULTISTAGE_50E/S1_TP_z17_C3,raw_candidate,0.06478827083904509,11
MULTISTAGE_50E,MULTISTAGE_50E/S1_TP_z18_C1,raw_candidate,0.05959134148718788,11
MULTISTAGE_50E,MULTISTAGE_50E/S1_TP_z18_C2,raw_candidate,0.05560111133743559,11
MULTISTAGE_50E,MULTISTAGE_50E/S1_TP_z18_C3,raw_candidate,0.053183165467054525,11
MULTISTAGE_50E,MULTISTAGE_50E/S1_TP_z19_C1,raw_candidate,0.010175303253641486,11
MULTISTAGE_50E,MULTISTAGE_50E/S1_TP_z19_C2,raw_candidate,0.010762630104814456,11
MULTISTAGE_50E,MULTISTAGE_50E/S1_TP_z19_C3,raw_candidate,0.010733643063616925,11
MULTISTAGE_50E,MULTISTAGE_50E/S1_TP_z20_C1,raw_candidate,0.025087305857427356,11
MULTISTAGE_50E,MULTISTAGE_50E/S1_TP_z20_C2,raw_candidate,0.02398770200285384,11
MULTISTAGE_50E,MULTISTAGE_50E/S1_TP_z20_C3,raw_candidate,0.02862713578663982,11
MULTISTAGE_50E,MULTISTAGE_50E/S1_TP_z21_C1,raw_candidate,0.022804639423238706,11
MULTISTAGE_50E,MULTISTAGE_50E/S1_TP_z21_C2,raw_candidate,0.02400689641129691,11
MULTISTAGE_50E,MULTISTAGE_50E/S1_TP_z21_C3,raw_candidate,0.024739958362111514,11
MULTISTAGE_50E,MULTISTAGE_50E/S1_TP_z22_C1,raw_candidate,0.034699409855412665,11
MULTISTAGE_50E,MULTISTAGE_50E/S1_TP_z22_C2,raw_candidate,0.03344932026033914,11
MULTISTAGE_50E,MULTISTAGE_50E/S1_TP_z22_C3,raw_candidate,0.032322120872157405,11
MULTISTAGE_50E,MULTISTAGE_50E/S1_TP_z23_C1,raw_candidate,0.03606303681230407,11
MULTISTAGE_50E,MULTISTAGE_50E/S1_TP_z23_C2,raw_candidate,0.03581456227877768,11
MULTISTAGE_50E,MULTISTAGE_50E/S1_TP_z23_C3,raw_candidate,0.036037807241059185,11
MULTISTAGE_50E,MULTISTAGE_50E/S1_TP_z24_C1,raw_candidate,0.030961496697792305,11
MULTISTAGE_50E,MULTISTAGE_50E/S1_TP_z24_C2,raw_candidate,0.02845306275469627,11
MULTISTAGE_50E,MULTISTAGE_50E/S1_TP_z24_C3,raw_candidate,0.03150007868097644,11
MULTISTAGE_50E,MULTISTAGE_50E/S1_TP_z25_C1,raw_candidate,0.07356300758187796,11
MULTISTAGE_50E,MULTISTAGE_50E/S1_TP_z25_C2,raw_candidate,0.045091038326100265,11
MULTISTAGE_50E,MULTISTAGE_50E/S1_TP_z25_C3,raw_candidate,0.04569155911062442,11
MULTISTAGE_50E,MULTISTAGE_50E/S2_TP_z01_C1,raw_candidate,0.018995874259818774,12
MULTISTAGE_50E,MULTISTAGE_50E/S2_TP_z01_C2,raw_candidate,0.018155660122726947,12
MULTISTAGE_50E,MULTISTAGE_50E/S2_TP_z01_C3,raw_candidate,0.016021798152818095,12
MULTISTAGE_50E,MULTISTAGE_50E/S2_TP_z02_C1,raw_candidate,0.04284268769752467,4
MULTISTAGE_50E,MULTISTAGE_50E/S2_TP_z02_C2,raw_candidate,0.0525154805651645,4
MULTISTAGE_50E,MULTISTAGE_50E/S2_TP_z02_C3,raw_candidate,0.020963934720987343,2
MULTISTAGE_50E,MULTISTAGE_50E/S2_TP_z03_C1,raw_candidate,0.03174546822029207,12
MULTISTAGE_50E,MULTISTAGE_50E/S2_TP_z03_C2,raw_candidate,0.027873350938613695,12
MULTISTAGE_50E,MULTISTAGE_50E/S2_TP_z03_C3,raw_candidate,0.02786904654969082,12
MULTISTAGE_50E,MULTISTAGE_50E/S2_TP_z04_C1,raw_candidate,0.01726880657125371,8
MULTISTAGE_50E,MULTISTAGE_50E/S2_TP_z04_C2,raw_candidate,0.015562812672208992,8
MULTISTAGE_50E,MULTISTAGE_50E/S2_TP_z04_C3,raw_candidate,0.015788791302867325,8
MULTISTAGE_50E,MULTISTAGE_50E/S2_TP_z05_C1,raw_candidate,0.03413829934026212,8
MULTISTAGE_50E,MULTISTAGE_50E/S2_TP_z05_C2,raw_candidate,0.0362004313922966,8
MULTISTAGE_50E,MULTISTAGE_50E/S2_TP_z05_C3,raw_candidate,0.03448146730526458,8
MULTISTAGE_50E,MULTISTAGE_50E/S2_TP_z06_C1,raw_candidate,0.028367620884977476,8
MULTISTAGE_50E,MULTISTAGE_50E/S2_TP_z06_C2,raw_candidate,0.029860688867189206,8
MULTISTAGE_50E,MULTISTAGE_50E/S2_TP_z06_C3,raw_candidate,0.02917737948402417,8
MULTISTAGE_50E,MULTISTAGE_50E/S2_TP_z07_C1,raw_candidate,0.01794865068572632,8
MULTISTAGE_50E,MULTISTAGE_50E/S2_TP_z07_C2,raw_candidate,0.020052156947793595,8
MULTISTAGE_50E,MULTISTAGE_50E/S2_TP_z07_C3,raw_candidate,0.021558058994214535,8
MULTISTAGE_50E,MULTISTAGE_50E/S2_TP_z08_C1,raw_candidate,0.011895340542361243,8
MULTISTAGE_50E,MULTISTAGE_50E/S2_TP_z08_C2,raw_candidate,0.011454192309359443,8
MULTISTAGE_50E,MULTISTAGE_50E/S2_TP_z08_C3,raw_candidate,0.013576167752476553,8
MULTISTAGE_50E,MULTISTAGE_50E/S2_TP_z09_C1,raw_candidate,0.022375074189240937,8
MULTISTAGE_50E,MULTISTAGE_50E/S2_TP_z09_C2,raw_candidate,0.020410624226896767,8
MULTISTAGE_50E,MULTISTAGE_50E/S2_TP_z09_C3,raw_candidate,0.021457322470296816,8
MULTISTAGE_50E,MULTISTAGE_50E/S2_TP_z10_C1,raw_candidate,0.010227477792019934,1
MULTISTAGE_50E,MULTISTAGE_50E/S2_TP_z10_C2,raw_candidate,0.00943552636592134,3
MULTISTAGE_50E,MULTISTAGE_50E/S2_TP_z10_C3,raw_candidate,0.012755091449823258,4
MULTISTAGE_50E,MULTISTAGE_50E/S2_TP_z11_C1,raw_candidate,0.011536459616955139,8
MULTISTAGE_50E,MULTISTAGE_50E/S2_TP_z11_C2,raw_candidate,0.011031913352880993,8
MULTISTAGE_50E,MULTISTAGE_50E/S2_TP_z11_C3,raw_candidate,0.010848623256515824,8
MULTISTAGE_50E,MULTISTAGE_50E/S2_TP_z12_C1,raw_candidate,0.015510112759548491,12
MULTISTAGE_50E,MULTISTAGE_50E/S2_TP_z12_C2,raw_candidate,0.015576008047545803,12
MULTISTAGE_50E,MULTISTAGE_50E/S2_TP_z12_C3,raw_candidate,0.016080169311283272,12
MULTISTAGE_50E,MULTISTAGE_50E/S2_TP_z13_C1,raw_candidate,0.019142218929835142,12
MULTISTAGE_50E,MULTISTAGE_50E/S2_TP_z13_C2,raw_candidate,0.01937902289107683,12
MULTISTAGE_50E,MULTISTAGE_50E/S2_TP_z13_C3,raw_candidate,0.019666891121903896,12
MULTISTAGE_50E,MULTISTAGE_50E/S2_TP_z14_C1,raw_candidate,0.029638639824329478,12
MULTISTAGE_50E,MULTISTAGE_50E/S2_TP_z14_C2,raw_candidate,0.024277489912341688,12
MULTISTAGE_50E,MULTISTAGE_50E/S2_TP_z14_C3,raw_candidate,0.02135556168862406,12
MULTISTAGE_50E,MULTISTAGE_50E/S2_TP_z15_C1,raw_candidate,0.057071699767226085,7
MULTISTAGE_50E,MULTISTAGE_50E/S2_TP_z15_C2,raw_candidate,0.06752315326205319,8
MULTISTAGE_50E,MULTISTAGE_50E/S2_TP_z15_C3,raw_candidate,0.06156184218145451,8
MULTISTAGE_50E,MULTISTAGE_50E/S2_TP_z16_C1,raw_candidate,0.04693516859682259,12
MULTISTAGE_50E,MULTISTAGE_50E/S2_TP_z16_C2,raw_candidate,0.050042719497623935,12
MULTISTAGE_50E,MULTISTAGE_50E/S2_TP_z16_C3,raw_candidate,0.051344138425731205,12
MULTISTAGE_50E,MULTISTAGE_50E/S2_TP_z17_C1,raw_candidate,0.05312172228068174,8
MULTISTAGE_50E,MULTISTAGE_50E/S2_TP_z17_C2,raw_candidate,0.0530387334461393,8
MULTISTAGE_50E,MULTISTAGE_50E/S2_TP_z17_C3,raw_candidate,0.05966625499906188,8
MULTISTAGE_50E,MULTISTAGE_50E/S2_TP_z18_C1,raw_candidate,0.03179629033121147,12
MULTISTAGE_50E,MULTISTAGE_50E/S2_TP_z18_C2,raw_candidate,0.03137232496187733,12
MULTISTAGE_50E,MULTISTAGE_50E/S2_TP_z18_C3,raw_candidate,0.03166073646420287,12
MULTISTAGE_50E,MULTISTAGE_50E/S2_TP_z19_C1,raw_candidate,0.04630539331579878,12
MULTISTAGE_50E,MULTISTAGE_50E/S2_TP_z19_C2,raw_candidate,0.053279367552109845,12
MULTISTAGE_50E,MULTISTAGE_50E/S2_TP_z19_C3,raw_candidate,0.048972070371854644,12
MULTISTAGE_50E,MULTISTAGE_50E/S2_TP_z20_C1,raw_candidate,0.08684975291005766,3
MULTISTAGE_50E,MULTISTAGE_50E/S2_TP_z20_C3,raw_candidate,0.06572790659865128,3
MULTISTAGE_50E,MULTISTAGE_50E/S2_TP_z21_C1,raw_candidate,0.03329815134973998,12
MULTISTAGE_50E,MULTISTAGE_50E/S2_TP_z21_C2,raw_candidate,0.032883994891153484,12
MULTISTAGE_50E,MULTISTAGE_50E/S2_TP_z21_C3,raw_candidate,0.031082210202004284,12
MULTISTAGE_50E,MULTISTAGE_50E/S2_TP_z22_C1,raw_candidate,0.02863586639773143,12
MULTISTAGE_50E,MULTISTAGE_50E/S2_TP_z22_C2,raw_candidate,0.029122953877075346,12
MULTISTAGE_50E,MULTISTAGE_50E/S2_TP_z22_C3,raw_candidate,0.02965249656815024,12
MULTISTAGE_50E,MULTISTAGE_50E/S2_TP_z23_C2,raw_candidate,0.022041893914080957,1
MULTISTAGE_50E,MULTISTAGE_50E/S2_TP_z23_C3,raw_candidate,0.08732323667690989,3
MULTISTAGE_50E,MULTISTAGE_50E/S2_TP_z24_C1,raw_candidate,0.03073520407604764,12
MULTISTAGE_50E,MULTISTAGE_50E/S2_TP_z24_C2,raw_candidate,0.02904643558691251,12
MULTISTAGE_50E,MULTISTAGE_50E/S2_TP_z24_C3,raw_candidate,0.029685652044542692,12
STANFORD_CALENDAR,STANFORD_CALENDAR/C00013,raw_candidate,0.028104506368333483,5
STANFORD_CALENDAR,STANFORD_CALENDAR/C00014,raw_candidate,0.020665889857386124,11
STANFORD_CALENDAR,STANFORD_CALENDAR/C00018,raw_candidate,0.015592340669155658,8
STANFORD_CALENDAR,STANFORD_CALENDAR/C00084,raw_candidate,0.04165129413286427,90
STANFORD_CALENDAR,STANFORD_CALENDAR/C00085,raw_candidate,0.030523735651116688,118
STANFORD_CALENDAR,STANFORD_CALENDAR/C00086,raw_candidate,0.04992690117134594,118
STANFORD_CALENDAR,STANFORD_CALENDAR/C00087,raw_candidate,0.047677034240487186,118
STANFORD_CALENDAR,STANFORD_CALENDAR/C00088,raw_candidate,0.027252948885311712,18
STANFORD_CALENDAR,STANFORD_CALENDAR/C00089,raw_candidate,0.02623246092649391,18
STANFORD_CALENDAR,STANFORD_CALENDAR/C00090,raw_candidate,0.02279784815347853,18
STANFORD_CALENDAR,STANFORD_CALENDAR/C00091,raw_candidate,0.02170847910019483,18
STANFORD_CALENDAR,STANFORD_CALENDAR/C00092,raw_candidate,0.024597516692260853,16
STANFORD_CALENDAR,STANFORD_CALENDAR/C00093,raw_candidate,0.03065919607294241,15
STANFORD_CALENDAR,STANFORD_CALENDAR/C00094,raw_candidate,0.024625965960962642,16
STANFORD_CALENDAR,STANFORD_CALENDAR/C00095,raw_candidate,0.033825493960678,16
STANFORD_CALENDAR,STANFORD_CALENDAR/C00161,raw_candidate,0.05343407033094799,2
STANFORD_CALENDAR,STANFORD_CALENDAR/C00162,raw_candidate,0.12456007398375409,28
STANFORD_CALENDAR,STANFORD_CALENDAR/C00163,raw_candidate,0.17285099992182296,8
STANFORD_CALENDAR,STANFORD_CALENDAR/C00164,raw_candidate,0.08727121037182749,6
STANFORD_CALENDAR,STANFORD_CALENDAR/C00165,raw_candidate,0.08088096767491966,15
STANFORD_CALENDAR,STANFORD_CALENDAR/C00166,raw_candidate,0.04011843930631903,2
STANFORD_CALENDAR,STANFORD_CALENDAR/C00207,raw_candidate,0.03157193725282839,15
STANFORD_CALENDAR,STANFORD_CALENDAR/C00211,raw_candidate,0.03318850759784531,7
STANFORD_CALENDAR,STANFORD_CALENDAR/C00213,raw_candidate,0.03287369321766097,20
STANFORD_CALENDAR,STANFORD_CALENDAR/C00218,raw_candidate,0.03395067091660762,25
STANFORD_CALENDAR,STANFORD_CALENDAR/C00219,raw_candidate,0.029336469594202903,6
STANFORD_CALENDAR,STANFORD_CALENDAR/C00223,raw_candidate,0.022727022286080034,1
STANFORD_CALENDAR,STANFORD_CALENDAR/C00226,raw_candidate,0.030743458859514572,7
STANFORD_CALENDAR,STANFORD_CALENDAR/C00227,raw_candidate,0.029532447777751897,6
STANFORD_CALENDAR,STANFORD_CALENDAR/C00228,raw_candidate,0.07134490357889749,14
