domain,cell_id,threshold,method,records,truth_crossing_observed,prediction_crossing_observed,both_crossings_observed,truth_first_crossing_record,prediction_first_crossing_record,restricted_signed_delay_records,restricted_absolute_delay_records,observed_cycle_delay,late_warning,premature_review,on_time_review,degraded_records,late_warning_records,cell_late_warning_record_rate,healthy_records,premature_review_records,cell_premature_review_record_rate
AMPERE_A123_LFP,AMPERE_A123_LFP/Cell1a,0.7,protected_state,27,True,False,False,25.0,,3.0,3.0,,1.0,0,0.0,3,3,1.0,24,0,0.0
AMPERE_A123_LFP,AMPERE_A123_LFP/Cell1a,0.7,fixed_shift,27,True,False,False,25.0,,3.0,3.0,,1.0,0,0.0,3,3,1.0,24,0,0.0
AMPERE_A123_LFP,AMPERE_A123_LFP/Cell1a,0.7,pchp_method,27,True,False,False,25.0,,3.0,3.0,,1.0,0,0.0,3,3,1.0,24,0,0.0
AMPERE_A123_LFP,AMPERE_A123_LFP/Cell1a,0.8,protected_state,27,True,False,False,15.0,,13.0,13.0,,1.0,0,0.0,13,13,1.0,14,0,0.0
AMPERE_A123_LFP,AMPERE_A123_LFP/Cell1a,0.8,fixed_shift,27,True,False,False,15.0,,13.0,13.0,,1.0,0,0.0,13,13,1.0,14,0,0.0
AMPERE_A123_LFP,AMPERE_A123_LFP/Cell1a,0.8,pchp_method,27,True,False,False,15.0,,13.0,13.0,,1.0,0,0.0,13,13,1.0,14,0,0.0
AMPERE_A123_LFP,AMPERE_A123_LFP/Cell1a,0.9,protected_state,27,True,False,False,6.0,,22.0,22.0,,1.0,0,0.0,22,22,1.0,5,0,0.0
AMPERE_A123_LFP,AMPERE_A123_LFP/Cell1a,0.9,fixed_shift,27,True,False,False,6.0,,22.0,22.0,,1.0,0,0.0,22,22,1.0,5,0,0.0
AMPERE_A123_LFP,AMPERE_A123_LFP/Cell1a,0.9,pchp_method,27,True,False,False,6.0,,22.0,22.0,,1.0,0,0.0,22,22,1.0,5,0,0.0
AMPERE_A123_LFP,AMPERE_A123_LFP/Cell1b,0.7,protected_state,29,True,False,False,18.0,,12.0,12.0,,1.0,0,0.0,12,12,1.0,17,0,0.0
AMPERE_A123_LFP,AMPERE_A123_LFP/Cell1b,0.7,fixed_shift,29,True,False,False,18.0,,12.0,12.0,,1.0,0,0.0,12,12,1.0,17,0,0.0
AMPERE_A123_LFP,AMPERE_A123_LFP/Cell1b,0.7,pchp_method,29,True,False,False,18.0,,12.0,12.0,,1.0,0,0.0,12,12,1.0,17,0,0.0
AMPERE_A123_LFP,AMPERE_A123_LFP/Cell1b,0.8,protected_state,29,True,False,False,11.0,,19.0,19.0,,1.0,0,0.0,19,19,1.0,10,0,0.0
AMPERE_A123_LFP,AMPERE_A123_LFP/Cell1b,0.8,fixed_shift,29,True,False,False,11.0,,19.0,19.0,,1.0,0,0.0,19,19,1.0,10,0,0.0
AMPERE_A123_LFP,AMPERE_A123_LFP/Cell1b,0.8,pchp_method,29,True,False,False,11.0,,19.0,19.0,,1.0,0,0.0,19,19,1.0,10,0,0.0
AMPERE_A123_LFP,AMPERE_A123_LFP/Cell1b,0.9,protected_state,29,True,False,False,5.0,,25.0,25.0,,1.0,0,0.0,25,25,1.0,4,0,0.0
AMPERE_A123_LFP,AMPERE_A123_LFP/Cell1b,0.9,fixed_shift,29,True,False,False,5.0,,25.0,25.0,,1.0,0,0.0,25,25,1.0,4,0,0.0
AMPERE_A123_LFP,AMPERE_A123_LFP/Cell1b,0.9,pchp_method,29,True,False,False,5.0,,25.0,25.0,,1.0,0,0.0,25,25,1.0,4,0,0.0
AMPERE_A123_LFP,AMPERE_A123_LFP/Cell1c,0.7,protected_state,28,True,False,False,25.0,,4.0,4.0,,1.0,0,0.0,4,4,1.0,24,0,0.0
AMPERE_A123_LFP,AMPERE_A123_LFP/Cell1c,0.7,fixed_shift,28,True,False,False,25.0,,4.0,4.0,,1.0,0,0.0,4,4,1.0,24,0,0.0
AMPERE_A123_LFP,AMPERE_A123_LFP/Cell1c,0.7,pchp_method,28,True,False,False,25.0,,4.0,4.0,,1.0,0,0.0,4,4,1.0,24,0,0.0
AMPERE_A123_LFP,AMPERE_A123_LFP/Cell1c,0.8,protected_state,28,True,False,False,14.0,,15.0,15.0,,1.0,0,0.0,15,15,1.0,13,0,0.0
AMPERE_A123_LFP,AMPERE_A123_LFP/Cell1c,0.8,fixed_shift,28,True,False,False,14.0,,15.0,15.0,,1.0,0,0.0,15,15,1.0,13,0,0.0
AMPERE_A123_LFP,AMPERE_A123_LFP/Cell1c,0.8,pchp_method,28,True,False,False,14.0,,15.0,15.0,,1.0,0,0.0,15,15,1.0,13,0,0.0
AMPERE_A123_LFP,AMPERE_A123_LFP/Cell1c,0.9,protected_state,28,True,False,False,5.0,,24.0,24.0,,1.0,0,0.0,24,24,1.0,4,0,0.0
AMPERE_A123_LFP,AMPERE_A123_LFP/Cell1c,0.9,fixed_shift,28,True,False,False,5.0,,24.0,24.0,,1.0,0,0.0,24,24,1.0,4,0,0.0
AMPERE_A123_LFP,AMPERE_A123_LFP/Cell1c,0.9,pchp_method,28,True,False,False,5.0,,24.0,24.0,,1.0,0,0.0,24,24,1.0,4,0,0.0
AMPERE_A123_LFP,AMPERE_A123_LFP/Cell2a,0.7,protected_state,28,True,False,False,19.0,,10.0,10.0,,1.0,0,0.0,10,10,1.0,18,0,0.0
AMPERE_A123_LFP,AMPERE_A123_LFP/Cell2a,0.7,fixed_shift,28,True,False,False,19.0,,10.0,10.0,,1.0,0,0.0,10,10,1.0,18,0,0.0
AMPERE_A123_LFP,AMPERE_A123_LFP/Cell2a,0.7,pchp_method,28,True,False,False,19.0,,10.0,10.0,,1.0,0,0.0,10,10,1.0,18,0,0.0
AMPERE_A123_LFP,AMPERE_A123_LFP/Cell2a,0.8,protected_state,28,True,False,False,13.0,,16.0,16.0,,1.0,0,0.0,16,16,1.0,12,0,0.0
AMPERE_A123_LFP,AMPERE_A123_LFP/Cell2a,0.8,fixed_shift,28,True,False,False,13.0,,16.0,16.0,,1.0,0,0.0,16,16,1.0,12,0,0.0
AMPERE_A123_LFP,AMPERE_A123_LFP/Cell2a,0.8,pchp_method,28,True,False,False,13.0,,16.0,16.0,,1.0,0,0.0,16,16,1.0,12,0,0.0
AMPERE_A123_LFP,AMPERE_A123_LFP/Cell2a,0.9,protected_state,28,True,False,False,6.0,,23.0,23.0,,1.0,0,0.0,23,23,1.0,5,0,0.0
AMPERE_A123_LFP,AMPERE_A123_LFP/Cell2a,0.9,fixed_shift,28,True,False,False,6.0,,23.0,23.0,,1.0,0,0.0,23,23,1.0,5,0,0.0
AMPERE_A123_LFP,AMPERE_A123_LFP/Cell2a,0.9,pchp_method,28,True,False,False,6.0,,23.0,23.0,,1.0,0,0.0,23,23,1.0,5,0,0.0
AMPERE_A123_LFP,AMPERE_A123_LFP/Cell2b,0.7,protected_state,29,True,False,False,18.0,,12.0,12.0,,1.0,0,0.0,12,12,1.0,17,0,0.0
AMPERE_A123_LFP,AMPERE_A123_LFP/Cell2b,0.7,fixed_shift,29,True,False,False,18.0,,12.0,12.0,,1.0,0,0.0,12,12,1.0,17,0,0.0
AMPERE_A123_LFP,AMPERE_A123_LFP/Cell2b,0.7,pchp_method,29,True,False,False,18.0,,12.0,12.0,,1.0,0,0.0,12,12,1.0,17,0,0.0
AMPERE_A123_LFP,AMPERE_A123_LFP/Cell2b,0.8,protected_state,29,True,False,False,11.0,,19.0,19.0,,1.0,0,0.0,19,19,1.0,10,0,0.0
AMPERE_A123_LFP,AMPERE_A123_LFP/Cell2b,0.8,fixed_shift,29,True,False,False,11.0,,19.0,19.0,,1.0,0,0.0,19,19,1.0,10,0,0.0
AMPERE_A123_LFP,AMPERE_A123_LFP/Cell2b,0.8,pchp_method,29,True,False,False,11.0,,19.0,19.0,,1.0,0,0.0,19,19,1.0,10,0,0.0
AMPERE_A123_LFP,AMPERE_A123_LFP/Cell2b,0.9,protected_state,29,True,False,False,5.0,,25.0,25.0,,1.0,0,0.0,25,25,1.0,4,0,0.0
AMPERE_A123_LFP,AMPERE_A123_LFP/Cell2b,0.9,fixed_shift,29,True,False,False,5.0,,25.0,25.0,,1.0,0,0.0,25,25,1.0,4,0,0.0
AMPERE_A123_LFP,AMPERE_A123_LFP/Cell2b,0.9,pchp_method,29,True,False,False,5.0,,25.0,25.0,,1.0,0,0.0,25,25,1.0,4,0,0.0
AMPERE_A123_LFP,AMPERE_A123_LFP/Cell2c,0.7,protected_state,28,True,False,False,21.0,,8.0,8.0,,1.0,0,0.0,8,8,1.0,20,0,0.0
AMPERE_A123_LFP,AMPERE_A123_LFP/Cell2c,0.7,fixed_shift,28,True,False,False,21.0,,8.0,8.0,,1.0,0,0.0,8,8,1.0,20,0,0.0
AMPERE_A123_LFP,AMPERE_A123_LFP/Cell2c,0.7,pchp_method,28,True,False,False,21.0,,8.0,8.0,,1.0,0,0.0,8,8,1.0,20,0,0.0
AMPERE_A123_LFP,AMPERE_A123_LFP/Cell2c,0.8,protected_state,28,True,False,False,12.0,,17.0,17.0,,1.0,0,0.0,17,17,1.0,11,0,0.0
AMPERE_A123_LFP,AMPERE_A123_LFP/Cell2c,0.8,fixed_shift,28,True,False,False,12.0,,17.0,17.0,,1.0,0,0.0,17,17,1.0,11,0,0.0
AMPERE_A123_LFP,AMPERE_A123_LFP/Cell2c,0.8,pchp_method,28,True,False,False,12.0,,17.0,17.0,,1.0,0,0.0,17,17,1.0,11,0,0.0
AMPERE_A123_LFP,AMPERE_A123_LFP/Cell2c,0.9,protected_state,28,True,False,False,6.0,,23.0,23.0,,1.0,0,0.0,23,23,1.0,5,0,0.0
AMPERE_A123_LFP,AMPERE_A123_LFP/Cell2c,0.9,fixed_shift,28,True,False,False,6.0,,23.0,23.0,,1.0,0,0.0,23,23,1.0,5,0,0.0
AMPERE_A123_LFP,AMPERE_A123_LFP/Cell2c,0.9,pchp_method,28,True,False,False,6.0,,23.0,23.0,,1.0,0,0.0,23,23,1.0,5,0,0.0
AMPERE_A123_LFP,AMPERE_A123_LFP/Cell3a,0.7,protected_state,35,True,False,False,20.0,,16.0,16.0,,1.0,0,0.0,16,16,1.0,19,0,0.0
AMPERE_A123_LFP,AMPERE_A123_LFP/Cell3a,0.7,fixed_shift,35,True,False,False,20.0,,16.0,16.0,,1.0,0,0.0,16,16,1.0,19,0,0.0
AMPERE_A123_LFP,AMPERE_A123_LFP/Cell3a,0.7,pchp_method,35,True,False,False,20.0,,16.0,16.0,,1.0,0,0.0,16,16,1.0,19,0,0.0
AMPERE_A123_LFP,AMPERE_A123_LFP/Cell3a,0.8,protected_state,35,True,False,False,12.0,,24.0,24.0,,1.0,0,0.0,24,24,1.0,11,0,0.0
AMPERE_A123_LFP,AMPERE_A123_LFP/Cell3a,0.8,fixed_shift,35,True,False,False,12.0,,24.0,24.0,,1.0,0,0.0,24,24,1.0,11,0,0.0
AMPERE_A123_LFP,AMPERE_A123_LFP/Cell3a,0.8,pchp_method,35,True,False,False,12.0,,24.0,24.0,,1.0,0,0.0,24,24,1.0,11,0,0.0
AMPERE_A123_LFP,AMPERE_A123_LFP/Cell3a,0.9,protected_state,35,True,False,False,5.0,,31.0,31.0,,1.0,0,0.0,31,31,1.0,4,0,0.0
AMPERE_A123_LFP,AMPERE_A123_LFP/Cell3a,0.9,fixed_shift,35,True,False,False,5.0,,31.0,31.0,,1.0,0,0.0,31,31,1.0,4,0,0.0
AMPERE_A123_LFP,AMPERE_A123_LFP/Cell3a,0.9,pchp_method,35,True,False,False,5.0,,31.0,31.0,,1.0,0,0.0,31,31,1.0,4,0,0.0
AMPERE_A123_LFP,AMPERE_A123_LFP/Cell3b,0.7,protected_state,36,True,False,False,22.0,,15.0,15.0,,1.0,0,0.0,15,15,1.0,21,0,0.0
AMPERE_A123_LFP,AMPERE_A123_LFP/Cell3b,0.7,fixed_shift,36,True,False,False,22.0,,15.0,15.0,,1.0,0,0.0,15,15,1.0,21,0,0.0
AMPERE_A123_LFP,AMPERE_A123_LFP/Cell3b,0.7,pchp_method,36,True,False,False,22.0,,15.0,15.0,,1.0,0,0.0,15,15,1.0,21,0,0.0
AMPERE_A123_LFP,AMPERE_A123_LFP/Cell3b,0.8,protected_state,36,True,False,False,13.0,,24.0,24.0,,1.0,0,0.0,24,24,1.0,12,0,0.0
AMPERE_A123_LFP,AMPERE_A123_LFP/Cell3b,0.8,fixed_shift,36,True,False,False,13.0,,24.0,24.0,,1.0,0,0.0,24,24,1.0,12,0,0.0
AMPERE_A123_LFP,AMPERE_A123_LFP/Cell3b,0.8,pchp_method,36,True,False,False,13.0,,24.0,24.0,,1.0,0,0.0,24,24,1.0,12,0,0.0
AMPERE_A123_LFP,AMPERE_A123_LFP/Cell3b,0.9,protected_state,36,True,False,False,5.0,,32.0,32.0,,1.0,0,0.0,32,32,1.0,4,0,0.0
AMPERE_A123_LFP,AMPERE_A123_LFP/Cell3b,0.9,fixed_shift,36,True,False,False,5.0,,32.0,32.0,,1.0,0,0.0,32,32,1.0,4,0,0.0
AMPERE_A123_LFP,AMPERE_A123_LFP/Cell3b,0.9,pchp_method,36,True,False,False,5.0,,32.0,32.0,,1.0,0,0.0,32,32,1.0,4,0,0.0
AMPERE_A123_LFP,AMPERE_A123_LFP/Cell4a,0.7,protected_state,39,True,False,False,24.0,,16.0,16.0,,1.0,0,0.0,16,16,1.0,23,0,0.0
AMPERE_A123_LFP,AMPERE_A123_LFP/Cell4a,0.7,fixed_shift,39,True,False,False,24.0,,16.0,16.0,,1.0,0,0.0,16,16,1.0,23,0,0.0
AMPERE_A123_LFP,AMPERE_A123_LFP/Cell4a,0.7,pchp_method,39,True,False,False,24.0,,16.0,16.0,,1.0,0,0.0,16,16,1.0,23,0,0.0
AMPERE_A123_LFP,AMPERE_A123_LFP/Cell4a,0.8,protected_state,39,True,False,False,15.0,,25.0,25.0,,1.0,0,0.0,25,25,1.0,14,0,0.0
AMPERE_A123_LFP,AMPERE_A123_LFP/Cell4a,0.8,fixed_shift,39,True,False,False,15.0,,25.0,25.0,,1.0,0,0.0,25,25,1.0,14,0,0.0
AMPERE_A123_LFP,AMPERE_A123_LFP/Cell4a,0.8,pchp_method,39,True,False,False,15.0,,25.0,25.0,,1.0,0,0.0,25,25,1.0,14,0,0.0
AMPERE_A123_LFP,AMPERE_A123_LFP/Cell4a,0.9,protected_state,39,True,False,False,6.0,,34.0,34.0,,1.0,0,0.0,34,34,1.0,5,0,0.0
AMPERE_A123_LFP,AMPERE_A123_LFP/Cell4a,0.9,fixed_shift,39,True,False,False,6.0,,34.0,34.0,,1.0,0,0.0,34,34,1.0,5,0,0.0
AMPERE_A123_LFP,AMPERE_A123_LFP/Cell4a,0.9,pchp_method,39,True,False,False,6.0,,34.0,34.0,,1.0,0,0.0,34,34,1.0,5,0,0.0
AMPERE_A123_LFP,AMPERE_A123_LFP/Cell4b,0.7,protected_state,41,True,False,False,18.0,,24.0,24.0,,1.0,0,0.0,24,24,1.0,17,0,0.0
AMPERE_A123_LFP,AMPERE_A123_LFP/Cell4b,0.7,fixed_shift,41,True,False,False,18.0,,24.0,24.0,,1.0,0,0.0,24,24,1.0,17,0,0.0
AMPERE_A123_LFP,AMPERE_A123_LFP/Cell4b,0.7,pchp_method,41,True,False,False,18.0,,24.0,24.0,,1.0,0,0.0,24,24,1.0,17,0,0.0
AMPERE_A123_LFP,AMPERE_A123_LFP/Cell4b,0.8,protected_state,41,True,False,False,11.0,,31.0,31.0,,1.0,0,0.0,31,31,1.0,10,0,0.0
AMPERE_A123_LFP,AMPERE_A123_LFP/Cell4b,0.8,fixed_shift,41,True,False,False,11.0,,31.0,31.0,,1.0,0,0.0,31,31,1.0,10,0,0.0
AMPERE_A123_LFP,AMPERE_A123_LFP/Cell4b,0.8,pchp_method,41,True,False,False,11.0,,31.0,31.0,,1.0,0,0.0,31,31,1.0,10,0,0.0
AMPERE_A123_LFP,AMPERE_A123_LFP/Cell4b,0.9,protected_state,41,True,False,False,5.0,,37.0,37.0,,1.0,0,0.0,37,37,1.0,4,0,0.0
AMPERE_A123_LFP,AMPERE_A123_LFP/Cell4b,0.9,fixed_shift,41,True,False,False,5.0,,37.0,37.0,,1.0,0,0.0,37,37,1.0,4,0,0.0
AMPERE_A123_LFP,AMPERE_A123_LFP/Cell4b,0.9,pchp_method,41,True,False,False,5.0,,37.0,37.0,,1.0,0,0.0,37,37,1.0,4,0,0.0
AMPERE_A123_LFP,AMPERE_A123_LFP/Cell4c,0.7,protected_state,40,True,False,False,21.0,,20.0,20.0,,1.0,0,0.0,20,20,1.0,20,0,0.0
AMPERE_A123_LFP,AMPERE_A123_LFP/Cell4c,0.7,fixed_shift,40,True,False,False,21.0,,20.0,20.0,,1.0,0,0.0,20,20,1.0,20,0,0.0
AMPERE_A123_LFP,AMPERE_A123_LFP/Cell4c,0.7,pchp_method,40,True,False,False,21.0,,20.0,20.0,,1.0,0,0.0,20,20,1.0,20,0,0.0
AMPERE_A123_LFP,AMPERE_A123_LFP/Cell4c,0.8,protected_state,40,True,False,False,14.0,,27.0,27.0,,1.0,0,0.0,27,27,1.0,13,0,0.0
AMPERE_A123_LFP,AMPERE_A123_LFP/Cell4c,0.8,fixed_shift,40,True,False,False,14.0,,27.0,27.0,,1.0,0,0.0,27,27,1.0,13,0,0.0
AMPERE_A123_LFP,AMPERE_A123_LFP/Cell4c,0.8,pchp_method,40,True,False,False,14.0,,27.0,27.0,,1.0,0,0.0,27,27,1.0,13,0,0.0
AMPERE_A123_LFP,AMPERE_A123_LFP/Cell4c,0.9,protected_state,40,True,False,False,6.0,,35.0,35.0,,1.0,0,0.0,35,35,1.0,5,0,0.0
AMPERE_A123_LFP,AMPERE_A123_LFP/Cell4c,0.9,fixed_shift,40,True,False,False,6.0,,35.0,35.0,,1.0,0,0.0,35,35,1.0,5,0,0.0
AMPERE_A123_LFP,AMPERE_A123_LFP/Cell4c,0.9,pchp_method,40,True,False,False,6.0,,35.0,35.0,,1.0,0,0.0,35,35,1.0,5,0,0.0
AMPERE_A123_LFP,AMPERE_A123_LFP/Cell5a,0.7,protected_state,38,True,False,False,19.0,,20.0,20.0,,1.0,0,0.0,20,20,1.0,18,0,0.0
AMPERE_A123_LFP,AMPERE_A123_LFP/Cell5a,0.7,fixed_shift,38,True,False,False,19.0,,20.0,20.0,,1.0,0,0.0,20,20,1.0,18,0,0.0
AMPERE_A123_LFP,AMPERE_A123_LFP/Cell5a,0.7,pchp_method,38,True,False,False,19.0,,20.0,20.0,,1.0,0,0.0,20,20,1.0,18,0,0.0
AMPERE_A123_LFP,AMPERE_A123_LFP/Cell5a,0.8,protected_state,38,True,False,False,13.0,,26.0,26.0,,1.0,0,0.0,26,26,1.0,12,0,0.0
AMPERE_A123_LFP,AMPERE_A123_LFP/Cell5a,0.8,fixed_shift,38,True,False,False,13.0,,26.0,26.0,,1.0,0,0.0,26,26,1.0,12,0,0.0
AMPERE_A123_LFP,AMPERE_A123_LFP/Cell5a,0.8,pchp_method,38,True,False,False,13.0,,26.0,26.0,,1.0,0,0.0,26,26,1.0,12,0,0.0
AMPERE_A123_LFP,AMPERE_A123_LFP/Cell5a,0.9,protected_state,38,True,False,False,5.0,,34.0,34.0,,1.0,0,0.0,34,34,1.0,4,0,0.0
AMPERE_A123_LFP,AMPERE_A123_LFP/Cell5a,0.9,fixed_shift,38,True,False,False,5.0,,34.0,34.0,,1.0,0,0.0,34,34,1.0,4,0,0.0
AMPERE_A123_LFP,AMPERE_A123_LFP/Cell5a,0.9,pchp_method,38,True,False,False,5.0,,34.0,34.0,,1.0,0,0.0,34,34,1.0,4,0,0.0
AMPERE_A123_LFP,AMPERE_A123_LFP/Cell5b,0.7,protected_state,37,True,False,False,22.0,,16.0,16.0,,1.0,0,0.0,16,16,1.0,21,0,0.0
AMPERE_A123_LFP,AMPERE_A123_LFP/Cell5b,0.7,fixed_shift,37,True,False,False,22.0,,16.0,16.0,,1.0,0,0.0,16,16,1.0,21,0,0.0
AMPERE_A123_LFP,AMPERE_A123_LFP/Cell5b,0.7,pchp_method,37,True,False,False,22.0,,16.0,16.0,,1.0,0,0.0,16,16,1.0,21,0,0.0
AMPERE_A123_LFP,AMPERE_A123_LFP/Cell5b,0.8,protected_state,37,True,False,False,14.0,,24.0,24.0,,1.0,0,0.0,24,24,1.0,13,0,0.0
AMPERE_A123_LFP,AMPERE_A123_LFP/Cell5b,0.8,fixed_shift,37,True,False,False,14.0,,24.0,24.0,,1.0,0,0.0,24,24,1.0,13,0,0.0
AMPERE_A123_LFP,AMPERE_A123_LFP/Cell5b,0.8,pchp_method,37,True,False,False,14.0,,24.0,24.0,,1.0,0,0.0,24,24,1.0,13,0,0.0
AMPERE_A123_LFP,AMPERE_A123_LFP/Cell5b,0.9,protected_state,37,True,False,False,6.0,,32.0,32.0,,1.0,0,0.0,32,32,1.0,5,0,0.0
AMPERE_A123_LFP,AMPERE_A123_LFP/Cell5b,0.9,fixed_shift,37,True,False,False,6.0,,32.0,32.0,,1.0,0,0.0,32,32,1.0,5,0,0.0
AMPERE_A123_LFP,AMPERE_A123_LFP/Cell5b,0.9,pchp_method,37,True,False,False,6.0,,32.0,32.0,,1.0,0,0.0,32,32,1.0,5,0,0.0
AMPERE_A123_LFP,AMPERE_A123_LFP/Cell5c,0.7,protected_state,37,True,False,False,22.0,,16.0,16.0,,1.0,0,0.0,16,16,1.0,21,0,0.0
AMPERE_A123_LFP,AMPERE_A123_LFP/Cell5c,0.7,fixed_shift,37,True,False,False,22.0,,16.0,16.0,,1.0,0,0.0,16,16,1.0,21,0,0.0
AMPERE_A123_LFP,AMPERE_A123_LFP/Cell5c,0.7,pchp_method,37,True,False,False,22.0,,16.0,16.0,,1.0,0,0.0,16,16,1.0,21,0,0.0
AMPERE_A123_LFP,AMPERE_A123_LFP/Cell5c,0.8,protected_state,37,True,False,False,14.0,,24.0,24.0,,1.0,0,0.0,24,24,1.0,13,0,0.0
AMPERE_A123_LFP,AMPERE_A123_LFP/Cell5c,0.8,fixed_shift,37,True,False,False,14.0,,24.0,24.0,,1.0,0,0.0,24,24,1.0,13,0,0.0
AMPERE_A123_LFP,AMPERE_A123_LFP/Cell5c,0.8,pchp_method,37,True,False,False,14.0,,24.0,24.0,,1.0,0,0.0,24,24,1.0,13,0,0.0
AMPERE_A123_LFP,AMPERE_A123_LFP/Cell5c,0.9,protected_state,37,True,False,False,6.0,,32.0,32.0,,1.0,0,0.0,32,32,1.0,5,0,0.0
AMPERE_A123_LFP,AMPERE_A123_LFP/Cell5c,0.9,fixed_shift,37,True,False,False,6.0,,32.0,32.0,,1.0,0,0.0,32,32,1.0,5,0,0.0
AMPERE_A123_LFP,AMPERE_A123_LFP/Cell5c,0.9,pchp_method,37,True,False,False,6.0,,32.0,32.0,,1.0,0,0.0,32,32,1.0,5,0,0.0
AMPERE_A123_LFP,AMPERE_A123_LFP/Cell6a,0.7,protected_state,59,True,False,False,24.0,,36.0,36.0,,1.0,0,0.0,36,36,1.0,23,0,0.0
AMPERE_A123_LFP,AMPERE_A123_LFP/Cell6a,0.7,fixed_shift,59,True,False,False,24.0,,36.0,36.0,,1.0,0,0.0,36,36,1.0,23,0,0.0
AMPERE_A123_LFP,AMPERE_A123_LFP/Cell6a,0.7,pchp_method,59,True,False,False,24.0,,36.0,36.0,,1.0,0,0.0,36,36,1.0,23,0,0.0
AMPERE_A123_LFP,AMPERE_A123_LFP/Cell6a,0.8,protected_state,59,True,False,False,18.0,,42.0,42.0,,1.0,0,0.0,42,42,1.0,17,0,0.0
AMPERE_A123_LFP,AMPERE_A123_LFP/Cell6a,0.8,fixed_shift,59,True,False,False,18.0,,42.0,42.0,,1.0,0,0.0,42,42,1.0,17,0,0.0
AMPERE_A123_LFP,AMPERE_A123_LFP/Cell6a,0.8,pchp_method,59,True,False,False,18.0,,42.0,42.0,,1.0,0,0.0,42,42,1.0,17,0,0.0
AMPERE_A123_LFP,AMPERE_A123_LFP/Cell6a,0.9,protected_state,59,True,False,False,7.0,,53.0,53.0,,1.0,0,0.0,53,53,1.0,6,0,0.0
AMPERE_A123_LFP,AMPERE_A123_LFP/Cell6a,0.9,fixed_shift,59,True,False,False,7.0,,53.0,53.0,,1.0,0,0.0,53,53,1.0,6,0,0.0
AMPERE_A123_LFP,AMPERE_A123_LFP/Cell6a,0.9,pchp_method,59,True,False,False,7.0,,53.0,53.0,,1.0,0,0.0,53,53,1.0,6,0,0.0
AMPERE_A123_LFP,AMPERE_A123_LFP/Cell6b,0.7,protected_state,62,True,False,False,30.0,,33.0,33.0,,1.0,0,0.0,33,33,1.0,29,0,0.0
AMPERE_A123_LFP,AMPERE_A123_LFP/Cell6b,0.7,fixed_shift,62,True,False,False,30.0,,33.0,33.0,,1.0,0,0.0,33,33,1.0,29,0,0.0
AMPERE_A123_LFP,AMPERE_A123_LFP/Cell6b,0.7,pchp_method,62,True,False,False,30.0,,33.0,33.0,,1.0,0,0.0,33,33,1.0,29,0,0.0
AMPERE_A123_LFP,AMPERE_A123_LFP/Cell6b,0.8,protected_state,62,True,False,False,20.0,,43.0,43.0,,1.0,0,0.0,43,43,1.0,19,0,0.0
AMPERE_A123_LFP,AMPERE_A123_LFP/Cell6b,0.8,fixed_shift,62,True,False,False,20.0,,43.0,43.0,,1.0,0,0.0,43,43,1.0,19,0,0.0
AMPERE_A123_LFP,AMPERE_A123_LFP/Cell6b,0.8,pchp_method,62,True,False,False,20.0,,43.0,43.0,,1.0,0,0.0,43,43,1.0,19,0,0.0
AMPERE_A123_LFP,AMPERE_A123_LFP/Cell6b,0.9,protected_state,62,True,False,False,8.0,,55.0,55.0,,1.0,0,0.0,55,55,1.0,7,0,0.0
AMPERE_A123_LFP,AMPERE_A123_LFP/Cell6b,0.9,fixed_shift,62,True,False,False,8.0,,55.0,55.0,,1.0,0,0.0,55,55,1.0,7,0,0.0
AMPERE_A123_LFP,AMPERE_A123_LFP/Cell6b,0.9,pchp_method,62,True,False,False,8.0,,55.0,55.0,,1.0,0,0.0,55,55,1.0,7,0,0.0
AMPERE_A123_LFP,AMPERE_A123_LFP/Cell6c,0.7,protected_state,62,True,False,False,30.0,,33.0,33.0,,1.0,0,0.0,33,33,1.0,29,0,0.0
AMPERE_A123_LFP,AMPERE_A123_LFP/Cell6c,0.7,fixed_shift,62,True,False,False,30.0,,33.0,33.0,,1.0,0,0.0,33,33,1.0,29,0,0.0
AMPERE_A123_LFP,AMPERE_A123_LFP/Cell6c,0.7,pchp_method,62,True,False,False,30.0,,33.0,33.0,,1.0,0,0.0,33,33,1.0,29,0,0.0
AMPERE_A123_LFP,AMPERE_A123_LFP/Cell6c,0.8,protected_state,62,True,False,False,22.0,,41.0,41.0,,1.0,0,0.0,41,41,1.0,21,0,0.0
AMPERE_A123_LFP,AMPERE_A123_LFP/Cell6c,0.8,fixed_shift,62,True,False,False,22.0,,41.0,41.0,,1.0,0,0.0,41,41,1.0,21,0,0.0
AMPERE_A123_LFP,AMPERE_A123_LFP/Cell6c,0.8,pchp_method,62,True,False,False,22.0,,41.0,41.0,,1.0,0,0.0,41,41,1.0,21,0,0.0
AMPERE_A123_LFP,AMPERE_A123_LFP/Cell6c,0.9,protected_state,62,True,False,False,9.0,,54.0,54.0,,1.0,0,0.0,54,54,1.0,8,0,0.0
AMPERE_A123_LFP,AMPERE_A123_LFP/Cell6c,0.9,fixed_shift,62,True,False,False,9.0,,54.0,54.0,,1.0,0,0.0,54,54,1.0,8,0,0.0
AMPERE_A123_LFP,AMPERE_A123_LFP/Cell6c,0.9,pchp_method,62,True,False,False,9.0,,54.0,54.0,,1.0,0,0.0,54,54,1.0,8,0,0.0
AMPERE_A123_LFP,AMPERE_A123_LFP/Cell7a,0.7,protected_state,28,True,False,False,9.0,,20.0,20.0,,1.0,0,0.0,20,20,1.0,8,0,0.0
AMPERE_A123_LFP,AMPERE_A123_LFP/Cell7a,0.7,fixed_shift,28,True,False,False,9.0,,20.0,20.0,,1.0,0,0.0,20,20,1.0,8,0,0.0
AMPERE_A123_LFP,AMPERE_A123_LFP/Cell7a,0.7,pchp_method,28,True,False,False,9.0,,20.0,20.0,,1.0,0,0.0,20,20,1.0,8,0,0.0
AMPERE_A123_LFP,AMPERE_A123_LFP/Cell7a,0.8,protected_state,28,True,False,False,7.0,,22.0,22.0,,1.0,0,0.0,22,22,1.0,6,0,0.0
AMPERE_A123_LFP,AMPERE_A123_LFP/Cell7a,0.8,fixed_shift,28,True,False,False,7.0,,22.0,22.0,,1.0,0,0.0,22,22,1.0,6,0,0.0
AMPERE_A123_LFP,AMPERE_A123_LFP/Cell7a,0.8,pchp_method,28,True,False,False,7.0,,22.0,22.0,,1.0,0,0.0,22,22,1.0,6,0,0.0
AMPERE_A123_LFP,AMPERE_A123_LFP/Cell7a,0.9,protected_state,28,True,False,False,3.0,,26.0,26.0,,1.0,0,0.0,26,26,1.0,2,0,0.0
AMPERE_A123_LFP,AMPERE_A123_LFP/Cell7a,0.9,fixed_shift,28,True,False,False,3.0,,26.0,26.0,,1.0,0,0.0,26,26,1.0,2,0,0.0
AMPERE_A123_LFP,AMPERE_A123_LFP/Cell7a,0.9,pchp_method,28,True,False,False,3.0,,26.0,26.0,,1.0,0,0.0,26,26,1.0,2,0,0.0
AMPERE_A123_LFP,AMPERE_A123_LFP/Cell7b,0.7,protected_state,30,True,False,False,14.0,,17.0,17.0,,1.0,0,0.0,17,17,1.0,13,0,0.0
AMPERE_A123_LFP,AMPERE_A123_LFP/Cell7b,0.7,fixed_shift,30,True,False,False,14.0,,17.0,17.0,,1.0,0,0.0,17,17,1.0,13,0,0.0
AMPERE_A123_LFP,AMPERE_A123_LFP/Cell7b,0.7,pchp_method,30,True,False,False,14.0,,17.0,17.0,,1.0,0,0.0,17,17,1.0,13,0,0.0
AMPERE_A123_LFP,AMPERE_A123_LFP/Cell7b,0.8,protected_state,30,True,False,False,10.0,,21.0,21.0,,1.0,0,0.0,21,21,1.0,9,0,0.0
AMPERE_A123_LFP,AMPERE_A123_LFP/Cell7b,0.8,fixed_shift,30,True,False,False,10.0,,21.0,21.0,,1.0,0,0.0,21,21,1.0,9,0,0.0
AMPERE_A123_LFP,AMPERE_A123_LFP/Cell7b,0.8,pchp_method,30,True,False,False,10.0,,21.0,21.0,,1.0,0,0.0,21,21,1.0,9,0,0.0
AMPERE_A123_LFP,AMPERE_A123_LFP/Cell7b,0.9,protected_state,30,True,False,False,4.0,,27.0,27.0,,1.0,0,0.0,27,27,1.0,3,0,0.0
AMPERE_A123_LFP,AMPERE_A123_LFP/Cell7b,0.9,fixed_shift,30,True,False,False,4.0,,27.0,27.0,,1.0,0,0.0,27,27,1.0,3,0,0.0
AMPERE_A123_LFP,AMPERE_A123_LFP/Cell7b,0.9,pchp_method,30,True,False,False,4.0,,27.0,27.0,,1.0,0,0.0,27,27,1.0,3,0,0.0
AMPERE_A123_LFP,AMPERE_A123_LFP/Cell7c,0.7,protected_state,30,True,False,False,12.0,,19.0,19.0,,1.0,0,0.0,19,19,1.0,11,0,0.0
AMPERE_A123_LFP,AMPERE_A123_LFP/Cell7c,0.7,fixed_shift,30,True,False,False,12.0,,19.0,19.0,,1.0,0,0.0,19,19,1.0,11,0,0.0
AMPERE_A123_LFP,AMPERE_A123_LFP/Cell7c,0.7,pchp_method,30,True,False,False,12.0,,19.0,19.0,,1.0,0,0.0,19,19,1.0,11,0,0.0
AMPERE_A123_LFP,AMPERE_A123_LFP/Cell7c,0.8,protected_state,30,True,False,False,9.0,,22.0,22.0,,1.0,0,0.0,22,22,1.0,8,0,0.0
AMPERE_A123_LFP,AMPERE_A123_LFP/Cell7c,0.8,fixed_shift,30,True,False,False,9.0,,22.0,22.0,,1.0,0,0.0,22,22,1.0,8,0,0.0
AMPERE_A123_LFP,AMPERE_A123_LFP/Cell7c,0.8,pchp_method,30,True,False,False,9.0,,22.0,22.0,,1.0,0,0.0,22,22,1.0,8,0,0.0
AMPERE_A123_LFP,AMPERE_A123_LFP/Cell7c,0.9,protected_state,30,True,False,False,3.0,,28.0,28.0,,1.0,0,0.0,28,28,1.0,2,0,0.0
AMPERE_A123_LFP,AMPERE_A123_LFP/Cell7c,0.9,fixed_shift,30,True,False,False,3.0,,28.0,28.0,,1.0,0,0.0,28,28,1.0,2,0,0.0
AMPERE_A123_LFP,AMPERE_A123_LFP/Cell7c,0.9,pchp_method,30,True,False,False,3.0,,28.0,28.0,,1.0,0,0.0,28,28,1.0,2,0,0.0
IMPERIAL_M50T,IMPERIAL_M50T/Expt 1 - Si-based Degradation/cell_A,0.7,protected_state,9,True,False,False,8.0,,2.0,2.0,,1.0,0,0.0,2,2,1.0,7,0,0.0
IMPERIAL_M50T,IMPERIAL_M50T/Expt 1 - Si-based Degradation/cell_A,0.7,fixed_shift,9,True,False,False,8.0,,2.0,2.0,,1.0,0,0.0,2,2,1.0,7,0,0.0
IMPERIAL_M50T,IMPERIAL_M50T/Expt 1 - Si-based Degradation/cell_A,0.7,pchp_method,9,True,False,False,8.0,,2.0,2.0,,1.0,0,0.0,2,2,1.0,7,0,0.0
IMPERIAL_M50T,IMPERIAL_M50T/Expt 1 - Si-based Degradation/cell_A,0.8,protected_state,9,True,False,False,6.0,,4.0,4.0,,1.0,0,0.0,4,4,1.0,5,0,0.0
IMPERIAL_M50T,IMPERIAL_M50T/Expt 1 - Si-based Degradation/cell_A,0.8,fixed_shift,9,True,False,False,6.0,,4.0,4.0,,1.0,0,0.0,4,4,1.0,5,0,0.0
IMPERIAL_M50T,IMPERIAL_M50T/Expt 1 - Si-based Degradation/cell_A,0.8,pchp_method,9,True,False,False,6.0,,4.0,4.0,,1.0,0,0.0,4,4,1.0,5,0,0.0
IMPERIAL_M50T,IMPERIAL_M50T/Expt 1 - Si-based Degradation/cell_A,0.9,protected_state,9,True,True,True,3.0,1.0,-2.0,2.0,-514.0,0.0,1,0.0,7,0,0.0,2,2,1.0
IMPERIAL_M50T,IMPERIAL_M50T/Expt 1 - Si-based Degradation/cell_A,0.9,fixed_shift,9,True,True,True,3.0,1.0,-2.0,2.0,-514.0,0.0,1,0.0,7,0,0.0,2,2,1.0
IMPERIAL_M50T,IMPERIAL_M50T/Expt 1 - Si-based Degradation/cell_A,0.9,pchp_method,9,True,True,True,3.0,1.0,-2.0,2.0,-514.0,0.0,1,0.0,7,0,0.0,2,2,1.0
IMPERIAL_M50T,IMPERIAL_M50T/Expt 1 - Si-based Degradation/cell_B,0.7,protected_state,9,True,False,False,7.0,,3.0,3.0,,1.0,0,0.0,3,3,1.0,6,0,0.0
IMPERIAL_M50T,IMPERIAL_M50T/Expt 1 - Si-based Degradation/cell_B,0.7,fixed_shift,9,True,False,False,7.0,,3.0,3.0,,1.0,0,0.0,3,3,1.0,6,0,0.0
IMPERIAL_M50T,IMPERIAL_M50T/Expt 1 - Si-based Degradation/cell_B,0.7,pchp_method,9,True,False,False,7.0,,3.0,3.0,,1.0,0,0.0,3,3,1.0,6,0,0.0
IMPERIAL_M50T,IMPERIAL_M50T/Expt 1 - Si-based Degradation/cell_B,0.8,protected_state,9,True,False,False,6.0,,4.0,4.0,,1.0,0,0.0,4,4,1.0,5,0,0.0
IMPERIAL_M50T,IMPERIAL_M50T/Expt 1 - Si-based Degradation/cell_B,0.8,fixed_shift,9,True,False,False,6.0,,4.0,4.0,,1.0,0,0.0,4,4,1.0,5,0,0.0
IMPERIAL_M50T,IMPERIAL_M50T/Expt 1 - Si-based Degradation/cell_B,0.8,pchp_method,9,True,False,False,6.0,,4.0,4.0,,1.0,0,0.0,4,4,1.0,5,0,0.0
IMPERIAL_M50T,IMPERIAL_M50T/Expt 1 - Si-based Degradation/cell_B,0.9,protected_state,9,True,True,True,4.0,1.0,-3.0,3.0,-771.0,0.0,1,0.0,6,0,0.0,3,3,1.0
IMPERIAL_M50T,IMPERIAL_M50T/Expt 1 - Si-based Degradation/cell_B,0.9,fixed_shift,9,True,True,True,4.0,1.0,-3.0,3.0,-771.0,0.0,1,0.0,6,0,0.0,3,3,1.0
IMPERIAL_M50T,IMPERIAL_M50T/Expt 1 - Si-based Degradation/cell_B,0.9,pchp_method,9,True,True,True,4.0,1.0,-3.0,3.0,-771.0,0.0,1,0.0,6,0,0.0,3,3,1.0
IMPERIAL_M50T,IMPERIAL_M50T/Expt 1 - Si-based Degradation/cell_D,0.7,protected_state,8,False,False,False,,,,,,,0,,0,0,,8,0,0.0
IMPERIAL_M50T,IMPERIAL_M50T/Expt 1 - Si-based Degradation/cell_D,0.7,fixed_shift,8,False,False,False,,,,,,,0,,0,0,,8,0,0.0
IMPERIAL_M50T,IMPERIAL_M50T/Expt 1 - Si-based Degradation/cell_D,0.7,pchp_method,8,False,False,False,,,,,,,0,,0,0,,8,0,0.0
IMPERIAL_M50T,IMPERIAL_M50T/Expt 1 - Si-based Degradation/cell_D,0.8,protected_state,8,False,False,False,,,,,,,0,,0,0,,8,0,0.0
IMPERIAL_M50T,IMPERIAL_M50T/Expt 1 - Si-based Degradation/cell_D,0.8,fixed_shift,8,False,False,False,,,,,,,0,,0,0,,8,0,0.0
IMPERIAL_M50T,IMPERIAL_M50T/Expt 1 - Si-based Degradation/cell_D,0.8,pchp_method,8,False,False,False,,,,,,,0,,0,0,,8,0,0.0
IMPERIAL_M50T,IMPERIAL_M50T/Expt 1 - Si-based Degradation/cell_D,0.9,protected_state,8,True,True,True,8.0,1.0,-7.0,7.0,-1799.0,0.0,1,0.0,1,0,0.0,7,7,1.0
IMPERIAL_M50T,IMPERIAL_M50T/Expt 1 - Si-based Degradation/cell_D,0.9,fixed_shift,8,True,True,True,8.0,1.0,-7.0,7.0,-1799.0,0.0,1,0.0,1,0,0.0,7,7,1.0
IMPERIAL_M50T,IMPERIAL_M50T/Expt 1 - Si-based Degradation/cell_D,0.9,pchp_method,8,True,True,True,8.0,1.0,-7.0,7.0,-1799.0,0.0,1,0.0,1,0,0.0,7,7,1.0
IMPERIAL_M50T,IMPERIAL_M50T/Expt 1 - Si-based Degradation/cell_E,0.7,protected_state,9,True,False,False,9.0,,1.0,1.0,,1.0,0,0.0,1,1,1.0,8,0,0.0
IMPERIAL_M50T,IMPERIAL_M50T/Expt 1 - Si-based Degradation/cell_E,0.7,fixed_shift,9,True,False,False,9.0,,1.0,1.0,,1.0,0,0.0,1,1,1.0,8,0,0.0
IMPERIAL_M50T,IMPERIAL_M50T/Expt 1 - Si-based Degradation/cell_E,0.7,pchp_method,9,True,False,False,9.0,,1.0,1.0,,1.0,0,0.0,1,1,1.0,8,0,0.0
IMPERIAL_M50T,IMPERIAL_M50T/Expt 1 - Si-based Degradation/cell_E,0.8,protected_state,9,True,False,False,8.0,,2.0,2.0,,1.0,0,0.0,2,2,1.0,7,0,0.0
IMPERIAL_M50T,IMPERIAL_M50T/Expt 1 - Si-based Degradation/cell_E,0.8,fixed_shift,9,True,False,False,8.0,,2.0,2.0,,1.0,0,0.0,2,2,1.0,7,0,0.0
IMPERIAL_M50T,IMPERIAL_M50T/Expt 1 - Si-based Degradation/cell_E,0.8,pchp_method,9,True,False,False,8.0,,2.0,2.0,,1.0,0,0.0,2,2,1.0,7,0,0.0
IMPERIAL_M50T,IMPERIAL_M50T/Expt 1 - Si-based Degradation/cell_E,0.9,protected_state,9,True,True,True,6.0,1.0,-5.0,5.0,-1285.0,0.0,1,0.0,4,0,0.0,5,5,1.0
IMPERIAL_M50T,IMPERIAL_M50T/Expt 1 - Si-based Degradation/cell_E,0.9,fixed_shift,9,True,True,True,6.0,1.0,-5.0,5.0,-1285.0,0.0,1,0.0,4,0,0.0,5,5,1.0
IMPERIAL_M50T,IMPERIAL_M50T/Expt 1 - Si-based Degradation/cell_E,0.9,pchp_method,9,True,True,True,6.0,1.0,-5.0,5.0,-1285.0,0.0,1,0.0,4,0,0.0,5,5,1.0
IMPERIAL_M50T,IMPERIAL_M50T/Expt 1 - Si-based Degradation/cell_F,0.7,protected_state,9,True,False,False,7.0,,3.0,3.0,,1.0,0,0.0,3,3,1.0,6,0,0.0
IMPERIAL_M50T,IMPERIAL_M50T/Expt 1 - Si-based Degradation/cell_F,0.7,fixed_shift,9,True,False,False,7.0,,3.0,3.0,,1.0,0,0.0,3,3,1.0,6,0,0.0
IMPERIAL_M50T,IMPERIAL_M50T/Expt 1 - Si-based Degradation/cell_F,0.7,pchp_method,9,True,False,False,7.0,,3.0,3.0,,1.0,0,0.0,3,3,1.0,6,0,0.0
IMPERIAL_M50T,IMPERIAL_M50T/Expt 1 - Si-based Degradation/cell_F,0.8,protected_state,9,True,False,False,7.0,,3.0,3.0,,1.0,0,0.0,3,3,1.0,6,0,0.0
IMPERIAL_M50T,IMPERIAL_M50T/Expt 1 - Si-based Degradation/cell_F,0.8,fixed_shift,9,True,False,False,7.0,,3.0,3.0,,1.0,0,0.0,3,3,1.0,6,0,0.0
IMPERIAL_M50T,IMPERIAL_M50T/Expt 1 - Si-based Degradation/cell_F,0.8,pchp_method,9,True,False,False,7.0,,3.0,3.0,,1.0,0,0.0,3,3,1.0,6,0,0.0
IMPERIAL_M50T,IMPERIAL_M50T/Expt 1 - Si-based Degradation/cell_F,0.9,protected_state,9,True,True,True,4.0,1.0,-3.0,3.0,-771.0,0.0,1,0.0,6,0,0.0,3,3,1.0
IMPERIAL_M50T,IMPERIAL_M50T/Expt 1 - Si-based Degradation/cell_F,0.9,fixed_shift,9,True,True,True,4.0,1.0,-3.0,3.0,-771.0,0.0,1,0.0,6,0,0.0,3,3,1.0
IMPERIAL_M50T,IMPERIAL_M50T/Expt 1 - Si-based Degradation/cell_F,0.9,pchp_method,9,True,True,True,4.0,1.0,-3.0,3.0,-771.0,0.0,1,0.0,6,0,0.0,3,3,1.0
IMPERIAL_M50T,IMPERIAL_M50T/Expt 1 - Si-based Degradation/cell_J,0.7,protected_state,5,False,False,False,,,,,,,0,,0,0,,5,0,0.0
IMPERIAL_M50T,IMPERIAL_M50T/Expt 1 - Si-based Degradation/cell_J,0.7,fixed_shift,5,False,False,False,,,,,,,0,,0,0,,5,0,0.0
IMPERIAL_M50T,IMPERIAL_M50T/Expt 1 - Si-based Degradation/cell_J,0.7,pchp_method,5,False,False,False,,,,,,,0,,0,0,,5,0,0.0
IMPERIAL_M50T,IMPERIAL_M50T/Expt 1 - Si-based Degradation/cell_J,0.8,protected_state,5,False,False,False,,,,,,,0,,0,0,,5,0,0.0
IMPERIAL_M50T,IMPERIAL_M50T/Expt 1 - Si-based Degradation/cell_J,0.8,fixed_shift,5,False,False,False,,,,,,,0,,0,0,,5,0,0.0
IMPERIAL_M50T,IMPERIAL_M50T/Expt 1 - Si-based Degradation/cell_J,0.8,pchp_method,5,False,False,False,,,,,,,0,,0,0,,5,0,0.0
IMPERIAL_M50T,IMPERIAL_M50T/Expt 1 - Si-based Degradation/cell_J,0.9,protected_state,5,True,True,True,5.0,1.0,-4.0,4.0,-1028.0,0.0,1,0.0,1,0,0.0,4,4,1.0
IMPERIAL_M50T,IMPERIAL_M50T/Expt 1 - Si-based Degradation/cell_J,0.9,fixed_shift,5,True,True,True,5.0,1.0,-4.0,4.0,-1028.0,0.0,1,0.0,1,0,0.0,4,4,1.0
IMPERIAL_M50T,IMPERIAL_M50T/Expt 1 - Si-based Degradation/cell_J,0.9,pchp_method,5,True,True,True,5.0,1.0,-4.0,4.0,-1028.0,0.0,1,0.0,1,0,0.0,4,4,1.0
IMPERIAL_M50T,IMPERIAL_M50T/Expt 1 - Si-based Degradation/cell_K,0.7,protected_state,5,False,False,False,,,,,,,0,,0,0,,5,0,0.0
IMPERIAL_M50T,IMPERIAL_M50T/Expt 1 - Si-based Degradation/cell_K,0.7,fixed_shift,5,False,False,False,,,,,,,0,,0,0,,5,0,0.0
IMPERIAL_M50T,IMPERIAL_M50T/Expt 1 - Si-based Degradation/cell_K,0.7,pchp_method,5,False,False,False,,,,,,,0,,0,0,,5,0,0.0
IMPERIAL_M50T,IMPERIAL_M50T/Expt 1 - Si-based Degradation/cell_K,0.8,protected_state,5,False,False,False,,,,,,,0,,0,0,,5,0,0.0
IMPERIAL_M50T,IMPERIAL_M50T/Expt 1 - Si-based Degradation/cell_K,0.8,fixed_shift,5,False,False,False,,,,,,,0,,0,0,,5,0,0.0
IMPERIAL_M50T,IMPERIAL_M50T/Expt 1 - Si-based Degradation/cell_K,0.8,pchp_method,5,False,False,False,,,,,,,0,,0,0,,5,0,0.0
IMPERIAL_M50T,IMPERIAL_M50T/Expt 1 - Si-based Degradation/cell_K,0.9,protected_state,5,False,True,False,,1.0,,,,,1,,0,0,,5,5,1.0
IMPERIAL_M50T,IMPERIAL_M50T/Expt 1 - Si-based Degradation/cell_K,0.9,fixed_shift,5,False,True,False,,1.0,,,,,1,,0,0,,5,5,1.0
IMPERIAL_M50T,IMPERIAL_M50T/Expt 1 - Si-based Degradation/cell_K,0.9,pchp_method,5,False,True,False,,1.0,,,,,1,,0,0,,5,5,1.0
IMPERIAL_M50T,IMPERIAL_M50T/Expt 1 - Si-based Degradation/cell_L,0.7,protected_state,5,False,False,False,,,,,,,0,,0,0,,5,0,0.0
IMPERIAL_M50T,IMPERIAL_M50T/Expt 1 - Si-based Degradation/cell_L,0.7,fixed_shift,5,False,False,False,,,,,,,0,,0,0,,5,0,0.0
IMPERIAL_M50T,IMPERIAL_M50T/Expt 1 - Si-based Degradation/cell_L,0.7,pchp_method,5,False,False,False,,,,,,,0,,0,0,,5,0,0.0
IMPERIAL_M50T,IMPERIAL_M50T/Expt 1 - Si-based Degradation/cell_L,0.8,protected_state,5,False,False,False,,,,,,,0,,0,0,,5,0,0.0
IMPERIAL_M50T,IMPERIAL_M50T/Expt 1 - Si-based Degradation/cell_L,0.8,fixed_shift,5,False,False,False,,,,,,,0,,0,0,,5,0,0.0
IMPERIAL_M50T,IMPERIAL_M50T/Expt 1 - Si-based Degradation/cell_L,0.8,pchp_method,5,False,False,False,,,,,,,0,,0,0,,5,0,0.0
IMPERIAL_M50T,IMPERIAL_M50T/Expt 1 - Si-based Degradation/cell_L,0.9,protected_state,5,False,True,False,,1.0,,,,,1,,0,0,,5,5,1.0
IMPERIAL_M50T,IMPERIAL_M50T/Expt 1 - Si-based Degradation/cell_L,0.9,fixed_shift,5,False,True,False,,1.0,,,,,1,,0,0,,5,5,1.0
IMPERIAL_M50T,IMPERIAL_M50T/Expt 1 - Si-based Degradation/cell_L,0.9,pchp_method,5,False,True,False,,1.0,,,,,1,,0,0,,5,5,1.0
IMPERIAL_M50T,IMPERIAL_M50T/Expt 1 - Si-based Degradation/cell_M,0.7,protected_state,5,False,False,False,,,,,,,0,,0,0,,5,0,0.0
IMPERIAL_M50T,IMPERIAL_M50T/Expt 1 - Si-based Degradation/cell_M,0.7,fixed_shift,5,False,False,False,,,,,,,0,,0,0,,5,0,0.0
IMPERIAL_M50T,IMPERIAL_M50T/Expt 1 - Si-based Degradation/cell_M,0.7,pchp_method,5,False,False,False,,,,,,,0,,0,0,,5,0,0.0
IMPERIAL_M50T,IMPERIAL_M50T/Expt 1 - Si-based Degradation/cell_M,0.8,protected_state,5,False,False,False,,,,,,,0,,0,0,,5,0,0.0
IMPERIAL_M50T,IMPERIAL_M50T/Expt 1 - Si-based Degradation/cell_M,0.8,fixed_shift,5,False,False,False,,,,,,,0,,0,0,,5,0,0.0
IMPERIAL_M50T,IMPERIAL_M50T/Expt 1 - Si-based Degradation/cell_M,0.8,pchp_method,5,False,False,False,,,,,,,0,,0,0,,5,0,0.0
IMPERIAL_M50T,IMPERIAL_M50T/Expt 1 - Si-based Degradation/cell_M,0.9,protected_state,5,False,True,False,,1.0,,,,,1,,0,0,,5,5,1.0
IMPERIAL_M50T,IMPERIAL_M50T/Expt 1 - Si-based Degradation/cell_M,0.9,fixed_shift,5,False,True,False,,1.0,,,,,1,,0,0,,5,5,1.0
IMPERIAL_M50T,IMPERIAL_M50T/Expt 1 - Si-based Degradation/cell_M,0.9,pchp_method,5,False,True,False,,1.0,,,,,1,,0,0,,5,5,1.0
IMPERIAL_M50T,"IMPERIAL_M50T/Expt 2,2 - C-based Degradation 2/cell_A",0.7,protected_state,8,False,True,False,,1.0,,,,,1,,0,0,,8,8,1.0
IMPERIAL_M50T,"IMPERIAL_M50T/Expt 2,2 - C-based Degradation 2/cell_A",0.7,fixed_shift,8,False,True,False,,1.0,,,,,1,,0,0,,8,8,1.0
IMPERIAL_M50T,"IMPERIAL_M50T/Expt 2,2 - C-based Degradation 2/cell_A",0.7,pchp_method,8,False,True,False,,1.0,,,,,1,,0,0,,8,8,1.0
IMPERIAL_M50T,"IMPERIAL_M50T/Expt 2,2 - C-based Degradation 2/cell_A",0.8,protected_state,8,False,True,False,,1.0,,,,,1,,0,0,,8,8,1.0
IMPERIAL_M50T,"IMPERIAL_M50T/Expt 2,2 - C-based Degradation 2/cell_A",0.8,fixed_shift,8,False,True,False,,1.0,,,,,1,,0,0,,8,8,1.0
IMPERIAL_M50T,"IMPERIAL_M50T/Expt 2,2 - C-based Degradation 2/cell_A",0.8,pchp_method,8,False,True,False,,1.0,,,,,1,,0,0,,8,8,1.0
IMPERIAL_M50T,"IMPERIAL_M50T/Expt 2,2 - C-based Degradation 2/cell_A",0.9,protected_state,8,False,True,False,,1.0,,,,,1,,0,0,,8,8,1.0
IMPERIAL_M50T,"IMPERIAL_M50T/Expt 2,2 - C-based Degradation 2/cell_A",0.9,fixed_shift,8,False,True,False,,1.0,,,,,1,,0,0,,8,8,1.0
IMPERIAL_M50T,"IMPERIAL_M50T/Expt 2,2 - C-based Degradation 2/cell_A",0.9,pchp_method,8,False,True,False,,1.0,,,,,1,,0,0,,8,8,1.0
IMPERIAL_M50T,"IMPERIAL_M50T/Expt 2,2 - C-based Degradation 2/cell_B",0.7,protected_state,8,False,True,False,,1.0,,,,,1,,0,0,,8,8,1.0
IMPERIAL_M50T,"IMPERIAL_M50T/Expt 2,2 - C-based Degradation 2/cell_B",0.7,fixed_shift,8,False,True,False,,1.0,,,,,1,,0,0,,8,8,1.0
IMPERIAL_M50T,"IMPERIAL_M50T/Expt 2,2 - C-based Degradation 2/cell_B",0.7,pchp_method,8,False,True,False,,1.0,,,,,1,,0,0,,8,8,1.0
IMPERIAL_M50T,"IMPERIAL_M50T/Expt 2,2 - C-based Degradation 2/cell_B",0.8,protected_state,8,False,True,False,,1.0,,,,,1,,0,0,,8,8,1.0
IMPERIAL_M50T,"IMPERIAL_M50T/Expt 2,2 - C-based Degradation 2/cell_B",0.8,fixed_shift,8,False,True,False,,1.0,,,,,1,,0,0,,8,8,1.0
IMPERIAL_M50T,"IMPERIAL_M50T/Expt 2,2 - C-based Degradation 2/cell_B",0.8,pchp_method,8,False,True,False,,1.0,,,,,1,,0,0,,8,8,1.0
IMPERIAL_M50T,"IMPERIAL_M50T/Expt 2,2 - C-based Degradation 2/cell_B",0.9,protected_state,8,False,True,False,,1.0,,,,,1,,0,0,,8,8,1.0
IMPERIAL_M50T,"IMPERIAL_M50T/Expt 2,2 - C-based Degradation 2/cell_B",0.9,fixed_shift,8,False,True,False,,1.0,,,,,1,,0,0,,8,8,1.0
IMPERIAL_M50T,"IMPERIAL_M50T/Expt 2,2 - C-based Degradation 2/cell_B",0.9,pchp_method,8,False,True,False,,1.0,,,,,1,,0,0,,8,8,1.0
IMPERIAL_M50T,"IMPERIAL_M50T/Expt 2,2 - C-based Degradation 2/cell_C",0.7,protected_state,8,False,False,False,,,,,,,0,,0,0,,8,0,0.0
IMPERIAL_M50T,"IMPERIAL_M50T/Expt 2,2 - C-based Degradation 2/cell_C",0.7,fixed_shift,8,False,False,False,,,,,,,0,,0,0,,8,0,0.0
IMPERIAL_M50T,"IMPERIAL_M50T/Expt 2,2 - C-based Degradation 2/cell_C",0.7,pchp_method,8,False,False,False,,,,,,,0,,0,0,,8,0,0.0
IMPERIAL_M50T,"IMPERIAL_M50T/Expt 2,2 - C-based Degradation 2/cell_C",0.8,protected_state,8,False,True,False,,1.0,,,,,1,,0,0,,8,8,1.0
IMPERIAL_M50T,"IMPERIAL_M50T/Expt 2,2 - C-based Degradation 2/cell_C",0.8,fixed_shift,8,False,True,False,,1.0,,,,,1,,0,0,,8,8,1.0
IMPERIAL_M50T,"IMPERIAL_M50T/Expt 2,2 - C-based Degradation 2/cell_C",0.8,pchp_method,8,False,True,False,,1.0,,,,,1,,0,0,,8,8,1.0
IMPERIAL_M50T,"IMPERIAL_M50T/Expt 2,2 - C-based Degradation 2/cell_C",0.9,protected_state,8,False,True,False,,1.0,,,,,1,,0,0,,8,8,1.0
IMPERIAL_M50T,"IMPERIAL_M50T/Expt 2,2 - C-based Degradation 2/cell_C",0.9,fixed_shift,8,False,True,False,,1.0,,,,,1,,0,0,,8,8,1.0
IMPERIAL_M50T,"IMPERIAL_M50T/Expt 2,2 - C-based Degradation 2/cell_C",0.9,pchp_method,8,False,True,False,,1.0,,,,,1,,0,0,,8,8,1.0
IMPERIAL_M50T,"IMPERIAL_M50T/Expt 2,2 - C-based Degradation 2/cell_D",0.7,protected_state,8,False,False,False,,,,,,,0,,0,0,,8,0,0.0
IMPERIAL_M50T,"IMPERIAL_M50T/Expt 2,2 - C-based Degradation 2/cell_D",0.7,fixed_shift,8,False,False,False,,,,,,,0,,0,0,,8,0,0.0
IMPERIAL_M50T,"IMPERIAL_M50T/Expt 2,2 - C-based Degradation 2/cell_D",0.7,pchp_method,8,False,False,False,,,,,,,0,,0,0,,8,0,0.0
IMPERIAL_M50T,"IMPERIAL_M50T/Expt 2,2 - C-based Degradation 2/cell_D",0.8,protected_state,8,False,True,False,,1.0,,,,,1,,0,0,,8,8,1.0
IMPERIAL_M50T,"IMPERIAL_M50T/Expt 2,2 - C-based Degradation 2/cell_D",0.8,fixed_shift,8,False,True,False,,1.0,,,,,1,,0,0,,8,8,1.0
IMPERIAL_M50T,"IMPERIAL_M50T/Expt 2,2 - C-based Degradation 2/cell_D",0.8,pchp_method,8,False,True,False,,1.0,,,,,1,,0,0,,8,8,1.0
IMPERIAL_M50T,"IMPERIAL_M50T/Expt 2,2 - C-based Degradation 2/cell_D",0.9,protected_state,8,False,True,False,,1.0,,,,,1,,0,0,,8,8,1.0
IMPERIAL_M50T,"IMPERIAL_M50T/Expt 2,2 - C-based Degradation 2/cell_D",0.9,fixed_shift,8,False,True,False,,1.0,,,,,1,,0,0,,8,8,1.0
IMPERIAL_M50T,"IMPERIAL_M50T/Expt 2,2 - C-based Degradation 2/cell_D",0.9,pchp_method,8,False,True,False,,1.0,,,,,1,,0,0,,8,8,1.0
IMPERIAL_M50T,"IMPERIAL_M50T/Expt 2,2 - C-based Degradation 2/cell_E",0.7,protected_state,8,False,False,False,,,,,,,0,,0,0,,8,0,0.0
IMPERIAL_M50T,"IMPERIAL_M50T/Expt 2,2 - C-based Degradation 2/cell_E",0.7,fixed_shift,8,False,False,False,,,,,,,0,,0,0,,8,0,0.0
IMPERIAL_M50T,"IMPERIAL_M50T/Expt 2,2 - C-based Degradation 2/cell_E",0.7,pchp_method,8,False,False,False,,,,,,,0,,0,0,,8,0,0.0
IMPERIAL_M50T,"IMPERIAL_M50T/Expt 2,2 - C-based Degradation 2/cell_E",0.8,protected_state,8,False,True,False,,1.0,,,,,1,,0,0,,8,8,1.0
IMPERIAL_M50T,"IMPERIAL_M50T/Expt 2,2 - C-based Degradation 2/cell_E",0.8,fixed_shift,8,False,True,False,,1.0,,,,,1,,0,0,,8,8,1.0
IMPERIAL_M50T,"IMPERIAL_M50T/Expt 2,2 - C-based Degradation 2/cell_E",0.8,pchp_method,8,False,True,False,,1.0,,,,,1,,0,0,,8,8,1.0
IMPERIAL_M50T,"IMPERIAL_M50T/Expt 2,2 - C-based Degradation 2/cell_E",0.9,protected_state,8,False,True,False,,1.0,,,,,1,,0,0,,8,8,1.0
IMPERIAL_M50T,"IMPERIAL_M50T/Expt 2,2 - C-based Degradation 2/cell_E",0.9,fixed_shift,8,False,True,False,,1.0,,,,,1,,0,0,,8,8,1.0
IMPERIAL_M50T,"IMPERIAL_M50T/Expt 2,2 - C-based Degradation 2/cell_E",0.9,pchp_method,8,False,True,False,,1.0,,,,,1,,0,0,,8,8,1.0
IMPERIAL_M50T,"IMPERIAL_M50T/Expt 2,2 - C-based Degradation 2/cell_F",0.7,protected_state,8,False,False,False,,,,,,,0,,0,0,,8,0,0.0
IMPERIAL_M50T,"IMPERIAL_M50T/Expt 2,2 - C-based Degradation 2/cell_F",0.7,fixed_shift,8,False,False,False,,,,,,,0,,0,0,,8,0,0.0
IMPERIAL_M50T,"IMPERIAL_M50T/Expt 2,2 - C-based Degradation 2/cell_F",0.7,pchp_method,8,False,False,False,,,,,,,0,,0,0,,8,0,0.0
IMPERIAL_M50T,"IMPERIAL_M50T/Expt 2,2 - C-based Degradation 2/cell_F",0.8,protected_state,8,False,True,False,,1.0,,,,,1,,0,0,,8,8,1.0
IMPERIAL_M50T,"IMPERIAL_M50T/Expt 2,2 - C-based Degradation 2/cell_F",0.8,fixed_shift,8,False,True,False,,1.0,,,,,1,,0,0,,8,8,1.0
IMPERIAL_M50T,"IMPERIAL_M50T/Expt 2,2 - C-based Degradation 2/cell_F",0.8,pchp_method,8,False,True,False,,1.0,,,,,1,,0,0,,8,8,1.0
IMPERIAL_M50T,"IMPERIAL_M50T/Expt 2,2 - C-based Degradation 2/cell_F",0.9,protected_state,8,False,True,False,,1.0,,,,,1,,0,0,,8,8,1.0
IMPERIAL_M50T,"IMPERIAL_M50T/Expt 2,2 - C-based Degradation 2/cell_F",0.9,fixed_shift,8,False,True,False,,1.0,,,,,1,,0,0,,8,8,1.0
IMPERIAL_M50T,"IMPERIAL_M50T/Expt 2,2 - C-based Degradation 2/cell_F",0.9,pchp_method,8,False,True,False,,1.0,,,,,1,,0,0,,8,8,1.0
IMPERIAL_M50T,IMPERIAL_M50T/Expt 3 - Cathode Degradation and Li-Plating/cell_A,0.7,protected_state,5,False,True,False,,1.0,,,,,1,,0,0,,5,5,1.0
IMPERIAL_M50T,IMPERIAL_M50T/Expt 3 - Cathode Degradation and Li-Plating/cell_A,0.7,fixed_shift,5,False,True,False,,1.0,,,,,1,,0,0,,5,5,1.0
IMPERIAL_M50T,IMPERIAL_M50T/Expt 3 - Cathode Degradation and Li-Plating/cell_A,0.7,pchp_method,5,False,True,False,,1.0,,,,,1,,0,0,,5,5,1.0
IMPERIAL_M50T,IMPERIAL_M50T/Expt 3 - Cathode Degradation and Li-Plating/cell_A,0.8,protected_state,5,False,True,False,,1.0,,,,,1,,0,0,,5,5,1.0
IMPERIAL_M50T,IMPERIAL_M50T/Expt 3 - Cathode Degradation and Li-Plating/cell_A,0.8,fixed_shift,5,False,True,False,,1.0,,,,,1,,0,0,,5,5,1.0
IMPERIAL_M50T,IMPERIAL_M50T/Expt 3 - Cathode Degradation and Li-Plating/cell_A,0.8,pchp_method,5,False,True,False,,1.0,,,,,1,,0,0,,5,5,1.0
IMPERIAL_M50T,IMPERIAL_M50T/Expt 3 - Cathode Degradation and Li-Plating/cell_A,0.9,protected_state,5,True,True,True,4.0,1.0,-3.0,3.0,-1551.0,0.0,1,0.0,2,0,0.0,3,3,1.0
IMPERIAL_M50T,IMPERIAL_M50T/Expt 3 - Cathode Degradation and Li-Plating/cell_A,0.9,fixed_shift,5,True,True,True,4.0,1.0,-3.0,3.0,-1551.0,0.0,1,0.0,2,0,0.0,3,3,1.0
IMPERIAL_M50T,IMPERIAL_M50T/Expt 3 - Cathode Degradation and Li-Plating/cell_A,0.9,pchp_method,5,True,True,True,4.0,1.0,-3.0,3.0,-1551.0,0.0,1,0.0,2,0,0.0,3,3,1.0
IMPERIAL_M50T,IMPERIAL_M50T/Expt 3 - Cathode Degradation and Li-Plating/cell_B,0.7,protected_state,5,False,True,False,,1.0,,,,,1,,0,0,,5,5,1.0
IMPERIAL_M50T,IMPERIAL_M50T/Expt 3 - Cathode Degradation and Li-Plating/cell_B,0.7,fixed_shift,5,False,True,False,,1.0,,,,,1,,0,0,,5,5,1.0
IMPERIAL_M50T,IMPERIAL_M50T/Expt 3 - Cathode Degradation and Li-Plating/cell_B,0.7,pchp_method,5,False,True,False,,1.0,,,,,1,,0,0,,5,5,1.0
IMPERIAL_M50T,IMPERIAL_M50T/Expt 3 - Cathode Degradation and Li-Plating/cell_B,0.8,protected_state,5,True,True,True,4.0,1.0,-3.0,3.0,-1551.0,0.0,1,0.0,1,0,0.0,4,4,1.0
IMPERIAL_M50T,IMPERIAL_M50T/Expt 3 - Cathode Degradation and Li-Plating/cell_B,0.8,fixed_shift,5,True,True,True,4.0,1.0,-3.0,3.0,-1551.0,0.0,1,0.0,1,0,0.0,4,4,1.0
IMPERIAL_M50T,IMPERIAL_M50T/Expt 3 - Cathode Degradation and Li-Plating/cell_B,0.8,pchp_method,5,True,True,True,4.0,1.0,-3.0,3.0,-1551.0,0.0,1,0.0,1,0,0.0,4,4,1.0
IMPERIAL_M50T,IMPERIAL_M50T/Expt 3 - Cathode Degradation and Li-Plating/cell_B,0.9,protected_state,5,True,True,True,3.0,1.0,-2.0,2.0,-1034.0,0.0,1,0.0,3,0,0.0,2,2,1.0
IMPERIAL_M50T,IMPERIAL_M50T/Expt 3 - Cathode Degradation and Li-Plating/cell_B,0.9,fixed_shift,5,True,True,True,3.0,1.0,-2.0,2.0,-1034.0,0.0,1,0.0,3,0,0.0,2,2,1.0
IMPERIAL_M50T,IMPERIAL_M50T/Expt 3 - Cathode Degradation and Li-Plating/cell_B,0.9,pchp_method,5,True,True,True,3.0,1.0,-2.0,2.0,-1034.0,0.0,1,0.0,3,0,0.0,2,2,1.0
IMPERIAL_M50T,IMPERIAL_M50T/Expt 3 - Cathode Degradation and Li-Plating/cell_C,0.7,protected_state,5,False,True,False,,1.0,,,,,1,,0,0,,5,5,1.0
IMPERIAL_M50T,IMPERIAL_M50T/Expt 3 - Cathode Degradation and Li-Plating/cell_C,0.7,fixed_shift,5,False,True,False,,1.0,,,,,1,,0,0,,5,5,1.0
IMPERIAL_M50T,IMPERIAL_M50T/Expt 3 - Cathode Degradation and Li-Plating/cell_C,0.7,pchp_method,5,False,True,False,,1.0,,,,,1,,0,0,,5,5,1.0
IMPERIAL_M50T,IMPERIAL_M50T/Expt 3 - Cathode Degradation and Li-Plating/cell_C,0.8,protected_state,5,False,True,False,,1.0,,,,,1,,0,0,,5,5,1.0
IMPERIAL_M50T,IMPERIAL_M50T/Expt 3 - Cathode Degradation and Li-Plating/cell_C,0.8,fixed_shift,5,False,True,False,,1.0,,,,,1,,0,0,,5,5,1.0
IMPERIAL_M50T,IMPERIAL_M50T/Expt 3 - Cathode Degradation and Li-Plating/cell_C,0.8,pchp_method,5,False,True,False,,1.0,,,,,1,,0,0,,5,5,1.0
IMPERIAL_M50T,IMPERIAL_M50T/Expt 3 - Cathode Degradation and Li-Plating/cell_C,0.9,protected_state,5,True,True,True,5.0,1.0,-4.0,4.0,-2068.0,0.0,1,0.0,1,0,0.0,4,4,1.0
IMPERIAL_M50T,IMPERIAL_M50T/Expt 3 - Cathode Degradation and Li-Plating/cell_C,0.9,fixed_shift,5,True,True,True,5.0,1.0,-4.0,4.0,-2068.0,0.0,1,0.0,1,0,0.0,4,4,1.0
IMPERIAL_M50T,IMPERIAL_M50T/Expt 3 - Cathode Degradation and Li-Plating/cell_C,0.9,pchp_method,5,True,True,True,5.0,1.0,-4.0,4.0,-2068.0,0.0,1,0.0,1,0,0.0,4,4,1.0
IMPERIAL_M50T,IMPERIAL_M50T/Expt 3 - Cathode Degradation and Li-Plating/cell_D,0.7,protected_state,6,False,True,False,,1.0,,,,,1,,0,0,,6,6,1.0
IMPERIAL_M50T,IMPERIAL_M50T/Expt 3 - Cathode Degradation and Li-Plating/cell_D,0.7,fixed_shift,6,False,True,False,,1.0,,,,,1,,0,0,,6,6,1.0
IMPERIAL_M50T,IMPERIAL_M50T/Expt 3 - Cathode Degradation and Li-Plating/cell_D,0.7,pchp_method,6,False,True,False,,1.0,,,,,1,,0,0,,6,6,1.0
IMPERIAL_M50T,IMPERIAL_M50T/Expt 3 - Cathode Degradation and Li-Plating/cell_D,0.8,protected_state,6,False,True,False,,1.0,,,,,1,,0,0,,6,6,1.0
IMPERIAL_M50T,IMPERIAL_M50T/Expt 3 - Cathode Degradation and Li-Plating/cell_D,0.8,fixed_shift,6,False,True,False,,1.0,,,,,1,,0,0,,6,6,1.0
IMPERIAL_M50T,IMPERIAL_M50T/Expt 3 - Cathode Degradation and Li-Plating/cell_D,0.8,pchp_method,6,False,True,False,,1.0,,,,,1,,0,0,,6,6,1.0
IMPERIAL_M50T,IMPERIAL_M50T/Expt 3 - Cathode Degradation and Li-Plating/cell_D,0.9,protected_state,6,True,True,True,5.0,1.0,-4.0,4.0,-2068.0,0.0,1,0.0,1,0,0.0,5,5,1.0
IMPERIAL_M50T,IMPERIAL_M50T/Expt 3 - Cathode Degradation and Li-Plating/cell_D,0.9,fixed_shift,6,True,True,True,5.0,1.0,-4.0,4.0,-2068.0,0.0,1,0.0,1,0,0.0,5,5,1.0
IMPERIAL_M50T,IMPERIAL_M50T/Expt 3 - Cathode Degradation and Li-Plating/cell_D,0.9,pchp_method,6,True,True,True,5.0,1.0,-4.0,4.0,-2068.0,0.0,1,0.0,1,0,0.0,5,5,1.0
IMPERIAL_M50T,IMPERIAL_M50T/Expt 3 - Cathode Degradation and Li-Plating/cell_E,0.7,protected_state,6,False,True,False,,1.0,,,,,1,,0,0,,6,6,1.0
IMPERIAL_M50T,IMPERIAL_M50T/Expt 3 - Cathode Degradation and Li-Plating/cell_E,0.7,fixed_shift,6,False,True,False,,1.0,,,,,1,,0,0,,6,6,1.0
IMPERIAL_M50T,IMPERIAL_M50T/Expt 3 - Cathode Degradation and Li-Plating/cell_E,0.7,pchp_method,6,False,True,False,,1.0,,,,,1,,0,0,,6,6,1.0
IMPERIAL_M50T,IMPERIAL_M50T/Expt 3 - Cathode Degradation and Li-Plating/cell_E,0.8,protected_state,6,False,True,False,,1.0,,,,,1,,0,0,,6,6,1.0
IMPERIAL_M50T,IMPERIAL_M50T/Expt 3 - Cathode Degradation and Li-Plating/cell_E,0.8,fixed_shift,6,False,True,False,,1.0,,,,,1,,0,0,,6,6,1.0
IMPERIAL_M50T,IMPERIAL_M50T/Expt 3 - Cathode Degradation and Li-Plating/cell_E,0.8,pchp_method,6,False,True,False,,1.0,,,,,1,,0,0,,6,6,1.0
IMPERIAL_M50T,IMPERIAL_M50T/Expt 3 - Cathode Degradation and Li-Plating/cell_E,0.9,protected_state,6,True,True,True,3.0,1.0,-2.0,2.0,-1034.0,0.0,1,0.0,3,0,0.0,3,3,1.0
IMPERIAL_M50T,IMPERIAL_M50T/Expt 3 - Cathode Degradation and Li-Plating/cell_E,0.9,fixed_shift,6,True,True,True,3.0,1.0,-2.0,2.0,-1034.0,0.0,1,0.0,3,0,0.0,3,3,1.0
IMPERIAL_M50T,IMPERIAL_M50T/Expt 3 - Cathode Degradation and Li-Plating/cell_E,0.9,pchp_method,6,True,True,True,3.0,1.0,-2.0,2.0,-1034.0,0.0,1,0.0,3,0,0.0,3,3,1.0
IMPERIAL_M50T,IMPERIAL_M50T/Expt 3 - Cathode Degradation and Li-Plating/cell_F,0.7,protected_state,6,False,True,False,,1.0,,,,,1,,0,0,,6,6,1.0
IMPERIAL_M50T,IMPERIAL_M50T/Expt 3 - Cathode Degradation and Li-Plating/cell_F,0.7,fixed_shift,6,False,True,False,,1.0,,,,,1,,0,0,,6,6,1.0
IMPERIAL_M50T,IMPERIAL_M50T/Expt 3 - Cathode Degradation and Li-Plating/cell_F,0.7,pchp_method,6,False,True,False,,1.0,,,,,1,,0,0,,6,6,1.0
IMPERIAL_M50T,IMPERIAL_M50T/Expt 3 - Cathode Degradation and Li-Plating/cell_F,0.8,protected_state,6,False,True,False,,1.0,,,,,1,,0,0,,6,6,1.0
IMPERIAL_M50T,IMPERIAL_M50T/Expt 3 - Cathode Degradation and Li-Plating/cell_F,0.8,fixed_shift,6,False,True,False,,1.0,,,,,1,,0,0,,6,6,1.0
IMPERIAL_M50T,IMPERIAL_M50T/Expt 3 - Cathode Degradation and Li-Plating/cell_F,0.8,pchp_method,6,False,True,False,,1.0,,,,,1,,0,0,,6,6,1.0
IMPERIAL_M50T,IMPERIAL_M50T/Expt 3 - Cathode Degradation and Li-Plating/cell_F,0.9,protected_state,6,False,True,False,,1.0,,,,,1,,0,0,,6,6,1.0
IMPERIAL_M50T,IMPERIAL_M50T/Expt 3 - Cathode Degradation and Li-Plating/cell_F,0.9,fixed_shift,6,False,True,False,,1.0,,,,,1,,0,0,,6,6,1.0
IMPERIAL_M50T,IMPERIAL_M50T/Expt 3 - Cathode Degradation and Li-Plating/cell_F,0.9,pchp_method,6,False,True,False,,1.0,,,,,1,,0,0,,6,6,1.0
IMPERIAL_M50T,IMPERIAL_M50T/Expt 3 - Cathode Degradation and Li-Plating/cell_G,0.7,protected_state,6,False,True,False,,5.0,,,,,1,,0,0,,6,2,0.3333333333333333
IMPERIAL_M50T,IMPERIAL_M50T/Expt 3 - Cathode Degradation and Li-Plating/cell_G,0.7,fixed_shift,6,False,False,False,,,,,,,0,,0,0,,6,0,0.0
IMPERIAL_M50T,IMPERIAL_M50T/Expt 3 - Cathode Degradation and Li-Plating/cell_G,0.7,pchp_method,6,False,True,False,,5.0,,,,,1,,0,0,,6,2,0.3333333333333333
IMPERIAL_M50T,IMPERIAL_M50T/Expt 3 - Cathode Degradation and Li-Plating/cell_G,0.8,protected_state,6,False,True,False,,1.0,,,,,1,,0,0,,6,6,1.0
IMPERIAL_M50T,IMPERIAL_M50T/Expt 3 - Cathode Degradation and Li-Plating/cell_G,0.8,fixed_shift,6,False,True,False,,1.0,,,,,1,,0,0,,6,6,1.0
IMPERIAL_M50T,IMPERIAL_M50T/Expt 3 - Cathode Degradation and Li-Plating/cell_G,0.8,pchp_method,6,False,True,False,,1.0,,,,,1,,0,0,,6,6,1.0
IMPERIAL_M50T,IMPERIAL_M50T/Expt 3 - Cathode Degradation and Li-Plating/cell_G,0.9,protected_state,6,True,True,True,6.0,1.0,-5.0,5.0,-2585.0,0.0,1,0.0,1,0,0.0,5,5,1.0
IMPERIAL_M50T,IMPERIAL_M50T/Expt 3 - Cathode Degradation and Li-Plating/cell_G,0.9,fixed_shift,6,True,True,True,6.0,1.0,-5.0,5.0,-2585.0,0.0,1,0.0,1,0,0.0,5,5,1.0
IMPERIAL_M50T,IMPERIAL_M50T/Expt 3 - Cathode Degradation and Li-Plating/cell_G,0.9,pchp_method,6,True,True,True,6.0,1.0,-5.0,5.0,-2585.0,0.0,1,0.0,1,0,0.0,5,5,1.0
IMPERIAL_M50T,IMPERIAL_M50T/Expt 3 - Cathode Degradation and Li-Plating/cell_H,0.7,protected_state,7,False,False,False,,,,,,,0,,0,0,,7,0,0.0
IMPERIAL_M50T,IMPERIAL_M50T/Expt 3 - Cathode Degradation and Li-Plating/cell_H,0.7,fixed_shift,7,False,False,False,,,,,,,0,,0,0,,7,0,0.0
IMPERIAL_M50T,IMPERIAL_M50T/Expt 3 - Cathode Degradation and Li-Plating/cell_H,0.7,pchp_method,7,False,True,False,,6.0,,,,,1,,0,0,,7,2,0.2857142857142857
IMPERIAL_M50T,IMPERIAL_M50T/Expt 3 - Cathode Degradation and Li-Plating/cell_H,0.8,protected_state,7,False,True,False,,1.0,,,,,1,,0,0,,7,7,1.0
IMPERIAL_M50T,IMPERIAL_M50T/Expt 3 - Cathode Degradation and Li-Plating/cell_H,0.8,fixed_shift,7,False,True,False,,1.0,,,,,1,,0,0,,7,7,1.0
IMPERIAL_M50T,IMPERIAL_M50T/Expt 3 - Cathode Degradation and Li-Plating/cell_H,0.8,pchp_method,7,False,True,False,,1.0,,,,,1,,0,0,,7,7,1.0
IMPERIAL_M50T,IMPERIAL_M50T/Expt 3 - Cathode Degradation and Li-Plating/cell_H,0.9,protected_state,7,True,True,True,6.0,1.0,-5.0,5.0,-2585.0,0.0,1,0.0,2,0,0.0,5,5,1.0
IMPERIAL_M50T,IMPERIAL_M50T/Expt 3 - Cathode Degradation and Li-Plating/cell_H,0.9,fixed_shift,7,True,True,True,6.0,1.0,-5.0,5.0,-2585.0,0.0,1,0.0,2,0,0.0,5,5,1.0
IMPERIAL_M50T,IMPERIAL_M50T/Expt 3 - Cathode Degradation and Li-Plating/cell_H,0.9,pchp_method,7,True,True,True,6.0,1.0,-5.0,5.0,-2585.0,0.0,1,0.0,2,0,0.0,5,5,1.0
IMPERIAL_M50T,IMPERIAL_M50T/Expt 3 - Cathode Degradation and Li-Plating/cell_I,0.7,protected_state,7,False,False,False,,,,,,,0,,0,0,,7,0,0.0
IMPERIAL_M50T,IMPERIAL_M50T/Expt 3 - Cathode Degradation and Li-Plating/cell_I,0.7,fixed_shift,7,False,False,False,,,,,,,0,,0,0,,7,0,0.0
IMPERIAL_M50T,IMPERIAL_M50T/Expt 3 - Cathode Degradation and Li-Plating/cell_I,0.7,pchp_method,7,False,False,False,,,,,,,0,,0,0,,7,0,0.0
IMPERIAL_M50T,IMPERIAL_M50T/Expt 3 - Cathode Degradation and Li-Plating/cell_I,0.8,protected_state,7,False,True,False,,1.0,,,,,1,,0,0,,7,7,1.0
IMPERIAL_M50T,IMPERIAL_M50T/Expt 3 - Cathode Degradation and Li-Plating/cell_I,0.8,fixed_shift,7,False,True,False,,1.0,,,,,1,,0,0,,7,7,1.0
IMPERIAL_M50T,IMPERIAL_M50T/Expt 3 - Cathode Degradation and Li-Plating/cell_I,0.8,pchp_method,7,False,True,False,,1.0,,,,,1,,0,0,,7,7,1.0
IMPERIAL_M50T,IMPERIAL_M50T/Expt 3 - Cathode Degradation and Li-Plating/cell_I,0.9,protected_state,7,True,True,True,6.0,1.0,-5.0,5.0,-2585.0,0.0,1,0.0,2,0,0.0,5,5,1.0
IMPERIAL_M50T,IMPERIAL_M50T/Expt 3 - Cathode Degradation and Li-Plating/cell_I,0.9,fixed_shift,7,True,True,True,6.0,1.0,-5.0,5.0,-2585.0,0.0,1,0.0,2,0,0.0,5,5,1.0
IMPERIAL_M50T,IMPERIAL_M50T/Expt 3 - Cathode Degradation and Li-Plating/cell_I,0.9,pchp_method,7,True,True,True,6.0,1.0,-5.0,5.0,-2585.0,0.0,1,0.0,2,0,0.0,5,5,1.0
IMPERIAL_M50T,IMPERIAL_M50T/Expt 4 - Drive Cycle Aging (Control)/cell_A,0.7,protected_state,4,False,True,False,,1.0,,,,,1,,0,0,,4,4,1.0
IMPERIAL_M50T,IMPERIAL_M50T/Expt 4 - Drive Cycle Aging (Control)/cell_A,0.7,fixed_shift,4,False,True,False,,1.0,,,,,1,,0,0,,4,4,1.0
IMPERIAL_M50T,IMPERIAL_M50T/Expt 4 - Drive Cycle Aging (Control)/cell_A,0.7,pchp_method,4,False,True,False,,1.0,,,,,1,,0,0,,4,4,1.0
IMPERIAL_M50T,IMPERIAL_M50T/Expt 4 - Drive Cycle Aging (Control)/cell_A,0.8,protected_state,4,False,True,False,,1.0,,,,,1,,0,0,,4,4,1.0
IMPERIAL_M50T,IMPERIAL_M50T/Expt 4 - Drive Cycle Aging (Control)/cell_A,0.8,fixed_shift,4,False,True,False,,1.0,,,,,1,,0,0,,4,4,1.0
IMPERIAL_M50T,IMPERIAL_M50T/Expt 4 - Drive Cycle Aging (Control)/cell_A,0.8,pchp_method,4,False,True,False,,1.0,,,,,1,,0,0,,4,4,1.0
IMPERIAL_M50T,IMPERIAL_M50T/Expt 4 - Drive Cycle Aging (Control)/cell_A,0.9,protected_state,4,False,True,False,,1.0,,,,,1,,0,0,,4,4,1.0
IMPERIAL_M50T,IMPERIAL_M50T/Expt 4 - Drive Cycle Aging (Control)/cell_A,0.9,fixed_shift,4,False,True,False,,1.0,,,,,1,,0,0,,4,4,1.0
IMPERIAL_M50T,IMPERIAL_M50T/Expt 4 - Drive Cycle Aging (Control)/cell_A,0.9,pchp_method,4,False,True,False,,1.0,,,,,1,,0,0,,4,4,1.0
IMPERIAL_M50T,IMPERIAL_M50T/Expt 4 - Drive Cycle Aging (Control)/cell_B,0.7,protected_state,4,True,True,True,4.0,1.0,-3.0,3.0,-1551.0,0.0,1,0.0,1,0,0.0,3,3,1.0
IMPERIAL_M50T,IMPERIAL_M50T/Expt 4 - Drive Cycle Aging (Control)/cell_B,0.7,fixed_shift,4,True,True,True,4.0,1.0,-3.0,3.0,-1551.0,0.0,1,0.0,1,0,0.0,3,3,1.0
IMPERIAL_M50T,IMPERIAL_M50T/Expt 4 - Drive Cycle Aging (Control)/cell_B,0.7,pchp_method,4,True,True,True,4.0,1.0,-3.0,3.0,-1551.0,0.0,1,0.0,1,0,0.0,3,3,1.0
IMPERIAL_M50T,IMPERIAL_M50T/Expt 4 - Drive Cycle Aging (Control)/cell_B,0.8,protected_state,4,True,True,True,3.0,1.0,-2.0,2.0,-1034.0,0.0,1,0.0,2,0,0.0,2,2,1.0
IMPERIAL_M50T,IMPERIAL_M50T/Expt 4 - Drive Cycle Aging (Control)/cell_B,0.8,fixed_shift,4,True,True,True,3.0,1.0,-2.0,2.0,-1034.0,0.0,1,0.0,2,0,0.0,2,2,1.0
IMPERIAL_M50T,IMPERIAL_M50T/Expt 4 - Drive Cycle Aging (Control)/cell_B,0.8,pchp_method,4,True,True,True,3.0,1.0,-2.0,2.0,-1034.0,0.0,1,0.0,2,0,0.0,2,2,1.0
IMPERIAL_M50T,IMPERIAL_M50T/Expt 4 - Drive Cycle Aging (Control)/cell_B,0.9,protected_state,4,True,True,True,2.0,1.0,-1.0,1.0,-517.0,0.0,1,0.0,3,0,0.0,1,1,1.0
IMPERIAL_M50T,IMPERIAL_M50T/Expt 4 - Drive Cycle Aging (Control)/cell_B,0.9,fixed_shift,4,True,True,True,2.0,1.0,-1.0,1.0,-517.0,0.0,1,0.0,3,0,0.0,1,1,1.0
IMPERIAL_M50T,IMPERIAL_M50T/Expt 4 - Drive Cycle Aging (Control)/cell_B,0.9,pchp_method,4,True,True,True,2.0,1.0,-1.0,1.0,-517.0,0.0,1,0.0,3,0,0.0,1,1,1.0
IMPERIAL_M50T,IMPERIAL_M50T/Expt 4 - Drive Cycle Aging (Control)/cell_C,0.7,protected_state,4,True,True,True,4.0,1.0,-3.0,3.0,-1551.0,0.0,1,0.0,1,0,0.0,3,3,1.0
IMPERIAL_M50T,IMPERIAL_M50T/Expt 4 - Drive Cycle Aging (Control)/cell_C,0.7,fixed_shift,4,True,True,True,4.0,1.0,-3.0,3.0,-1551.0,0.0,1,0.0,1,0,0.0,3,3,1.0
IMPERIAL_M50T,IMPERIAL_M50T/Expt 4 - Drive Cycle Aging (Control)/cell_C,0.7,pchp_method,4,True,True,True,4.0,1.0,-3.0,3.0,-1551.0,0.0,1,0.0,1,0,0.0,3,3,1.0
IMPERIAL_M50T,IMPERIAL_M50T/Expt 4 - Drive Cycle Aging (Control)/cell_C,0.8,protected_state,4,True,True,True,3.0,1.0,-2.0,2.0,-1034.0,0.0,1,0.0,2,0,0.0,2,2,1.0
IMPERIAL_M50T,IMPERIAL_M50T/Expt 4 - Drive Cycle Aging (Control)/cell_C,0.8,fixed_shift,4,True,True,True,3.0,1.0,-2.0,2.0,-1034.0,0.0,1,0.0,2,0,0.0,2,2,1.0
IMPERIAL_M50T,IMPERIAL_M50T/Expt 4 - Drive Cycle Aging (Control)/cell_C,0.8,pchp_method,4,True,True,True,3.0,1.0,-2.0,2.0,-1034.0,0.0,1,0.0,2,0,0.0,2,2,1.0
IMPERIAL_M50T,IMPERIAL_M50T/Expt 4 - Drive Cycle Aging (Control)/cell_C,0.9,protected_state,4,True,True,True,2.0,1.0,-1.0,1.0,-517.0,0.0,1,0.0,3,0,0.0,1,1,1.0
IMPERIAL_M50T,IMPERIAL_M50T/Expt 4 - Drive Cycle Aging (Control)/cell_C,0.9,fixed_shift,4,True,True,True,2.0,1.0,-1.0,1.0,-517.0,0.0,1,0.0,3,0,0.0,1,1,1.0
IMPERIAL_M50T,IMPERIAL_M50T/Expt 4 - Drive Cycle Aging (Control)/cell_C,0.9,pchp_method,4,True,True,True,2.0,1.0,-1.0,1.0,-517.0,0.0,1,0.0,3,0,0.0,1,1,1.0
IMPERIAL_M50T,IMPERIAL_M50T/Expt 4 - Drive Cycle Aging (Control)/cell_D,0.7,protected_state,4,False,False,False,,,,,,,0,,0,0,,4,0,0.0
IMPERIAL_M50T,IMPERIAL_M50T/Expt 4 - Drive Cycle Aging (Control)/cell_D,0.7,fixed_shift,4,False,False,False,,,,,,,0,,0,0,,4,0,0.0
IMPERIAL_M50T,IMPERIAL_M50T/Expt 4 - Drive Cycle Aging (Control)/cell_D,0.7,pchp_method,4,False,False,False,,,,,,,0,,0,0,,4,0,0.0
IMPERIAL_M50T,IMPERIAL_M50T/Expt 4 - Drive Cycle Aging (Control)/cell_D,0.8,protected_state,4,False,True,False,,1.0,,,,,1,,0,0,,4,4,1.0
IMPERIAL_M50T,IMPERIAL_M50T/Expt 4 - Drive Cycle Aging (Control)/cell_D,0.8,fixed_shift,4,False,True,False,,1.0,,,,,1,,0,0,,4,4,1.0
IMPERIAL_M50T,IMPERIAL_M50T/Expt 4 - Drive Cycle Aging (Control)/cell_D,0.8,pchp_method,4,False,True,False,,1.0,,,,,1,,0,0,,4,4,1.0
IMPERIAL_M50T,IMPERIAL_M50T/Expt 4 - Drive Cycle Aging (Control)/cell_D,0.9,protected_state,4,False,True,False,,1.0,,,,,1,,0,0,,4,4,1.0
IMPERIAL_M50T,IMPERIAL_M50T/Expt 4 - Drive Cycle Aging (Control)/cell_D,0.9,fixed_shift,4,False,True,False,,1.0,,,,,1,,0,0,,4,4,1.0
IMPERIAL_M50T,IMPERIAL_M50T/Expt 4 - Drive Cycle Aging (Control)/cell_D,0.9,pchp_method,4,False,True,False,,1.0,,,,,1,,0,0,,4,4,1.0
IMPERIAL_M50T,IMPERIAL_M50T/Expt 4 - Drive Cycle Aging (Control)/cell_E,0.7,protected_state,4,False,False,False,,,,,,,0,,0,0,,4,0,0.0
IMPERIAL_M50T,IMPERIAL_M50T/Expt 4 - Drive Cycle Aging (Control)/cell_E,0.7,fixed_shift,4,False,False,False,,,,,,,0,,0,0,,4,0,0.0
IMPERIAL_M50T,IMPERIAL_M50T/Expt 4 - Drive Cycle Aging (Control)/cell_E,0.7,pchp_method,4,False,False,False,,,,,,,0,,0,0,,4,0,0.0
IMPERIAL_M50T,IMPERIAL_M50T/Expt 4 - Drive Cycle Aging (Control)/cell_E,0.8,protected_state,4,False,True,False,,1.0,,,,,1,,0,0,,4,4,1.0
IMPERIAL_M50T,IMPERIAL_M50T/Expt 4 - Drive Cycle Aging (Control)/cell_E,0.8,fixed_shift,4,False,True,False,,1.0,,,,,1,,0,0,,4,4,1.0
IMPERIAL_M50T,IMPERIAL_M50T/Expt 4 - Drive Cycle Aging (Control)/cell_E,0.8,pchp_method,4,False,True,False,,1.0,,,,,1,,0,0,,4,4,1.0
IMPERIAL_M50T,IMPERIAL_M50T/Expt 4 - Drive Cycle Aging (Control)/cell_E,0.9,protected_state,4,False,True,False,,1.0,,,,,1,,0,0,,4,4,1.0
IMPERIAL_M50T,IMPERIAL_M50T/Expt 4 - Drive Cycle Aging (Control)/cell_E,0.9,fixed_shift,4,False,True,False,,1.0,,,,,1,,0,0,,4,4,1.0
IMPERIAL_M50T,IMPERIAL_M50T/Expt 4 - Drive Cycle Aging (Control)/cell_E,0.9,pchp_method,4,False,True,False,,1.0,,,,,1,,0,0,,4,4,1.0
IMPERIAL_M50T,IMPERIAL_M50T/Expt 4 - Drive Cycle Aging (Control)/cell_F,0.7,protected_state,4,False,True,False,,1.0,,,,,1,,0,0,,4,4,1.0
IMPERIAL_M50T,IMPERIAL_M50T/Expt 4 - Drive Cycle Aging (Control)/cell_F,0.7,fixed_shift,4,False,False,False,,,,,,,0,,0,0,,4,0,0.0
IMPERIAL_M50T,IMPERIAL_M50T/Expt 4 - Drive Cycle Aging (Control)/cell_F,0.7,pchp_method,4,False,False,False,,,,,,,0,,0,0,,4,0,0.0
IMPERIAL_M50T,IMPERIAL_M50T/Expt 4 - Drive Cycle Aging (Control)/cell_F,0.8,protected_state,4,False,True,False,,1.0,,,,,1,,0,0,,4,4,1.0
IMPERIAL_M50T,IMPERIAL_M50T/Expt 4 - Drive Cycle Aging (Control)/cell_F,0.8,fixed_shift,4,False,True,False,,1.0,,,,,1,,0,0,,4,4,1.0
IMPERIAL_M50T,IMPERIAL_M50T/Expt 4 - Drive Cycle Aging (Control)/cell_F,0.8,pchp_method,4,False,True,False,,1.0,,,,,1,,0,0,,4,4,1.0
IMPERIAL_M50T,IMPERIAL_M50T/Expt 4 - Drive Cycle Aging (Control)/cell_F,0.9,protected_state,4,False,True,False,,1.0,,,,,1,,0,0,,4,4,1.0
IMPERIAL_M50T,IMPERIAL_M50T/Expt 4 - Drive Cycle Aging (Control)/cell_F,0.9,fixed_shift,4,False,True,False,,1.0,,,,,1,,0,0,,4,4,1.0
IMPERIAL_M50T,IMPERIAL_M50T/Expt 4 - Drive Cycle Aging (Control)/cell_F,0.9,pchp_method,4,False,True,False,,1.0,,,,,1,,0,0,,4,4,1.0
IMPERIAL_M50T,IMPERIAL_M50T/Expt 4 - Drive Cycle Aging (Control)/cell_G,0.7,protected_state,4,False,False,False,,,,,,,0,,0,0,,4,0,0.0
IMPERIAL_M50T,IMPERIAL_M50T/Expt 4 - Drive Cycle Aging (Control)/cell_G,0.7,fixed_shift,4,False,False,False,,,,,,,0,,0,0,,4,0,0.0
IMPERIAL_M50T,IMPERIAL_M50T/Expt 4 - Drive Cycle Aging (Control)/cell_G,0.7,pchp_method,4,False,False,False,,,,,,,0,,0,0,,4,0,0.0
IMPERIAL_M50T,IMPERIAL_M50T/Expt 4 - Drive Cycle Aging (Control)/cell_G,0.8,protected_state,4,False,True,False,,1.0,,,,,1,,0,0,,4,4,1.0
IMPERIAL_M50T,IMPERIAL_M50T/Expt 4 - Drive Cycle Aging (Control)/cell_G,0.8,fixed_shift,4,False,True,False,,1.0,,,,,1,,0,0,,4,4,1.0
IMPERIAL_M50T,IMPERIAL_M50T/Expt 4 - Drive Cycle Aging (Control)/cell_G,0.8,pchp_method,4,False,True,False,,1.0,,,,,1,,0,0,,4,4,1.0
IMPERIAL_M50T,IMPERIAL_M50T/Expt 4 - Drive Cycle Aging (Control)/cell_G,0.9,protected_state,4,False,True,False,,1.0,,,,,1,,0,0,,4,4,1.0
IMPERIAL_M50T,IMPERIAL_M50T/Expt 4 - Drive Cycle Aging (Control)/cell_G,0.9,fixed_shift,4,False,True,False,,1.0,,,,,1,,0,0,,4,4,1.0
IMPERIAL_M50T,IMPERIAL_M50T/Expt 4 - Drive Cycle Aging (Control)/cell_G,0.9,pchp_method,4,False,True,False,,1.0,,,,,1,,0,0,,4,4,1.0
IMPERIAL_M50T,IMPERIAL_M50T/Expt 4 - Drive Cycle Aging (Control)/cell_H,0.7,protected_state,4,False,False,False,,,,,,,0,,0,0,,4,0,0.0
IMPERIAL_M50T,IMPERIAL_M50T/Expt 4 - Drive Cycle Aging (Control)/cell_H,0.7,fixed_shift,4,False,False,False,,,,,,,0,,0,0,,4,0,0.0
IMPERIAL_M50T,IMPERIAL_M50T/Expt 4 - Drive Cycle Aging (Control)/cell_H,0.7,pchp_method,4,False,False,False,,,,,,,0,,0,0,,4,0,0.0
IMPERIAL_M50T,IMPERIAL_M50T/Expt 4 - Drive Cycle Aging (Control)/cell_H,0.8,protected_state,4,False,True,False,,1.0,,,,,1,,0,0,,4,4,1.0
IMPERIAL_M50T,IMPERIAL_M50T/Expt 4 - Drive Cycle Aging (Control)/cell_H,0.8,fixed_shift,4,False,True,False,,1.0,,,,,1,,0,0,,4,4,1.0
IMPERIAL_M50T,IMPERIAL_M50T/Expt 4 - Drive Cycle Aging (Control)/cell_H,0.8,pchp_method,4,False,True,False,,1.0,,,,,1,,0,0,,4,4,1.0
IMPERIAL_M50T,IMPERIAL_M50T/Expt 4 - Drive Cycle Aging (Control)/cell_H,0.9,protected_state,4,False,True,False,,1.0,,,,,1,,0,0,,4,4,1.0
IMPERIAL_M50T,IMPERIAL_M50T/Expt 4 - Drive Cycle Aging (Control)/cell_H,0.9,fixed_shift,4,False,True,False,,1.0,,,,,1,,0,0,,4,4,1.0
IMPERIAL_M50T,IMPERIAL_M50T/Expt 4 - Drive Cycle Aging (Control)/cell_H,0.9,pchp_method,4,False,True,False,,1.0,,,,,1,,0,0,,4,4,1.0
IMPERIAL_M50T,IMPERIAL_M50T/Expt 5 - Standard Cycle Aging (Control)/cell_A,0.7,protected_state,9,False,True,False,,1.0,,,,,1,,0,0,,9,9,1.0
IMPERIAL_M50T,IMPERIAL_M50T/Expt 5 - Standard Cycle Aging (Control)/cell_A,0.7,fixed_shift,9,False,True,False,,1.0,,,,,1,,0,0,,9,9,1.0
IMPERIAL_M50T,IMPERIAL_M50T/Expt 5 - Standard Cycle Aging (Control)/cell_A,0.7,pchp_method,9,False,True,False,,1.0,,,,,1,,0,0,,9,9,1.0
IMPERIAL_M50T,IMPERIAL_M50T/Expt 5 - Standard Cycle Aging (Control)/cell_A,0.8,protected_state,9,False,True,False,,1.0,,,,,1,,0,0,,9,9,1.0
IMPERIAL_M50T,IMPERIAL_M50T/Expt 5 - Standard Cycle Aging (Control)/cell_A,0.8,fixed_shift,9,False,True,False,,1.0,,,,,1,,0,0,,9,9,1.0
IMPERIAL_M50T,IMPERIAL_M50T/Expt 5 - Standard Cycle Aging (Control)/cell_A,0.8,pchp_method,9,False,True,False,,1.0,,,,,1,,0,0,,9,9,1.0
IMPERIAL_M50T,IMPERIAL_M50T/Expt 5 - Standard Cycle Aging (Control)/cell_A,0.9,protected_state,9,True,True,True,4.0,1.0,-3.0,3.0,-234.0,0.0,1,0.0,6,0,0.0,3,3,1.0
IMPERIAL_M50T,IMPERIAL_M50T/Expt 5 - Standard Cycle Aging (Control)/cell_A,0.9,fixed_shift,9,True,True,True,4.0,1.0,-3.0,3.0,-234.0,0.0,1,0.0,6,0,0.0,3,3,1.0
IMPERIAL_M50T,IMPERIAL_M50T/Expt 5 - Standard Cycle Aging (Control)/cell_A,0.9,pchp_method,9,True,True,True,4.0,1.0,-3.0,3.0,-234.0,0.0,1,0.0,6,0,0.0,3,3,1.0
IMPERIAL_M50T,IMPERIAL_M50T/Expt 5 - Standard Cycle Aging (Control)/cell_B,0.7,protected_state,9,False,True,False,,1.0,,,,,1,,0,0,,9,9,1.0
IMPERIAL_M50T,IMPERIAL_M50T/Expt 5 - Standard Cycle Aging (Control)/cell_B,0.7,fixed_shift,9,False,True,False,,1.0,,,,,1,,0,0,,9,9,1.0
IMPERIAL_M50T,IMPERIAL_M50T/Expt 5 - Standard Cycle Aging (Control)/cell_B,0.7,pchp_method,9,False,True,False,,1.0,,,,,1,,0,0,,9,9,1.0
IMPERIAL_M50T,IMPERIAL_M50T/Expt 5 - Standard Cycle Aging (Control)/cell_B,0.8,protected_state,9,False,True,False,,1.0,,,,,1,,0,0,,9,9,1.0
IMPERIAL_M50T,IMPERIAL_M50T/Expt 5 - Standard Cycle Aging (Control)/cell_B,0.8,fixed_shift,9,False,True,False,,1.0,,,,,1,,0,0,,9,9,1.0
IMPERIAL_M50T,IMPERIAL_M50T/Expt 5 - Standard Cycle Aging (Control)/cell_B,0.8,pchp_method,9,False,True,False,,1.0,,,,,1,,0,0,,9,9,1.0
IMPERIAL_M50T,IMPERIAL_M50T/Expt 5 - Standard Cycle Aging (Control)/cell_B,0.9,protected_state,9,True,True,True,6.0,1.0,-5.0,5.0,-390.0,0.0,1,0.0,4,0,0.0,5,5,1.0
IMPERIAL_M50T,IMPERIAL_M50T/Expt 5 - Standard Cycle Aging (Control)/cell_B,0.9,fixed_shift,9,True,True,True,6.0,1.0,-5.0,5.0,-390.0,0.0,1,0.0,4,0,0.0,5,5,1.0
IMPERIAL_M50T,IMPERIAL_M50T/Expt 5 - Standard Cycle Aging (Control)/cell_B,0.9,pchp_method,9,True,True,True,6.0,1.0,-5.0,5.0,-390.0,0.0,1,0.0,4,0,0.0,5,5,1.0
IMPERIAL_M50T,IMPERIAL_M50T/Expt 5 - Standard Cycle Aging (Control)/cell_C,0.7,protected_state,9,False,True,False,,9.0,,,,,1,,0,0,,9,1,0.1111111111111111
IMPERIAL_M50T,IMPERIAL_M50T/Expt 5 - Standard Cycle Aging (Control)/cell_C,0.7,fixed_shift,9,False,False,False,,,,,,,0,,0,0,,9,0,0.0
IMPERIAL_M50T,IMPERIAL_M50T/Expt 5 - Standard Cycle Aging (Control)/cell_C,0.7,pchp_method,9,False,True,False,,5.0,,,,,1,,0,0,,9,5,0.5555555555555556
IMPERIAL_M50T,IMPERIAL_M50T/Expt 5 - Standard Cycle Aging (Control)/cell_C,0.8,protected_state,9,False,True,False,,1.0,,,,,1,,0,0,,9,9,1.0
IMPERIAL_M50T,IMPERIAL_M50T/Expt 5 - Standard Cycle Aging (Control)/cell_C,0.8,fixed_shift,9,False,True,False,,1.0,,,,,1,,0,0,,9,9,1.0
IMPERIAL_M50T,IMPERIAL_M50T/Expt 5 - Standard Cycle Aging (Control)/cell_C,0.8,pchp_method,9,False,True,False,,1.0,,,,,1,,0,0,,9,9,1.0
IMPERIAL_M50T,IMPERIAL_M50T/Expt 5 - Standard Cycle Aging (Control)/cell_C,0.9,protected_state,9,True,True,True,7.0,1.0,-6.0,6.0,-468.0,0.0,1,0.0,3,0,0.0,6,6,1.0
IMPERIAL_M50T,IMPERIAL_M50T/Expt 5 - Standard Cycle Aging (Control)/cell_C,0.9,fixed_shift,9,True,True,True,7.0,1.0,-6.0,6.0,-468.0,0.0,1,0.0,3,0,0.0,6,6,1.0
IMPERIAL_M50T,IMPERIAL_M50T/Expt 5 - Standard Cycle Aging (Control)/cell_C,0.9,pchp_method,9,True,True,True,7.0,1.0,-6.0,6.0,-468.0,0.0,1,0.0,3,0,0.0,6,6,1.0
IMPERIAL_M50T,IMPERIAL_M50T/Expt 5 - Standard Cycle Aging (Control)/cell_D,0.7,protected_state,9,False,False,False,,,,,,,0,,0,0,,9,0,0.0
IMPERIAL_M50T,IMPERIAL_M50T/Expt 5 - Standard Cycle Aging (Control)/cell_D,0.7,fixed_shift,9,False,False,False,,,,,,,0,,0,0,,9,0,0.0
IMPERIAL_M50T,IMPERIAL_M50T/Expt 5 - Standard Cycle Aging (Control)/cell_D,0.7,pchp_method,9,False,False,False,,,,,,,0,,0,0,,9,0,0.0
IMPERIAL_M50T,IMPERIAL_M50T/Expt 5 - Standard Cycle Aging (Control)/cell_D,0.8,protected_state,9,False,True,False,,1.0,,,,,1,,0,0,,9,9,1.0
IMPERIAL_M50T,IMPERIAL_M50T/Expt 5 - Standard Cycle Aging (Control)/cell_D,0.8,fixed_shift,9,False,True,False,,1.0,,,,,1,,0,0,,9,9,1.0
IMPERIAL_M50T,IMPERIAL_M50T/Expt 5 - Standard Cycle Aging (Control)/cell_D,0.8,pchp_method,9,False,True,False,,1.0,,,,,1,,0,0,,9,9,1.0
IMPERIAL_M50T,IMPERIAL_M50T/Expt 5 - Standard Cycle Aging (Control)/cell_D,0.9,protected_state,9,True,True,True,9.0,1.0,-8.0,8.0,-624.0,0.0,1,0.0,1,0,0.0,8,8,1.0
IMPERIAL_M50T,IMPERIAL_M50T/Expt 5 - Standard Cycle Aging (Control)/cell_D,0.9,fixed_shift,9,True,True,True,9.0,1.0,-8.0,8.0,-624.0,0.0,1,0.0,1,0,0.0,8,8,1.0
IMPERIAL_M50T,IMPERIAL_M50T/Expt 5 - Standard Cycle Aging (Control)/cell_D,0.9,pchp_method,9,True,True,True,9.0,1.0,-8.0,8.0,-624.0,0.0,1,0.0,1,0,0.0,8,8,1.0
IMPERIAL_M50T,IMPERIAL_M50T/Expt 5 - Standard Cycle Aging (Control)/cell_E,0.7,protected_state,9,False,False,False,,,,,,,0,,0,0,,9,0,0.0
IMPERIAL_M50T,IMPERIAL_M50T/Expt 5 - Standard Cycle Aging (Control)/cell_E,0.7,fixed_shift,9,False,False,False,,,,,,,0,,0,0,,9,0,0.0
IMPERIAL_M50T,IMPERIAL_M50T/Expt 5 - Standard Cycle Aging (Control)/cell_E,0.7,pchp_method,9,False,False,False,,,,,,,0,,0,0,,9,0,0.0
IMPERIAL_M50T,IMPERIAL_M50T/Expt 5 - Standard Cycle Aging (Control)/cell_E,0.8,protected_state,9,False,True,False,,1.0,,,,,1,,0,0,,9,9,1.0
IMPERIAL_M50T,IMPERIAL_M50T/Expt 5 - Standard Cycle Aging (Control)/cell_E,0.8,fixed_shift,9,False,True,False,,1.0,,,,,1,,0,0,,9,9,1.0
IMPERIAL_M50T,IMPERIAL_M50T/Expt 5 - Standard Cycle Aging (Control)/cell_E,0.8,pchp_method,9,False,True,False,,1.0,,,,,1,,0,0,,9,9,1.0
IMPERIAL_M50T,IMPERIAL_M50T/Expt 5 - Standard Cycle Aging (Control)/cell_E,0.9,protected_state,9,False,True,False,,1.0,,,,,1,,0,0,,9,9,1.0
IMPERIAL_M50T,IMPERIAL_M50T/Expt 5 - Standard Cycle Aging (Control)/cell_E,0.9,fixed_shift,9,False,True,False,,1.0,,,,,1,,0,0,,9,9,1.0
IMPERIAL_M50T,IMPERIAL_M50T/Expt 5 - Standard Cycle Aging (Control)/cell_E,0.9,pchp_method,9,False,True,False,,1.0,,,,,1,,0,0,,9,9,1.0
IMPERIAL_M50T,IMPERIAL_M50T/Expt 5 - Standard Cycle Aging (Control)/cell_F,0.7,protected_state,9,False,False,False,,,,,,,0,,0,0,,9,0,0.0
IMPERIAL_M50T,IMPERIAL_M50T/Expt 5 - Standard Cycle Aging (Control)/cell_F,0.7,fixed_shift,9,False,False,False,,,,,,,0,,0,0,,9,0,0.0
IMPERIAL_M50T,IMPERIAL_M50T/Expt 5 - Standard Cycle Aging (Control)/cell_F,0.7,pchp_method,9,False,False,False,,,,,,,0,,0,0,,9,0,0.0
IMPERIAL_M50T,IMPERIAL_M50T/Expt 5 - Standard Cycle Aging (Control)/cell_F,0.8,protected_state,9,False,True,False,,1.0,,,,,1,,0,0,,9,9,1.0
IMPERIAL_M50T,IMPERIAL_M50T/Expt 5 - Standard Cycle Aging (Control)/cell_F,0.8,fixed_shift,9,False,True,False,,1.0,,,,,1,,0,0,,9,9,1.0
IMPERIAL_M50T,IMPERIAL_M50T/Expt 5 - Standard Cycle Aging (Control)/cell_F,0.8,pchp_method,9,False,True,False,,1.0,,,,,1,,0,0,,9,9,1.0
IMPERIAL_M50T,IMPERIAL_M50T/Expt 5 - Standard Cycle Aging (Control)/cell_F,0.9,protected_state,9,True,True,True,7.0,1.0,-6.0,6.0,-468.0,0.0,1,0.0,3,0,0.0,6,6,1.0
IMPERIAL_M50T,IMPERIAL_M50T/Expt 5 - Standard Cycle Aging (Control)/cell_F,0.9,fixed_shift,9,True,True,True,7.0,1.0,-6.0,6.0,-468.0,0.0,1,0.0,3,0,0.0,6,6,1.0
IMPERIAL_M50T,IMPERIAL_M50T/Expt 5 - Standard Cycle Aging (Control)/cell_F,0.9,pchp_method,9,True,True,True,7.0,1.0,-6.0,6.0,-468.0,0.0,1,0.0,3,0,0.0,6,6,1.0
IMPERIAL_M50T,IMPERIAL_M50T/Expt 5 - Standard Cycle Aging (Control)/cell_G,0.7,protected_state,9,False,False,False,,,,,,,0,,0,0,,9,0,0.0
IMPERIAL_M50T,IMPERIAL_M50T/Expt 5 - Standard Cycle Aging (Control)/cell_G,0.7,fixed_shift,9,False,False,False,,,,,,,0,,0,0,,9,0,0.0
IMPERIAL_M50T,IMPERIAL_M50T/Expt 5 - Standard Cycle Aging (Control)/cell_G,0.7,pchp_method,9,False,False,False,,,,,,,0,,0,0,,9,0,0.0
IMPERIAL_M50T,IMPERIAL_M50T/Expt 5 - Standard Cycle Aging (Control)/cell_G,0.8,protected_state,9,False,True,False,,1.0,,,,,1,,0,0,,9,9,1.0
IMPERIAL_M50T,IMPERIAL_M50T/Expt 5 - Standard Cycle Aging (Control)/cell_G,0.8,fixed_shift,9,False,True,False,,1.0,,,,,1,,0,0,,9,9,1.0
IMPERIAL_M50T,IMPERIAL_M50T/Expt 5 - Standard Cycle Aging (Control)/cell_G,0.8,pchp_method,9,False,True,False,,1.0,,,,,1,,0,0,,9,9,1.0
IMPERIAL_M50T,IMPERIAL_M50T/Expt 5 - Standard Cycle Aging (Control)/cell_G,0.9,protected_state,9,True,True,True,7.0,1.0,-6.0,6.0,-468.0,0.0,1,0.0,3,0,0.0,6,6,1.0
IMPERIAL_M50T,IMPERIAL_M50T/Expt 5 - Standard Cycle Aging (Control)/cell_G,0.9,fixed_shift,9,True,True,True,7.0,1.0,-6.0,6.0,-468.0,0.0,1,0.0,3,0,0.0,6,6,1.0
IMPERIAL_M50T,IMPERIAL_M50T/Expt 5 - Standard Cycle Aging (Control)/cell_G,0.9,pchp_method,9,True,True,True,7.0,1.0,-6.0,6.0,-468.0,0.0,1,0.0,3,0,0.0,6,6,1.0
IMPERIAL_M50T,IMPERIAL_M50T/Expt 5 - Standard Cycle Aging (Control)/cell_H,0.7,protected_state,9,False,False,False,,,,,,,0,,0,0,,9,0,0.0
IMPERIAL_M50T,IMPERIAL_M50T/Expt 5 - Standard Cycle Aging (Control)/cell_H,0.7,fixed_shift,9,False,False,False,,,,,,,0,,0,0,,9,0,0.0
IMPERIAL_M50T,IMPERIAL_M50T/Expt 5 - Standard Cycle Aging (Control)/cell_H,0.7,pchp_method,9,False,False,False,,,,,,,0,,0,0,,9,0,0.0
IMPERIAL_M50T,IMPERIAL_M50T/Expt 5 - Standard Cycle Aging (Control)/cell_H,0.8,protected_state,9,False,True,False,,1.0,,,,,1,,0,0,,9,9,1.0
IMPERIAL_M50T,IMPERIAL_M50T/Expt 5 - Standard Cycle Aging (Control)/cell_H,0.8,fixed_shift,9,False,True,False,,1.0,,,,,1,,0,0,,9,9,1.0
IMPERIAL_M50T,IMPERIAL_M50T/Expt 5 - Standard Cycle Aging (Control)/cell_H,0.8,pchp_method,9,False,True,False,,1.0,,,,,1,,0,0,,9,9,1.0
IMPERIAL_M50T,IMPERIAL_M50T/Expt 5 - Standard Cycle Aging (Control)/cell_H,0.9,protected_state,9,True,True,True,7.0,1.0,-6.0,6.0,-468.0,0.0,1,0.0,3,0,0.0,6,6,1.0
IMPERIAL_M50T,IMPERIAL_M50T/Expt 5 - Standard Cycle Aging (Control)/cell_H,0.9,fixed_shift,9,True,True,True,7.0,1.0,-6.0,6.0,-468.0,0.0,1,0.0,3,0,0.0,6,6,1.0
IMPERIAL_M50T,IMPERIAL_M50T/Expt 5 - Standard Cycle Aging (Control)/cell_H,0.9,pchp_method,9,True,True,True,7.0,1.0,-6.0,6.0,-468.0,0.0,1,0.0,3,0,0.0,6,6,1.0
ISU_ILCC_NMC,ISU_ILCC_NMC/G10C1,0.7,protected_state,12,False,False,False,,,,,,,0,,0,0,,12,0,0.0
ISU_ILCC_NMC,ISU_ILCC_NMC/G10C1,0.7,fixed_shift,12,False,False,False,,,,,,,0,,0,0,,12,0,0.0
ISU_ILCC_NMC,ISU_ILCC_NMC/G10C1,0.7,pchp_method,12,False,False,False,,,,,,,0,,0,0,,12,0,0.0
ISU_ILCC_NMC,ISU_ILCC_NMC/G10C1,0.8,protected_state,12,True,False,False,10.0,,3.0,3.0,,1.0,0,0.0,3,3,1.0,9,0,0.0
ISU_ILCC_NMC,ISU_ILCC_NMC/G10C1,0.8,fixed_shift,12,True,False,False,10.0,,3.0,3.0,,1.0,0,0.0,3,3,1.0,9,0,0.0
ISU_ILCC_NMC,ISU_ILCC_NMC/G10C1,0.8,pchp_method,12,True,False,False,10.0,,3.0,3.0,,1.0,0,0.0,3,3,1.0,9,0,0.0
ISU_ILCC_NMC,ISU_ILCC_NMC/G10C1,0.9,protected_state,12,True,False,False,6.0,,7.0,7.0,,1.0,0,0.0,7,7,1.0,5,0,0.0
ISU_ILCC_NMC,ISU_ILCC_NMC/G10C1,0.9,fixed_shift,12,True,False,False,6.0,,7.0,7.0,,1.0,0,0.0,7,7,1.0,5,0,0.0
ISU_ILCC_NMC,ISU_ILCC_NMC/G10C1,0.9,pchp_method,12,True,False,False,6.0,,7.0,7.0,,1.0,0,0.0,7,7,1.0,5,0,0.0
ISU_ILCC_NMC,ISU_ILCC_NMC/G10C2,0.7,protected_state,15,False,False,False,,,,,,,0,,0,0,,15,0,0.0
ISU_ILCC_NMC,ISU_ILCC_NMC/G10C2,0.7,fixed_shift,15,False,False,False,,,,,,,0,,0,0,,15,0,0.0
ISU_ILCC_NMC,ISU_ILCC_NMC/G10C2,0.7,pchp_method,15,False,False,False,,,,,,,0,,0,0,,15,0,0.0
ISU_ILCC_NMC,ISU_ILCC_NMC/G10C2,0.8,protected_state,15,True,False,False,13.0,,3.0,3.0,,1.0,0,0.0,3,3,1.0,12,0,0.0
ISU_ILCC_NMC,ISU_ILCC_NMC/G10C2,0.8,fixed_shift,15,True,False,False,13.0,,3.0,3.0,,1.0,0,0.0,3,3,1.0,12,0,0.0
ISU_ILCC_NMC,ISU_ILCC_NMC/G10C2,0.8,pchp_method,15,True,False,False,13.0,,3.0,3.0,,1.0,0,0.0,3,3,1.0,12,0,0.0
ISU_ILCC_NMC,ISU_ILCC_NMC/G10C2,0.9,protected_state,15,True,False,False,8.0,,8.0,8.0,,1.0,0,0.0,8,8,1.0,7,0,0.0
ISU_ILCC_NMC,ISU_ILCC_NMC/G10C2,0.9,fixed_shift,15,True,False,False,8.0,,8.0,8.0,,1.0,0,0.0,8,8,1.0,7,0,0.0
ISU_ILCC_NMC,ISU_ILCC_NMC/G10C2,0.9,pchp_method,15,True,False,False,8.0,,8.0,8.0,,1.0,0,0.0,8,8,1.0,7,0,0.0
ISU_ILCC_NMC,ISU_ILCC_NMC/G10C3,0.7,protected_state,12,True,False,False,11.0,,2.0,2.0,,1.0,0,0.0,2,2,1.0,10,0,0.0
ISU_ILCC_NMC,ISU_ILCC_NMC/G10C3,0.7,fixed_shift,12,True,False,False,11.0,,2.0,2.0,,1.0,0,0.0,2,2,1.0,10,0,0.0
ISU_ILCC_NMC,ISU_ILCC_NMC/G10C3,0.7,pchp_method,12,True,False,False,11.0,,2.0,2.0,,1.0,0,0.0,2,2,1.0,10,0,0.0
ISU_ILCC_NMC,ISU_ILCC_NMC/G10C3,0.8,protected_state,12,True,False,False,8.0,,5.0,5.0,,1.0,0,0.0,5,5,1.0,7,0,0.0
ISU_ILCC_NMC,ISU_ILCC_NMC/G10C3,0.8,fixed_shift,12,True,False,False,8.0,,5.0,5.0,,1.0,0,0.0,5,5,1.0,7,0,0.0
ISU_ILCC_NMC,ISU_ILCC_NMC/G10C3,0.8,pchp_method,12,True,False,False,8.0,,5.0,5.0,,1.0,0,0.0,5,5,1.0,7,0,0.0
ISU_ILCC_NMC,ISU_ILCC_NMC/G10C3,0.9,protected_state,12,True,False,False,5.0,,8.0,8.0,,1.0,0,0.0,8,8,1.0,4,0,0.0
ISU_ILCC_NMC,ISU_ILCC_NMC/G10C3,0.9,fixed_shift,12,True,False,False,5.0,,8.0,8.0,,1.0,0,0.0,8,8,1.0,4,0,0.0
ISU_ILCC_NMC,ISU_ILCC_NMC/G10C3,0.9,pchp_method,12,True,False,False,5.0,,8.0,8.0,,1.0,0,0.0,8,8,1.0,4,0,0.0
ISU_ILCC_NMC,ISU_ILCC_NMC/G10C4,0.7,protected_state,26,True,False,False,24.0,,3.0,3.0,,1.0,0,0.0,3,3,1.0,23,0,0.0
ISU_ILCC_NMC,ISU_ILCC_NMC/G10C4,0.7,fixed_shift,26,True,False,False,24.0,,3.0,3.0,,1.0,0,0.0,3,3,1.0,23,0,0.0
ISU_ILCC_NMC,ISU_ILCC_NMC/G10C4,0.7,pchp_method,26,True,False,False,24.0,,3.0,3.0,,1.0,0,0.0,3,3,1.0,23,0,0.0
ISU_ILCC_NMC,ISU_ILCC_NMC/G10C4,0.8,protected_state,26,True,False,False,16.0,,11.0,11.0,,1.0,0,0.0,11,11,1.0,15,0,0.0
ISU_ILCC_NMC,ISU_ILCC_NMC/G10C4,0.8,fixed_shift,26,True,False,False,16.0,,11.0,11.0,,1.0,0,0.0,11,11,1.0,15,0,0.0
ISU_ILCC_NMC,ISU_ILCC_NMC/G10C4,0.8,pchp_method,26,True,False,False,16.0,,11.0,11.0,,1.0,0,0.0,11,11,1.0,15,0,0.0
ISU_ILCC_NMC,ISU_ILCC_NMC/G10C4,0.9,protected_state,26,True,False,False,9.0,,18.0,18.0,,1.0,0,0.0,18,18,1.0,8,0,0.0
ISU_ILCC_NMC,ISU_ILCC_NMC/G10C4,0.9,fixed_shift,26,True,False,False,9.0,,18.0,18.0,,1.0,0,0.0,18,18,1.0,8,0,0.0
ISU_ILCC_NMC,ISU_ILCC_NMC/G10C4,0.9,pchp_method,26,True,False,False,9.0,,18.0,18.0,,1.0,0,0.0,18,18,1.0,8,0,0.0
ISU_ILCC_NMC,ISU_ILCC_NMC/G12C1,0.7,protected_state,14,True,False,False,13.0,,2.0,2.0,,1.0,0,0.0,2,2,1.0,12,0,0.0
ISU_ILCC_NMC,ISU_ILCC_NMC/G12C1,0.7,fixed_shift,14,True,False,False,13.0,,2.0,2.0,,1.0,0,0.0,2,2,1.0,12,0,0.0
ISU_ILCC_NMC,ISU_ILCC_NMC/G12C1,0.7,pchp_method,14,True,False,False,13.0,,2.0,2.0,,1.0,0,0.0,2,2,1.0,12,0,0.0
ISU_ILCC_NMC,ISU_ILCC_NMC/G12C1,0.8,protected_state,14,True,False,False,10.0,,5.0,5.0,,1.0,0,0.0,5,5,1.0,9,0,0.0
ISU_ILCC_NMC,ISU_ILCC_NMC/G12C1,0.8,fixed_shift,14,True,False,False,10.0,,5.0,5.0,,1.0,0,0.0,5,5,1.0,9,0,0.0
ISU_ILCC_NMC,ISU_ILCC_NMC/G12C1,0.8,pchp_method,14,True,False,False,10.0,,5.0,5.0,,1.0,0,0.0,5,5,1.0,9,0,0.0
ISU_ILCC_NMC,ISU_ILCC_NMC/G12C1,0.9,protected_state,14,True,False,False,6.0,,9.0,9.0,,1.0,0,0.0,9,9,1.0,5,0,0.0
ISU_ILCC_NMC,ISU_ILCC_NMC/G12C1,0.9,fixed_shift,14,True,False,False,6.0,,9.0,9.0,,1.0,0,0.0,9,9,1.0,5,0,0.0
ISU_ILCC_NMC,ISU_ILCC_NMC/G12C1,0.9,pchp_method,14,True,False,False,6.0,,9.0,9.0,,1.0,0,0.0,9,9,1.0,5,0,0.0
ISU_ILCC_NMC,ISU_ILCC_NMC/G12C2,0.7,protected_state,5,False,False,False,,,,,,,0,,0,0,,5,0,0.0
ISU_ILCC_NMC,ISU_ILCC_NMC/G12C2,0.7,fixed_shift,5,False,False,False,,,,,,,0,,0,0,,5,0,0.0
ISU_ILCC_NMC,ISU_ILCC_NMC/G12C2,0.7,pchp_method,5,False,False,False,,,,,,,0,,0,0,,5,0,0.0
ISU_ILCC_NMC,ISU_ILCC_NMC/G12C2,0.8,protected_state,5,True,False,False,4.0,,2.0,2.0,,1.0,0,0.0,2,2,1.0,3,0,0.0
ISU_ILCC_NMC,ISU_ILCC_NMC/G12C2,0.8,fixed_shift,5,True,False,False,4.0,,2.0,2.0,,1.0,0,0.0,2,2,1.0,3,0,0.0
ISU_ILCC_NMC,ISU_ILCC_NMC/G12C2,0.8,pchp_method,5,True,False,False,4.0,,2.0,2.0,,1.0,0,0.0,2,2,1.0,3,0,0.0
ISU_ILCC_NMC,ISU_ILCC_NMC/G12C2,0.9,protected_state,5,True,False,False,1.0,,5.0,5.0,,1.0,0,0.0,5,5,1.0,0,0,
ISU_ILCC_NMC,ISU_ILCC_NMC/G12C2,0.9,fixed_shift,5,True,False,False,1.0,,5.0,5.0,,1.0,0,0.0,5,5,1.0,0,0,
ISU_ILCC_NMC,ISU_ILCC_NMC/G12C2,0.9,pchp_method,5,True,False,False,1.0,,5.0,5.0,,1.0,0,0.0,5,5,1.0,0,0,
ISU_ILCC_NMC,ISU_ILCC_NMC/G12C3,0.7,protected_state,12,False,False,False,,,,,,,0,,0,0,,12,0,0.0
ISU_ILCC_NMC,ISU_ILCC_NMC/G12C3,0.7,fixed_shift,12,False,False,False,,,,,,,0,,0,0,,12,0,0.0
ISU_ILCC_NMC,ISU_ILCC_NMC/G12C3,0.7,pchp_method,12,False,False,False,,,,,,,0,,0,0,,12,0,0.0
ISU_ILCC_NMC,ISU_ILCC_NMC/G12C3,0.8,protected_state,12,True,False,False,11.0,,2.0,2.0,,1.0,0,0.0,2,2,1.0,10,0,0.0
ISU_ILCC_NMC,ISU_ILCC_NMC/G12C3,0.8,fixed_shift,12,True,False,False,11.0,,2.0,2.0,,1.0,0,0.0,2,2,1.0,10,0,0.0
ISU_ILCC_NMC,ISU_ILCC_NMC/G12C3,0.8,pchp_method,12,True,False,False,11.0,,2.0,2.0,,1.0,0,0.0,2,2,1.0,10,0,0.0
ISU_ILCC_NMC,ISU_ILCC_NMC/G12C3,0.9,protected_state,12,True,False,False,6.0,,7.0,7.0,,1.0,0,0.0,7,7,1.0,5,0,0.0
ISU_ILCC_NMC,ISU_ILCC_NMC/G12C3,0.9,fixed_shift,12,True,False,False,6.0,,7.0,7.0,,1.0,0,0.0,7,7,1.0,5,0,0.0
ISU_ILCC_NMC,ISU_ILCC_NMC/G12C3,0.9,pchp_method,12,True,False,False,6.0,,7.0,7.0,,1.0,0,0.0,7,7,1.0,5,0,0.0
ISU_ILCC_NMC,ISU_ILCC_NMC/G12C4,0.7,protected_state,23,True,False,False,19.0,,5.0,5.0,,1.0,0,0.0,5,5,1.0,18,0,0.0
ISU_ILCC_NMC,ISU_ILCC_NMC/G12C4,0.7,fixed_shift,23,True,False,False,19.0,,5.0,5.0,,1.0,0,0.0,5,5,1.0,18,0,0.0
ISU_ILCC_NMC,ISU_ILCC_NMC/G12C4,0.7,pchp_method,23,True,False,False,19.0,,5.0,5.0,,1.0,0,0.0,5,5,1.0,18,0,0.0
ISU_ILCC_NMC,ISU_ILCC_NMC/G12C4,0.8,protected_state,23,True,False,False,14.0,,10.0,10.0,,1.0,0,0.0,10,10,1.0,13,0,0.0
ISU_ILCC_NMC,ISU_ILCC_NMC/G12C4,0.8,fixed_shift,23,True,False,False,14.0,,10.0,10.0,,1.0,0,0.0,10,10,1.0,13,0,0.0
ISU_ILCC_NMC,ISU_ILCC_NMC/G12C4,0.8,pchp_method,23,True,False,False,14.0,,10.0,10.0,,1.0,0,0.0,10,10,1.0,13,0,0.0
ISU_ILCC_NMC,ISU_ILCC_NMC/G12C4,0.9,protected_state,23,True,False,False,8.0,,16.0,16.0,,1.0,0,0.0,16,16,1.0,7,0,0.0
ISU_ILCC_NMC,ISU_ILCC_NMC/G12C4,0.9,fixed_shift,23,True,False,False,8.0,,16.0,16.0,,1.0,0,0.0,16,16,1.0,7,0,0.0
ISU_ILCC_NMC,ISU_ILCC_NMC/G12C4,0.9,pchp_method,23,True,False,False,8.0,,16.0,16.0,,1.0,0,0.0,16,16,1.0,7,0,0.0
ISU_ILCC_NMC,ISU_ILCC_NMC/G13C1,0.7,protected_state,11,False,False,False,,,,,,,0,,0,0,,11,0,0.0
ISU_ILCC_NMC,ISU_ILCC_NMC/G13C1,0.7,fixed_shift,11,False,False,False,,,,,,,0,,0,0,,11,0,0.0
ISU_ILCC_NMC,ISU_ILCC_NMC/G13C1,0.7,pchp_method,11,False,False,False,,,,,,,0,,0,0,,11,0,0.0
ISU_ILCC_NMC,ISU_ILCC_NMC/G13C1,0.8,protected_state,11,True,False,False,10.0,,2.0,2.0,,1.0,0,0.0,2,2,1.0,9,0,0.0
ISU_ILCC_NMC,ISU_ILCC_NMC/G13C1,0.8,fixed_shift,11,True,False,False,10.0,,2.0,2.0,,1.0,0,0.0,2,2,1.0,9,0,0.0
ISU_ILCC_NMC,ISU_ILCC_NMC/G13C1,0.8,pchp_method,11,True,False,False,10.0,,2.0,2.0,,1.0,0,0.0,2,2,1.0,9,0,0.0
ISU_ILCC_NMC,ISU_ILCC_NMC/G13C1,0.9,protected_state,11,True,False,False,6.0,,6.0,6.0,,1.0,0,0.0,6,6,1.0,5,0,0.0
ISU_ILCC_NMC,ISU_ILCC_NMC/G13C1,0.9,fixed_shift,11,True,False,False,6.0,,6.0,6.0,,1.0,0,0.0,6,6,1.0,5,0,0.0
ISU_ILCC_NMC,ISU_ILCC_NMC/G13C1,0.9,pchp_method,11,True,False,False,6.0,,6.0,6.0,,1.0,0,0.0,6,6,1.0,5,0,0.0
ISU_ILCC_NMC,ISU_ILCC_NMC/G13C2,0.7,protected_state,21,True,False,False,20.0,,2.0,2.0,,1.0,0,0.0,2,2,1.0,19,0,0.0
ISU_ILCC_NMC,ISU_ILCC_NMC/G13C2,0.7,fixed_shift,21,True,False,False,20.0,,2.0,2.0,,1.0,0,0.0,2,2,1.0,19,0,0.0
ISU_ILCC_NMC,ISU_ILCC_NMC/G13C2,0.7,pchp_method,21,True,False,False,20.0,,2.0,2.0,,1.0,0,0.0,2,2,1.0,19,0,0.0
ISU_ILCC_NMC,ISU_ILCC_NMC/G13C2,0.8,protected_state,21,True,False,False,14.0,,8.0,8.0,,1.0,0,0.0,8,8,1.0,13,0,0.0
ISU_ILCC_NMC,ISU_ILCC_NMC/G13C2,0.8,fixed_shift,21,True,False,False,14.0,,8.0,8.0,,1.0,0,0.0,8,8,1.0,13,0,0.0
ISU_ILCC_NMC,ISU_ILCC_NMC/G13C2,0.8,pchp_method,21,True,False,False,14.0,,8.0,8.0,,1.0,0,0.0,8,8,1.0,13,0,0.0
ISU_ILCC_NMC,ISU_ILCC_NMC/G13C2,0.9,protected_state,21,True,False,False,9.0,,13.0,13.0,,1.0,0,0.0,13,13,1.0,8,0,0.0
ISU_ILCC_NMC,ISU_ILCC_NMC/G13C2,0.9,fixed_shift,21,True,False,False,9.0,,13.0,13.0,,1.0,0,0.0,13,13,1.0,8,0,0.0
ISU_ILCC_NMC,ISU_ILCC_NMC/G13C2,0.9,pchp_method,21,True,False,False,9.0,,13.0,13.0,,1.0,0,0.0,13,13,1.0,8,0,0.0
ISU_ILCC_NMC,ISU_ILCC_NMC/G13C3,0.7,protected_state,11,False,False,False,,,,,,,0,,0,0,,11,0,0.0
ISU_ILCC_NMC,ISU_ILCC_NMC/G13C3,0.7,fixed_shift,11,False,False,False,,,,,,,0,,0,0,,11,0,0.0
ISU_ILCC_NMC,ISU_ILCC_NMC/G13C3,0.7,pchp_method,11,False,False,False,,,,,,,0,,0,0,,11,0,0.0
ISU_ILCC_NMC,ISU_ILCC_NMC/G13C3,0.8,protected_state,11,True,False,False,10.0,,2.0,2.0,,1.0,0,0.0,2,2,1.0,9,0,0.0
ISU_ILCC_NMC,ISU_ILCC_NMC/G13C3,0.8,fixed_shift,11,True,False,False,10.0,,2.0,2.0,,1.0,0,0.0,2,2,1.0,9,0,0.0
ISU_ILCC_NMC,ISU_ILCC_NMC/G13C3,0.8,pchp_method,11,True,False,False,10.0,,2.0,2.0,,1.0,0,0.0,2,2,1.0,9,0,0.0
ISU_ILCC_NMC,ISU_ILCC_NMC/G13C3,0.9,protected_state,11,True,False,False,6.0,,6.0,6.0,,1.0,0,0.0,6,6,1.0,5,0,0.0
ISU_ILCC_NMC,ISU_ILCC_NMC/G13C3,0.9,fixed_shift,11,True,False,False,6.0,,6.0,6.0,,1.0,0,0.0,6,6,1.0,5,0,0.0
ISU_ILCC_NMC,ISU_ILCC_NMC/G13C3,0.9,pchp_method,11,True,False,False,6.0,,6.0,6.0,,1.0,0,0.0,6,6,1.0,5,0,0.0
ISU_ILCC_NMC,ISU_ILCC_NMC/G13C4,0.7,protected_state,11,True,False,False,11.0,,1.0,1.0,,1.0,0,0.0,1,1,1.0,10,0,0.0
ISU_ILCC_NMC,ISU_ILCC_NMC/G13C4,0.7,fixed_shift,11,True,False,False,11.0,,1.0,1.0,,1.0,0,0.0,1,1,1.0,10,0,0.0
ISU_ILCC_NMC,ISU_ILCC_NMC/G13C4,0.7,pchp_method,11,True,False,False,11.0,,1.0,1.0,,1.0,0,0.0,1,1,1.0,10,0,0.0
ISU_ILCC_NMC,ISU_ILCC_NMC/G13C4,0.8,protected_state,11,True,False,False,8.0,,4.0,4.0,,1.0,0,0.0,4,4,1.0,7,0,0.0
ISU_ILCC_NMC,ISU_ILCC_NMC/G13C4,0.8,fixed_shift,11,True,False,False,8.0,,4.0,4.0,,1.0,0,0.0,4,4,1.0,7,0,0.0
ISU_ILCC_NMC,ISU_ILCC_NMC/G13C4,0.8,pchp_method,11,True,False,False,8.0,,4.0,4.0,,1.0,0,0.0,4,4,1.0,7,0,0.0
ISU_ILCC_NMC,ISU_ILCC_NMC/G13C4,0.9,protected_state,11,True,False,False,5.0,,7.0,7.0,,1.0,0,0.0,7,7,1.0,4,0,0.0
ISU_ILCC_NMC,ISU_ILCC_NMC/G13C4,0.9,fixed_shift,11,True,False,False,5.0,,7.0,7.0,,1.0,0,0.0,7,7,1.0,4,0,0.0
ISU_ILCC_NMC,ISU_ILCC_NMC/G13C4,0.9,pchp_method,11,True,False,False,5.0,,7.0,7.0,,1.0,0,0.0,7,7,1.0,4,0,0.0
ISU_ILCC_NMC,ISU_ILCC_NMC/G14C1,0.7,protected_state,1,False,False,False,,,,,,,0,,0,0,,1,0,0.0
ISU_ILCC_NMC,ISU_ILCC_NMC/G14C1,0.7,fixed_shift,1,False,False,False,,,,,,,0,,0,0,,1,0,0.0
ISU_ILCC_NMC,ISU_ILCC_NMC/G14C1,0.7,pchp_method,1,False,False,False,,,,,,,0,,0,0,,1,0,0.0
ISU_ILCC_NMC,ISU_ILCC_NMC/G14C1,0.8,protected_state,1,False,False,False,,,,,,,0,,0,0,,1,0,0.0
ISU_ILCC_NMC,ISU_ILCC_NMC/G14C1,0.8,fixed_shift,1,False,False,False,,,,,,,0,,0,0,,1,0,0.0
ISU_ILCC_NMC,ISU_ILCC_NMC/G14C1,0.8,pchp_method,1,False,False,False,,,,,,,0,,0,0,,1,0,0.0
ISU_ILCC_NMC,ISU_ILCC_NMC/G14C1,0.9,protected_state,1,True,False,False,1.0,,1.0,1.0,,1.0,0,0.0,1,1,1.0,0,0,
ISU_ILCC_NMC,ISU_ILCC_NMC/G14C1,0.9,fixed_shift,1,True,False,False,1.0,,1.0,1.0,,1.0,0,0.0,1,1,1.0,0,0,
ISU_ILCC_NMC,ISU_ILCC_NMC/G14C1,0.9,pchp_method,1,True,False,False,1.0,,1.0,1.0,,1.0,0,0.0,1,1,1.0,0,0,
ISU_ILCC_NMC,ISU_ILCC_NMC/G16C1,0.7,protected_state,12,True,False,False,10.0,,3.0,3.0,,1.0,0,0.0,3,3,1.0,9,0,0.0
ISU_ILCC_NMC,ISU_ILCC_NMC/G16C1,0.7,fixed_shift,12,True,False,False,10.0,,3.0,3.0,,1.0,0,0.0,3,3,1.0,9,0,0.0
ISU_ILCC_NMC,ISU_ILCC_NMC/G16C1,0.7,pchp_method,12,True,False,False,10.0,,3.0,3.0,,1.0,0,0.0,3,3,1.0,9,0,0.0
ISU_ILCC_NMC,ISU_ILCC_NMC/G16C1,0.8,protected_state,12,True,False,False,8.0,,5.0,5.0,,1.0,0,0.0,5,5,1.0,7,0,0.0
ISU_ILCC_NMC,ISU_ILCC_NMC/G16C1,0.8,fixed_shift,12,True,False,False,8.0,,5.0,5.0,,1.0,0,0.0,5,5,1.0,7,0,0.0
ISU_ILCC_NMC,ISU_ILCC_NMC/G16C1,0.8,pchp_method,12,True,False,False,8.0,,5.0,5.0,,1.0,0,0.0,5,5,1.0,7,0,0.0
ISU_ILCC_NMC,ISU_ILCC_NMC/G16C1,0.9,protected_state,12,True,False,False,5.0,,8.0,8.0,,1.0,0,0.0,8,8,1.0,4,0,0.0
ISU_ILCC_NMC,ISU_ILCC_NMC/G16C1,0.9,fixed_shift,12,True,False,False,5.0,,8.0,8.0,,1.0,0,0.0,8,8,1.0,4,0,0.0
ISU_ILCC_NMC,ISU_ILCC_NMC/G16C1,0.9,pchp_method,12,True,False,False,5.0,,8.0,8.0,,1.0,0,0.0,8,8,1.0,4,0,0.0
ISU_ILCC_NMC,ISU_ILCC_NMC/G16C2,0.7,protected_state,12,True,False,False,11.0,,2.0,2.0,,1.0,0,0.0,2,2,1.0,10,0,0.0
ISU_ILCC_NMC,ISU_ILCC_NMC/G16C2,0.7,fixed_shift,12,True,False,False,11.0,,2.0,2.0,,1.0,0,0.0,2,2,1.0,10,0,0.0
ISU_ILCC_NMC,ISU_ILCC_NMC/G16C2,0.7,pchp_method,12,True,False,False,11.0,,2.0,2.0,,1.0,0,0.0,2,2,1.0,10,0,0.0
ISU_ILCC_NMC,ISU_ILCC_NMC/G16C2,0.8,protected_state,12,True,False,False,10.0,,3.0,3.0,,1.0,0,0.0,3,3,1.0,9,0,0.0
ISU_ILCC_NMC,ISU_ILCC_NMC/G16C2,0.8,fixed_shift,12,True,False,False,10.0,,3.0,3.0,,1.0,0,0.0,3,3,1.0,9,0,0.0
ISU_ILCC_NMC,ISU_ILCC_NMC/G16C2,0.8,pchp_method,12,True,False,False,10.0,,3.0,3.0,,1.0,0,0.0,3,3,1.0,9,0,0.0
ISU_ILCC_NMC,ISU_ILCC_NMC/G16C2,0.9,protected_state,12,True,False,False,6.0,,7.0,7.0,,1.0,0,0.0,7,7,1.0,5,0,0.0
ISU_ILCC_NMC,ISU_ILCC_NMC/G16C2,0.9,fixed_shift,12,True,False,False,6.0,,7.0,7.0,,1.0,0,0.0,7,7,1.0,5,0,0.0
ISU_ILCC_NMC,ISU_ILCC_NMC/G16C2,0.9,pchp_method,12,True,False,False,6.0,,7.0,7.0,,1.0,0,0.0,7,7,1.0,5,0,0.0
ISU_ILCC_NMC,ISU_ILCC_NMC/G16C3,0.7,protected_state,12,True,False,False,11.0,,2.0,2.0,,1.0,0,0.0,2,2,1.0,10,0,0.0
ISU_ILCC_NMC,ISU_ILCC_NMC/G16C3,0.7,fixed_shift,12,True,False,False,11.0,,2.0,2.0,,1.0,0,0.0,2,2,1.0,10,0,0.0
ISU_ILCC_NMC,ISU_ILCC_NMC/G16C3,0.7,pchp_method,12,True,False,False,11.0,,2.0,2.0,,1.0,0,0.0,2,2,1.0,10,0,0.0
ISU_ILCC_NMC,ISU_ILCC_NMC/G16C3,0.8,protected_state,12,True,False,False,10.0,,3.0,3.0,,1.0,0,0.0,3,3,1.0,9,0,0.0
ISU_ILCC_NMC,ISU_ILCC_NMC/G16C3,0.8,fixed_shift,12,True,False,False,10.0,,3.0,3.0,,1.0,0,0.0,3,3,1.0,9,0,0.0
ISU_ILCC_NMC,ISU_ILCC_NMC/G16C3,0.8,pchp_method,12,True,False,False,10.0,,3.0,3.0,,1.0,0,0.0,3,3,1.0,9,0,0.0
ISU_ILCC_NMC,ISU_ILCC_NMC/G16C3,0.9,protected_state,12,True,False,False,4.0,,9.0,9.0,,1.0,0,0.0,9,9,1.0,3,0,0.0
ISU_ILCC_NMC,ISU_ILCC_NMC/G16C3,0.9,fixed_shift,12,True,False,False,4.0,,9.0,9.0,,1.0,0,0.0,9,9,1.0,3,0,0.0
ISU_ILCC_NMC,ISU_ILCC_NMC/G16C3,0.9,pchp_method,12,True,False,False,4.0,,9.0,9.0,,1.0,0,0.0,9,9,1.0,3,0,0.0
ISU_ILCC_NMC,ISU_ILCC_NMC/G16C4,0.7,protected_state,12,True,False,False,10.0,,3.0,3.0,,1.0,0,0.0,3,3,1.0,9,0,0.0
ISU_ILCC_NMC,ISU_ILCC_NMC/G16C4,0.7,fixed_shift,12,True,False,False,10.0,,3.0,3.0,,1.0,0,0.0,3,3,1.0,9,0,0.0
ISU_ILCC_NMC,ISU_ILCC_NMC/G16C4,0.7,pchp_method,12,True,False,False,10.0,,3.0,3.0,,1.0,0,0.0,3,3,1.0,9,0,0.0
ISU_ILCC_NMC,ISU_ILCC_NMC/G16C4,0.8,protected_state,12,True,False,False,9.0,,4.0,4.0,,1.0,0,0.0,4,4,1.0,8,0,0.0
ISU_ILCC_NMC,ISU_ILCC_NMC/G16C4,0.8,fixed_shift,12,True,False,False,9.0,,4.0,4.0,,1.0,0,0.0,4,4,1.0,8,0,0.0
ISU_ILCC_NMC,ISU_ILCC_NMC/G16C4,0.8,pchp_method,12,True,False,False,9.0,,4.0,4.0,,1.0,0,0.0,4,4,1.0,8,0,0.0
ISU_ILCC_NMC,ISU_ILCC_NMC/G16C4,0.9,protected_state,12,True,False,False,5.0,,8.0,8.0,,1.0,0,0.0,8,8,1.0,4,0,0.0
ISU_ILCC_NMC,ISU_ILCC_NMC/G16C4,0.9,fixed_shift,12,True,False,False,5.0,,8.0,8.0,,1.0,0,0.0,8,8,1.0,4,0,0.0
ISU_ILCC_NMC,ISU_ILCC_NMC/G16C4,0.9,pchp_method,12,True,False,False,5.0,,8.0,8.0,,1.0,0,0.0,8,8,1.0,4,0,0.0
ISU_ILCC_NMC,ISU_ILCC_NMC/G17C1,0.7,protected_state,14,True,False,False,12.0,,3.0,3.0,,1.0,0,0.0,3,3,1.0,11,0,0.0
ISU_ILCC_NMC,ISU_ILCC_NMC/G17C1,0.7,fixed_shift,14,True,False,False,12.0,,3.0,3.0,,1.0,0,0.0,3,3,1.0,11,0,0.0
ISU_ILCC_NMC,ISU_ILCC_NMC/G17C1,0.7,pchp_method,14,True,False,False,12.0,,3.0,3.0,,1.0,0,0.0,3,3,1.0,11,0,0.0
ISU_ILCC_NMC,ISU_ILCC_NMC/G17C1,0.8,protected_state,14,True,False,False,10.0,,5.0,5.0,,1.0,0,0.0,5,5,1.0,9,0,0.0
ISU_ILCC_NMC,ISU_ILCC_NMC/G17C1,0.8,fixed_shift,14,True,False,False,10.0,,5.0,5.0,,1.0,0,0.0,5,5,1.0,9,0,0.0
ISU_ILCC_NMC,ISU_ILCC_NMC/G17C1,0.8,pchp_method,14,True,False,False,10.0,,5.0,5.0,,1.0,0,0.0,5,5,1.0,9,0,0.0
ISU_ILCC_NMC,ISU_ILCC_NMC/G17C1,0.9,protected_state,14,True,False,False,8.0,,7.0,7.0,,1.0,0,0.0,7,7,1.0,7,0,0.0
ISU_ILCC_NMC,ISU_ILCC_NMC/G17C1,0.9,fixed_shift,14,True,False,False,8.0,,7.0,7.0,,1.0,0,0.0,7,7,1.0,7,0,0.0
ISU_ILCC_NMC,ISU_ILCC_NMC/G17C1,0.9,pchp_method,14,True,False,False,8.0,,7.0,7.0,,1.0,0,0.0,7,7,1.0,7,0,0.0
ISU_ILCC_NMC,ISU_ILCC_NMC/G17C2,0.7,protected_state,12,True,False,False,12.0,,1.0,1.0,,1.0,0,0.0,1,1,1.0,11,0,0.0
ISU_ILCC_NMC,ISU_ILCC_NMC/G17C2,0.7,fixed_shift,12,True,False,False,12.0,,1.0,1.0,,1.0,0,0.0,1,1,1.0,11,0,0.0
ISU_ILCC_NMC,ISU_ILCC_NMC/G17C2,0.7,pchp_method,12,True,False,False,12.0,,1.0,1.0,,1.0,0,0.0,1,1,1.0,11,0,0.0
ISU_ILCC_NMC,ISU_ILCC_NMC/G17C2,0.8,protected_state,12,True,False,False,11.0,,2.0,2.0,,1.0,0,0.0,2,2,1.0,10,0,0.0
ISU_ILCC_NMC,ISU_ILCC_NMC/G17C2,0.8,fixed_shift,12,True,False,False,11.0,,2.0,2.0,,1.0,0,0.0,2,2,1.0,10,0,0.0
ISU_ILCC_NMC,ISU_ILCC_NMC/G17C2,0.8,pchp_method,12,True,False,False,11.0,,2.0,2.0,,1.0,0,0.0,2,2,1.0,10,0,0.0
ISU_ILCC_NMC,ISU_ILCC_NMC/G17C2,0.9,protected_state,12,True,False,False,8.0,,5.0,5.0,,1.0,0,0.0,5,5,1.0,7,0,0.0
ISU_ILCC_NMC,ISU_ILCC_NMC/G17C2,0.9,fixed_shift,12,True,False,False,8.0,,5.0,5.0,,1.0,0,0.0,5,5,1.0,7,0,0.0
ISU_ILCC_NMC,ISU_ILCC_NMC/G17C2,0.9,pchp_method,12,True,False,False,8.0,,5.0,5.0,,1.0,0,0.0,5,5,1.0,7,0,0.0
ISU_ILCC_NMC,ISU_ILCC_NMC/G17C3,0.7,protected_state,14,True,False,False,14.0,,1.0,1.0,,1.0,0,0.0,1,1,1.0,13,0,0.0
ISU_ILCC_NMC,ISU_ILCC_NMC/G17C3,0.7,fixed_shift,14,True,False,False,14.0,,1.0,1.0,,1.0,0,0.0,1,1,1.0,13,0,0.0
ISU_ILCC_NMC,ISU_ILCC_NMC/G17C3,0.7,pchp_method,14,True,False,False,14.0,,1.0,1.0,,1.0,0,0.0,1,1,1.0,13,0,0.0
ISU_ILCC_NMC,ISU_ILCC_NMC/G17C3,0.8,protected_state,14,True,False,False,13.0,,2.0,2.0,,1.0,0,0.0,2,2,1.0,12,0,0.0
ISU_ILCC_NMC,ISU_ILCC_NMC/G17C3,0.8,fixed_shift,14,True,False,False,13.0,,2.0,2.0,,1.0,0,0.0,2,2,1.0,12,0,0.0
ISU_ILCC_NMC,ISU_ILCC_NMC/G17C3,0.8,pchp_method,14,True,False,False,13.0,,2.0,2.0,,1.0,0,0.0,2,2,1.0,12,0,0.0
ISU_ILCC_NMC,ISU_ILCC_NMC/G17C3,0.9,protected_state,14,True,False,False,8.0,,7.0,7.0,,1.0,0,0.0,7,7,1.0,7,0,0.0
ISU_ILCC_NMC,ISU_ILCC_NMC/G17C3,0.9,fixed_shift,14,True,False,False,8.0,,7.0,7.0,,1.0,0,0.0,7,7,1.0,7,0,0.0
ISU_ILCC_NMC,ISU_ILCC_NMC/G17C3,0.9,pchp_method,14,True,False,False,8.0,,7.0,7.0,,1.0,0,0.0,7,7,1.0,7,0,0.0
ISU_ILCC_NMC,ISU_ILCC_NMC/G17C4,0.7,protected_state,10,True,False,False,10.0,,1.0,1.0,,1.0,0,0.0,1,1,1.0,9,0,0.0
ISU_ILCC_NMC,ISU_ILCC_NMC/G17C4,0.7,fixed_shift,10,True,False,False,10.0,,1.0,1.0,,1.0,0,0.0,1,1,1.0,9,0,0.0
ISU_ILCC_NMC,ISU_ILCC_NMC/G17C4,0.7,pchp_method,10,True,False,False,10.0,,1.0,1.0,,1.0,0,0.0,1,1,1.0,9,0,0.0
ISU_ILCC_NMC,ISU_ILCC_NMC/G17C4,0.8,protected_state,10,True,False,False,9.0,,2.0,2.0,,1.0,0,0.0,2,2,1.0,8,0,0.0
ISU_ILCC_NMC,ISU_ILCC_NMC/G17C4,0.8,fixed_shift,10,True,False,False,9.0,,2.0,2.0,,1.0,0,0.0,2,2,1.0,8,0,0.0
ISU_ILCC_NMC,ISU_ILCC_NMC/G17C4,0.8,pchp_method,10,True,False,False,9.0,,2.0,2.0,,1.0,0,0.0,2,2,1.0,8,0,0.0
ISU_ILCC_NMC,ISU_ILCC_NMC/G17C4,0.9,protected_state,10,True,False,False,6.0,,5.0,5.0,,1.0,0,0.0,5,5,1.0,5,0,0.0
ISU_ILCC_NMC,ISU_ILCC_NMC/G17C4,0.9,fixed_shift,10,True,False,False,6.0,,5.0,5.0,,1.0,0,0.0,5,5,1.0,5,0,0.0
ISU_ILCC_NMC,ISU_ILCC_NMC/G17C4,0.9,pchp_method,10,True,False,False,6.0,,5.0,5.0,,1.0,0,0.0,5,5,1.0,5,0,0.0
ISU_ILCC_NMC,ISU_ILCC_NMC/G18C1,0.7,protected_state,68,True,False,False,44.0,,25.0,25.0,,1.0,0,0.0,25,25,1.0,43,0,0.0
ISU_ILCC_NMC,ISU_ILCC_NMC/G18C1,0.7,fixed_shift,68,True,False,False,44.0,,25.0,25.0,,1.0,0,0.0,25,25,1.0,43,0,0.0
ISU_ILCC_NMC,ISU_ILCC_NMC/G18C1,0.7,pchp_method,68,True,False,False,44.0,,25.0,25.0,,1.0,0,0.0,25,25,1.0,43,0,0.0
ISU_ILCC_NMC,ISU_ILCC_NMC/G18C1,0.8,protected_state,68,True,False,False,29.0,,40.0,40.0,,1.0,0,0.0,40,40,1.0,28,0,0.0
ISU_ILCC_NMC,ISU_ILCC_NMC/G18C1,0.8,fixed_shift,68,True,False,False,29.0,,40.0,40.0,,1.0,0,0.0,40,40,1.0,28,0,0.0
ISU_ILCC_NMC,ISU_ILCC_NMC/G18C1,0.8,pchp_method,68,True,False,False,29.0,,40.0,40.0,,1.0,0,0.0,40,40,1.0,28,0,0.0
ISU_ILCC_NMC,ISU_ILCC_NMC/G18C1,0.9,protected_state,68,True,False,False,15.0,,54.0,54.0,,1.0,0,0.0,54,54,1.0,14,0,0.0
ISU_ILCC_NMC,ISU_ILCC_NMC/G18C1,0.9,fixed_shift,68,True,False,False,15.0,,54.0,54.0,,1.0,0,0.0,54,54,1.0,14,0,0.0
ISU_ILCC_NMC,ISU_ILCC_NMC/G18C1,0.9,pchp_method,68,True,False,False,15.0,,54.0,54.0,,1.0,0,0.0,54,54,1.0,14,0,0.0
ISU_ILCC_NMC,ISU_ILCC_NMC/G18C2,0.7,protected_state,18,True,False,False,16.0,,3.0,3.0,,1.0,0,0.0,3,3,1.0,15,0,0.0
ISU_ILCC_NMC,ISU_ILCC_NMC/G18C2,0.7,fixed_shift,18,True,False,False,16.0,,3.0,3.0,,1.0,0,0.0,3,3,1.0,15,0,0.0
ISU_ILCC_NMC,ISU_ILCC_NMC/G18C2,0.7,pchp_method,18,True,False,False,16.0,,3.0,3.0,,1.0,0,0.0,3,3,1.0,15,0,0.0
ISU_ILCC_NMC,ISU_ILCC_NMC/G18C2,0.8,protected_state,18,True,False,False,12.0,,7.0,7.0,,1.0,0,0.0,7,7,1.0,11,0,0.0
ISU_ILCC_NMC,ISU_ILCC_NMC/G18C2,0.8,fixed_shift,18,True,False,False,12.0,,7.0,7.0,,1.0,0,0.0,7,7,1.0,11,0,0.0
ISU_ILCC_NMC,ISU_ILCC_NMC/G18C2,0.8,pchp_method,18,True,False,False,12.0,,7.0,7.0,,1.0,0,0.0,7,7,1.0,11,0,0.0
ISU_ILCC_NMC,ISU_ILCC_NMC/G18C2,0.9,protected_state,18,True,False,False,7.0,,12.0,12.0,,1.0,0,0.0,12,12,1.0,6,0,0.0
ISU_ILCC_NMC,ISU_ILCC_NMC/G18C2,0.9,fixed_shift,18,True,False,False,7.0,,12.0,12.0,,1.0,0,0.0,12,12,1.0,6,0,0.0
ISU_ILCC_NMC,ISU_ILCC_NMC/G18C2,0.9,pchp_method,18,True,False,False,7.0,,12.0,12.0,,1.0,0,0.0,12,12,1.0,6,0,0.0
ISU_ILCC_NMC,ISU_ILCC_NMC/G18C3,0.7,protected_state,18,True,False,False,16.0,,3.0,3.0,,1.0,0,0.0,3,3,1.0,15,0,0.0
ISU_ILCC_NMC,ISU_ILCC_NMC/G18C3,0.7,fixed_shift,18,True,False,False,16.0,,3.0,3.0,,1.0,0,0.0,3,3,1.0,15,0,0.0
ISU_ILCC_NMC,ISU_ILCC_NMC/G18C3,0.7,pchp_method,18,True,False,False,16.0,,3.0,3.0,,1.0,0,0.0,3,3,1.0,15,0,0.0
ISU_ILCC_NMC,ISU_ILCC_NMC/G18C3,0.8,protected_state,18,True,False,False,12.0,,7.0,7.0,,1.0,0,0.0,7,7,1.0,11,0,0.0
ISU_ILCC_NMC,ISU_ILCC_NMC/G18C3,0.8,fixed_shift,18,True,False,False,12.0,,7.0,7.0,,1.0,0,0.0,7,7,1.0,11,0,0.0
ISU_ILCC_NMC,ISU_ILCC_NMC/G18C3,0.8,pchp_method,18,True,False,False,12.0,,7.0,7.0,,1.0,0,0.0,7,7,1.0,11,0,0.0
ISU_ILCC_NMC,ISU_ILCC_NMC/G18C3,0.9,protected_state,18,True,False,False,7.0,,12.0,12.0,,1.0,0,0.0,12,12,1.0,6,0,0.0
ISU_ILCC_NMC,ISU_ILCC_NMC/G18C3,0.9,fixed_shift,18,True,False,False,7.0,,12.0,12.0,,1.0,0,0.0,12,12,1.0,6,0,0.0
ISU_ILCC_NMC,ISU_ILCC_NMC/G18C3,0.9,pchp_method,18,True,False,False,7.0,,12.0,12.0,,1.0,0,0.0,12,12,1.0,6,0,0.0
ISU_ILCC_NMC,ISU_ILCC_NMC/G18C4,0.7,protected_state,16,True,False,False,13.0,,4.0,4.0,,1.0,0,0.0,4,4,1.0,12,0,0.0
ISU_ILCC_NMC,ISU_ILCC_NMC/G18C4,0.7,fixed_shift,16,True,False,False,13.0,,4.0,4.0,,1.0,0,0.0,4,4,1.0,12,0,0.0
ISU_ILCC_NMC,ISU_ILCC_NMC/G18C4,0.7,pchp_method,16,True,False,False,13.0,,4.0,4.0,,1.0,0,0.0,4,4,1.0,12,0,0.0
ISU_ILCC_NMC,ISU_ILCC_NMC/G18C4,0.8,protected_state,16,True,False,False,10.0,,7.0,7.0,,1.0,0,0.0,7,7,1.0,9,0,0.0
ISU_ILCC_NMC,ISU_ILCC_NMC/G18C4,0.8,fixed_shift,16,True,False,False,10.0,,7.0,7.0,,1.0,0,0.0,7,7,1.0,9,0,0.0
ISU_ILCC_NMC,ISU_ILCC_NMC/G18C4,0.8,pchp_method,16,True,False,False,10.0,,7.0,7.0,,1.0,0,0.0,7,7,1.0,9,0,0.0
ISU_ILCC_NMC,ISU_ILCC_NMC/G18C4,0.9,protected_state,16,True,False,False,6.0,,11.0,11.0,,1.0,0,0.0,11,11,1.0,5,0,0.0
ISU_ILCC_NMC,ISU_ILCC_NMC/G18C4,0.9,fixed_shift,16,True,False,False,6.0,,11.0,11.0,,1.0,0,0.0,11,11,1.0,5,0,0.0
ISU_ILCC_NMC,ISU_ILCC_NMC/G18C4,0.9,pchp_method,16,True,False,False,6.0,,11.0,11.0,,1.0,0,0.0,11,11,1.0,5,0,0.0
ISU_ILCC_NMC,ISU_ILCC_NMC/G19C1,0.7,protected_state,7,False,False,False,,,,,,,0,,0,0,,7,0,0.0
ISU_ILCC_NMC,ISU_ILCC_NMC/G19C1,0.7,fixed_shift,7,False,False,False,,,,,,,0,,0,0,,7,0,0.0
ISU_ILCC_NMC,ISU_ILCC_NMC/G19C1,0.7,pchp_method,7,False,False,False,,,,,,,0,,0,0,,7,0,0.0
ISU_ILCC_NMC,ISU_ILCC_NMC/G19C1,0.8,protected_state,7,True,False,False,6.0,,2.0,2.0,,1.0,0,0.0,2,2,1.0,5,0,0.0
ISU_ILCC_NMC,ISU_ILCC_NMC/G19C1,0.8,fixed_shift,7,True,False,False,6.0,,2.0,2.0,,1.0,0,0.0,2,2,1.0,5,0,0.0
ISU_ILCC_NMC,ISU_ILCC_NMC/G19C1,0.8,pchp_method,7,True,False,False,6.0,,2.0,2.0,,1.0,0,0.0,2,2,1.0,5,0,0.0
ISU_ILCC_NMC,ISU_ILCC_NMC/G19C1,0.9,protected_state,7,True,False,False,4.0,,4.0,4.0,,1.0,0,0.0,4,4,1.0,3,0,0.0
ISU_ILCC_NMC,ISU_ILCC_NMC/G19C1,0.9,fixed_shift,7,True,False,False,4.0,,4.0,4.0,,1.0,0,0.0,4,4,1.0,3,0,0.0
ISU_ILCC_NMC,ISU_ILCC_NMC/G19C1,0.9,pchp_method,7,True,False,False,4.0,,4.0,4.0,,1.0,0,0.0,4,4,1.0,3,0,0.0
ISU_ILCC_NMC,ISU_ILCC_NMC/G19C2,0.7,protected_state,5,False,False,False,,,,,,,0,,0,0,,5,0,0.0
ISU_ILCC_NMC,ISU_ILCC_NMC/G19C2,0.7,fixed_shift,5,False,False,False,,,,,,,0,,0,0,,5,0,0.0
ISU_ILCC_NMC,ISU_ILCC_NMC/G19C2,0.7,pchp_method,5,False,False,False,,,,,,,0,,0,0,,5,0,0.0
ISU_ILCC_NMC,ISU_ILCC_NMC/G19C2,0.8,protected_state,5,True,False,False,5.0,,1.0,1.0,,1.0,0,0.0,1,1,1.0,4,0,0.0
ISU_ILCC_NMC,ISU_ILCC_NMC/G19C2,0.8,fixed_shift,5,True,False,False,5.0,,1.0,1.0,,1.0,0,0.0,1,1,1.0,4,0,0.0
ISU_ILCC_NMC,ISU_ILCC_NMC/G19C2,0.8,pchp_method,5,True,False,False,5.0,,1.0,1.0,,1.0,0,0.0,1,1,1.0,4,0,0.0
ISU_ILCC_NMC,ISU_ILCC_NMC/G19C2,0.9,protected_state,5,True,False,False,3.0,,3.0,3.0,,1.0,0,0.0,3,3,1.0,2,0,0.0
ISU_ILCC_NMC,ISU_ILCC_NMC/G19C2,0.9,fixed_shift,5,True,False,False,3.0,,3.0,3.0,,1.0,0,0.0,3,3,1.0,2,0,0.0
ISU_ILCC_NMC,ISU_ILCC_NMC/G19C2,0.9,pchp_method,5,True,False,False,3.0,,3.0,3.0,,1.0,0,0.0,3,3,1.0,2,0,0.0
ISU_ILCC_NMC,ISU_ILCC_NMC/G19C3,0.7,protected_state,8,False,False,False,,,,,,,0,,0,0,,8,0,0.0
ISU_ILCC_NMC,ISU_ILCC_NMC/G19C3,0.7,fixed_shift,8,False,False,False,,,,,,,0,,0,0,,8,0,0.0
ISU_ILCC_NMC,ISU_ILCC_NMC/G19C3,0.7,pchp_method,8,False,False,False,,,,,,,0,,0,0,,8,0,0.0
ISU_ILCC_NMC,ISU_ILCC_NMC/G19C3,0.8,protected_state,8,True,False,False,7.0,,2.0,2.0,,1.0,0,0.0,2,2,1.0,6,0,0.0
ISU_ILCC_NMC,ISU_ILCC_NMC/G19C3,0.8,fixed_shift,8,True,False,False,7.0,,2.0,2.0,,1.0,0,0.0,2,2,1.0,6,0,0.0
ISU_ILCC_NMC,ISU_ILCC_NMC/G19C3,0.8,pchp_method,8,True,False,False,7.0,,2.0,2.0,,1.0,0,0.0,2,2,1.0,6,0,0.0
ISU_ILCC_NMC,ISU_ILCC_NMC/G19C3,0.9,protected_state,8,True,False,False,5.0,,4.0,4.0,,1.0,0,0.0,4,4,1.0,4,0,0.0
ISU_ILCC_NMC,ISU_ILCC_NMC/G19C3,0.9,fixed_shift,8,True,False,False,5.0,,4.0,4.0,,1.0,0,0.0,4,4,1.0,4,0,0.0
ISU_ILCC_NMC,ISU_ILCC_NMC/G19C3,0.9,pchp_method,8,True,False,False,5.0,,4.0,4.0,,1.0,0,0.0,4,4,1.0,4,0,0.0
ISU_ILCC_NMC,ISU_ILCC_NMC/G19C4,0.7,protected_state,1,False,False,False,,,,,,,0,,0,0,,1,0,0.0
ISU_ILCC_NMC,ISU_ILCC_NMC/G19C4,0.7,fixed_shift,1,False,False,False,,,,,,,0,,0,0,,1,0,0.0
ISU_ILCC_NMC,ISU_ILCC_NMC/G19C4,0.7,pchp_method,1,False,False,False,,,,,,,0,,0,0,,1,0,0.0
ISU_ILCC_NMC,ISU_ILCC_NMC/G19C4,0.8,protected_state,1,True,False,False,1.0,,1.0,1.0,,1.0,0,0.0,1,1,1.0,0,0,
ISU_ILCC_NMC,ISU_ILCC_NMC/G19C4,0.8,fixed_shift,1,True,False,False,1.0,,1.0,1.0,,1.0,0,0.0,1,1,1.0,0,0,
ISU_ILCC_NMC,ISU_ILCC_NMC/G19C4,0.8,pchp_method,1,True,False,False,1.0,,1.0,1.0,,1.0,0,0.0,1,1,1.0,0,0,
ISU_ILCC_NMC,ISU_ILCC_NMC/G19C4,0.9,protected_state,1,True,False,False,1.0,,1.0,1.0,,1.0,0,0.0,1,1,1.0,0,0,
ISU_ILCC_NMC,ISU_ILCC_NMC/G19C4,0.9,fixed_shift,1,True,False,False,1.0,,1.0,1.0,,1.0,0,0.0,1,1,1.0,0,0,
ISU_ILCC_NMC,ISU_ILCC_NMC/G19C4,0.9,pchp_method,1,True,False,False,1.0,,1.0,1.0,,1.0,0,0.0,1,1,1.0,0,0,
ISU_ILCC_NMC,ISU_ILCC_NMC/G1C1,0.7,protected_state,47,True,False,False,39.0,,9.0,9.0,,1.0,0,0.0,9,9,1.0,38,0,0.0
ISU_ILCC_NMC,ISU_ILCC_NMC/G1C1,0.7,fixed_shift,47,True,False,False,39.0,,9.0,9.0,,1.0,0,0.0,9,9,1.0,38,0,0.0
ISU_ILCC_NMC,ISU_ILCC_NMC/G1C1,0.7,pchp_method,47,True,False,False,39.0,,9.0,9.0,,1.0,0,0.0,9,9,1.0,38,0,0.0
ISU_ILCC_NMC,ISU_ILCC_NMC/G1C1,0.8,protected_state,47,True,False,False,35.0,,13.0,13.0,,1.0,0,0.0,13,13,1.0,34,0,0.0
ISU_ILCC_NMC,ISU_ILCC_NMC/G1C1,0.8,fixed_shift,47,True,False,False,35.0,,13.0,13.0,,1.0,0,0.0,13,13,1.0,34,0,0.0
ISU_ILCC_NMC,ISU_ILCC_NMC/G1C1,0.8,pchp_method,47,True,False,False,35.0,,13.0,13.0,,1.0,0,0.0,13,13,1.0,34,0,0.0
ISU_ILCC_NMC,ISU_ILCC_NMC/G1C1,0.9,protected_state,47,True,False,False,25.0,,23.0,23.0,,1.0,0,0.0,23,23,1.0,24,0,0.0
ISU_ILCC_NMC,ISU_ILCC_NMC/G1C1,0.9,fixed_shift,47,True,False,False,25.0,,23.0,23.0,,1.0,0,0.0,23,23,1.0,24,0,0.0
ISU_ILCC_NMC,ISU_ILCC_NMC/G1C1,0.9,pchp_method,47,True,False,False,25.0,,23.0,23.0,,1.0,0,0.0,23,23,1.0,24,0,0.0
ISU_ILCC_NMC,ISU_ILCC_NMC/G1C2,0.7,protected_state,57,True,False,False,46.0,,12.0,12.0,,1.0,0,0.0,12,12,1.0,45,0,0.0
ISU_ILCC_NMC,ISU_ILCC_NMC/G1C2,0.7,fixed_shift,57,True,False,False,46.0,,12.0,12.0,,1.0,0,0.0,12,12,1.0,45,0,0.0
ISU_ILCC_NMC,ISU_ILCC_NMC/G1C2,0.7,pchp_method,57,True,False,False,46.0,,12.0,12.0,,1.0,0,0.0,12,12,1.0,45,0,0.0
ISU_ILCC_NMC,ISU_ILCC_NMC/G1C2,0.8,protected_state,57,True,False,False,38.0,,20.0,20.0,,1.0,0,0.0,20,20,1.0,37,0,0.0
ISU_ILCC_NMC,ISU_ILCC_NMC/G1C2,0.8,fixed_shift,57,True,False,False,38.0,,20.0,20.0,,1.0,0,0.0,20,20,1.0,37,0,0.0
ISU_ILCC_NMC,ISU_ILCC_NMC/G1C2,0.8,pchp_method,57,True,False,False,38.0,,20.0,20.0,,1.0,0,0.0,20,20,1.0,37,0,0.0
ISU_ILCC_NMC,ISU_ILCC_NMC/G1C2,0.9,protected_state,57,True,False,False,21.0,,37.0,37.0,,1.0,0,0.0,36,36,1.0,21,0,0.0
ISU_ILCC_NMC,ISU_ILCC_NMC/G1C2,0.9,fixed_shift,57,True,False,False,21.0,,37.0,37.0,,1.0,0,0.0,36,36,1.0,21,0,0.0
ISU_ILCC_NMC,ISU_ILCC_NMC/G1C2,0.9,pchp_method,57,True,False,False,21.0,,37.0,37.0,,1.0,0,0.0,36,36,1.0,21,0,0.0
ISU_ILCC_NMC,ISU_ILCC_NMC/G1C3,0.7,protected_state,63,True,False,False,52.0,,12.0,12.0,,1.0,0,0.0,12,12,1.0,51,0,0.0
ISU_ILCC_NMC,ISU_ILCC_NMC/G1C3,0.7,fixed_shift,63,True,False,False,52.0,,12.0,12.0,,1.0,0,0.0,12,12,1.0,51,0,0.0
ISU_ILCC_NMC,ISU_ILCC_NMC/G1C3,0.7,pchp_method,63,True,False,False,52.0,,12.0,12.0,,1.0,0,0.0,12,12,1.0,51,0,0.0
ISU_ILCC_NMC,ISU_ILCC_NMC/G1C3,0.8,protected_state,63,True,False,False,42.0,,22.0,22.0,,1.0,0,0.0,22,22,1.0,41,0,0.0
ISU_ILCC_NMC,ISU_ILCC_NMC/G1C3,0.8,fixed_shift,63,True,False,False,42.0,,22.0,22.0,,1.0,0,0.0,22,22,1.0,41,0,0.0
ISU_ILCC_NMC,ISU_ILCC_NMC/G1C3,0.8,pchp_method,63,True,False,False,42.0,,22.0,22.0,,1.0,0,0.0,22,22,1.0,41,0,0.0
ISU_ILCC_NMC,ISU_ILCC_NMC/G1C3,0.9,protected_state,63,True,False,False,21.0,,43.0,43.0,,1.0,0,0.0,43,43,1.0,20,0,0.0
ISU_ILCC_NMC,ISU_ILCC_NMC/G1C3,0.9,fixed_shift,63,True,False,False,21.0,,43.0,43.0,,1.0,0,0.0,43,43,1.0,20,0,0.0
ISU_ILCC_NMC,ISU_ILCC_NMC/G1C3,0.9,pchp_method,63,True,False,False,21.0,,43.0,43.0,,1.0,0,0.0,43,43,1.0,20,0,0.0
ISU_ILCC_NMC,ISU_ILCC_NMC/G1C4,0.7,protected_state,26,True,False,False,24.0,,3.0,3.0,,1.0,0,0.0,3,3,1.0,23,0,0.0
ISU_ILCC_NMC,ISU_ILCC_NMC/G1C4,0.7,fixed_shift,26,True,False,False,24.0,,3.0,3.0,,1.0,0,0.0,3,3,1.0,23,0,0.0
ISU_ILCC_NMC,ISU_ILCC_NMC/G1C4,0.7,pchp_method,26,True,False,False,24.0,,3.0,3.0,,1.0,0,0.0,3,3,1.0,23,0,0.0
ISU_ILCC_NMC,ISU_ILCC_NMC/G1C4,0.8,protected_state,26,True,False,False,20.0,,7.0,7.0,,1.0,0,0.0,7,7,1.0,19,0,0.0
ISU_ILCC_NMC,ISU_ILCC_NMC/G1C4,0.8,fixed_shift,26,True,False,False,20.0,,7.0,7.0,,1.0,0,0.0,7,7,1.0,19,0,0.0
ISU_ILCC_NMC,ISU_ILCC_NMC/G1C4,0.8,pchp_method,26,True,False,False,20.0,,7.0,7.0,,1.0,0,0.0,7,7,1.0,19,0,0.0
ISU_ILCC_NMC,ISU_ILCC_NMC/G1C4,0.9,protected_state,26,True,False,False,15.0,,12.0,12.0,,1.0,0,0.0,12,12,1.0,14,0,0.0
ISU_ILCC_NMC,ISU_ILCC_NMC/G1C4,0.9,fixed_shift,26,True,False,False,15.0,,12.0,12.0,,1.0,0,0.0,12,12,1.0,14,0,0.0
ISU_ILCC_NMC,ISU_ILCC_NMC/G1C4,0.9,pchp_method,26,True,False,False,15.0,,12.0,12.0,,1.0,0,0.0,12,12,1.0,14,0,0.0
ISU_ILCC_NMC,ISU_ILCC_NMC/G20C1,0.7,protected_state,4,True,False,False,4.0,,1.0,1.0,,1.0,0,0.0,1,1,1.0,3,0,0.0
ISU_ILCC_NMC,ISU_ILCC_NMC/G20C1,0.7,fixed_shift,4,True,False,False,4.0,,1.0,1.0,,1.0,0,0.0,1,1,1.0,3,0,0.0
ISU_ILCC_NMC,ISU_ILCC_NMC/G20C1,0.7,pchp_method,4,True,False,False,4.0,,1.0,1.0,,1.0,0,0.0,1,1,1.0,3,0,0.0
ISU_ILCC_NMC,ISU_ILCC_NMC/G20C1,0.8,protected_state,4,True,False,False,3.0,,2.0,2.0,,1.0,0,0.0,2,2,1.0,2,0,0.0
ISU_ILCC_NMC,ISU_ILCC_NMC/G20C1,0.8,fixed_shift,4,True,False,False,3.0,,2.0,2.0,,1.0,0,0.0,2,2,1.0,2,0,0.0
ISU_ILCC_NMC,ISU_ILCC_NMC/G20C1,0.8,pchp_method,4,True,False,False,3.0,,2.0,2.0,,1.0,0,0.0,2,2,1.0,2,0,0.0
ISU_ILCC_NMC,ISU_ILCC_NMC/G20C1,0.9,protected_state,4,True,False,False,2.0,,3.0,3.0,,1.0,0,0.0,3,3,1.0,1,0,0.0
ISU_ILCC_NMC,ISU_ILCC_NMC/G20C1,0.9,fixed_shift,4,True,False,False,2.0,,3.0,3.0,,1.0,0,0.0,3,3,1.0,1,0,0.0
ISU_ILCC_NMC,ISU_ILCC_NMC/G20C1,0.9,pchp_method,4,True,False,False,2.0,,3.0,3.0,,1.0,0,0.0,3,3,1.0,1,0,0.0
ISU_ILCC_NMC,ISU_ILCC_NMC/G20C2,0.7,protected_state,5,True,False,False,5.0,,1.0,1.0,,1.0,0,0.0,1,1,1.0,4,0,0.0
ISU_ILCC_NMC,ISU_ILCC_NMC/G20C2,0.7,fixed_shift,5,True,False,False,5.0,,1.0,1.0,,1.0,0,0.0,1,1,1.0,4,0,0.0
ISU_ILCC_NMC,ISU_ILCC_NMC/G20C2,0.7,pchp_method,5,True,False,False,5.0,,1.0,1.0,,1.0,0,0.0,1,1,1.0,4,0,0.0
ISU_ILCC_NMC,ISU_ILCC_NMC/G20C2,0.8,protected_state,5,True,False,False,4.0,,2.0,2.0,,1.0,0,0.0,2,2,1.0,3,0,0.0
ISU_ILCC_NMC,ISU_ILCC_NMC/G20C2,0.8,fixed_shift,5,True,False,False,4.0,,2.0,2.0,,1.0,0,0.0,2,2,1.0,3,0,0.0
ISU_ILCC_NMC,ISU_ILCC_NMC/G20C2,0.8,pchp_method,5,True,False,False,4.0,,2.0,2.0,,1.0,0,0.0,2,2,1.0,3,0,0.0
ISU_ILCC_NMC,ISU_ILCC_NMC/G20C2,0.9,protected_state,5,True,False,False,3.0,,3.0,3.0,,1.0,0,0.0,3,3,1.0,2,0,0.0
ISU_ILCC_NMC,ISU_ILCC_NMC/G20C2,0.9,fixed_shift,5,True,False,False,3.0,,3.0,3.0,,1.0,0,0.0,3,3,1.0,2,0,0.0
ISU_ILCC_NMC,ISU_ILCC_NMC/G20C2,0.9,pchp_method,5,True,False,False,3.0,,3.0,3.0,,1.0,0,0.0,3,3,1.0,2,0,0.0
ISU_ILCC_NMC,ISU_ILCC_NMC/G20C3,0.7,protected_state,11,True,False,False,10.0,,2.0,2.0,,1.0,0,0.0,2,2,1.0,9,0,0.0
ISU_ILCC_NMC,ISU_ILCC_NMC/G20C3,0.7,fixed_shift,11,True,False,False,10.0,,2.0,2.0,,1.0,0,0.0,2,2,1.0,9,0,0.0
ISU_ILCC_NMC,ISU_ILCC_NMC/G20C3,0.7,pchp_method,11,True,False,False,10.0,,2.0,2.0,,1.0,0,0.0,2,2,1.0,9,0,0.0
ISU_ILCC_NMC,ISU_ILCC_NMC/G20C3,0.8,protected_state,11,True,False,False,6.0,,6.0,6.0,,1.0,0,0.0,6,6,1.0,5,0,0.0
ISU_ILCC_NMC,ISU_ILCC_NMC/G20C3,0.8,fixed_shift,11,True,False,False,6.0,,6.0,6.0,,1.0,0,0.0,6,6,1.0,5,0,0.0
ISU_ILCC_NMC,ISU_ILCC_NMC/G20C3,0.8,pchp_method,11,True,False,False,6.0,,6.0,6.0,,1.0,0,0.0,6,6,1.0,5,0,0.0
ISU_ILCC_NMC,ISU_ILCC_NMC/G20C3,0.9,protected_state,11,True,False,False,1.0,,11.0,11.0,,1.0,0,0.0,11,11,1.0,0,0,
ISU_ILCC_NMC,ISU_ILCC_NMC/G20C3,0.9,fixed_shift,11,True,False,False,1.0,,11.0,11.0,,1.0,0,0.0,11,11,1.0,0,0,
ISU_ILCC_NMC,ISU_ILCC_NMC/G20C3,0.9,pchp_method,11,True,False,False,1.0,,11.0,11.0,,1.0,0,0.0,11,11,1.0,0,0,
ISU_ILCC_NMC,ISU_ILCC_NMC/G20C4,0.7,protected_state,11,True,False,False,11.0,,1.0,1.0,,1.0,0,0.0,1,1,1.0,10,0,0.0
ISU_ILCC_NMC,ISU_ILCC_NMC/G20C4,0.7,fixed_shift,11,True,False,False,11.0,,1.0,1.0,,1.0,0,0.0,1,1,1.0,10,0,0.0
ISU_ILCC_NMC,ISU_ILCC_NMC/G20C4,0.7,pchp_method,11,True,False,False,11.0,,1.0,1.0,,1.0,0,0.0,1,1,1.0,10,0,0.0
ISU_ILCC_NMC,ISU_ILCC_NMC/G20C4,0.8,protected_state,11,True,False,False,9.0,,3.0,3.0,,1.0,0,0.0,3,3,1.0,8,0,0.0
ISU_ILCC_NMC,ISU_ILCC_NMC/G20C4,0.8,fixed_shift,11,True,False,False,9.0,,3.0,3.0,,1.0,0,0.0,3,3,1.0,8,0,0.0
ISU_ILCC_NMC,ISU_ILCC_NMC/G20C4,0.8,pchp_method,11,True,False,False,9.0,,3.0,3.0,,1.0,0,0.0,3,3,1.0,8,0,0.0
ISU_ILCC_NMC,ISU_ILCC_NMC/G20C4,0.9,protected_state,11,True,False,False,4.0,,8.0,8.0,,1.0,0,0.0,8,8,1.0,3,0,0.0
ISU_ILCC_NMC,ISU_ILCC_NMC/G20C4,0.9,fixed_shift,11,True,False,False,4.0,,8.0,8.0,,1.0,0,0.0,8,8,1.0,3,0,0.0
ISU_ILCC_NMC,ISU_ILCC_NMC/G20C4,0.9,pchp_method,11,True,False,False,4.0,,8.0,8.0,,1.0,0,0.0,8,8,1.0,3,0,0.0
ISU_ILCC_NMC,ISU_ILCC_NMC/G21C1,0.7,protected_state,7,True,False,False,6.0,,2.0,2.0,,1.0,0,0.0,2,2,1.0,5,0,0.0
ISU_ILCC_NMC,ISU_ILCC_NMC/G21C1,0.7,fixed_shift,7,True,False,False,6.0,,2.0,2.0,,1.0,0,0.0,2,2,1.0,5,0,0.0
ISU_ILCC_NMC,ISU_ILCC_NMC/G21C1,0.7,pchp_method,7,True,False,False,6.0,,2.0,2.0,,1.0,0,0.0,2,2,1.0,5,0,0.0
ISU_ILCC_NMC,ISU_ILCC_NMC/G21C1,0.8,protected_state,7,True,False,False,6.0,,2.0,2.0,,1.0,0,0.0,2,2,1.0,5,0,0.0
ISU_ILCC_NMC,ISU_ILCC_NMC/G21C1,0.8,fixed_shift,7,True,False,False,6.0,,2.0,2.0,,1.0,0,0.0,2,2,1.0,5,0,0.0
ISU_ILCC_NMC,ISU_ILCC_NMC/G21C1,0.8,pchp_method,7,True,False,False,6.0,,2.0,2.0,,1.0,0,0.0,2,2,1.0,5,0,0.0
ISU_ILCC_NMC,ISU_ILCC_NMC/G21C1,0.9,protected_state,7,True,False,False,3.0,,5.0,5.0,,1.0,0,0.0,5,5,1.0,2,0,0.0
ISU_ILCC_NMC,ISU_ILCC_NMC/G21C1,0.9,fixed_shift,7,True,False,False,3.0,,5.0,5.0,,1.0,0,0.0,5,5,1.0,2,0,0.0
ISU_ILCC_NMC,ISU_ILCC_NMC/G21C1,0.9,pchp_method,7,True,False,False,3.0,,5.0,5.0,,1.0,0,0.0,5,5,1.0,2,0,0.0
ISU_ILCC_NMC,ISU_ILCC_NMC/G21C2,0.7,protected_state,13,True,False,False,12.0,,2.0,2.0,,1.0,0,0.0,2,2,1.0,11,0,0.0
ISU_ILCC_NMC,ISU_ILCC_NMC/G21C2,0.7,fixed_shift,13,True,False,False,12.0,,2.0,2.0,,1.0,0,0.0,2,2,1.0,11,0,0.0
ISU_ILCC_NMC,ISU_ILCC_NMC/G21C2,0.7,pchp_method,13,True,False,False,12.0,,2.0,2.0,,1.0,0,0.0,2,2,1.0,11,0,0.0
ISU_ILCC_NMC,ISU_ILCC_NMC/G21C2,0.8,protected_state,13,True,False,False,10.0,,4.0,4.0,,1.0,0,0.0,4,4,1.0,9,0,0.0
ISU_ILCC_NMC,ISU_ILCC_NMC/G21C2,0.8,fixed_shift,13,True,False,False,10.0,,4.0,4.0,,1.0,0,0.0,4,4,1.0,9,0,0.0
ISU_ILCC_NMC,ISU_ILCC_NMC/G21C2,0.8,pchp_method,13,True,False,False,10.0,,4.0,4.0,,1.0,0,0.0,4,4,1.0,9,0,0.0
ISU_ILCC_NMC,ISU_ILCC_NMC/G21C2,0.9,protected_state,13,True,False,False,4.0,,10.0,10.0,,1.0,0,0.0,10,10,1.0,3,0,0.0
ISU_ILCC_NMC,ISU_ILCC_NMC/G21C2,0.9,fixed_shift,13,True,False,False,4.0,,10.0,10.0,,1.0,0,0.0,10,10,1.0,3,0,0.0
ISU_ILCC_NMC,ISU_ILCC_NMC/G21C2,0.9,pchp_method,13,True,False,False,4.0,,10.0,10.0,,1.0,0,0.0,10,10,1.0,3,0,0.0
ISU_ILCC_NMC,ISU_ILCC_NMC/G21C3,0.7,protected_state,9,True,False,False,9.0,,1.0,1.0,,1.0,0,0.0,1,1,1.0,8,0,0.0
ISU_ILCC_NMC,ISU_ILCC_NMC/G21C3,0.7,fixed_shift,9,True,False,False,9.0,,1.0,1.0,,1.0,0,0.0,1,1,1.0,8,0,0.0
ISU_ILCC_NMC,ISU_ILCC_NMC/G21C3,0.7,pchp_method,9,True,False,False,9.0,,1.0,1.0,,1.0,0,0.0,1,1,1.0,8,0,0.0
ISU_ILCC_NMC,ISU_ILCC_NMC/G21C3,0.8,protected_state,9,True,False,False,8.0,,2.0,2.0,,1.0,0,0.0,2,2,1.0,7,0,0.0
ISU_ILCC_NMC,ISU_ILCC_NMC/G21C3,0.8,fixed_shift,9,True,False,False,8.0,,2.0,2.0,,1.0,0,0.0,2,2,1.0,7,0,0.0
ISU_ILCC_NMC,ISU_ILCC_NMC/G21C3,0.8,pchp_method,9,True,False,False,8.0,,2.0,2.0,,1.0,0,0.0,2,2,1.0,7,0,0.0
ISU_ILCC_NMC,ISU_ILCC_NMC/G21C3,0.9,protected_state,9,True,False,False,4.0,,6.0,6.0,,1.0,0,0.0,6,6,1.0,3,0,0.0
ISU_ILCC_NMC,ISU_ILCC_NMC/G21C3,0.9,fixed_shift,9,True,False,False,4.0,,6.0,6.0,,1.0,0,0.0,6,6,1.0,3,0,0.0
ISU_ILCC_NMC,ISU_ILCC_NMC/G21C3,0.9,pchp_method,9,True,False,False,4.0,,6.0,6.0,,1.0,0,0.0,6,6,1.0,3,0,0.0
ISU_ILCC_NMC,ISU_ILCC_NMC/G21C4,0.7,protected_state,8,True,False,False,7.0,,2.0,2.0,,1.0,0,0.0,2,2,1.0,6,0,0.0
ISU_ILCC_NMC,ISU_ILCC_NMC/G21C4,0.7,fixed_shift,8,True,False,False,7.0,,2.0,2.0,,1.0,0,0.0,2,2,1.0,6,0,0.0
ISU_ILCC_NMC,ISU_ILCC_NMC/G21C4,0.7,pchp_method,8,True,False,False,7.0,,2.0,2.0,,1.0,0,0.0,2,2,1.0,6,0,0.0
ISU_ILCC_NMC,ISU_ILCC_NMC/G21C4,0.8,protected_state,8,True,False,False,7.0,,2.0,2.0,,1.0,0,0.0,2,2,1.0,6,0,0.0
ISU_ILCC_NMC,ISU_ILCC_NMC/G21C4,0.8,fixed_shift,8,True,False,False,7.0,,2.0,2.0,,1.0,0,0.0,2,2,1.0,6,0,0.0
ISU_ILCC_NMC,ISU_ILCC_NMC/G21C4,0.8,pchp_method,8,True,False,False,7.0,,2.0,2.0,,1.0,0,0.0,2,2,1.0,6,0,0.0
ISU_ILCC_NMC,ISU_ILCC_NMC/G21C4,0.9,protected_state,8,True,False,False,4.0,,5.0,5.0,,1.0,0,0.0,5,5,1.0,3,0,0.0
ISU_ILCC_NMC,ISU_ILCC_NMC/G21C4,0.9,fixed_shift,8,True,False,False,4.0,,5.0,5.0,,1.0,0,0.0,5,5,1.0,3,0,0.0
ISU_ILCC_NMC,ISU_ILCC_NMC/G21C4,0.9,pchp_method,8,True,False,False,4.0,,5.0,5.0,,1.0,0,0.0,5,5,1.0,3,0,0.0
ISU_ILCC_NMC,ISU_ILCC_NMC/G22C1,0.7,protected_state,7,True,False,False,6.0,,2.0,2.0,,1.0,0,0.0,2,2,1.0,5,0,0.0
ISU_ILCC_NMC,ISU_ILCC_NMC/G22C1,0.7,fixed_shift,7,True,False,False,6.0,,2.0,2.0,,1.0,0,0.0,2,2,1.0,5,0,0.0
ISU_ILCC_NMC,ISU_ILCC_NMC/G22C1,0.7,pchp_method,7,True,False,False,6.0,,2.0,2.0,,1.0,0,0.0,2,2,1.0,5,0,0.0
ISU_ILCC_NMC,ISU_ILCC_NMC/G22C1,0.8,protected_state,7,True,False,False,6.0,,2.0,2.0,,1.0,0,0.0,2,2,1.0,5,0,0.0
ISU_ILCC_NMC,ISU_ILCC_NMC/G22C1,0.8,fixed_shift,7,True,False,False,6.0,,2.0,2.0,,1.0,0,0.0,2,2,1.0,5,0,0.0
ISU_ILCC_NMC,ISU_ILCC_NMC/G22C1,0.8,pchp_method,7,True,False,False,6.0,,2.0,2.0,,1.0,0,0.0,2,2,1.0,5,0,0.0
ISU_ILCC_NMC,ISU_ILCC_NMC/G22C1,0.9,protected_state,7,True,False,False,4.0,,4.0,4.0,,1.0,0,0.0,4,4,1.0,3,0,0.0
ISU_ILCC_NMC,ISU_ILCC_NMC/G22C1,0.9,fixed_shift,7,True,False,False,4.0,,4.0,4.0,,1.0,0,0.0,4,4,1.0,3,0,0.0
ISU_ILCC_NMC,ISU_ILCC_NMC/G22C1,0.9,pchp_method,7,True,False,False,4.0,,4.0,4.0,,1.0,0,0.0,4,4,1.0,3,0,0.0
ISU_ILCC_NMC,ISU_ILCC_NMC/G22C2,0.7,protected_state,4,True,False,False,3.0,,2.0,2.0,,1.0,0,0.0,2,2,1.0,2,0,0.0
ISU_ILCC_NMC,ISU_ILCC_NMC/G22C2,0.7,fixed_shift,4,True,False,False,3.0,,2.0,2.0,,1.0,0,0.0,2,2,1.0,2,0,0.0
ISU_ILCC_NMC,ISU_ILCC_NMC/G22C2,0.7,pchp_method,4,True,False,False,3.0,,2.0,2.0,,1.0,0,0.0,2,2,1.0,2,0,0.0
ISU_ILCC_NMC,ISU_ILCC_NMC/G22C2,0.8,protected_state,4,True,False,False,2.0,,3.0,3.0,,1.0,0,0.0,3,3,1.0,1,0,0.0
ISU_ILCC_NMC,ISU_ILCC_NMC/G22C2,0.8,fixed_shift,4,True,False,False,2.0,,3.0,3.0,,1.0,0,0.0,3,3,1.0,1,0,0.0
ISU_ILCC_NMC,ISU_ILCC_NMC/G22C2,0.8,pchp_method,4,True,False,False,2.0,,3.0,3.0,,1.0,0,0.0,3,3,1.0,1,0,0.0
ISU_ILCC_NMC,ISU_ILCC_NMC/G22C2,0.9,protected_state,4,True,False,False,1.0,,4.0,4.0,,1.0,0,0.0,4,4,1.0,0,0,
ISU_ILCC_NMC,ISU_ILCC_NMC/G22C2,0.9,fixed_shift,4,True,False,False,1.0,,4.0,4.0,,1.0,0,0.0,4,4,1.0,0,0,
ISU_ILCC_NMC,ISU_ILCC_NMC/G22C2,0.9,pchp_method,4,True,False,False,1.0,,4.0,4.0,,1.0,0,0.0,4,4,1.0,0,0,
ISU_ILCC_NMC,ISU_ILCC_NMC/G22C3,0.7,protected_state,8,True,False,False,7.0,,2.0,2.0,,1.0,0,0.0,2,2,1.0,6,0,0.0
ISU_ILCC_NMC,ISU_ILCC_NMC/G22C3,0.7,fixed_shift,8,True,False,False,7.0,,2.0,2.0,,1.0,0,0.0,2,2,1.0,6,0,0.0
ISU_ILCC_NMC,ISU_ILCC_NMC/G22C3,0.7,pchp_method,8,True,False,False,7.0,,2.0,2.0,,1.0,0,0.0,2,2,1.0,6,0,0.0
ISU_ILCC_NMC,ISU_ILCC_NMC/G22C3,0.8,protected_state,8,True,False,False,6.0,,3.0,3.0,,1.0,0,0.0,3,3,1.0,5,0,0.0
ISU_ILCC_NMC,ISU_ILCC_NMC/G22C3,0.8,fixed_shift,8,True,False,False,6.0,,3.0,3.0,,1.0,0,0.0,3,3,1.0,5,0,0.0
ISU_ILCC_NMC,ISU_ILCC_NMC/G22C3,0.8,pchp_method,8,True,False,False,6.0,,3.0,3.0,,1.0,0,0.0,3,3,1.0,5,0,0.0
ISU_ILCC_NMC,ISU_ILCC_NMC/G22C3,0.9,protected_state,8,True,False,False,3.0,,6.0,6.0,,1.0,0,0.0,6,6,1.0,2,0,0.0
ISU_ILCC_NMC,ISU_ILCC_NMC/G22C3,0.9,fixed_shift,8,True,False,False,3.0,,6.0,6.0,,1.0,0,0.0,6,6,1.0,2,0,0.0
ISU_ILCC_NMC,ISU_ILCC_NMC/G22C3,0.9,pchp_method,8,True,False,False,3.0,,6.0,6.0,,1.0,0,0.0,6,6,1.0,2,0,0.0
ISU_ILCC_NMC,ISU_ILCC_NMC/G22C4,0.7,protected_state,6,True,False,False,5.0,,2.0,2.0,,1.0,0,0.0,2,2,1.0,4,0,0.0
ISU_ILCC_NMC,ISU_ILCC_NMC/G22C4,0.7,fixed_shift,6,True,False,False,5.0,,2.0,2.0,,1.0,0,0.0,2,2,1.0,4,0,0.0
ISU_ILCC_NMC,ISU_ILCC_NMC/G22C4,0.7,pchp_method,6,True,False,False,5.0,,2.0,2.0,,1.0,0,0.0,2,2,1.0,4,0,0.0
ISU_ILCC_NMC,ISU_ILCC_NMC/G22C4,0.8,protected_state,6,True,False,False,5.0,,2.0,2.0,,1.0,0,0.0,2,2,1.0,4,0,0.0
ISU_ILCC_NMC,ISU_ILCC_NMC/G22C4,0.8,fixed_shift,6,True,False,False,5.0,,2.0,2.0,,1.0,0,0.0,2,2,1.0,4,0,0.0
ISU_ILCC_NMC,ISU_ILCC_NMC/G22C4,0.8,pchp_method,6,True,False,False,5.0,,2.0,2.0,,1.0,0,0.0,2,2,1.0,4,0,0.0
ISU_ILCC_NMC,ISU_ILCC_NMC/G22C4,0.9,protected_state,6,True,False,False,3.0,,4.0,4.0,,1.0,0,0.0,4,4,1.0,2,0,0.0
ISU_ILCC_NMC,ISU_ILCC_NMC/G22C4,0.9,fixed_shift,6,True,False,False,3.0,,4.0,4.0,,1.0,0,0.0,4,4,1.0,2,0,0.0
ISU_ILCC_NMC,ISU_ILCC_NMC/G22C4,0.9,pchp_method,6,True,False,False,3.0,,4.0,4.0,,1.0,0,0.0,4,4,1.0,2,0,0.0
ISU_ILCC_NMC,ISU_ILCC_NMC/G23C1,0.7,protected_state,8,True,False,False,7.0,,2.0,2.0,,1.0,0,0.0,2,2,1.0,6,0,0.0
ISU_ILCC_NMC,ISU_ILCC_NMC/G23C1,0.7,fixed_shift,8,True,False,False,7.0,,2.0,2.0,,1.0,0,0.0,2,2,1.0,6,0,0.0
ISU_ILCC_NMC,ISU_ILCC_NMC/G23C1,0.7,pchp_method,8,True,False,False,7.0,,2.0,2.0,,1.0,0,0.0,2,2,1.0,6,0,0.0
ISU_ILCC_NMC,ISU_ILCC_NMC/G23C1,0.8,protected_state,8,True,False,False,5.0,,4.0,4.0,,1.0,0,0.0,4,4,1.0,4,0,0.0
ISU_ILCC_NMC,ISU_ILCC_NMC/G23C1,0.8,fixed_shift,8,True,False,False,5.0,,4.0,4.0,,1.0,0,0.0,4,4,1.0,4,0,0.0
ISU_ILCC_NMC,ISU_ILCC_NMC/G23C1,0.8,pchp_method,8,True,False,False,5.0,,4.0,4.0,,1.0,0,0.0,4,4,1.0,4,0,0.0
ISU_ILCC_NMC,ISU_ILCC_NMC/G23C1,0.9,protected_state,8,True,False,False,2.0,,7.0,7.0,,1.0,0,0.0,7,7,1.0,1,0,0.0
ISU_ILCC_NMC,ISU_ILCC_NMC/G23C1,0.9,fixed_shift,8,True,False,False,2.0,,7.0,7.0,,1.0,0,0.0,7,7,1.0,1,0,0.0
ISU_ILCC_NMC,ISU_ILCC_NMC/G23C1,0.9,pchp_method,8,True,False,False,2.0,,7.0,7.0,,1.0,0,0.0,7,7,1.0,1,0,0.0
ISU_ILCC_NMC,ISU_ILCC_NMC/G23C2,0.7,protected_state,9,True,False,False,8.0,,2.0,2.0,,1.0,0,0.0,2,2,1.0,7,0,0.0
ISU_ILCC_NMC,ISU_ILCC_NMC/G23C2,0.7,fixed_shift,9,True,False,False,8.0,,2.0,2.0,,1.0,0,0.0,2,2,1.0,7,0,0.0
ISU_ILCC_NMC,ISU_ILCC_NMC/G23C2,0.7,pchp_method,9,True,False,False,8.0,,2.0,2.0,,1.0,0,0.0,2,2,1.0,7,0,0.0
ISU_ILCC_NMC,ISU_ILCC_NMC/G23C2,0.8,protected_state,9,True,False,False,6.0,,4.0,4.0,,1.0,0,0.0,4,4,1.0,5,0,0.0
ISU_ILCC_NMC,ISU_ILCC_NMC/G23C2,0.8,fixed_shift,9,True,False,False,6.0,,4.0,4.0,,1.0,0,0.0,4,4,1.0,5,0,0.0
ISU_ILCC_NMC,ISU_ILCC_NMC/G23C2,0.8,pchp_method,9,True,False,False,6.0,,4.0,4.0,,1.0,0,0.0,4,4,1.0,5,0,0.0
ISU_ILCC_NMC,ISU_ILCC_NMC/G23C2,0.9,protected_state,9,True,False,False,4.0,,6.0,6.0,,1.0,0,0.0,6,6,1.0,3,0,0.0
ISU_ILCC_NMC,ISU_ILCC_NMC/G23C2,0.9,fixed_shift,9,True,False,False,4.0,,6.0,6.0,,1.0,0,0.0,6,6,1.0,3,0,0.0
ISU_ILCC_NMC,ISU_ILCC_NMC/G23C2,0.9,pchp_method,9,True,False,False,4.0,,6.0,6.0,,1.0,0,0.0,6,6,1.0,3,0,0.0
ISU_ILCC_NMC,ISU_ILCC_NMC/G23C3,0.7,protected_state,7,True,False,False,6.0,,2.0,2.0,,1.0,0,0.0,2,2,1.0,5,0,0.0
ISU_ILCC_NMC,ISU_ILCC_NMC/G23C3,0.7,fixed_shift,7,True,False,False,6.0,,2.0,2.0,,1.0,0,0.0,2,2,1.0,5,0,0.0
ISU_ILCC_NMC,ISU_ILCC_NMC/G23C3,0.7,pchp_method,7,True,False,False,6.0,,2.0,2.0,,1.0,0,0.0,2,2,1.0,5,0,0.0
ISU_ILCC_NMC,ISU_ILCC_NMC/G23C3,0.8,protected_state,7,True,False,False,5.0,,3.0,3.0,,1.0,0,0.0,3,3,1.0,4,0,0.0
ISU_ILCC_NMC,ISU_ILCC_NMC/G23C3,0.8,fixed_shift,7,True,False,False,5.0,,3.0,3.0,,1.0,0,0.0,3,3,1.0,4,0,0.0
ISU_ILCC_NMC,ISU_ILCC_NMC/G23C3,0.8,pchp_method,7,True,False,False,5.0,,3.0,3.0,,1.0,0,0.0,3,3,1.0,4,0,0.0
ISU_ILCC_NMC,ISU_ILCC_NMC/G23C3,0.9,protected_state,7,True,False,False,3.0,,5.0,5.0,,1.0,0,0.0,5,5,1.0,2,0,0.0
ISU_ILCC_NMC,ISU_ILCC_NMC/G23C3,0.9,fixed_shift,7,True,False,False,3.0,,5.0,5.0,,1.0,0,0.0,5,5,1.0,2,0,0.0
ISU_ILCC_NMC,ISU_ILCC_NMC/G23C3,0.9,pchp_method,7,True,False,False,3.0,,5.0,5.0,,1.0,0,0.0,5,5,1.0,2,0,0.0
ISU_ILCC_NMC,ISU_ILCC_NMC/G23C4,0.7,protected_state,9,True,False,False,8.0,,2.0,2.0,,1.0,0,0.0,2,2,1.0,7,0,0.0
ISU_ILCC_NMC,ISU_ILCC_NMC/G23C4,0.7,fixed_shift,9,True,False,False,8.0,,2.0,2.0,,1.0,0,0.0,2,2,1.0,7,0,0.0
ISU_ILCC_NMC,ISU_ILCC_NMC/G23C4,0.7,pchp_method,9,True,False,False,8.0,,2.0,2.0,,1.0,0,0.0,2,2,1.0,7,0,0.0
ISU_ILCC_NMC,ISU_ILCC_NMC/G23C4,0.8,protected_state,9,True,False,False,6.0,,4.0,4.0,,1.0,0,0.0,4,4,1.0,5,0,0.0
ISU_ILCC_NMC,ISU_ILCC_NMC/G23C4,0.8,fixed_shift,9,True,False,False,6.0,,4.0,4.0,,1.0,0,0.0,4,4,1.0,5,0,0.0
ISU_ILCC_NMC,ISU_ILCC_NMC/G23C4,0.8,pchp_method,9,True,False,False,6.0,,4.0,4.0,,1.0,0,0.0,4,4,1.0,5,0,0.0
ISU_ILCC_NMC,ISU_ILCC_NMC/G23C4,0.9,protected_state,9,True,False,False,4.0,,6.0,6.0,,1.0,0,0.0,6,6,1.0,3,0,0.0
ISU_ILCC_NMC,ISU_ILCC_NMC/G23C4,0.9,fixed_shift,9,True,False,False,4.0,,6.0,6.0,,1.0,0,0.0,6,6,1.0,3,0,0.0
ISU_ILCC_NMC,ISU_ILCC_NMC/G23C4,0.9,pchp_method,9,True,False,False,4.0,,6.0,6.0,,1.0,0,0.0,6,6,1.0,3,0,0.0
ISU_ILCC_NMC,ISU_ILCC_NMC/G24C1,0.7,protected_state,7,True,False,False,7.0,,1.0,1.0,,1.0,0,0.0,1,1,1.0,6,0,0.0
ISU_ILCC_NMC,ISU_ILCC_NMC/G24C1,0.7,fixed_shift,7,True,False,False,7.0,,1.0,1.0,,1.0,0,0.0,1,1,1.0,6,0,0.0
ISU_ILCC_NMC,ISU_ILCC_NMC/G24C1,0.7,pchp_method,7,True,False,False,7.0,,1.0,1.0,,1.0,0,0.0,1,1,1.0,6,0,0.0
ISU_ILCC_NMC,ISU_ILCC_NMC/G24C1,0.8,protected_state,7,True,False,False,6.0,,2.0,2.0,,1.0,0,0.0,2,2,1.0,5,0,0.0
ISU_ILCC_NMC,ISU_ILCC_NMC/G24C1,0.8,fixed_shift,7,True,False,False,6.0,,2.0,2.0,,1.0,0,0.0,2,2,1.0,5,0,0.0
ISU_ILCC_NMC,ISU_ILCC_NMC/G24C1,0.8,pchp_method,7,True,False,False,6.0,,2.0,2.0,,1.0,0,0.0,2,2,1.0,5,0,0.0
ISU_ILCC_NMC,ISU_ILCC_NMC/G24C1,0.9,protected_state,7,True,False,False,4.0,,4.0,4.0,,1.0,0,0.0,4,4,1.0,3,0,0.0
ISU_ILCC_NMC,ISU_ILCC_NMC/G24C1,0.9,fixed_shift,7,True,False,False,4.0,,4.0,4.0,,1.0,0,0.0,4,4,1.0,3,0,0.0
ISU_ILCC_NMC,ISU_ILCC_NMC/G24C1,0.9,pchp_method,7,True,False,False,4.0,,4.0,4.0,,1.0,0,0.0,4,4,1.0,3,0,0.0
ISU_ILCC_NMC,ISU_ILCC_NMC/G24C2,0.7,protected_state,9,True,False,False,8.0,,2.0,2.0,,1.0,0,0.0,2,2,1.0,7,0,0.0
ISU_ILCC_NMC,ISU_ILCC_NMC/G24C2,0.7,fixed_shift,9,True,False,False,8.0,,2.0,2.0,,1.0,0,0.0,2,2,1.0,7,0,0.0
ISU_ILCC_NMC,ISU_ILCC_NMC/G24C2,0.7,pchp_method,9,True,False,False,8.0,,2.0,2.0,,1.0,0,0.0,2,2,1.0,7,0,0.0
ISU_ILCC_NMC,ISU_ILCC_NMC/G24C2,0.8,protected_state,9,True,False,False,7.0,,3.0,3.0,,1.0,0,0.0,3,3,1.0,6,0,0.0
ISU_ILCC_NMC,ISU_ILCC_NMC/G24C2,0.8,fixed_shift,9,True,False,False,7.0,,3.0,3.0,,1.0,0,0.0,3,3,1.0,6,0,0.0
ISU_ILCC_NMC,ISU_ILCC_NMC/G24C2,0.8,pchp_method,9,True,False,False,7.0,,3.0,3.0,,1.0,0,0.0,3,3,1.0,6,0,0.0
ISU_ILCC_NMC,ISU_ILCC_NMC/G24C2,0.9,protected_state,9,True,False,False,4.0,,6.0,6.0,,1.0,0,0.0,6,6,1.0,3,0,0.0
ISU_ILCC_NMC,ISU_ILCC_NMC/G24C2,0.9,fixed_shift,9,True,False,False,4.0,,6.0,6.0,,1.0,0,0.0,6,6,1.0,3,0,0.0
ISU_ILCC_NMC,ISU_ILCC_NMC/G24C2,0.9,pchp_method,9,True,False,False,4.0,,6.0,6.0,,1.0,0,0.0,6,6,1.0,3,0,0.0
ISU_ILCC_NMC,ISU_ILCC_NMC/G24C3,0.7,protected_state,6,True,False,False,5.0,,2.0,2.0,,1.0,0,0.0,2,2,1.0,4,0,0.0
ISU_ILCC_NMC,ISU_ILCC_NMC/G24C3,0.7,fixed_shift,6,True,False,False,5.0,,2.0,2.0,,1.0,0,0.0,2,2,1.0,4,0,0.0
ISU_ILCC_NMC,ISU_ILCC_NMC/G24C3,0.7,pchp_method,6,True,False,False,5.0,,2.0,2.0,,1.0,0,0.0,2,2,1.0,4,0,0.0
ISU_ILCC_NMC,ISU_ILCC_NMC/G24C3,0.8,protected_state,6,True,False,False,4.0,,3.0,3.0,,1.0,0,0.0,3,3,1.0,3,0,0.0
ISU_ILCC_NMC,ISU_ILCC_NMC/G24C3,0.8,fixed_shift,6,True,False,False,4.0,,3.0,3.0,,1.0,0,0.0,3,3,1.0,3,0,0.0
ISU_ILCC_NMC,ISU_ILCC_NMC/G24C3,0.8,pchp_method,6,True,False,False,4.0,,3.0,3.0,,1.0,0,0.0,3,3,1.0,3,0,0.0
ISU_ILCC_NMC,ISU_ILCC_NMC/G24C3,0.9,protected_state,6,True,False,False,3.0,,4.0,4.0,,1.0,0,0.0,4,4,1.0,2,0,0.0
ISU_ILCC_NMC,ISU_ILCC_NMC/G24C3,0.9,fixed_shift,6,True,False,False,3.0,,4.0,4.0,,1.0,0,0.0,4,4,1.0,2,0,0.0
ISU_ILCC_NMC,ISU_ILCC_NMC/G24C3,0.9,pchp_method,6,True,False,False,3.0,,4.0,4.0,,1.0,0,0.0,4,4,1.0,2,0,0.0
ISU_ILCC_NMC,ISU_ILCC_NMC/G24C4,0.7,protected_state,7,True,False,False,7.0,,1.0,1.0,,1.0,0,0.0,1,1,1.0,6,0,0.0
ISU_ILCC_NMC,ISU_ILCC_NMC/G24C4,0.7,fixed_shift,7,True,False,False,7.0,,1.0,1.0,,1.0,0,0.0,1,1,1.0,6,0,0.0
ISU_ILCC_NMC,ISU_ILCC_NMC/G24C4,0.7,pchp_method,7,True,False,False,7.0,,1.0,1.0,,1.0,0,0.0,1,1,1.0,6,0,0.0
ISU_ILCC_NMC,ISU_ILCC_NMC/G24C4,0.8,protected_state,7,True,False,False,4.0,,4.0,4.0,,1.0,0,0.0,4,4,1.0,3,0,0.0
ISU_ILCC_NMC,ISU_ILCC_NMC/G24C4,0.8,fixed_shift,7,True,False,False,4.0,,4.0,4.0,,1.0,0,0.0,4,4,1.0,3,0,0.0
ISU_ILCC_NMC,ISU_ILCC_NMC/G24C4,0.8,pchp_method,7,True,False,False,4.0,,4.0,4.0,,1.0,0,0.0,4,4,1.0,3,0,0.0
ISU_ILCC_NMC,ISU_ILCC_NMC/G24C4,0.9,protected_state,7,True,False,False,2.0,,6.0,6.0,,1.0,0,0.0,6,6,1.0,1,0,0.0
ISU_ILCC_NMC,ISU_ILCC_NMC/G24C4,0.9,fixed_shift,7,True,False,False,2.0,,6.0,6.0,,1.0,0,0.0,6,6,1.0,1,0,0.0
ISU_ILCC_NMC,ISU_ILCC_NMC/G24C4,0.9,pchp_method,7,True,False,False,2.0,,6.0,6.0,,1.0,0,0.0,6,6,1.0,1,0,0.0
ISU_ILCC_NMC,ISU_ILCC_NMC/G25C1,0.7,protected_state,9,True,False,False,8.0,,2.0,2.0,,1.0,0,0.0,2,2,1.0,7,0,0.0
ISU_ILCC_NMC,ISU_ILCC_NMC/G25C1,0.7,fixed_shift,9,True,False,False,8.0,,2.0,2.0,,1.0,0,0.0,2,2,1.0,7,0,0.0
ISU_ILCC_NMC,ISU_ILCC_NMC/G25C1,0.7,pchp_method,9,True,False,False,8.0,,2.0,2.0,,1.0,0,0.0,2,2,1.0,7,0,0.0
ISU_ILCC_NMC,ISU_ILCC_NMC/G25C1,0.8,protected_state,9,True,False,False,7.0,,3.0,3.0,,1.0,0,0.0,3,3,1.0,6,0,0.0
ISU_ILCC_NMC,ISU_ILCC_NMC/G25C1,0.8,fixed_shift,9,True,False,False,7.0,,3.0,3.0,,1.0,0,0.0,3,3,1.0,6,0,0.0
ISU_ILCC_NMC,ISU_ILCC_NMC/G25C1,0.8,pchp_method,9,True,False,False,7.0,,3.0,3.0,,1.0,0,0.0,3,3,1.0,6,0,0.0
ISU_ILCC_NMC,ISU_ILCC_NMC/G25C1,0.9,protected_state,9,True,False,False,4.0,,6.0,6.0,,1.0,0,0.0,6,6,1.0,3,0,0.0
ISU_ILCC_NMC,ISU_ILCC_NMC/G25C1,0.9,fixed_shift,9,True,False,False,4.0,,6.0,6.0,,1.0,0,0.0,6,6,1.0,3,0,0.0
ISU_ILCC_NMC,ISU_ILCC_NMC/G25C1,0.9,pchp_method,9,True,False,False,4.0,,6.0,6.0,,1.0,0,0.0,6,6,1.0,3,0,0.0
ISU_ILCC_NMC,ISU_ILCC_NMC/G25C2,0.7,protected_state,10,True,False,False,9.0,,2.0,2.0,,1.0,0,0.0,2,2,1.0,8,0,0.0
ISU_ILCC_NMC,ISU_ILCC_NMC/G25C2,0.7,fixed_shift,10,True,False,False,9.0,,2.0,2.0,,1.0,0,0.0,2,2,1.0,8,0,0.0
ISU_ILCC_NMC,ISU_ILCC_NMC/G25C2,0.7,pchp_method,10,True,False,False,9.0,,2.0,2.0,,1.0,0,0.0,2,2,1.0,8,0,0.0
ISU_ILCC_NMC,ISU_ILCC_NMC/G25C2,0.8,protected_state,10,True,False,False,8.0,,3.0,3.0,,1.0,0,0.0,3,3,1.0,7,0,0.0
ISU_ILCC_NMC,ISU_ILCC_NMC/G25C2,0.8,fixed_shift,10,True,False,False,8.0,,3.0,3.0,,1.0,0,0.0,3,3,1.0,7,0,0.0
ISU_ILCC_NMC,ISU_ILCC_NMC/G25C2,0.8,pchp_method,10,True,False,False,8.0,,3.0,3.0,,1.0,0,0.0,3,3,1.0,7,0,0.0
ISU_ILCC_NMC,ISU_ILCC_NMC/G25C2,0.9,protected_state,10,True,False,False,5.0,,6.0,6.0,,1.0,0,0.0,6,6,1.0,4,0,0.0
ISU_ILCC_NMC,ISU_ILCC_NMC/G25C2,0.9,fixed_shift,10,True,False,False,5.0,,6.0,6.0,,1.0,0,0.0,6,6,1.0,4,0,0.0
ISU_ILCC_NMC,ISU_ILCC_NMC/G25C2,0.9,pchp_method,10,True,False,False,5.0,,6.0,6.0,,1.0,0,0.0,6,6,1.0,4,0,0.0
ISU_ILCC_NMC,ISU_ILCC_NMC/G25C3,0.7,protected_state,18,True,False,False,12.0,,7.0,7.0,,1.0,0,0.0,7,7,1.0,11,0,0.0
ISU_ILCC_NMC,ISU_ILCC_NMC/G25C3,0.7,fixed_shift,18,True,False,False,12.0,,7.0,7.0,,1.0,0,0.0,7,7,1.0,11,0,0.0
ISU_ILCC_NMC,ISU_ILCC_NMC/G25C3,0.7,pchp_method,18,True,False,False,12.0,,7.0,7.0,,1.0,0,0.0,7,7,1.0,11,0,0.0
ISU_ILCC_NMC,ISU_ILCC_NMC/G25C3,0.8,protected_state,18,True,False,False,9.0,,10.0,10.0,,1.0,0,0.0,10,10,1.0,8,0,0.0
ISU_ILCC_NMC,ISU_ILCC_NMC/G25C3,0.8,fixed_shift,18,True,False,False,9.0,,10.0,10.0,,1.0,0,0.0,10,10,1.0,8,0,0.0
ISU_ILCC_NMC,ISU_ILCC_NMC/G25C3,0.8,pchp_method,18,True,False,False,9.0,,10.0,10.0,,1.0,0,0.0,10,10,1.0,8,0,0.0
ISU_ILCC_NMC,ISU_ILCC_NMC/G25C3,0.9,protected_state,18,True,False,False,6.0,,13.0,13.0,,1.0,0,0.0,13,13,1.0,5,0,0.0
ISU_ILCC_NMC,ISU_ILCC_NMC/G25C3,0.9,fixed_shift,18,True,False,False,6.0,,13.0,13.0,,1.0,0,0.0,13,13,1.0,5,0,0.0
ISU_ILCC_NMC,ISU_ILCC_NMC/G25C3,0.9,pchp_method,18,True,False,False,6.0,,13.0,13.0,,1.0,0,0.0,13,13,1.0,5,0,0.0
ISU_ILCC_NMC,ISU_ILCC_NMC/G25C4,0.7,protected_state,41,True,False,False,26.0,,16.0,16.0,,1.0,0,0.0,16,16,1.0,25,0,0.0
ISU_ILCC_NMC,ISU_ILCC_NMC/G25C4,0.7,fixed_shift,41,True,False,False,26.0,,16.0,16.0,,1.0,0,0.0,16,16,1.0,25,0,0.0
ISU_ILCC_NMC,ISU_ILCC_NMC/G25C4,0.7,pchp_method,41,True,False,False,26.0,,16.0,16.0,,1.0,0,0.0,16,16,1.0,25,0,0.0
ISU_ILCC_NMC,ISU_ILCC_NMC/G25C4,0.8,protected_state,41,True,False,False,19.0,,23.0,23.0,,1.0,0,0.0,23,23,1.0,18,0,0.0
ISU_ILCC_NMC,ISU_ILCC_NMC/G25C4,0.8,fixed_shift,41,True,False,False,19.0,,23.0,23.0,,1.0,0,0.0,23,23,1.0,18,0,0.0
ISU_ILCC_NMC,ISU_ILCC_NMC/G25C4,0.8,pchp_method,41,True,False,False,19.0,,23.0,23.0,,1.0,0,0.0,23,23,1.0,18,0,0.0
ISU_ILCC_NMC,ISU_ILCC_NMC/G25C4,0.9,protected_state,41,True,False,False,9.0,,33.0,33.0,,1.0,0,0.0,33,33,1.0,8,0,0.0
ISU_ILCC_NMC,ISU_ILCC_NMC/G25C4,0.9,fixed_shift,41,True,False,False,9.0,,33.0,33.0,,1.0,0,0.0,33,33,1.0,8,0,0.0
ISU_ILCC_NMC,ISU_ILCC_NMC/G25C4,0.9,pchp_method,41,True,False,False,9.0,,33.0,33.0,,1.0,0,0.0,33,33,1.0,8,0,0.0
ISU_ILCC_NMC,ISU_ILCC_NMC/G26C1,0.7,protected_state,23,True,False,False,22.0,,2.0,2.0,,1.0,0,0.0,2,2,1.0,21,0,0.0
ISU_ILCC_NMC,ISU_ILCC_NMC/G26C1,0.7,fixed_shift,23,True,False,False,22.0,,2.0,2.0,,1.0,0,0.0,2,2,1.0,21,0,0.0
ISU_ILCC_NMC,ISU_ILCC_NMC/G26C1,0.7,pchp_method,23,True,False,False,22.0,,2.0,2.0,,1.0,0,0.0,2,2,1.0,21,0,0.0
ISU_ILCC_NMC,ISU_ILCC_NMC/G26C1,0.8,protected_state,23,True,False,False,21.0,,3.0,3.0,,1.0,0,0.0,3,3,1.0,20,0,0.0
ISU_ILCC_NMC,ISU_ILCC_NMC/G26C1,0.8,fixed_shift,23,True,False,False,21.0,,3.0,3.0,,1.0,0,0.0,3,3,1.0,20,0,0.0
ISU_ILCC_NMC,ISU_ILCC_NMC/G26C1,0.8,pchp_method,23,True,False,False,21.0,,3.0,3.0,,1.0,0,0.0,3,3,1.0,20,0,0.0
ISU_ILCC_NMC,ISU_ILCC_NMC/G26C1,0.9,protected_state,23,True,False,False,16.0,,8.0,8.0,,1.0,0,0.0,8,8,1.0,15,0,0.0
ISU_ILCC_NMC,ISU_ILCC_NMC/G26C1,0.9,fixed_shift,23,True,False,False,16.0,,8.0,8.0,,1.0,0,0.0,8,8,1.0,15,0,0.0
ISU_ILCC_NMC,ISU_ILCC_NMC/G26C1,0.9,pchp_method,23,True,False,False,16.0,,8.0,8.0,,1.0,0,0.0,8,8,1.0,15,0,0.0
ISU_ILCC_NMC,ISU_ILCC_NMC/G26C2,0.7,protected_state,41,True,False,False,38.0,,4.0,4.0,,1.0,0,0.0,4,4,1.0,37,0,0.0
ISU_ILCC_NMC,ISU_ILCC_NMC/G26C2,0.7,fixed_shift,41,True,False,False,38.0,,4.0,4.0,,1.0,0,0.0,4,4,1.0,37,0,0.0
ISU_ILCC_NMC,ISU_ILCC_NMC/G26C2,0.7,pchp_method,41,True,False,False,38.0,,4.0,4.0,,1.0,0,0.0,4,4,1.0,37,0,0.0
ISU_ILCC_NMC,ISU_ILCC_NMC/G26C2,0.8,protected_state,41,True,False,False,32.0,,10.0,10.0,,1.0,0,0.0,10,10,1.0,31,0,0.0
ISU_ILCC_NMC,ISU_ILCC_NMC/G26C2,0.8,fixed_shift,41,True,False,False,32.0,,10.0,10.0,,1.0,0,0.0,10,10,1.0,31,0,0.0
ISU_ILCC_NMC,ISU_ILCC_NMC/G26C2,0.8,pchp_method,41,True,False,False,32.0,,10.0,10.0,,1.0,0,0.0,10,10,1.0,31,0,0.0
ISU_ILCC_NMC,ISU_ILCC_NMC/G26C2,0.9,protected_state,41,True,False,False,17.0,,25.0,25.0,,1.0,0,0.0,25,25,1.0,16,0,0.0
ISU_ILCC_NMC,ISU_ILCC_NMC/G26C2,0.9,fixed_shift,41,True,False,False,17.0,,25.0,25.0,,1.0,0,0.0,25,25,1.0,16,0,0.0
ISU_ILCC_NMC,ISU_ILCC_NMC/G26C2,0.9,pchp_method,41,True,False,False,17.0,,25.0,25.0,,1.0,0,0.0,25,25,1.0,16,0,0.0
ISU_ILCC_NMC,ISU_ILCC_NMC/G26C3,0.7,protected_state,59,True,False,False,55.0,,5.0,5.0,,1.0,0,0.0,5,5,1.0,54,0,0.0
ISU_ILCC_NMC,ISU_ILCC_NMC/G26C3,0.7,fixed_shift,59,True,False,False,55.0,,5.0,5.0,,1.0,0,0.0,5,5,1.0,54,0,0.0
ISU_ILCC_NMC,ISU_ILCC_NMC/G26C3,0.7,pchp_method,59,True,False,False,55.0,,5.0,5.0,,1.0,0,0.0,5,5,1.0,54,0,0.0
ISU_ILCC_NMC,ISU_ILCC_NMC/G26C3,0.8,protected_state,59,True,False,False,46.0,,14.0,14.0,,1.0,0,0.0,14,14,1.0,45,0,0.0
ISU_ILCC_NMC,ISU_ILCC_NMC/G26C3,0.8,fixed_shift,59,True,False,False,46.0,,14.0,14.0,,1.0,0,0.0,14,14,1.0,45,0,0.0
ISU_ILCC_NMC,ISU_ILCC_NMC/G26C3,0.8,pchp_method,59,True,False,False,46.0,,14.0,14.0,,1.0,0,0.0,14,14,1.0,45,0,0.0
ISU_ILCC_NMC,ISU_ILCC_NMC/G26C3,0.9,protected_state,59,True,False,False,23.0,,37.0,37.0,,1.0,0,0.0,35,35,1.0,24,0,0.0
ISU_ILCC_NMC,ISU_ILCC_NMC/G26C3,0.9,fixed_shift,59,True,False,False,23.0,,37.0,37.0,,1.0,0,0.0,35,35,1.0,24,0,0.0
ISU_ILCC_NMC,ISU_ILCC_NMC/G26C3,0.9,pchp_method,59,True,False,False,23.0,,37.0,37.0,,1.0,0,0.0,35,35,1.0,24,0,0.0
ISU_ILCC_NMC,ISU_ILCC_NMC/G26C4,0.7,protected_state,33,True,False,False,31.0,,3.0,3.0,,1.0,0,0.0,3,3,1.0,30,0,0.0
ISU_ILCC_NMC,ISU_ILCC_NMC/G26C4,0.7,fixed_shift,33,True,False,False,31.0,,3.0,3.0,,1.0,0,0.0,3,3,1.0,30,0,0.0
ISU_ILCC_NMC,ISU_ILCC_NMC/G26C4,0.7,pchp_method,33,True,False,False,31.0,,3.0,3.0,,1.0,0,0.0,3,3,1.0,30,0,0.0
ISU_ILCC_NMC,ISU_ILCC_NMC/G26C4,0.8,protected_state,33,True,False,False,28.0,,6.0,6.0,,1.0,0,0.0,6,6,1.0,27,0,0.0
ISU_ILCC_NMC,ISU_ILCC_NMC/G26C4,0.8,fixed_shift,33,True,False,False,28.0,,6.0,6.0,,1.0,0,0.0,6,6,1.0,27,0,0.0
ISU_ILCC_NMC,ISU_ILCC_NMC/G26C4,0.8,pchp_method,33,True,False,False,28.0,,6.0,6.0,,1.0,0,0.0,6,6,1.0,27,0,0.0
ISU_ILCC_NMC,ISU_ILCC_NMC/G26C4,0.9,protected_state,33,True,False,False,19.0,,15.0,15.0,,1.0,0,0.0,15,15,1.0,18,0,0.0
ISU_ILCC_NMC,ISU_ILCC_NMC/G26C4,0.9,fixed_shift,33,True,False,False,19.0,,15.0,15.0,,1.0,0,0.0,15,15,1.0,18,0,0.0
ISU_ILCC_NMC,ISU_ILCC_NMC/G26C4,0.9,pchp_method,33,True,False,False,19.0,,15.0,15.0,,1.0,0,0.0,15,15,1.0,18,0,0.0
ISU_ILCC_NMC,ISU_ILCC_NMC/G27C1,0.7,protected_state,18,True,False,False,14.0,,5.0,5.0,,1.0,0,0.0,5,5,1.0,13,0,0.0
ISU_ILCC_NMC,ISU_ILCC_NMC/G27C1,0.7,fixed_shift,18,True,False,False,14.0,,5.0,5.0,,1.0,0,0.0,5,5,1.0,13,0,0.0
ISU_ILCC_NMC,ISU_ILCC_NMC/G27C1,0.7,pchp_method,18,True,False,False,14.0,,5.0,5.0,,1.0,0,0.0,5,5,1.0,13,0,0.0
ISU_ILCC_NMC,ISU_ILCC_NMC/G27C1,0.8,protected_state,18,True,False,False,10.0,,9.0,9.0,,1.0,0,0.0,9,9,1.0,9,0,0.0
ISU_ILCC_NMC,ISU_ILCC_NMC/G27C1,0.8,fixed_shift,18,True,False,False,10.0,,9.0,9.0,,1.0,0,0.0,9,9,1.0,9,0,0.0
ISU_ILCC_NMC,ISU_ILCC_NMC/G27C1,0.8,pchp_method,18,True,False,False,10.0,,9.0,9.0,,1.0,0,0.0,9,9,1.0,9,0,0.0
ISU_ILCC_NMC,ISU_ILCC_NMC/G27C1,0.9,protected_state,18,True,False,False,5.0,,14.0,14.0,,1.0,0,0.0,14,14,1.0,4,0,0.0
ISU_ILCC_NMC,ISU_ILCC_NMC/G27C1,0.9,fixed_shift,18,True,False,False,5.0,,14.0,14.0,,1.0,0,0.0,14,14,1.0,4,0,0.0
ISU_ILCC_NMC,ISU_ILCC_NMC/G27C1,0.9,pchp_method,18,True,False,False,5.0,,14.0,14.0,,1.0,0,0.0,14,14,1.0,4,0,0.0
ISU_ILCC_NMC,ISU_ILCC_NMC/G27C2,0.7,protected_state,18,True,False,False,11.0,,8.0,8.0,,1.0,0,0.0,8,8,1.0,10,0,0.0
ISU_ILCC_NMC,ISU_ILCC_NMC/G27C2,0.7,fixed_shift,18,True,False,False,11.0,,8.0,8.0,,1.0,0,0.0,8,8,1.0,10,0,0.0
ISU_ILCC_NMC,ISU_ILCC_NMC/G27C2,0.7,pchp_method,18,True,False,False,11.0,,8.0,8.0,,1.0,0,0.0,8,8,1.0,10,0,0.0
ISU_ILCC_NMC,ISU_ILCC_NMC/G27C2,0.8,protected_state,18,True,False,False,8.0,,11.0,11.0,,1.0,0,0.0,11,11,1.0,7,0,0.0
ISU_ILCC_NMC,ISU_ILCC_NMC/G27C2,0.8,fixed_shift,18,True,False,False,8.0,,11.0,11.0,,1.0,0,0.0,11,11,1.0,7,0,0.0
ISU_ILCC_NMC,ISU_ILCC_NMC/G27C2,0.8,pchp_method,18,True,False,False,8.0,,11.0,11.0,,1.0,0,0.0,11,11,1.0,7,0,0.0
ISU_ILCC_NMC,ISU_ILCC_NMC/G27C2,0.9,protected_state,18,True,False,False,3.0,,16.0,16.0,,1.0,0,0.0,16,16,1.0,2,0,0.0
ISU_ILCC_NMC,ISU_ILCC_NMC/G27C2,0.9,fixed_shift,18,True,False,False,3.0,,16.0,16.0,,1.0,0,0.0,16,16,1.0,2,0,0.0
ISU_ILCC_NMC,ISU_ILCC_NMC/G27C2,0.9,pchp_method,18,True,False,False,3.0,,16.0,16.0,,1.0,0,0.0,16,16,1.0,2,0,0.0
ISU_ILCC_NMC,ISU_ILCC_NMC/G27C3,0.7,protected_state,10,True,False,False,9.0,,2.0,2.0,,1.0,0,0.0,2,2,1.0,8,0,0.0
ISU_ILCC_NMC,ISU_ILCC_NMC/G27C3,0.7,fixed_shift,10,True,False,False,9.0,,2.0,2.0,,1.0,0,0.0,2,2,1.0,8,0,0.0
ISU_ILCC_NMC,ISU_ILCC_NMC/G27C3,0.7,pchp_method,10,True,False,False,9.0,,2.0,2.0,,1.0,0,0.0,2,2,1.0,8,0,0.0
ISU_ILCC_NMC,ISU_ILCC_NMC/G27C3,0.8,protected_state,10,True,False,False,6.0,,5.0,5.0,,1.0,0,0.0,5,5,1.0,5,0,0.0
ISU_ILCC_NMC,ISU_ILCC_NMC/G27C3,0.8,fixed_shift,10,True,False,False,6.0,,5.0,5.0,,1.0,0,0.0,5,5,1.0,5,0,0.0
ISU_ILCC_NMC,ISU_ILCC_NMC/G27C3,0.8,pchp_method,10,True,False,False,6.0,,5.0,5.0,,1.0,0,0.0,5,5,1.0,5,0,0.0
ISU_ILCC_NMC,ISU_ILCC_NMC/G27C3,0.9,protected_state,10,True,False,False,2.0,,9.0,9.0,,1.0,0,0.0,9,9,1.0,1,0,0.0
ISU_ILCC_NMC,ISU_ILCC_NMC/G27C3,0.9,fixed_shift,10,True,False,False,2.0,,9.0,9.0,,1.0,0,0.0,9,9,1.0,1,0,0.0
ISU_ILCC_NMC,ISU_ILCC_NMC/G27C3,0.9,pchp_method,10,True,False,False,2.0,,9.0,9.0,,1.0,0,0.0,9,9,1.0,1,0,0.0
ISU_ILCC_NMC,ISU_ILCC_NMC/G27C4,0.7,protected_state,18,True,False,False,9.0,,10.0,10.0,,1.0,0,0.0,10,10,1.0,8,0,0.0
ISU_ILCC_NMC,ISU_ILCC_NMC/G27C4,0.7,fixed_shift,18,True,False,False,9.0,,10.0,10.0,,1.0,0,0.0,10,10,1.0,8,0,0.0
ISU_ILCC_NMC,ISU_ILCC_NMC/G27C4,0.7,pchp_method,18,True,False,False,9.0,,10.0,10.0,,1.0,0,0.0,10,10,1.0,8,0,0.0
ISU_ILCC_NMC,ISU_ILCC_NMC/G27C4,0.8,protected_state,18,True,False,False,7.0,,12.0,12.0,,1.0,0,0.0,12,12,1.0,6,0,0.0
ISU_ILCC_NMC,ISU_ILCC_NMC/G27C4,0.8,fixed_shift,18,True,False,False,7.0,,12.0,12.0,,1.0,0,0.0,12,12,1.0,6,0,0.0
ISU_ILCC_NMC,ISU_ILCC_NMC/G27C4,0.8,pchp_method,18,True,False,False,7.0,,12.0,12.0,,1.0,0,0.0,12,12,1.0,6,0,0.0
ISU_ILCC_NMC,ISU_ILCC_NMC/G27C4,0.9,protected_state,18,True,False,False,4.0,,15.0,15.0,,1.0,0,0.0,15,15,1.0,3,0,0.0
ISU_ILCC_NMC,ISU_ILCC_NMC/G27C4,0.9,fixed_shift,18,True,False,False,4.0,,15.0,15.0,,1.0,0,0.0,15,15,1.0,3,0,0.0
ISU_ILCC_NMC,ISU_ILCC_NMC/G27C4,0.9,pchp_method,18,True,False,False,4.0,,15.0,15.0,,1.0,0,0.0,15,15,1.0,3,0,0.0
ISU_ILCC_NMC,ISU_ILCC_NMC/G28C1,0.7,protected_state,7,True,False,False,7.0,,1.0,1.0,,1.0,0,0.0,1,1,1.0,6,0,0.0
ISU_ILCC_NMC,ISU_ILCC_NMC/G28C1,0.7,fixed_shift,7,True,False,False,7.0,,1.0,1.0,,1.0,0,0.0,1,1,1.0,6,0,0.0
ISU_ILCC_NMC,ISU_ILCC_NMC/G28C1,0.7,pchp_method,7,True,False,False,7.0,,1.0,1.0,,1.0,0,0.0,1,1,1.0,6,0,0.0
ISU_ILCC_NMC,ISU_ILCC_NMC/G28C1,0.8,protected_state,7,True,False,False,5.0,,3.0,3.0,,1.0,0,0.0,3,3,1.0,4,0,0.0
ISU_ILCC_NMC,ISU_ILCC_NMC/G28C1,0.8,fixed_shift,7,True,False,False,5.0,,3.0,3.0,,1.0,0,0.0,3,3,1.0,4,0,0.0
ISU_ILCC_NMC,ISU_ILCC_NMC/G28C1,0.8,pchp_method,7,True,False,False,5.0,,3.0,3.0,,1.0,0,0.0,3,3,1.0,4,0,0.0
ISU_ILCC_NMC,ISU_ILCC_NMC/G28C1,0.9,protected_state,7,True,False,False,3.0,,5.0,5.0,,1.0,0,0.0,5,5,1.0,2,0,0.0
ISU_ILCC_NMC,ISU_ILCC_NMC/G28C1,0.9,fixed_shift,7,True,False,False,3.0,,5.0,5.0,,1.0,0,0.0,5,5,1.0,2,0,0.0
ISU_ILCC_NMC,ISU_ILCC_NMC/G28C1,0.9,pchp_method,7,True,False,False,3.0,,5.0,5.0,,1.0,0,0.0,5,5,1.0,2,0,0.0
ISU_ILCC_NMC,ISU_ILCC_NMC/G28C2,0.7,protected_state,10,True,False,False,9.0,,2.0,2.0,,1.0,0,0.0,2,2,1.0,8,0,0.0
ISU_ILCC_NMC,ISU_ILCC_NMC/G28C2,0.7,fixed_shift,10,True,False,False,9.0,,2.0,2.0,,1.0,0,0.0,2,2,1.0,8,0,0.0
ISU_ILCC_NMC,ISU_ILCC_NMC/G28C2,0.7,pchp_method,10,True,False,False,9.0,,2.0,2.0,,1.0,0,0.0,2,2,1.0,8,0,0.0
ISU_ILCC_NMC,ISU_ILCC_NMC/G28C2,0.8,protected_state,10,True,False,False,5.0,,6.0,6.0,,1.0,0,0.0,6,6,1.0,4,0,0.0
ISU_ILCC_NMC,ISU_ILCC_NMC/G28C2,0.8,fixed_shift,10,True,False,False,5.0,,6.0,6.0,,1.0,0,0.0,6,6,1.0,4,0,0.0
ISU_ILCC_NMC,ISU_ILCC_NMC/G28C2,0.8,pchp_method,10,True,False,False,5.0,,6.0,6.0,,1.0,0,0.0,6,6,1.0,4,0,0.0
ISU_ILCC_NMC,ISU_ILCC_NMC/G28C2,0.9,protected_state,10,True,False,False,1.0,,10.0,10.0,,1.0,0,0.0,10,10,1.0,0,0,
ISU_ILCC_NMC,ISU_ILCC_NMC/G28C2,0.9,fixed_shift,10,True,False,False,1.0,,10.0,10.0,,1.0,0,0.0,10,10,1.0,0,0,
ISU_ILCC_NMC,ISU_ILCC_NMC/G28C2,0.9,pchp_method,10,True,False,False,1.0,,10.0,10.0,,1.0,0,0.0,10,10,1.0,0,0,
ISU_ILCC_NMC,ISU_ILCC_NMC/G28C3,0.7,protected_state,10,False,False,False,,,,,,,0,,0,0,,10,0,0.0
ISU_ILCC_NMC,ISU_ILCC_NMC/G28C3,0.7,fixed_shift,10,False,False,False,,,,,,,0,,0,0,,10,0,0.0
ISU_ILCC_NMC,ISU_ILCC_NMC/G28C3,0.7,pchp_method,10,False,False,False,,,,,,,0,,0,0,,10,0,0.0
ISU_ILCC_NMC,ISU_ILCC_NMC/G28C3,0.8,protected_state,10,True,False,False,7.0,,4.0,4.0,,1.0,0,0.0,4,4,1.0,6,0,0.0
ISU_ILCC_NMC,ISU_ILCC_NMC/G28C3,0.8,fixed_shift,10,True,False,False,7.0,,4.0,4.0,,1.0,0,0.0,4,4,1.0,6,0,0.0
ISU_ILCC_NMC,ISU_ILCC_NMC/G28C3,0.8,pchp_method,10,True,False,False,7.0,,4.0,4.0,,1.0,0,0.0,4,4,1.0,6,0,0.0
ISU_ILCC_NMC,ISU_ILCC_NMC/G28C3,0.9,protected_state,10,True,False,False,4.0,,7.0,7.0,,1.0,0,0.0,7,7,1.0,3,0,0.0
ISU_ILCC_NMC,ISU_ILCC_NMC/G28C3,0.9,fixed_shift,10,True,False,False,4.0,,7.0,7.0,,1.0,0,0.0,7,7,1.0,3,0,0.0
ISU_ILCC_NMC,ISU_ILCC_NMC/G28C3,0.9,pchp_method,10,True,False,False,4.0,,7.0,7.0,,1.0,0,0.0,7,7,1.0,3,0,0.0
ISU_ILCC_NMC,ISU_ILCC_NMC/G28C4,0.7,protected_state,5,True,False,False,4.0,,2.0,2.0,,1.0,0,0.0,2,2,1.0,3,0,0.0
ISU_ILCC_NMC,ISU_ILCC_NMC/G28C4,0.7,fixed_shift,5,True,False,False,4.0,,2.0,2.0,,1.0,0,0.0,2,2,1.0,3,0,0.0
ISU_ILCC_NMC,ISU_ILCC_NMC/G28C4,0.7,pchp_method,5,True,False,False,4.0,,2.0,2.0,,1.0,0,0.0,2,2,1.0,3,0,0.0
ISU_ILCC_NMC,ISU_ILCC_NMC/G28C4,0.8,protected_state,5,True,False,False,2.0,,4.0,4.0,,1.0,0,0.0,4,4,1.0,1,0,0.0
ISU_ILCC_NMC,ISU_ILCC_NMC/G28C4,0.8,fixed_shift,5,True,False,False,2.0,,4.0,4.0,,1.0,0,0.0,4,4,1.0,1,0,0.0
ISU_ILCC_NMC,ISU_ILCC_NMC/G28C4,0.8,pchp_method,5,True,False,False,2.0,,4.0,4.0,,1.0,0,0.0,4,4,1.0,1,0,0.0
ISU_ILCC_NMC,ISU_ILCC_NMC/G28C4,0.9,protected_state,5,True,False,False,1.0,,5.0,5.0,,1.0,0,0.0,5,5,1.0,0,0,
ISU_ILCC_NMC,ISU_ILCC_NMC/G28C4,0.9,fixed_shift,5,True,False,False,1.0,,5.0,5.0,,1.0,0,0.0,5,5,1.0,0,0,
ISU_ILCC_NMC,ISU_ILCC_NMC/G28C4,0.9,pchp_method,5,True,False,False,1.0,,5.0,5.0,,1.0,0,0.0,5,5,1.0,0,0,
ISU_ILCC_NMC,ISU_ILCC_NMC/G29C1,0.7,protected_state,9,True,False,False,8.0,,2.0,2.0,,1.0,0,0.0,2,2,1.0,7,0,0.0
ISU_ILCC_NMC,ISU_ILCC_NMC/G29C1,0.7,fixed_shift,9,True,False,False,8.0,,2.0,2.0,,1.0,0,0.0,2,2,1.0,7,0,0.0
ISU_ILCC_NMC,ISU_ILCC_NMC/G29C1,0.7,pchp_method,9,True,False,False,8.0,,2.0,2.0,,1.0,0,0.0,2,2,1.0,7,0,0.0
ISU_ILCC_NMC,ISU_ILCC_NMC/G29C1,0.8,protected_state,9,True,False,False,6.0,,4.0,4.0,,1.0,0,0.0,4,4,1.0,5,0,0.0
ISU_ILCC_NMC,ISU_ILCC_NMC/G29C1,0.8,fixed_shift,9,True,False,False,6.0,,4.0,4.0,,1.0,0,0.0,4,4,1.0,5,0,0.0
ISU_ILCC_NMC,ISU_ILCC_NMC/G29C1,0.8,pchp_method,9,True,False,False,6.0,,4.0,4.0,,1.0,0,0.0,4,4,1.0,5,0,0.0
ISU_ILCC_NMC,ISU_ILCC_NMC/G29C1,0.9,protected_state,9,True,False,False,3.0,,7.0,7.0,,1.0,0,0.0,7,7,1.0,2,0,0.0
ISU_ILCC_NMC,ISU_ILCC_NMC/G29C1,0.9,fixed_shift,9,True,False,False,3.0,,7.0,7.0,,1.0,0,0.0,7,7,1.0,2,0,0.0
ISU_ILCC_NMC,ISU_ILCC_NMC/G29C1,0.9,pchp_method,9,True,False,False,3.0,,7.0,7.0,,1.0,0,0.0,7,7,1.0,2,0,0.0
ISU_ILCC_NMC,ISU_ILCC_NMC/G29C2,0.7,protected_state,18,True,False,False,14.0,,5.0,5.0,,1.0,0,0.0,5,5,1.0,13,0,0.0
ISU_ILCC_NMC,ISU_ILCC_NMC/G29C2,0.7,fixed_shift,18,True,False,False,14.0,,5.0,5.0,,1.0,0,0.0,5,5,1.0,13,0,0.0
ISU_ILCC_NMC,ISU_ILCC_NMC/G29C2,0.7,pchp_method,18,True,False,False,14.0,,5.0,5.0,,1.0,0,0.0,5,5,1.0,13,0,0.0
ISU_ILCC_NMC,ISU_ILCC_NMC/G29C2,0.8,protected_state,18,True,False,False,12.0,,7.0,7.0,,1.0,0,0.0,7,7,1.0,11,0,0.0
ISU_ILCC_NMC,ISU_ILCC_NMC/G29C2,0.8,fixed_shift,18,True,False,False,12.0,,7.0,7.0,,1.0,0,0.0,7,7,1.0,11,0,0.0
ISU_ILCC_NMC,ISU_ILCC_NMC/G29C2,0.8,pchp_method,18,True,False,False,12.0,,7.0,7.0,,1.0,0,0.0,7,7,1.0,11,0,0.0
ISU_ILCC_NMC,ISU_ILCC_NMC/G29C2,0.9,protected_state,18,True,False,False,5.0,,14.0,14.0,,1.0,0,0.0,14,14,1.0,4,0,0.0
ISU_ILCC_NMC,ISU_ILCC_NMC/G29C2,0.9,fixed_shift,18,True,False,False,5.0,,14.0,14.0,,1.0,0,0.0,14,14,1.0,4,0,0.0
ISU_ILCC_NMC,ISU_ILCC_NMC/G29C2,0.9,pchp_method,18,True,False,False,5.0,,14.0,14.0,,1.0,0,0.0,14,14,1.0,4,0,0.0
ISU_ILCC_NMC,ISU_ILCC_NMC/G29C3,0.7,protected_state,13,True,False,False,11.0,,3.0,3.0,,1.0,0,0.0,3,3,1.0,10,0,0.0
ISU_ILCC_NMC,ISU_ILCC_NMC/G29C3,0.7,fixed_shift,13,True,False,False,11.0,,3.0,3.0,,1.0,0,0.0,3,3,1.0,10,0,0.0
ISU_ILCC_NMC,ISU_ILCC_NMC/G29C3,0.7,pchp_method,13,True,False,False,11.0,,3.0,3.0,,1.0,0,0.0,3,3,1.0,10,0,0.0
ISU_ILCC_NMC,ISU_ILCC_NMC/G29C3,0.8,protected_state,13,True,False,False,9.0,,5.0,5.0,,1.0,0,0.0,5,5,1.0,8,0,0.0
ISU_ILCC_NMC,ISU_ILCC_NMC/G29C3,0.8,fixed_shift,13,True,False,False,9.0,,5.0,5.0,,1.0,0,0.0,5,5,1.0,8,0,0.0
ISU_ILCC_NMC,ISU_ILCC_NMC/G29C3,0.8,pchp_method,13,True,False,False,9.0,,5.0,5.0,,1.0,0,0.0,5,5,1.0,8,0,0.0
ISU_ILCC_NMC,ISU_ILCC_NMC/G29C3,0.9,protected_state,13,True,False,False,4.0,,10.0,10.0,,1.0,0,0.0,10,10,1.0,3,0,0.0
ISU_ILCC_NMC,ISU_ILCC_NMC/G29C3,0.9,fixed_shift,13,True,False,False,4.0,,10.0,10.0,,1.0,0,0.0,10,10,1.0,3,0,0.0
ISU_ILCC_NMC,ISU_ILCC_NMC/G29C3,0.9,pchp_method,13,True,False,False,4.0,,10.0,10.0,,1.0,0,0.0,10,10,1.0,3,0,0.0
ISU_ILCC_NMC,ISU_ILCC_NMC/G29C4,0.7,protected_state,10,True,False,False,8.0,,3.0,3.0,,1.0,0,0.0,3,3,1.0,7,0,0.0
ISU_ILCC_NMC,ISU_ILCC_NMC/G29C4,0.7,fixed_shift,10,True,False,False,8.0,,3.0,3.0,,1.0,0,0.0,3,3,1.0,7,0,0.0
ISU_ILCC_NMC,ISU_ILCC_NMC/G29C4,0.7,pchp_method,10,True,False,False,8.0,,3.0,3.0,,1.0,0,0.0,3,3,1.0,7,0,0.0
ISU_ILCC_NMC,ISU_ILCC_NMC/G29C4,0.8,protected_state,10,True,False,False,7.0,,4.0,4.0,,1.0,0,0.0,4,4,1.0,6,0,0.0
ISU_ILCC_NMC,ISU_ILCC_NMC/G29C4,0.8,fixed_shift,10,True,False,False,7.0,,4.0,4.0,,1.0,0,0.0,4,4,1.0,6,0,0.0
ISU_ILCC_NMC,ISU_ILCC_NMC/G29C4,0.8,pchp_method,10,True,False,False,7.0,,4.0,4.0,,1.0,0,0.0,4,4,1.0,6,0,0.0
ISU_ILCC_NMC,ISU_ILCC_NMC/G29C4,0.9,protected_state,10,True,False,False,4.0,,7.0,7.0,,1.0,0,0.0,7,7,1.0,3,0,0.0
ISU_ILCC_NMC,ISU_ILCC_NMC/G29C4,0.9,fixed_shift,10,True,False,False,4.0,,7.0,7.0,,1.0,0,0.0,7,7,1.0,3,0,0.0
ISU_ILCC_NMC,ISU_ILCC_NMC/G29C4,0.9,pchp_method,10,True,False,False,4.0,,7.0,7.0,,1.0,0,0.0,7,7,1.0,3,0,0.0
ISU_ILCC_NMC,ISU_ILCC_NMC/G2C1,0.7,protected_state,21,True,False,False,17.0,,5.0,5.0,,1.0,0,0.0,5,5,1.0,16,0,0.0
ISU_ILCC_NMC,ISU_ILCC_NMC/G2C1,0.7,fixed_shift,21,True,False,False,17.0,,5.0,5.0,,1.0,0,0.0,5,5,1.0,16,0,0.0
ISU_ILCC_NMC,ISU_ILCC_NMC/G2C1,0.7,pchp_method,21,True,False,False,17.0,,5.0,5.0,,1.0,0,0.0,5,5,1.0,16,0,0.0
ISU_ILCC_NMC,ISU_ILCC_NMC/G2C1,0.8,protected_state,21,True,False,False,15.0,,7.0,7.0,,1.0,0,0.0,7,7,1.0,14,0,0.0
ISU_ILCC_NMC,ISU_ILCC_NMC/G2C1,0.8,fixed_shift,21,True,False,False,15.0,,7.0,7.0,,1.0,0,0.0,7,7,1.0,14,0,0.0
ISU_ILCC_NMC,ISU_ILCC_NMC/G2C1,0.8,pchp_method,21,True,False,False,15.0,,7.0,7.0,,1.0,0,0.0,7,7,1.0,14,0,0.0
ISU_ILCC_NMC,ISU_ILCC_NMC/G2C1,0.9,protected_state,21,True,False,False,10.0,,12.0,12.0,,1.0,0,0.0,12,12,1.0,9,0,0.0
ISU_ILCC_NMC,ISU_ILCC_NMC/G2C1,0.9,fixed_shift,21,True,False,False,10.0,,12.0,12.0,,1.0,0,0.0,12,12,1.0,9,0,0.0
ISU_ILCC_NMC,ISU_ILCC_NMC/G2C1,0.9,pchp_method,21,True,False,False,10.0,,12.0,12.0,,1.0,0,0.0,12,12,1.0,9,0,0.0
ISU_ILCC_NMC,ISU_ILCC_NMC/G2C2,0.7,protected_state,24,True,False,False,21.0,,4.0,4.0,,1.0,0,0.0,4,4,1.0,20,0,0.0
ISU_ILCC_NMC,ISU_ILCC_NMC/G2C2,0.7,fixed_shift,24,True,False,False,21.0,,4.0,4.0,,1.0,0,0.0,4,4,1.0,20,0,0.0
ISU_ILCC_NMC,ISU_ILCC_NMC/G2C2,0.7,pchp_method,24,True,False,False,21.0,,4.0,4.0,,1.0,0,0.0,4,4,1.0,20,0,0.0
ISU_ILCC_NMC,ISU_ILCC_NMC/G2C2,0.8,protected_state,24,True,False,False,18.0,,7.0,7.0,,1.0,0,0.0,7,7,1.0,17,0,0.0
ISU_ILCC_NMC,ISU_ILCC_NMC/G2C2,0.8,fixed_shift,24,True,False,False,18.0,,7.0,7.0,,1.0,0,0.0,7,7,1.0,17,0,0.0
ISU_ILCC_NMC,ISU_ILCC_NMC/G2C2,0.8,pchp_method,24,True,False,False,18.0,,7.0,7.0,,1.0,0,0.0,7,7,1.0,17,0,0.0
ISU_ILCC_NMC,ISU_ILCC_NMC/G2C2,0.9,protected_state,24,True,False,False,7.0,,18.0,18.0,,1.0,0,0.0,18,18,1.0,6,0,0.0
ISU_ILCC_NMC,ISU_ILCC_NMC/G2C2,0.9,fixed_shift,24,True,False,False,7.0,,18.0,18.0,,1.0,0,0.0,18,18,1.0,6,0,0.0
ISU_ILCC_NMC,ISU_ILCC_NMC/G2C2,0.9,pchp_method,24,True,False,False,7.0,,18.0,18.0,,1.0,0,0.0,18,18,1.0,6,0,0.0
ISU_ILCC_NMC,ISU_ILCC_NMC/G2C3,0.7,protected_state,23,True,False,False,21.0,,3.0,3.0,,1.0,0,0.0,3,3,1.0,20,0,0.0
ISU_ILCC_NMC,ISU_ILCC_NMC/G2C3,0.7,fixed_shift,23,True,False,False,21.0,,3.0,3.0,,1.0,0,0.0,3,3,1.0,20,0,0.0
ISU_ILCC_NMC,ISU_ILCC_NMC/G2C3,0.7,pchp_method,23,True,False,False,21.0,,3.0,3.0,,1.0,0,0.0,3,3,1.0,20,0,0.0
ISU_ILCC_NMC,ISU_ILCC_NMC/G2C3,0.8,protected_state,23,True,False,False,19.0,,5.0,5.0,,1.0,0,0.0,5,5,1.0,18,0,0.0
ISU_ILCC_NMC,ISU_ILCC_NMC/G2C3,0.8,fixed_shift,23,True,False,False,19.0,,5.0,5.0,,1.0,0,0.0,5,5,1.0,18,0,0.0
ISU_ILCC_NMC,ISU_ILCC_NMC/G2C3,0.8,pchp_method,23,True,False,False,19.0,,5.0,5.0,,1.0,0,0.0,5,5,1.0,18,0,0.0
ISU_ILCC_NMC,ISU_ILCC_NMC/G2C3,0.9,protected_state,23,True,False,False,9.0,,15.0,15.0,,1.0,0,0.0,15,15,1.0,8,0,0.0
ISU_ILCC_NMC,ISU_ILCC_NMC/G2C3,0.9,fixed_shift,23,True,False,False,9.0,,15.0,15.0,,1.0,0,0.0,15,15,1.0,8,0,0.0
ISU_ILCC_NMC,ISU_ILCC_NMC/G2C3,0.9,pchp_method,23,True,False,False,9.0,,15.0,15.0,,1.0,0,0.0,15,15,1.0,8,0,0.0
ISU_ILCC_NMC,ISU_ILCC_NMC/G2C4,0.7,protected_state,23,True,False,False,20.0,,4.0,4.0,,1.0,0,0.0,4,4,1.0,19,0,0.0
ISU_ILCC_NMC,ISU_ILCC_NMC/G2C4,0.7,fixed_shift,23,True,False,False,20.0,,4.0,4.0,,1.0,0,0.0,4,4,1.0,19,0,0.0
ISU_ILCC_NMC,ISU_ILCC_NMC/G2C4,0.7,pchp_method,23,True,False,False,20.0,,4.0,4.0,,1.0,0,0.0,4,4,1.0,19,0,0.0
ISU_ILCC_NMC,ISU_ILCC_NMC/G2C4,0.8,protected_state,23,True,False,False,17.0,,7.0,7.0,,1.0,0,0.0,7,7,1.0,16,0,0.0
ISU_ILCC_NMC,ISU_ILCC_NMC/G2C4,0.8,fixed_shift,23,True,False,False,17.0,,7.0,7.0,,1.0,0,0.0,7,7,1.0,16,0,0.0
ISU_ILCC_NMC,ISU_ILCC_NMC/G2C4,0.8,pchp_method,23,True,False,False,17.0,,7.0,7.0,,1.0,0,0.0,7,7,1.0,16,0,0.0
ISU_ILCC_NMC,ISU_ILCC_NMC/G2C4,0.9,protected_state,23,True,False,False,9.0,,15.0,15.0,,1.0,0,0.0,15,15,1.0,8,0,0.0
ISU_ILCC_NMC,ISU_ILCC_NMC/G2C4,0.9,fixed_shift,23,True,False,False,9.0,,15.0,15.0,,1.0,0,0.0,15,15,1.0,8,0,0.0
ISU_ILCC_NMC,ISU_ILCC_NMC/G2C4,0.9,pchp_method,23,True,False,False,9.0,,15.0,15.0,,1.0,0,0.0,15,15,1.0,8,0,0.0
ISU_ILCC_NMC,ISU_ILCC_NMC/G30C1,0.7,protected_state,11,True,False,False,7.0,,5.0,5.0,,1.0,0,0.0,5,5,1.0,6,0,0.0
ISU_ILCC_NMC,ISU_ILCC_NMC/G30C1,0.7,fixed_shift,11,True,False,False,7.0,,5.0,5.0,,1.0,0,0.0,5,5,1.0,6,0,0.0
ISU_ILCC_NMC,ISU_ILCC_NMC/G30C1,0.7,pchp_method,11,True,False,False,7.0,,5.0,5.0,,1.0,0,0.0,5,5,1.0,6,0,0.0
ISU_ILCC_NMC,ISU_ILCC_NMC/G30C1,0.8,protected_state,11,True,False,False,6.0,,6.0,6.0,,1.0,0,0.0,6,6,1.0,5,0,0.0
ISU_ILCC_NMC,ISU_ILCC_NMC/G30C1,0.8,fixed_shift,11,True,False,False,6.0,,6.0,6.0,,1.0,0,0.0,6,6,1.0,5,0,0.0
ISU_ILCC_NMC,ISU_ILCC_NMC/G30C1,0.8,pchp_method,11,True,False,False,6.0,,6.0,6.0,,1.0,0,0.0,6,6,1.0,5,0,0.0
ISU_ILCC_NMC,ISU_ILCC_NMC/G30C1,0.9,protected_state,11,True,False,False,4.0,,8.0,8.0,,1.0,0,0.0,8,8,1.0,3,0,0.0
ISU_ILCC_NMC,ISU_ILCC_NMC/G30C1,0.9,fixed_shift,11,True,False,False,4.0,,8.0,8.0,,1.0,0,0.0,8,8,1.0,3,0,0.0
ISU_ILCC_NMC,ISU_ILCC_NMC/G30C1,0.9,pchp_method,11,True,False,False,4.0,,8.0,8.0,,1.0,0,0.0,8,8,1.0,3,0,0.0
ISU_ILCC_NMC,ISU_ILCC_NMC/G30C2,0.7,protected_state,12,True,False,False,10.0,,3.0,3.0,,1.0,0,0.0,3,3,1.0,9,0,0.0
ISU_ILCC_NMC,ISU_ILCC_NMC/G30C2,0.7,fixed_shift,12,True,False,False,10.0,,3.0,3.0,,1.0,0,0.0,3,3,1.0,9,0,0.0
ISU_ILCC_NMC,ISU_ILCC_NMC/G30C2,0.7,pchp_method,12,True,False,False,10.0,,3.0,3.0,,1.0,0,0.0,3,3,1.0,9,0,0.0
ISU_ILCC_NMC,ISU_ILCC_NMC/G30C2,0.8,protected_state,12,True,False,False,9.0,,4.0,4.0,,1.0,0,0.0,4,4,1.0,8,0,0.0
ISU_ILCC_NMC,ISU_ILCC_NMC/G30C2,0.8,fixed_shift,12,True,False,False,9.0,,4.0,4.0,,1.0,0,0.0,4,4,1.0,8,0,0.0
ISU_ILCC_NMC,ISU_ILCC_NMC/G30C2,0.8,pchp_method,12,True,False,False,9.0,,4.0,4.0,,1.0,0,0.0,4,4,1.0,8,0,0.0
ISU_ILCC_NMC,ISU_ILCC_NMC/G30C2,0.9,protected_state,12,True,False,False,5.0,,8.0,8.0,,1.0,0,0.0,8,8,1.0,4,0,0.0
ISU_ILCC_NMC,ISU_ILCC_NMC/G30C2,0.9,fixed_shift,12,True,False,False,5.0,,8.0,8.0,,1.0,0,0.0,8,8,1.0,4,0,0.0
ISU_ILCC_NMC,ISU_ILCC_NMC/G30C2,0.9,pchp_method,12,True,False,False,5.0,,8.0,8.0,,1.0,0,0.0,8,8,1.0,4,0,0.0
ISU_ILCC_NMC,ISU_ILCC_NMC/G30C3,0.7,protected_state,18,True,False,False,14.0,,5.0,5.0,,1.0,0,0.0,5,5,1.0,13,0,0.0
ISU_ILCC_NMC,ISU_ILCC_NMC/G30C3,0.7,fixed_shift,18,True,False,False,14.0,,5.0,5.0,,1.0,0,0.0,5,5,1.0,13,0,0.0
ISU_ILCC_NMC,ISU_ILCC_NMC/G30C3,0.7,pchp_method,18,True,False,False,14.0,,5.0,5.0,,1.0,0,0.0,5,5,1.0,13,0,0.0
ISU_ILCC_NMC,ISU_ILCC_NMC/G30C3,0.8,protected_state,18,True,False,False,12.0,,7.0,7.0,,1.0,0,0.0,7,7,1.0,11,0,0.0
ISU_ILCC_NMC,ISU_ILCC_NMC/G30C3,0.8,fixed_shift,18,True,False,False,12.0,,7.0,7.0,,1.0,0,0.0,7,7,1.0,11,0,0.0
ISU_ILCC_NMC,ISU_ILCC_NMC/G30C3,0.8,pchp_method,18,True,False,False,12.0,,7.0,7.0,,1.0,0,0.0,7,7,1.0,11,0,0.0
ISU_ILCC_NMC,ISU_ILCC_NMC/G30C3,0.9,protected_state,18,True,False,False,7.0,,12.0,12.0,,1.0,0,0.0,12,12,1.0,6,0,0.0
ISU_ILCC_NMC,ISU_ILCC_NMC/G30C3,0.9,fixed_shift,18,True,False,False,7.0,,12.0,12.0,,1.0,0,0.0,12,12,1.0,6,0,0.0
ISU_ILCC_NMC,ISU_ILCC_NMC/G30C3,0.9,pchp_method,18,True,False,False,7.0,,12.0,12.0,,1.0,0,0.0,12,12,1.0,6,0,0.0
ISU_ILCC_NMC,ISU_ILCC_NMC/G30C4,0.7,protected_state,8,True,False,False,7.0,,2.0,2.0,,1.0,0,0.0,2,2,1.0,6,0,0.0
ISU_ILCC_NMC,ISU_ILCC_NMC/G30C4,0.7,fixed_shift,8,True,False,False,7.0,,2.0,2.0,,1.0,0,0.0,2,2,1.0,6,0,0.0
ISU_ILCC_NMC,ISU_ILCC_NMC/G30C4,0.7,pchp_method,8,True,False,False,7.0,,2.0,2.0,,1.0,0,0.0,2,2,1.0,6,0,0.0
ISU_ILCC_NMC,ISU_ILCC_NMC/G30C4,0.8,protected_state,8,True,False,False,6.0,,3.0,3.0,,1.0,0,0.0,3,3,1.0,5,0,0.0
ISU_ILCC_NMC,ISU_ILCC_NMC/G30C4,0.8,fixed_shift,8,True,False,False,6.0,,3.0,3.0,,1.0,0,0.0,3,3,1.0,5,0,0.0
ISU_ILCC_NMC,ISU_ILCC_NMC/G30C4,0.8,pchp_method,8,True,False,False,6.0,,3.0,3.0,,1.0,0,0.0,3,3,1.0,5,0,0.0
ISU_ILCC_NMC,ISU_ILCC_NMC/G30C4,0.9,protected_state,8,True,False,False,4.0,,5.0,5.0,,1.0,0,0.0,5,5,1.0,3,0,0.0
ISU_ILCC_NMC,ISU_ILCC_NMC/G30C4,0.9,fixed_shift,8,True,False,False,4.0,,5.0,5.0,,1.0,0,0.0,5,5,1.0,3,0,0.0
ISU_ILCC_NMC,ISU_ILCC_NMC/G30C4,0.9,pchp_method,8,True,False,False,4.0,,5.0,5.0,,1.0,0,0.0,5,5,1.0,3,0,0.0
ISU_ILCC_NMC,ISU_ILCC_NMC/G31C1,0.7,protected_state,13,True,False,False,11.0,,3.0,3.0,,1.0,0,0.0,3,3,1.0,10,0,0.0
ISU_ILCC_NMC,ISU_ILCC_NMC/G31C1,0.7,fixed_shift,13,True,False,False,11.0,,3.0,3.0,,1.0,0,0.0,3,3,1.0,10,0,0.0
ISU_ILCC_NMC,ISU_ILCC_NMC/G31C1,0.7,pchp_method,13,True,False,False,11.0,,3.0,3.0,,1.0,0,0.0,3,3,1.0,10,0,0.0
ISU_ILCC_NMC,ISU_ILCC_NMC/G31C1,0.8,protected_state,13,True,False,False,9.0,,5.0,5.0,,1.0,0,0.0,5,5,1.0,8,0,0.0
ISU_ILCC_NMC,ISU_ILCC_NMC/G31C1,0.8,fixed_shift,13,True,False,False,9.0,,5.0,5.0,,1.0,0,0.0,5,5,1.0,8,0,0.0
ISU_ILCC_NMC,ISU_ILCC_NMC/G31C1,0.8,pchp_method,13,True,False,False,9.0,,5.0,5.0,,1.0,0,0.0,5,5,1.0,8,0,0.0
ISU_ILCC_NMC,ISU_ILCC_NMC/G31C1,0.9,protected_state,13,True,False,False,5.0,,9.0,9.0,,1.0,0,0.0,9,9,1.0,4,0,0.0
ISU_ILCC_NMC,ISU_ILCC_NMC/G31C1,0.9,fixed_shift,13,True,False,False,5.0,,9.0,9.0,,1.0,0,0.0,9,9,1.0,4,0,0.0
ISU_ILCC_NMC,ISU_ILCC_NMC/G31C1,0.9,pchp_method,13,True,False,False,5.0,,9.0,9.0,,1.0,0,0.0,9,9,1.0,4,0,0.0
ISU_ILCC_NMC,ISU_ILCC_NMC/G31C2,0.7,protected_state,11,True,False,False,7.0,,5.0,5.0,,1.0,0,0.0,5,5,1.0,6,0,0.0
ISU_ILCC_NMC,ISU_ILCC_NMC/G31C2,0.7,fixed_shift,11,True,False,False,7.0,,5.0,5.0,,1.0,0,0.0,5,5,1.0,6,0,0.0
ISU_ILCC_NMC,ISU_ILCC_NMC/G31C2,0.7,pchp_method,11,True,False,False,7.0,,5.0,5.0,,1.0,0,0.0,5,5,1.0,6,0,0.0
ISU_ILCC_NMC,ISU_ILCC_NMC/G31C2,0.8,protected_state,11,True,False,False,6.0,,6.0,6.0,,1.0,0,0.0,6,6,1.0,5,0,0.0
ISU_ILCC_NMC,ISU_ILCC_NMC/G31C2,0.8,fixed_shift,11,True,False,False,6.0,,6.0,6.0,,1.0,0,0.0,6,6,1.0,5,0,0.0
ISU_ILCC_NMC,ISU_ILCC_NMC/G31C2,0.8,pchp_method,11,True,False,False,6.0,,6.0,6.0,,1.0,0,0.0,6,6,1.0,5,0,0.0
ISU_ILCC_NMC,ISU_ILCC_NMC/G31C2,0.9,protected_state,11,True,False,False,4.0,,8.0,8.0,,1.0,0,0.0,8,8,1.0,3,0,0.0
ISU_ILCC_NMC,ISU_ILCC_NMC/G31C2,0.9,fixed_shift,11,True,False,False,4.0,,8.0,8.0,,1.0,0,0.0,8,8,1.0,3,0,0.0
ISU_ILCC_NMC,ISU_ILCC_NMC/G31C2,0.9,pchp_method,11,True,False,False,4.0,,8.0,8.0,,1.0,0,0.0,8,8,1.0,3,0,0.0
ISU_ILCC_NMC,ISU_ILCC_NMC/G31C3,0.7,protected_state,11,True,False,False,8.0,,4.0,4.0,,1.0,0,0.0,4,4,1.0,7,0,0.0
ISU_ILCC_NMC,ISU_ILCC_NMC/G31C3,0.7,fixed_shift,11,True,False,False,8.0,,4.0,4.0,,1.0,0,0.0,4,4,1.0,7,0,0.0
ISU_ILCC_NMC,ISU_ILCC_NMC/G31C3,0.7,pchp_method,11,True,False,False,8.0,,4.0,4.0,,1.0,0,0.0,4,4,1.0,7,0,0.0
ISU_ILCC_NMC,ISU_ILCC_NMC/G31C3,0.8,protected_state,11,True,False,False,7.0,,5.0,5.0,,1.0,0,0.0,5,5,1.0,6,0,0.0
ISU_ILCC_NMC,ISU_ILCC_NMC/G31C3,0.8,fixed_shift,11,True,False,False,7.0,,5.0,5.0,,1.0,0,0.0,5,5,1.0,6,0,0.0
ISU_ILCC_NMC,ISU_ILCC_NMC/G31C3,0.8,pchp_method,11,True,False,False,7.0,,5.0,5.0,,1.0,0,0.0,5,5,1.0,6,0,0.0
ISU_ILCC_NMC,ISU_ILCC_NMC/G31C3,0.9,protected_state,11,True,False,False,4.0,,8.0,8.0,,1.0,0,0.0,8,8,1.0,3,0,0.0
ISU_ILCC_NMC,ISU_ILCC_NMC/G31C3,0.9,fixed_shift,11,True,False,False,4.0,,8.0,8.0,,1.0,0,0.0,8,8,1.0,3,0,0.0
ISU_ILCC_NMC,ISU_ILCC_NMC/G31C3,0.9,pchp_method,11,True,False,False,4.0,,8.0,8.0,,1.0,0,0.0,8,8,1.0,3,0,0.0
ISU_ILCC_NMC,ISU_ILCC_NMC/G31C4,0.7,protected_state,11,True,False,False,7.0,,5.0,5.0,,1.0,0,0.0,5,5,1.0,6,0,0.0
ISU_ILCC_NMC,ISU_ILCC_NMC/G31C4,0.7,fixed_shift,11,True,False,False,7.0,,5.0,5.0,,1.0,0,0.0,5,5,1.0,6,0,0.0
ISU_ILCC_NMC,ISU_ILCC_NMC/G31C4,0.7,pchp_method,11,True,False,False,7.0,,5.0,5.0,,1.0,0,0.0,5,5,1.0,6,0,0.0
ISU_ILCC_NMC,ISU_ILCC_NMC/G31C4,0.8,protected_state,11,True,False,False,6.0,,6.0,6.0,,1.0,0,0.0,6,6,1.0,5,0,0.0
ISU_ILCC_NMC,ISU_ILCC_NMC/G31C4,0.8,fixed_shift,11,True,False,False,6.0,,6.0,6.0,,1.0,0,0.0,6,6,1.0,5,0,0.0
ISU_ILCC_NMC,ISU_ILCC_NMC/G31C4,0.8,pchp_method,11,True,False,False,6.0,,6.0,6.0,,1.0,0,0.0,6,6,1.0,5,0,0.0
ISU_ILCC_NMC,ISU_ILCC_NMC/G31C4,0.9,protected_state,11,True,False,False,4.0,,8.0,8.0,,1.0,0,0.0,8,8,1.0,3,0,0.0
ISU_ILCC_NMC,ISU_ILCC_NMC/G31C4,0.9,fixed_shift,11,True,False,False,4.0,,8.0,8.0,,1.0,0,0.0,8,8,1.0,3,0,0.0
ISU_ILCC_NMC,ISU_ILCC_NMC/G31C4,0.9,pchp_method,11,True,False,False,4.0,,8.0,8.0,,1.0,0,0.0,8,8,1.0,3,0,0.0
ISU_ILCC_NMC,ISU_ILCC_NMC/G32C1,0.7,protected_state,20,True,False,False,16.0,,5.0,5.0,,1.0,0,0.0,5,5,1.0,15,0,0.0
ISU_ILCC_NMC,ISU_ILCC_NMC/G32C1,0.7,fixed_shift,20,True,False,False,16.0,,5.0,5.0,,1.0,0,0.0,5,5,1.0,15,0,0.0
ISU_ILCC_NMC,ISU_ILCC_NMC/G32C1,0.7,pchp_method,20,True,False,False,16.0,,5.0,5.0,,1.0,0,0.0,5,5,1.0,15,0,0.0
ISU_ILCC_NMC,ISU_ILCC_NMC/G32C1,0.8,protected_state,20,True,False,False,13.0,,8.0,8.0,,1.0,0,0.0,8,8,1.0,12,0,0.0
ISU_ILCC_NMC,ISU_ILCC_NMC/G32C1,0.8,fixed_shift,20,True,False,False,13.0,,8.0,8.0,,1.0,0,0.0,8,8,1.0,12,0,0.0
ISU_ILCC_NMC,ISU_ILCC_NMC/G32C1,0.8,pchp_method,20,True,False,False,13.0,,8.0,8.0,,1.0,0,0.0,8,8,1.0,12,0,0.0
ISU_ILCC_NMC,ISU_ILCC_NMC/G32C1,0.9,protected_state,20,True,False,False,9.0,,12.0,12.0,,1.0,0,0.0,12,12,1.0,8,0,0.0
ISU_ILCC_NMC,ISU_ILCC_NMC/G32C1,0.9,fixed_shift,20,True,False,False,9.0,,12.0,12.0,,1.0,0,0.0,12,12,1.0,8,0,0.0
ISU_ILCC_NMC,ISU_ILCC_NMC/G32C1,0.9,pchp_method,20,True,False,False,9.0,,12.0,12.0,,1.0,0,0.0,12,12,1.0,8,0,0.0
ISU_ILCC_NMC,ISU_ILCC_NMC/G32C2,0.7,protected_state,15,True,False,False,12.0,,4.0,4.0,,1.0,0,0.0,4,4,1.0,11,0,0.0
ISU_ILCC_NMC,ISU_ILCC_NMC/G32C2,0.7,fixed_shift,15,True,False,False,12.0,,4.0,4.0,,1.0,0,0.0,4,4,1.0,11,0,0.0
ISU_ILCC_NMC,ISU_ILCC_NMC/G32C2,0.7,pchp_method,15,True,False,False,12.0,,4.0,4.0,,1.0,0,0.0,4,4,1.0,11,0,0.0
ISU_ILCC_NMC,ISU_ILCC_NMC/G32C2,0.8,protected_state,15,True,False,False,11.0,,5.0,5.0,,1.0,0,0.0,5,5,1.0,10,0,0.0
ISU_ILCC_NMC,ISU_ILCC_NMC/G32C2,0.8,fixed_shift,15,True,False,False,11.0,,5.0,5.0,,1.0,0,0.0,5,5,1.0,10,0,0.0
ISU_ILCC_NMC,ISU_ILCC_NMC/G32C2,0.8,pchp_method,15,True,False,False,11.0,,5.0,5.0,,1.0,0,0.0,5,5,1.0,10,0,0.0
ISU_ILCC_NMC,ISU_ILCC_NMC/G32C2,0.9,protected_state,15,True,False,False,6.0,,10.0,10.0,,1.0,0,0.0,10,10,1.0,5,0,0.0
ISU_ILCC_NMC,ISU_ILCC_NMC/G32C2,0.9,fixed_shift,15,True,False,False,6.0,,10.0,10.0,,1.0,0,0.0,10,10,1.0,5,0,0.0
ISU_ILCC_NMC,ISU_ILCC_NMC/G32C2,0.9,pchp_method,15,True,False,False,6.0,,10.0,10.0,,1.0,0,0.0,10,10,1.0,5,0,0.0
ISU_ILCC_NMC,ISU_ILCC_NMC/G32C3,0.7,protected_state,18,True,False,False,15.0,,4.0,4.0,,1.0,0,0.0,4,4,1.0,14,0,0.0
ISU_ILCC_NMC,ISU_ILCC_NMC/G32C3,0.7,fixed_shift,18,True,False,False,15.0,,4.0,4.0,,1.0,0,0.0,4,4,1.0,14,0,0.0
ISU_ILCC_NMC,ISU_ILCC_NMC/G32C3,0.7,pchp_method,18,True,False,False,15.0,,4.0,4.0,,1.0,0,0.0,4,4,1.0,14,0,0.0
ISU_ILCC_NMC,ISU_ILCC_NMC/G32C3,0.8,protected_state,18,True,False,False,12.0,,7.0,7.0,,1.0,0,0.0,7,7,1.0,11,0,0.0
ISU_ILCC_NMC,ISU_ILCC_NMC/G32C3,0.8,fixed_shift,18,True,False,False,12.0,,7.0,7.0,,1.0,0,0.0,7,7,1.0,11,0,0.0
ISU_ILCC_NMC,ISU_ILCC_NMC/G32C3,0.8,pchp_method,18,True,False,False,12.0,,7.0,7.0,,1.0,0,0.0,7,7,1.0,11,0,0.0
ISU_ILCC_NMC,ISU_ILCC_NMC/G32C3,0.9,protected_state,18,True,False,False,7.0,,12.0,12.0,,1.0,0,0.0,12,12,1.0,6,0,0.0
ISU_ILCC_NMC,ISU_ILCC_NMC/G32C3,0.9,fixed_shift,18,True,False,False,7.0,,12.0,12.0,,1.0,0,0.0,12,12,1.0,6,0,0.0
ISU_ILCC_NMC,ISU_ILCC_NMC/G32C3,0.9,pchp_method,18,True,False,False,7.0,,12.0,12.0,,1.0,0,0.0,12,12,1.0,6,0,0.0
ISU_ILCC_NMC,ISU_ILCC_NMC/G32C4,0.7,protected_state,16,True,False,False,15.0,,2.0,2.0,,1.0,0,0.0,2,2,1.0,14,0,0.0
ISU_ILCC_NMC,ISU_ILCC_NMC/G32C4,0.7,fixed_shift,16,True,False,False,15.0,,2.0,2.0,,1.0,0,0.0,2,2,1.0,14,0,0.0
ISU_ILCC_NMC,ISU_ILCC_NMC/G32C4,0.7,pchp_method,16,True,False,False,15.0,,2.0,2.0,,1.0,0,0.0,2,2,1.0,14,0,0.0
ISU_ILCC_NMC,ISU_ILCC_NMC/G32C4,0.8,protected_state,16,True,False,False,12.0,,5.0,5.0,,1.0,0,0.0,5,5,1.0,11,0,0.0
ISU_ILCC_NMC,ISU_ILCC_NMC/G32C4,0.8,fixed_shift,16,True,False,False,12.0,,5.0,5.0,,1.0,0,0.0,5,5,1.0,11,0,0.0
ISU_ILCC_NMC,ISU_ILCC_NMC/G32C4,0.8,pchp_method,16,True,False,False,12.0,,5.0,5.0,,1.0,0,0.0,5,5,1.0,11,0,0.0
ISU_ILCC_NMC,ISU_ILCC_NMC/G32C4,0.9,protected_state,16,True,False,False,6.0,,11.0,11.0,,1.0,0,0.0,11,11,1.0,5,0,0.0
ISU_ILCC_NMC,ISU_ILCC_NMC/G32C4,0.9,fixed_shift,16,True,False,False,6.0,,11.0,11.0,,1.0,0,0.0,11,11,1.0,5,0,0.0
ISU_ILCC_NMC,ISU_ILCC_NMC/G32C4,0.9,pchp_method,16,True,False,False,6.0,,11.0,11.0,,1.0,0,0.0,11,11,1.0,5,0,0.0
ISU_ILCC_NMC,ISU_ILCC_NMC/G33C1,0.7,protected_state,19,True,False,False,15.0,,5.0,5.0,,1.0,0,0.0,5,5,1.0,14,0,0.0
ISU_ILCC_NMC,ISU_ILCC_NMC/G33C1,0.7,fixed_shift,19,True,False,False,15.0,,5.0,5.0,,1.0,0,0.0,5,5,1.0,14,0,0.0
ISU_ILCC_NMC,ISU_ILCC_NMC/G33C1,0.7,pchp_method,19,True,False,False,15.0,,5.0,5.0,,1.0,0,0.0,5,5,1.0,14,0,0.0
ISU_ILCC_NMC,ISU_ILCC_NMC/G33C1,0.8,protected_state,19,True,False,False,12.0,,8.0,8.0,,1.0,0,0.0,8,8,1.0,11,0,0.0
ISU_ILCC_NMC,ISU_ILCC_NMC/G33C1,0.8,fixed_shift,19,True,False,False,12.0,,8.0,8.0,,1.0,0,0.0,8,8,1.0,11,0,0.0
ISU_ILCC_NMC,ISU_ILCC_NMC/G33C1,0.8,pchp_method,19,True,False,False,12.0,,8.0,8.0,,1.0,0,0.0,8,8,1.0,11,0,0.0
ISU_ILCC_NMC,ISU_ILCC_NMC/G33C1,0.9,protected_state,19,True,False,False,7.0,,13.0,13.0,,1.0,0,0.0,13,13,1.0,6,0,0.0
ISU_ILCC_NMC,ISU_ILCC_NMC/G33C1,0.9,fixed_shift,19,True,False,False,7.0,,13.0,13.0,,1.0,0,0.0,13,13,1.0,6,0,0.0
ISU_ILCC_NMC,ISU_ILCC_NMC/G33C1,0.9,pchp_method,19,True,False,False,7.0,,13.0,13.0,,1.0,0,0.0,13,13,1.0,6,0,0.0
ISU_ILCC_NMC,ISU_ILCC_NMC/G33C2,0.7,protected_state,16,True,False,False,13.0,,4.0,4.0,,1.0,0,0.0,4,4,1.0,12,0,0.0
ISU_ILCC_NMC,ISU_ILCC_NMC/G33C2,0.7,fixed_shift,16,True,False,False,13.0,,4.0,4.0,,1.0,0,0.0,4,4,1.0,12,0,0.0
ISU_ILCC_NMC,ISU_ILCC_NMC/G33C2,0.7,pchp_method,16,True,False,False,13.0,,4.0,4.0,,1.0,0,0.0,4,4,1.0,12,0,0.0
ISU_ILCC_NMC,ISU_ILCC_NMC/G33C2,0.8,protected_state,16,True,False,False,10.0,,7.0,7.0,,1.0,0,0.0,7,7,1.0,9,0,0.0
ISU_ILCC_NMC,ISU_ILCC_NMC/G33C2,0.8,fixed_shift,16,True,False,False,10.0,,7.0,7.0,,1.0,0,0.0,7,7,1.0,9,0,0.0
ISU_ILCC_NMC,ISU_ILCC_NMC/G33C2,0.8,pchp_method,16,True,False,False,10.0,,7.0,7.0,,1.0,0,0.0,7,7,1.0,9,0,0.0
ISU_ILCC_NMC,ISU_ILCC_NMC/G33C2,0.9,protected_state,16,True,False,False,6.0,,11.0,11.0,,1.0,0,0.0,11,11,1.0,5,0,0.0
ISU_ILCC_NMC,ISU_ILCC_NMC/G33C2,0.9,fixed_shift,16,True,False,False,6.0,,11.0,11.0,,1.0,0,0.0,11,11,1.0,5,0,0.0
ISU_ILCC_NMC,ISU_ILCC_NMC/G33C2,0.9,pchp_method,16,True,False,False,6.0,,11.0,11.0,,1.0,0,0.0,11,11,1.0,5,0,0.0
ISU_ILCC_NMC,ISU_ILCC_NMC/G33C3,0.7,protected_state,21,True,False,False,19.0,,3.0,3.0,,1.0,0,0.0,3,3,1.0,18,0,0.0
ISU_ILCC_NMC,ISU_ILCC_NMC/G33C3,0.7,fixed_shift,21,True,False,False,19.0,,3.0,3.0,,1.0,0,0.0,3,3,1.0,18,0,0.0
ISU_ILCC_NMC,ISU_ILCC_NMC/G33C3,0.7,pchp_method,21,True,False,False,19.0,,3.0,3.0,,1.0,0,0.0,3,3,1.0,18,0,0.0
ISU_ILCC_NMC,ISU_ILCC_NMC/G33C3,0.8,protected_state,21,True,False,False,17.0,,5.0,5.0,,1.0,0,0.0,5,5,1.0,16,0,0.0
ISU_ILCC_NMC,ISU_ILCC_NMC/G33C3,0.8,fixed_shift,21,True,False,False,17.0,,5.0,5.0,,1.0,0,0.0,5,5,1.0,16,0,0.0
ISU_ILCC_NMC,ISU_ILCC_NMC/G33C3,0.8,pchp_method,21,True,False,False,17.0,,5.0,5.0,,1.0,0,0.0,5,5,1.0,16,0,0.0
ISU_ILCC_NMC,ISU_ILCC_NMC/G33C3,0.9,protected_state,21,True,False,False,10.0,,12.0,12.0,,1.0,0,0.0,12,12,1.0,9,0,0.0
ISU_ILCC_NMC,ISU_ILCC_NMC/G33C3,0.9,fixed_shift,21,True,False,False,10.0,,12.0,12.0,,1.0,0,0.0,12,12,1.0,9,0,0.0
ISU_ILCC_NMC,ISU_ILCC_NMC/G33C3,0.9,pchp_method,21,True,False,False,10.0,,12.0,12.0,,1.0,0,0.0,12,12,1.0,9,0,0.0
ISU_ILCC_NMC,ISU_ILCC_NMC/G33C4,0.7,protected_state,15,True,False,False,12.0,,4.0,4.0,,1.0,0,0.0,4,4,1.0,11,0,0.0
ISU_ILCC_NMC,ISU_ILCC_NMC/G33C4,0.7,fixed_shift,15,True,False,False,12.0,,4.0,4.0,,1.0,0,0.0,4,4,1.0,11,0,0.0
ISU_ILCC_NMC,ISU_ILCC_NMC/G33C4,0.7,pchp_method,15,True,False,False,12.0,,4.0,4.0,,1.0,0,0.0,4,4,1.0,11,0,0.0
ISU_ILCC_NMC,ISU_ILCC_NMC/G33C4,0.8,protected_state,15,True,False,False,11.0,,5.0,5.0,,1.0,0,0.0,5,5,1.0,10,0,0.0
ISU_ILCC_NMC,ISU_ILCC_NMC/G33C4,0.8,fixed_shift,15,True,False,False,11.0,,5.0,5.0,,1.0,0,0.0,5,5,1.0,10,0,0.0
ISU_ILCC_NMC,ISU_ILCC_NMC/G33C4,0.8,pchp_method,15,True,False,False,11.0,,5.0,5.0,,1.0,0,0.0,5,5,1.0,10,0,0.0
ISU_ILCC_NMC,ISU_ILCC_NMC/G33C4,0.9,protected_state,15,True,False,False,7.0,,9.0,9.0,,1.0,0,0.0,9,9,1.0,6,0,0.0
ISU_ILCC_NMC,ISU_ILCC_NMC/G33C4,0.9,fixed_shift,15,True,False,False,7.0,,9.0,9.0,,1.0,0,0.0,9,9,1.0,6,0,0.0
ISU_ILCC_NMC,ISU_ILCC_NMC/G33C4,0.9,pchp_method,15,True,False,False,7.0,,9.0,9.0,,1.0,0,0.0,9,9,1.0,6,0,0.0
ISU_ILCC_NMC,ISU_ILCC_NMC/G34C1,0.7,protected_state,24,True,False,False,19.0,,6.0,6.0,,1.0,0,0.0,6,6,1.0,18,0,0.0
ISU_ILCC_NMC,ISU_ILCC_NMC/G34C1,0.7,fixed_shift,24,True,False,False,19.0,,6.0,6.0,,1.0,0,0.0,6,6,1.0,18,0,0.0
ISU_ILCC_NMC,ISU_ILCC_NMC/G34C1,0.7,pchp_method,24,True,False,False,19.0,,6.0,6.0,,1.0,0,0.0,6,6,1.0,18,0,0.0
ISU_ILCC_NMC,ISU_ILCC_NMC/G34C1,0.8,protected_state,24,True,False,False,14.0,,11.0,11.0,,1.0,0,0.0,11,11,1.0,13,0,0.0
ISU_ILCC_NMC,ISU_ILCC_NMC/G34C1,0.8,fixed_shift,24,True,False,False,14.0,,11.0,11.0,,1.0,0,0.0,11,11,1.0,13,0,0.0
ISU_ILCC_NMC,ISU_ILCC_NMC/G34C1,0.8,pchp_method,24,True,False,False,14.0,,11.0,11.0,,1.0,0,0.0,11,11,1.0,13,0,0.0
ISU_ILCC_NMC,ISU_ILCC_NMC/G34C1,0.9,protected_state,24,True,False,False,8.0,,17.0,17.0,,1.0,0,0.0,17,17,1.0,7,0,0.0
ISU_ILCC_NMC,ISU_ILCC_NMC/G34C1,0.9,fixed_shift,24,True,False,False,8.0,,17.0,17.0,,1.0,0,0.0,17,17,1.0,7,0,0.0
ISU_ILCC_NMC,ISU_ILCC_NMC/G34C1,0.9,pchp_method,24,True,False,False,8.0,,17.0,17.0,,1.0,0,0.0,17,17,1.0,7,0,0.0
ISU_ILCC_NMC,ISU_ILCC_NMC/G34C2,0.7,protected_state,24,True,False,False,21.0,,4.0,4.0,,1.0,0,0.0,4,4,1.0,20,0,0.0
ISU_ILCC_NMC,ISU_ILCC_NMC/G34C2,0.7,fixed_shift,24,True,False,False,21.0,,4.0,4.0,,1.0,0,0.0,4,4,1.0,20,0,0.0
ISU_ILCC_NMC,ISU_ILCC_NMC/G34C2,0.7,pchp_method,24,True,False,False,21.0,,4.0,4.0,,1.0,0,0.0,4,4,1.0,20,0,0.0
ISU_ILCC_NMC,ISU_ILCC_NMC/G34C2,0.8,protected_state,24,True,False,False,17.0,,8.0,8.0,,1.0,0,0.0,8,8,1.0,16,0,0.0
ISU_ILCC_NMC,ISU_ILCC_NMC/G34C2,0.8,fixed_shift,24,True,False,False,17.0,,8.0,8.0,,1.0,0,0.0,8,8,1.0,16,0,0.0
ISU_ILCC_NMC,ISU_ILCC_NMC/G34C2,0.8,pchp_method,24,True,False,False,17.0,,8.0,8.0,,1.0,0,0.0,8,8,1.0,16,0,0.0
ISU_ILCC_NMC,ISU_ILCC_NMC/G34C2,0.9,protected_state,24,True,False,False,10.0,,15.0,15.0,,1.0,0,0.0,15,15,1.0,9,0,0.0
ISU_ILCC_NMC,ISU_ILCC_NMC/G34C2,0.9,fixed_shift,24,True,False,False,10.0,,15.0,15.0,,1.0,0,0.0,15,15,1.0,9,0,0.0
ISU_ILCC_NMC,ISU_ILCC_NMC/G34C2,0.9,pchp_method,24,True,False,False,10.0,,15.0,15.0,,1.0,0,0.0,15,15,1.0,9,0,0.0
ISU_ILCC_NMC,ISU_ILCC_NMC/G34C3,0.7,protected_state,21,True,False,False,15.0,,7.0,7.0,,1.0,0,0.0,7,7,1.0,14,0,0.0
ISU_ILCC_NMC,ISU_ILCC_NMC/G34C3,0.7,fixed_shift,21,True,False,False,15.0,,7.0,7.0,,1.0,0,0.0,7,7,1.0,14,0,0.0
ISU_ILCC_NMC,ISU_ILCC_NMC/G34C3,0.7,pchp_method,21,True,False,False,15.0,,7.0,7.0,,1.0,0,0.0,7,7,1.0,14,0,0.0
ISU_ILCC_NMC,ISU_ILCC_NMC/G34C3,0.8,protected_state,21,True,False,False,11.0,,11.0,11.0,,1.0,0,0.0,11,11,1.0,10,0,0.0
ISU_ILCC_NMC,ISU_ILCC_NMC/G34C3,0.8,fixed_shift,21,True,False,False,11.0,,11.0,11.0,,1.0,0,0.0,11,11,1.0,10,0,0.0
ISU_ILCC_NMC,ISU_ILCC_NMC/G34C3,0.8,pchp_method,21,True,False,False,11.0,,11.0,11.0,,1.0,0,0.0,11,11,1.0,10,0,0.0
ISU_ILCC_NMC,ISU_ILCC_NMC/G34C3,0.9,protected_state,21,True,False,False,7.0,,15.0,15.0,,1.0,0,0.0,15,15,1.0,6,0,0.0
ISU_ILCC_NMC,ISU_ILCC_NMC/G34C3,0.9,fixed_shift,21,True,False,False,7.0,,15.0,15.0,,1.0,0,0.0,15,15,1.0,6,0,0.0
ISU_ILCC_NMC,ISU_ILCC_NMC/G34C3,0.9,pchp_method,21,True,False,False,7.0,,15.0,15.0,,1.0,0,0.0,15,15,1.0,6,0,0.0
ISU_ILCC_NMC,ISU_ILCC_NMC/G34C4,0.7,protected_state,24,True,False,False,17.0,,8.0,8.0,,1.0,0,0.0,8,8,1.0,16,0,0.0
ISU_ILCC_NMC,ISU_ILCC_NMC/G34C4,0.7,fixed_shift,24,True,False,False,17.0,,8.0,8.0,,1.0,0,0.0,8,8,1.0,16,0,0.0
ISU_ILCC_NMC,ISU_ILCC_NMC/G34C4,0.7,pchp_method,24,True,False,False,17.0,,8.0,8.0,,1.0,0,0.0,8,8,1.0,16,0,0.0
ISU_ILCC_NMC,ISU_ILCC_NMC/G34C4,0.8,protected_state,24,True,False,False,12.0,,13.0,13.0,,1.0,0,0.0,13,13,1.0,11,0,0.0
ISU_ILCC_NMC,ISU_ILCC_NMC/G34C4,0.8,fixed_shift,24,True,False,False,12.0,,13.0,13.0,,1.0,0,0.0,13,13,1.0,11,0,0.0
ISU_ILCC_NMC,ISU_ILCC_NMC/G34C4,0.8,pchp_method,24,True,False,False,12.0,,13.0,13.0,,1.0,0,0.0,13,13,1.0,11,0,0.0
ISU_ILCC_NMC,ISU_ILCC_NMC/G34C4,0.9,protected_state,24,True,False,False,7.0,,18.0,18.0,,1.0,0,0.0,18,18,1.0,6,0,0.0
ISU_ILCC_NMC,ISU_ILCC_NMC/G34C4,0.9,fixed_shift,24,True,False,False,7.0,,18.0,18.0,,1.0,0,0.0,18,18,1.0,6,0,0.0
ISU_ILCC_NMC,ISU_ILCC_NMC/G34C4,0.9,pchp_method,24,True,False,False,7.0,,18.0,18.0,,1.0,0,0.0,18,18,1.0,6,0,0.0
ISU_ILCC_NMC,ISU_ILCC_NMC/G35C1,0.7,protected_state,17,True,False,False,13.0,,5.0,5.0,,1.0,0,0.0,5,5,1.0,12,0,0.0
ISU_ILCC_NMC,ISU_ILCC_NMC/G35C1,0.7,fixed_shift,17,True,False,False,13.0,,5.0,5.0,,1.0,0,0.0,5,5,1.0,12,0,0.0
ISU_ILCC_NMC,ISU_ILCC_NMC/G35C1,0.7,pchp_method,17,True,False,False,13.0,,5.0,5.0,,1.0,0,0.0,5,5,1.0,12,0,0.0
ISU_ILCC_NMC,ISU_ILCC_NMC/G35C1,0.8,protected_state,17,True,False,False,10.0,,8.0,8.0,,1.0,0,0.0,8,8,1.0,9,0,0.0
ISU_ILCC_NMC,ISU_ILCC_NMC/G35C1,0.8,fixed_shift,17,True,False,False,10.0,,8.0,8.0,,1.0,0,0.0,8,8,1.0,9,0,0.0
ISU_ILCC_NMC,ISU_ILCC_NMC/G35C1,0.8,pchp_method,17,True,False,False,10.0,,8.0,8.0,,1.0,0,0.0,8,8,1.0,9,0,0.0
ISU_ILCC_NMC,ISU_ILCC_NMC/G35C1,0.9,protected_state,17,True,False,False,6.0,,12.0,12.0,,1.0,0,0.0,12,12,1.0,5,0,0.0
ISU_ILCC_NMC,ISU_ILCC_NMC/G35C1,0.9,fixed_shift,17,True,False,False,6.0,,12.0,12.0,,1.0,0,0.0,12,12,1.0,5,0,0.0
ISU_ILCC_NMC,ISU_ILCC_NMC/G35C1,0.9,pchp_method,17,True,False,False,6.0,,12.0,12.0,,1.0,0,0.0,12,12,1.0,5,0,0.0
ISU_ILCC_NMC,ISU_ILCC_NMC/G35C2,0.7,protected_state,5,True,False,False,5.0,,1.0,1.0,,1.0,0,0.0,1,1,1.0,4,0,0.0
ISU_ILCC_NMC,ISU_ILCC_NMC/G35C2,0.7,fixed_shift,5,True,False,False,5.0,,1.0,1.0,,1.0,0,0.0,1,1,1.0,4,0,0.0
ISU_ILCC_NMC,ISU_ILCC_NMC/G35C2,0.7,pchp_method,5,True,False,False,5.0,,1.0,1.0,,1.0,0,0.0,1,1,1.0,4,0,0.0
ISU_ILCC_NMC,ISU_ILCC_NMC/G35C2,0.8,protected_state,5,True,False,False,4.0,,2.0,2.0,,1.0,0,0.0,2,2,1.0,3,0,0.0
ISU_ILCC_NMC,ISU_ILCC_NMC/G35C2,0.8,fixed_shift,5,True,False,False,4.0,,2.0,2.0,,1.0,0,0.0,2,2,1.0,3,0,0.0
ISU_ILCC_NMC,ISU_ILCC_NMC/G35C2,0.8,pchp_method,5,True,False,False,4.0,,2.0,2.0,,1.0,0,0.0,2,2,1.0,3,0,0.0
ISU_ILCC_NMC,ISU_ILCC_NMC/G35C2,0.9,protected_state,5,True,False,False,3.0,,3.0,3.0,,1.0,0,0.0,3,3,1.0,2,0,0.0
ISU_ILCC_NMC,ISU_ILCC_NMC/G35C2,0.9,fixed_shift,5,True,False,False,3.0,,3.0,3.0,,1.0,0,0.0,3,3,1.0,2,0,0.0
ISU_ILCC_NMC,ISU_ILCC_NMC/G35C2,0.9,pchp_method,5,True,False,False,3.0,,3.0,3.0,,1.0,0,0.0,3,3,1.0,2,0,0.0
ISU_ILCC_NMC,ISU_ILCC_NMC/G35C3,0.7,protected_state,10,True,False,False,8.0,,3.0,3.0,,1.0,0,0.0,3,3,1.0,7,0,0.0
ISU_ILCC_NMC,ISU_ILCC_NMC/G35C3,0.7,fixed_shift,10,True,False,False,8.0,,3.0,3.0,,1.0,0,0.0,3,3,1.0,7,0,0.0
ISU_ILCC_NMC,ISU_ILCC_NMC/G35C3,0.7,pchp_method,10,True,False,False,8.0,,3.0,3.0,,1.0,0,0.0,3,3,1.0,7,0,0.0
ISU_ILCC_NMC,ISU_ILCC_NMC/G35C3,0.8,protected_state,10,True,False,False,7.0,,4.0,4.0,,1.0,0,0.0,4,4,1.0,6,0,0.0
ISU_ILCC_NMC,ISU_ILCC_NMC/G35C3,0.8,fixed_shift,10,True,False,False,7.0,,4.0,4.0,,1.0,0,0.0,4,4,1.0,6,0,0.0
ISU_ILCC_NMC,ISU_ILCC_NMC/G35C3,0.8,pchp_method,10,True,False,False,7.0,,4.0,4.0,,1.0,0,0.0,4,4,1.0,6,0,0.0
ISU_ILCC_NMC,ISU_ILCC_NMC/G35C3,0.9,protected_state,10,True,False,False,5.0,,6.0,6.0,,1.0,0,0.0,6,6,1.0,4,0,0.0
ISU_ILCC_NMC,ISU_ILCC_NMC/G35C3,0.9,fixed_shift,10,True,False,False,5.0,,6.0,6.0,,1.0,0,0.0,6,6,1.0,4,0,0.0
ISU_ILCC_NMC,ISU_ILCC_NMC/G35C3,0.9,pchp_method,10,True,False,False,5.0,,6.0,6.0,,1.0,0,0.0,6,6,1.0,4,0,0.0
ISU_ILCC_NMC,ISU_ILCC_NMC/G35C4,0.7,protected_state,8,True,False,False,7.0,,2.0,2.0,,1.0,0,0.0,2,2,1.0,6,0,0.0
ISU_ILCC_NMC,ISU_ILCC_NMC/G35C4,0.7,fixed_shift,8,True,False,False,7.0,,2.0,2.0,,1.0,0,0.0,2,2,1.0,6,0,0.0
ISU_ILCC_NMC,ISU_ILCC_NMC/G35C4,0.7,pchp_method,8,True,False,False,7.0,,2.0,2.0,,1.0,0,0.0,2,2,1.0,6,0,0.0
ISU_ILCC_NMC,ISU_ILCC_NMC/G35C4,0.8,protected_state,8,True,False,False,6.0,,3.0,3.0,,1.0,0,0.0,3,3,1.0,5,0,0.0
ISU_ILCC_NMC,ISU_ILCC_NMC/G35C4,0.8,fixed_shift,8,True,False,False,6.0,,3.0,3.0,,1.0,0,0.0,3,3,1.0,5,0,0.0
ISU_ILCC_NMC,ISU_ILCC_NMC/G35C4,0.8,pchp_method,8,True,False,False,6.0,,3.0,3.0,,1.0,0,0.0,3,3,1.0,5,0,0.0
ISU_ILCC_NMC,ISU_ILCC_NMC/G35C4,0.9,protected_state,8,True,False,False,4.0,,5.0,5.0,,1.0,0,0.0,5,5,1.0,3,0,0.0
ISU_ILCC_NMC,ISU_ILCC_NMC/G35C4,0.9,fixed_shift,8,True,False,False,4.0,,5.0,5.0,,1.0,0,0.0,5,5,1.0,3,0,0.0
ISU_ILCC_NMC,ISU_ILCC_NMC/G35C4,0.9,pchp_method,8,True,False,False,4.0,,5.0,5.0,,1.0,0,0.0,5,5,1.0,3,0,0.0
ISU_ILCC_NMC,ISU_ILCC_NMC/G36C1,0.7,protected_state,11,True,False,False,8.0,,4.0,4.0,,1.0,0,0.0,4,4,1.0,7,0,0.0
ISU_ILCC_NMC,ISU_ILCC_NMC/G36C1,0.7,fixed_shift,11,True,False,False,8.0,,4.0,4.0,,1.0,0,0.0,4,4,1.0,7,0,0.0
ISU_ILCC_NMC,ISU_ILCC_NMC/G36C1,0.7,pchp_method,11,True,False,False,8.0,,4.0,4.0,,1.0,0,0.0,4,4,1.0,7,0,0.0
ISU_ILCC_NMC,ISU_ILCC_NMC/G36C1,0.8,protected_state,11,True,False,False,7.0,,5.0,5.0,,1.0,0,0.0,5,5,1.0,6,0,0.0
ISU_ILCC_NMC,ISU_ILCC_NMC/G36C1,0.8,fixed_shift,11,True,False,False,7.0,,5.0,5.0,,1.0,0,0.0,5,5,1.0,6,0,0.0
ISU_ILCC_NMC,ISU_ILCC_NMC/G36C1,0.8,pchp_method,11,True,False,False,7.0,,5.0,5.0,,1.0,0,0.0,5,5,1.0,6,0,0.0
ISU_ILCC_NMC,ISU_ILCC_NMC/G36C1,0.9,protected_state,11,True,False,False,4.0,,8.0,8.0,,1.0,0,0.0,8,8,1.0,3,0,0.0
ISU_ILCC_NMC,ISU_ILCC_NMC/G36C1,0.9,fixed_shift,11,True,False,False,4.0,,8.0,8.0,,1.0,0,0.0,8,8,1.0,3,0,0.0
ISU_ILCC_NMC,ISU_ILCC_NMC/G36C1,0.9,pchp_method,11,True,False,False,4.0,,8.0,8.0,,1.0,0,0.0,8,8,1.0,3,0,0.0
ISU_ILCC_NMC,ISU_ILCC_NMC/G36C2,0.7,protected_state,13,True,False,False,10.0,,4.0,4.0,,1.0,0,0.0,4,4,1.0,9,0,0.0
ISU_ILCC_NMC,ISU_ILCC_NMC/G36C2,0.7,fixed_shift,13,True,False,False,10.0,,4.0,4.0,,1.0,0,0.0,4,4,1.0,9,0,0.0
ISU_ILCC_NMC,ISU_ILCC_NMC/G36C2,0.7,pchp_method,13,True,False,False,10.0,,4.0,4.0,,1.0,0,0.0,4,4,1.0,9,0,0.0
ISU_ILCC_NMC,ISU_ILCC_NMC/G36C2,0.8,protected_state,13,True,False,False,8.0,,6.0,6.0,,1.0,0,0.0,6,6,1.0,7,0,0.0
ISU_ILCC_NMC,ISU_ILCC_NMC/G36C2,0.8,fixed_shift,13,True,False,False,8.0,,6.0,6.0,,1.0,0,0.0,6,6,1.0,7,0,0.0
ISU_ILCC_NMC,ISU_ILCC_NMC/G36C2,0.8,pchp_method,13,True,False,False,8.0,,6.0,6.0,,1.0,0,0.0,6,6,1.0,7,0,0.0
ISU_ILCC_NMC,ISU_ILCC_NMC/G36C2,0.9,protected_state,13,True,False,False,7.0,,7.0,7.0,,1.0,0,0.0,7,7,1.0,6,0,0.0
ISU_ILCC_NMC,ISU_ILCC_NMC/G36C2,0.9,fixed_shift,13,True,False,False,7.0,,7.0,7.0,,1.0,0,0.0,7,7,1.0,6,0,0.0
ISU_ILCC_NMC,ISU_ILCC_NMC/G36C2,0.9,pchp_method,13,True,False,False,7.0,,7.0,7.0,,1.0,0,0.0,7,7,1.0,6,0,0.0
ISU_ILCC_NMC,ISU_ILCC_NMC/G36C3,0.7,protected_state,15,True,False,False,11.0,,5.0,5.0,,1.0,0,0.0,5,5,1.0,10,0,0.0
ISU_ILCC_NMC,ISU_ILCC_NMC/G36C3,0.7,fixed_shift,15,True,False,False,11.0,,5.0,5.0,,1.0,0,0.0,5,5,1.0,10,0,0.0
ISU_ILCC_NMC,ISU_ILCC_NMC/G36C3,0.7,pchp_method,15,True,False,False,11.0,,5.0,5.0,,1.0,0,0.0,5,5,1.0,10,0,0.0
ISU_ILCC_NMC,ISU_ILCC_NMC/G36C3,0.8,protected_state,15,True,False,False,9.0,,7.0,7.0,,1.0,0,0.0,7,7,1.0,8,0,0.0
ISU_ILCC_NMC,ISU_ILCC_NMC/G36C3,0.8,fixed_shift,15,True,False,False,9.0,,7.0,7.0,,1.0,0,0.0,7,7,1.0,8,0,0.0
ISU_ILCC_NMC,ISU_ILCC_NMC/G36C3,0.8,pchp_method,15,True,False,False,9.0,,7.0,7.0,,1.0,0,0.0,7,7,1.0,8,0,0.0
ISU_ILCC_NMC,ISU_ILCC_NMC/G36C3,0.9,protected_state,15,True,False,False,6.0,,10.0,10.0,,1.0,0,0.0,10,10,1.0,5,0,0.0
ISU_ILCC_NMC,ISU_ILCC_NMC/G36C3,0.9,fixed_shift,15,True,False,False,6.0,,10.0,10.0,,1.0,0,0.0,10,10,1.0,5,0,0.0
ISU_ILCC_NMC,ISU_ILCC_NMC/G36C3,0.9,pchp_method,15,True,False,False,6.0,,10.0,10.0,,1.0,0,0.0,10,10,1.0,5,0,0.0
ISU_ILCC_NMC,ISU_ILCC_NMC/G36C4,0.7,protected_state,4,True,False,False,4.0,,1.0,1.0,,1.0,0,0.0,1,1,1.0,3,0,0.0
ISU_ILCC_NMC,ISU_ILCC_NMC/G36C4,0.7,fixed_shift,4,True,False,False,4.0,,1.0,1.0,,1.0,0,0.0,1,1,1.0,3,0,0.0
ISU_ILCC_NMC,ISU_ILCC_NMC/G36C4,0.7,pchp_method,4,True,False,False,4.0,,1.0,1.0,,1.0,0,0.0,1,1,1.0,3,0,0.0
ISU_ILCC_NMC,ISU_ILCC_NMC/G36C4,0.8,protected_state,4,True,False,False,3.0,,2.0,2.0,,1.0,0,0.0,2,2,1.0,2,0,0.0
ISU_ILCC_NMC,ISU_ILCC_NMC/G36C4,0.8,fixed_shift,4,True,False,False,3.0,,2.0,2.0,,1.0,0,0.0,2,2,1.0,2,0,0.0
ISU_ILCC_NMC,ISU_ILCC_NMC/G36C4,0.8,pchp_method,4,True,False,False,3.0,,2.0,2.0,,1.0,0,0.0,2,2,1.0,2,0,0.0
ISU_ILCC_NMC,ISU_ILCC_NMC/G36C4,0.9,protected_state,4,True,False,False,2.0,,3.0,3.0,,1.0,0,0.0,3,3,1.0,1,0,0.0
ISU_ILCC_NMC,ISU_ILCC_NMC/G36C4,0.9,fixed_shift,4,True,False,False,2.0,,3.0,3.0,,1.0,0,0.0,3,3,1.0,1,0,0.0
ISU_ILCC_NMC,ISU_ILCC_NMC/G36C4,0.9,pchp_method,4,True,False,False,2.0,,3.0,3.0,,1.0,0,0.0,3,3,1.0,1,0,0.0
ISU_ILCC_NMC,ISU_ILCC_NMC/G37C1,0.7,protected_state,17,True,False,False,15.0,,3.0,3.0,,1.0,0,0.0,3,3,1.0,14,0,0.0
ISU_ILCC_NMC,ISU_ILCC_NMC/G37C1,0.7,fixed_shift,17,True,False,False,15.0,,3.0,3.0,,1.0,0,0.0,3,3,1.0,14,0,0.0
ISU_ILCC_NMC,ISU_ILCC_NMC/G37C1,0.7,pchp_method,17,True,False,False,15.0,,3.0,3.0,,1.0,0,0.0,3,3,1.0,14,0,0.0
ISU_ILCC_NMC,ISU_ILCC_NMC/G37C1,0.8,protected_state,17,True,False,False,12.0,,6.0,6.0,,1.0,0,0.0,6,6,1.0,11,0,0.0
ISU_ILCC_NMC,ISU_ILCC_NMC/G37C1,0.8,fixed_shift,17,True,False,False,12.0,,6.0,6.0,,1.0,0,0.0,6,6,1.0,11,0,0.0
ISU_ILCC_NMC,ISU_ILCC_NMC/G37C1,0.8,pchp_method,17,True,False,False,12.0,,6.0,6.0,,1.0,0,0.0,6,6,1.0,11,0,0.0
ISU_ILCC_NMC,ISU_ILCC_NMC/G37C1,0.9,protected_state,17,True,False,False,6.0,,12.0,12.0,,1.0,0,0.0,12,12,1.0,5,0,0.0
ISU_ILCC_NMC,ISU_ILCC_NMC/G37C1,0.9,fixed_shift,17,True,False,False,6.0,,12.0,12.0,,1.0,0,0.0,12,12,1.0,5,0,0.0
ISU_ILCC_NMC,ISU_ILCC_NMC/G37C1,0.9,pchp_method,17,True,False,False,6.0,,12.0,12.0,,1.0,0,0.0,12,12,1.0,5,0,0.0
ISU_ILCC_NMC,ISU_ILCC_NMC/G37C2,0.7,protected_state,14,True,False,False,13.0,,2.0,2.0,,1.0,0,0.0,2,2,1.0,12,0,0.0
ISU_ILCC_NMC,ISU_ILCC_NMC/G37C2,0.7,fixed_shift,14,True,False,False,13.0,,2.0,2.0,,1.0,0,0.0,2,2,1.0,12,0,0.0
ISU_ILCC_NMC,ISU_ILCC_NMC/G37C2,0.7,pchp_method,14,True,False,False,13.0,,2.0,2.0,,1.0,0,0.0,2,2,1.0,12,0,0.0
ISU_ILCC_NMC,ISU_ILCC_NMC/G37C2,0.8,protected_state,14,True,False,False,12.0,,3.0,3.0,,1.0,0,0.0,3,3,1.0,11,0,0.0
ISU_ILCC_NMC,ISU_ILCC_NMC/G37C2,0.8,fixed_shift,14,True,False,False,12.0,,3.0,3.0,,1.0,0,0.0,3,3,1.0,11,0,0.0
ISU_ILCC_NMC,ISU_ILCC_NMC/G37C2,0.8,pchp_method,14,True,False,False,12.0,,3.0,3.0,,1.0,0,0.0,3,3,1.0,11,0,0.0
ISU_ILCC_NMC,ISU_ILCC_NMC/G37C2,0.9,protected_state,14,True,False,False,7.0,,8.0,8.0,,1.0,0,0.0,8,8,1.0,6,0,0.0
ISU_ILCC_NMC,ISU_ILCC_NMC/G37C2,0.9,fixed_shift,14,True,False,False,7.0,,8.0,8.0,,1.0,0,0.0,8,8,1.0,6,0,0.0
ISU_ILCC_NMC,ISU_ILCC_NMC/G37C2,0.9,pchp_method,14,True,False,False,7.0,,8.0,8.0,,1.0,0,0.0,8,8,1.0,6,0,0.0
ISU_ILCC_NMC,ISU_ILCC_NMC/G37C3,0.7,protected_state,13,True,False,False,12.0,,2.0,2.0,,1.0,0,0.0,2,2,1.0,11,0,0.0
ISU_ILCC_NMC,ISU_ILCC_NMC/G37C3,0.7,fixed_shift,13,True,False,False,12.0,,2.0,2.0,,1.0,0,0.0,2,2,1.0,11,0,0.0
ISU_ILCC_NMC,ISU_ILCC_NMC/G37C3,0.7,pchp_method,13,True,False,False,12.0,,2.0,2.0,,1.0,0,0.0,2,2,1.0,11,0,0.0
ISU_ILCC_NMC,ISU_ILCC_NMC/G37C3,0.8,protected_state,13,True,False,False,11.0,,3.0,3.0,,1.0,0,0.0,3,3,1.0,10,0,0.0
ISU_ILCC_NMC,ISU_ILCC_NMC/G37C3,0.8,fixed_shift,13,True,False,False,11.0,,3.0,3.0,,1.0,0,0.0,3,3,1.0,10,0,0.0
ISU_ILCC_NMC,ISU_ILCC_NMC/G37C3,0.8,pchp_method,13,True,False,False,11.0,,3.0,3.0,,1.0,0,0.0,3,3,1.0,10,0,0.0
ISU_ILCC_NMC,ISU_ILCC_NMC/G37C3,0.9,protected_state,13,True,False,False,6.0,,8.0,8.0,,1.0,0,0.0,8,8,1.0,5,0,0.0
ISU_ILCC_NMC,ISU_ILCC_NMC/G37C3,0.9,fixed_shift,13,True,False,False,6.0,,8.0,8.0,,1.0,0,0.0,8,8,1.0,5,0,0.0
ISU_ILCC_NMC,ISU_ILCC_NMC/G37C3,0.9,pchp_method,13,True,False,False,6.0,,8.0,8.0,,1.0,0,0.0,8,8,1.0,5,0,0.0
ISU_ILCC_NMC,ISU_ILCC_NMC/G37C4,0.7,protected_state,10,True,False,False,9.0,,2.0,2.0,,1.0,0,0.0,2,2,1.0,8,0,0.0
ISU_ILCC_NMC,ISU_ILCC_NMC/G37C4,0.7,fixed_shift,10,True,False,False,9.0,,2.0,2.0,,1.0,0,0.0,2,2,1.0,8,0,0.0
ISU_ILCC_NMC,ISU_ILCC_NMC/G37C4,0.7,pchp_method,10,True,False,False,9.0,,2.0,2.0,,1.0,0,0.0,2,2,1.0,8,0,0.0
ISU_ILCC_NMC,ISU_ILCC_NMC/G37C4,0.8,protected_state,10,True,False,False,8.0,,3.0,3.0,,1.0,0,0.0,3,3,1.0,7,0,0.0
ISU_ILCC_NMC,ISU_ILCC_NMC/G37C4,0.8,fixed_shift,10,True,False,False,8.0,,3.0,3.0,,1.0,0,0.0,3,3,1.0,7,0,0.0
ISU_ILCC_NMC,ISU_ILCC_NMC/G37C4,0.8,pchp_method,10,True,False,False,8.0,,3.0,3.0,,1.0,0,0.0,3,3,1.0,7,0,0.0
ISU_ILCC_NMC,ISU_ILCC_NMC/G37C4,0.9,protected_state,10,True,False,False,6.0,,5.0,5.0,,1.0,0,0.0,5,5,1.0,5,0,0.0
ISU_ILCC_NMC,ISU_ILCC_NMC/G37C4,0.9,fixed_shift,10,True,False,False,6.0,,5.0,5.0,,1.0,0,0.0,5,5,1.0,5,0,0.0
ISU_ILCC_NMC,ISU_ILCC_NMC/G37C4,0.9,pchp_method,10,True,False,False,6.0,,5.0,5.0,,1.0,0,0.0,5,5,1.0,5,0,0.0
ISU_ILCC_NMC,ISU_ILCC_NMC/G38C1,0.7,protected_state,9,True,False,False,7.0,,3.0,3.0,,1.0,0,0.0,3,3,1.0,6,0,0.0
ISU_ILCC_NMC,ISU_ILCC_NMC/G38C1,0.7,fixed_shift,9,True,False,False,7.0,,3.0,3.0,,1.0,0,0.0,3,3,1.0,6,0,0.0
ISU_ILCC_NMC,ISU_ILCC_NMC/G38C1,0.7,pchp_method,9,True,False,False,7.0,,3.0,3.0,,1.0,0,0.0,3,3,1.0,6,0,0.0
ISU_ILCC_NMC,ISU_ILCC_NMC/G38C1,0.8,protected_state,9,True,False,False,6.0,,4.0,4.0,,1.0,0,0.0,4,4,1.0,5,0,0.0
ISU_ILCC_NMC,ISU_ILCC_NMC/G38C1,0.8,fixed_shift,9,True,False,False,6.0,,4.0,4.0,,1.0,0,0.0,4,4,1.0,5,0,0.0
ISU_ILCC_NMC,ISU_ILCC_NMC/G38C1,0.8,pchp_method,9,True,False,False,6.0,,4.0,4.0,,1.0,0,0.0,4,4,1.0,5,0,0.0
ISU_ILCC_NMC,ISU_ILCC_NMC/G38C1,0.9,protected_state,9,True,False,False,4.0,,6.0,6.0,,1.0,0,0.0,6,6,1.0,3,0,0.0
ISU_ILCC_NMC,ISU_ILCC_NMC/G38C1,0.9,fixed_shift,9,True,False,False,4.0,,6.0,6.0,,1.0,0,0.0,6,6,1.0,3,0,0.0
ISU_ILCC_NMC,ISU_ILCC_NMC/G38C1,0.9,pchp_method,9,True,False,False,4.0,,6.0,6.0,,1.0,0,0.0,6,6,1.0,3,0,0.0
ISU_ILCC_NMC,ISU_ILCC_NMC/G38C2,0.7,protected_state,7,True,False,False,6.0,,2.0,2.0,,1.0,0,0.0,2,2,1.0,5,0,0.0
ISU_ILCC_NMC,ISU_ILCC_NMC/G38C2,0.7,fixed_shift,7,True,False,False,6.0,,2.0,2.0,,1.0,0,0.0,2,2,1.0,5,0,0.0
ISU_ILCC_NMC,ISU_ILCC_NMC/G38C2,0.7,pchp_method,7,True,False,False,6.0,,2.0,2.0,,1.0,0,0.0,2,2,1.0,5,0,0.0
ISU_ILCC_NMC,ISU_ILCC_NMC/G38C2,0.8,protected_state,7,True,False,False,4.0,,4.0,4.0,,1.0,0,0.0,4,4,1.0,3,0,0.0
ISU_ILCC_NMC,ISU_ILCC_NMC/G38C2,0.8,fixed_shift,7,True,False,False,4.0,,4.0,4.0,,1.0,0,0.0,4,4,1.0,3,0,0.0
ISU_ILCC_NMC,ISU_ILCC_NMC/G38C2,0.8,pchp_method,7,True,False,False,4.0,,4.0,4.0,,1.0,0,0.0,4,4,1.0,3,0,0.0
ISU_ILCC_NMC,ISU_ILCC_NMC/G38C2,0.9,protected_state,7,True,False,False,3.0,,5.0,5.0,,1.0,0,0.0,5,5,1.0,2,0,0.0
ISU_ILCC_NMC,ISU_ILCC_NMC/G38C2,0.9,fixed_shift,7,True,False,False,3.0,,5.0,5.0,,1.0,0,0.0,5,5,1.0,2,0,0.0
ISU_ILCC_NMC,ISU_ILCC_NMC/G38C2,0.9,pchp_method,7,True,False,False,3.0,,5.0,5.0,,1.0,0,0.0,5,5,1.0,2,0,0.0
ISU_ILCC_NMC,ISU_ILCC_NMC/G38C3,0.7,protected_state,12,True,False,False,9.0,,4.0,4.0,,1.0,0,0.0,4,4,1.0,8,0,0.0
ISU_ILCC_NMC,ISU_ILCC_NMC/G38C3,0.7,fixed_shift,12,True,False,False,9.0,,4.0,4.0,,1.0,0,0.0,4,4,1.0,8,0,0.0
ISU_ILCC_NMC,ISU_ILCC_NMC/G38C3,0.7,pchp_method,12,True,False,False,9.0,,4.0,4.0,,1.0,0,0.0,4,4,1.0,8,0,0.0
ISU_ILCC_NMC,ISU_ILCC_NMC/G38C3,0.8,protected_state,12,True,False,False,9.0,,4.0,4.0,,1.0,0,0.0,4,4,1.0,8,0,0.0
ISU_ILCC_NMC,ISU_ILCC_NMC/G38C3,0.8,fixed_shift,12,True,False,False,9.0,,4.0,4.0,,1.0,0,0.0,4,4,1.0,8,0,0.0
ISU_ILCC_NMC,ISU_ILCC_NMC/G38C3,0.8,pchp_method,12,True,False,False,9.0,,4.0,4.0,,1.0,0,0.0,4,4,1.0,8,0,0.0
ISU_ILCC_NMC,ISU_ILCC_NMC/G38C3,0.9,protected_state,12,True,False,False,6.0,,7.0,7.0,,1.0,0,0.0,7,7,1.0,5,0,0.0
ISU_ILCC_NMC,ISU_ILCC_NMC/G38C3,0.9,fixed_shift,12,True,False,False,6.0,,7.0,7.0,,1.0,0,0.0,7,7,1.0,5,0,0.0
ISU_ILCC_NMC,ISU_ILCC_NMC/G38C3,0.9,pchp_method,12,True,False,False,6.0,,7.0,7.0,,1.0,0,0.0,7,7,1.0,5,0,0.0
ISU_ILCC_NMC,ISU_ILCC_NMC/G38C4,0.7,protected_state,15,True,False,False,10.0,,6.0,6.0,,1.0,0,0.0,6,6,1.0,9,0,0.0
ISU_ILCC_NMC,ISU_ILCC_NMC/G38C4,0.7,fixed_shift,15,True,False,False,10.0,,6.0,6.0,,1.0,0,0.0,6,6,1.0,9,0,0.0
ISU_ILCC_NMC,ISU_ILCC_NMC/G38C4,0.7,pchp_method,15,True,False,False,10.0,,6.0,6.0,,1.0,0,0.0,6,6,1.0,9,0,0.0
ISU_ILCC_NMC,ISU_ILCC_NMC/G38C4,0.8,protected_state,15,True,False,False,8.0,,8.0,8.0,,1.0,0,0.0,8,8,1.0,7,0,0.0
ISU_ILCC_NMC,ISU_ILCC_NMC/G38C4,0.8,fixed_shift,15,True,False,False,8.0,,8.0,8.0,,1.0,0,0.0,8,8,1.0,7,0,0.0
ISU_ILCC_NMC,ISU_ILCC_NMC/G38C4,0.8,pchp_method,15,True,False,False,8.0,,8.0,8.0,,1.0,0,0.0,8,8,1.0,7,0,0.0
ISU_ILCC_NMC,ISU_ILCC_NMC/G38C4,0.9,protected_state,15,True,False,False,5.0,,11.0,11.0,,1.0,0,0.0,11,11,1.0,4,0,0.0
ISU_ILCC_NMC,ISU_ILCC_NMC/G38C4,0.9,fixed_shift,15,True,False,False,5.0,,11.0,11.0,,1.0,0,0.0,11,11,1.0,4,0,0.0
ISU_ILCC_NMC,ISU_ILCC_NMC/G38C4,0.9,pchp_method,15,True,False,False,5.0,,11.0,11.0,,1.0,0,0.0,11,11,1.0,4,0,0.0
ISU_ILCC_NMC,ISU_ILCC_NMC/G39C1,0.7,protected_state,10,True,False,False,8.0,,3.0,3.0,,1.0,0,0.0,3,3,1.0,7,0,0.0
ISU_ILCC_NMC,ISU_ILCC_NMC/G39C1,0.7,fixed_shift,10,True,False,False,8.0,,3.0,3.0,,1.0,0,0.0,3,3,1.0,7,0,0.0
ISU_ILCC_NMC,ISU_ILCC_NMC/G39C1,0.7,pchp_method,10,True,False,False,8.0,,3.0,3.0,,1.0,0,0.0,3,3,1.0,7,0,0.0
ISU_ILCC_NMC,ISU_ILCC_NMC/G39C1,0.8,protected_state,10,True,False,False,7.0,,4.0,4.0,,1.0,0,0.0,4,4,1.0,6,0,0.0
ISU_ILCC_NMC,ISU_ILCC_NMC/G39C1,0.8,fixed_shift,10,True,False,False,7.0,,4.0,4.0,,1.0,0,0.0,4,4,1.0,6,0,0.0
ISU_ILCC_NMC,ISU_ILCC_NMC/G39C1,0.8,pchp_method,10,True,False,False,7.0,,4.0,4.0,,1.0,0,0.0,4,4,1.0,6,0,0.0
ISU_ILCC_NMC,ISU_ILCC_NMC/G39C1,0.9,protected_state,10,True,False,False,5.0,,6.0,6.0,,1.0,0,0.0,6,6,1.0,4,0,0.0
ISU_ILCC_NMC,ISU_ILCC_NMC/G39C1,0.9,fixed_shift,10,True,False,False,5.0,,6.0,6.0,,1.0,0,0.0,6,6,1.0,4,0,0.0
ISU_ILCC_NMC,ISU_ILCC_NMC/G39C1,0.9,pchp_method,10,True,False,False,5.0,,6.0,6.0,,1.0,0,0.0,6,6,1.0,4,0,0.0
ISU_ILCC_NMC,ISU_ILCC_NMC/G39C2,0.7,protected_state,10,True,False,False,8.0,,3.0,3.0,,1.0,0,0.0,3,3,1.0,7,0,0.0
ISU_ILCC_NMC,ISU_ILCC_NMC/G39C2,0.7,fixed_shift,10,True,False,False,8.0,,3.0,3.0,,1.0,0,0.0,3,3,1.0,7,0,0.0
ISU_ILCC_NMC,ISU_ILCC_NMC/G39C2,0.7,pchp_method,10,True,False,False,8.0,,3.0,3.0,,1.0,0,0.0,3,3,1.0,7,0,0.0
ISU_ILCC_NMC,ISU_ILCC_NMC/G39C2,0.8,protected_state,10,True,False,False,7.0,,4.0,4.0,,1.0,0,0.0,4,4,1.0,6,0,0.0
ISU_ILCC_NMC,ISU_ILCC_NMC/G39C2,0.8,fixed_shift,10,True,False,False,7.0,,4.0,4.0,,1.0,0,0.0,4,4,1.0,6,0,0.0
ISU_ILCC_NMC,ISU_ILCC_NMC/G39C2,0.8,pchp_method,10,True,False,False,7.0,,4.0,4.0,,1.0,0,0.0,4,4,1.0,6,0,0.0
ISU_ILCC_NMC,ISU_ILCC_NMC/G39C2,0.9,protected_state,10,True,False,False,5.0,,6.0,6.0,,1.0,0,0.0,6,6,1.0,4,0,0.0
ISU_ILCC_NMC,ISU_ILCC_NMC/G39C2,0.9,fixed_shift,10,True,False,False,5.0,,6.0,6.0,,1.0,0,0.0,6,6,1.0,4,0,0.0
ISU_ILCC_NMC,ISU_ILCC_NMC/G39C2,0.9,pchp_method,10,True,False,False,5.0,,6.0,6.0,,1.0,0,0.0,6,6,1.0,4,0,0.0
ISU_ILCC_NMC,ISU_ILCC_NMC/G39C3,0.7,protected_state,10,True,False,False,7.0,,4.0,4.0,,1.0,0,0.0,4,4,1.0,6,0,0.0
ISU_ILCC_NMC,ISU_ILCC_NMC/G39C3,0.7,fixed_shift,10,True,False,False,7.0,,4.0,4.0,,1.0,0,0.0,4,4,1.0,6,0,0.0
ISU_ILCC_NMC,ISU_ILCC_NMC/G39C3,0.7,pchp_method,10,True,False,False,7.0,,4.0,4.0,,1.0,0,0.0,4,4,1.0,6,0,0.0
ISU_ILCC_NMC,ISU_ILCC_NMC/G39C3,0.8,protected_state,10,True,False,False,7.0,,4.0,4.0,,1.0,0,0.0,4,4,1.0,6,0,0.0
ISU_ILCC_NMC,ISU_ILCC_NMC/G39C3,0.8,fixed_shift,10,True,False,False,7.0,,4.0,4.0,,1.0,0,0.0,4,4,1.0,6,0,0.0
ISU_ILCC_NMC,ISU_ILCC_NMC/G39C3,0.8,pchp_method,10,True,False,False,7.0,,4.0,4.0,,1.0,0,0.0,4,4,1.0,6,0,0.0
ISU_ILCC_NMC,ISU_ILCC_NMC/G39C3,0.9,protected_state,10,True,False,False,5.0,,6.0,6.0,,1.0,0,0.0,6,6,1.0,4,0,0.0
ISU_ILCC_NMC,ISU_ILCC_NMC/G39C3,0.9,fixed_shift,10,True,False,False,5.0,,6.0,6.0,,1.0,0,0.0,6,6,1.0,4,0,0.0
ISU_ILCC_NMC,ISU_ILCC_NMC/G39C3,0.9,pchp_method,10,True,False,False,5.0,,6.0,6.0,,1.0,0,0.0,6,6,1.0,4,0,0.0
ISU_ILCC_NMC,ISU_ILCC_NMC/G39C4,0.7,protected_state,13,True,False,False,9.0,,5.0,5.0,,1.0,0,0.0,5,5,1.0,8,0,0.0
ISU_ILCC_NMC,ISU_ILCC_NMC/G39C4,0.7,fixed_shift,13,True,False,False,9.0,,5.0,5.0,,1.0,0,0.0,5,5,1.0,8,0,0.0
ISU_ILCC_NMC,ISU_ILCC_NMC/G39C4,0.7,pchp_method,13,True,False,False,9.0,,5.0,5.0,,1.0,0,0.0,5,5,1.0,8,0,0.0
ISU_ILCC_NMC,ISU_ILCC_NMC/G39C4,0.8,protected_state,13,True,False,False,8.0,,6.0,6.0,,1.0,0,0.0,6,6,1.0,7,0,0.0
ISU_ILCC_NMC,ISU_ILCC_NMC/G39C4,0.8,fixed_shift,13,True,False,False,8.0,,6.0,6.0,,1.0,0,0.0,6,6,1.0,7,0,0.0
ISU_ILCC_NMC,ISU_ILCC_NMC/G39C4,0.8,pchp_method,13,True,False,False,8.0,,6.0,6.0,,1.0,0,0.0,6,6,1.0,7,0,0.0
ISU_ILCC_NMC,ISU_ILCC_NMC/G39C4,0.9,protected_state,13,True,False,False,5.0,,9.0,9.0,,1.0,0,0.0,9,9,1.0,4,0,0.0
ISU_ILCC_NMC,ISU_ILCC_NMC/G39C4,0.9,fixed_shift,13,True,False,False,5.0,,9.0,9.0,,1.0,0,0.0,9,9,1.0,4,0,0.0
ISU_ILCC_NMC,ISU_ILCC_NMC/G39C4,0.9,pchp_method,13,True,False,False,5.0,,9.0,9.0,,1.0,0,0.0,9,9,1.0,4,0,0.0
ISU_ILCC_NMC,ISU_ILCC_NMC/G3C1,0.7,protected_state,26,True,False,False,25.0,,2.0,2.0,,1.0,0,0.0,2,2,1.0,24,0,0.0
ISU_ILCC_NMC,ISU_ILCC_NMC/G3C1,0.7,fixed_shift,26,True,False,False,25.0,,2.0,2.0,,1.0,0,0.0,2,2,1.0,24,0,0.0
ISU_ILCC_NMC,ISU_ILCC_NMC/G3C1,0.7,pchp_method,26,True,False,False,25.0,,2.0,2.0,,1.0,0,0.0,2,2,1.0,24,0,0.0
ISU_ILCC_NMC,ISU_ILCC_NMC/G3C1,0.8,protected_state,26,True,False,False,22.0,,5.0,5.0,,1.0,0,0.0,5,5,1.0,21,0,0.0
ISU_ILCC_NMC,ISU_ILCC_NMC/G3C1,0.8,fixed_shift,26,True,False,False,22.0,,5.0,5.0,,1.0,0,0.0,5,5,1.0,21,0,0.0
ISU_ILCC_NMC,ISU_ILCC_NMC/G3C1,0.8,pchp_method,26,True,False,False,22.0,,5.0,5.0,,1.0,0,0.0,5,5,1.0,21,0,0.0
ISU_ILCC_NMC,ISU_ILCC_NMC/G3C1,0.9,protected_state,26,True,False,False,9.0,,18.0,18.0,,1.0,0,0.0,18,18,1.0,8,0,0.0
ISU_ILCC_NMC,ISU_ILCC_NMC/G3C1,0.9,fixed_shift,26,True,False,False,9.0,,18.0,18.0,,1.0,0,0.0,18,18,1.0,8,0,0.0
ISU_ILCC_NMC,ISU_ILCC_NMC/G3C1,0.9,pchp_method,26,True,False,False,9.0,,18.0,18.0,,1.0,0,0.0,18,18,1.0,8,0,0.0
ISU_ILCC_NMC,ISU_ILCC_NMC/G3C2,0.7,protected_state,14,True,False,False,13.0,,2.0,2.0,,1.0,0,0.0,2,2,1.0,12,0,0.0
ISU_ILCC_NMC,ISU_ILCC_NMC/G3C2,0.7,fixed_shift,14,True,False,False,13.0,,2.0,2.0,,1.0,0,0.0,2,2,1.0,12,0,0.0
ISU_ILCC_NMC,ISU_ILCC_NMC/G3C2,0.7,pchp_method,14,True,False,False,13.0,,2.0,2.0,,1.0,0,0.0,2,2,1.0,12,0,0.0
ISU_ILCC_NMC,ISU_ILCC_NMC/G3C2,0.8,protected_state,14,True,False,False,11.0,,4.0,4.0,,1.0,0,0.0,4,4,1.0,10,0,0.0
ISU_ILCC_NMC,ISU_ILCC_NMC/G3C2,0.8,fixed_shift,14,True,False,False,11.0,,4.0,4.0,,1.0,0,0.0,4,4,1.0,10,0,0.0
ISU_ILCC_NMC,ISU_ILCC_NMC/G3C2,0.8,pchp_method,14,True,False,False,11.0,,4.0,4.0,,1.0,0,0.0,4,4,1.0,10,0,0.0
ISU_ILCC_NMC,ISU_ILCC_NMC/G3C2,0.9,protected_state,14,True,False,False,4.0,,11.0,11.0,,1.0,0,0.0,11,11,1.0,3,0,0.0
ISU_ILCC_NMC,ISU_ILCC_NMC/G3C2,0.9,fixed_shift,14,True,False,False,4.0,,11.0,11.0,,1.0,0,0.0,11,11,1.0,3,0,0.0
ISU_ILCC_NMC,ISU_ILCC_NMC/G3C2,0.9,pchp_method,14,True,False,False,4.0,,11.0,11.0,,1.0,0,0.0,11,11,1.0,3,0,0.0
ISU_ILCC_NMC,ISU_ILCC_NMC/G3C3,0.7,protected_state,23,True,False,False,20.0,,4.0,4.0,,1.0,0,0.0,4,4,1.0,19,0,0.0
ISU_ILCC_NMC,ISU_ILCC_NMC/G3C3,0.7,fixed_shift,23,True,False,False,20.0,,4.0,4.0,,1.0,0,0.0,4,4,1.0,19,0,0.0
ISU_ILCC_NMC,ISU_ILCC_NMC/G3C3,0.7,pchp_method,23,True,False,False,20.0,,4.0,4.0,,1.0,0,0.0,4,4,1.0,19,0,0.0
ISU_ILCC_NMC,ISU_ILCC_NMC/G3C3,0.8,protected_state,23,True,False,False,17.0,,7.0,7.0,,1.0,0,0.0,7,7,1.0,16,0,0.0
ISU_ILCC_NMC,ISU_ILCC_NMC/G3C3,0.8,fixed_shift,23,True,False,False,17.0,,7.0,7.0,,1.0,0,0.0,7,7,1.0,16,0,0.0
ISU_ILCC_NMC,ISU_ILCC_NMC/G3C3,0.8,pchp_method,23,True,False,False,17.0,,7.0,7.0,,1.0,0,0.0,7,7,1.0,16,0,0.0
ISU_ILCC_NMC,ISU_ILCC_NMC/G3C3,0.9,protected_state,23,True,False,False,8.0,,16.0,16.0,,1.0,0,0.0,16,16,1.0,7,0,0.0
ISU_ILCC_NMC,ISU_ILCC_NMC/G3C3,0.9,fixed_shift,23,True,False,False,8.0,,16.0,16.0,,1.0,0,0.0,16,16,1.0,7,0,0.0
ISU_ILCC_NMC,ISU_ILCC_NMC/G3C3,0.9,pchp_method,23,True,False,False,8.0,,16.0,16.0,,1.0,0,0.0,16,16,1.0,7,0,0.0
ISU_ILCC_NMC,ISU_ILCC_NMC/G3C4,0.7,protected_state,14,True,False,False,13.0,,2.0,2.0,,1.0,0,0.0,2,2,1.0,12,0,0.0
ISU_ILCC_NMC,ISU_ILCC_NMC/G3C4,0.7,fixed_shift,14,True,False,False,13.0,,2.0,2.0,,1.0,0,0.0,2,2,1.0,12,0,0.0
ISU_ILCC_NMC,ISU_ILCC_NMC/G3C4,0.7,pchp_method,14,True,False,False,13.0,,2.0,2.0,,1.0,0,0.0,2,2,1.0,12,0,0.0
ISU_ILCC_NMC,ISU_ILCC_NMC/G3C4,0.8,protected_state,14,True,False,False,11.0,,4.0,4.0,,1.0,0,0.0,4,4,1.0,10,0,0.0
ISU_ILCC_NMC,ISU_ILCC_NMC/G3C4,0.8,fixed_shift,14,True,False,False,11.0,,4.0,4.0,,1.0,0,0.0,4,4,1.0,10,0,0.0
ISU_ILCC_NMC,ISU_ILCC_NMC/G3C4,0.8,pchp_method,14,True,False,False,11.0,,4.0,4.0,,1.0,0,0.0,4,4,1.0,10,0,0.0
ISU_ILCC_NMC,ISU_ILCC_NMC/G3C4,0.9,protected_state,14,True,False,False,5.0,,10.0,10.0,,1.0,0,0.0,10,10,1.0,4,0,0.0
ISU_ILCC_NMC,ISU_ILCC_NMC/G3C4,0.9,fixed_shift,14,True,False,False,5.0,,10.0,10.0,,1.0,0,0.0,10,10,1.0,4,0,0.0
ISU_ILCC_NMC,ISU_ILCC_NMC/G3C4,0.9,pchp_method,14,True,False,False,5.0,,10.0,10.0,,1.0,0,0.0,10,10,1.0,4,0,0.0
ISU_ILCC_NMC,ISU_ILCC_NMC/G40C1,0.7,protected_state,33,True,False,False,26.0,,8.0,8.0,,1.0,0,0.0,8,8,1.0,25,0,0.0
ISU_ILCC_NMC,ISU_ILCC_NMC/G40C1,0.7,fixed_shift,33,True,False,False,26.0,,8.0,8.0,,1.0,0,0.0,8,8,1.0,25,0,0.0
ISU_ILCC_NMC,ISU_ILCC_NMC/G40C1,0.7,pchp_method,33,True,False,False,26.0,,8.0,8.0,,1.0,0,0.0,8,8,1.0,25,0,0.0
ISU_ILCC_NMC,ISU_ILCC_NMC/G40C1,0.8,protected_state,33,True,False,False,19.0,,15.0,15.0,,1.0,0,0.0,15,15,1.0,18,0,0.0
ISU_ILCC_NMC,ISU_ILCC_NMC/G40C1,0.8,fixed_shift,33,True,False,False,19.0,,15.0,15.0,,1.0,0,0.0,15,15,1.0,18,0,0.0
ISU_ILCC_NMC,ISU_ILCC_NMC/G40C1,0.8,pchp_method,33,True,False,False,19.0,,15.0,15.0,,1.0,0,0.0,15,15,1.0,18,0,0.0
ISU_ILCC_NMC,ISU_ILCC_NMC/G40C1,0.9,protected_state,33,True,False,False,11.0,,23.0,23.0,,1.0,0,0.0,23,23,1.0,10,0,0.0
ISU_ILCC_NMC,ISU_ILCC_NMC/G40C1,0.9,fixed_shift,33,True,False,False,11.0,,23.0,23.0,,1.0,0,0.0,23,23,1.0,10,0,0.0
ISU_ILCC_NMC,ISU_ILCC_NMC/G40C1,0.9,pchp_method,33,True,False,False,11.0,,23.0,23.0,,1.0,0,0.0,23,23,1.0,10,0,0.0
ISU_ILCC_NMC,ISU_ILCC_NMC/G40C2,0.7,protected_state,28,True,False,False,23.0,,6.0,6.0,,1.0,0,0.0,6,6,1.0,22,0,0.0
ISU_ILCC_NMC,ISU_ILCC_NMC/G40C2,0.7,fixed_shift,28,True,False,False,23.0,,6.0,6.0,,1.0,0,0.0,6,6,1.0,22,0,0.0
ISU_ILCC_NMC,ISU_ILCC_NMC/G40C2,0.7,pchp_method,28,True,False,False,23.0,,6.0,6.0,,1.0,0,0.0,6,6,1.0,22,0,0.0
ISU_ILCC_NMC,ISU_ILCC_NMC/G40C2,0.8,protected_state,28,True,False,False,19.0,,10.0,10.0,,1.0,0,0.0,10,10,1.0,18,0,0.0
ISU_ILCC_NMC,ISU_ILCC_NMC/G40C2,0.8,fixed_shift,28,True,False,False,19.0,,10.0,10.0,,1.0,0,0.0,10,10,1.0,18,0,0.0
ISU_ILCC_NMC,ISU_ILCC_NMC/G40C2,0.8,pchp_method,28,True,False,False,19.0,,10.0,10.0,,1.0,0,0.0,10,10,1.0,18,0,0.0
ISU_ILCC_NMC,ISU_ILCC_NMC/G40C2,0.9,protected_state,28,True,False,False,11.0,,18.0,18.0,,1.0,0,0.0,18,18,1.0,10,0,0.0
ISU_ILCC_NMC,ISU_ILCC_NMC/G40C2,0.9,fixed_shift,28,True,False,False,11.0,,18.0,18.0,,1.0,0,0.0,18,18,1.0,10,0,0.0
ISU_ILCC_NMC,ISU_ILCC_NMC/G40C2,0.9,pchp_method,28,True,False,False,11.0,,18.0,18.0,,1.0,0,0.0,18,18,1.0,10,0,0.0
ISU_ILCC_NMC,ISU_ILCC_NMC/G40C3,0.7,protected_state,26,True,False,False,23.0,,4.0,4.0,,1.0,0,0.0,4,4,1.0,22,0,0.0
ISU_ILCC_NMC,ISU_ILCC_NMC/G40C3,0.7,fixed_shift,26,True,False,False,23.0,,4.0,4.0,,1.0,0,0.0,4,4,1.0,22,0,0.0
ISU_ILCC_NMC,ISU_ILCC_NMC/G40C3,0.7,pchp_method,26,True,False,False,23.0,,4.0,4.0,,1.0,0,0.0,4,4,1.0,22,0,0.0
ISU_ILCC_NMC,ISU_ILCC_NMC/G40C3,0.8,protected_state,26,True,False,False,20.0,,7.0,7.0,,1.0,0,0.0,7,7,1.0,19,0,0.0
ISU_ILCC_NMC,ISU_ILCC_NMC/G40C3,0.8,fixed_shift,26,True,False,False,20.0,,7.0,7.0,,1.0,0,0.0,7,7,1.0,19,0,0.0
ISU_ILCC_NMC,ISU_ILCC_NMC/G40C3,0.8,pchp_method,26,True,False,False,20.0,,7.0,7.0,,1.0,0,0.0,7,7,1.0,19,0,0.0
ISU_ILCC_NMC,ISU_ILCC_NMC/G40C3,0.9,protected_state,26,True,False,False,13.0,,14.0,14.0,,1.0,0,0.0,14,14,1.0,12,0,0.0
ISU_ILCC_NMC,ISU_ILCC_NMC/G40C3,0.9,fixed_shift,26,True,False,False,13.0,,14.0,14.0,,1.0,0,0.0,14,14,1.0,12,0,0.0
ISU_ILCC_NMC,ISU_ILCC_NMC/G40C3,0.9,pchp_method,26,True,False,False,13.0,,14.0,14.0,,1.0,0,0.0,14,14,1.0,12,0,0.0
ISU_ILCC_NMC,ISU_ILCC_NMC/G40C4,0.7,protected_state,33,True,False,False,23.0,,11.0,11.0,,1.0,0,0.0,11,11,1.0,22,0,0.0
ISU_ILCC_NMC,ISU_ILCC_NMC/G40C4,0.7,fixed_shift,33,True,False,False,23.0,,11.0,11.0,,1.0,0,0.0,11,11,1.0,22,0,0.0
ISU_ILCC_NMC,ISU_ILCC_NMC/G40C4,0.7,pchp_method,33,True,False,False,23.0,,11.0,11.0,,1.0,0,0.0,11,11,1.0,22,0,0.0
ISU_ILCC_NMC,ISU_ILCC_NMC/G40C4,0.8,protected_state,33,True,False,False,17.0,,17.0,17.0,,1.0,0,0.0,17,17,1.0,16,0,0.0
ISU_ILCC_NMC,ISU_ILCC_NMC/G40C4,0.8,fixed_shift,33,True,False,False,17.0,,17.0,17.0,,1.0,0,0.0,17,17,1.0,16,0,0.0
ISU_ILCC_NMC,ISU_ILCC_NMC/G40C4,0.8,pchp_method,33,True,False,False,17.0,,17.0,17.0,,1.0,0,0.0,17,17,1.0,16,0,0.0
ISU_ILCC_NMC,ISU_ILCC_NMC/G40C4,0.9,protected_state,33,True,False,False,10.0,,24.0,24.0,,1.0,0,0.0,24,24,1.0,9,0,0.0
ISU_ILCC_NMC,ISU_ILCC_NMC/G40C4,0.9,fixed_shift,33,True,False,False,10.0,,24.0,24.0,,1.0,0,0.0,24,24,1.0,9,0,0.0
ISU_ILCC_NMC,ISU_ILCC_NMC/G40C4,0.9,pchp_method,33,True,False,False,10.0,,24.0,24.0,,1.0,0,0.0,24,24,1.0,9,0,0.0
ISU_ILCC_NMC,ISU_ILCC_NMC/G41C1,0.7,protected_state,30,True,False,False,16.0,,15.0,15.0,,1.0,0,0.0,15,15,1.0,15,0,0.0
ISU_ILCC_NMC,ISU_ILCC_NMC/G41C1,0.7,fixed_shift,30,True,False,False,16.0,,15.0,15.0,,1.0,0,0.0,15,15,1.0,15,0,0.0
ISU_ILCC_NMC,ISU_ILCC_NMC/G41C1,0.7,pchp_method,30,True,False,False,16.0,,15.0,15.0,,1.0,0,0.0,15,15,1.0,15,0,0.0
ISU_ILCC_NMC,ISU_ILCC_NMC/G41C1,0.8,protected_state,30,True,False,False,11.0,,20.0,20.0,,1.0,0,0.0,20,20,1.0,10,0,0.0
ISU_ILCC_NMC,ISU_ILCC_NMC/G41C1,0.8,fixed_shift,30,True,False,False,11.0,,20.0,20.0,,1.0,0,0.0,20,20,1.0,10,0,0.0
ISU_ILCC_NMC,ISU_ILCC_NMC/G41C1,0.8,pchp_method,30,True,False,False,11.0,,20.0,20.0,,1.0,0,0.0,20,20,1.0,10,0,0.0
ISU_ILCC_NMC,ISU_ILCC_NMC/G41C1,0.9,protected_state,30,True,False,False,5.0,,26.0,26.0,,1.0,0,0.0,26,26,1.0,4,0,0.0
ISU_ILCC_NMC,ISU_ILCC_NMC/G41C1,0.9,fixed_shift,30,True,False,False,5.0,,26.0,26.0,,1.0,0,0.0,26,26,1.0,4,0,0.0
ISU_ILCC_NMC,ISU_ILCC_NMC/G41C1,0.9,pchp_method,30,True,False,False,5.0,,26.0,26.0,,1.0,0,0.0,26,26,1.0,4,0,0.0
ISU_ILCC_NMC,ISU_ILCC_NMC/G41C2,0.7,protected_state,17,True,False,False,12.0,,6.0,6.0,,1.0,0,0.0,6,6,1.0,11,0,0.0
ISU_ILCC_NMC,ISU_ILCC_NMC/G41C2,0.7,fixed_shift,17,True,False,False,12.0,,6.0,6.0,,1.0,0,0.0,6,6,1.0,11,0,0.0
ISU_ILCC_NMC,ISU_ILCC_NMC/G41C2,0.7,pchp_method,17,True,False,False,12.0,,6.0,6.0,,1.0,0,0.0,6,6,1.0,11,0,0.0
ISU_ILCC_NMC,ISU_ILCC_NMC/G41C2,0.8,protected_state,17,True,False,False,9.0,,9.0,9.0,,1.0,0,0.0,9,9,1.0,8,0,0.0
ISU_ILCC_NMC,ISU_ILCC_NMC/G41C2,0.8,fixed_shift,17,True,False,False,9.0,,9.0,9.0,,1.0,0,0.0,9,9,1.0,8,0,0.0
ISU_ILCC_NMC,ISU_ILCC_NMC/G41C2,0.8,pchp_method,17,True,False,False,9.0,,9.0,9.0,,1.0,0,0.0,9,9,1.0,8,0,0.0
ISU_ILCC_NMC,ISU_ILCC_NMC/G41C2,0.9,protected_state,17,True,False,False,5.0,,13.0,13.0,,1.0,0,0.0,13,13,1.0,4,0,0.0
ISU_ILCC_NMC,ISU_ILCC_NMC/G41C2,0.9,fixed_shift,17,True,False,False,5.0,,13.0,13.0,,1.0,0,0.0,13,13,1.0,4,0,0.0
ISU_ILCC_NMC,ISU_ILCC_NMC/G41C2,0.9,pchp_method,17,True,False,False,5.0,,13.0,13.0,,1.0,0,0.0,13,13,1.0,4,0,0.0
ISU_ILCC_NMC,ISU_ILCC_NMC/G41C3,0.7,protected_state,24,True,False,False,14.0,,11.0,11.0,,1.0,0,0.0,11,11,1.0,13,0,0.0
ISU_ILCC_NMC,ISU_ILCC_NMC/G41C3,0.7,fixed_shift,24,True,False,False,14.0,,11.0,11.0,,1.0,0,0.0,11,11,1.0,13,0,0.0
ISU_ILCC_NMC,ISU_ILCC_NMC/G41C3,0.7,pchp_method,24,True,False,False,14.0,,11.0,11.0,,1.0,0,0.0,11,11,1.0,13,0,0.0
ISU_ILCC_NMC,ISU_ILCC_NMC/G41C3,0.8,protected_state,24,True,False,False,10.0,,15.0,15.0,,1.0,0,0.0,15,15,1.0,9,0,0.0
ISU_ILCC_NMC,ISU_ILCC_NMC/G41C3,0.8,fixed_shift,24,True,False,False,10.0,,15.0,15.0,,1.0,0,0.0,15,15,1.0,9,0,0.0
ISU_ILCC_NMC,ISU_ILCC_NMC/G41C3,0.8,pchp_method,24,True,False,False,10.0,,15.0,15.0,,1.0,0,0.0,15,15,1.0,9,0,0.0
ISU_ILCC_NMC,ISU_ILCC_NMC/G41C3,0.9,protected_state,24,True,False,False,6.0,,19.0,19.0,,1.0,0,0.0,19,19,1.0,5,0,0.0
ISU_ILCC_NMC,ISU_ILCC_NMC/G41C3,0.9,fixed_shift,24,True,False,False,6.0,,19.0,19.0,,1.0,0,0.0,19,19,1.0,5,0,0.0
ISU_ILCC_NMC,ISU_ILCC_NMC/G41C3,0.9,pchp_method,24,True,False,False,6.0,,19.0,19.0,,1.0,0,0.0,19,19,1.0,5,0,0.0
ISU_ILCC_NMC,ISU_ILCC_NMC/G41C4,0.7,protected_state,24,True,False,False,13.0,,12.0,12.0,,1.0,0,0.0,12,12,1.0,12,0,0.0
ISU_ILCC_NMC,ISU_ILCC_NMC/G41C4,0.7,fixed_shift,24,True,False,False,13.0,,12.0,12.0,,1.0,0,0.0,12,12,1.0,12,0,0.0
ISU_ILCC_NMC,ISU_ILCC_NMC/G41C4,0.7,pchp_method,24,True,False,False,13.0,,12.0,12.0,,1.0,0,0.0,12,12,1.0,12,0,0.0
ISU_ILCC_NMC,ISU_ILCC_NMC/G41C4,0.8,protected_state,24,True,False,False,8.0,,17.0,17.0,,1.0,0,0.0,17,17,1.0,7,0,0.0
ISU_ILCC_NMC,ISU_ILCC_NMC/G41C4,0.8,fixed_shift,24,True,False,False,8.0,,17.0,17.0,,1.0,0,0.0,17,17,1.0,7,0,0.0
ISU_ILCC_NMC,ISU_ILCC_NMC/G41C4,0.8,pchp_method,24,True,False,False,8.0,,17.0,17.0,,1.0,0,0.0,17,17,1.0,7,0,0.0
ISU_ILCC_NMC,ISU_ILCC_NMC/G41C4,0.9,protected_state,24,True,False,False,5.0,,20.0,20.0,,1.0,0,0.0,20,20,1.0,4,0,0.0
ISU_ILCC_NMC,ISU_ILCC_NMC/G41C4,0.9,fixed_shift,24,True,False,False,5.0,,20.0,20.0,,1.0,0,0.0,20,20,1.0,4,0,0.0
ISU_ILCC_NMC,ISU_ILCC_NMC/G41C4,0.9,pchp_method,24,True,False,False,5.0,,20.0,20.0,,1.0,0,0.0,20,20,1.0,4,0,0.0
ISU_ILCC_NMC,ISU_ILCC_NMC/G42C1,0.7,protected_state,24,True,False,False,15.0,,10.0,10.0,,1.0,0,0.0,10,10,1.0,14,0,0.0
ISU_ILCC_NMC,ISU_ILCC_NMC/G42C1,0.7,fixed_shift,24,True,False,False,15.0,,10.0,10.0,,1.0,0,0.0,10,10,1.0,14,0,0.0
ISU_ILCC_NMC,ISU_ILCC_NMC/G42C1,0.7,pchp_method,24,True,False,False,15.0,,10.0,10.0,,1.0,0,0.0,10,10,1.0,14,0,0.0
ISU_ILCC_NMC,ISU_ILCC_NMC/G42C1,0.8,protected_state,24,True,False,False,12.0,,13.0,13.0,,1.0,0,0.0,13,13,1.0,11,0,0.0
ISU_ILCC_NMC,ISU_ILCC_NMC/G42C1,0.8,fixed_shift,24,True,False,False,12.0,,13.0,13.0,,1.0,0,0.0,13,13,1.0,11,0,0.0
ISU_ILCC_NMC,ISU_ILCC_NMC/G42C1,0.8,pchp_method,24,True,False,False,12.0,,13.0,13.0,,1.0,0,0.0,13,13,1.0,11,0,0.0
ISU_ILCC_NMC,ISU_ILCC_NMC/G42C1,0.9,protected_state,24,True,False,False,8.0,,17.0,17.0,,1.0,0,0.0,17,17,1.0,7,0,0.0
ISU_ILCC_NMC,ISU_ILCC_NMC/G42C1,0.9,fixed_shift,24,True,False,False,8.0,,17.0,17.0,,1.0,0,0.0,17,17,1.0,7,0,0.0
ISU_ILCC_NMC,ISU_ILCC_NMC/G42C1,0.9,pchp_method,24,True,False,False,8.0,,17.0,17.0,,1.0,0,0.0,17,17,1.0,7,0,0.0
ISU_ILCC_NMC,ISU_ILCC_NMC/G42C2,0.7,protected_state,24,True,False,False,18.0,,7.0,7.0,,1.0,0,0.0,7,7,1.0,17,0,0.0
ISU_ILCC_NMC,ISU_ILCC_NMC/G42C2,0.7,fixed_shift,24,True,False,False,18.0,,7.0,7.0,,1.0,0,0.0,7,7,1.0,17,0,0.0
ISU_ILCC_NMC,ISU_ILCC_NMC/G42C2,0.7,pchp_method,24,True,False,False,18.0,,7.0,7.0,,1.0,0,0.0,7,7,1.0,17,0,0.0
ISU_ILCC_NMC,ISU_ILCC_NMC/G42C2,0.8,protected_state,24,True,False,False,14.0,,11.0,11.0,,1.0,0,0.0,11,11,1.0,13,0,0.0
ISU_ILCC_NMC,ISU_ILCC_NMC/G42C2,0.8,fixed_shift,24,True,False,False,14.0,,11.0,11.0,,1.0,0,0.0,11,11,1.0,13,0,0.0
ISU_ILCC_NMC,ISU_ILCC_NMC/G42C2,0.8,pchp_method,24,True,False,False,14.0,,11.0,11.0,,1.0,0,0.0,11,11,1.0,13,0,0.0
ISU_ILCC_NMC,ISU_ILCC_NMC/G42C2,0.9,protected_state,24,True,False,False,6.0,,19.0,19.0,,1.0,0,0.0,19,19,1.0,5,0,0.0
ISU_ILCC_NMC,ISU_ILCC_NMC/G42C2,0.9,fixed_shift,24,True,False,False,6.0,,19.0,19.0,,1.0,0,0.0,19,19,1.0,5,0,0.0
ISU_ILCC_NMC,ISU_ILCC_NMC/G42C2,0.9,pchp_method,24,True,False,False,6.0,,19.0,19.0,,1.0,0,0.0,19,19,1.0,5,0,0.0
ISU_ILCC_NMC,ISU_ILCC_NMC/G42C3,0.7,protected_state,19,True,False,False,12.0,,8.0,8.0,,1.0,0,0.0,8,8,1.0,11,0,0.0
ISU_ILCC_NMC,ISU_ILCC_NMC/G42C3,0.7,fixed_shift,19,True,False,False,12.0,,8.0,8.0,,1.0,0,0.0,8,8,1.0,11,0,0.0
ISU_ILCC_NMC,ISU_ILCC_NMC/G42C3,0.7,pchp_method,19,True,False,False,12.0,,8.0,8.0,,1.0,0,0.0,8,8,1.0,11,0,0.0
ISU_ILCC_NMC,ISU_ILCC_NMC/G42C3,0.8,protected_state,19,True,False,False,9.0,,11.0,11.0,,1.0,0,0.0,11,11,1.0,8,0,0.0
ISU_ILCC_NMC,ISU_ILCC_NMC/G42C3,0.8,fixed_shift,19,True,False,False,9.0,,11.0,11.0,,1.0,0,0.0,11,11,1.0,8,0,0.0
ISU_ILCC_NMC,ISU_ILCC_NMC/G42C3,0.8,pchp_method,19,True,False,False,9.0,,11.0,11.0,,1.0,0,0.0,11,11,1.0,8,0,0.0
ISU_ILCC_NMC,ISU_ILCC_NMC/G42C3,0.9,protected_state,19,True,False,False,6.0,,14.0,14.0,,1.0,0,0.0,14,14,1.0,5,0,0.0
ISU_ILCC_NMC,ISU_ILCC_NMC/G42C3,0.9,fixed_shift,19,True,False,False,6.0,,14.0,14.0,,1.0,0,0.0,14,14,1.0,5,0,0.0
ISU_ILCC_NMC,ISU_ILCC_NMC/G42C3,0.9,pchp_method,19,True,False,False,6.0,,14.0,14.0,,1.0,0,0.0,14,14,1.0,5,0,0.0
ISU_ILCC_NMC,ISU_ILCC_NMC/G42C4,0.7,protected_state,26,True,False,False,22.0,,5.0,5.0,,1.0,0,0.0,5,5,1.0,21,0,0.0
ISU_ILCC_NMC,ISU_ILCC_NMC/G42C4,0.7,fixed_shift,26,True,False,False,22.0,,5.0,5.0,,1.0,0,0.0,5,5,1.0,21,0,0.0
ISU_ILCC_NMC,ISU_ILCC_NMC/G42C4,0.7,pchp_method,26,True,False,False,22.0,,5.0,5.0,,1.0,0,0.0,5,5,1.0,21,0,0.0
ISU_ILCC_NMC,ISU_ILCC_NMC/G42C4,0.8,protected_state,26,True,False,False,18.0,,9.0,9.0,,1.0,0,0.0,9,9,1.0,17,0,0.0
ISU_ILCC_NMC,ISU_ILCC_NMC/G42C4,0.8,fixed_shift,26,True,False,False,18.0,,9.0,9.0,,1.0,0,0.0,9,9,1.0,17,0,0.0
ISU_ILCC_NMC,ISU_ILCC_NMC/G42C4,0.8,pchp_method,26,True,False,False,18.0,,9.0,9.0,,1.0,0,0.0,9,9,1.0,17,0,0.0
ISU_ILCC_NMC,ISU_ILCC_NMC/G42C4,0.9,protected_state,26,True,False,False,12.0,,15.0,15.0,,1.0,0,0.0,15,15,1.0,11,0,0.0
ISU_ILCC_NMC,ISU_ILCC_NMC/G42C4,0.9,fixed_shift,26,True,False,False,12.0,,15.0,15.0,,1.0,0,0.0,15,15,1.0,11,0,0.0
ISU_ILCC_NMC,ISU_ILCC_NMC/G42C4,0.9,pchp_method,26,True,False,False,12.0,,15.0,15.0,,1.0,0,0.0,15,15,1.0,11,0,0.0
ISU_ILCC_NMC,ISU_ILCC_NMC/G43C1,0.7,protected_state,28,True,False,False,18.0,,11.0,11.0,,1.0,0,0.0,11,11,1.0,17,0,0.0
ISU_ILCC_NMC,ISU_ILCC_NMC/G43C1,0.7,fixed_shift,28,True,False,False,18.0,,11.0,11.0,,1.0,0,0.0,11,11,1.0,17,0,0.0
ISU_ILCC_NMC,ISU_ILCC_NMC/G43C1,0.7,pchp_method,28,True,False,False,18.0,,11.0,11.0,,1.0,0,0.0,11,11,1.0,17,0,0.0
ISU_ILCC_NMC,ISU_ILCC_NMC/G43C1,0.8,protected_state,28,True,False,False,13.0,,16.0,16.0,,1.0,0,0.0,16,16,1.0,12,0,0.0
ISU_ILCC_NMC,ISU_ILCC_NMC/G43C1,0.8,fixed_shift,28,True,False,False,13.0,,16.0,16.0,,1.0,0,0.0,16,16,1.0,12,0,0.0
ISU_ILCC_NMC,ISU_ILCC_NMC/G43C1,0.8,pchp_method,28,True,False,False,13.0,,16.0,16.0,,1.0,0,0.0,16,16,1.0,12,0,0.0
ISU_ILCC_NMC,ISU_ILCC_NMC/G43C1,0.9,protected_state,28,True,False,False,6.0,,23.0,23.0,,1.0,0,0.0,23,23,1.0,5,0,0.0
ISU_ILCC_NMC,ISU_ILCC_NMC/G43C1,0.9,fixed_shift,28,True,False,False,6.0,,23.0,23.0,,1.0,0,0.0,23,23,1.0,5,0,0.0
ISU_ILCC_NMC,ISU_ILCC_NMC/G43C1,0.9,pchp_method,28,True,False,False,6.0,,23.0,23.0,,1.0,0,0.0,23,23,1.0,5,0,0.0
ISU_ILCC_NMC,ISU_ILCC_NMC/G43C2,0.7,protected_state,20,True,False,False,15.0,,6.0,6.0,,1.0,0,0.0,6,6,1.0,14,0,0.0
ISU_ILCC_NMC,ISU_ILCC_NMC/G43C2,0.7,fixed_shift,20,True,False,False,15.0,,6.0,6.0,,1.0,0,0.0,6,6,1.0,14,0,0.0
ISU_ILCC_NMC,ISU_ILCC_NMC/G43C2,0.7,pchp_method,20,True,False,False,15.0,,6.0,6.0,,1.0,0,0.0,6,6,1.0,14,0,0.0
ISU_ILCC_NMC,ISU_ILCC_NMC/G43C2,0.8,protected_state,20,True,False,False,11.0,,10.0,10.0,,1.0,0,0.0,10,10,1.0,10,0,0.0
ISU_ILCC_NMC,ISU_ILCC_NMC/G43C2,0.8,fixed_shift,20,True,False,False,11.0,,10.0,10.0,,1.0,0,0.0,10,10,1.0,10,0,0.0
ISU_ILCC_NMC,ISU_ILCC_NMC/G43C2,0.8,pchp_method,20,True,False,False,11.0,,10.0,10.0,,1.0,0,0.0,10,10,1.0,10,0,0.0
ISU_ILCC_NMC,ISU_ILCC_NMC/G43C2,0.9,protected_state,20,True,False,False,6.0,,15.0,15.0,,1.0,0,0.0,15,15,1.0,5,0,0.0
ISU_ILCC_NMC,ISU_ILCC_NMC/G43C2,0.9,fixed_shift,20,True,False,False,6.0,,15.0,15.0,,1.0,0,0.0,15,15,1.0,5,0,0.0
ISU_ILCC_NMC,ISU_ILCC_NMC/G43C2,0.9,pchp_method,20,True,False,False,6.0,,15.0,15.0,,1.0,0,0.0,15,15,1.0,5,0,0.0
ISU_ILCC_NMC,ISU_ILCC_NMC/G43C3,0.7,protected_state,28,True,False,False,19.0,,10.0,10.0,,1.0,0,0.0,10,10,1.0,18,0,0.0
ISU_ILCC_NMC,ISU_ILCC_NMC/G43C3,0.7,fixed_shift,28,True,False,False,19.0,,10.0,10.0,,1.0,0,0.0,10,10,1.0,18,0,0.0
ISU_ILCC_NMC,ISU_ILCC_NMC/G43C3,0.7,pchp_method,28,True,False,False,19.0,,10.0,10.0,,1.0,0,0.0,10,10,1.0,18,0,0.0
ISU_ILCC_NMC,ISU_ILCC_NMC/G43C3,0.8,protected_state,28,True,False,False,14.0,,15.0,15.0,,1.0,0,0.0,15,15,1.0,13,0,0.0
ISU_ILCC_NMC,ISU_ILCC_NMC/G43C3,0.8,fixed_shift,28,True,False,False,14.0,,15.0,15.0,,1.0,0,0.0,15,15,1.0,13,0,0.0
ISU_ILCC_NMC,ISU_ILCC_NMC/G43C3,0.8,pchp_method,28,True,False,False,14.0,,15.0,15.0,,1.0,0,0.0,15,15,1.0,13,0,0.0
ISU_ILCC_NMC,ISU_ILCC_NMC/G43C3,0.9,protected_state,28,True,False,False,8.0,,21.0,21.0,,1.0,0,0.0,21,21,1.0,7,0,0.0
ISU_ILCC_NMC,ISU_ILCC_NMC/G43C3,0.9,fixed_shift,28,True,False,False,8.0,,21.0,21.0,,1.0,0,0.0,21,21,1.0,7,0,0.0
ISU_ILCC_NMC,ISU_ILCC_NMC/G43C3,0.9,pchp_method,28,True,False,False,8.0,,21.0,21.0,,1.0,0,0.0,21,21,1.0,7,0,0.0
ISU_ILCC_NMC,ISU_ILCC_NMC/G43C4,0.7,protected_state,23,True,False,False,16.0,,8.0,8.0,,1.0,0,0.0,8,8,1.0,15,0,0.0
ISU_ILCC_NMC,ISU_ILCC_NMC/G43C4,0.7,fixed_shift,23,True,False,False,16.0,,8.0,8.0,,1.0,0,0.0,8,8,1.0,15,0,0.0
ISU_ILCC_NMC,ISU_ILCC_NMC/G43C4,0.7,pchp_method,23,True,False,False,16.0,,8.0,8.0,,1.0,0,0.0,8,8,1.0,15,0,0.0
ISU_ILCC_NMC,ISU_ILCC_NMC/G43C4,0.8,protected_state,23,True,False,False,12.0,,12.0,12.0,,1.0,0,0.0,12,12,1.0,11,0,0.0
ISU_ILCC_NMC,ISU_ILCC_NMC/G43C4,0.8,fixed_shift,23,True,False,False,12.0,,12.0,12.0,,1.0,0,0.0,12,12,1.0,11,0,0.0
ISU_ILCC_NMC,ISU_ILCC_NMC/G43C4,0.8,pchp_method,23,True,False,False,12.0,,12.0,12.0,,1.0,0,0.0,12,12,1.0,11,0,0.0
ISU_ILCC_NMC,ISU_ILCC_NMC/G43C4,0.9,protected_state,23,True,False,False,6.0,,18.0,18.0,,1.0,0,0.0,18,18,1.0,5,0,0.0
ISU_ILCC_NMC,ISU_ILCC_NMC/G43C4,0.9,fixed_shift,23,True,False,False,6.0,,18.0,18.0,,1.0,0,0.0,18,18,1.0,5,0,0.0
ISU_ILCC_NMC,ISU_ILCC_NMC/G43C4,0.9,pchp_method,23,True,False,False,6.0,,18.0,18.0,,1.0,0,0.0,18,18,1.0,5,0,0.0
ISU_ILCC_NMC,ISU_ILCC_NMC/G44C1,0.7,protected_state,13,True,False,False,10.0,,4.0,4.0,,1.0,0,0.0,4,4,1.0,9,0,0.0
ISU_ILCC_NMC,ISU_ILCC_NMC/G44C1,0.7,fixed_shift,13,True,False,False,10.0,,4.0,4.0,,1.0,0,0.0,4,4,1.0,9,0,0.0
ISU_ILCC_NMC,ISU_ILCC_NMC/G44C1,0.7,pchp_method,13,True,False,False,10.0,,4.0,4.0,,1.0,0,0.0,4,4,1.0,9,0,0.0
ISU_ILCC_NMC,ISU_ILCC_NMC/G44C1,0.8,protected_state,13,True,False,False,8.0,,6.0,6.0,,1.0,0,0.0,6,6,1.0,7,0,0.0
ISU_ILCC_NMC,ISU_ILCC_NMC/G44C1,0.8,fixed_shift,13,True,False,False,8.0,,6.0,6.0,,1.0,0,0.0,6,6,1.0,7,0,0.0
ISU_ILCC_NMC,ISU_ILCC_NMC/G44C1,0.8,pchp_method,13,True,False,False,8.0,,6.0,6.0,,1.0,0,0.0,6,6,1.0,7,0,0.0
ISU_ILCC_NMC,ISU_ILCC_NMC/G44C1,0.9,protected_state,13,True,False,False,6.0,,8.0,8.0,,1.0,0,0.0,8,8,1.0,5,0,0.0
ISU_ILCC_NMC,ISU_ILCC_NMC/G44C1,0.9,fixed_shift,13,True,False,False,6.0,,8.0,8.0,,1.0,0,0.0,8,8,1.0,5,0,0.0
ISU_ILCC_NMC,ISU_ILCC_NMC/G44C1,0.9,pchp_method,13,True,False,False,6.0,,8.0,8.0,,1.0,0,0.0,8,8,1.0,5,0,0.0
ISU_ILCC_NMC,ISU_ILCC_NMC/G44C2,0.7,protected_state,22,True,False,False,16.0,,7.0,7.0,,1.0,0,0.0,7,7,1.0,15,0,0.0
ISU_ILCC_NMC,ISU_ILCC_NMC/G44C2,0.7,fixed_shift,22,True,False,False,16.0,,7.0,7.0,,1.0,0,0.0,7,7,1.0,15,0,0.0
ISU_ILCC_NMC,ISU_ILCC_NMC/G44C2,0.7,pchp_method,22,True,False,False,16.0,,7.0,7.0,,1.0,0,0.0,7,7,1.0,15,0,0.0
ISU_ILCC_NMC,ISU_ILCC_NMC/G44C2,0.8,protected_state,22,True,False,False,13.0,,10.0,10.0,,1.0,0,0.0,10,10,1.0,12,0,0.0
ISU_ILCC_NMC,ISU_ILCC_NMC/G44C2,0.8,fixed_shift,22,True,False,False,13.0,,10.0,10.0,,1.0,0,0.0,10,10,1.0,12,0,0.0
ISU_ILCC_NMC,ISU_ILCC_NMC/G44C2,0.8,pchp_method,22,True,False,False,13.0,,10.0,10.0,,1.0,0,0.0,10,10,1.0,12,0,0.0
ISU_ILCC_NMC,ISU_ILCC_NMC/G44C2,0.9,protected_state,22,True,False,False,9.0,,14.0,14.0,,1.0,0,0.0,14,14,1.0,8,0,0.0
ISU_ILCC_NMC,ISU_ILCC_NMC/G44C2,0.9,fixed_shift,22,True,False,False,9.0,,14.0,14.0,,1.0,0,0.0,14,14,1.0,8,0,0.0
ISU_ILCC_NMC,ISU_ILCC_NMC/G44C2,0.9,pchp_method,22,True,False,False,9.0,,14.0,14.0,,1.0,0,0.0,14,14,1.0,8,0,0.0
ISU_ILCC_NMC,ISU_ILCC_NMC/G44C3,0.7,protected_state,24,True,False,False,22.0,,3.0,3.0,,1.0,0,0.0,3,3,1.0,21,0,0.0
ISU_ILCC_NMC,ISU_ILCC_NMC/G44C3,0.7,fixed_shift,24,True,False,False,22.0,,3.0,3.0,,1.0,0,0.0,3,3,1.0,21,0,0.0
ISU_ILCC_NMC,ISU_ILCC_NMC/G44C3,0.7,pchp_method,24,True,False,False,22.0,,3.0,3.0,,1.0,0,0.0,3,3,1.0,21,0,0.0
ISU_ILCC_NMC,ISU_ILCC_NMC/G44C3,0.8,protected_state,24,True,False,False,20.0,,5.0,5.0,,1.0,0,0.0,5,5,1.0,19,0,0.0
ISU_ILCC_NMC,ISU_ILCC_NMC/G44C3,0.8,fixed_shift,24,True,False,False,20.0,,5.0,5.0,,1.0,0,0.0,5,5,1.0,19,0,0.0
ISU_ILCC_NMC,ISU_ILCC_NMC/G44C3,0.8,pchp_method,24,True,False,False,20.0,,5.0,5.0,,1.0,0,0.0,5,5,1.0,19,0,0.0
ISU_ILCC_NMC,ISU_ILCC_NMC/G44C3,0.9,protected_state,24,True,False,False,8.0,,17.0,17.0,,1.0,0,0.0,17,17,1.0,7,0,0.0
ISU_ILCC_NMC,ISU_ILCC_NMC/G44C3,0.9,fixed_shift,24,True,False,False,8.0,,17.0,17.0,,1.0,0,0.0,17,17,1.0,7,0,0.0
ISU_ILCC_NMC,ISU_ILCC_NMC/G44C3,0.9,pchp_method,24,True,False,False,8.0,,17.0,17.0,,1.0,0,0.0,17,17,1.0,7,0,0.0
ISU_ILCC_NMC,ISU_ILCC_NMC/G44C4,0.7,protected_state,21,True,False,False,18.0,,4.0,4.0,,1.0,0,0.0,4,4,1.0,17,0,0.0
ISU_ILCC_NMC,ISU_ILCC_NMC/G44C4,0.7,fixed_shift,21,True,False,False,18.0,,4.0,4.0,,1.0,0,0.0,4,4,1.0,17,0,0.0
ISU_ILCC_NMC,ISU_ILCC_NMC/G44C4,0.7,pchp_method,21,True,False,False,18.0,,4.0,4.0,,1.0,0,0.0,4,4,1.0,17,0,0.0
ISU_ILCC_NMC,ISU_ILCC_NMC/G44C4,0.8,protected_state,21,True,False,False,15.0,,7.0,7.0,,1.0,0,0.0,7,7,1.0,14,0,0.0
ISU_ILCC_NMC,ISU_ILCC_NMC/G44C4,0.8,fixed_shift,21,True,False,False,15.0,,7.0,7.0,,1.0,0,0.0,7,7,1.0,14,0,0.0
ISU_ILCC_NMC,ISU_ILCC_NMC/G44C4,0.8,pchp_method,21,True,False,False,15.0,,7.0,7.0,,1.0,0,0.0,7,7,1.0,14,0,0.0
ISU_ILCC_NMC,ISU_ILCC_NMC/G44C4,0.9,protected_state,21,True,False,False,8.0,,14.0,14.0,,1.0,0,0.0,14,14,1.0,7,0,0.0
ISU_ILCC_NMC,ISU_ILCC_NMC/G44C4,0.9,fixed_shift,21,True,False,False,8.0,,14.0,14.0,,1.0,0,0.0,14,14,1.0,7,0,0.0
ISU_ILCC_NMC,ISU_ILCC_NMC/G44C4,0.9,pchp_method,21,True,False,False,8.0,,14.0,14.0,,1.0,0,0.0,14,14,1.0,7,0,0.0
ISU_ILCC_NMC,ISU_ILCC_NMC/G45C1,0.7,protected_state,10,True,False,False,5.0,,6.0,6.0,,1.0,0,0.0,6,6,1.0,4,0,0.0
ISU_ILCC_NMC,ISU_ILCC_NMC/G45C1,0.7,fixed_shift,10,True,False,False,5.0,,6.0,6.0,,1.0,0,0.0,6,6,1.0,4,0,0.0
ISU_ILCC_NMC,ISU_ILCC_NMC/G45C1,0.7,pchp_method,10,True,False,False,5.0,,6.0,6.0,,1.0,0,0.0,6,6,1.0,4,0,0.0
ISU_ILCC_NMC,ISU_ILCC_NMC/G45C1,0.8,protected_state,10,True,False,False,5.0,,6.0,6.0,,1.0,0,0.0,6,6,1.0,4,0,0.0
ISU_ILCC_NMC,ISU_ILCC_NMC/G45C1,0.8,fixed_shift,10,True,False,False,5.0,,6.0,6.0,,1.0,0,0.0,6,6,1.0,4,0,0.0
ISU_ILCC_NMC,ISU_ILCC_NMC/G45C1,0.8,pchp_method,10,True,False,False,5.0,,6.0,6.0,,1.0,0,0.0,6,6,1.0,4,0,0.0
ISU_ILCC_NMC,ISU_ILCC_NMC/G45C1,0.9,protected_state,10,True,False,False,3.0,,8.0,8.0,,1.0,0,0.0,8,8,1.0,2,0,0.0
ISU_ILCC_NMC,ISU_ILCC_NMC/G45C1,0.9,fixed_shift,10,True,False,False,3.0,,8.0,8.0,,1.0,0,0.0,8,8,1.0,2,0,0.0
ISU_ILCC_NMC,ISU_ILCC_NMC/G45C1,0.9,pchp_method,10,True,False,False,3.0,,8.0,8.0,,1.0,0,0.0,8,8,1.0,2,0,0.0
ISU_ILCC_NMC,ISU_ILCC_NMC/G45C2,0.7,protected_state,11,True,False,False,4.0,,8.0,8.0,,1.0,0,0.0,8,8,1.0,3,0,0.0
ISU_ILCC_NMC,ISU_ILCC_NMC/G45C2,0.7,fixed_shift,11,True,False,False,4.0,,8.0,8.0,,1.0,0,0.0,8,8,1.0,3,0,0.0
ISU_ILCC_NMC,ISU_ILCC_NMC/G45C2,0.7,pchp_method,11,True,False,False,4.0,,8.0,8.0,,1.0,0,0.0,8,8,1.0,3,0,0.0
ISU_ILCC_NMC,ISU_ILCC_NMC/G45C2,0.8,protected_state,11,True,False,False,4.0,,8.0,8.0,,1.0,0,0.0,8,8,1.0,3,0,0.0
ISU_ILCC_NMC,ISU_ILCC_NMC/G45C2,0.8,fixed_shift,11,True,False,False,4.0,,8.0,8.0,,1.0,0,0.0,8,8,1.0,3,0,0.0
ISU_ILCC_NMC,ISU_ILCC_NMC/G45C2,0.8,pchp_method,11,True,False,False,4.0,,8.0,8.0,,1.0,0,0.0,8,8,1.0,3,0,0.0
ISU_ILCC_NMC,ISU_ILCC_NMC/G45C2,0.9,protected_state,11,True,False,False,3.0,,9.0,9.0,,1.0,0,0.0,9,9,1.0,2,0,0.0
ISU_ILCC_NMC,ISU_ILCC_NMC/G45C2,0.9,fixed_shift,11,True,False,False,3.0,,9.0,9.0,,1.0,0,0.0,9,9,1.0,2,0,0.0
ISU_ILCC_NMC,ISU_ILCC_NMC/G45C2,0.9,pchp_method,11,True,False,False,3.0,,9.0,9.0,,1.0,0,0.0,9,9,1.0,2,0,0.0
ISU_ILCC_NMC,ISU_ILCC_NMC/G45C3,0.7,protected_state,11,True,False,False,5.0,,7.0,7.0,,1.0,0,0.0,7,7,1.0,4,0,0.0
ISU_ILCC_NMC,ISU_ILCC_NMC/G45C3,0.7,fixed_shift,11,True,False,False,5.0,,7.0,7.0,,1.0,0,0.0,7,7,1.0,4,0,0.0
ISU_ILCC_NMC,ISU_ILCC_NMC/G45C3,0.7,pchp_method,11,True,False,False,5.0,,7.0,7.0,,1.0,0,0.0,7,7,1.0,4,0,0.0
ISU_ILCC_NMC,ISU_ILCC_NMC/G45C3,0.8,protected_state,11,True,False,False,4.0,,8.0,8.0,,1.0,0,0.0,8,8,1.0,3,0,0.0
ISU_ILCC_NMC,ISU_ILCC_NMC/G45C3,0.8,fixed_shift,11,True,False,False,4.0,,8.0,8.0,,1.0,0,0.0,8,8,1.0,3,0,0.0
ISU_ILCC_NMC,ISU_ILCC_NMC/G45C3,0.8,pchp_method,11,True,False,False,4.0,,8.0,8.0,,1.0,0,0.0,8,8,1.0,3,0,0.0
ISU_ILCC_NMC,ISU_ILCC_NMC/G45C3,0.9,protected_state,11,True,False,False,3.0,,9.0,9.0,,1.0,0,0.0,9,9,1.0,2,0,0.0
ISU_ILCC_NMC,ISU_ILCC_NMC/G45C3,0.9,fixed_shift,11,True,False,False,3.0,,9.0,9.0,,1.0,0,0.0,9,9,1.0,2,0,0.0
ISU_ILCC_NMC,ISU_ILCC_NMC/G45C3,0.9,pchp_method,11,True,False,False,3.0,,9.0,9.0,,1.0,0,0.0,9,9,1.0,2,0,0.0
ISU_ILCC_NMC,ISU_ILCC_NMC/G45C4,0.7,protected_state,10,True,False,False,6.0,,5.0,5.0,,1.0,0,0.0,5,5,1.0,5,0,0.0
ISU_ILCC_NMC,ISU_ILCC_NMC/G45C4,0.7,fixed_shift,10,True,False,False,6.0,,5.0,5.0,,1.0,0,0.0,5,5,1.0,5,0,0.0
ISU_ILCC_NMC,ISU_ILCC_NMC/G45C4,0.7,pchp_method,10,True,False,False,6.0,,5.0,5.0,,1.0,0,0.0,5,5,1.0,5,0,0.0
ISU_ILCC_NMC,ISU_ILCC_NMC/G45C4,0.8,protected_state,10,True,False,False,5.0,,6.0,6.0,,1.0,0,0.0,6,6,1.0,4,0,0.0
ISU_ILCC_NMC,ISU_ILCC_NMC/G45C4,0.8,fixed_shift,10,True,False,False,5.0,,6.0,6.0,,1.0,0,0.0,6,6,1.0,4,0,0.0
ISU_ILCC_NMC,ISU_ILCC_NMC/G45C4,0.8,pchp_method,10,True,False,False,5.0,,6.0,6.0,,1.0,0,0.0,6,6,1.0,4,0,0.0
ISU_ILCC_NMC,ISU_ILCC_NMC/G45C4,0.9,protected_state,10,True,False,False,3.0,,8.0,8.0,,1.0,0,0.0,8,8,1.0,2,0,0.0
ISU_ILCC_NMC,ISU_ILCC_NMC/G45C4,0.9,fixed_shift,10,True,False,False,3.0,,8.0,8.0,,1.0,0,0.0,8,8,1.0,2,0,0.0
ISU_ILCC_NMC,ISU_ILCC_NMC/G45C4,0.9,pchp_method,10,True,False,False,3.0,,8.0,8.0,,1.0,0,0.0,8,8,1.0,2,0,0.0
ISU_ILCC_NMC,ISU_ILCC_NMC/G46C1,0.7,protected_state,11,True,False,False,7.0,,5.0,5.0,,1.0,0,0.0,5,5,1.0,6,0,0.0
ISU_ILCC_NMC,ISU_ILCC_NMC/G46C1,0.7,fixed_shift,11,True,False,False,7.0,,5.0,5.0,,1.0,0,0.0,5,5,1.0,6,0,0.0
ISU_ILCC_NMC,ISU_ILCC_NMC/G46C1,0.7,pchp_method,11,True,False,False,7.0,,5.0,5.0,,1.0,0,0.0,5,5,1.0,6,0,0.0
ISU_ILCC_NMC,ISU_ILCC_NMC/G46C1,0.8,protected_state,11,True,False,False,5.0,,7.0,7.0,,1.0,0,0.0,7,7,1.0,4,0,0.0
ISU_ILCC_NMC,ISU_ILCC_NMC/G46C1,0.8,fixed_shift,11,True,False,False,5.0,,7.0,7.0,,1.0,0,0.0,7,7,1.0,4,0,0.0
ISU_ILCC_NMC,ISU_ILCC_NMC/G46C1,0.8,pchp_method,11,True,False,False,5.0,,7.0,7.0,,1.0,0,0.0,7,7,1.0,4,0,0.0
ISU_ILCC_NMC,ISU_ILCC_NMC/G46C1,0.9,protected_state,11,True,False,False,3.0,,9.0,9.0,,1.0,0,0.0,9,9,1.0,2,0,0.0
ISU_ILCC_NMC,ISU_ILCC_NMC/G46C1,0.9,fixed_shift,11,True,False,False,3.0,,9.0,9.0,,1.0,0,0.0,9,9,1.0,2,0,0.0
ISU_ILCC_NMC,ISU_ILCC_NMC/G46C1,0.9,pchp_method,11,True,False,False,3.0,,9.0,9.0,,1.0,0,0.0,9,9,1.0,2,0,0.0
ISU_ILCC_NMC,ISU_ILCC_NMC/G46C2,0.7,protected_state,11,True,False,False,7.0,,5.0,5.0,,1.0,0,0.0,5,5,1.0,6,0,0.0
ISU_ILCC_NMC,ISU_ILCC_NMC/G46C2,0.7,fixed_shift,11,True,False,False,7.0,,5.0,5.0,,1.0,0,0.0,5,5,1.0,6,0,0.0
ISU_ILCC_NMC,ISU_ILCC_NMC/G46C2,0.7,pchp_method,11,True,False,False,7.0,,5.0,5.0,,1.0,0,0.0,5,5,1.0,6,0,0.0
ISU_ILCC_NMC,ISU_ILCC_NMC/G46C2,0.8,protected_state,11,True,False,False,6.0,,6.0,6.0,,1.0,0,0.0,6,6,1.0,5,0,0.0
ISU_ILCC_NMC,ISU_ILCC_NMC/G46C2,0.8,fixed_shift,11,True,False,False,6.0,,6.0,6.0,,1.0,0,0.0,6,6,1.0,5,0,0.0
ISU_ILCC_NMC,ISU_ILCC_NMC/G46C2,0.8,pchp_method,11,True,False,False,6.0,,6.0,6.0,,1.0,0,0.0,6,6,1.0,5,0,0.0
ISU_ILCC_NMC,ISU_ILCC_NMC/G46C2,0.9,protected_state,11,True,False,False,4.0,,8.0,8.0,,1.0,0,0.0,8,8,1.0,3,0,0.0
ISU_ILCC_NMC,ISU_ILCC_NMC/G46C2,0.9,fixed_shift,11,True,False,False,4.0,,8.0,8.0,,1.0,0,0.0,8,8,1.0,3,0,0.0
ISU_ILCC_NMC,ISU_ILCC_NMC/G46C2,0.9,pchp_method,11,True,False,False,4.0,,8.0,8.0,,1.0,0,0.0,8,8,1.0,3,0,0.0
ISU_ILCC_NMC,ISU_ILCC_NMC/G46C3,0.7,protected_state,8,True,False,False,3.0,,6.0,6.0,,1.0,0,0.0,6,6,1.0,2,0,0.0
ISU_ILCC_NMC,ISU_ILCC_NMC/G46C3,0.7,fixed_shift,8,True,False,False,3.0,,6.0,6.0,,1.0,0,0.0,6,6,1.0,2,0,0.0
ISU_ILCC_NMC,ISU_ILCC_NMC/G46C3,0.7,pchp_method,8,True,False,False,3.0,,6.0,6.0,,1.0,0,0.0,6,6,1.0,2,0,0.0
ISU_ILCC_NMC,ISU_ILCC_NMC/G46C3,0.8,protected_state,8,True,False,False,3.0,,6.0,6.0,,1.0,0,0.0,6,6,1.0,2,0,0.0
ISU_ILCC_NMC,ISU_ILCC_NMC/G46C3,0.8,fixed_shift,8,True,False,False,3.0,,6.0,6.0,,1.0,0,0.0,6,6,1.0,2,0,0.0
ISU_ILCC_NMC,ISU_ILCC_NMC/G46C3,0.8,pchp_method,8,True,False,False,3.0,,6.0,6.0,,1.0,0,0.0,6,6,1.0,2,0,0.0
ISU_ILCC_NMC,ISU_ILCC_NMC/G46C3,0.9,protected_state,8,True,False,False,2.0,,7.0,7.0,,1.0,0,0.0,7,7,1.0,1,0,0.0
ISU_ILCC_NMC,ISU_ILCC_NMC/G46C3,0.9,fixed_shift,8,True,False,False,2.0,,7.0,7.0,,1.0,0,0.0,7,7,1.0,1,0,0.0
ISU_ILCC_NMC,ISU_ILCC_NMC/G46C3,0.9,pchp_method,8,True,False,False,2.0,,7.0,7.0,,1.0,0,0.0,7,7,1.0,1,0,0.0
ISU_ILCC_NMC,ISU_ILCC_NMC/G46C4,0.7,protected_state,11,True,False,False,6.0,,6.0,6.0,,1.0,0,0.0,6,6,1.0,5,0,0.0
ISU_ILCC_NMC,ISU_ILCC_NMC/G46C4,0.7,fixed_shift,11,True,False,False,6.0,,6.0,6.0,,1.0,0,0.0,6,6,1.0,5,0,0.0
ISU_ILCC_NMC,ISU_ILCC_NMC/G46C4,0.7,pchp_method,11,True,False,False,6.0,,6.0,6.0,,1.0,0,0.0,6,6,1.0,5,0,0.0
ISU_ILCC_NMC,ISU_ILCC_NMC/G46C4,0.8,protected_state,11,True,False,False,5.0,,7.0,7.0,,1.0,0,0.0,7,7,1.0,4,0,0.0
ISU_ILCC_NMC,ISU_ILCC_NMC/G46C4,0.8,fixed_shift,11,True,False,False,5.0,,7.0,7.0,,1.0,0,0.0,7,7,1.0,4,0,0.0
ISU_ILCC_NMC,ISU_ILCC_NMC/G46C4,0.8,pchp_method,11,True,False,False,5.0,,7.0,7.0,,1.0,0,0.0,7,7,1.0,4,0,0.0
ISU_ILCC_NMC,ISU_ILCC_NMC/G46C4,0.9,protected_state,11,True,False,False,3.0,,9.0,9.0,,1.0,0,0.0,9,9,1.0,2,0,0.0
ISU_ILCC_NMC,ISU_ILCC_NMC/G46C4,0.9,fixed_shift,11,True,False,False,3.0,,9.0,9.0,,1.0,0,0.0,9,9,1.0,2,0,0.0
ISU_ILCC_NMC,ISU_ILCC_NMC/G46C4,0.9,pchp_method,11,True,False,False,3.0,,9.0,9.0,,1.0,0,0.0,9,9,1.0,2,0,0.0
ISU_ILCC_NMC,ISU_ILCC_NMC/G47C1,0.7,protected_state,10,True,False,False,7.0,,4.0,4.0,,1.0,0,0.0,4,4,1.0,6,0,0.0
ISU_ILCC_NMC,ISU_ILCC_NMC/G47C1,0.7,fixed_shift,10,True,False,False,7.0,,4.0,4.0,,1.0,0,0.0,4,4,1.0,6,0,0.0
ISU_ILCC_NMC,ISU_ILCC_NMC/G47C1,0.7,pchp_method,10,True,False,False,7.0,,4.0,4.0,,1.0,0,0.0,4,4,1.0,6,0,0.0
ISU_ILCC_NMC,ISU_ILCC_NMC/G47C1,0.8,protected_state,10,True,False,False,5.0,,6.0,6.0,,1.0,0,0.0,6,6,1.0,4,0,0.0
ISU_ILCC_NMC,ISU_ILCC_NMC/G47C1,0.8,fixed_shift,10,True,False,False,5.0,,6.0,6.0,,1.0,0,0.0,6,6,1.0,4,0,0.0
ISU_ILCC_NMC,ISU_ILCC_NMC/G47C1,0.8,pchp_method,10,True,False,False,5.0,,6.0,6.0,,1.0,0,0.0,6,6,1.0,4,0,0.0
ISU_ILCC_NMC,ISU_ILCC_NMC/G47C1,0.9,protected_state,10,True,False,False,3.0,,8.0,8.0,,1.0,0,0.0,8,8,1.0,2,0,0.0
ISU_ILCC_NMC,ISU_ILCC_NMC/G47C1,0.9,fixed_shift,10,True,False,False,3.0,,8.0,8.0,,1.0,0,0.0,8,8,1.0,2,0,0.0
ISU_ILCC_NMC,ISU_ILCC_NMC/G47C1,0.9,pchp_method,10,True,False,False,3.0,,8.0,8.0,,1.0,0,0.0,8,8,1.0,2,0,0.0
ISU_ILCC_NMC,ISU_ILCC_NMC/G47C2,0.7,protected_state,16,True,False,False,12.0,,5.0,5.0,,1.0,0,0.0,5,5,1.0,11,0,0.0
ISU_ILCC_NMC,ISU_ILCC_NMC/G47C2,0.7,fixed_shift,16,True,False,False,12.0,,5.0,5.0,,1.0,0,0.0,5,5,1.0,11,0,0.0
ISU_ILCC_NMC,ISU_ILCC_NMC/G47C2,0.7,pchp_method,16,True,False,False,12.0,,5.0,5.0,,1.0,0,0.0,5,5,1.0,11,0,0.0
ISU_ILCC_NMC,ISU_ILCC_NMC/G47C2,0.8,protected_state,16,True,False,False,9.0,,8.0,8.0,,1.0,0,0.0,8,8,1.0,8,0,0.0
ISU_ILCC_NMC,ISU_ILCC_NMC/G47C2,0.8,fixed_shift,16,True,False,False,9.0,,8.0,8.0,,1.0,0,0.0,8,8,1.0,8,0,0.0
ISU_ILCC_NMC,ISU_ILCC_NMC/G47C2,0.8,pchp_method,16,True,False,False,9.0,,8.0,8.0,,1.0,0,0.0,8,8,1.0,8,0,0.0
ISU_ILCC_NMC,ISU_ILCC_NMC/G47C2,0.9,protected_state,16,True,False,False,5.0,,12.0,12.0,,1.0,0,0.0,12,12,1.0,4,0,0.0
ISU_ILCC_NMC,ISU_ILCC_NMC/G47C2,0.9,fixed_shift,16,True,False,False,5.0,,12.0,12.0,,1.0,0,0.0,12,12,1.0,4,0,0.0
ISU_ILCC_NMC,ISU_ILCC_NMC/G47C2,0.9,pchp_method,16,True,False,False,5.0,,12.0,12.0,,1.0,0,0.0,12,12,1.0,4,0,0.0
ISU_ILCC_NMC,ISU_ILCC_NMC/G47C3,0.7,protected_state,11,True,False,False,8.0,,4.0,4.0,,1.0,0,0.0,4,4,1.0,7,0,0.0
ISU_ILCC_NMC,ISU_ILCC_NMC/G47C3,0.7,fixed_shift,11,True,False,False,8.0,,4.0,4.0,,1.0,0,0.0,4,4,1.0,7,0,0.0
ISU_ILCC_NMC,ISU_ILCC_NMC/G47C3,0.7,pchp_method,11,True,False,False,8.0,,4.0,4.0,,1.0,0,0.0,4,4,1.0,7,0,0.0
ISU_ILCC_NMC,ISU_ILCC_NMC/G47C3,0.8,protected_state,11,True,False,False,7.0,,5.0,5.0,,1.0,0,0.0,5,5,1.0,6,0,0.0
ISU_ILCC_NMC,ISU_ILCC_NMC/G47C3,0.8,fixed_shift,11,True,False,False,7.0,,5.0,5.0,,1.0,0,0.0,5,5,1.0,6,0,0.0
ISU_ILCC_NMC,ISU_ILCC_NMC/G47C3,0.8,pchp_method,11,True,False,False,7.0,,5.0,5.0,,1.0,0,0.0,5,5,1.0,6,0,0.0
ISU_ILCC_NMC,ISU_ILCC_NMC/G47C3,0.9,protected_state,11,True,False,False,4.0,,8.0,8.0,,1.0,0,0.0,8,8,1.0,3,0,0.0
ISU_ILCC_NMC,ISU_ILCC_NMC/G47C3,0.9,fixed_shift,11,True,False,False,4.0,,8.0,8.0,,1.0,0,0.0,8,8,1.0,3,0,0.0
ISU_ILCC_NMC,ISU_ILCC_NMC/G47C3,0.9,pchp_method,11,True,False,False,4.0,,8.0,8.0,,1.0,0,0.0,8,8,1.0,3,0,0.0
ISU_ILCC_NMC,ISU_ILCC_NMC/G47C4,0.7,protected_state,10,True,False,False,7.0,,4.0,4.0,,1.0,0,0.0,4,4,1.0,6,0,0.0
ISU_ILCC_NMC,ISU_ILCC_NMC/G47C4,0.7,fixed_shift,10,True,False,False,7.0,,4.0,4.0,,1.0,0,0.0,4,4,1.0,6,0,0.0
ISU_ILCC_NMC,ISU_ILCC_NMC/G47C4,0.7,pchp_method,10,True,False,False,7.0,,4.0,4.0,,1.0,0,0.0,4,4,1.0,6,0,0.0
ISU_ILCC_NMC,ISU_ILCC_NMC/G47C4,0.8,protected_state,10,True,False,False,5.0,,6.0,6.0,,1.0,0,0.0,6,6,1.0,4,0,0.0
ISU_ILCC_NMC,ISU_ILCC_NMC/G47C4,0.8,fixed_shift,10,True,False,False,5.0,,6.0,6.0,,1.0,0,0.0,6,6,1.0,4,0,0.0
ISU_ILCC_NMC,ISU_ILCC_NMC/G47C4,0.8,pchp_method,10,True,False,False,5.0,,6.0,6.0,,1.0,0,0.0,6,6,1.0,4,0,0.0
ISU_ILCC_NMC,ISU_ILCC_NMC/G47C4,0.9,protected_state,10,True,False,False,3.0,,8.0,8.0,,1.0,0,0.0,8,8,1.0,2,0,0.0
ISU_ILCC_NMC,ISU_ILCC_NMC/G47C4,0.9,fixed_shift,10,True,False,False,3.0,,8.0,8.0,,1.0,0,0.0,8,8,1.0,2,0,0.0
ISU_ILCC_NMC,ISU_ILCC_NMC/G47C4,0.9,pchp_method,10,True,False,False,3.0,,8.0,8.0,,1.0,0,0.0,8,8,1.0,2,0,0.0
ISU_ILCC_NMC,ISU_ILCC_NMC/G48C1,0.7,protected_state,8,True,False,False,7.0,,2.0,2.0,,1.0,0,0.0,2,2,1.0,6,0,0.0
ISU_ILCC_NMC,ISU_ILCC_NMC/G48C1,0.7,fixed_shift,8,True,False,False,7.0,,2.0,2.0,,1.0,0,0.0,2,2,1.0,6,0,0.0
ISU_ILCC_NMC,ISU_ILCC_NMC/G48C1,0.7,pchp_method,8,True,False,False,7.0,,2.0,2.0,,1.0,0,0.0,2,2,1.0,6,0,0.0
ISU_ILCC_NMC,ISU_ILCC_NMC/G48C1,0.8,protected_state,8,True,False,False,5.0,,4.0,4.0,,1.0,0,0.0,4,4,1.0,4,0,0.0
ISU_ILCC_NMC,ISU_ILCC_NMC/G48C1,0.8,fixed_shift,8,True,False,False,5.0,,4.0,4.0,,1.0,0,0.0,4,4,1.0,4,0,0.0
ISU_ILCC_NMC,ISU_ILCC_NMC/G48C1,0.8,pchp_method,8,True,False,False,5.0,,4.0,4.0,,1.0,0,0.0,4,4,1.0,4,0,0.0
ISU_ILCC_NMC,ISU_ILCC_NMC/G48C1,0.9,protected_state,8,True,False,False,3.0,,6.0,6.0,,1.0,0,0.0,6,6,1.0,2,0,0.0
ISU_ILCC_NMC,ISU_ILCC_NMC/G48C1,0.9,fixed_shift,8,True,False,False,3.0,,6.0,6.0,,1.0,0,0.0,6,6,1.0,2,0,0.0
ISU_ILCC_NMC,ISU_ILCC_NMC/G48C1,0.9,pchp_method,8,True,False,False,3.0,,6.0,6.0,,1.0,0,0.0,6,6,1.0,2,0,0.0
ISU_ILCC_NMC,ISU_ILCC_NMC/G48C2,0.7,protected_state,9,True,False,False,6.0,,4.0,4.0,,1.0,0,0.0,4,4,1.0,5,0,0.0
ISU_ILCC_NMC,ISU_ILCC_NMC/G48C2,0.7,fixed_shift,9,True,False,False,6.0,,4.0,4.0,,1.0,0,0.0,4,4,1.0,5,0,0.0
ISU_ILCC_NMC,ISU_ILCC_NMC/G48C2,0.7,pchp_method,9,True,False,False,6.0,,4.0,4.0,,1.0,0,0.0,4,4,1.0,5,0,0.0
ISU_ILCC_NMC,ISU_ILCC_NMC/G48C2,0.8,protected_state,9,True,False,False,4.0,,6.0,6.0,,1.0,0,0.0,6,6,1.0,3,0,0.0
ISU_ILCC_NMC,ISU_ILCC_NMC/G48C2,0.8,fixed_shift,9,True,False,False,4.0,,6.0,6.0,,1.0,0,0.0,6,6,1.0,3,0,0.0
ISU_ILCC_NMC,ISU_ILCC_NMC/G48C2,0.8,pchp_method,9,True,False,False,4.0,,6.0,6.0,,1.0,0,0.0,6,6,1.0,3,0,0.0
ISU_ILCC_NMC,ISU_ILCC_NMC/G48C2,0.9,protected_state,9,True,False,False,3.0,,7.0,7.0,,1.0,0,0.0,7,7,1.0,2,0,0.0
ISU_ILCC_NMC,ISU_ILCC_NMC/G48C2,0.9,fixed_shift,9,True,False,False,3.0,,7.0,7.0,,1.0,0,0.0,7,7,1.0,2,0,0.0
ISU_ILCC_NMC,ISU_ILCC_NMC/G48C2,0.9,pchp_method,9,True,False,False,3.0,,7.0,7.0,,1.0,0,0.0,7,7,1.0,2,0,0.0
ISU_ILCC_NMC,ISU_ILCC_NMC/G48C3,0.7,protected_state,11,True,False,False,9.0,,3.0,3.0,,1.0,0,0.0,3,3,1.0,8,0,0.0
ISU_ILCC_NMC,ISU_ILCC_NMC/G48C3,0.7,fixed_shift,11,True,False,False,9.0,,3.0,3.0,,1.0,0,0.0,3,3,1.0,8,0,0.0
ISU_ILCC_NMC,ISU_ILCC_NMC/G48C3,0.7,pchp_method,11,True,False,False,9.0,,3.0,3.0,,1.0,0,0.0,3,3,1.0,8,0,0.0
ISU_ILCC_NMC,ISU_ILCC_NMC/G48C3,0.8,protected_state,11,True,False,False,7.0,,5.0,5.0,,1.0,0,0.0,5,5,1.0,6,0,0.0
ISU_ILCC_NMC,ISU_ILCC_NMC/G48C3,0.8,fixed_shift,11,True,False,False,7.0,,5.0,5.0,,1.0,0,0.0,5,5,1.0,6,0,0.0
ISU_ILCC_NMC,ISU_ILCC_NMC/G48C3,0.8,pchp_method,11,True,False,False,7.0,,5.0,5.0,,1.0,0,0.0,5,5,1.0,6,0,0.0
ISU_ILCC_NMC,ISU_ILCC_NMC/G48C3,0.9,protected_state,11,True,False,False,3.0,,9.0,9.0,,1.0,0,0.0,9,9,1.0,2,0,0.0
ISU_ILCC_NMC,ISU_ILCC_NMC/G48C3,0.9,fixed_shift,11,True,False,False,3.0,,9.0,9.0,,1.0,0,0.0,9,9,1.0,2,0,0.0
ISU_ILCC_NMC,ISU_ILCC_NMC/G48C3,0.9,pchp_method,11,True,False,False,3.0,,9.0,9.0,,1.0,0,0.0,9,9,1.0,2,0,0.0
ISU_ILCC_NMC,ISU_ILCC_NMC/G48C4,0.7,protected_state,8,True,False,False,6.0,,3.0,3.0,,1.0,0,0.0,3,3,1.0,5,0,0.0
ISU_ILCC_NMC,ISU_ILCC_NMC/G48C4,0.7,fixed_shift,8,True,False,False,6.0,,3.0,3.0,,1.0,0,0.0,3,3,1.0,5,0,0.0
ISU_ILCC_NMC,ISU_ILCC_NMC/G48C4,0.7,pchp_method,8,True,False,False,6.0,,3.0,3.0,,1.0,0,0.0,3,3,1.0,5,0,0.0
ISU_ILCC_NMC,ISU_ILCC_NMC/G48C4,0.8,protected_state,8,True,False,False,4.0,,5.0,5.0,,1.0,0,0.0,5,5,1.0,3,0,0.0
ISU_ILCC_NMC,ISU_ILCC_NMC/G48C4,0.8,fixed_shift,8,True,False,False,4.0,,5.0,5.0,,1.0,0,0.0,5,5,1.0,3,0,0.0
ISU_ILCC_NMC,ISU_ILCC_NMC/G48C4,0.8,pchp_method,8,True,False,False,4.0,,5.0,5.0,,1.0,0,0.0,5,5,1.0,3,0,0.0
ISU_ILCC_NMC,ISU_ILCC_NMC/G48C4,0.9,protected_state,8,True,False,False,2.0,,7.0,7.0,,1.0,0,0.0,7,7,1.0,1,0,0.0
ISU_ILCC_NMC,ISU_ILCC_NMC/G48C4,0.9,fixed_shift,8,True,False,False,2.0,,7.0,7.0,,1.0,0,0.0,7,7,1.0,1,0,0.0
ISU_ILCC_NMC,ISU_ILCC_NMC/G48C4,0.9,pchp_method,8,True,False,False,2.0,,7.0,7.0,,1.0,0,0.0,7,7,1.0,1,0,0.0
ISU_ILCC_NMC,ISU_ILCC_NMC/G49C1,0.7,protected_state,32,True,False,False,31.0,,2.0,2.0,,1.0,0,0.0,2,2,1.0,30,0,0.0
ISU_ILCC_NMC,ISU_ILCC_NMC/G49C1,0.7,fixed_shift,32,True,False,False,31.0,,2.0,2.0,,1.0,0,0.0,2,2,1.0,30,0,0.0
ISU_ILCC_NMC,ISU_ILCC_NMC/G49C1,0.7,pchp_method,32,True,False,False,31.0,,2.0,2.0,,1.0,0,0.0,2,2,1.0,30,0,0.0
ISU_ILCC_NMC,ISU_ILCC_NMC/G49C1,0.8,protected_state,32,True,False,False,26.0,,7.0,7.0,,1.0,0,0.0,7,7,1.0,25,0,0.0
ISU_ILCC_NMC,ISU_ILCC_NMC/G49C1,0.8,fixed_shift,32,True,False,False,26.0,,7.0,7.0,,1.0,0,0.0,7,7,1.0,25,0,0.0
ISU_ILCC_NMC,ISU_ILCC_NMC/G49C1,0.8,pchp_method,32,True,False,False,26.0,,7.0,7.0,,1.0,0,0.0,7,7,1.0,25,0,0.0
ISU_ILCC_NMC,ISU_ILCC_NMC/G49C1,0.9,protected_state,32,True,False,False,13.0,,20.0,20.0,,1.0,0,0.0,20,20,1.0,12,0,0.0
ISU_ILCC_NMC,ISU_ILCC_NMC/G49C1,0.9,fixed_shift,32,True,False,False,13.0,,20.0,20.0,,1.0,0,0.0,20,20,1.0,12,0,0.0
ISU_ILCC_NMC,ISU_ILCC_NMC/G49C1,0.9,pchp_method,32,True,False,False,13.0,,20.0,20.0,,1.0,0,0.0,20,20,1.0,12,0,0.0
ISU_ILCC_NMC,ISU_ILCC_NMC/G49C2,0.7,protected_state,32,True,False,False,30.0,,3.0,3.0,,1.0,0,0.0,3,3,1.0,29,0,0.0
ISU_ILCC_NMC,ISU_ILCC_NMC/G49C2,0.7,fixed_shift,32,True,False,False,30.0,,3.0,3.0,,1.0,0,0.0,3,3,1.0,29,0,0.0
ISU_ILCC_NMC,ISU_ILCC_NMC/G49C2,0.7,pchp_method,32,True,False,False,30.0,,3.0,3.0,,1.0,0,0.0,3,3,1.0,29,0,0.0
ISU_ILCC_NMC,ISU_ILCC_NMC/G49C2,0.8,protected_state,32,True,False,False,25.0,,8.0,8.0,,1.0,0,0.0,8,8,1.0,24,0,0.0
ISU_ILCC_NMC,ISU_ILCC_NMC/G49C2,0.8,fixed_shift,32,True,False,False,25.0,,8.0,8.0,,1.0,0,0.0,8,8,1.0,24,0,0.0
ISU_ILCC_NMC,ISU_ILCC_NMC/G49C2,0.8,pchp_method,32,True,False,False,25.0,,8.0,8.0,,1.0,0,0.0,8,8,1.0,24,0,0.0
ISU_ILCC_NMC,ISU_ILCC_NMC/G49C2,0.9,protected_state,32,True,False,False,11.0,,22.0,22.0,,1.0,0,0.0,22,22,1.0,10,0,0.0
ISU_ILCC_NMC,ISU_ILCC_NMC/G49C2,0.9,fixed_shift,32,True,False,False,11.0,,22.0,22.0,,1.0,0,0.0,22,22,1.0,10,0,0.0
ISU_ILCC_NMC,ISU_ILCC_NMC/G49C2,0.9,pchp_method,32,True,False,False,11.0,,22.0,22.0,,1.0,0,0.0,22,22,1.0,10,0,0.0
ISU_ILCC_NMC,ISU_ILCC_NMC/G49C3,0.7,protected_state,32,True,False,False,30.0,,3.0,3.0,,1.0,0,0.0,3,3,1.0,29,0,0.0
ISU_ILCC_NMC,ISU_ILCC_NMC/G49C3,0.7,fixed_shift,32,True,False,False,30.0,,3.0,3.0,,1.0,0,0.0,3,3,1.0,29,0,0.0
ISU_ILCC_NMC,ISU_ILCC_NMC/G49C3,0.7,pchp_method,32,True,False,False,30.0,,3.0,3.0,,1.0,0,0.0,3,3,1.0,29,0,0.0
ISU_ILCC_NMC,ISU_ILCC_NMC/G49C3,0.8,protected_state,32,True,False,False,24.0,,9.0,9.0,,1.0,0,0.0,9,9,1.0,23,0,0.0
ISU_ILCC_NMC,ISU_ILCC_NMC/G49C3,0.8,fixed_shift,32,True,False,False,24.0,,9.0,9.0,,1.0,0,0.0,9,9,1.0,23,0,0.0
ISU_ILCC_NMC,ISU_ILCC_NMC/G49C3,0.8,pchp_method,32,True,False,False,24.0,,9.0,9.0,,1.0,0,0.0,9,9,1.0,23,0,0.0
ISU_ILCC_NMC,ISU_ILCC_NMC/G49C3,0.9,protected_state,32,True,False,False,13.0,,20.0,20.0,,1.0,0,0.0,20,20,1.0,12,0,0.0
ISU_ILCC_NMC,ISU_ILCC_NMC/G49C3,0.9,fixed_shift,32,True,False,False,13.0,,20.0,20.0,,1.0,0,0.0,20,20,1.0,12,0,0.0
ISU_ILCC_NMC,ISU_ILCC_NMC/G49C3,0.9,pchp_method,32,True,False,False,13.0,,20.0,20.0,,1.0,0,0.0,20,20,1.0,12,0,0.0
ISU_ILCC_NMC,ISU_ILCC_NMC/G49C4,0.7,protected_state,32,True,False,False,27.0,,6.0,6.0,,1.0,0,0.0,6,6,1.0,26,0,0.0
ISU_ILCC_NMC,ISU_ILCC_NMC/G49C4,0.7,fixed_shift,32,True,False,False,27.0,,6.0,6.0,,1.0,0,0.0,6,6,1.0,26,0,0.0
ISU_ILCC_NMC,ISU_ILCC_NMC/G49C4,0.7,pchp_method,32,True,False,False,27.0,,6.0,6.0,,1.0,0,0.0,6,6,1.0,26,0,0.0
ISU_ILCC_NMC,ISU_ILCC_NMC/G49C4,0.8,protected_state,32,True,False,False,23.0,,10.0,10.0,,1.0,0,0.0,10,10,1.0,22,0,0.0
ISU_ILCC_NMC,ISU_ILCC_NMC/G49C4,0.8,fixed_shift,32,True,False,False,23.0,,10.0,10.0,,1.0,0,0.0,10,10,1.0,22,0,0.0
ISU_ILCC_NMC,ISU_ILCC_NMC/G49C4,0.8,pchp_method,32,True,False,False,23.0,,10.0,10.0,,1.0,0,0.0,10,10,1.0,22,0,0.0
ISU_ILCC_NMC,ISU_ILCC_NMC/G49C4,0.9,protected_state,32,True,False,False,16.0,,17.0,17.0,,1.0,0,0.0,17,17,1.0,15,0,0.0
ISU_ILCC_NMC,ISU_ILCC_NMC/G49C4,0.9,fixed_shift,32,True,False,False,16.0,,17.0,17.0,,1.0,0,0.0,17,17,1.0,15,0,0.0
ISU_ILCC_NMC,ISU_ILCC_NMC/G49C4,0.9,pchp_method,32,True,False,False,16.0,,17.0,17.0,,1.0,0,0.0,17,17,1.0,15,0,0.0
ISU_ILCC_NMC,ISU_ILCC_NMC/G4C1,0.7,protected_state,21,True,False,False,19.0,,3.0,3.0,,1.0,0,0.0,3,3,1.0,18,0,0.0
ISU_ILCC_NMC,ISU_ILCC_NMC/G4C1,0.7,fixed_shift,21,True,False,False,19.0,,3.0,3.0,,1.0,0,0.0,3,3,1.0,18,0,0.0
ISU_ILCC_NMC,ISU_ILCC_NMC/G4C1,0.7,pchp_method,21,True,False,False,19.0,,3.0,3.0,,1.0,0,0.0,3,3,1.0,18,0,0.0
ISU_ILCC_NMC,ISU_ILCC_NMC/G4C1,0.8,protected_state,21,True,False,False,18.0,,4.0,4.0,,1.0,0,0.0,4,4,1.0,17,0,0.0
ISU_ILCC_NMC,ISU_ILCC_NMC/G4C1,0.8,fixed_shift,21,True,False,False,18.0,,4.0,4.0,,1.0,0,0.0,4,4,1.0,17,0,0.0
ISU_ILCC_NMC,ISU_ILCC_NMC/G4C1,0.8,pchp_method,21,True,False,False,18.0,,4.0,4.0,,1.0,0,0.0,4,4,1.0,17,0,0.0
ISU_ILCC_NMC,ISU_ILCC_NMC/G4C1,0.9,protected_state,21,True,False,False,10.0,,12.0,12.0,,1.0,0,0.0,12,12,1.0,9,0,0.0
ISU_ILCC_NMC,ISU_ILCC_NMC/G4C1,0.9,fixed_shift,21,True,False,False,10.0,,12.0,12.0,,1.0,0,0.0,12,12,1.0,9,0,0.0
ISU_ILCC_NMC,ISU_ILCC_NMC/G4C1,0.9,pchp_method,21,True,False,False,10.0,,12.0,12.0,,1.0,0,0.0,12,12,1.0,9,0,0.0
ISU_ILCC_NMC,ISU_ILCC_NMC/G4C2,0.7,protected_state,22,True,False,False,20.0,,3.0,3.0,,1.0,0,0.0,3,3,1.0,19,0,0.0
ISU_ILCC_NMC,ISU_ILCC_NMC/G4C2,0.7,fixed_shift,22,True,False,False,20.0,,3.0,3.0,,1.0,0,0.0,3,3,1.0,19,0,0.0
ISU_ILCC_NMC,ISU_ILCC_NMC/G4C2,0.7,pchp_method,22,True,False,False,20.0,,3.0,3.0,,1.0,0,0.0,3,3,1.0,19,0,0.0
ISU_ILCC_NMC,ISU_ILCC_NMC/G4C2,0.8,protected_state,22,True,False,False,18.0,,5.0,5.0,,1.0,0,0.0,5,5,1.0,17,0,0.0
ISU_ILCC_NMC,ISU_ILCC_NMC/G4C2,0.8,fixed_shift,22,True,False,False,18.0,,5.0,5.0,,1.0,0,0.0,5,5,1.0,17,0,0.0
ISU_ILCC_NMC,ISU_ILCC_NMC/G4C2,0.8,pchp_method,22,True,False,False,18.0,,5.0,5.0,,1.0,0,0.0,5,5,1.0,17,0,0.0
ISU_ILCC_NMC,ISU_ILCC_NMC/G4C2,0.9,protected_state,22,True,False,False,11.0,,12.0,12.0,,1.0,0,0.0,12,12,1.0,10,0,0.0
ISU_ILCC_NMC,ISU_ILCC_NMC/G4C2,0.9,fixed_shift,22,True,False,False,11.0,,12.0,12.0,,1.0,0,0.0,12,12,1.0,10,0,0.0
ISU_ILCC_NMC,ISU_ILCC_NMC/G4C2,0.9,pchp_method,22,True,False,False,11.0,,12.0,12.0,,1.0,0,0.0,12,12,1.0,10,0,0.0
ISU_ILCC_NMC,ISU_ILCC_NMC/G4C3,0.7,protected_state,25,True,False,False,24.0,,2.0,2.0,,1.0,0,0.0,2,2,1.0,23,0,0.0
ISU_ILCC_NMC,ISU_ILCC_NMC/G4C3,0.7,fixed_shift,25,True,False,False,24.0,,2.0,2.0,,1.0,0,0.0,2,2,1.0,23,0,0.0
ISU_ILCC_NMC,ISU_ILCC_NMC/G4C3,0.7,pchp_method,25,True,False,False,24.0,,2.0,2.0,,1.0,0,0.0,2,2,1.0,23,0,0.0
ISU_ILCC_NMC,ISU_ILCC_NMC/G4C3,0.8,protected_state,25,True,False,False,22.0,,4.0,4.0,,1.0,0,0.0,4,4,1.0,21,0,0.0
ISU_ILCC_NMC,ISU_ILCC_NMC/G4C3,0.8,fixed_shift,25,True,False,False,22.0,,4.0,4.0,,1.0,0,0.0,4,4,1.0,21,0,0.0
ISU_ILCC_NMC,ISU_ILCC_NMC/G4C3,0.8,pchp_method,25,True,False,False,22.0,,4.0,4.0,,1.0,0,0.0,4,4,1.0,21,0,0.0
ISU_ILCC_NMC,ISU_ILCC_NMC/G4C3,0.9,protected_state,25,True,False,False,13.0,,13.0,13.0,,1.0,0,0.0,13,13,1.0,12,0,0.0
ISU_ILCC_NMC,ISU_ILCC_NMC/G4C3,0.9,fixed_shift,25,True,False,False,13.0,,13.0,13.0,,1.0,0,0.0,13,13,1.0,12,0,0.0
ISU_ILCC_NMC,ISU_ILCC_NMC/G4C3,0.9,pchp_method,25,True,False,False,13.0,,13.0,13.0,,1.0,0,0.0,13,13,1.0,12,0,0.0
ISU_ILCC_NMC,ISU_ILCC_NMC/G4C4,0.7,protected_state,16,True,False,False,16.0,,1.0,1.0,,1.0,0,0.0,1,1,1.0,15,0,0.0
ISU_ILCC_NMC,ISU_ILCC_NMC/G4C4,0.7,fixed_shift,16,True,False,False,16.0,,1.0,1.0,,1.0,0,0.0,1,1,1.0,15,0,0.0
ISU_ILCC_NMC,ISU_ILCC_NMC/G4C4,0.7,pchp_method,16,True,False,False,16.0,,1.0,1.0,,1.0,0,0.0,1,1,1.0,15,0,0.0
ISU_ILCC_NMC,ISU_ILCC_NMC/G4C4,0.8,protected_state,16,True,False,False,15.0,,2.0,2.0,,1.0,0,0.0,2,2,1.0,14,0,0.0
ISU_ILCC_NMC,ISU_ILCC_NMC/G4C4,0.8,fixed_shift,16,True,False,False,15.0,,2.0,2.0,,1.0,0,0.0,2,2,1.0,14,0,0.0
ISU_ILCC_NMC,ISU_ILCC_NMC/G4C4,0.8,pchp_method,16,True,False,False,15.0,,2.0,2.0,,1.0,0,0.0,2,2,1.0,14,0,0.0
ISU_ILCC_NMC,ISU_ILCC_NMC/G4C4,0.9,protected_state,16,True,False,False,9.0,,8.0,8.0,,1.0,0,0.0,8,8,1.0,8,0,0.0
ISU_ILCC_NMC,ISU_ILCC_NMC/G4C4,0.9,fixed_shift,16,True,False,False,9.0,,8.0,8.0,,1.0,0,0.0,8,8,1.0,8,0,0.0
ISU_ILCC_NMC,ISU_ILCC_NMC/G4C4,0.9,pchp_method,16,True,False,False,9.0,,8.0,8.0,,1.0,0,0.0,8,8,1.0,8,0,0.0
ISU_ILCC_NMC,ISU_ILCC_NMC/G50C1,0.7,protected_state,26,True,False,False,19.0,,8.0,8.0,,1.0,0,0.0,8,8,1.0,18,0,0.0
ISU_ILCC_NMC,ISU_ILCC_NMC/G50C1,0.7,fixed_shift,26,True,False,False,19.0,,8.0,8.0,,1.0,0,0.0,8,8,1.0,18,0,0.0
ISU_ILCC_NMC,ISU_ILCC_NMC/G50C1,0.7,pchp_method,26,True,False,False,19.0,,8.0,8.0,,1.0,0,0.0,8,8,1.0,18,0,0.0
ISU_ILCC_NMC,ISU_ILCC_NMC/G50C1,0.8,protected_state,26,True,False,False,14.0,,13.0,13.0,,1.0,0,0.0,13,13,1.0,13,0,0.0
ISU_ILCC_NMC,ISU_ILCC_NMC/G50C1,0.8,fixed_shift,26,True,False,False,14.0,,13.0,13.0,,1.0,0,0.0,13,13,1.0,13,0,0.0
ISU_ILCC_NMC,ISU_ILCC_NMC/G50C1,0.8,pchp_method,26,True,False,False,14.0,,13.0,13.0,,1.0,0,0.0,13,13,1.0,13,0,0.0
ISU_ILCC_NMC,ISU_ILCC_NMC/G50C1,0.9,protected_state,26,True,False,False,9.0,,18.0,18.0,,1.0,0,0.0,18,18,1.0,8,0,0.0
ISU_ILCC_NMC,ISU_ILCC_NMC/G50C1,0.9,fixed_shift,26,True,False,False,9.0,,18.0,18.0,,1.0,0,0.0,18,18,1.0,8,0,0.0
ISU_ILCC_NMC,ISU_ILCC_NMC/G50C1,0.9,pchp_method,26,True,False,False,9.0,,18.0,18.0,,1.0,0,0.0,18,18,1.0,8,0,0.0
ISU_ILCC_NMC,ISU_ILCC_NMC/G50C2,0.7,protected_state,20,True,False,False,13.0,,8.0,8.0,,1.0,0,0.0,8,8,1.0,12,0,0.0
ISU_ILCC_NMC,ISU_ILCC_NMC/G50C2,0.7,fixed_shift,20,True,False,False,13.0,,8.0,8.0,,1.0,0,0.0,8,8,1.0,12,0,0.0
ISU_ILCC_NMC,ISU_ILCC_NMC/G50C2,0.7,pchp_method,20,True,False,False,13.0,,8.0,8.0,,1.0,0,0.0,8,8,1.0,12,0,0.0
ISU_ILCC_NMC,ISU_ILCC_NMC/G50C2,0.8,protected_state,20,True,False,False,10.0,,11.0,11.0,,1.0,0,0.0,11,11,1.0,9,0,0.0
ISU_ILCC_NMC,ISU_ILCC_NMC/G50C2,0.8,fixed_shift,20,True,False,False,10.0,,11.0,11.0,,1.0,0,0.0,11,11,1.0,9,0,0.0
ISU_ILCC_NMC,ISU_ILCC_NMC/G50C2,0.8,pchp_method,20,True,False,False,10.0,,11.0,11.0,,1.0,0,0.0,11,11,1.0,9,0,0.0
ISU_ILCC_NMC,ISU_ILCC_NMC/G50C2,0.9,protected_state,20,True,False,False,6.0,,15.0,15.0,,1.0,0,0.0,15,15,1.0,5,0,0.0
ISU_ILCC_NMC,ISU_ILCC_NMC/G50C2,0.9,fixed_shift,20,True,False,False,6.0,,15.0,15.0,,1.0,0,0.0,15,15,1.0,5,0,0.0
ISU_ILCC_NMC,ISU_ILCC_NMC/G50C2,0.9,pchp_method,20,True,False,False,6.0,,15.0,15.0,,1.0,0,0.0,15,15,1.0,5,0,0.0
ISU_ILCC_NMC,ISU_ILCC_NMC/G50C3,0.7,protected_state,30,True,False,False,26.0,,5.0,5.0,,1.0,0,0.0,5,5,1.0,25,0,0.0
ISU_ILCC_NMC,ISU_ILCC_NMC/G50C3,0.7,fixed_shift,30,True,False,False,26.0,,5.0,5.0,,1.0,0,0.0,5,5,1.0,25,0,0.0
ISU_ILCC_NMC,ISU_ILCC_NMC/G50C3,0.7,pchp_method,30,True,False,False,26.0,,5.0,5.0,,1.0,0,0.0,5,5,1.0,25,0,0.0
ISU_ILCC_NMC,ISU_ILCC_NMC/G50C3,0.8,protected_state,30,True,False,False,23.0,,8.0,8.0,,1.0,0,0.0,8,8,1.0,22,0,0.0
ISU_ILCC_NMC,ISU_ILCC_NMC/G50C3,0.8,fixed_shift,30,True,False,False,23.0,,8.0,8.0,,1.0,0,0.0,8,8,1.0,22,0,0.0
ISU_ILCC_NMC,ISU_ILCC_NMC/G50C3,0.8,pchp_method,30,True,False,False,23.0,,8.0,8.0,,1.0,0,0.0,8,8,1.0,22,0,0.0
ISU_ILCC_NMC,ISU_ILCC_NMC/G50C3,0.9,protected_state,30,True,False,False,13.0,,18.0,18.0,,1.0,0,0.0,18,18,1.0,12,0,0.0
ISU_ILCC_NMC,ISU_ILCC_NMC/G50C3,0.9,fixed_shift,30,True,False,False,13.0,,18.0,18.0,,1.0,0,0.0,18,18,1.0,12,0,0.0
ISU_ILCC_NMC,ISU_ILCC_NMC/G50C3,0.9,pchp_method,30,True,False,False,13.0,,18.0,18.0,,1.0,0,0.0,18,18,1.0,12,0,0.0
ISU_ILCC_NMC,ISU_ILCC_NMC/G50C4,0.7,protected_state,27,True,False,False,20.0,,8.0,8.0,,1.0,0,0.0,8,8,1.0,19,0,0.0
ISU_ILCC_NMC,ISU_ILCC_NMC/G50C4,0.7,fixed_shift,27,True,False,False,20.0,,8.0,8.0,,1.0,0,0.0,8,8,1.0,19,0,0.0
ISU_ILCC_NMC,ISU_ILCC_NMC/G50C4,0.7,pchp_method,27,True,False,False,20.0,,8.0,8.0,,1.0,0,0.0,8,8,1.0,19,0,0.0
ISU_ILCC_NMC,ISU_ILCC_NMC/G50C4,0.8,protected_state,27,True,False,False,15.0,,13.0,13.0,,1.0,0,0.0,13,13,1.0,14,0,0.0
ISU_ILCC_NMC,ISU_ILCC_NMC/G50C4,0.8,fixed_shift,27,True,False,False,15.0,,13.0,13.0,,1.0,0,0.0,13,13,1.0,14,0,0.0
ISU_ILCC_NMC,ISU_ILCC_NMC/G50C4,0.8,pchp_method,27,True,False,False,15.0,,13.0,13.0,,1.0,0,0.0,13,13,1.0,14,0,0.0
ISU_ILCC_NMC,ISU_ILCC_NMC/G50C4,0.9,protected_state,27,True,False,False,9.0,,19.0,19.0,,1.0,0,0.0,19,19,1.0,8,0,0.0
ISU_ILCC_NMC,ISU_ILCC_NMC/G50C4,0.9,fixed_shift,27,True,False,False,9.0,,19.0,19.0,,1.0,0,0.0,19,19,1.0,8,0,0.0
ISU_ILCC_NMC,ISU_ILCC_NMC/G50C4,0.9,pchp_method,27,True,False,False,9.0,,19.0,19.0,,1.0,0,0.0,19,19,1.0,8,0,0.0
ISU_ILCC_NMC,ISU_ILCC_NMC/G51C1,0.7,protected_state,11,True,False,False,9.0,,3.0,3.0,,1.0,0,0.0,3,3,1.0,8,0,0.0
ISU_ILCC_NMC,ISU_ILCC_NMC/G51C1,0.7,fixed_shift,11,True,False,False,9.0,,3.0,3.0,,1.0,0,0.0,3,3,1.0,8,0,0.0
ISU_ILCC_NMC,ISU_ILCC_NMC/G51C1,0.7,pchp_method,11,True,False,False,9.0,,3.0,3.0,,1.0,0,0.0,3,3,1.0,8,0,0.0
ISU_ILCC_NMC,ISU_ILCC_NMC/G51C1,0.8,protected_state,11,True,False,False,6.0,,6.0,6.0,,1.0,0,0.0,6,6,1.0,5,0,0.0
ISU_ILCC_NMC,ISU_ILCC_NMC/G51C1,0.8,fixed_shift,11,True,False,False,6.0,,6.0,6.0,,1.0,0,0.0,6,6,1.0,5,0,0.0
ISU_ILCC_NMC,ISU_ILCC_NMC/G51C1,0.8,pchp_method,11,True,False,False,6.0,,6.0,6.0,,1.0,0,0.0,6,6,1.0,5,0,0.0
ISU_ILCC_NMC,ISU_ILCC_NMC/G51C1,0.9,protected_state,11,True,False,False,4.0,,8.0,8.0,,1.0,0,0.0,8,8,1.0,3,0,0.0
ISU_ILCC_NMC,ISU_ILCC_NMC/G51C1,0.9,fixed_shift,11,True,False,False,4.0,,8.0,8.0,,1.0,0,0.0,8,8,1.0,3,0,0.0
ISU_ILCC_NMC,ISU_ILCC_NMC/G51C1,0.9,pchp_method,11,True,False,False,4.0,,8.0,8.0,,1.0,0,0.0,8,8,1.0,3,0,0.0
ISU_ILCC_NMC,ISU_ILCC_NMC/G51C2,0.7,protected_state,12,True,False,False,10.0,,3.0,3.0,,1.0,0,0.0,3,3,1.0,9,0,0.0
ISU_ILCC_NMC,ISU_ILCC_NMC/G51C2,0.7,fixed_shift,12,True,False,False,10.0,,3.0,3.0,,1.0,0,0.0,3,3,1.0,9,0,0.0
ISU_ILCC_NMC,ISU_ILCC_NMC/G51C2,0.7,pchp_method,12,True,False,False,10.0,,3.0,3.0,,1.0,0,0.0,3,3,1.0,9,0,0.0
ISU_ILCC_NMC,ISU_ILCC_NMC/G51C2,0.8,protected_state,12,True,False,False,8.0,,5.0,5.0,,1.0,0,0.0,5,5,1.0,7,0,0.0
ISU_ILCC_NMC,ISU_ILCC_NMC/G51C2,0.8,fixed_shift,12,True,False,False,8.0,,5.0,5.0,,1.0,0,0.0,5,5,1.0,7,0,0.0
ISU_ILCC_NMC,ISU_ILCC_NMC/G51C2,0.8,pchp_method,12,True,False,False,8.0,,5.0,5.0,,1.0,0,0.0,5,5,1.0,7,0,0.0
ISU_ILCC_NMC,ISU_ILCC_NMC/G51C2,0.9,protected_state,12,True,False,False,4.0,,9.0,9.0,,1.0,0,0.0,9,9,1.0,3,0,0.0
ISU_ILCC_NMC,ISU_ILCC_NMC/G51C2,0.9,fixed_shift,12,True,False,False,4.0,,9.0,9.0,,1.0,0,0.0,9,9,1.0,3,0,0.0
ISU_ILCC_NMC,ISU_ILCC_NMC/G51C2,0.9,pchp_method,12,True,False,False,4.0,,9.0,9.0,,1.0,0,0.0,9,9,1.0,3,0,0.0
ISU_ILCC_NMC,ISU_ILCC_NMC/G51C3,0.7,protected_state,10,True,False,False,7.0,,4.0,4.0,,1.0,0,0.0,4,4,1.0,6,0,0.0
ISU_ILCC_NMC,ISU_ILCC_NMC/G51C3,0.7,fixed_shift,10,True,False,False,7.0,,4.0,4.0,,1.0,0,0.0,4,4,1.0,6,0,0.0
ISU_ILCC_NMC,ISU_ILCC_NMC/G51C3,0.7,pchp_method,10,True,False,False,7.0,,4.0,4.0,,1.0,0,0.0,4,4,1.0,6,0,0.0
ISU_ILCC_NMC,ISU_ILCC_NMC/G51C3,0.8,protected_state,10,True,False,False,6.0,,5.0,5.0,,1.0,0,0.0,5,5,1.0,5,0,0.0
ISU_ILCC_NMC,ISU_ILCC_NMC/G51C3,0.8,fixed_shift,10,True,False,False,6.0,,5.0,5.0,,1.0,0,0.0,5,5,1.0,5,0,0.0
ISU_ILCC_NMC,ISU_ILCC_NMC/G51C3,0.8,pchp_method,10,True,False,False,6.0,,5.0,5.0,,1.0,0,0.0,5,5,1.0,5,0,0.0
ISU_ILCC_NMC,ISU_ILCC_NMC/G51C3,0.9,protected_state,10,True,False,False,4.0,,7.0,7.0,,1.0,0,0.0,7,7,1.0,3,0,0.0
ISU_ILCC_NMC,ISU_ILCC_NMC/G51C3,0.9,fixed_shift,10,True,False,False,4.0,,7.0,7.0,,1.0,0,0.0,7,7,1.0,3,0,0.0
ISU_ILCC_NMC,ISU_ILCC_NMC/G51C3,0.9,pchp_method,10,True,False,False,4.0,,7.0,7.0,,1.0,0,0.0,7,7,1.0,3,0,0.0
ISU_ILCC_NMC,ISU_ILCC_NMC/G51C4,0.7,protected_state,12,True,False,False,8.0,,5.0,5.0,,1.0,0,0.0,5,5,1.0,7,0,0.0
ISU_ILCC_NMC,ISU_ILCC_NMC/G51C4,0.7,fixed_shift,12,True,False,False,8.0,,5.0,5.0,,1.0,0,0.0,5,5,1.0,7,0,0.0
ISU_ILCC_NMC,ISU_ILCC_NMC/G51C4,0.7,pchp_method,12,True,False,False,8.0,,5.0,5.0,,1.0,0,0.0,5,5,1.0,7,0,0.0
ISU_ILCC_NMC,ISU_ILCC_NMC/G51C4,0.8,protected_state,12,True,False,False,7.0,,6.0,6.0,,1.0,0,0.0,6,6,1.0,6,0,0.0
ISU_ILCC_NMC,ISU_ILCC_NMC/G51C4,0.8,fixed_shift,12,True,False,False,7.0,,6.0,6.0,,1.0,0,0.0,6,6,1.0,6,0,0.0
ISU_ILCC_NMC,ISU_ILCC_NMC/G51C4,0.8,pchp_method,12,True,False,False,7.0,,6.0,6.0,,1.0,0,0.0,6,6,1.0,6,0,0.0
ISU_ILCC_NMC,ISU_ILCC_NMC/G51C4,0.9,protected_state,12,True,False,False,5.0,,8.0,8.0,,1.0,0,0.0,8,8,1.0,4,0,0.0
ISU_ILCC_NMC,ISU_ILCC_NMC/G51C4,0.9,fixed_shift,12,True,False,False,5.0,,8.0,8.0,,1.0,0,0.0,8,8,1.0,4,0,0.0
ISU_ILCC_NMC,ISU_ILCC_NMC/G51C4,0.9,pchp_method,12,True,False,False,5.0,,8.0,8.0,,1.0,0,0.0,8,8,1.0,4,0,0.0
ISU_ILCC_NMC,ISU_ILCC_NMC/G52C1,0.7,protected_state,21,True,False,False,14.0,,8.0,8.0,,1.0,0,0.0,8,8,1.0,13,0,0.0
ISU_ILCC_NMC,ISU_ILCC_NMC/G52C1,0.7,fixed_shift,21,True,False,False,14.0,,8.0,8.0,,1.0,0,0.0,8,8,1.0,13,0,0.0
ISU_ILCC_NMC,ISU_ILCC_NMC/G52C1,0.7,pchp_method,21,True,False,False,14.0,,8.0,8.0,,1.0,0,0.0,8,8,1.0,13,0,0.0
ISU_ILCC_NMC,ISU_ILCC_NMC/G52C1,0.8,protected_state,21,True,False,False,10.0,,12.0,12.0,,1.0,0,0.0,12,12,1.0,9,0,0.0
ISU_ILCC_NMC,ISU_ILCC_NMC/G52C1,0.8,fixed_shift,21,True,False,False,10.0,,12.0,12.0,,1.0,0,0.0,12,12,1.0,9,0,0.0
ISU_ILCC_NMC,ISU_ILCC_NMC/G52C1,0.8,pchp_method,21,True,False,False,10.0,,12.0,12.0,,1.0,0,0.0,12,12,1.0,9,0,0.0
ISU_ILCC_NMC,ISU_ILCC_NMC/G52C1,0.9,protected_state,21,True,False,False,5.0,,17.0,17.0,,1.0,0,0.0,17,17,1.0,4,0,0.0
ISU_ILCC_NMC,ISU_ILCC_NMC/G52C1,0.9,fixed_shift,21,True,False,False,5.0,,17.0,17.0,,1.0,0,0.0,17,17,1.0,4,0,0.0
ISU_ILCC_NMC,ISU_ILCC_NMC/G52C1,0.9,pchp_method,21,True,False,False,5.0,,17.0,17.0,,1.0,0,0.0,17,17,1.0,4,0,0.0
ISU_ILCC_NMC,ISU_ILCC_NMC/G52C2,0.7,protected_state,16,True,False,False,10.0,,7.0,7.0,,1.0,0,0.0,7,7,1.0,9,0,0.0
ISU_ILCC_NMC,ISU_ILCC_NMC/G52C2,0.7,fixed_shift,16,True,False,False,10.0,,7.0,7.0,,1.0,0,0.0,7,7,1.0,9,0,0.0
ISU_ILCC_NMC,ISU_ILCC_NMC/G52C2,0.7,pchp_method,16,True,False,False,10.0,,7.0,7.0,,1.0,0,0.0,7,7,1.0,9,0,0.0
ISU_ILCC_NMC,ISU_ILCC_NMC/G52C2,0.8,protected_state,16,True,False,False,8.0,,9.0,9.0,,1.0,0,0.0,9,9,1.0,7,0,0.0
ISU_ILCC_NMC,ISU_ILCC_NMC/G52C2,0.8,fixed_shift,16,True,False,False,8.0,,9.0,9.0,,1.0,0,0.0,9,9,1.0,7,0,0.0
ISU_ILCC_NMC,ISU_ILCC_NMC/G52C2,0.8,pchp_method,16,True,False,False,8.0,,9.0,9.0,,1.0,0,0.0,9,9,1.0,7,0,0.0
ISU_ILCC_NMC,ISU_ILCC_NMC/G52C2,0.9,protected_state,16,True,False,False,4.0,,13.0,13.0,,1.0,0,0.0,13,13,1.0,3,0,0.0
ISU_ILCC_NMC,ISU_ILCC_NMC/G52C2,0.9,fixed_shift,16,True,False,False,4.0,,13.0,13.0,,1.0,0,0.0,13,13,1.0,3,0,0.0
ISU_ILCC_NMC,ISU_ILCC_NMC/G52C2,0.9,pchp_method,16,True,False,False,4.0,,13.0,13.0,,1.0,0,0.0,13,13,1.0,3,0,0.0
ISU_ILCC_NMC,ISU_ILCC_NMC/G52C3,0.7,protected_state,16,True,False,False,11.0,,6.0,6.0,,1.0,0,0.0,6,6,1.0,10,0,0.0
ISU_ILCC_NMC,ISU_ILCC_NMC/G52C3,0.7,fixed_shift,16,True,False,False,11.0,,6.0,6.0,,1.0,0,0.0,6,6,1.0,10,0,0.0
ISU_ILCC_NMC,ISU_ILCC_NMC/G52C3,0.7,pchp_method,16,True,False,False,11.0,,6.0,6.0,,1.0,0,0.0,6,6,1.0,10,0,0.0
ISU_ILCC_NMC,ISU_ILCC_NMC/G52C3,0.8,protected_state,16,True,False,False,9.0,,8.0,8.0,,1.0,0,0.0,8,8,1.0,8,0,0.0
ISU_ILCC_NMC,ISU_ILCC_NMC/G52C3,0.8,fixed_shift,16,True,False,False,9.0,,8.0,8.0,,1.0,0,0.0,8,8,1.0,8,0,0.0
ISU_ILCC_NMC,ISU_ILCC_NMC/G52C3,0.8,pchp_method,16,True,False,False,9.0,,8.0,8.0,,1.0,0,0.0,8,8,1.0,8,0,0.0
ISU_ILCC_NMC,ISU_ILCC_NMC/G52C3,0.9,protected_state,16,True,False,False,6.0,,11.0,11.0,,1.0,0,0.0,11,11,1.0,5,0,0.0
ISU_ILCC_NMC,ISU_ILCC_NMC/G52C3,0.9,fixed_shift,16,True,False,False,6.0,,11.0,11.0,,1.0,0,0.0,11,11,1.0,5,0,0.0
ISU_ILCC_NMC,ISU_ILCC_NMC/G52C3,0.9,pchp_method,16,True,False,False,6.0,,11.0,11.0,,1.0,0,0.0,11,11,1.0,5,0,0.0
ISU_ILCC_NMC,ISU_ILCC_NMC/G52C4,0.7,protected_state,18,True,False,False,14.0,,5.0,5.0,,1.0,0,0.0,5,5,1.0,13,0,0.0
ISU_ILCC_NMC,ISU_ILCC_NMC/G52C4,0.7,fixed_shift,18,True,False,False,14.0,,5.0,5.0,,1.0,0,0.0,5,5,1.0,13,0,0.0
ISU_ILCC_NMC,ISU_ILCC_NMC/G52C4,0.7,pchp_method,18,True,False,False,14.0,,5.0,5.0,,1.0,0,0.0,5,5,1.0,13,0,0.0
ISU_ILCC_NMC,ISU_ILCC_NMC/G52C4,0.8,protected_state,18,True,False,False,11.0,,8.0,8.0,,1.0,0,0.0,8,8,1.0,10,0,0.0
ISU_ILCC_NMC,ISU_ILCC_NMC/G52C4,0.8,fixed_shift,18,True,False,False,11.0,,8.0,8.0,,1.0,0,0.0,8,8,1.0,10,0,0.0
ISU_ILCC_NMC,ISU_ILCC_NMC/G52C4,0.8,pchp_method,18,True,False,False,11.0,,8.0,8.0,,1.0,0,0.0,8,8,1.0,10,0,0.0
ISU_ILCC_NMC,ISU_ILCC_NMC/G52C4,0.9,protected_state,18,True,False,False,7.0,,12.0,12.0,,1.0,0,0.0,12,12,1.0,6,0,0.0
ISU_ILCC_NMC,ISU_ILCC_NMC/G52C4,0.9,fixed_shift,18,True,False,False,7.0,,12.0,12.0,,1.0,0,0.0,12,12,1.0,6,0,0.0
ISU_ILCC_NMC,ISU_ILCC_NMC/G52C4,0.9,pchp_method,18,True,False,False,7.0,,12.0,12.0,,1.0,0,0.0,12,12,1.0,6,0,0.0
ISU_ILCC_NMC,ISU_ILCC_NMC/G53C1,0.7,protected_state,2,True,False,False,1.0,,2.0,2.0,,1.0,0,0.0,2,2,1.0,0,0,
ISU_ILCC_NMC,ISU_ILCC_NMC/G53C1,0.7,fixed_shift,2,True,False,False,1.0,,2.0,2.0,,1.0,0,0.0,2,2,1.0,0,0,
ISU_ILCC_NMC,ISU_ILCC_NMC/G53C1,0.7,pchp_method,2,True,False,False,1.0,,2.0,2.0,,1.0,0,0.0,2,2,1.0,0,0,
ISU_ILCC_NMC,ISU_ILCC_NMC/G53C1,0.8,protected_state,2,True,False,False,1.0,,2.0,2.0,,1.0,0,0.0,2,2,1.0,0,0,
ISU_ILCC_NMC,ISU_ILCC_NMC/G53C1,0.8,fixed_shift,2,True,False,False,1.0,,2.0,2.0,,1.0,0,0.0,2,2,1.0,0,0,
ISU_ILCC_NMC,ISU_ILCC_NMC/G53C1,0.8,pchp_method,2,True,False,False,1.0,,2.0,2.0,,1.0,0,0.0,2,2,1.0,0,0,
ISU_ILCC_NMC,ISU_ILCC_NMC/G53C1,0.9,protected_state,2,True,False,False,1.0,,2.0,2.0,,1.0,0,0.0,2,2,1.0,0,0,
ISU_ILCC_NMC,ISU_ILCC_NMC/G53C1,0.9,fixed_shift,2,True,False,False,1.0,,2.0,2.0,,1.0,0,0.0,2,2,1.0,0,0,
ISU_ILCC_NMC,ISU_ILCC_NMC/G53C1,0.9,pchp_method,2,True,False,False,1.0,,2.0,2.0,,1.0,0,0.0,2,2,1.0,0,0,
ISU_ILCC_NMC,ISU_ILCC_NMC/G53C2,0.7,protected_state,3,True,False,False,2.0,,2.0,2.0,,1.0,0,0.0,2,2,1.0,1,0,0.0
ISU_ILCC_NMC,ISU_ILCC_NMC/G53C2,0.7,fixed_shift,3,True,False,False,2.0,,2.0,2.0,,1.0,0,0.0,2,2,1.0,1,0,0.0
ISU_ILCC_NMC,ISU_ILCC_NMC/G53C2,0.7,pchp_method,3,True,False,False,2.0,,2.0,2.0,,1.0,0,0.0,2,2,1.0,1,0,0.0
ISU_ILCC_NMC,ISU_ILCC_NMC/G53C2,0.8,protected_state,3,True,False,False,2.0,,2.0,2.0,,1.0,0,0.0,2,2,1.0,1,0,0.0
ISU_ILCC_NMC,ISU_ILCC_NMC/G53C2,0.8,fixed_shift,3,True,False,False,2.0,,2.0,2.0,,1.0,0,0.0,2,2,1.0,1,0,0.0
ISU_ILCC_NMC,ISU_ILCC_NMC/G53C2,0.8,pchp_method,3,True,False,False,2.0,,2.0,2.0,,1.0,0,0.0,2,2,1.0,1,0,0.0
ISU_ILCC_NMC,ISU_ILCC_NMC/G53C2,0.9,protected_state,3,True,False,False,1.0,,3.0,3.0,,1.0,0,0.0,3,3,1.0,0,0,
ISU_ILCC_NMC,ISU_ILCC_NMC/G53C2,0.9,fixed_shift,3,True,False,False,1.0,,3.0,3.0,,1.0,0,0.0,3,3,1.0,0,0,
ISU_ILCC_NMC,ISU_ILCC_NMC/G53C2,0.9,pchp_method,3,True,False,False,1.0,,3.0,3.0,,1.0,0,0.0,3,3,1.0,0,0,
ISU_ILCC_NMC,ISU_ILCC_NMC/G53C3,0.7,protected_state,3,True,False,False,2.0,,2.0,2.0,,1.0,0,0.0,2,2,1.0,1,0,0.0
ISU_ILCC_NMC,ISU_ILCC_NMC/G53C3,0.7,fixed_shift,3,True,False,False,2.0,,2.0,2.0,,1.0,0,0.0,2,2,1.0,1,0,0.0
ISU_ILCC_NMC,ISU_ILCC_NMC/G53C3,0.7,pchp_method,3,True,False,False,2.0,,2.0,2.0,,1.0,0,0.0,2,2,1.0,1,0,0.0
ISU_ILCC_NMC,ISU_ILCC_NMC/G53C3,0.8,protected_state,3,True,False,False,1.0,,3.0,3.0,,1.0,0,0.0,3,3,1.0,0,0,
ISU_ILCC_NMC,ISU_ILCC_NMC/G53C3,0.8,fixed_shift,3,True,False,False,1.0,,3.0,3.0,,1.0,0,0.0,3,3,1.0,0,0,
ISU_ILCC_NMC,ISU_ILCC_NMC/G53C3,0.8,pchp_method,3,True,False,False,1.0,,3.0,3.0,,1.0,0,0.0,3,3,1.0,0,0,
ISU_ILCC_NMC,ISU_ILCC_NMC/G53C3,0.9,protected_state,3,True,False,False,1.0,,3.0,3.0,,1.0,0,0.0,3,3,1.0,0,0,
ISU_ILCC_NMC,ISU_ILCC_NMC/G53C3,0.9,fixed_shift,3,True,False,False,1.0,,3.0,3.0,,1.0,0,0.0,3,3,1.0,0,0,
ISU_ILCC_NMC,ISU_ILCC_NMC/G53C3,0.9,pchp_method,3,True,False,False,1.0,,3.0,3.0,,1.0,0,0.0,3,3,1.0,0,0,
ISU_ILCC_NMC,ISU_ILCC_NMC/G53C4,0.7,protected_state,14,True,False,False,8.0,,7.0,7.0,,1.0,0,0.0,7,7,1.0,7,0,0.0
ISU_ILCC_NMC,ISU_ILCC_NMC/G53C4,0.7,fixed_shift,14,True,False,False,8.0,,7.0,7.0,,1.0,0,0.0,7,7,1.0,7,0,0.0
ISU_ILCC_NMC,ISU_ILCC_NMC/G53C4,0.7,pchp_method,14,True,False,False,8.0,,7.0,7.0,,1.0,0,0.0,7,7,1.0,7,0,0.0
ISU_ILCC_NMC,ISU_ILCC_NMC/G53C4,0.8,protected_state,14,True,False,False,7.0,,8.0,8.0,,1.0,0,0.0,8,8,1.0,6,0,0.0
ISU_ILCC_NMC,ISU_ILCC_NMC/G53C4,0.8,fixed_shift,14,True,False,False,7.0,,8.0,8.0,,1.0,0,0.0,8,8,1.0,6,0,0.0
ISU_ILCC_NMC,ISU_ILCC_NMC/G53C4,0.8,pchp_method,14,True,False,False,7.0,,8.0,8.0,,1.0,0,0.0,8,8,1.0,6,0,0.0
ISU_ILCC_NMC,ISU_ILCC_NMC/G53C4,0.9,protected_state,14,True,False,False,5.0,,10.0,10.0,,1.0,0,0.0,10,10,1.0,4,0,0.0
ISU_ILCC_NMC,ISU_ILCC_NMC/G53C4,0.9,fixed_shift,14,True,False,False,5.0,,10.0,10.0,,1.0,0,0.0,10,10,1.0,4,0,0.0
ISU_ILCC_NMC,ISU_ILCC_NMC/G53C4,0.9,pchp_method,14,True,False,False,5.0,,10.0,10.0,,1.0,0,0.0,10,10,1.0,4,0,0.0
ISU_ILCC_NMC,ISU_ILCC_NMC/G54C1,0.7,protected_state,25,True,False,False,20.0,,6.0,6.0,,1.0,0,0.0,6,6,1.0,19,0,0.0
ISU_ILCC_NMC,ISU_ILCC_NMC/G54C1,0.7,fixed_shift,25,True,False,False,20.0,,6.0,6.0,,1.0,0,0.0,6,6,1.0,19,0,0.0
ISU_ILCC_NMC,ISU_ILCC_NMC/G54C1,0.7,pchp_method,25,True,False,False,20.0,,6.0,6.0,,1.0,0,0.0,6,6,1.0,19,0,0.0
ISU_ILCC_NMC,ISU_ILCC_NMC/G54C1,0.8,protected_state,25,True,False,False,18.0,,8.0,8.0,,1.0,0,0.0,8,8,1.0,17,0,0.0
ISU_ILCC_NMC,ISU_ILCC_NMC/G54C1,0.8,fixed_shift,25,True,False,False,18.0,,8.0,8.0,,1.0,0,0.0,8,8,1.0,17,0,0.0
ISU_ILCC_NMC,ISU_ILCC_NMC/G54C1,0.8,pchp_method,25,True,False,False,18.0,,8.0,8.0,,1.0,0,0.0,8,8,1.0,17,0,0.0
ISU_ILCC_NMC,ISU_ILCC_NMC/G54C1,0.9,protected_state,25,True,False,False,12.0,,14.0,14.0,,1.0,0,0.0,14,14,1.0,11,0,0.0
ISU_ILCC_NMC,ISU_ILCC_NMC/G54C1,0.9,fixed_shift,25,True,False,False,12.0,,14.0,14.0,,1.0,0,0.0,14,14,1.0,11,0,0.0
ISU_ILCC_NMC,ISU_ILCC_NMC/G54C1,0.9,pchp_method,25,True,False,False,12.0,,14.0,14.0,,1.0,0,0.0,14,14,1.0,11,0,0.0
ISU_ILCC_NMC,ISU_ILCC_NMC/G54C2,0.7,protected_state,29,True,False,False,23.0,,7.0,7.0,,1.0,0,0.0,7,7,1.0,22,0,0.0
ISU_ILCC_NMC,ISU_ILCC_NMC/G54C2,0.7,fixed_shift,29,True,False,False,23.0,,7.0,7.0,,1.0,0,0.0,7,7,1.0,22,0,0.0
ISU_ILCC_NMC,ISU_ILCC_NMC/G54C2,0.7,pchp_method,29,True,False,False,23.0,,7.0,7.0,,1.0,0,0.0,7,7,1.0,22,0,0.0
ISU_ILCC_NMC,ISU_ILCC_NMC/G54C2,0.8,protected_state,29,True,False,False,20.0,,10.0,10.0,,1.0,0,0.0,10,10,1.0,19,0,0.0
ISU_ILCC_NMC,ISU_ILCC_NMC/G54C2,0.8,fixed_shift,29,True,False,False,20.0,,10.0,10.0,,1.0,0,0.0,10,10,1.0,19,0,0.0
ISU_ILCC_NMC,ISU_ILCC_NMC/G54C2,0.8,pchp_method,29,True,False,False,20.0,,10.0,10.0,,1.0,0,0.0,10,10,1.0,19,0,0.0
ISU_ILCC_NMC,ISU_ILCC_NMC/G54C2,0.9,protected_state,29,True,False,False,13.0,,17.0,17.0,,1.0,0,0.0,17,17,1.0,12,0,0.0
ISU_ILCC_NMC,ISU_ILCC_NMC/G54C2,0.9,fixed_shift,29,True,False,False,13.0,,17.0,17.0,,1.0,0,0.0,17,17,1.0,12,0,0.0
ISU_ILCC_NMC,ISU_ILCC_NMC/G54C2,0.9,pchp_method,29,True,False,False,13.0,,17.0,17.0,,1.0,0,0.0,17,17,1.0,12,0,0.0
ISU_ILCC_NMC,ISU_ILCC_NMC/G54C3,0.7,protected_state,27,True,False,False,23.0,,5.0,5.0,,1.0,0,0.0,5,5,1.0,22,0,0.0
ISU_ILCC_NMC,ISU_ILCC_NMC/G54C3,0.7,fixed_shift,27,True,False,False,23.0,,5.0,5.0,,1.0,0,0.0,5,5,1.0,22,0,0.0
ISU_ILCC_NMC,ISU_ILCC_NMC/G54C3,0.7,pchp_method,27,True,False,False,23.0,,5.0,5.0,,1.0,0,0.0,5,5,1.0,22,0,0.0
ISU_ILCC_NMC,ISU_ILCC_NMC/G54C3,0.8,protected_state,27,True,False,False,19.0,,9.0,9.0,,1.0,0,0.0,9,9,1.0,18,0,0.0
ISU_ILCC_NMC,ISU_ILCC_NMC/G54C3,0.8,fixed_shift,27,True,False,False,19.0,,9.0,9.0,,1.0,0,0.0,9,9,1.0,18,0,0.0
ISU_ILCC_NMC,ISU_ILCC_NMC/G54C3,0.8,pchp_method,27,True,False,False,19.0,,9.0,9.0,,1.0,0,0.0,9,9,1.0,18,0,0.0
ISU_ILCC_NMC,ISU_ILCC_NMC/G54C3,0.9,protected_state,27,True,False,False,13.0,,15.0,15.0,,1.0,0,0.0,15,15,1.0,12,0,0.0
ISU_ILCC_NMC,ISU_ILCC_NMC/G54C3,0.9,fixed_shift,27,True,False,False,13.0,,15.0,15.0,,1.0,0,0.0,15,15,1.0,12,0,0.0
ISU_ILCC_NMC,ISU_ILCC_NMC/G54C3,0.9,pchp_method,27,True,False,False,13.0,,15.0,15.0,,1.0,0,0.0,15,15,1.0,12,0,0.0
ISU_ILCC_NMC,ISU_ILCC_NMC/G54C4,0.7,protected_state,23,True,False,False,19.0,,5.0,5.0,,1.0,0,0.0,5,5,1.0,18,0,0.0
ISU_ILCC_NMC,ISU_ILCC_NMC/G54C4,0.7,fixed_shift,23,True,False,False,19.0,,5.0,5.0,,1.0,0,0.0,5,5,1.0,18,0,0.0
ISU_ILCC_NMC,ISU_ILCC_NMC/G54C4,0.7,pchp_method,23,True,False,False,19.0,,5.0,5.0,,1.0,0,0.0,5,5,1.0,18,0,0.0
ISU_ILCC_NMC,ISU_ILCC_NMC/G54C4,0.8,protected_state,23,True,False,False,16.0,,8.0,8.0,,1.0,0,0.0,8,8,1.0,15,0,0.0
ISU_ILCC_NMC,ISU_ILCC_NMC/G54C4,0.8,fixed_shift,23,True,False,False,16.0,,8.0,8.0,,1.0,0,0.0,8,8,1.0,15,0,0.0
ISU_ILCC_NMC,ISU_ILCC_NMC/G54C4,0.8,pchp_method,23,True,False,False,16.0,,8.0,8.0,,1.0,0,0.0,8,8,1.0,15,0,0.0
ISU_ILCC_NMC,ISU_ILCC_NMC/G54C4,0.9,protected_state,23,True,False,False,12.0,,12.0,12.0,,1.0,0,0.0,12,12,1.0,11,0,0.0
ISU_ILCC_NMC,ISU_ILCC_NMC/G54C4,0.9,fixed_shift,23,True,False,False,12.0,,12.0,12.0,,1.0,0,0.0,12,12,1.0,11,0,0.0
ISU_ILCC_NMC,ISU_ILCC_NMC/G54C4,0.9,pchp_method,23,True,False,False,12.0,,12.0,12.0,,1.0,0,0.0,12,12,1.0,11,0,0.0
ISU_ILCC_NMC,ISU_ILCC_NMC/G55C1,0.7,protected_state,16,True,False,False,9.0,,8.0,8.0,,1.0,0,0.0,8,8,1.0,8,0,0.0
ISU_ILCC_NMC,ISU_ILCC_NMC/G55C1,0.7,fixed_shift,16,True,False,False,9.0,,8.0,8.0,,1.0,0,0.0,8,8,1.0,8,0,0.0
ISU_ILCC_NMC,ISU_ILCC_NMC/G55C1,0.7,pchp_method,16,True,False,False,9.0,,8.0,8.0,,1.0,0,0.0,8,8,1.0,8,0,0.0
ISU_ILCC_NMC,ISU_ILCC_NMC/G55C1,0.8,protected_state,16,True,False,False,7.0,,10.0,10.0,,1.0,0,0.0,10,10,1.0,6,0,0.0
ISU_ILCC_NMC,ISU_ILCC_NMC/G55C1,0.8,fixed_shift,16,True,False,False,7.0,,10.0,10.0,,1.0,0,0.0,10,10,1.0,6,0,0.0
ISU_ILCC_NMC,ISU_ILCC_NMC/G55C1,0.8,pchp_method,16,True,False,False,7.0,,10.0,10.0,,1.0,0,0.0,10,10,1.0,6,0,0.0
ISU_ILCC_NMC,ISU_ILCC_NMC/G55C1,0.9,protected_state,16,True,False,False,5.0,,12.0,12.0,,1.0,0,0.0,12,12,1.0,4,0,0.0
ISU_ILCC_NMC,ISU_ILCC_NMC/G55C1,0.9,fixed_shift,16,True,False,False,5.0,,12.0,12.0,,1.0,0,0.0,12,12,1.0,4,0,0.0
ISU_ILCC_NMC,ISU_ILCC_NMC/G55C1,0.9,pchp_method,16,True,False,False,5.0,,12.0,12.0,,1.0,0,0.0,12,12,1.0,4,0,0.0
ISU_ILCC_NMC,ISU_ILCC_NMC/G55C2,0.7,protected_state,16,True,False,False,10.0,,7.0,7.0,,1.0,0,0.0,7,7,1.0,9,0,0.0
ISU_ILCC_NMC,ISU_ILCC_NMC/G55C2,0.7,fixed_shift,16,True,False,False,10.0,,7.0,7.0,,1.0,0,0.0,7,7,1.0,9,0,0.0
ISU_ILCC_NMC,ISU_ILCC_NMC/G55C2,0.7,pchp_method,16,True,False,False,10.0,,7.0,7.0,,1.0,0,0.0,7,7,1.0,9,0,0.0
ISU_ILCC_NMC,ISU_ILCC_NMC/G55C2,0.8,protected_state,16,True,False,False,7.0,,10.0,10.0,,1.0,0,0.0,10,10,1.0,6,0,0.0
ISU_ILCC_NMC,ISU_ILCC_NMC/G55C2,0.8,fixed_shift,16,True,False,False,7.0,,10.0,10.0,,1.0,0,0.0,10,10,1.0,6,0,0.0
ISU_ILCC_NMC,ISU_ILCC_NMC/G55C2,0.8,pchp_method,16,True,False,False,7.0,,10.0,10.0,,1.0,0,0.0,10,10,1.0,6,0,0.0
ISU_ILCC_NMC,ISU_ILCC_NMC/G55C2,0.9,protected_state,16,True,False,False,5.0,,12.0,12.0,,1.0,0,0.0,12,12,1.0,4,0,0.0
ISU_ILCC_NMC,ISU_ILCC_NMC/G55C2,0.9,fixed_shift,16,True,False,False,5.0,,12.0,12.0,,1.0,0,0.0,12,12,1.0,4,0,0.0
ISU_ILCC_NMC,ISU_ILCC_NMC/G55C2,0.9,pchp_method,16,True,False,False,5.0,,12.0,12.0,,1.0,0,0.0,12,12,1.0,4,0,0.0
ISU_ILCC_NMC,ISU_ILCC_NMC/G55C3,0.7,protected_state,14,True,False,False,9.0,,6.0,6.0,,1.0,0,0.0,6,6,1.0,8,0,0.0
ISU_ILCC_NMC,ISU_ILCC_NMC/G55C3,0.7,fixed_shift,14,True,False,False,9.0,,6.0,6.0,,1.0,0,0.0,6,6,1.0,8,0,0.0
ISU_ILCC_NMC,ISU_ILCC_NMC/G55C3,0.7,pchp_method,14,True,False,False,9.0,,6.0,6.0,,1.0,0,0.0,6,6,1.0,8,0,0.0
ISU_ILCC_NMC,ISU_ILCC_NMC/G55C3,0.8,protected_state,14,True,False,False,7.0,,8.0,8.0,,1.0,0,0.0,8,8,1.0,6,0,0.0
ISU_ILCC_NMC,ISU_ILCC_NMC/G55C3,0.8,fixed_shift,14,True,False,False,7.0,,8.0,8.0,,1.0,0,0.0,8,8,1.0,6,0,0.0
ISU_ILCC_NMC,ISU_ILCC_NMC/G55C3,0.8,pchp_method,14,True,False,False,7.0,,8.0,8.0,,1.0,0,0.0,8,8,1.0,6,0,0.0
ISU_ILCC_NMC,ISU_ILCC_NMC/G55C3,0.9,protected_state,14,True,False,False,3.0,,12.0,12.0,,1.0,0,0.0,12,12,1.0,2,0,0.0
ISU_ILCC_NMC,ISU_ILCC_NMC/G55C3,0.9,fixed_shift,14,True,False,False,3.0,,12.0,12.0,,1.0,0,0.0,12,12,1.0,2,0,0.0
ISU_ILCC_NMC,ISU_ILCC_NMC/G55C3,0.9,pchp_method,14,True,False,False,3.0,,12.0,12.0,,1.0,0,0.0,12,12,1.0,2,0,0.0
ISU_ILCC_NMC,ISU_ILCC_NMC/G55C4,0.7,protected_state,16,True,False,False,9.0,,8.0,8.0,,1.0,0,0.0,8,8,1.0,8,0,0.0
ISU_ILCC_NMC,ISU_ILCC_NMC/G55C4,0.7,fixed_shift,16,True,False,False,9.0,,8.0,8.0,,1.0,0,0.0,8,8,1.0,8,0,0.0
ISU_ILCC_NMC,ISU_ILCC_NMC/G55C4,0.7,pchp_method,16,True,False,False,9.0,,8.0,8.0,,1.0,0,0.0,8,8,1.0,8,0,0.0
ISU_ILCC_NMC,ISU_ILCC_NMC/G55C4,0.8,protected_state,16,True,False,False,7.0,,10.0,10.0,,1.0,0,0.0,10,10,1.0,6,0,0.0
ISU_ILCC_NMC,ISU_ILCC_NMC/G55C4,0.8,fixed_shift,16,True,False,False,7.0,,10.0,10.0,,1.0,0,0.0,10,10,1.0,6,0,0.0
ISU_ILCC_NMC,ISU_ILCC_NMC/G55C4,0.8,pchp_method,16,True,False,False,7.0,,10.0,10.0,,1.0,0,0.0,10,10,1.0,6,0,0.0
ISU_ILCC_NMC,ISU_ILCC_NMC/G55C4,0.9,protected_state,16,True,False,False,4.0,,13.0,13.0,,1.0,0,0.0,13,13,1.0,3,0,0.0
ISU_ILCC_NMC,ISU_ILCC_NMC/G55C4,0.9,fixed_shift,16,True,False,False,4.0,,13.0,13.0,,1.0,0,0.0,13,13,1.0,3,0,0.0
ISU_ILCC_NMC,ISU_ILCC_NMC/G55C4,0.9,pchp_method,16,True,False,False,4.0,,13.0,13.0,,1.0,0,0.0,13,13,1.0,3,0,0.0
ISU_ILCC_NMC,ISU_ILCC_NMC/G56C1,0.7,protected_state,27,True,False,False,19.0,,9.0,9.0,,1.0,0,0.0,9,9,1.0,18,0,0.0
ISU_ILCC_NMC,ISU_ILCC_NMC/G56C1,0.7,fixed_shift,27,True,False,False,19.0,,9.0,9.0,,1.0,0,0.0,9,9,1.0,18,0,0.0
ISU_ILCC_NMC,ISU_ILCC_NMC/G56C1,0.7,pchp_method,27,True,False,False,19.0,,9.0,9.0,,1.0,0,0.0,9,9,1.0,18,0,0.0
ISU_ILCC_NMC,ISU_ILCC_NMC/G56C1,0.8,protected_state,27,True,False,False,14.0,,14.0,14.0,,1.0,0,0.0,14,14,1.0,13,0,0.0
ISU_ILCC_NMC,ISU_ILCC_NMC/G56C1,0.8,fixed_shift,27,True,False,False,14.0,,14.0,14.0,,1.0,0,0.0,14,14,1.0,13,0,0.0
ISU_ILCC_NMC,ISU_ILCC_NMC/G56C1,0.8,pchp_method,27,True,False,False,14.0,,14.0,14.0,,1.0,0,0.0,14,14,1.0,13,0,0.0
ISU_ILCC_NMC,ISU_ILCC_NMC/G56C1,0.9,protected_state,27,True,False,False,8.0,,20.0,20.0,,1.0,0,0.0,20,20,1.0,7,0,0.0
ISU_ILCC_NMC,ISU_ILCC_NMC/G56C1,0.9,fixed_shift,27,True,False,False,8.0,,20.0,20.0,,1.0,0,0.0,20,20,1.0,7,0,0.0
ISU_ILCC_NMC,ISU_ILCC_NMC/G56C1,0.9,pchp_method,27,True,False,False,8.0,,20.0,20.0,,1.0,0,0.0,20,20,1.0,7,0,0.0
ISU_ILCC_NMC,ISU_ILCC_NMC/G56C2,0.7,protected_state,25,True,False,False,17.0,,9.0,9.0,,1.0,0,0.0,9,9,1.0,16,0,0.0
ISU_ILCC_NMC,ISU_ILCC_NMC/G56C2,0.7,fixed_shift,25,True,False,False,17.0,,9.0,9.0,,1.0,0,0.0,9,9,1.0,16,0,0.0
ISU_ILCC_NMC,ISU_ILCC_NMC/G56C2,0.7,pchp_method,25,True,False,False,17.0,,9.0,9.0,,1.0,0,0.0,9,9,1.0,16,0,0.0
ISU_ILCC_NMC,ISU_ILCC_NMC/G56C2,0.8,protected_state,25,True,False,False,12.0,,14.0,14.0,,1.0,0,0.0,14,14,1.0,11,0,0.0
ISU_ILCC_NMC,ISU_ILCC_NMC/G56C2,0.8,fixed_shift,25,True,False,False,12.0,,14.0,14.0,,1.0,0,0.0,14,14,1.0,11,0,0.0
ISU_ILCC_NMC,ISU_ILCC_NMC/G56C2,0.8,pchp_method,25,True,False,False,12.0,,14.0,14.0,,1.0,0,0.0,14,14,1.0,11,0,0.0
ISU_ILCC_NMC,ISU_ILCC_NMC/G56C2,0.9,protected_state,25,True,False,False,6.0,,20.0,20.0,,1.0,0,0.0,20,20,1.0,5,0,0.0
ISU_ILCC_NMC,ISU_ILCC_NMC/G56C2,0.9,fixed_shift,25,True,False,False,6.0,,20.0,20.0,,1.0,0,0.0,20,20,1.0,5,0,0.0
ISU_ILCC_NMC,ISU_ILCC_NMC/G56C2,0.9,pchp_method,25,True,False,False,6.0,,20.0,20.0,,1.0,0,0.0,20,20,1.0,5,0,0.0
ISU_ILCC_NMC,ISU_ILCC_NMC/G56C3,0.7,protected_state,18,True,False,False,12.0,,7.0,7.0,,1.0,0,0.0,7,7,1.0,11,0,0.0
ISU_ILCC_NMC,ISU_ILCC_NMC/G56C3,0.7,fixed_shift,18,True,False,False,12.0,,7.0,7.0,,1.0,0,0.0,7,7,1.0,11,0,0.0
ISU_ILCC_NMC,ISU_ILCC_NMC/G56C3,0.7,pchp_method,18,True,False,False,12.0,,7.0,7.0,,1.0,0,0.0,7,7,1.0,11,0,0.0
ISU_ILCC_NMC,ISU_ILCC_NMC/G56C3,0.8,protected_state,18,True,False,False,9.0,,10.0,10.0,,1.0,0,0.0,10,10,1.0,8,0,0.0
ISU_ILCC_NMC,ISU_ILCC_NMC/G56C3,0.8,fixed_shift,18,True,False,False,9.0,,10.0,10.0,,1.0,0,0.0,10,10,1.0,8,0,0.0
ISU_ILCC_NMC,ISU_ILCC_NMC/G56C3,0.8,pchp_method,18,True,False,False,9.0,,10.0,10.0,,1.0,0,0.0,10,10,1.0,8,0,0.0
ISU_ILCC_NMC,ISU_ILCC_NMC/G56C3,0.9,protected_state,18,True,False,False,6.0,,13.0,13.0,,1.0,0,0.0,13,13,1.0,5,0,0.0
ISU_ILCC_NMC,ISU_ILCC_NMC/G56C3,0.9,fixed_shift,18,True,False,False,6.0,,13.0,13.0,,1.0,0,0.0,13,13,1.0,5,0,0.0
ISU_ILCC_NMC,ISU_ILCC_NMC/G56C3,0.9,pchp_method,18,True,False,False,6.0,,13.0,13.0,,1.0,0,0.0,13,13,1.0,5,0,0.0
ISU_ILCC_NMC,ISU_ILCC_NMC/G56C4,0.7,protected_state,23,True,False,False,16.0,,8.0,8.0,,1.0,0,0.0,8,8,1.0,15,0,0.0
ISU_ILCC_NMC,ISU_ILCC_NMC/G56C4,0.7,fixed_shift,23,True,False,False,16.0,,8.0,8.0,,1.0,0,0.0,8,8,1.0,15,0,0.0
ISU_ILCC_NMC,ISU_ILCC_NMC/G56C4,0.7,pchp_method,23,True,False,False,16.0,,8.0,8.0,,1.0,0,0.0,8,8,1.0,15,0,0.0
ISU_ILCC_NMC,ISU_ILCC_NMC/G56C4,0.8,protected_state,23,True,False,False,11.0,,13.0,13.0,,1.0,0,0.0,13,13,1.0,10,0,0.0
ISU_ILCC_NMC,ISU_ILCC_NMC/G56C4,0.8,fixed_shift,23,True,False,False,11.0,,13.0,13.0,,1.0,0,0.0,13,13,1.0,10,0,0.0
ISU_ILCC_NMC,ISU_ILCC_NMC/G56C4,0.8,pchp_method,23,True,False,False,11.0,,13.0,13.0,,1.0,0,0.0,13,13,1.0,10,0,0.0
ISU_ILCC_NMC,ISU_ILCC_NMC/G56C4,0.9,protected_state,23,True,False,False,7.0,,17.0,17.0,,1.0,0,0.0,17,17,1.0,6,0,0.0
ISU_ILCC_NMC,ISU_ILCC_NMC/G56C4,0.9,fixed_shift,23,True,False,False,7.0,,17.0,17.0,,1.0,0,0.0,17,17,1.0,6,0,0.0
ISU_ILCC_NMC,ISU_ILCC_NMC/G56C4,0.9,pchp_method,23,True,False,False,7.0,,17.0,17.0,,1.0,0,0.0,17,17,1.0,6,0,0.0
ISU_ILCC_NMC,ISU_ILCC_NMC/G57C1,0.7,protected_state,31,False,False,False,,,,,,,0,,0,0,,31,0,0.0
ISU_ILCC_NMC,ISU_ILCC_NMC/G57C1,0.7,fixed_shift,31,False,False,False,,,,,,,0,,0,0,,31,0,0.0
ISU_ILCC_NMC,ISU_ILCC_NMC/G57C1,0.7,pchp_method,31,False,False,False,,,,,,,0,,0,0,,31,0,0.0
ISU_ILCC_NMC,ISU_ILCC_NMC/G57C1,0.8,protected_state,31,True,False,False,27.0,,5.0,5.0,,1.0,0,0.0,5,5,1.0,26,0,0.0
ISU_ILCC_NMC,ISU_ILCC_NMC/G57C1,0.8,fixed_shift,31,True,False,False,27.0,,5.0,5.0,,1.0,0,0.0,5,5,1.0,26,0,0.0
ISU_ILCC_NMC,ISU_ILCC_NMC/G57C1,0.8,pchp_method,31,True,False,False,27.0,,5.0,5.0,,1.0,0,0.0,5,5,1.0,26,0,0.0
ISU_ILCC_NMC,ISU_ILCC_NMC/G57C1,0.9,protected_state,31,True,False,False,10.0,,22.0,22.0,,1.0,0,0.0,22,22,1.0,9,0,0.0
ISU_ILCC_NMC,ISU_ILCC_NMC/G57C1,0.9,fixed_shift,31,True,False,False,10.0,,22.0,22.0,,1.0,0,0.0,22,22,1.0,9,0,0.0
ISU_ILCC_NMC,ISU_ILCC_NMC/G57C1,0.9,pchp_method,31,True,False,False,10.0,,22.0,22.0,,1.0,0,0.0,22,22,1.0,9,0,0.0
ISU_ILCC_NMC,ISU_ILCC_NMC/G57C2,0.7,protected_state,31,False,False,False,,,,,,,0,,0,0,,31,0,0.0
ISU_ILCC_NMC,ISU_ILCC_NMC/G57C2,0.7,fixed_shift,31,False,False,False,,,,,,,0,,0,0,,31,0,0.0
ISU_ILCC_NMC,ISU_ILCC_NMC/G57C2,0.7,pchp_method,31,False,False,False,,,,,,,0,,0,0,,31,0,0.0
ISU_ILCC_NMC,ISU_ILCC_NMC/G57C2,0.8,protected_state,31,True,False,False,31.0,,1.0,1.0,,1.0,0,0.0,1,1,1.0,30,0,0.0
ISU_ILCC_NMC,ISU_ILCC_NMC/G57C2,0.8,fixed_shift,31,True,False,False,31.0,,1.0,1.0,,1.0,0,0.0,1,1,1.0,30,0,0.0
ISU_ILCC_NMC,ISU_ILCC_NMC/G57C2,0.8,pchp_method,31,True,False,False,31.0,,1.0,1.0,,1.0,0,0.0,1,1,1.0,30,0,0.0
ISU_ILCC_NMC,ISU_ILCC_NMC/G57C2,0.9,protected_state,31,True,False,False,16.0,,16.0,16.0,,1.0,0,0.0,16,16,1.0,15,0,0.0
ISU_ILCC_NMC,ISU_ILCC_NMC/G57C2,0.9,fixed_shift,31,True,False,False,16.0,,16.0,16.0,,1.0,0,0.0,16,16,1.0,15,0,0.0
ISU_ILCC_NMC,ISU_ILCC_NMC/G57C2,0.9,pchp_method,31,True,False,False,16.0,,16.0,16.0,,1.0,0,0.0,16,16,1.0,15,0,0.0
ISU_ILCC_NMC,ISU_ILCC_NMC/G57C3,0.7,protected_state,31,True,False,False,31.0,,1.0,1.0,,1.0,0,0.0,1,1,1.0,30,0,0.0
ISU_ILCC_NMC,ISU_ILCC_NMC/G57C3,0.7,fixed_shift,31,True,False,False,31.0,,1.0,1.0,,1.0,0,0.0,1,1,1.0,30,0,0.0
ISU_ILCC_NMC,ISU_ILCC_NMC/G57C3,0.7,pchp_method,31,True,False,False,31.0,,1.0,1.0,,1.0,0,0.0,1,1,1.0,30,0,0.0
ISU_ILCC_NMC,ISU_ILCC_NMC/G57C3,0.8,protected_state,31,True,False,False,22.0,,10.0,10.0,,1.0,0,0.0,10,10,1.0,21,0,0.0
ISU_ILCC_NMC,ISU_ILCC_NMC/G57C3,0.8,fixed_shift,31,True,False,False,22.0,,10.0,10.0,,1.0,0,0.0,10,10,1.0,21,0,0.0
ISU_ILCC_NMC,ISU_ILCC_NMC/G57C3,0.8,pchp_method,31,True,False,False,22.0,,10.0,10.0,,1.0,0,0.0,10,10,1.0,21,0,0.0
ISU_ILCC_NMC,ISU_ILCC_NMC/G57C3,0.9,protected_state,31,True,False,False,13.0,,19.0,19.0,,1.0,0,0.0,19,19,1.0,12,0,0.0
ISU_ILCC_NMC,ISU_ILCC_NMC/G57C3,0.9,fixed_shift,31,True,False,False,13.0,,19.0,19.0,,1.0,0,0.0,19,19,1.0,12,0,0.0
ISU_ILCC_NMC,ISU_ILCC_NMC/G57C3,0.9,pchp_method,31,True,False,False,13.0,,19.0,19.0,,1.0,0,0.0,19,19,1.0,12,0,0.0
ISU_ILCC_NMC,ISU_ILCC_NMC/G57C4,0.7,protected_state,31,False,False,False,,,,,,,0,,0,0,,31,0,0.0
ISU_ILCC_NMC,ISU_ILCC_NMC/G57C4,0.7,fixed_shift,31,False,False,False,,,,,,,0,,0,0,,31,0,0.0
ISU_ILCC_NMC,ISU_ILCC_NMC/G57C4,0.7,pchp_method,31,False,False,False,,,,,,,0,,0,0,,31,0,0.0
ISU_ILCC_NMC,ISU_ILCC_NMC/G57C4,0.8,protected_state,31,True,False,False,24.0,,8.0,8.0,,1.0,0,0.0,8,8,1.0,23,0,0.0
ISU_ILCC_NMC,ISU_ILCC_NMC/G57C4,0.8,fixed_shift,31,True,False,False,24.0,,8.0,8.0,,1.0,0,0.0,8,8,1.0,23,0,0.0
ISU_ILCC_NMC,ISU_ILCC_NMC/G57C4,0.8,pchp_method,31,True,False,False,24.0,,8.0,8.0,,1.0,0,0.0,8,8,1.0,23,0,0.0
ISU_ILCC_NMC,ISU_ILCC_NMC/G57C4,0.9,protected_state,31,True,False,False,15.0,,17.0,17.0,,1.0,0,0.0,17,17,1.0,14,0,0.0
ISU_ILCC_NMC,ISU_ILCC_NMC/G57C4,0.9,fixed_shift,31,True,False,False,15.0,,17.0,17.0,,1.0,0,0.0,17,17,1.0,14,0,0.0
ISU_ILCC_NMC,ISU_ILCC_NMC/G57C4,0.9,pchp_method,31,True,False,False,15.0,,17.0,17.0,,1.0,0,0.0,17,17,1.0,14,0,0.0
ISU_ILCC_NMC,ISU_ILCC_NMC/G58C1,0.7,protected_state,31,True,False,False,23.0,,9.0,9.0,,1.0,0,0.0,9,9,1.0,22,0,0.0
ISU_ILCC_NMC,ISU_ILCC_NMC/G58C1,0.7,fixed_shift,31,True,False,False,23.0,,9.0,9.0,,1.0,0,0.0,9,9,1.0,22,0,0.0
ISU_ILCC_NMC,ISU_ILCC_NMC/G58C1,0.7,pchp_method,31,True,False,False,23.0,,9.0,9.0,,1.0,0,0.0,9,9,1.0,22,0,0.0
ISU_ILCC_NMC,ISU_ILCC_NMC/G58C1,0.8,protected_state,31,True,False,False,17.0,,15.0,15.0,,1.0,0,0.0,15,15,1.0,16,0,0.0
ISU_ILCC_NMC,ISU_ILCC_NMC/G58C1,0.8,fixed_shift,31,True,False,False,17.0,,15.0,15.0,,1.0,0,0.0,15,15,1.0,16,0,0.0
ISU_ILCC_NMC,ISU_ILCC_NMC/G58C1,0.8,pchp_method,31,True,False,False,17.0,,15.0,15.0,,1.0,0,0.0,15,15,1.0,16,0,0.0
ISU_ILCC_NMC,ISU_ILCC_NMC/G58C1,0.9,protected_state,31,True,False,False,10.0,,22.0,22.0,,1.0,0,0.0,22,22,1.0,9,0,0.0
ISU_ILCC_NMC,ISU_ILCC_NMC/G58C1,0.9,fixed_shift,31,True,False,False,10.0,,22.0,22.0,,1.0,0,0.0,22,22,1.0,9,0,0.0
ISU_ILCC_NMC,ISU_ILCC_NMC/G58C1,0.9,pchp_method,31,True,False,False,10.0,,22.0,22.0,,1.0,0,0.0,22,22,1.0,9,0,0.0
ISU_ILCC_NMC,ISU_ILCC_NMC/G58C2,0.7,protected_state,21,True,False,False,12.0,,10.0,10.0,,1.0,0,0.0,10,10,1.0,11,0,0.0
ISU_ILCC_NMC,ISU_ILCC_NMC/G58C2,0.7,fixed_shift,21,True,False,False,12.0,,10.0,10.0,,1.0,0,0.0,10,10,1.0,11,0,0.0
ISU_ILCC_NMC,ISU_ILCC_NMC/G58C2,0.7,pchp_method,21,True,False,False,12.0,,10.0,10.0,,1.0,0,0.0,10,10,1.0,11,0,0.0
ISU_ILCC_NMC,ISU_ILCC_NMC/G58C2,0.8,protected_state,21,True,False,False,9.0,,13.0,13.0,,1.0,0,0.0,13,13,1.0,8,0,0.0
ISU_ILCC_NMC,ISU_ILCC_NMC/G58C2,0.8,fixed_shift,21,True,False,False,9.0,,13.0,13.0,,1.0,0,0.0,13,13,1.0,8,0,0.0
ISU_ILCC_NMC,ISU_ILCC_NMC/G58C2,0.8,pchp_method,21,True,False,False,9.0,,13.0,13.0,,1.0,0,0.0,13,13,1.0,8,0,0.0
ISU_ILCC_NMC,ISU_ILCC_NMC/G58C2,0.9,protected_state,21,True,False,False,5.0,,17.0,17.0,,1.0,0,0.0,17,17,1.0,4,0,0.0
ISU_ILCC_NMC,ISU_ILCC_NMC/G58C2,0.9,fixed_shift,21,True,False,False,5.0,,17.0,17.0,,1.0,0,0.0,17,17,1.0,4,0,0.0
ISU_ILCC_NMC,ISU_ILCC_NMC/G58C2,0.9,pchp_method,21,True,False,False,5.0,,17.0,17.0,,1.0,0,0.0,17,17,1.0,4,0,0.0
ISU_ILCC_NMC,ISU_ILCC_NMC/G58C3,0.7,protected_state,25,True,False,False,15.0,,11.0,11.0,,1.0,0,0.0,11,11,1.0,14,0,0.0
ISU_ILCC_NMC,ISU_ILCC_NMC/G58C3,0.7,fixed_shift,25,True,False,False,15.0,,11.0,11.0,,1.0,0,0.0,11,11,1.0,14,0,0.0
ISU_ILCC_NMC,ISU_ILCC_NMC/G58C3,0.7,pchp_method,25,True,False,False,15.0,,11.0,11.0,,1.0,0,0.0,11,11,1.0,14,0,0.0
ISU_ILCC_NMC,ISU_ILCC_NMC/G58C3,0.8,protected_state,25,True,False,False,11.0,,15.0,15.0,,1.0,0,0.0,15,15,1.0,10,0,0.0
ISU_ILCC_NMC,ISU_ILCC_NMC/G58C3,0.8,fixed_shift,25,True,False,False,11.0,,15.0,15.0,,1.0,0,0.0,15,15,1.0,10,0,0.0
ISU_ILCC_NMC,ISU_ILCC_NMC/G58C3,0.8,pchp_method,25,True,False,False,11.0,,15.0,15.0,,1.0,0,0.0,15,15,1.0,10,0,0.0
ISU_ILCC_NMC,ISU_ILCC_NMC/G58C3,0.9,protected_state,25,True,False,False,6.0,,20.0,20.0,,1.0,0,0.0,20,20,1.0,5,0,0.0
ISU_ILCC_NMC,ISU_ILCC_NMC/G58C3,0.9,fixed_shift,25,True,False,False,6.0,,20.0,20.0,,1.0,0,0.0,20,20,1.0,5,0,0.0
ISU_ILCC_NMC,ISU_ILCC_NMC/G58C3,0.9,pchp_method,25,True,False,False,6.0,,20.0,20.0,,1.0,0,0.0,20,20,1.0,5,0,0.0
ISU_ILCC_NMC,ISU_ILCC_NMC/G58C4,0.7,protected_state,25,True,False,False,17.0,,9.0,9.0,,1.0,0,0.0,9,9,1.0,16,0,0.0
ISU_ILCC_NMC,ISU_ILCC_NMC/G58C4,0.7,fixed_shift,25,True,False,False,17.0,,9.0,9.0,,1.0,0,0.0,9,9,1.0,16,0,0.0
ISU_ILCC_NMC,ISU_ILCC_NMC/G58C4,0.7,pchp_method,25,True,False,False,17.0,,9.0,9.0,,1.0,0,0.0,9,9,1.0,16,0,0.0
ISU_ILCC_NMC,ISU_ILCC_NMC/G58C4,0.8,protected_state,25,True,False,False,13.0,,13.0,13.0,,1.0,0,0.0,13,13,1.0,12,0,0.0
ISU_ILCC_NMC,ISU_ILCC_NMC/G58C4,0.8,fixed_shift,25,True,False,False,13.0,,13.0,13.0,,1.0,0,0.0,13,13,1.0,12,0,0.0
ISU_ILCC_NMC,ISU_ILCC_NMC/G58C4,0.8,pchp_method,25,True,False,False,13.0,,13.0,13.0,,1.0,0,0.0,13,13,1.0,12,0,0.0
ISU_ILCC_NMC,ISU_ILCC_NMC/G58C4,0.9,protected_state,25,True,False,False,9.0,,17.0,17.0,,1.0,0,0.0,17,17,1.0,8,0,0.0
ISU_ILCC_NMC,ISU_ILCC_NMC/G58C4,0.9,fixed_shift,25,True,False,False,9.0,,17.0,17.0,,1.0,0,0.0,17,17,1.0,8,0,0.0
ISU_ILCC_NMC,ISU_ILCC_NMC/G58C4,0.9,pchp_method,25,True,False,False,9.0,,17.0,17.0,,1.0,0,0.0,17,17,1.0,8,0,0.0
ISU_ILCC_NMC,ISU_ILCC_NMC/G59C1,0.7,protected_state,29,True,False,False,24.0,,6.0,6.0,,1.0,0,0.0,6,6,1.0,23,0,0.0
ISU_ILCC_NMC,ISU_ILCC_NMC/G59C1,0.7,fixed_shift,29,True,False,False,24.0,,6.0,6.0,,1.0,0,0.0,6,6,1.0,23,0,0.0
ISU_ILCC_NMC,ISU_ILCC_NMC/G59C1,0.7,pchp_method,29,True,False,False,24.0,,6.0,6.0,,1.0,0,0.0,6,6,1.0,23,0,0.0
ISU_ILCC_NMC,ISU_ILCC_NMC/G59C1,0.8,protected_state,29,True,False,False,19.0,,11.0,11.0,,1.0,0,0.0,11,11,1.0,18,0,0.0
ISU_ILCC_NMC,ISU_ILCC_NMC/G59C1,0.8,fixed_shift,29,True,False,False,19.0,,11.0,11.0,,1.0,0,0.0,11,11,1.0,18,0,0.0
ISU_ILCC_NMC,ISU_ILCC_NMC/G59C1,0.8,pchp_method,29,True,False,False,19.0,,11.0,11.0,,1.0,0,0.0,11,11,1.0,18,0,0.0
ISU_ILCC_NMC,ISU_ILCC_NMC/G59C1,0.9,protected_state,29,True,False,False,10.0,,20.0,20.0,,1.0,0,0.0,20,20,1.0,9,0,0.0
ISU_ILCC_NMC,ISU_ILCC_NMC/G59C1,0.9,fixed_shift,29,True,False,False,10.0,,20.0,20.0,,1.0,0,0.0,20,20,1.0,9,0,0.0
ISU_ILCC_NMC,ISU_ILCC_NMC/G59C1,0.9,pchp_method,29,True,False,False,10.0,,20.0,20.0,,1.0,0,0.0,20,20,1.0,9,0,0.0
ISU_ILCC_NMC,ISU_ILCC_NMC/G59C2,0.7,protected_state,27,True,False,False,22.0,,6.0,6.0,,1.0,0,0.0,6,6,1.0,21,0,0.0
ISU_ILCC_NMC,ISU_ILCC_NMC/G59C2,0.7,fixed_shift,27,True,False,False,22.0,,6.0,6.0,,1.0,0,0.0,6,6,1.0,21,0,0.0
ISU_ILCC_NMC,ISU_ILCC_NMC/G59C2,0.7,pchp_method,27,True,False,False,22.0,,6.0,6.0,,1.0,0,0.0,6,6,1.0,21,0,0.0
ISU_ILCC_NMC,ISU_ILCC_NMC/G59C2,0.8,protected_state,27,True,False,False,18.0,,10.0,10.0,,1.0,0,0.0,10,10,1.0,17,0,0.0
ISU_ILCC_NMC,ISU_ILCC_NMC/G59C2,0.8,fixed_shift,27,True,False,False,18.0,,10.0,10.0,,1.0,0,0.0,10,10,1.0,17,0,0.0
ISU_ILCC_NMC,ISU_ILCC_NMC/G59C2,0.8,pchp_method,27,True,False,False,18.0,,10.0,10.0,,1.0,0,0.0,10,10,1.0,17,0,0.0
ISU_ILCC_NMC,ISU_ILCC_NMC/G59C2,0.9,protected_state,27,True,False,False,9.0,,19.0,19.0,,1.0,0,0.0,19,19,1.0,8,0,0.0
ISU_ILCC_NMC,ISU_ILCC_NMC/G59C2,0.9,fixed_shift,27,True,False,False,9.0,,19.0,19.0,,1.0,0,0.0,19,19,1.0,8,0,0.0
ISU_ILCC_NMC,ISU_ILCC_NMC/G59C2,0.9,pchp_method,27,True,False,False,9.0,,19.0,19.0,,1.0,0,0.0,19,19,1.0,8,0,0.0
ISU_ILCC_NMC,ISU_ILCC_NMC/G59C3,0.7,protected_state,21,True,False,False,17.0,,5.0,5.0,,1.0,0,0.0,5,5,1.0,16,0,0.0
ISU_ILCC_NMC,ISU_ILCC_NMC/G59C3,0.7,fixed_shift,21,True,False,False,17.0,,5.0,5.0,,1.0,0,0.0,5,5,1.0,16,0,0.0
ISU_ILCC_NMC,ISU_ILCC_NMC/G59C3,0.7,pchp_method,21,True,False,False,17.0,,5.0,5.0,,1.0,0,0.0,5,5,1.0,16,0,0.0
ISU_ILCC_NMC,ISU_ILCC_NMC/G59C3,0.8,protected_state,21,True,False,False,15.0,,7.0,7.0,,1.0,0,0.0,7,7,1.0,14,0,0.0
ISU_ILCC_NMC,ISU_ILCC_NMC/G59C3,0.8,fixed_shift,21,True,False,False,15.0,,7.0,7.0,,1.0,0,0.0,7,7,1.0,14,0,0.0
ISU_ILCC_NMC,ISU_ILCC_NMC/G59C3,0.8,pchp_method,21,True,False,False,15.0,,7.0,7.0,,1.0,0,0.0,7,7,1.0,14,0,0.0
ISU_ILCC_NMC,ISU_ILCC_NMC/G59C3,0.9,protected_state,21,True,False,False,9.0,,13.0,13.0,,1.0,0,0.0,13,13,1.0,8,0,0.0
ISU_ILCC_NMC,ISU_ILCC_NMC/G59C3,0.9,fixed_shift,21,True,False,False,9.0,,13.0,13.0,,1.0,0,0.0,13,13,1.0,8,0,0.0
ISU_ILCC_NMC,ISU_ILCC_NMC/G59C3,0.9,pchp_method,21,True,False,False,9.0,,13.0,13.0,,1.0,0,0.0,13,13,1.0,8,0,0.0
ISU_ILCC_NMC,ISU_ILCC_NMC/G59C4,0.7,protected_state,25,True,False,False,19.0,,7.0,7.0,,1.0,0,0.0,7,7,1.0,18,0,0.0
ISU_ILCC_NMC,ISU_ILCC_NMC/G59C4,0.7,fixed_shift,25,True,False,False,19.0,,7.0,7.0,,1.0,0,0.0,7,7,1.0,18,0,0.0
ISU_ILCC_NMC,ISU_ILCC_NMC/G59C4,0.7,pchp_method,25,True,False,False,19.0,,7.0,7.0,,1.0,0,0.0,7,7,1.0,18,0,0.0
ISU_ILCC_NMC,ISU_ILCC_NMC/G59C4,0.8,protected_state,25,True,False,False,15.0,,11.0,11.0,,1.0,0,0.0,11,11,1.0,14,0,0.0
ISU_ILCC_NMC,ISU_ILCC_NMC/G59C4,0.8,fixed_shift,25,True,False,False,15.0,,11.0,11.0,,1.0,0,0.0,11,11,1.0,14,0,0.0
ISU_ILCC_NMC,ISU_ILCC_NMC/G59C4,0.8,pchp_method,25,True,False,False,15.0,,11.0,11.0,,1.0,0,0.0,11,11,1.0,14,0,0.0
ISU_ILCC_NMC,ISU_ILCC_NMC/G59C4,0.9,protected_state,25,True,False,False,9.0,,17.0,17.0,,1.0,0,0.0,17,17,1.0,8,0,0.0
ISU_ILCC_NMC,ISU_ILCC_NMC/G59C4,0.9,fixed_shift,25,True,False,False,9.0,,17.0,17.0,,1.0,0,0.0,17,17,1.0,8,0,0.0
ISU_ILCC_NMC,ISU_ILCC_NMC/G59C4,0.9,pchp_method,25,True,False,False,9.0,,17.0,17.0,,1.0,0,0.0,17,17,1.0,8,0,0.0
ISU_ILCC_NMC,ISU_ILCC_NMC/G5C1,0.7,protected_state,9,True,False,False,8.0,,2.0,2.0,,1.0,0,0.0,2,2,1.0,7,0,0.0
ISU_ILCC_NMC,ISU_ILCC_NMC/G5C1,0.7,fixed_shift,9,True,False,False,8.0,,2.0,2.0,,1.0,0,0.0,2,2,1.0,7,0,0.0
ISU_ILCC_NMC,ISU_ILCC_NMC/G5C1,0.7,pchp_method,9,True,False,False,8.0,,2.0,2.0,,1.0,0,0.0,2,2,1.0,7,0,0.0
ISU_ILCC_NMC,ISU_ILCC_NMC/G5C1,0.8,protected_state,9,True,False,False,7.0,,3.0,3.0,,1.0,0,0.0,3,3,1.0,6,0,0.0
ISU_ILCC_NMC,ISU_ILCC_NMC/G5C1,0.8,fixed_shift,9,True,False,False,7.0,,3.0,3.0,,1.0,0,0.0,3,3,1.0,6,0,0.0
ISU_ILCC_NMC,ISU_ILCC_NMC/G5C1,0.8,pchp_method,9,True,False,False,7.0,,3.0,3.0,,1.0,0,0.0,3,3,1.0,6,0,0.0
ISU_ILCC_NMC,ISU_ILCC_NMC/G5C1,0.9,protected_state,9,True,False,False,5.0,,5.0,5.0,,1.0,0,0.0,5,5,1.0,4,0,0.0
ISU_ILCC_NMC,ISU_ILCC_NMC/G5C1,0.9,fixed_shift,9,True,False,False,5.0,,5.0,5.0,,1.0,0,0.0,5,5,1.0,4,0,0.0
ISU_ILCC_NMC,ISU_ILCC_NMC/G5C1,0.9,pchp_method,9,True,False,False,5.0,,5.0,5.0,,1.0,0,0.0,5,5,1.0,4,0,0.0
ISU_ILCC_NMC,ISU_ILCC_NMC/G5C2,0.7,protected_state,11,True,False,False,8.0,,4.0,4.0,,1.0,0,0.0,4,4,1.0,7,0,0.0
ISU_ILCC_NMC,ISU_ILCC_NMC/G5C2,0.7,fixed_shift,11,True,False,False,8.0,,4.0,4.0,,1.0,0,0.0,4,4,1.0,7,0,0.0
ISU_ILCC_NMC,ISU_ILCC_NMC/G5C2,0.7,pchp_method,11,True,False,False,8.0,,4.0,4.0,,1.0,0,0.0,4,4,1.0,7,0,0.0
ISU_ILCC_NMC,ISU_ILCC_NMC/G5C2,0.8,protected_state,11,True,False,False,8.0,,4.0,4.0,,1.0,0,0.0,4,4,1.0,7,0,0.0
ISU_ILCC_NMC,ISU_ILCC_NMC/G5C2,0.8,fixed_shift,11,True,False,False,8.0,,4.0,4.0,,1.0,0,0.0,4,4,1.0,7,0,0.0
ISU_ILCC_NMC,ISU_ILCC_NMC/G5C2,0.8,pchp_method,11,True,False,False,8.0,,4.0,4.0,,1.0,0,0.0,4,4,1.0,7,0,0.0
ISU_ILCC_NMC,ISU_ILCC_NMC/G5C2,0.9,protected_state,11,True,False,False,5.0,,7.0,7.0,,1.0,0,0.0,7,7,1.0,4,0,0.0
ISU_ILCC_NMC,ISU_ILCC_NMC/G5C2,0.9,fixed_shift,11,True,False,False,5.0,,7.0,7.0,,1.0,0,0.0,7,7,1.0,4,0,0.0
ISU_ILCC_NMC,ISU_ILCC_NMC/G5C2,0.9,pchp_method,11,True,False,False,5.0,,7.0,7.0,,1.0,0,0.0,7,7,1.0,4,0,0.0
ISU_ILCC_NMC,ISU_ILCC_NMC/G5C3,0.7,protected_state,11,True,False,False,11.0,,1.0,1.0,,1.0,0,0.0,1,1,1.0,10,0,0.0
ISU_ILCC_NMC,ISU_ILCC_NMC/G5C3,0.7,fixed_shift,11,True,False,False,11.0,,1.0,1.0,,1.0,0,0.0,1,1,1.0,10,0,0.0
ISU_ILCC_NMC,ISU_ILCC_NMC/G5C3,0.7,pchp_method,11,True,False,False,11.0,,1.0,1.0,,1.0,0,0.0,1,1,1.0,10,0,0.0
ISU_ILCC_NMC,ISU_ILCC_NMC/G5C3,0.8,protected_state,11,True,False,False,10.0,,2.0,2.0,,1.0,0,0.0,2,2,1.0,9,0,0.0
ISU_ILCC_NMC,ISU_ILCC_NMC/G5C3,0.8,fixed_shift,11,True,False,False,10.0,,2.0,2.0,,1.0,0,0.0,2,2,1.0,9,0,0.0
ISU_ILCC_NMC,ISU_ILCC_NMC/G5C3,0.8,pchp_method,11,True,False,False,10.0,,2.0,2.0,,1.0,0,0.0,2,2,1.0,9,0,0.0
ISU_ILCC_NMC,ISU_ILCC_NMC/G5C3,0.9,protected_state,11,True,False,False,5.0,,7.0,7.0,,1.0,0,0.0,7,7,1.0,4,0,0.0
ISU_ILCC_NMC,ISU_ILCC_NMC/G5C3,0.9,fixed_shift,11,True,False,False,5.0,,7.0,7.0,,1.0,0,0.0,7,7,1.0,4,0,0.0
ISU_ILCC_NMC,ISU_ILCC_NMC/G5C3,0.9,pchp_method,11,True,False,False,5.0,,7.0,7.0,,1.0,0,0.0,7,7,1.0,4,0,0.0
ISU_ILCC_NMC,ISU_ILCC_NMC/G5C4,0.7,protected_state,5,True,False,False,4.0,,2.0,2.0,,1.0,0,0.0,2,2,1.0,3,0,0.0
ISU_ILCC_NMC,ISU_ILCC_NMC/G5C4,0.7,fixed_shift,5,True,False,False,4.0,,2.0,2.0,,1.0,0,0.0,2,2,1.0,3,0,0.0
ISU_ILCC_NMC,ISU_ILCC_NMC/G5C4,0.7,pchp_method,5,True,False,False,4.0,,2.0,2.0,,1.0,0,0.0,2,2,1.0,3,0,0.0
ISU_ILCC_NMC,ISU_ILCC_NMC/G5C4,0.8,protected_state,5,True,False,False,4.0,,2.0,2.0,,1.0,0,0.0,2,2,1.0,3,0,0.0
ISU_ILCC_NMC,ISU_ILCC_NMC/G5C4,0.8,fixed_shift,5,True,False,False,4.0,,2.0,2.0,,1.0,0,0.0,2,2,1.0,3,0,0.0
ISU_ILCC_NMC,ISU_ILCC_NMC/G5C4,0.8,pchp_method,5,True,False,False,4.0,,2.0,2.0,,1.0,0,0.0,2,2,1.0,3,0,0.0
ISU_ILCC_NMC,ISU_ILCC_NMC/G5C4,0.9,protected_state,5,True,False,False,3.0,,3.0,3.0,,1.0,0,0.0,3,3,1.0,2,0,0.0
ISU_ILCC_NMC,ISU_ILCC_NMC/G5C4,0.9,fixed_shift,5,True,False,False,3.0,,3.0,3.0,,1.0,0,0.0,3,3,1.0,2,0,0.0
ISU_ILCC_NMC,ISU_ILCC_NMC/G5C4,0.9,pchp_method,5,True,False,False,3.0,,3.0,3.0,,1.0,0,0.0,3,3,1.0,2,0,0.0
ISU_ILCC_NMC,ISU_ILCC_NMC/G60C1,0.7,protected_state,15,True,False,False,9.0,,7.0,7.0,,1.0,0,0.0,7,7,1.0,8,0,0.0
ISU_ILCC_NMC,ISU_ILCC_NMC/G60C1,0.7,fixed_shift,15,True,False,False,9.0,,7.0,7.0,,1.0,0,0.0,7,7,1.0,8,0,0.0
ISU_ILCC_NMC,ISU_ILCC_NMC/G60C1,0.7,pchp_method,15,True,False,False,9.0,,7.0,7.0,,1.0,0,0.0,7,7,1.0,8,0,0.0
ISU_ILCC_NMC,ISU_ILCC_NMC/G60C1,0.8,protected_state,15,True,False,False,7.0,,9.0,9.0,,1.0,0,0.0,9,9,1.0,6,0,0.0
ISU_ILCC_NMC,ISU_ILCC_NMC/G60C1,0.8,fixed_shift,15,True,False,False,7.0,,9.0,9.0,,1.0,0,0.0,9,9,1.0,6,0,0.0
ISU_ILCC_NMC,ISU_ILCC_NMC/G60C1,0.8,pchp_method,15,True,False,False,7.0,,9.0,9.0,,1.0,0,0.0,9,9,1.0,6,0,0.0
ISU_ILCC_NMC,ISU_ILCC_NMC/G60C1,0.9,protected_state,15,True,False,False,4.0,,12.0,12.0,,1.0,0,0.0,12,12,1.0,3,0,0.0
ISU_ILCC_NMC,ISU_ILCC_NMC/G60C1,0.9,fixed_shift,15,True,False,False,4.0,,12.0,12.0,,1.0,0,0.0,12,12,1.0,3,0,0.0
ISU_ILCC_NMC,ISU_ILCC_NMC/G60C1,0.9,pchp_method,15,True,False,False,4.0,,12.0,12.0,,1.0,0,0.0,12,12,1.0,3,0,0.0
ISU_ILCC_NMC,ISU_ILCC_NMC/G60C2,0.7,protected_state,11,True,False,False,8.0,,4.0,4.0,,1.0,0,0.0,4,4,1.0,7,0,0.0
ISU_ILCC_NMC,ISU_ILCC_NMC/G60C2,0.7,fixed_shift,11,True,False,False,8.0,,4.0,4.0,,1.0,0,0.0,4,4,1.0,7,0,0.0
ISU_ILCC_NMC,ISU_ILCC_NMC/G60C2,0.7,pchp_method,11,True,False,False,8.0,,4.0,4.0,,1.0,0,0.0,4,4,1.0,7,0,0.0
ISU_ILCC_NMC,ISU_ILCC_NMC/G60C2,0.8,protected_state,11,True,False,False,6.0,,6.0,6.0,,1.0,0,0.0,6,6,1.0,5,0,0.0
ISU_ILCC_NMC,ISU_ILCC_NMC/G60C2,0.8,fixed_shift,11,True,False,False,6.0,,6.0,6.0,,1.0,0,0.0,6,6,1.0,5,0,0.0
ISU_ILCC_NMC,ISU_ILCC_NMC/G60C2,0.8,pchp_method,11,True,False,False,6.0,,6.0,6.0,,1.0,0,0.0,6,6,1.0,5,0,0.0
ISU_ILCC_NMC,ISU_ILCC_NMC/G60C2,0.9,protected_state,11,True,False,False,3.0,,9.0,9.0,,1.0,0,0.0,9,9,1.0,2,0,0.0
ISU_ILCC_NMC,ISU_ILCC_NMC/G60C2,0.9,fixed_shift,11,True,False,False,3.0,,9.0,9.0,,1.0,0,0.0,9,9,1.0,2,0,0.0
ISU_ILCC_NMC,ISU_ILCC_NMC/G60C2,0.9,pchp_method,11,True,False,False,3.0,,9.0,9.0,,1.0,0,0.0,9,9,1.0,2,0,0.0
ISU_ILCC_NMC,ISU_ILCC_NMC/G60C3,0.7,protected_state,10,True,False,False,5.0,,6.0,6.0,,1.0,0,0.0,6,6,1.0,4,0,0.0
ISU_ILCC_NMC,ISU_ILCC_NMC/G60C3,0.7,fixed_shift,10,True,False,False,5.0,,6.0,6.0,,1.0,0,0.0,6,6,1.0,4,0,0.0
ISU_ILCC_NMC,ISU_ILCC_NMC/G60C3,0.7,pchp_method,10,True,False,False,5.0,,6.0,6.0,,1.0,0,0.0,6,6,1.0,4,0,0.0
ISU_ILCC_NMC,ISU_ILCC_NMC/G60C3,0.8,protected_state,10,True,False,False,5.0,,6.0,6.0,,1.0,0,0.0,6,6,1.0,4,0,0.0
ISU_ILCC_NMC,ISU_ILCC_NMC/G60C3,0.8,fixed_shift,10,True,False,False,5.0,,6.0,6.0,,1.0,0,0.0,6,6,1.0,4,0,0.0
ISU_ILCC_NMC,ISU_ILCC_NMC/G60C3,0.8,pchp_method,10,True,False,False,5.0,,6.0,6.0,,1.0,0,0.0,6,6,1.0,4,0,0.0
ISU_ILCC_NMC,ISU_ILCC_NMC/G60C3,0.9,protected_state,10,True,False,False,2.0,,9.0,9.0,,1.0,0,0.0,9,9,1.0,1,0,0.0
ISU_ILCC_NMC,ISU_ILCC_NMC/G60C3,0.9,fixed_shift,10,True,False,False,2.0,,9.0,9.0,,1.0,0,0.0,9,9,1.0,1,0,0.0
ISU_ILCC_NMC,ISU_ILCC_NMC/G60C3,0.9,pchp_method,10,True,False,False,2.0,,9.0,9.0,,1.0,0,0.0,9,9,1.0,1,0,0.0
ISU_ILCC_NMC,ISU_ILCC_NMC/G60C4,0.7,protected_state,12,True,False,False,6.0,,7.0,7.0,,1.0,0,0.0,7,7,1.0,5,0,0.0
ISU_ILCC_NMC,ISU_ILCC_NMC/G60C4,0.7,fixed_shift,12,True,False,False,6.0,,7.0,7.0,,1.0,0,0.0,7,7,1.0,5,0,0.0
ISU_ILCC_NMC,ISU_ILCC_NMC/G60C4,0.7,pchp_method,12,True,False,False,6.0,,7.0,7.0,,1.0,0,0.0,7,7,1.0,5,0,0.0
ISU_ILCC_NMC,ISU_ILCC_NMC/G60C4,0.8,protected_state,12,True,False,False,5.0,,8.0,8.0,,1.0,0,0.0,8,8,1.0,4,0,0.0
ISU_ILCC_NMC,ISU_ILCC_NMC/G60C4,0.8,fixed_shift,12,True,False,False,5.0,,8.0,8.0,,1.0,0,0.0,8,8,1.0,4,0,0.0
ISU_ILCC_NMC,ISU_ILCC_NMC/G60C4,0.8,pchp_method,12,True,False,False,5.0,,8.0,8.0,,1.0,0,0.0,8,8,1.0,4,0,0.0
ISU_ILCC_NMC,ISU_ILCC_NMC/G60C4,0.9,protected_state,12,True,False,False,3.0,,10.0,10.0,,1.0,0,0.0,10,10,1.0,2,0,0.0
ISU_ILCC_NMC,ISU_ILCC_NMC/G60C4,0.9,fixed_shift,12,True,False,False,3.0,,10.0,10.0,,1.0,0,0.0,10,10,1.0,2,0,0.0
ISU_ILCC_NMC,ISU_ILCC_NMC/G60C4,0.9,pchp_method,12,True,False,False,3.0,,10.0,10.0,,1.0,0,0.0,10,10,1.0,2,0,0.0
ISU_ILCC_NMC,ISU_ILCC_NMC/G61C2,0.7,protected_state,15,True,False,False,11.0,,5.0,5.0,,1.0,0,0.0,5,5,1.0,10,0,0.0
ISU_ILCC_NMC,ISU_ILCC_NMC/G61C2,0.7,fixed_shift,15,True,False,False,11.0,,5.0,5.0,,1.0,0,0.0,5,5,1.0,10,0,0.0
ISU_ILCC_NMC,ISU_ILCC_NMC/G61C2,0.7,pchp_method,15,True,False,False,11.0,,5.0,5.0,,1.0,0,0.0,5,5,1.0,10,0,0.0
ISU_ILCC_NMC,ISU_ILCC_NMC/G61C2,0.8,protected_state,15,True,False,False,8.0,,8.0,8.0,,1.0,0,0.0,8,8,1.0,7,0,0.0
ISU_ILCC_NMC,ISU_ILCC_NMC/G61C2,0.8,fixed_shift,15,True,False,False,8.0,,8.0,8.0,,1.0,0,0.0,8,8,1.0,7,0,0.0
ISU_ILCC_NMC,ISU_ILCC_NMC/G61C2,0.8,pchp_method,15,True,False,False,8.0,,8.0,8.0,,1.0,0,0.0,8,8,1.0,7,0,0.0
ISU_ILCC_NMC,ISU_ILCC_NMC/G61C2,0.9,protected_state,15,True,False,False,4.0,,12.0,12.0,,1.0,0,0.0,12,12,1.0,3,0,0.0
ISU_ILCC_NMC,ISU_ILCC_NMC/G61C2,0.9,fixed_shift,15,True,False,False,4.0,,12.0,12.0,,1.0,0,0.0,12,12,1.0,3,0,0.0
ISU_ILCC_NMC,ISU_ILCC_NMC/G61C2,0.9,pchp_method,15,True,False,False,4.0,,12.0,12.0,,1.0,0,0.0,12,12,1.0,3,0,0.0
ISU_ILCC_NMC,ISU_ILCC_NMC/G61C3,0.7,protected_state,6,True,False,False,5.0,,2.0,2.0,,1.0,0,0.0,2,2,1.0,4,0,0.0
ISU_ILCC_NMC,ISU_ILCC_NMC/G61C3,0.7,fixed_shift,6,True,False,False,5.0,,2.0,2.0,,1.0,0,0.0,2,2,1.0,4,0,0.0
ISU_ILCC_NMC,ISU_ILCC_NMC/G61C3,0.7,pchp_method,6,True,False,False,5.0,,2.0,2.0,,1.0,0,0.0,2,2,1.0,4,0,0.0
ISU_ILCC_NMC,ISU_ILCC_NMC/G61C3,0.8,protected_state,6,True,False,False,4.0,,3.0,3.0,,1.0,0,0.0,3,3,1.0,3,0,0.0
ISU_ILCC_NMC,ISU_ILCC_NMC/G61C3,0.8,fixed_shift,6,True,False,False,4.0,,3.0,3.0,,1.0,0,0.0,3,3,1.0,3,0,0.0
ISU_ILCC_NMC,ISU_ILCC_NMC/G61C3,0.8,pchp_method,6,True,False,False,4.0,,3.0,3.0,,1.0,0,0.0,3,3,1.0,3,0,0.0
ISU_ILCC_NMC,ISU_ILCC_NMC/G61C3,0.9,protected_state,6,True,False,False,2.0,,5.0,5.0,,1.0,0,0.0,5,5,1.0,1,0,0.0
ISU_ILCC_NMC,ISU_ILCC_NMC/G61C3,0.9,fixed_shift,6,True,False,False,2.0,,5.0,5.0,,1.0,0,0.0,5,5,1.0,1,0,0.0
ISU_ILCC_NMC,ISU_ILCC_NMC/G61C3,0.9,pchp_method,6,True,False,False,2.0,,5.0,5.0,,1.0,0,0.0,5,5,1.0,1,0,0.0
ISU_ILCC_NMC,ISU_ILCC_NMC/G61C4,0.7,protected_state,15,True,False,False,11.0,,5.0,5.0,,1.0,0,0.0,5,5,1.0,10,0,0.0
ISU_ILCC_NMC,ISU_ILCC_NMC/G61C4,0.7,fixed_shift,15,True,False,False,11.0,,5.0,5.0,,1.0,0,0.0,5,5,1.0,10,0,0.0
ISU_ILCC_NMC,ISU_ILCC_NMC/G61C4,0.7,pchp_method,15,True,False,False,11.0,,5.0,5.0,,1.0,0,0.0,5,5,1.0,10,0,0.0
ISU_ILCC_NMC,ISU_ILCC_NMC/G61C4,0.8,protected_state,15,True,False,False,8.0,,8.0,8.0,,1.0,0,0.0,8,8,1.0,7,0,0.0
ISU_ILCC_NMC,ISU_ILCC_NMC/G61C4,0.8,fixed_shift,15,True,False,False,8.0,,8.0,8.0,,1.0,0,0.0,8,8,1.0,7,0,0.0
ISU_ILCC_NMC,ISU_ILCC_NMC/G61C4,0.8,pchp_method,15,True,False,False,8.0,,8.0,8.0,,1.0,0,0.0,8,8,1.0,7,0,0.0
ISU_ILCC_NMC,ISU_ILCC_NMC/G61C4,0.9,protected_state,15,True,False,False,5.0,,11.0,11.0,,1.0,0,0.0,11,11,1.0,4,0,0.0
ISU_ILCC_NMC,ISU_ILCC_NMC/G61C4,0.9,fixed_shift,15,True,False,False,5.0,,11.0,11.0,,1.0,0,0.0,11,11,1.0,4,0,0.0
ISU_ILCC_NMC,ISU_ILCC_NMC/G61C4,0.9,pchp_method,15,True,False,False,5.0,,11.0,11.0,,1.0,0,0.0,11,11,1.0,4,0,0.0
ISU_ILCC_NMC,ISU_ILCC_NMC/G62C1,0.7,protected_state,16,True,False,False,13.0,,4.0,4.0,,1.0,0,0.0,4,4,1.0,12,0,0.0
ISU_ILCC_NMC,ISU_ILCC_NMC/G62C1,0.7,fixed_shift,16,True,False,False,13.0,,4.0,4.0,,1.0,0,0.0,4,4,1.0,12,0,0.0
ISU_ILCC_NMC,ISU_ILCC_NMC/G62C1,0.7,pchp_method,16,True,False,False,13.0,,4.0,4.0,,1.0,0,0.0,4,4,1.0,12,0,0.0
ISU_ILCC_NMC,ISU_ILCC_NMC/G62C1,0.8,protected_state,16,True,False,False,9.0,,8.0,8.0,,1.0,0,0.0,8,8,1.0,8,0,0.0
ISU_ILCC_NMC,ISU_ILCC_NMC/G62C1,0.8,fixed_shift,16,True,False,False,9.0,,8.0,8.0,,1.0,0,0.0,8,8,1.0,8,0,0.0
ISU_ILCC_NMC,ISU_ILCC_NMC/G62C1,0.8,pchp_method,16,True,False,False,9.0,,8.0,8.0,,1.0,0,0.0,8,8,1.0,8,0,0.0
ISU_ILCC_NMC,ISU_ILCC_NMC/G62C1,0.9,protected_state,16,True,False,False,4.0,,13.0,13.0,,1.0,0,0.0,13,13,1.0,3,0,0.0
ISU_ILCC_NMC,ISU_ILCC_NMC/G62C1,0.9,fixed_shift,16,True,False,False,4.0,,13.0,13.0,,1.0,0,0.0,13,13,1.0,3,0,0.0
ISU_ILCC_NMC,ISU_ILCC_NMC/G62C1,0.9,pchp_method,16,True,False,False,4.0,,13.0,13.0,,1.0,0,0.0,13,13,1.0,3,0,0.0
ISU_ILCC_NMC,ISU_ILCC_NMC/G62C2,0.7,protected_state,11,True,False,False,8.0,,4.0,4.0,,1.0,0,0.0,4,4,1.0,7,0,0.0
ISU_ILCC_NMC,ISU_ILCC_NMC/G62C2,0.7,fixed_shift,11,True,False,False,8.0,,4.0,4.0,,1.0,0,0.0,4,4,1.0,7,0,0.0
ISU_ILCC_NMC,ISU_ILCC_NMC/G62C2,0.7,pchp_method,11,True,False,False,8.0,,4.0,4.0,,1.0,0,0.0,4,4,1.0,7,0,0.0
ISU_ILCC_NMC,ISU_ILCC_NMC/G62C2,0.8,protected_state,11,True,False,False,6.0,,6.0,6.0,,1.0,0,0.0,6,6,1.0,5,0,0.0
ISU_ILCC_NMC,ISU_ILCC_NMC/G62C2,0.8,fixed_shift,11,True,False,False,6.0,,6.0,6.0,,1.0,0,0.0,6,6,1.0,5,0,0.0
ISU_ILCC_NMC,ISU_ILCC_NMC/G62C2,0.8,pchp_method,11,True,False,False,6.0,,6.0,6.0,,1.0,0,0.0,6,6,1.0,5,0,0.0
ISU_ILCC_NMC,ISU_ILCC_NMC/G62C2,0.9,protected_state,11,True,False,False,4.0,,8.0,8.0,,1.0,0,0.0,8,8,1.0,3,0,0.0
ISU_ILCC_NMC,ISU_ILCC_NMC/G62C2,0.9,fixed_shift,11,True,False,False,4.0,,8.0,8.0,,1.0,0,0.0,8,8,1.0,3,0,0.0
ISU_ILCC_NMC,ISU_ILCC_NMC/G62C2,0.9,pchp_method,11,True,False,False,4.0,,8.0,8.0,,1.0,0,0.0,8,8,1.0,3,0,0.0
ISU_ILCC_NMC,ISU_ILCC_NMC/G62C3,0.7,protected_state,13,True,False,False,9.0,,5.0,5.0,,1.0,0,0.0,5,5,1.0,8,0,0.0
ISU_ILCC_NMC,ISU_ILCC_NMC/G62C3,0.7,fixed_shift,13,True,False,False,9.0,,5.0,5.0,,1.0,0,0.0,5,5,1.0,8,0,0.0
ISU_ILCC_NMC,ISU_ILCC_NMC/G62C3,0.7,pchp_method,13,True,False,False,9.0,,5.0,5.0,,1.0,0,0.0,5,5,1.0,8,0,0.0
ISU_ILCC_NMC,ISU_ILCC_NMC/G62C3,0.8,protected_state,13,True,False,False,6.0,,8.0,8.0,,1.0,0,0.0,8,8,1.0,5,0,0.0
ISU_ILCC_NMC,ISU_ILCC_NMC/G62C3,0.8,fixed_shift,13,True,False,False,6.0,,8.0,8.0,,1.0,0,0.0,8,8,1.0,5,0,0.0
ISU_ILCC_NMC,ISU_ILCC_NMC/G62C3,0.8,pchp_method,13,True,False,False,6.0,,8.0,8.0,,1.0,0,0.0,8,8,1.0,5,0,0.0
ISU_ILCC_NMC,ISU_ILCC_NMC/G62C3,0.9,protected_state,13,True,False,False,3.0,,11.0,11.0,,1.0,0,0.0,11,11,1.0,2,0,0.0
ISU_ILCC_NMC,ISU_ILCC_NMC/G62C3,0.9,fixed_shift,13,True,False,False,3.0,,11.0,11.0,,1.0,0,0.0,11,11,1.0,2,0,0.0
ISU_ILCC_NMC,ISU_ILCC_NMC/G62C3,0.9,pchp_method,13,True,False,False,3.0,,11.0,11.0,,1.0,0,0.0,11,11,1.0,2,0,0.0
ISU_ILCC_NMC,ISU_ILCC_NMC/G62C4,0.7,protected_state,7,True,False,False,5.0,,3.0,3.0,,1.0,0,0.0,3,3,1.0,4,0,0.0
ISU_ILCC_NMC,ISU_ILCC_NMC/G62C4,0.7,fixed_shift,7,True,False,False,5.0,,3.0,3.0,,1.0,0,0.0,3,3,1.0,4,0,0.0
ISU_ILCC_NMC,ISU_ILCC_NMC/G62C4,0.7,pchp_method,7,True,False,False,5.0,,3.0,3.0,,1.0,0,0.0,3,3,1.0,4,0,0.0
ISU_ILCC_NMC,ISU_ILCC_NMC/G62C4,0.8,protected_state,7,True,False,False,3.0,,5.0,5.0,,1.0,0,0.0,5,5,1.0,2,0,0.0
ISU_ILCC_NMC,ISU_ILCC_NMC/G62C4,0.8,fixed_shift,7,True,False,False,3.0,,5.0,5.0,,1.0,0,0.0,5,5,1.0,2,0,0.0
ISU_ILCC_NMC,ISU_ILCC_NMC/G62C4,0.8,pchp_method,7,True,False,False,3.0,,5.0,5.0,,1.0,0,0.0,5,5,1.0,2,0,0.0
ISU_ILCC_NMC,ISU_ILCC_NMC/G62C4,0.9,protected_state,7,True,False,False,2.0,,6.0,6.0,,1.0,0,0.0,6,6,1.0,1,0,0.0
ISU_ILCC_NMC,ISU_ILCC_NMC/G62C4,0.9,fixed_shift,7,True,False,False,2.0,,6.0,6.0,,1.0,0,0.0,6,6,1.0,1,0,0.0
ISU_ILCC_NMC,ISU_ILCC_NMC/G62C4,0.9,pchp_method,7,True,False,False,2.0,,6.0,6.0,,1.0,0,0.0,6,6,1.0,1,0,0.0
ISU_ILCC_NMC,ISU_ILCC_NMC/G63C1,0.7,protected_state,7,True,False,False,6.0,,2.0,2.0,,1.0,0,0.0,2,2,1.0,5,0,0.0
ISU_ILCC_NMC,ISU_ILCC_NMC/G63C1,0.7,fixed_shift,7,True,False,False,6.0,,2.0,2.0,,1.0,0,0.0,2,2,1.0,5,0,0.0
ISU_ILCC_NMC,ISU_ILCC_NMC/G63C1,0.7,pchp_method,7,True,False,False,6.0,,2.0,2.0,,1.0,0,0.0,2,2,1.0,5,0,0.0
ISU_ILCC_NMC,ISU_ILCC_NMC/G63C1,0.8,protected_state,7,True,False,False,4.0,,4.0,4.0,,1.0,0,0.0,4,4,1.0,3,0,0.0
ISU_ILCC_NMC,ISU_ILCC_NMC/G63C1,0.8,fixed_shift,7,True,False,False,4.0,,4.0,4.0,,1.0,0,0.0,4,4,1.0,3,0,0.0
ISU_ILCC_NMC,ISU_ILCC_NMC/G63C1,0.8,pchp_method,7,True,False,False,4.0,,4.0,4.0,,1.0,0,0.0,4,4,1.0,3,0,0.0
ISU_ILCC_NMC,ISU_ILCC_NMC/G63C1,0.9,protected_state,7,True,False,False,2.0,,6.0,6.0,,1.0,0,0.0,6,6,1.0,1,0,0.0
ISU_ILCC_NMC,ISU_ILCC_NMC/G63C1,0.9,fixed_shift,7,True,False,False,2.0,,6.0,6.0,,1.0,0,0.0,6,6,1.0,1,0,0.0
ISU_ILCC_NMC,ISU_ILCC_NMC/G63C1,0.9,pchp_method,7,True,False,False,2.0,,6.0,6.0,,1.0,0,0.0,6,6,1.0,1,0,0.0
ISU_ILCC_NMC,ISU_ILCC_NMC/G63C2,0.7,protected_state,7,True,False,False,5.0,,3.0,3.0,,1.0,0,0.0,3,3,1.0,4,0,0.0
ISU_ILCC_NMC,ISU_ILCC_NMC/G63C2,0.7,fixed_shift,7,True,False,False,5.0,,3.0,3.0,,1.0,0,0.0,3,3,1.0,4,0,0.0
ISU_ILCC_NMC,ISU_ILCC_NMC/G63C2,0.7,pchp_method,7,True,False,False,5.0,,3.0,3.0,,1.0,0,0.0,3,3,1.0,4,0,0.0
ISU_ILCC_NMC,ISU_ILCC_NMC/G63C2,0.8,protected_state,7,True,False,False,4.0,,4.0,4.0,,1.0,0,0.0,4,4,1.0,3,0,0.0
ISU_ILCC_NMC,ISU_ILCC_NMC/G63C2,0.8,fixed_shift,7,True,False,False,4.0,,4.0,4.0,,1.0,0,0.0,4,4,1.0,3,0,0.0
ISU_ILCC_NMC,ISU_ILCC_NMC/G63C2,0.8,pchp_method,7,True,False,False,4.0,,4.0,4.0,,1.0,0,0.0,4,4,1.0,3,0,0.0
ISU_ILCC_NMC,ISU_ILCC_NMC/G63C2,0.9,protected_state,7,True,False,False,2.0,,6.0,6.0,,1.0,0,0.0,6,6,1.0,1,0,0.0
ISU_ILCC_NMC,ISU_ILCC_NMC/G63C2,0.9,fixed_shift,7,True,False,False,2.0,,6.0,6.0,,1.0,0,0.0,6,6,1.0,1,0,0.0
ISU_ILCC_NMC,ISU_ILCC_NMC/G63C2,0.9,pchp_method,7,True,False,False,2.0,,6.0,6.0,,1.0,0,0.0,6,6,1.0,1,0,0.0
ISU_ILCC_NMC,ISU_ILCC_NMC/G63C3,0.7,protected_state,13,True,False,False,10.0,,4.0,4.0,,1.0,0,0.0,4,4,1.0,9,0,0.0
ISU_ILCC_NMC,ISU_ILCC_NMC/G63C3,0.7,fixed_shift,13,True,False,False,10.0,,4.0,4.0,,1.0,0,0.0,4,4,1.0,9,0,0.0
ISU_ILCC_NMC,ISU_ILCC_NMC/G63C3,0.7,pchp_method,13,True,False,False,10.0,,4.0,4.0,,1.0,0,0.0,4,4,1.0,9,0,0.0
ISU_ILCC_NMC,ISU_ILCC_NMC/G63C3,0.8,protected_state,13,True,False,False,7.0,,7.0,7.0,,1.0,0,0.0,7,7,1.0,6,0,0.0
ISU_ILCC_NMC,ISU_ILCC_NMC/G63C3,0.8,fixed_shift,13,True,False,False,7.0,,7.0,7.0,,1.0,0,0.0,7,7,1.0,6,0,0.0
ISU_ILCC_NMC,ISU_ILCC_NMC/G63C3,0.8,pchp_method,13,True,False,False,7.0,,7.0,7.0,,1.0,0,0.0,7,7,1.0,6,0,0.0
ISU_ILCC_NMC,ISU_ILCC_NMC/G63C3,0.9,protected_state,13,True,False,False,4.0,,10.0,10.0,,1.0,0,0.0,10,10,1.0,3,0,0.0
ISU_ILCC_NMC,ISU_ILCC_NMC/G63C3,0.9,fixed_shift,13,True,False,False,4.0,,10.0,10.0,,1.0,0,0.0,10,10,1.0,3,0,0.0
ISU_ILCC_NMC,ISU_ILCC_NMC/G63C3,0.9,pchp_method,13,True,False,False,4.0,,10.0,10.0,,1.0,0,0.0,10,10,1.0,3,0,0.0
ISU_ILCC_NMC,ISU_ILCC_NMC/G63C4,0.7,protected_state,18,True,False,False,14.0,,5.0,5.0,,1.0,0,0.0,5,5,1.0,13,0,0.0
ISU_ILCC_NMC,ISU_ILCC_NMC/G63C4,0.7,fixed_shift,18,True,False,False,14.0,,5.0,5.0,,1.0,0,0.0,5,5,1.0,13,0,0.0
ISU_ILCC_NMC,ISU_ILCC_NMC/G63C4,0.7,pchp_method,18,True,False,False,14.0,,5.0,5.0,,1.0,0,0.0,5,5,1.0,13,0,0.0
ISU_ILCC_NMC,ISU_ILCC_NMC/G63C4,0.8,protected_state,18,True,False,False,10.0,,9.0,9.0,,1.0,0,0.0,9,9,1.0,9,0,0.0
ISU_ILCC_NMC,ISU_ILCC_NMC/G63C4,0.8,fixed_shift,18,True,False,False,10.0,,9.0,9.0,,1.0,0,0.0,9,9,1.0,9,0,0.0
ISU_ILCC_NMC,ISU_ILCC_NMC/G63C4,0.8,pchp_method,18,True,False,False,10.0,,9.0,9.0,,1.0,0,0.0,9,9,1.0,9,0,0.0
ISU_ILCC_NMC,ISU_ILCC_NMC/G63C4,0.9,protected_state,18,True,False,False,5.0,,14.0,14.0,,1.0,0,0.0,14,14,1.0,4,0,0.0
ISU_ILCC_NMC,ISU_ILCC_NMC/G63C4,0.9,fixed_shift,18,True,False,False,5.0,,14.0,14.0,,1.0,0,0.0,14,14,1.0,4,0,0.0
ISU_ILCC_NMC,ISU_ILCC_NMC/G63C4,0.9,pchp_method,18,True,False,False,5.0,,14.0,14.0,,1.0,0,0.0,14,14,1.0,4,0,0.0
ISU_ILCC_NMC,ISU_ILCC_NMC/G64C1,0.7,protected_state,6,True,False,False,4.0,,3.0,3.0,,1.0,0,0.0,3,3,1.0,3,0,0.0
ISU_ILCC_NMC,ISU_ILCC_NMC/G64C1,0.7,fixed_shift,6,True,False,False,4.0,,3.0,3.0,,1.0,0,0.0,3,3,1.0,3,0,0.0
ISU_ILCC_NMC,ISU_ILCC_NMC/G64C1,0.7,pchp_method,6,True,False,False,4.0,,3.0,3.0,,1.0,0,0.0,3,3,1.0,3,0,0.0
ISU_ILCC_NMC,ISU_ILCC_NMC/G64C1,0.8,protected_state,6,True,False,False,4.0,,3.0,3.0,,1.0,0,0.0,3,3,1.0,3,0,0.0
ISU_ILCC_NMC,ISU_ILCC_NMC/G64C1,0.8,fixed_shift,6,True,False,False,4.0,,3.0,3.0,,1.0,0,0.0,3,3,1.0,3,0,0.0
ISU_ILCC_NMC,ISU_ILCC_NMC/G64C1,0.8,pchp_method,6,True,False,False,4.0,,3.0,3.0,,1.0,0,0.0,3,3,1.0,3,0,0.0
ISU_ILCC_NMC,ISU_ILCC_NMC/G64C1,0.9,protected_state,6,True,False,False,3.0,,4.0,4.0,,1.0,0,0.0,4,4,1.0,2,0,0.0
ISU_ILCC_NMC,ISU_ILCC_NMC/G64C1,0.9,fixed_shift,6,True,False,False,3.0,,4.0,4.0,,1.0,0,0.0,4,4,1.0,2,0,0.0
ISU_ILCC_NMC,ISU_ILCC_NMC/G64C1,0.9,pchp_method,6,True,False,False,3.0,,4.0,4.0,,1.0,0,0.0,4,4,1.0,2,0,0.0
ISU_ILCC_NMC,ISU_ILCC_NMC/G64C2,0.7,protected_state,6,True,False,False,3.0,,4.0,4.0,,1.0,0,0.0,4,4,1.0,2,0,0.0
ISU_ILCC_NMC,ISU_ILCC_NMC/G64C2,0.7,fixed_shift,6,True,False,False,3.0,,4.0,4.0,,1.0,0,0.0,4,4,1.0,2,0,0.0
ISU_ILCC_NMC,ISU_ILCC_NMC/G64C2,0.7,pchp_method,6,True,False,False,3.0,,4.0,4.0,,1.0,0,0.0,4,4,1.0,2,0,0.0
ISU_ILCC_NMC,ISU_ILCC_NMC/G64C2,0.8,protected_state,6,True,False,False,3.0,,4.0,4.0,,1.0,0,0.0,4,4,1.0,2,0,0.0
ISU_ILCC_NMC,ISU_ILCC_NMC/G64C2,0.8,fixed_shift,6,True,False,False,3.0,,4.0,4.0,,1.0,0,0.0,4,4,1.0,2,0,0.0
ISU_ILCC_NMC,ISU_ILCC_NMC/G64C2,0.8,pchp_method,6,True,False,False,3.0,,4.0,4.0,,1.0,0,0.0,4,4,1.0,2,0,0.0
ISU_ILCC_NMC,ISU_ILCC_NMC/G64C2,0.9,protected_state,6,True,False,False,2.0,,5.0,5.0,,1.0,0,0.0,5,5,1.0,1,0,0.0
ISU_ILCC_NMC,ISU_ILCC_NMC/G64C2,0.9,fixed_shift,6,True,False,False,2.0,,5.0,5.0,,1.0,0,0.0,5,5,1.0,1,0,0.0
ISU_ILCC_NMC,ISU_ILCC_NMC/G64C2,0.9,pchp_method,6,True,False,False,2.0,,5.0,5.0,,1.0,0,0.0,5,5,1.0,1,0,0.0
ISU_ILCC_NMC,ISU_ILCC_NMC/G64C3,0.7,protected_state,6,True,False,False,5.0,,2.0,2.0,,1.0,0,0.0,2,2,1.0,4,0,0.0
ISU_ILCC_NMC,ISU_ILCC_NMC/G64C3,0.7,fixed_shift,6,True,False,False,5.0,,2.0,2.0,,1.0,0,0.0,2,2,1.0,4,0,0.0
ISU_ILCC_NMC,ISU_ILCC_NMC/G64C3,0.7,pchp_method,6,True,False,False,5.0,,2.0,2.0,,1.0,0,0.0,2,2,1.0,4,0,0.0
ISU_ILCC_NMC,ISU_ILCC_NMC/G64C3,0.8,protected_state,6,True,False,False,5.0,,2.0,2.0,,1.0,0,0.0,2,2,1.0,4,0,0.0
ISU_ILCC_NMC,ISU_ILCC_NMC/G64C3,0.8,fixed_shift,6,True,False,False,5.0,,2.0,2.0,,1.0,0,0.0,2,2,1.0,4,0,0.0
ISU_ILCC_NMC,ISU_ILCC_NMC/G64C3,0.8,pchp_method,6,True,False,False,5.0,,2.0,2.0,,1.0,0,0.0,2,2,1.0,4,0,0.0
ISU_ILCC_NMC,ISU_ILCC_NMC/G64C3,0.9,protected_state,6,True,False,False,2.0,,5.0,5.0,,1.0,0,0.0,5,5,1.0,1,0,0.0
ISU_ILCC_NMC,ISU_ILCC_NMC/G64C3,0.9,fixed_shift,6,True,False,False,2.0,,5.0,5.0,,1.0,0,0.0,5,5,1.0,1,0,0.0
ISU_ILCC_NMC,ISU_ILCC_NMC/G64C3,0.9,pchp_method,6,True,False,False,2.0,,5.0,5.0,,1.0,0,0.0,5,5,1.0,1,0,0.0
ISU_ILCC_NMC,ISU_ILCC_NMC/G64C4,0.7,protected_state,15,True,False,False,7.0,,9.0,9.0,,1.0,0,0.0,9,9,1.0,6,0,0.0
ISU_ILCC_NMC,ISU_ILCC_NMC/G64C4,0.7,fixed_shift,15,True,False,False,7.0,,9.0,9.0,,1.0,0,0.0,9,9,1.0,6,0,0.0
ISU_ILCC_NMC,ISU_ILCC_NMC/G64C4,0.7,pchp_method,15,True,False,False,7.0,,9.0,9.0,,1.0,0,0.0,9,9,1.0,6,0,0.0
ISU_ILCC_NMC,ISU_ILCC_NMC/G64C4,0.8,protected_state,15,True,False,False,6.0,,10.0,10.0,,1.0,0,0.0,10,10,1.0,5,0,0.0
ISU_ILCC_NMC,ISU_ILCC_NMC/G64C4,0.8,fixed_shift,15,True,False,False,6.0,,10.0,10.0,,1.0,0,0.0,10,10,1.0,5,0,0.0
ISU_ILCC_NMC,ISU_ILCC_NMC/G64C4,0.8,pchp_method,15,True,False,False,6.0,,10.0,10.0,,1.0,0,0.0,10,10,1.0,5,0,0.0
ISU_ILCC_NMC,ISU_ILCC_NMC/G64C4,0.9,protected_state,15,True,False,False,3.0,,13.0,13.0,,1.0,0,0.0,13,13,1.0,2,0,0.0
ISU_ILCC_NMC,ISU_ILCC_NMC/G64C4,0.9,fixed_shift,15,True,False,False,3.0,,13.0,13.0,,1.0,0,0.0,13,13,1.0,2,0,0.0
ISU_ILCC_NMC,ISU_ILCC_NMC/G64C4,0.9,pchp_method,15,True,False,False,3.0,,13.0,13.0,,1.0,0,0.0,13,13,1.0,2,0,0.0
ISU_ILCC_NMC,ISU_ILCC_NMC/G6C1,0.7,protected_state,31,True,False,False,28.0,,4.0,4.0,,1.0,0,0.0,4,4,1.0,27,0,0.0
ISU_ILCC_NMC,ISU_ILCC_NMC/G6C1,0.7,fixed_shift,31,True,False,False,28.0,,4.0,4.0,,1.0,0,0.0,4,4,1.0,27,0,0.0
ISU_ILCC_NMC,ISU_ILCC_NMC/G6C1,0.7,pchp_method,31,True,False,False,28.0,,4.0,4.0,,1.0,0,0.0,4,4,1.0,27,0,0.0
ISU_ILCC_NMC,ISU_ILCC_NMC/G6C1,0.8,protected_state,31,True,False,False,24.0,,8.0,8.0,,1.0,0,0.0,8,8,1.0,23,0,0.0
ISU_ILCC_NMC,ISU_ILCC_NMC/G6C1,0.8,fixed_shift,31,True,False,False,24.0,,8.0,8.0,,1.0,0,0.0,8,8,1.0,23,0,0.0
ISU_ILCC_NMC,ISU_ILCC_NMC/G6C1,0.8,pchp_method,31,True,False,False,24.0,,8.0,8.0,,1.0,0,0.0,8,8,1.0,23,0,0.0
ISU_ILCC_NMC,ISU_ILCC_NMC/G6C1,0.9,protected_state,31,True,False,False,14.0,,18.0,18.0,,1.0,0,0.0,18,18,1.0,13,0,0.0
ISU_ILCC_NMC,ISU_ILCC_NMC/G6C1,0.9,fixed_shift,31,True,False,False,14.0,,18.0,18.0,,1.0,0,0.0,18,18,1.0,13,0,0.0
ISU_ILCC_NMC,ISU_ILCC_NMC/G6C1,0.9,pchp_method,31,True,False,False,14.0,,18.0,18.0,,1.0,0,0.0,18,18,1.0,13,0,0.0
ISU_ILCC_NMC,ISU_ILCC_NMC/G6C2,0.7,protected_state,52,True,False,False,37.0,,16.0,16.0,,1.0,0,0.0,16,16,1.0,36,0,0.0
ISU_ILCC_NMC,ISU_ILCC_NMC/G6C2,0.7,fixed_shift,52,True,False,False,37.0,,16.0,16.0,,1.0,0,0.0,16,16,1.0,36,0,0.0
ISU_ILCC_NMC,ISU_ILCC_NMC/G6C2,0.7,pchp_method,52,True,False,False,37.0,,16.0,16.0,,1.0,0,0.0,16,16,1.0,36,0,0.0
ISU_ILCC_NMC,ISU_ILCC_NMC/G6C2,0.8,protected_state,52,True,False,False,29.0,,24.0,24.0,,1.0,0,0.0,24,24,1.0,28,0,0.0
ISU_ILCC_NMC,ISU_ILCC_NMC/G6C2,0.8,fixed_shift,52,True,False,False,29.0,,24.0,24.0,,1.0,0,0.0,24,24,1.0,28,0,0.0
ISU_ILCC_NMC,ISU_ILCC_NMC/G6C2,0.8,pchp_method,52,True,False,False,29.0,,24.0,24.0,,1.0,0,0.0,24,24,1.0,28,0,0.0
ISU_ILCC_NMC,ISU_ILCC_NMC/G6C2,0.9,protected_state,52,True,False,False,18.0,,35.0,35.0,,1.0,0,0.0,35,35,1.0,17,0,0.0
ISU_ILCC_NMC,ISU_ILCC_NMC/G6C2,0.9,fixed_shift,52,True,False,False,18.0,,35.0,35.0,,1.0,0,0.0,35,35,1.0,17,0,0.0
ISU_ILCC_NMC,ISU_ILCC_NMC/G6C2,0.9,pchp_method,52,True,False,False,18.0,,35.0,35.0,,1.0,0,0.0,35,35,1.0,17,0,0.0
ISU_ILCC_NMC,ISU_ILCC_NMC/G6C3,0.7,protected_state,75,True,False,False,47.0,,29.0,29.0,,1.0,0,0.0,29,29,1.0,46,0,0.0
ISU_ILCC_NMC,ISU_ILCC_NMC/G6C3,0.7,fixed_shift,75,True,False,False,47.0,,29.0,29.0,,1.0,0,0.0,29,29,1.0,46,0,0.0
ISU_ILCC_NMC,ISU_ILCC_NMC/G6C3,0.7,pchp_method,75,True,False,False,47.0,,29.0,29.0,,1.0,0,0.0,29,29,1.0,46,0,0.0
ISU_ILCC_NMC,ISU_ILCC_NMC/G6C3,0.8,protected_state,75,True,False,False,33.0,,43.0,43.0,,1.0,0,0.0,43,43,1.0,32,0,0.0
ISU_ILCC_NMC,ISU_ILCC_NMC/G6C3,0.8,fixed_shift,75,True,False,False,33.0,,43.0,43.0,,1.0,0,0.0,43,43,1.0,32,0,0.0
ISU_ILCC_NMC,ISU_ILCC_NMC/G6C3,0.8,pchp_method,75,True,False,False,33.0,,43.0,43.0,,1.0,0,0.0,43,43,1.0,32,0,0.0
ISU_ILCC_NMC,ISU_ILCC_NMC/G6C3,0.9,protected_state,75,True,True,True,20.0,72.0,52.0,52.0,432.2059259259259,1.0,0,0.0,56,52,0.9285714285714286,19,0,0.0
ISU_ILCC_NMC,ISU_ILCC_NMC/G6C3,0.9,fixed_shift,75,True,False,False,20.0,,56.0,56.0,,1.0,0,0.0,56,56,1.0,19,0,0.0
ISU_ILCC_NMC,ISU_ILCC_NMC/G6C3,0.9,pchp_method,75,True,False,False,20.0,,56.0,56.0,,1.0,0,0.0,56,56,1.0,19,0,0.0
ISU_ILCC_NMC,ISU_ILCC_NMC/G6C4,0.7,protected_state,52,True,False,False,32.0,,21.0,21.0,,1.0,0,0.0,21,21,1.0,31,0,0.0
ISU_ILCC_NMC,ISU_ILCC_NMC/G6C4,0.7,fixed_shift,52,True,False,False,32.0,,21.0,21.0,,1.0,0,0.0,21,21,1.0,31,0,0.0
ISU_ILCC_NMC,ISU_ILCC_NMC/G6C4,0.7,pchp_method,52,True,False,False,32.0,,21.0,21.0,,1.0,0,0.0,21,21,1.0,31,0,0.0
ISU_ILCC_NMC,ISU_ILCC_NMC/G6C4,0.8,protected_state,52,True,False,False,24.0,,29.0,29.0,,1.0,0,0.0,29,29,1.0,23,0,0.0
ISU_ILCC_NMC,ISU_ILCC_NMC/G6C4,0.8,fixed_shift,52,True,False,False,24.0,,29.0,29.0,,1.0,0,0.0,29,29,1.0,23,0,0.0
ISU_ILCC_NMC,ISU_ILCC_NMC/G6C4,0.8,pchp_method,52,True,False,False,24.0,,29.0,29.0,,1.0,0,0.0,29,29,1.0,23,0,0.0
ISU_ILCC_NMC,ISU_ILCC_NMC/G6C4,0.9,protected_state,52,True,False,False,15.0,,38.0,38.0,,1.0,0,0.0,38,38,1.0,14,0,0.0
ISU_ILCC_NMC,ISU_ILCC_NMC/G6C4,0.9,fixed_shift,52,True,False,False,15.0,,38.0,38.0,,1.0,0,0.0,38,38,1.0,14,0,0.0
ISU_ILCC_NMC,ISU_ILCC_NMC/G6C4,0.9,pchp_method,52,True,False,False,15.0,,38.0,38.0,,1.0,0,0.0,38,38,1.0,14,0,0.0
ISU_ILCC_NMC,ISU_ILCC_NMC/G7C1,0.7,protected_state,21,True,False,False,18.0,,4.0,4.0,,1.0,0,0.0,4,4,1.0,17,0,0.0
ISU_ILCC_NMC,ISU_ILCC_NMC/G7C1,0.7,fixed_shift,21,True,False,False,18.0,,4.0,4.0,,1.0,0,0.0,4,4,1.0,17,0,0.0
ISU_ILCC_NMC,ISU_ILCC_NMC/G7C1,0.7,pchp_method,21,True,False,False,18.0,,4.0,4.0,,1.0,0,0.0,4,4,1.0,17,0,0.0
ISU_ILCC_NMC,ISU_ILCC_NMC/G7C1,0.8,protected_state,21,True,False,False,13.0,,9.0,9.0,,1.0,0,0.0,9,9,1.0,12,0,0.0
ISU_ILCC_NMC,ISU_ILCC_NMC/G7C1,0.8,fixed_shift,21,True,False,False,13.0,,9.0,9.0,,1.0,0,0.0,9,9,1.0,12,0,0.0
ISU_ILCC_NMC,ISU_ILCC_NMC/G7C1,0.8,pchp_method,21,True,False,False,13.0,,9.0,9.0,,1.0,0,0.0,9,9,1.0,12,0,0.0
ISU_ILCC_NMC,ISU_ILCC_NMC/G7C1,0.9,protected_state,21,True,False,False,8.0,,14.0,14.0,,1.0,0,0.0,14,14,1.0,7,0,0.0
ISU_ILCC_NMC,ISU_ILCC_NMC/G7C1,0.9,fixed_shift,21,True,False,False,8.0,,14.0,14.0,,1.0,0,0.0,14,14,1.0,7,0,0.0
ISU_ILCC_NMC,ISU_ILCC_NMC/G7C1,0.9,pchp_method,21,True,False,False,8.0,,14.0,14.0,,1.0,0,0.0,14,14,1.0,7,0,0.0
ISU_ILCC_NMC,ISU_ILCC_NMC/G7C2,0.7,protected_state,19,True,False,False,17.0,,3.0,3.0,,1.0,0,0.0,3,3,1.0,16,0,0.0
ISU_ILCC_NMC,ISU_ILCC_NMC/G7C2,0.7,fixed_shift,19,True,False,False,17.0,,3.0,3.0,,1.0,0,0.0,3,3,1.0,16,0,0.0
ISU_ILCC_NMC,ISU_ILCC_NMC/G7C2,0.7,pchp_method,19,True,False,False,17.0,,3.0,3.0,,1.0,0,0.0,3,3,1.0,16,0,0.0
ISU_ILCC_NMC,ISU_ILCC_NMC/G7C2,0.8,protected_state,19,True,False,False,13.0,,7.0,7.0,,1.0,0,0.0,7,7,1.0,12,0,0.0
ISU_ILCC_NMC,ISU_ILCC_NMC/G7C2,0.8,fixed_shift,19,True,False,False,13.0,,7.0,7.0,,1.0,0,0.0,7,7,1.0,12,0,0.0
ISU_ILCC_NMC,ISU_ILCC_NMC/G7C2,0.8,pchp_method,19,True,False,False,13.0,,7.0,7.0,,1.0,0,0.0,7,7,1.0,12,0,0.0
ISU_ILCC_NMC,ISU_ILCC_NMC/G7C2,0.9,protected_state,19,True,False,False,8.0,,12.0,12.0,,1.0,0,0.0,12,12,1.0,7,0,0.0
ISU_ILCC_NMC,ISU_ILCC_NMC/G7C2,0.9,fixed_shift,19,True,False,False,8.0,,12.0,12.0,,1.0,0,0.0,12,12,1.0,7,0,0.0
ISU_ILCC_NMC,ISU_ILCC_NMC/G7C2,0.9,pchp_method,19,True,False,False,8.0,,12.0,12.0,,1.0,0,0.0,12,12,1.0,7,0,0.0
ISU_ILCC_NMC,ISU_ILCC_NMC/G7C3,0.7,protected_state,58,True,False,False,32.0,,27.0,27.0,,1.0,0,0.0,27,27,1.0,31,0,0.0
ISU_ILCC_NMC,ISU_ILCC_NMC/G7C3,0.7,fixed_shift,58,True,False,False,32.0,,27.0,27.0,,1.0,0,0.0,27,27,1.0,31,0,0.0
ISU_ILCC_NMC,ISU_ILCC_NMC/G7C3,0.7,pchp_method,58,True,False,False,32.0,,27.0,27.0,,1.0,0,0.0,27,27,1.0,31,0,0.0
ISU_ILCC_NMC,ISU_ILCC_NMC/G7C3,0.8,protected_state,58,True,False,False,23.0,,36.0,36.0,,1.0,0,0.0,36,36,1.0,22,0,0.0
ISU_ILCC_NMC,ISU_ILCC_NMC/G7C3,0.8,fixed_shift,58,True,False,False,23.0,,36.0,36.0,,1.0,0,0.0,36,36,1.0,22,0,0.0
ISU_ILCC_NMC,ISU_ILCC_NMC/G7C3,0.8,pchp_method,58,True,False,False,23.0,,36.0,36.0,,1.0,0,0.0,36,36,1.0,22,0,0.0
ISU_ILCC_NMC,ISU_ILCC_NMC/G7C3,0.9,protected_state,58,True,False,False,12.0,,47.0,47.0,,1.0,0,0.0,47,47,1.0,11,0,0.0
ISU_ILCC_NMC,ISU_ILCC_NMC/G7C3,0.9,fixed_shift,58,True,False,False,12.0,,47.0,47.0,,1.0,0,0.0,47,47,1.0,11,0,0.0
ISU_ILCC_NMC,ISU_ILCC_NMC/G7C3,0.9,pchp_method,58,True,False,False,12.0,,47.0,47.0,,1.0,0,0.0,47,47,1.0,11,0,0.0
ISU_ILCC_NMC,ISU_ILCC_NMC/G7C4,0.7,protected_state,25,True,False,False,22.0,,4.0,4.0,,1.0,0,0.0,4,4,1.0,21,0,0.0
ISU_ILCC_NMC,ISU_ILCC_NMC/G7C4,0.7,fixed_shift,25,True,False,False,22.0,,4.0,4.0,,1.0,0,0.0,4,4,1.0,21,0,0.0
ISU_ILCC_NMC,ISU_ILCC_NMC/G7C4,0.7,pchp_method,25,True,False,False,22.0,,4.0,4.0,,1.0,0,0.0,4,4,1.0,21,0,0.0
ISU_ILCC_NMC,ISU_ILCC_NMC/G7C4,0.8,protected_state,25,True,False,False,17.0,,9.0,9.0,,1.0,0,0.0,9,9,1.0,16,0,0.0
ISU_ILCC_NMC,ISU_ILCC_NMC/G7C4,0.8,fixed_shift,25,True,False,False,17.0,,9.0,9.0,,1.0,0,0.0,9,9,1.0,16,0,0.0
ISU_ILCC_NMC,ISU_ILCC_NMC/G7C4,0.8,pchp_method,25,True,False,False,17.0,,9.0,9.0,,1.0,0,0.0,9,9,1.0,16,0,0.0
ISU_ILCC_NMC,ISU_ILCC_NMC/G7C4,0.9,protected_state,25,True,False,False,10.0,,16.0,16.0,,1.0,0,0.0,16,16,1.0,9,0,0.0
ISU_ILCC_NMC,ISU_ILCC_NMC/G7C4,0.9,fixed_shift,25,True,False,False,10.0,,16.0,16.0,,1.0,0,0.0,16,16,1.0,9,0,0.0
ISU_ILCC_NMC,ISU_ILCC_NMC/G7C4,0.9,pchp_method,25,True,False,False,10.0,,16.0,16.0,,1.0,0,0.0,16,16,1.0,9,0,0.0
ISU_ILCC_NMC,ISU_ILCC_NMC/G8C1,0.7,protected_state,10,False,False,False,,,,,,,0,,0,0,,10,0,0.0
ISU_ILCC_NMC,ISU_ILCC_NMC/G8C1,0.7,fixed_shift,10,False,False,False,,,,,,,0,,0,0,,10,0,0.0
ISU_ILCC_NMC,ISU_ILCC_NMC/G8C1,0.7,pchp_method,10,False,False,False,,,,,,,0,,0,0,,10,0,0.0
ISU_ILCC_NMC,ISU_ILCC_NMC/G8C1,0.8,protected_state,10,True,False,False,7.0,,4.0,4.0,,1.0,0,0.0,4,4,1.0,6,0,0.0
ISU_ILCC_NMC,ISU_ILCC_NMC/G8C1,0.8,fixed_shift,10,True,False,False,7.0,,4.0,4.0,,1.0,0,0.0,4,4,1.0,6,0,0.0
ISU_ILCC_NMC,ISU_ILCC_NMC/G8C1,0.8,pchp_method,10,True,False,False,7.0,,4.0,4.0,,1.0,0,0.0,4,4,1.0,6,0,0.0
ISU_ILCC_NMC,ISU_ILCC_NMC/G8C1,0.9,protected_state,10,True,False,False,4.0,,7.0,7.0,,1.0,0,0.0,7,7,1.0,3,0,0.0
ISU_ILCC_NMC,ISU_ILCC_NMC/G8C1,0.9,fixed_shift,10,True,False,False,4.0,,7.0,7.0,,1.0,0,0.0,7,7,1.0,3,0,0.0
ISU_ILCC_NMC,ISU_ILCC_NMC/G8C1,0.9,pchp_method,10,True,False,False,4.0,,7.0,7.0,,1.0,0,0.0,7,7,1.0,3,0,0.0
ISU_ILCC_NMC,ISU_ILCC_NMC/G8C2,0.7,protected_state,12,False,False,False,,,,,,,0,,0,0,,12,0,0.0
ISU_ILCC_NMC,ISU_ILCC_NMC/G8C2,0.7,fixed_shift,12,False,False,False,,,,,,,0,,0,0,,12,0,0.0
ISU_ILCC_NMC,ISU_ILCC_NMC/G8C2,0.7,pchp_method,12,False,False,False,,,,,,,0,,0,0,,12,0,0.0
ISU_ILCC_NMC,ISU_ILCC_NMC/G8C2,0.8,protected_state,12,True,False,False,9.0,,4.0,4.0,,1.0,0,0.0,4,4,1.0,8,0,0.0
ISU_ILCC_NMC,ISU_ILCC_NMC/G8C2,0.8,fixed_shift,12,True,False,False,9.0,,4.0,4.0,,1.0,0,0.0,4,4,1.0,8,0,0.0
ISU_ILCC_NMC,ISU_ILCC_NMC/G8C2,0.8,pchp_method,12,True,False,False,9.0,,4.0,4.0,,1.0,0,0.0,4,4,1.0,8,0,0.0
ISU_ILCC_NMC,ISU_ILCC_NMC/G8C2,0.9,protected_state,12,True,False,False,5.0,,8.0,8.0,,1.0,0,0.0,8,8,1.0,4,0,0.0
ISU_ILCC_NMC,ISU_ILCC_NMC/G8C2,0.9,fixed_shift,12,True,False,False,5.0,,8.0,8.0,,1.0,0,0.0,8,8,1.0,4,0,0.0
ISU_ILCC_NMC,ISU_ILCC_NMC/G8C2,0.9,pchp_method,12,True,False,False,5.0,,8.0,8.0,,1.0,0,0.0,8,8,1.0,4,0,0.0
ISU_ILCC_NMC,ISU_ILCC_NMC/G8C3,0.7,protected_state,27,True,False,False,23.0,,5.0,5.0,,1.0,0,0.0,5,5,1.0,22,0,0.0
ISU_ILCC_NMC,ISU_ILCC_NMC/G8C3,0.7,fixed_shift,27,True,False,False,23.0,,5.0,5.0,,1.0,0,0.0,5,5,1.0,22,0,0.0
ISU_ILCC_NMC,ISU_ILCC_NMC/G8C3,0.7,pchp_method,27,True,False,False,23.0,,5.0,5.0,,1.0,0,0.0,5,5,1.0,22,0,0.0
ISU_ILCC_NMC,ISU_ILCC_NMC/G8C3,0.8,protected_state,27,True,False,False,14.0,,14.0,14.0,,1.0,0,0.0,14,14,1.0,13,0,0.0
ISU_ILCC_NMC,ISU_ILCC_NMC/G8C3,0.8,fixed_shift,27,True,False,False,14.0,,14.0,14.0,,1.0,0,0.0,14,14,1.0,13,0,0.0
ISU_ILCC_NMC,ISU_ILCC_NMC/G8C3,0.8,pchp_method,27,True,False,False,14.0,,14.0,14.0,,1.0,0,0.0,14,14,1.0,13,0,0.0
ISU_ILCC_NMC,ISU_ILCC_NMC/G8C3,0.9,protected_state,27,True,False,False,6.0,,22.0,22.0,,1.0,0,0.0,22,22,1.0,5,0,0.0
ISU_ILCC_NMC,ISU_ILCC_NMC/G8C3,0.9,fixed_shift,27,True,False,False,6.0,,22.0,22.0,,1.0,0,0.0,22,22,1.0,5,0,0.0
ISU_ILCC_NMC,ISU_ILCC_NMC/G8C3,0.9,pchp_method,27,True,False,False,6.0,,22.0,22.0,,1.0,0,0.0,22,22,1.0,5,0,0.0
ISU_ILCC_NMC,ISU_ILCC_NMC/G8C4,0.7,protected_state,23,True,False,False,21.0,,3.0,3.0,,1.0,0,0.0,3,3,1.0,20,0,0.0
ISU_ILCC_NMC,ISU_ILCC_NMC/G8C4,0.7,fixed_shift,23,True,False,False,21.0,,3.0,3.0,,1.0,0,0.0,3,3,1.0,20,0,0.0
ISU_ILCC_NMC,ISU_ILCC_NMC/G8C4,0.7,pchp_method,23,True,False,False,21.0,,3.0,3.0,,1.0,0,0.0,3,3,1.0,20,0,0.0
ISU_ILCC_NMC,ISU_ILCC_NMC/G8C4,0.8,protected_state,23,True,False,False,14.0,,10.0,10.0,,1.0,0,0.0,10,10,1.0,13,0,0.0
ISU_ILCC_NMC,ISU_ILCC_NMC/G8C4,0.8,fixed_shift,23,True,False,False,14.0,,10.0,10.0,,1.0,0,0.0,10,10,1.0,13,0,0.0
ISU_ILCC_NMC,ISU_ILCC_NMC/G8C4,0.8,pchp_method,23,True,False,False,14.0,,10.0,10.0,,1.0,0,0.0,10,10,1.0,13,0,0.0
ISU_ILCC_NMC,ISU_ILCC_NMC/G8C4,0.9,protected_state,23,True,False,False,8.0,,16.0,16.0,,1.0,0,0.0,16,16,1.0,7,0,0.0
ISU_ILCC_NMC,ISU_ILCC_NMC/G8C4,0.9,fixed_shift,23,True,False,False,8.0,,16.0,16.0,,1.0,0,0.0,16,16,1.0,7,0,0.0
ISU_ILCC_NMC,ISU_ILCC_NMC/G8C4,0.9,pchp_method,23,True,False,False,8.0,,16.0,16.0,,1.0,0,0.0,16,16,1.0,7,0,0.0
ISU_ILCC_NMC,ISU_ILCC_NMC/G9C1,0.7,protected_state,2,False,False,False,,,,,,,0,,0,0,,2,0,0.0
ISU_ILCC_NMC,ISU_ILCC_NMC/G9C1,0.7,fixed_shift,2,False,False,False,,,,,,,0,,0,0,,2,0,0.0
ISU_ILCC_NMC,ISU_ILCC_NMC/G9C1,0.7,pchp_method,2,False,False,False,,,,,,,0,,0,0,,2,0,0.0
ISU_ILCC_NMC,ISU_ILCC_NMC/G9C1,0.8,protected_state,2,True,False,False,2.0,,1.0,1.0,,1.0,0,0.0,1,1,1.0,1,0,0.0
ISU_ILCC_NMC,ISU_ILCC_NMC/G9C1,0.8,fixed_shift,2,True,False,False,2.0,,1.0,1.0,,1.0,0,0.0,1,1,1.0,1,0,0.0
ISU_ILCC_NMC,ISU_ILCC_NMC/G9C1,0.8,pchp_method,2,True,False,False,2.0,,1.0,1.0,,1.0,0,0.0,1,1,1.0,1,0,0.0
ISU_ILCC_NMC,ISU_ILCC_NMC/G9C1,0.9,protected_state,2,True,False,False,1.0,,2.0,2.0,,1.0,0,0.0,2,2,1.0,0,0,
ISU_ILCC_NMC,ISU_ILCC_NMC/G9C1,0.9,fixed_shift,2,True,False,False,1.0,,2.0,2.0,,1.0,0,0.0,2,2,1.0,0,0,
ISU_ILCC_NMC,ISU_ILCC_NMC/G9C1,0.9,pchp_method,2,True,False,False,1.0,,2.0,2.0,,1.0,0,0.0,2,2,1.0,0,0,
ISU_ILCC_NMC,ISU_ILCC_NMC/G9C2,0.7,protected_state,2,False,False,False,,,,,,,0,,0,0,,2,0,0.0
ISU_ILCC_NMC,ISU_ILCC_NMC/G9C2,0.7,fixed_shift,2,False,False,False,,,,,,,0,,0,0,,2,0,0.0
ISU_ILCC_NMC,ISU_ILCC_NMC/G9C2,0.7,pchp_method,2,False,False,False,,,,,,,0,,0,0,,2,0,0.0
ISU_ILCC_NMC,ISU_ILCC_NMC/G9C2,0.8,protected_state,2,True,False,False,2.0,,1.0,1.0,,1.0,0,0.0,1,1,1.0,1,0,0.0
ISU_ILCC_NMC,ISU_ILCC_NMC/G9C2,0.8,fixed_shift,2,True,False,False,2.0,,1.0,1.0,,1.0,0,0.0,1,1,1.0,1,0,0.0
ISU_ILCC_NMC,ISU_ILCC_NMC/G9C2,0.8,pchp_method,2,True,False,False,2.0,,1.0,1.0,,1.0,0,0.0,1,1,1.0,1,0,0.0
ISU_ILCC_NMC,ISU_ILCC_NMC/G9C2,0.9,protected_state,2,True,False,False,1.0,,2.0,2.0,,1.0,0,0.0,2,2,1.0,0,0,
ISU_ILCC_NMC,ISU_ILCC_NMC/G9C2,0.9,fixed_shift,2,True,False,False,1.0,,2.0,2.0,,1.0,0,0.0,2,2,1.0,0,0,
ISU_ILCC_NMC,ISU_ILCC_NMC/G9C2,0.9,pchp_method,2,True,False,False,1.0,,2.0,2.0,,1.0,0,0.0,2,2,1.0,0,0,
ISU_ILCC_NMC,ISU_ILCC_NMC/G9C3,0.7,protected_state,3,False,False,False,,,,,,,0,,0,0,,3,0,0.0
ISU_ILCC_NMC,ISU_ILCC_NMC/G9C3,0.7,fixed_shift,3,False,False,False,,,,,,,0,,0,0,,3,0,0.0
ISU_ILCC_NMC,ISU_ILCC_NMC/G9C3,0.7,pchp_method,3,False,False,False,,,,,,,0,,0,0,,3,0,0.0
ISU_ILCC_NMC,ISU_ILCC_NMC/G9C3,0.8,protected_state,3,True,False,False,3.0,,1.0,1.0,,1.0,0,0.0,1,1,1.0,2,0,0.0
ISU_ILCC_NMC,ISU_ILCC_NMC/G9C3,0.8,fixed_shift,3,True,False,False,3.0,,1.0,1.0,,1.0,0,0.0,1,1,1.0,2,0,0.0
ISU_ILCC_NMC,ISU_ILCC_NMC/G9C3,0.8,pchp_method,3,True,False,False,3.0,,1.0,1.0,,1.0,0,0.0,1,1,1.0,2,0,0.0
ISU_ILCC_NMC,ISU_ILCC_NMC/G9C3,0.9,protected_state,3,True,False,False,2.0,,2.0,2.0,,1.0,0,0.0,2,2,1.0,1,0,0.0
ISU_ILCC_NMC,ISU_ILCC_NMC/G9C3,0.9,fixed_shift,3,True,False,False,2.0,,2.0,2.0,,1.0,0,0.0,2,2,1.0,1,0,0.0
ISU_ILCC_NMC,ISU_ILCC_NMC/G9C3,0.9,pchp_method,3,True,False,False,2.0,,2.0,2.0,,1.0,0,0.0,2,2,1.0,1,0,0.0
ISU_ILCC_NMC,ISU_ILCC_NMC/G9C4,0.7,protected_state,1,False,False,False,,,,,,,0,,0,0,,1,0,0.0
ISU_ILCC_NMC,ISU_ILCC_NMC/G9C4,0.7,fixed_shift,1,False,False,False,,,,,,,0,,0,0,,1,0,0.0
ISU_ILCC_NMC,ISU_ILCC_NMC/G9C4,0.7,pchp_method,1,False,False,False,,,,,,,0,,0,0,,1,0,0.0
ISU_ILCC_NMC,ISU_ILCC_NMC/G9C4,0.8,protected_state,1,True,False,False,1.0,,1.0,1.0,,1.0,0,0.0,1,1,1.0,0,0,
ISU_ILCC_NMC,ISU_ILCC_NMC/G9C4,0.8,fixed_shift,1,True,False,False,1.0,,1.0,1.0,,1.0,0,0.0,1,1,1.0,0,0,
ISU_ILCC_NMC,ISU_ILCC_NMC/G9C4,0.8,pchp_method,1,True,False,False,1.0,,1.0,1.0,,1.0,0,0.0,1,1,1.0,0,0,
ISU_ILCC_NMC,ISU_ILCC_NMC/G9C4,0.9,protected_state,1,True,False,False,1.0,,1.0,1.0,,1.0,0,0.0,1,1,1.0,0,0,
ISU_ILCC_NMC,ISU_ILCC_NMC/G9C4,0.9,fixed_shift,1,True,False,False,1.0,,1.0,1.0,,1.0,0,0.0,1,1,1.0,0,0,
ISU_ILCC_NMC,ISU_ILCC_NMC/G9C4,0.9,pchp_method,1,True,False,False,1.0,,1.0,1.0,,1.0,0,0.0,1,1,1.0,0,0,
LUH_NMC_SIO,LUH_NMC_SIO/P001_1,0.7,protected_state,18,False,False,False,,,,,,,0,,0,0,,18,0,0.0
LUH_NMC_SIO,LUH_NMC_SIO/P001_1,0.7,fixed_shift,18,False,False,False,,,,,,,0,,0,0,,18,0,0.0
LUH_NMC_SIO,LUH_NMC_SIO/P001_1,0.7,pchp_method,18,False,False,False,,,,,,,0,,0,0,,18,0,0.0
LUH_NMC_SIO,LUH_NMC_SIO/P001_1,0.8,protected_state,18,False,False,False,,,,,,,0,,0,0,,18,0,0.0
LUH_NMC_SIO,LUH_NMC_SIO/P001_1,0.8,fixed_shift,18,False,False,False,,,,,,,0,,0,0,,18,0,0.0
LUH_NMC_SIO,LUH_NMC_SIO/P001_1,0.8,pchp_method,18,False,False,False,,,,,,,0,,0,0,,18,0,0.0
LUH_NMC_SIO,LUH_NMC_SIO/P001_1,0.9,protected_state,18,False,False,False,,,,,,,0,,0,0,,18,0,0.0
LUH_NMC_SIO,LUH_NMC_SIO/P001_1,0.9,fixed_shift,18,False,False,False,,,,,,,0,,0,0,,18,0,0.0
LUH_NMC_SIO,LUH_NMC_SIO/P001_1,0.9,pchp_method,18,False,False,False,,,,,,,0,,0,0,,18,0,0.0
LUH_NMC_SIO,LUH_NMC_SIO/P001_2,0.7,protected_state,18,False,False,False,,,,,,,0,,0,0,,18,0,0.0
LUH_NMC_SIO,LUH_NMC_SIO/P001_2,0.7,fixed_shift,18,False,False,False,,,,,,,0,,0,0,,18,0,0.0
LUH_NMC_SIO,LUH_NMC_SIO/P001_2,0.7,pchp_method,18,False,False,False,,,,,,,0,,0,0,,18,0,0.0
LUH_NMC_SIO,LUH_NMC_SIO/P001_2,0.8,protected_state,18,False,False,False,,,,,,,0,,0,0,,18,0,0.0
LUH_NMC_SIO,LUH_NMC_SIO/P001_2,0.8,fixed_shift,18,False,False,False,,,,,,,0,,0,0,,18,0,0.0
LUH_NMC_SIO,LUH_NMC_SIO/P001_2,0.8,pchp_method,18,False,False,False,,,,,,,0,,0,0,,18,0,0.0
LUH_NMC_SIO,LUH_NMC_SIO/P001_2,0.9,protected_state,18,False,False,False,,,,,,,0,,0,0,,18,0,0.0
LUH_NMC_SIO,LUH_NMC_SIO/P001_2,0.9,fixed_shift,18,False,False,False,,,,,,,0,,0,0,,18,0,0.0
LUH_NMC_SIO,LUH_NMC_SIO/P001_2,0.9,pchp_method,18,False,False,False,,,,,,,0,,0,0,,18,0,0.0
LUH_NMC_SIO,LUH_NMC_SIO/P001_3,0.7,protected_state,18,False,False,False,,,,,,,0,,0,0,,18,0,0.0
LUH_NMC_SIO,LUH_NMC_SIO/P001_3,0.7,fixed_shift,18,False,False,False,,,,,,,0,,0,0,,18,0,0.0
LUH_NMC_SIO,LUH_NMC_SIO/P001_3,0.7,pchp_method,18,False,False,False,,,,,,,0,,0,0,,18,0,0.0
LUH_NMC_SIO,LUH_NMC_SIO/P001_3,0.8,protected_state,18,False,False,False,,,,,,,0,,0,0,,18,0,0.0
LUH_NMC_SIO,LUH_NMC_SIO/P001_3,0.8,fixed_shift,18,False,False,False,,,,,,,0,,0,0,,18,0,0.0
LUH_NMC_SIO,LUH_NMC_SIO/P001_3,0.8,pchp_method,18,False,False,False,,,,,,,0,,0,0,,18,0,0.0
LUH_NMC_SIO,LUH_NMC_SIO/P001_3,0.9,protected_state,18,False,False,False,,,,,,,0,,0,0,,18,0,0.0
LUH_NMC_SIO,LUH_NMC_SIO/P001_3,0.9,fixed_shift,18,False,False,False,,,,,,,0,,0,0,,18,0,0.0
LUH_NMC_SIO,LUH_NMC_SIO/P001_3,0.9,pchp_method,18,False,False,False,,,,,,,0,,0,0,,18,0,0.0
LUH_NMC_SIO,LUH_NMC_SIO/P002_1,0.7,protected_state,18,False,False,False,,,,,,,0,,0,0,,18,0,0.0
LUH_NMC_SIO,LUH_NMC_SIO/P002_1,0.7,fixed_shift,18,False,False,False,,,,,,,0,,0,0,,18,0,0.0
LUH_NMC_SIO,LUH_NMC_SIO/P002_1,0.7,pchp_method,18,False,False,False,,,,,,,0,,0,0,,18,0,0.0
LUH_NMC_SIO,LUH_NMC_SIO/P002_1,0.8,protected_state,18,False,False,False,,,,,,,0,,0,0,,18,0,0.0
LUH_NMC_SIO,LUH_NMC_SIO/P002_1,0.8,fixed_shift,18,False,False,False,,,,,,,0,,0,0,,18,0,0.0
LUH_NMC_SIO,LUH_NMC_SIO/P002_1,0.8,pchp_method,18,False,False,False,,,,,,,0,,0,0,,18,0,0.0
LUH_NMC_SIO,LUH_NMC_SIO/P002_1,0.9,protected_state,18,False,False,False,,,,,,,0,,0,0,,18,0,0.0
LUH_NMC_SIO,LUH_NMC_SIO/P002_1,0.9,fixed_shift,18,False,False,False,,,,,,,0,,0,0,,18,0,0.0
LUH_NMC_SIO,LUH_NMC_SIO/P002_1,0.9,pchp_method,18,False,False,False,,,,,,,0,,0,0,,18,0,0.0
LUH_NMC_SIO,LUH_NMC_SIO/P002_2,0.7,protected_state,18,False,False,False,,,,,,,0,,0,0,,18,0,0.0
LUH_NMC_SIO,LUH_NMC_SIO/P002_2,0.7,fixed_shift,18,False,False,False,,,,,,,0,,0,0,,18,0,0.0
LUH_NMC_SIO,LUH_NMC_SIO/P002_2,0.7,pchp_method,18,False,False,False,,,,,,,0,,0,0,,18,0,0.0
LUH_NMC_SIO,LUH_NMC_SIO/P002_2,0.8,protected_state,18,False,False,False,,,,,,,0,,0,0,,18,0,0.0
LUH_NMC_SIO,LUH_NMC_SIO/P002_2,0.8,fixed_shift,18,False,False,False,,,,,,,0,,0,0,,18,0,0.0
LUH_NMC_SIO,LUH_NMC_SIO/P002_2,0.8,pchp_method,18,False,False,False,,,,,,,0,,0,0,,18,0,0.0
LUH_NMC_SIO,LUH_NMC_SIO/P002_2,0.9,protected_state,18,False,False,False,,,,,,,0,,0,0,,18,0,0.0
LUH_NMC_SIO,LUH_NMC_SIO/P002_2,0.9,fixed_shift,18,False,False,False,,,,,,,0,,0,0,,18,0,0.0
LUH_NMC_SIO,LUH_NMC_SIO/P002_2,0.9,pchp_method,18,False,False,False,,,,,,,0,,0,0,,18,0,0.0
LUH_NMC_SIO,LUH_NMC_SIO/P002_3,0.7,protected_state,18,False,False,False,,,,,,,0,,0,0,,18,0,0.0
LUH_NMC_SIO,LUH_NMC_SIO/P002_3,0.7,fixed_shift,18,False,False,False,,,,,,,0,,0,0,,18,0,0.0
LUH_NMC_SIO,LUH_NMC_SIO/P002_3,0.7,pchp_method,18,False,False,False,,,,,,,0,,0,0,,18,0,0.0
LUH_NMC_SIO,LUH_NMC_SIO/P002_3,0.8,protected_state,18,False,False,False,,,,,,,0,,0,0,,18,0,0.0
LUH_NMC_SIO,LUH_NMC_SIO/P002_3,0.8,fixed_shift,18,False,False,False,,,,,,,0,,0,0,,18,0,0.0
LUH_NMC_SIO,LUH_NMC_SIO/P002_3,0.8,pchp_method,18,False,False,False,,,,,,,0,,0,0,,18,0,0.0
LUH_NMC_SIO,LUH_NMC_SIO/P002_3,0.9,protected_state,18,False,False,False,,,,,,,0,,0,0,,18,0,0.0
LUH_NMC_SIO,LUH_NMC_SIO/P002_3,0.9,fixed_shift,18,False,False,False,,,,,,,0,,0,0,,18,0,0.0
LUH_NMC_SIO,LUH_NMC_SIO/P002_3,0.9,pchp_method,18,False,False,False,,,,,,,0,,0,0,,18,0,0.0
LUH_NMC_SIO,LUH_NMC_SIO/P003_1,0.7,protected_state,18,False,False,False,,,,,,,0,,0,0,,18,0,0.0
LUH_NMC_SIO,LUH_NMC_SIO/P003_1,0.7,fixed_shift,18,False,False,False,,,,,,,0,,0,0,,18,0,0.0
LUH_NMC_SIO,LUH_NMC_SIO/P003_1,0.7,pchp_method,18,False,False,False,,,,,,,0,,0,0,,18,0,0.0
LUH_NMC_SIO,LUH_NMC_SIO/P003_1,0.8,protected_state,18,False,False,False,,,,,,,0,,0,0,,18,0,0.0
LUH_NMC_SIO,LUH_NMC_SIO/P003_1,0.8,fixed_shift,18,False,False,False,,,,,,,0,,0,0,,18,0,0.0
LUH_NMC_SIO,LUH_NMC_SIO/P003_1,0.8,pchp_method,18,False,False,False,,,,,,,0,,0,0,,18,0,0.0
LUH_NMC_SIO,LUH_NMC_SIO/P003_1,0.9,protected_state,18,False,False,False,,,,,,,0,,0,0,,18,0,0.0
LUH_NMC_SIO,LUH_NMC_SIO/P003_1,0.9,fixed_shift,18,False,False,False,,,,,,,0,,0,0,,18,0,0.0
LUH_NMC_SIO,LUH_NMC_SIO/P003_1,0.9,pchp_method,18,False,False,False,,,,,,,0,,0,0,,18,0,0.0
LUH_NMC_SIO,LUH_NMC_SIO/P003_2,0.7,protected_state,18,False,False,False,,,,,,,0,,0,0,,18,0,0.0
LUH_NMC_SIO,LUH_NMC_SIO/P003_2,0.7,fixed_shift,18,False,False,False,,,,,,,0,,0,0,,18,0,0.0
LUH_NMC_SIO,LUH_NMC_SIO/P003_2,0.7,pchp_method,18,False,False,False,,,,,,,0,,0,0,,18,0,0.0
LUH_NMC_SIO,LUH_NMC_SIO/P003_2,0.8,protected_state,18,False,False,False,,,,,,,0,,0,0,,18,0,0.0
LUH_NMC_SIO,LUH_NMC_SIO/P003_2,0.8,fixed_shift,18,False,False,False,,,,,,,0,,0,0,,18,0,0.0
LUH_NMC_SIO,LUH_NMC_SIO/P003_2,0.8,pchp_method,18,False,False,False,,,,,,,0,,0,0,,18,0,0.0
LUH_NMC_SIO,LUH_NMC_SIO/P003_2,0.9,protected_state,18,False,False,False,,,,,,,0,,0,0,,18,0,0.0
LUH_NMC_SIO,LUH_NMC_SIO/P003_2,0.9,fixed_shift,18,False,False,False,,,,,,,0,,0,0,,18,0,0.0
LUH_NMC_SIO,LUH_NMC_SIO/P003_2,0.9,pchp_method,18,False,False,False,,,,,,,0,,0,0,,18,0,0.0
LUH_NMC_SIO,LUH_NMC_SIO/P003_3,0.7,protected_state,18,False,False,False,,,,,,,0,,0,0,,18,0,0.0
LUH_NMC_SIO,LUH_NMC_SIO/P003_3,0.7,fixed_shift,18,False,False,False,,,,,,,0,,0,0,,18,0,0.0
LUH_NMC_SIO,LUH_NMC_SIO/P003_3,0.7,pchp_method,18,False,False,False,,,,,,,0,,0,0,,18,0,0.0
LUH_NMC_SIO,LUH_NMC_SIO/P003_3,0.8,protected_state,18,False,False,False,,,,,,,0,,0,0,,18,0,0.0
LUH_NMC_SIO,LUH_NMC_SIO/P003_3,0.8,fixed_shift,18,False,False,False,,,,,,,0,,0,0,,18,0,0.0
LUH_NMC_SIO,LUH_NMC_SIO/P003_3,0.8,pchp_method,18,False,False,False,,,,,,,0,,0,0,,18,0,0.0
LUH_NMC_SIO,LUH_NMC_SIO/P003_3,0.9,protected_state,18,False,False,False,,,,,,,0,,0,0,,18,0,0.0
LUH_NMC_SIO,LUH_NMC_SIO/P003_3,0.9,fixed_shift,18,False,False,False,,,,,,,0,,0,0,,18,0,0.0
LUH_NMC_SIO,LUH_NMC_SIO/P003_3,0.9,pchp_method,18,False,False,False,,,,,,,0,,0,0,,18,0,0.0
LUH_NMC_SIO,LUH_NMC_SIO/P004_1,0.7,protected_state,18,False,False,False,,,,,,,0,,0,0,,18,0,0.0
LUH_NMC_SIO,LUH_NMC_SIO/P004_1,0.7,fixed_shift,18,False,False,False,,,,,,,0,,0,0,,18,0,0.0
LUH_NMC_SIO,LUH_NMC_SIO/P004_1,0.7,pchp_method,18,False,False,False,,,,,,,0,,0,0,,18,0,0.0
LUH_NMC_SIO,LUH_NMC_SIO/P004_1,0.8,protected_state,18,False,False,False,,,,,,,0,,0,0,,18,0,0.0
LUH_NMC_SIO,LUH_NMC_SIO/P004_1,0.8,fixed_shift,18,False,False,False,,,,,,,0,,0,0,,18,0,0.0
LUH_NMC_SIO,LUH_NMC_SIO/P004_1,0.8,pchp_method,18,False,False,False,,,,,,,0,,0,0,,18,0,0.0
LUH_NMC_SIO,LUH_NMC_SIO/P004_1,0.9,protected_state,18,False,False,False,,,,,,,0,,0,0,,18,0,0.0
LUH_NMC_SIO,LUH_NMC_SIO/P004_1,0.9,fixed_shift,18,False,False,False,,,,,,,0,,0,0,,18,0,0.0
LUH_NMC_SIO,LUH_NMC_SIO/P004_1,0.9,pchp_method,18,False,False,False,,,,,,,0,,0,0,,18,0,0.0
LUH_NMC_SIO,LUH_NMC_SIO/P004_2,0.7,protected_state,18,False,False,False,,,,,,,0,,0,0,,18,0,0.0
LUH_NMC_SIO,LUH_NMC_SIO/P004_2,0.7,fixed_shift,18,False,False,False,,,,,,,0,,0,0,,18,0,0.0
LUH_NMC_SIO,LUH_NMC_SIO/P004_2,0.7,pchp_method,18,False,False,False,,,,,,,0,,0,0,,18,0,0.0
LUH_NMC_SIO,LUH_NMC_SIO/P004_2,0.8,protected_state,18,False,False,False,,,,,,,0,,0,0,,18,0,0.0
LUH_NMC_SIO,LUH_NMC_SIO/P004_2,0.8,fixed_shift,18,False,False,False,,,,,,,0,,0,0,,18,0,0.0
LUH_NMC_SIO,LUH_NMC_SIO/P004_2,0.8,pchp_method,18,False,False,False,,,,,,,0,,0,0,,18,0,0.0
LUH_NMC_SIO,LUH_NMC_SIO/P004_2,0.9,protected_state,18,False,False,False,,,,,,,0,,0,0,,18,0,0.0
LUH_NMC_SIO,LUH_NMC_SIO/P004_2,0.9,fixed_shift,18,False,False,False,,,,,,,0,,0,0,,18,0,0.0
LUH_NMC_SIO,LUH_NMC_SIO/P004_2,0.9,pchp_method,18,False,False,False,,,,,,,0,,0,0,,18,0,0.0
LUH_NMC_SIO,LUH_NMC_SIO/P004_3,0.7,protected_state,18,False,False,False,,,,,,,0,,0,0,,18,0,0.0
LUH_NMC_SIO,LUH_NMC_SIO/P004_3,0.7,fixed_shift,18,False,False,False,,,,,,,0,,0,0,,18,0,0.0
LUH_NMC_SIO,LUH_NMC_SIO/P004_3,0.7,pchp_method,18,False,False,False,,,,,,,0,,0,0,,18,0,0.0
LUH_NMC_SIO,LUH_NMC_SIO/P004_3,0.8,protected_state,18,False,False,False,,,,,,,0,,0,0,,18,0,0.0
LUH_NMC_SIO,LUH_NMC_SIO/P004_3,0.8,fixed_shift,18,False,False,False,,,,,,,0,,0,0,,18,0,0.0
LUH_NMC_SIO,LUH_NMC_SIO/P004_3,0.8,pchp_method,18,False,False,False,,,,,,,0,,0,0,,18,0,0.0
LUH_NMC_SIO,LUH_NMC_SIO/P004_3,0.9,protected_state,18,False,False,False,,,,,,,0,,0,0,,18,0,0.0
LUH_NMC_SIO,LUH_NMC_SIO/P004_3,0.9,fixed_shift,18,False,False,False,,,,,,,0,,0,0,,18,0,0.0
LUH_NMC_SIO,LUH_NMC_SIO/P004_3,0.9,pchp_method,18,False,False,False,,,,,,,0,,0,0,,18,0,0.0
LUH_NMC_SIO,LUH_NMC_SIO/P005_1,0.7,protected_state,18,False,False,False,,,,,,,0,,0,0,,18,0,0.0
LUH_NMC_SIO,LUH_NMC_SIO/P005_1,0.7,fixed_shift,18,False,False,False,,,,,,,0,,0,0,,18,0,0.0
LUH_NMC_SIO,LUH_NMC_SIO/P005_1,0.7,pchp_method,18,False,False,False,,,,,,,0,,0,0,,18,0,0.0
LUH_NMC_SIO,LUH_NMC_SIO/P005_1,0.8,protected_state,18,False,False,False,,,,,,,0,,0,0,,18,0,0.0
LUH_NMC_SIO,LUH_NMC_SIO/P005_1,0.8,fixed_shift,18,False,False,False,,,,,,,0,,0,0,,18,0,0.0
LUH_NMC_SIO,LUH_NMC_SIO/P005_1,0.8,pchp_method,18,False,False,False,,,,,,,0,,0,0,,18,0,0.0
LUH_NMC_SIO,LUH_NMC_SIO/P005_1,0.9,protected_state,18,False,False,False,,,,,,,0,,0,0,,18,0,0.0
LUH_NMC_SIO,LUH_NMC_SIO/P005_1,0.9,fixed_shift,18,False,False,False,,,,,,,0,,0,0,,18,0,0.0
LUH_NMC_SIO,LUH_NMC_SIO/P005_1,0.9,pchp_method,18,False,False,False,,,,,,,0,,0,0,,18,0,0.0
LUH_NMC_SIO,LUH_NMC_SIO/P005_2,0.7,protected_state,18,False,False,False,,,,,,,0,,0,0,,18,0,0.0
LUH_NMC_SIO,LUH_NMC_SIO/P005_2,0.7,fixed_shift,18,False,False,False,,,,,,,0,,0,0,,18,0,0.0
LUH_NMC_SIO,LUH_NMC_SIO/P005_2,0.7,pchp_method,18,False,False,False,,,,,,,0,,0,0,,18,0,0.0
LUH_NMC_SIO,LUH_NMC_SIO/P005_2,0.8,protected_state,18,False,False,False,,,,,,,0,,0,0,,18,0,0.0
LUH_NMC_SIO,LUH_NMC_SIO/P005_2,0.8,fixed_shift,18,False,False,False,,,,,,,0,,0,0,,18,0,0.0
LUH_NMC_SIO,LUH_NMC_SIO/P005_2,0.8,pchp_method,18,False,False,False,,,,,,,0,,0,0,,18,0,0.0
LUH_NMC_SIO,LUH_NMC_SIO/P005_2,0.9,protected_state,18,False,False,False,,,,,,,0,,0,0,,18,0,0.0
LUH_NMC_SIO,LUH_NMC_SIO/P005_2,0.9,fixed_shift,18,False,False,False,,,,,,,0,,0,0,,18,0,0.0
LUH_NMC_SIO,LUH_NMC_SIO/P005_2,0.9,pchp_method,18,False,False,False,,,,,,,0,,0,0,,18,0,0.0
LUH_NMC_SIO,LUH_NMC_SIO/P005_3,0.7,protected_state,18,False,False,False,,,,,,,0,,0,0,,18,0,0.0
LUH_NMC_SIO,LUH_NMC_SIO/P005_3,0.7,fixed_shift,18,False,False,False,,,,,,,0,,0,0,,18,0,0.0
LUH_NMC_SIO,LUH_NMC_SIO/P005_3,0.7,pchp_method,18,False,False,False,,,,,,,0,,0,0,,18,0,0.0
LUH_NMC_SIO,LUH_NMC_SIO/P005_3,0.8,protected_state,18,False,False,False,,,,,,,0,,0,0,,18,0,0.0
LUH_NMC_SIO,LUH_NMC_SIO/P005_3,0.8,fixed_shift,18,False,False,False,,,,,,,0,,0,0,,18,0,0.0
LUH_NMC_SIO,LUH_NMC_SIO/P005_3,0.8,pchp_method,18,False,False,False,,,,,,,0,,0,0,,18,0,0.0
LUH_NMC_SIO,LUH_NMC_SIO/P005_3,0.9,protected_state,18,False,False,False,,,,,,,0,,0,0,,18,0,0.0
LUH_NMC_SIO,LUH_NMC_SIO/P005_3,0.9,fixed_shift,18,False,False,False,,,,,,,0,,0,0,,18,0,0.0
LUH_NMC_SIO,LUH_NMC_SIO/P005_3,0.9,pchp_method,18,False,False,False,,,,,,,0,,0,0,,18,0,0.0
LUH_NMC_SIO,LUH_NMC_SIO/P006_1,0.7,protected_state,18,False,False,False,,,,,,,0,,0,0,,18,0,0.0
LUH_NMC_SIO,LUH_NMC_SIO/P006_1,0.7,fixed_shift,18,False,False,False,,,,,,,0,,0,0,,18,0,0.0
LUH_NMC_SIO,LUH_NMC_SIO/P006_1,0.7,pchp_method,18,False,False,False,,,,,,,0,,0,0,,18,0,0.0
LUH_NMC_SIO,LUH_NMC_SIO/P006_1,0.8,protected_state,18,False,False,False,,,,,,,0,,0,0,,18,0,0.0
LUH_NMC_SIO,LUH_NMC_SIO/P006_1,0.8,fixed_shift,18,False,False,False,,,,,,,0,,0,0,,18,0,0.0
LUH_NMC_SIO,LUH_NMC_SIO/P006_1,0.8,pchp_method,18,False,False,False,,,,,,,0,,0,0,,18,0,0.0
LUH_NMC_SIO,LUH_NMC_SIO/P006_1,0.9,protected_state,18,False,False,False,,,,,,,0,,0,0,,18,0,0.0
LUH_NMC_SIO,LUH_NMC_SIO/P006_1,0.9,fixed_shift,18,False,False,False,,,,,,,0,,0,0,,18,0,0.0
LUH_NMC_SIO,LUH_NMC_SIO/P006_1,0.9,pchp_method,18,False,False,False,,,,,,,0,,0,0,,18,0,0.0
LUH_NMC_SIO,LUH_NMC_SIO/P006_2,0.7,protected_state,18,False,False,False,,,,,,,0,,0,0,,18,0,0.0
LUH_NMC_SIO,LUH_NMC_SIO/P006_2,0.7,fixed_shift,18,False,False,False,,,,,,,0,,0,0,,18,0,0.0
LUH_NMC_SIO,LUH_NMC_SIO/P006_2,0.7,pchp_method,18,False,False,False,,,,,,,0,,0,0,,18,0,0.0
LUH_NMC_SIO,LUH_NMC_SIO/P006_2,0.8,protected_state,18,False,False,False,,,,,,,0,,0,0,,18,0,0.0
LUH_NMC_SIO,LUH_NMC_SIO/P006_2,0.8,fixed_shift,18,False,False,False,,,,,,,0,,0,0,,18,0,0.0
LUH_NMC_SIO,LUH_NMC_SIO/P006_2,0.8,pchp_method,18,False,False,False,,,,,,,0,,0,0,,18,0,0.0
LUH_NMC_SIO,LUH_NMC_SIO/P006_2,0.9,protected_state,18,False,False,False,,,,,,,0,,0,0,,18,0,0.0
LUH_NMC_SIO,LUH_NMC_SIO/P006_2,0.9,fixed_shift,18,False,False,False,,,,,,,0,,0,0,,18,0,0.0
LUH_NMC_SIO,LUH_NMC_SIO/P006_2,0.9,pchp_method,18,False,False,False,,,,,,,0,,0,0,,18,0,0.0
LUH_NMC_SIO,LUH_NMC_SIO/P006_3,0.7,protected_state,18,False,False,False,,,,,,,0,,0,0,,18,0,0.0
LUH_NMC_SIO,LUH_NMC_SIO/P006_3,0.7,fixed_shift,18,False,False,False,,,,,,,0,,0,0,,18,0,0.0
LUH_NMC_SIO,LUH_NMC_SIO/P006_3,0.7,pchp_method,18,False,False,False,,,,,,,0,,0,0,,18,0,0.0
LUH_NMC_SIO,LUH_NMC_SIO/P006_3,0.8,protected_state,18,False,False,False,,,,,,,0,,0,0,,18,0,0.0
LUH_NMC_SIO,LUH_NMC_SIO/P006_3,0.8,fixed_shift,18,False,False,False,,,,,,,0,,0,0,,18,0,0.0
LUH_NMC_SIO,LUH_NMC_SIO/P006_3,0.8,pchp_method,18,False,False,False,,,,,,,0,,0,0,,18,0,0.0
LUH_NMC_SIO,LUH_NMC_SIO/P006_3,0.9,protected_state,18,False,False,False,,,,,,,0,,0,0,,18,0,0.0
LUH_NMC_SIO,LUH_NMC_SIO/P006_3,0.9,fixed_shift,18,False,False,False,,,,,,,0,,0,0,,18,0,0.0
LUH_NMC_SIO,LUH_NMC_SIO/P006_3,0.9,pchp_method,18,False,False,False,,,,,,,0,,0,0,,18,0,0.0
LUH_NMC_SIO,LUH_NMC_SIO/P007_1,0.7,protected_state,18,False,False,False,,,,,,,0,,0,0,,18,0,0.0
LUH_NMC_SIO,LUH_NMC_SIO/P007_1,0.7,fixed_shift,18,False,False,False,,,,,,,0,,0,0,,18,0,0.0
LUH_NMC_SIO,LUH_NMC_SIO/P007_1,0.7,pchp_method,18,False,False,False,,,,,,,0,,0,0,,18,0,0.0
LUH_NMC_SIO,LUH_NMC_SIO/P007_1,0.8,protected_state,18,False,False,False,,,,,,,0,,0,0,,18,0,0.0
LUH_NMC_SIO,LUH_NMC_SIO/P007_1,0.8,fixed_shift,18,False,False,False,,,,,,,0,,0,0,,18,0,0.0
LUH_NMC_SIO,LUH_NMC_SIO/P007_1,0.8,pchp_method,18,False,False,False,,,,,,,0,,0,0,,18,0,0.0
LUH_NMC_SIO,LUH_NMC_SIO/P007_1,0.9,protected_state,18,False,False,False,,,,,,,0,,0,0,,18,0,0.0
LUH_NMC_SIO,LUH_NMC_SIO/P007_1,0.9,fixed_shift,18,False,False,False,,,,,,,0,,0,0,,18,0,0.0
LUH_NMC_SIO,LUH_NMC_SIO/P007_1,0.9,pchp_method,18,False,False,False,,,,,,,0,,0,0,,18,0,0.0
LUH_NMC_SIO,LUH_NMC_SIO/P007_2,0.7,protected_state,18,False,False,False,,,,,,,0,,0,0,,18,0,0.0
LUH_NMC_SIO,LUH_NMC_SIO/P007_2,0.7,fixed_shift,18,False,False,False,,,,,,,0,,0,0,,18,0,0.0
LUH_NMC_SIO,LUH_NMC_SIO/P007_2,0.7,pchp_method,18,False,False,False,,,,,,,0,,0,0,,18,0,0.0
LUH_NMC_SIO,LUH_NMC_SIO/P007_2,0.8,protected_state,18,False,False,False,,,,,,,0,,0,0,,18,0,0.0
LUH_NMC_SIO,LUH_NMC_SIO/P007_2,0.8,fixed_shift,18,False,False,False,,,,,,,0,,0,0,,18,0,0.0
LUH_NMC_SIO,LUH_NMC_SIO/P007_2,0.8,pchp_method,18,False,False,False,,,,,,,0,,0,0,,18,0,0.0
LUH_NMC_SIO,LUH_NMC_SIO/P007_2,0.9,protected_state,18,False,False,False,,,,,,,0,,0,0,,18,0,0.0
LUH_NMC_SIO,LUH_NMC_SIO/P007_2,0.9,fixed_shift,18,False,False,False,,,,,,,0,,0,0,,18,0,0.0
LUH_NMC_SIO,LUH_NMC_SIO/P007_2,0.9,pchp_method,18,False,False,False,,,,,,,0,,0,0,,18,0,0.0
LUH_NMC_SIO,LUH_NMC_SIO/P007_3,0.7,protected_state,18,False,False,False,,,,,,,0,,0,0,,18,0,0.0
LUH_NMC_SIO,LUH_NMC_SIO/P007_3,0.7,fixed_shift,18,False,False,False,,,,,,,0,,0,0,,18,0,0.0
LUH_NMC_SIO,LUH_NMC_SIO/P007_3,0.7,pchp_method,18,False,False,False,,,,,,,0,,0,0,,18,0,0.0
LUH_NMC_SIO,LUH_NMC_SIO/P007_3,0.8,protected_state,18,False,False,False,,,,,,,0,,0,0,,18,0,0.0
LUH_NMC_SIO,LUH_NMC_SIO/P007_3,0.8,fixed_shift,18,False,False,False,,,,,,,0,,0,0,,18,0,0.0
LUH_NMC_SIO,LUH_NMC_SIO/P007_3,0.8,pchp_method,18,False,False,False,,,,,,,0,,0,0,,18,0,0.0
LUH_NMC_SIO,LUH_NMC_SIO/P007_3,0.9,protected_state,18,False,False,False,,,,,,,0,,0,0,,18,0,0.0
LUH_NMC_SIO,LUH_NMC_SIO/P007_3,0.9,fixed_shift,18,False,False,False,,,,,,,0,,0,0,,18,0,0.0
LUH_NMC_SIO,LUH_NMC_SIO/P007_3,0.9,pchp_method,18,False,False,False,,,,,,,0,,0,0,,18,0,0.0
LUH_NMC_SIO,LUH_NMC_SIO/P008_1,0.7,protected_state,18,False,False,False,,,,,,,0,,0,0,,18,0,0.0
LUH_NMC_SIO,LUH_NMC_SIO/P008_1,0.7,fixed_shift,18,False,False,False,,,,,,,0,,0,0,,18,0,0.0
LUH_NMC_SIO,LUH_NMC_SIO/P008_1,0.7,pchp_method,18,False,False,False,,,,,,,0,,0,0,,18,0,0.0
LUH_NMC_SIO,LUH_NMC_SIO/P008_1,0.8,protected_state,18,False,False,False,,,,,,,0,,0,0,,18,0,0.0
LUH_NMC_SIO,LUH_NMC_SIO/P008_1,0.8,fixed_shift,18,False,False,False,,,,,,,0,,0,0,,18,0,0.0
LUH_NMC_SIO,LUH_NMC_SIO/P008_1,0.8,pchp_method,18,False,False,False,,,,,,,0,,0,0,,18,0,0.0
LUH_NMC_SIO,LUH_NMC_SIO/P008_1,0.9,protected_state,18,False,False,False,,,,,,,0,,0,0,,18,0,0.0
LUH_NMC_SIO,LUH_NMC_SIO/P008_1,0.9,fixed_shift,18,False,False,False,,,,,,,0,,0,0,,18,0,0.0
LUH_NMC_SIO,LUH_NMC_SIO/P008_1,0.9,pchp_method,18,False,False,False,,,,,,,0,,0,0,,18,0,0.0
LUH_NMC_SIO,LUH_NMC_SIO/P008_2,0.7,protected_state,18,False,False,False,,,,,,,0,,0,0,,18,0,0.0
LUH_NMC_SIO,LUH_NMC_SIO/P008_2,0.7,fixed_shift,18,False,False,False,,,,,,,0,,0,0,,18,0,0.0
LUH_NMC_SIO,LUH_NMC_SIO/P008_2,0.7,pchp_method,18,False,False,False,,,,,,,0,,0,0,,18,0,0.0
LUH_NMC_SIO,LUH_NMC_SIO/P008_2,0.8,protected_state,18,False,False,False,,,,,,,0,,0,0,,18,0,0.0
LUH_NMC_SIO,LUH_NMC_SIO/P008_2,0.8,fixed_shift,18,False,False,False,,,,,,,0,,0,0,,18,0,0.0
LUH_NMC_SIO,LUH_NMC_SIO/P008_2,0.8,pchp_method,18,False,False,False,,,,,,,0,,0,0,,18,0,0.0
LUH_NMC_SIO,LUH_NMC_SIO/P008_2,0.9,protected_state,18,False,False,False,,,,,,,0,,0,0,,18,0,0.0
LUH_NMC_SIO,LUH_NMC_SIO/P008_2,0.9,fixed_shift,18,False,False,False,,,,,,,0,,0,0,,18,0,0.0
LUH_NMC_SIO,LUH_NMC_SIO/P008_2,0.9,pchp_method,18,False,False,False,,,,,,,0,,0,0,,18,0,0.0
LUH_NMC_SIO,LUH_NMC_SIO/P008_3,0.7,protected_state,18,False,False,False,,,,,,,0,,0,0,,18,0,0.0
LUH_NMC_SIO,LUH_NMC_SIO/P008_3,0.7,fixed_shift,18,False,False,False,,,,,,,0,,0,0,,18,0,0.0
LUH_NMC_SIO,LUH_NMC_SIO/P008_3,0.7,pchp_method,18,False,False,False,,,,,,,0,,0,0,,18,0,0.0
LUH_NMC_SIO,LUH_NMC_SIO/P008_3,0.8,protected_state,18,False,False,False,,,,,,,0,,0,0,,18,0,0.0
LUH_NMC_SIO,LUH_NMC_SIO/P008_3,0.8,fixed_shift,18,False,False,False,,,,,,,0,,0,0,,18,0,0.0
LUH_NMC_SIO,LUH_NMC_SIO/P008_3,0.8,pchp_method,18,False,False,False,,,,,,,0,,0,0,,18,0,0.0
LUH_NMC_SIO,LUH_NMC_SIO/P008_3,0.9,protected_state,18,False,False,False,,,,,,,0,,0,0,,18,0,0.0
LUH_NMC_SIO,LUH_NMC_SIO/P008_3,0.9,fixed_shift,18,False,False,False,,,,,,,0,,0,0,,18,0,0.0
LUH_NMC_SIO,LUH_NMC_SIO/P008_3,0.9,pchp_method,18,False,False,False,,,,,,,0,,0,0,,18,0,0.0
LUH_NMC_SIO,LUH_NMC_SIO/P009_1,0.7,protected_state,18,False,False,False,,,,,,,0,,0,0,,18,0,0.0
LUH_NMC_SIO,LUH_NMC_SIO/P009_1,0.7,fixed_shift,18,False,False,False,,,,,,,0,,0,0,,18,0,0.0
LUH_NMC_SIO,LUH_NMC_SIO/P009_1,0.7,pchp_method,18,False,False,False,,,,,,,0,,0,0,,18,0,0.0
LUH_NMC_SIO,LUH_NMC_SIO/P009_1,0.8,protected_state,18,False,False,False,,,,,,,0,,0,0,,18,0,0.0
LUH_NMC_SIO,LUH_NMC_SIO/P009_1,0.8,fixed_shift,18,False,False,False,,,,,,,0,,0,0,,18,0,0.0
LUH_NMC_SIO,LUH_NMC_SIO/P009_1,0.8,pchp_method,18,False,False,False,,,,,,,0,,0,0,,18,0,0.0
LUH_NMC_SIO,LUH_NMC_SIO/P009_1,0.9,protected_state,18,False,False,False,,,,,,,0,,0,0,,18,0,0.0
LUH_NMC_SIO,LUH_NMC_SIO/P009_1,0.9,fixed_shift,18,False,False,False,,,,,,,0,,0,0,,18,0,0.0
LUH_NMC_SIO,LUH_NMC_SIO/P009_1,0.9,pchp_method,18,False,False,False,,,,,,,0,,0,0,,18,0,0.0
LUH_NMC_SIO,LUH_NMC_SIO/P009_2,0.7,protected_state,18,False,False,False,,,,,,,0,,0,0,,18,0,0.0
LUH_NMC_SIO,LUH_NMC_SIO/P009_2,0.7,fixed_shift,18,False,False,False,,,,,,,0,,0,0,,18,0,0.0
LUH_NMC_SIO,LUH_NMC_SIO/P009_2,0.7,pchp_method,18,False,False,False,,,,,,,0,,0,0,,18,0,0.0
LUH_NMC_SIO,LUH_NMC_SIO/P009_2,0.8,protected_state,18,False,False,False,,,,,,,0,,0,0,,18,0,0.0
LUH_NMC_SIO,LUH_NMC_SIO/P009_2,0.8,fixed_shift,18,False,False,False,,,,,,,0,,0,0,,18,0,0.0
LUH_NMC_SIO,LUH_NMC_SIO/P009_2,0.8,pchp_method,18,False,False,False,,,,,,,0,,0,0,,18,0,0.0
LUH_NMC_SIO,LUH_NMC_SIO/P009_2,0.9,protected_state,18,False,False,False,,,,,,,0,,0,0,,18,0,0.0
LUH_NMC_SIO,LUH_NMC_SIO/P009_2,0.9,fixed_shift,18,False,False,False,,,,,,,0,,0,0,,18,0,0.0
LUH_NMC_SIO,LUH_NMC_SIO/P009_2,0.9,pchp_method,18,False,False,False,,,,,,,0,,0,0,,18,0,0.0
LUH_NMC_SIO,LUH_NMC_SIO/P009_3,0.7,protected_state,18,False,False,False,,,,,,,0,,0,0,,18,0,0.0
LUH_NMC_SIO,LUH_NMC_SIO/P009_3,0.7,fixed_shift,18,False,False,False,,,,,,,0,,0,0,,18,0,0.0
LUH_NMC_SIO,LUH_NMC_SIO/P009_3,0.7,pchp_method,18,False,False,False,,,,,,,0,,0,0,,18,0,0.0
LUH_NMC_SIO,LUH_NMC_SIO/P009_3,0.8,protected_state,18,False,False,False,,,,,,,0,,0,0,,18,0,0.0
LUH_NMC_SIO,LUH_NMC_SIO/P009_3,0.8,fixed_shift,18,False,False,False,,,,,,,0,,0,0,,18,0,0.0
LUH_NMC_SIO,LUH_NMC_SIO/P009_3,0.8,pchp_method,18,False,False,False,,,,,,,0,,0,0,,18,0,0.0
LUH_NMC_SIO,LUH_NMC_SIO/P009_3,0.9,protected_state,18,False,False,False,,,,,,,0,,0,0,,18,0,0.0
LUH_NMC_SIO,LUH_NMC_SIO/P009_3,0.9,fixed_shift,18,False,False,False,,,,,,,0,,0,0,,18,0,0.0
LUH_NMC_SIO,LUH_NMC_SIO/P009_3,0.9,pchp_method,18,False,False,False,,,,,,,0,,0,0,,18,0,0.0
LUH_NMC_SIO,LUH_NMC_SIO/P010_1,0.7,protected_state,18,False,False,False,,,,,,,0,,0,0,,18,0,0.0
LUH_NMC_SIO,LUH_NMC_SIO/P010_1,0.7,fixed_shift,18,False,False,False,,,,,,,0,,0,0,,18,0,0.0
LUH_NMC_SIO,LUH_NMC_SIO/P010_1,0.7,pchp_method,18,False,False,False,,,,,,,0,,0,0,,18,0,0.0
LUH_NMC_SIO,LUH_NMC_SIO/P010_1,0.8,protected_state,18,False,False,False,,,,,,,0,,0,0,,18,0,0.0
LUH_NMC_SIO,LUH_NMC_SIO/P010_1,0.8,fixed_shift,18,False,False,False,,,,,,,0,,0,0,,18,0,0.0
LUH_NMC_SIO,LUH_NMC_SIO/P010_1,0.8,pchp_method,18,False,False,False,,,,,,,0,,0,0,,18,0,0.0
LUH_NMC_SIO,LUH_NMC_SIO/P010_1,0.9,protected_state,18,False,False,False,,,,,,,0,,0,0,,18,0,0.0
LUH_NMC_SIO,LUH_NMC_SIO/P010_1,0.9,fixed_shift,18,False,False,False,,,,,,,0,,0,0,,18,0,0.0
LUH_NMC_SIO,LUH_NMC_SIO/P010_1,0.9,pchp_method,18,False,False,False,,,,,,,0,,0,0,,18,0,0.0
LUH_NMC_SIO,LUH_NMC_SIO/P010_2,0.7,protected_state,18,False,False,False,,,,,,,0,,0,0,,18,0,0.0
LUH_NMC_SIO,LUH_NMC_SIO/P010_2,0.7,fixed_shift,18,False,False,False,,,,,,,0,,0,0,,18,0,0.0
LUH_NMC_SIO,LUH_NMC_SIO/P010_2,0.7,pchp_method,18,False,False,False,,,,,,,0,,0,0,,18,0,0.0
LUH_NMC_SIO,LUH_NMC_SIO/P010_2,0.8,protected_state,18,False,False,False,,,,,,,0,,0,0,,18,0,0.0
LUH_NMC_SIO,LUH_NMC_SIO/P010_2,0.8,fixed_shift,18,False,False,False,,,,,,,0,,0,0,,18,0,0.0
LUH_NMC_SIO,LUH_NMC_SIO/P010_2,0.8,pchp_method,18,False,False,False,,,,,,,0,,0,0,,18,0,0.0
LUH_NMC_SIO,LUH_NMC_SIO/P010_2,0.9,protected_state,18,False,False,False,,,,,,,0,,0,0,,18,0,0.0
LUH_NMC_SIO,LUH_NMC_SIO/P010_2,0.9,fixed_shift,18,False,False,False,,,,,,,0,,0,0,,18,0,0.0
LUH_NMC_SIO,LUH_NMC_SIO/P010_2,0.9,pchp_method,18,False,False,False,,,,,,,0,,0,0,,18,0,0.0
LUH_NMC_SIO,LUH_NMC_SIO/P010_3,0.7,protected_state,18,False,False,False,,,,,,,0,,0,0,,18,0,0.0
LUH_NMC_SIO,LUH_NMC_SIO/P010_3,0.7,fixed_shift,18,False,False,False,,,,,,,0,,0,0,,18,0,0.0
LUH_NMC_SIO,LUH_NMC_SIO/P010_3,0.7,pchp_method,18,False,False,False,,,,,,,0,,0,0,,18,0,0.0
LUH_NMC_SIO,LUH_NMC_SIO/P010_3,0.8,protected_state,18,False,False,False,,,,,,,0,,0,0,,18,0,0.0
LUH_NMC_SIO,LUH_NMC_SIO/P010_3,0.8,fixed_shift,18,False,False,False,,,,,,,0,,0,0,,18,0,0.0
LUH_NMC_SIO,LUH_NMC_SIO/P010_3,0.8,pchp_method,18,False,False,False,,,,,,,0,,0,0,,18,0,0.0
LUH_NMC_SIO,LUH_NMC_SIO/P010_3,0.9,protected_state,18,False,False,False,,,,,,,0,,0,0,,18,0,0.0
LUH_NMC_SIO,LUH_NMC_SIO/P010_3,0.9,fixed_shift,18,False,False,False,,,,,,,0,,0,0,,18,0,0.0
LUH_NMC_SIO,LUH_NMC_SIO/P010_3,0.9,pchp_method,18,False,False,False,,,,,,,0,,0,0,,18,0,0.0
LUH_NMC_SIO,LUH_NMC_SIO/P011_1,0.7,protected_state,18,False,False,False,,,,,,,0,,0,0,,18,0,0.0
LUH_NMC_SIO,LUH_NMC_SIO/P011_1,0.7,fixed_shift,18,False,False,False,,,,,,,0,,0,0,,18,0,0.0
LUH_NMC_SIO,LUH_NMC_SIO/P011_1,0.7,pchp_method,18,False,False,False,,,,,,,0,,0,0,,18,0,0.0
LUH_NMC_SIO,LUH_NMC_SIO/P011_1,0.8,protected_state,18,False,False,False,,,,,,,0,,0,0,,18,0,0.0
LUH_NMC_SIO,LUH_NMC_SIO/P011_1,0.8,fixed_shift,18,False,False,False,,,,,,,0,,0,0,,18,0,0.0
LUH_NMC_SIO,LUH_NMC_SIO/P011_1,0.8,pchp_method,18,False,False,False,,,,,,,0,,0,0,,18,0,0.0
LUH_NMC_SIO,LUH_NMC_SIO/P011_1,0.9,protected_state,18,False,False,False,,,,,,,0,,0,0,,18,0,0.0
LUH_NMC_SIO,LUH_NMC_SIO/P011_1,0.9,fixed_shift,18,False,False,False,,,,,,,0,,0,0,,18,0,0.0
LUH_NMC_SIO,LUH_NMC_SIO/P011_1,0.9,pchp_method,18,False,False,False,,,,,,,0,,0,0,,18,0,0.0
LUH_NMC_SIO,LUH_NMC_SIO/P011_2,0.7,protected_state,18,False,False,False,,,,,,,0,,0,0,,18,0,0.0
LUH_NMC_SIO,LUH_NMC_SIO/P011_2,0.7,fixed_shift,18,False,False,False,,,,,,,0,,0,0,,18,0,0.0
LUH_NMC_SIO,LUH_NMC_SIO/P011_2,0.7,pchp_method,18,False,False,False,,,,,,,0,,0,0,,18,0,0.0
LUH_NMC_SIO,LUH_NMC_SIO/P011_2,0.8,protected_state,18,False,False,False,,,,,,,0,,0,0,,18,0,0.0
LUH_NMC_SIO,LUH_NMC_SIO/P011_2,0.8,fixed_shift,18,False,False,False,,,,,,,0,,0,0,,18,0,0.0
LUH_NMC_SIO,LUH_NMC_SIO/P011_2,0.8,pchp_method,18,False,False,False,,,,,,,0,,0,0,,18,0,0.0
LUH_NMC_SIO,LUH_NMC_SIO/P011_2,0.9,protected_state,18,False,False,False,,,,,,,0,,0,0,,18,0,0.0
LUH_NMC_SIO,LUH_NMC_SIO/P011_2,0.9,fixed_shift,18,False,False,False,,,,,,,0,,0,0,,18,0,0.0
LUH_NMC_SIO,LUH_NMC_SIO/P011_2,0.9,pchp_method,18,False,False,False,,,,,,,0,,0,0,,18,0,0.0
LUH_NMC_SIO,LUH_NMC_SIO/P011_3,0.7,protected_state,18,False,False,False,,,,,,,0,,0,0,,18,0,0.0
LUH_NMC_SIO,LUH_NMC_SIO/P011_3,0.7,fixed_shift,18,False,False,False,,,,,,,0,,0,0,,18,0,0.0
LUH_NMC_SIO,LUH_NMC_SIO/P011_3,0.7,pchp_method,18,False,False,False,,,,,,,0,,0,0,,18,0,0.0
LUH_NMC_SIO,LUH_NMC_SIO/P011_3,0.8,protected_state,18,False,False,False,,,,,,,0,,0,0,,18,0,0.0
LUH_NMC_SIO,LUH_NMC_SIO/P011_3,0.8,fixed_shift,18,False,False,False,,,,,,,0,,0,0,,18,0,0.0
LUH_NMC_SIO,LUH_NMC_SIO/P011_3,0.8,pchp_method,18,False,False,False,,,,,,,0,,0,0,,18,0,0.0
LUH_NMC_SIO,LUH_NMC_SIO/P011_3,0.9,protected_state,18,False,False,False,,,,,,,0,,0,0,,18,0,0.0
LUH_NMC_SIO,LUH_NMC_SIO/P011_3,0.9,fixed_shift,18,False,False,False,,,,,,,0,,0,0,,18,0,0.0
LUH_NMC_SIO,LUH_NMC_SIO/P011_3,0.9,pchp_method,18,False,False,False,,,,,,,0,,0,0,,18,0,0.0
LUH_NMC_SIO,LUH_NMC_SIO/P012_1,0.7,protected_state,18,False,False,False,,,,,,,0,,0,0,,18,0,0.0
LUH_NMC_SIO,LUH_NMC_SIO/P012_1,0.7,fixed_shift,18,False,False,False,,,,,,,0,,0,0,,18,0,0.0
LUH_NMC_SIO,LUH_NMC_SIO/P012_1,0.7,pchp_method,18,False,False,False,,,,,,,0,,0,0,,18,0,0.0
LUH_NMC_SIO,LUH_NMC_SIO/P012_1,0.8,protected_state,18,False,False,False,,,,,,,0,,0,0,,18,0,0.0
LUH_NMC_SIO,LUH_NMC_SIO/P012_1,0.8,fixed_shift,18,False,False,False,,,,,,,0,,0,0,,18,0,0.0
LUH_NMC_SIO,LUH_NMC_SIO/P012_1,0.8,pchp_method,18,False,False,False,,,,,,,0,,0,0,,18,0,0.0
LUH_NMC_SIO,LUH_NMC_SIO/P012_1,0.9,protected_state,18,True,False,False,18.0,,1.0,1.0,,1.0,0,0.0,1,1,1.0,17,0,0.0
LUH_NMC_SIO,LUH_NMC_SIO/P012_1,0.9,fixed_shift,18,True,False,False,18.0,,1.0,1.0,,1.0,0,0.0,1,1,1.0,17,0,0.0
LUH_NMC_SIO,LUH_NMC_SIO/P012_1,0.9,pchp_method,18,True,False,False,18.0,,1.0,1.0,,1.0,0,0.0,1,1,1.0,17,0,0.0
LUH_NMC_SIO,LUH_NMC_SIO/P012_2,0.7,protected_state,18,False,False,False,,,,,,,0,,0,0,,18,0,0.0
LUH_NMC_SIO,LUH_NMC_SIO/P012_2,0.7,fixed_shift,18,False,False,False,,,,,,,0,,0,0,,18,0,0.0
LUH_NMC_SIO,LUH_NMC_SIO/P012_2,0.7,pchp_method,18,False,False,False,,,,,,,0,,0,0,,18,0,0.0
LUH_NMC_SIO,LUH_NMC_SIO/P012_2,0.8,protected_state,18,False,False,False,,,,,,,0,,0,0,,18,0,0.0
LUH_NMC_SIO,LUH_NMC_SIO/P012_2,0.8,fixed_shift,18,False,False,False,,,,,,,0,,0,0,,18,0,0.0
LUH_NMC_SIO,LUH_NMC_SIO/P012_2,0.8,pchp_method,18,False,False,False,,,,,,,0,,0,0,,18,0,0.0
LUH_NMC_SIO,LUH_NMC_SIO/P012_2,0.9,protected_state,18,False,False,False,,,,,,,0,,0,0,,18,0,0.0
LUH_NMC_SIO,LUH_NMC_SIO/P012_2,0.9,fixed_shift,18,False,False,False,,,,,,,0,,0,0,,18,0,0.0
LUH_NMC_SIO,LUH_NMC_SIO/P012_2,0.9,pchp_method,18,False,False,False,,,,,,,0,,0,0,,18,0,0.0
LUH_NMC_SIO,LUH_NMC_SIO/P012_3,0.7,protected_state,18,False,False,False,,,,,,,0,,0,0,,18,0,0.0
LUH_NMC_SIO,LUH_NMC_SIO/P012_3,0.7,fixed_shift,18,False,False,False,,,,,,,0,,0,0,,18,0,0.0
LUH_NMC_SIO,LUH_NMC_SIO/P012_3,0.7,pchp_method,18,False,False,False,,,,,,,0,,0,0,,18,0,0.0
LUH_NMC_SIO,LUH_NMC_SIO/P012_3,0.8,protected_state,18,False,False,False,,,,,,,0,,0,0,,18,0,0.0
LUH_NMC_SIO,LUH_NMC_SIO/P012_3,0.8,fixed_shift,18,False,False,False,,,,,,,0,,0,0,,18,0,0.0
LUH_NMC_SIO,LUH_NMC_SIO/P012_3,0.8,pchp_method,18,False,False,False,,,,,,,0,,0,0,,18,0,0.0
LUH_NMC_SIO,LUH_NMC_SIO/P012_3,0.9,protected_state,18,True,False,False,15.0,,4.0,4.0,,1.0,0,0.0,4,4,1.0,14,0,0.0
LUH_NMC_SIO,LUH_NMC_SIO/P012_3,0.9,fixed_shift,18,True,False,False,15.0,,4.0,4.0,,1.0,0,0.0,4,4,1.0,14,0,0.0
LUH_NMC_SIO,LUH_NMC_SIO/P012_3,0.9,pchp_method,18,True,False,False,15.0,,4.0,4.0,,1.0,0,0.0,4,4,1.0,14,0,0.0
LUH_NMC_SIO,LUH_NMC_SIO/P013_1,0.7,protected_state,18,False,False,False,,,,,,,0,,0,0,,18,0,0.0
LUH_NMC_SIO,LUH_NMC_SIO/P013_1,0.7,fixed_shift,18,False,False,False,,,,,,,0,,0,0,,18,0,0.0
LUH_NMC_SIO,LUH_NMC_SIO/P013_1,0.7,pchp_method,18,False,False,False,,,,,,,0,,0,0,,18,0,0.0
LUH_NMC_SIO,LUH_NMC_SIO/P013_1,0.8,protected_state,18,False,False,False,,,,,,,0,,0,0,,18,0,0.0
LUH_NMC_SIO,LUH_NMC_SIO/P013_1,0.8,fixed_shift,18,False,False,False,,,,,,,0,,0,0,,18,0,0.0
LUH_NMC_SIO,LUH_NMC_SIO/P013_1,0.8,pchp_method,18,False,False,False,,,,,,,0,,0,0,,18,0,0.0
LUH_NMC_SIO,LUH_NMC_SIO/P013_1,0.9,protected_state,18,False,False,False,,,,,,,0,,0,0,,18,0,0.0
LUH_NMC_SIO,LUH_NMC_SIO/P013_1,0.9,fixed_shift,18,False,False,False,,,,,,,0,,0,0,,18,0,0.0
LUH_NMC_SIO,LUH_NMC_SIO/P013_1,0.9,pchp_method,18,False,False,False,,,,,,,0,,0,0,,18,0,0.0
LUH_NMC_SIO,LUH_NMC_SIO/P013_2,0.7,protected_state,18,False,False,False,,,,,,,0,,0,0,,18,0,0.0
LUH_NMC_SIO,LUH_NMC_SIO/P013_2,0.7,fixed_shift,18,False,False,False,,,,,,,0,,0,0,,18,0,0.0
LUH_NMC_SIO,LUH_NMC_SIO/P013_2,0.7,pchp_method,18,False,False,False,,,,,,,0,,0,0,,18,0,0.0
LUH_NMC_SIO,LUH_NMC_SIO/P013_2,0.8,protected_state,18,False,False,False,,,,,,,0,,0,0,,18,0,0.0
LUH_NMC_SIO,LUH_NMC_SIO/P013_2,0.8,fixed_shift,18,False,False,False,,,,,,,0,,0,0,,18,0,0.0
LUH_NMC_SIO,LUH_NMC_SIO/P013_2,0.8,pchp_method,18,False,False,False,,,,,,,0,,0,0,,18,0,0.0
LUH_NMC_SIO,LUH_NMC_SIO/P013_2,0.9,protected_state,18,False,False,False,,,,,,,0,,0,0,,18,0,0.0
LUH_NMC_SIO,LUH_NMC_SIO/P013_2,0.9,fixed_shift,18,False,False,False,,,,,,,0,,0,0,,18,0,0.0
LUH_NMC_SIO,LUH_NMC_SIO/P013_2,0.9,pchp_method,18,False,False,False,,,,,,,0,,0,0,,18,0,0.0
LUH_NMC_SIO,LUH_NMC_SIO/P013_3,0.7,protected_state,18,False,False,False,,,,,,,0,,0,0,,18,0,0.0
LUH_NMC_SIO,LUH_NMC_SIO/P013_3,0.7,fixed_shift,18,False,False,False,,,,,,,0,,0,0,,18,0,0.0
LUH_NMC_SIO,LUH_NMC_SIO/P013_3,0.7,pchp_method,18,False,False,False,,,,,,,0,,0,0,,18,0,0.0
LUH_NMC_SIO,LUH_NMC_SIO/P013_3,0.8,protected_state,18,False,False,False,,,,,,,0,,0,0,,18,0,0.0
LUH_NMC_SIO,LUH_NMC_SIO/P013_3,0.8,fixed_shift,18,False,False,False,,,,,,,0,,0,0,,18,0,0.0
LUH_NMC_SIO,LUH_NMC_SIO/P013_3,0.8,pchp_method,18,False,False,False,,,,,,,0,,0,0,,18,0,0.0
LUH_NMC_SIO,LUH_NMC_SIO/P013_3,0.9,protected_state,18,False,False,False,,,,,,,0,,0,0,,18,0,0.0
LUH_NMC_SIO,LUH_NMC_SIO/P013_3,0.9,fixed_shift,18,False,False,False,,,,,,,0,,0,0,,18,0,0.0
LUH_NMC_SIO,LUH_NMC_SIO/P013_3,0.9,pchp_method,18,False,False,False,,,,,,,0,,0,0,,18,0,0.0
LUH_NMC_SIO,LUH_NMC_SIO/P014_1,0.7,protected_state,18,False,False,False,,,,,,,0,,0,0,,18,0,0.0
LUH_NMC_SIO,LUH_NMC_SIO/P014_1,0.7,fixed_shift,18,False,False,False,,,,,,,0,,0,0,,18,0,0.0
LUH_NMC_SIO,LUH_NMC_SIO/P014_1,0.7,pchp_method,18,False,False,False,,,,,,,0,,0,0,,18,0,0.0
LUH_NMC_SIO,LUH_NMC_SIO/P014_1,0.8,protected_state,18,False,False,False,,,,,,,0,,0,0,,18,0,0.0
LUH_NMC_SIO,LUH_NMC_SIO/P014_1,0.8,fixed_shift,18,False,False,False,,,,,,,0,,0,0,,18,0,0.0
LUH_NMC_SIO,LUH_NMC_SIO/P014_1,0.8,pchp_method,18,False,False,False,,,,,,,0,,0,0,,18,0,0.0
LUH_NMC_SIO,LUH_NMC_SIO/P014_1,0.9,protected_state,18,False,False,False,,,,,,,0,,0,0,,18,0,0.0
LUH_NMC_SIO,LUH_NMC_SIO/P014_1,0.9,fixed_shift,18,False,False,False,,,,,,,0,,0,0,,18,0,0.0
LUH_NMC_SIO,LUH_NMC_SIO/P014_1,0.9,pchp_method,18,False,False,False,,,,,,,0,,0,0,,18,0,0.0
LUH_NMC_SIO,LUH_NMC_SIO/P014_2,0.7,protected_state,18,False,False,False,,,,,,,0,,0,0,,18,0,0.0
LUH_NMC_SIO,LUH_NMC_SIO/P014_2,0.7,fixed_shift,18,False,False,False,,,,,,,0,,0,0,,18,0,0.0
LUH_NMC_SIO,LUH_NMC_SIO/P014_2,0.7,pchp_method,18,False,False,False,,,,,,,0,,0,0,,18,0,0.0
LUH_NMC_SIO,LUH_NMC_SIO/P014_2,0.8,protected_state,18,False,False,False,,,,,,,0,,0,0,,18,0,0.0
LUH_NMC_SIO,LUH_NMC_SIO/P014_2,0.8,fixed_shift,18,False,False,False,,,,,,,0,,0,0,,18,0,0.0
LUH_NMC_SIO,LUH_NMC_SIO/P014_2,0.8,pchp_method,18,False,False,False,,,,,,,0,,0,0,,18,0,0.0
LUH_NMC_SIO,LUH_NMC_SIO/P014_2,0.9,protected_state,18,False,False,False,,,,,,,0,,0,0,,18,0,0.0
LUH_NMC_SIO,LUH_NMC_SIO/P014_2,0.9,fixed_shift,18,False,False,False,,,,,,,0,,0,0,,18,0,0.0
LUH_NMC_SIO,LUH_NMC_SIO/P014_2,0.9,pchp_method,18,False,False,False,,,,,,,0,,0,0,,18,0,0.0
LUH_NMC_SIO,LUH_NMC_SIO/P014_3,0.7,protected_state,18,False,False,False,,,,,,,0,,0,0,,18,0,0.0
LUH_NMC_SIO,LUH_NMC_SIO/P014_3,0.7,fixed_shift,18,False,False,False,,,,,,,0,,0,0,,18,0,0.0
LUH_NMC_SIO,LUH_NMC_SIO/P014_3,0.7,pchp_method,18,False,False,False,,,,,,,0,,0,0,,18,0,0.0
LUH_NMC_SIO,LUH_NMC_SIO/P014_3,0.8,protected_state,18,False,False,False,,,,,,,0,,0,0,,18,0,0.0
LUH_NMC_SIO,LUH_NMC_SIO/P014_3,0.8,fixed_shift,18,False,False,False,,,,,,,0,,0,0,,18,0,0.0
LUH_NMC_SIO,LUH_NMC_SIO/P014_3,0.8,pchp_method,18,False,False,False,,,,,,,0,,0,0,,18,0,0.0
LUH_NMC_SIO,LUH_NMC_SIO/P014_3,0.9,protected_state,18,False,False,False,,,,,,,0,,0,0,,18,0,0.0
LUH_NMC_SIO,LUH_NMC_SIO/P014_3,0.9,fixed_shift,18,False,False,False,,,,,,,0,,0,0,,18,0,0.0
LUH_NMC_SIO,LUH_NMC_SIO/P014_3,0.9,pchp_method,18,False,False,False,,,,,,,0,,0,0,,18,0,0.0
LUH_NMC_SIO,LUH_NMC_SIO/P015_1,0.7,protected_state,18,False,False,False,,,,,,,0,,0,0,,18,0,0.0
LUH_NMC_SIO,LUH_NMC_SIO/P015_1,0.7,fixed_shift,18,False,False,False,,,,,,,0,,0,0,,18,0,0.0
LUH_NMC_SIO,LUH_NMC_SIO/P015_1,0.7,pchp_method,18,False,False,False,,,,,,,0,,0,0,,18,0,0.0
LUH_NMC_SIO,LUH_NMC_SIO/P015_1,0.8,protected_state,18,True,False,False,18.0,,1.0,1.0,,1.0,0,0.0,1,1,1.0,17,0,0.0
LUH_NMC_SIO,LUH_NMC_SIO/P015_1,0.8,fixed_shift,18,True,False,False,18.0,,1.0,1.0,,1.0,0,0.0,1,1,1.0,17,0,0.0
LUH_NMC_SIO,LUH_NMC_SIO/P015_1,0.8,pchp_method,18,True,False,False,18.0,,1.0,1.0,,1.0,0,0.0,1,1,1.0,17,0,0.0
LUH_NMC_SIO,LUH_NMC_SIO/P015_1,0.9,protected_state,18,True,False,False,11.0,,8.0,8.0,,1.0,0,0.0,8,8,1.0,10,0,0.0
LUH_NMC_SIO,LUH_NMC_SIO/P015_1,0.9,fixed_shift,18,True,False,False,11.0,,8.0,8.0,,1.0,0,0.0,8,8,1.0,10,0,0.0
LUH_NMC_SIO,LUH_NMC_SIO/P015_1,0.9,pchp_method,18,True,False,False,11.0,,8.0,8.0,,1.0,0,0.0,8,8,1.0,10,0,0.0
LUH_NMC_SIO,LUH_NMC_SIO/P015_2,0.7,protected_state,18,False,False,False,,,,,,,0,,0,0,,18,0,0.0
LUH_NMC_SIO,LUH_NMC_SIO/P015_2,0.7,fixed_shift,18,False,False,False,,,,,,,0,,0,0,,18,0,0.0
LUH_NMC_SIO,LUH_NMC_SIO/P015_2,0.7,pchp_method,18,False,False,False,,,,,,,0,,0,0,,18,0,0.0
LUH_NMC_SIO,LUH_NMC_SIO/P015_2,0.8,protected_state,18,False,False,False,,,,,,,0,,0,0,,18,0,0.0
LUH_NMC_SIO,LUH_NMC_SIO/P015_2,0.8,fixed_shift,18,False,False,False,,,,,,,0,,0,0,,18,0,0.0
LUH_NMC_SIO,LUH_NMC_SIO/P015_2,0.8,pchp_method,18,False,False,False,,,,,,,0,,0,0,,18,0,0.0
LUH_NMC_SIO,LUH_NMC_SIO/P015_2,0.9,protected_state,18,True,False,False,12.0,,7.0,7.0,,1.0,0,0.0,7,7,1.0,11,0,0.0
LUH_NMC_SIO,LUH_NMC_SIO/P015_2,0.9,fixed_shift,18,True,False,False,12.0,,7.0,7.0,,1.0,0,0.0,7,7,1.0,11,0,0.0
LUH_NMC_SIO,LUH_NMC_SIO/P015_2,0.9,pchp_method,18,True,False,False,12.0,,7.0,7.0,,1.0,0,0.0,7,7,1.0,11,0,0.0
LUH_NMC_SIO,LUH_NMC_SIO/P015_3,0.7,protected_state,18,False,False,False,,,,,,,0,,0,0,,18,0,0.0
LUH_NMC_SIO,LUH_NMC_SIO/P015_3,0.7,fixed_shift,18,False,False,False,,,,,,,0,,0,0,,18,0,0.0
LUH_NMC_SIO,LUH_NMC_SIO/P015_3,0.7,pchp_method,18,False,False,False,,,,,,,0,,0,0,,18,0,0.0
LUH_NMC_SIO,LUH_NMC_SIO/P015_3,0.8,protected_state,18,False,False,False,,,,,,,0,,0,0,,18,0,0.0
LUH_NMC_SIO,LUH_NMC_SIO/P015_3,0.8,fixed_shift,18,False,False,False,,,,,,,0,,0,0,,18,0,0.0
LUH_NMC_SIO,LUH_NMC_SIO/P015_3,0.8,pchp_method,18,False,False,False,,,,,,,0,,0,0,,18,0,0.0
LUH_NMC_SIO,LUH_NMC_SIO/P015_3,0.9,protected_state,18,True,False,False,12.0,,7.0,7.0,,1.0,0,0.0,7,7,1.0,11,0,0.0
LUH_NMC_SIO,LUH_NMC_SIO/P015_3,0.9,fixed_shift,18,True,False,False,12.0,,7.0,7.0,,1.0,0,0.0,7,7,1.0,11,0,0.0
LUH_NMC_SIO,LUH_NMC_SIO/P015_3,0.9,pchp_method,18,True,False,False,12.0,,7.0,7.0,,1.0,0,0.0,7,7,1.0,11,0,0.0
LUH_NMC_SIO,LUH_NMC_SIO/P016_1,0.7,protected_state,18,False,False,False,,,,,,,0,,0,0,,18,0,0.0
LUH_NMC_SIO,LUH_NMC_SIO/P016_1,0.7,fixed_shift,18,False,False,False,,,,,,,0,,0,0,,18,0,0.0
LUH_NMC_SIO,LUH_NMC_SIO/P016_1,0.7,pchp_method,18,False,False,False,,,,,,,0,,0,0,,18,0,0.0
LUH_NMC_SIO,LUH_NMC_SIO/P016_1,0.8,protected_state,18,False,False,False,,,,,,,0,,0,0,,18,0,0.0
LUH_NMC_SIO,LUH_NMC_SIO/P016_1,0.8,fixed_shift,18,False,False,False,,,,,,,0,,0,0,,18,0,0.0
LUH_NMC_SIO,LUH_NMC_SIO/P016_1,0.8,pchp_method,18,False,False,False,,,,,,,0,,0,0,,18,0,0.0
LUH_NMC_SIO,LUH_NMC_SIO/P016_1,0.9,protected_state,18,True,False,False,12.0,,7.0,7.0,,1.0,0,0.0,7,7,1.0,11,0,0.0
LUH_NMC_SIO,LUH_NMC_SIO/P016_1,0.9,fixed_shift,18,True,False,False,12.0,,7.0,7.0,,1.0,0,0.0,7,7,1.0,11,0,0.0
LUH_NMC_SIO,LUH_NMC_SIO/P016_1,0.9,pchp_method,18,True,False,False,12.0,,7.0,7.0,,1.0,0,0.0,7,7,1.0,11,0,0.0
LUH_NMC_SIO,LUH_NMC_SIO/P016_2,0.7,protected_state,18,False,False,False,,,,,,,0,,0,0,,18,0,0.0
LUH_NMC_SIO,LUH_NMC_SIO/P016_2,0.7,fixed_shift,18,False,False,False,,,,,,,0,,0,0,,18,0,0.0
LUH_NMC_SIO,LUH_NMC_SIO/P016_2,0.7,pchp_method,18,False,False,False,,,,,,,0,,0,0,,18,0,0.0
LUH_NMC_SIO,LUH_NMC_SIO/P016_2,0.8,protected_state,18,False,False,False,,,,,,,0,,0,0,,18,0,0.0
LUH_NMC_SIO,LUH_NMC_SIO/P016_2,0.8,fixed_shift,18,False,False,False,,,,,,,0,,0,0,,18,0,0.0
LUH_NMC_SIO,LUH_NMC_SIO/P016_2,0.8,pchp_method,18,False,False,False,,,,,,,0,,0,0,,18,0,0.0
LUH_NMC_SIO,LUH_NMC_SIO/P016_2,0.9,protected_state,18,True,False,False,13.0,,6.0,6.0,,1.0,0,0.0,6,6,1.0,12,0,0.0
LUH_NMC_SIO,LUH_NMC_SIO/P016_2,0.9,fixed_shift,18,True,False,False,13.0,,6.0,6.0,,1.0,0,0.0,6,6,1.0,12,0,0.0
LUH_NMC_SIO,LUH_NMC_SIO/P016_2,0.9,pchp_method,18,True,False,False,13.0,,6.0,6.0,,1.0,0,0.0,6,6,1.0,12,0,0.0
LUH_NMC_SIO,LUH_NMC_SIO/P016_3,0.7,protected_state,18,False,False,False,,,,,,,0,,0,0,,18,0,0.0
LUH_NMC_SIO,LUH_NMC_SIO/P016_3,0.7,fixed_shift,18,False,False,False,,,,,,,0,,0,0,,18,0,0.0
LUH_NMC_SIO,LUH_NMC_SIO/P016_3,0.7,pchp_method,18,False,False,False,,,,,,,0,,0,0,,18,0,0.0
LUH_NMC_SIO,LUH_NMC_SIO/P016_3,0.8,protected_state,18,False,False,False,,,,,,,0,,0,0,,18,0,0.0
LUH_NMC_SIO,LUH_NMC_SIO/P016_3,0.8,fixed_shift,18,False,False,False,,,,,,,0,,0,0,,18,0,0.0
LUH_NMC_SIO,LUH_NMC_SIO/P016_3,0.8,pchp_method,18,False,False,False,,,,,,,0,,0,0,,18,0,0.0
LUH_NMC_SIO,LUH_NMC_SIO/P016_3,0.9,protected_state,18,True,False,False,10.0,,9.0,9.0,,1.0,0,0.0,9,9,1.0,9,0,0.0
LUH_NMC_SIO,LUH_NMC_SIO/P016_3,0.9,fixed_shift,18,True,False,False,10.0,,9.0,9.0,,1.0,0,0.0,9,9,1.0,9,0,0.0
LUH_NMC_SIO,LUH_NMC_SIO/P016_3,0.9,pchp_method,18,True,False,False,10.0,,9.0,9.0,,1.0,0,0.0,9,9,1.0,9,0,0.0
LUH_NMC_SIO,LUH_NMC_SIO/P017_1,0.7,protected_state,4,True,False,False,4.0,,1.0,1.0,,1.0,0,0.0,1,1,1.0,3,0,0.0
LUH_NMC_SIO,LUH_NMC_SIO/P017_1,0.7,fixed_shift,4,True,False,False,4.0,,1.0,1.0,,1.0,0,0.0,1,1,1.0,3,0,0.0
LUH_NMC_SIO,LUH_NMC_SIO/P017_1,0.7,pchp_method,4,True,False,False,4.0,,1.0,1.0,,1.0,0,0.0,1,1,1.0,3,0,0.0
LUH_NMC_SIO,LUH_NMC_SIO/P017_1,0.8,protected_state,4,True,False,False,4.0,,1.0,1.0,,1.0,0,0.0,1,1,1.0,3,0,0.0
LUH_NMC_SIO,LUH_NMC_SIO/P017_1,0.8,fixed_shift,4,True,False,False,4.0,,1.0,1.0,,1.0,0,0.0,1,1,1.0,3,0,0.0
LUH_NMC_SIO,LUH_NMC_SIO/P017_1,0.8,pchp_method,4,True,False,False,4.0,,1.0,1.0,,1.0,0,0.0,1,1,1.0,3,0,0.0
LUH_NMC_SIO,LUH_NMC_SIO/P017_1,0.9,protected_state,4,True,True,True,2.0,1.0,-1.0,1.0,-70.81666666666666,0.0,1,0.0,3,0,0.0,1,1,1.0
LUH_NMC_SIO,LUH_NMC_SIO/P017_1,0.9,fixed_shift,4,True,True,True,2.0,1.0,-1.0,1.0,-70.81666666666666,0.0,1,0.0,3,0,0.0,1,1,1.0
LUH_NMC_SIO,LUH_NMC_SIO/P017_1,0.9,pchp_method,4,True,True,True,2.0,1.0,-1.0,1.0,-70.81666666666666,0.0,1,0.0,3,0,0.0,1,1,1.0
LUH_NMC_SIO,LUH_NMC_SIO/P017_2,0.7,protected_state,4,True,False,False,4.0,,1.0,1.0,,1.0,0,0.0,1,1,1.0,3,0,0.0
LUH_NMC_SIO,LUH_NMC_SIO/P017_2,0.7,fixed_shift,4,True,False,False,4.0,,1.0,1.0,,1.0,0,0.0,1,1,1.0,3,0,0.0
LUH_NMC_SIO,LUH_NMC_SIO/P017_2,0.7,pchp_method,4,True,False,False,4.0,,1.0,1.0,,1.0,0,0.0,1,1,1.0,3,0,0.0
LUH_NMC_SIO,LUH_NMC_SIO/P017_2,0.8,protected_state,4,True,False,False,4.0,,1.0,1.0,,1.0,0,0.0,1,1,1.0,3,0,0.0
LUH_NMC_SIO,LUH_NMC_SIO/P017_2,0.8,fixed_shift,4,True,False,False,4.0,,1.0,1.0,,1.0,0,0.0,1,1,1.0,3,0,0.0
LUH_NMC_SIO,LUH_NMC_SIO/P017_2,0.8,pchp_method,4,True,False,False,4.0,,1.0,1.0,,1.0,0,0.0,1,1,1.0,3,0,0.0
LUH_NMC_SIO,LUH_NMC_SIO/P017_2,0.9,protected_state,4,True,True,True,1.0,1.0,0.0,0.0,0.0,0.0,0,1.0,4,0,0.0,0,0,
LUH_NMC_SIO,LUH_NMC_SIO/P017_2,0.9,fixed_shift,4,True,True,True,1.0,1.0,0.0,0.0,0.0,0.0,0,1.0,4,0,0.0,0,0,
LUH_NMC_SIO,LUH_NMC_SIO/P017_2,0.9,pchp_method,4,True,True,True,1.0,1.0,0.0,0.0,0.0,0.0,0,1.0,4,0,0.0,0,0,
LUH_NMC_SIO,LUH_NMC_SIO/P017_3,0.7,protected_state,4,True,False,False,4.0,,1.0,1.0,,1.0,0,0.0,1,1,1.0,3,0,0.0
LUH_NMC_SIO,LUH_NMC_SIO/P017_3,0.7,fixed_shift,4,True,False,False,4.0,,1.0,1.0,,1.0,0,0.0,1,1,1.0,3,0,0.0
LUH_NMC_SIO,LUH_NMC_SIO/P017_3,0.7,pchp_method,4,True,False,False,4.0,,1.0,1.0,,1.0,0,0.0,1,1,1.0,3,0,0.0
LUH_NMC_SIO,LUH_NMC_SIO/P017_3,0.8,protected_state,4,True,False,False,3.0,,2.0,2.0,,1.0,0,0.0,2,2,1.0,2,0,0.0
LUH_NMC_SIO,LUH_NMC_SIO/P017_3,0.8,fixed_shift,4,True,False,False,3.0,,2.0,2.0,,1.0,0,0.0,2,2,1.0,2,0,0.0
LUH_NMC_SIO,LUH_NMC_SIO/P017_3,0.8,pchp_method,4,True,False,False,3.0,,2.0,2.0,,1.0,0,0.0,2,2,1.0,2,0,0.0
LUH_NMC_SIO,LUH_NMC_SIO/P017_3,0.9,protected_state,4,True,True,True,1.0,1.0,0.0,0.0,0.0,0.0,0,1.0,4,0,0.0,0,0,
LUH_NMC_SIO,LUH_NMC_SIO/P017_3,0.9,fixed_shift,4,True,True,True,1.0,1.0,0.0,0.0,0.0,0.0,0,1.0,4,0,0.0,0,0,
LUH_NMC_SIO,LUH_NMC_SIO/P017_3,0.9,pchp_method,4,True,True,True,1.0,1.0,0.0,0.0,0.0,0.0,0,1.0,4,0,0.0,0,0,
LUH_NMC_SIO,LUH_NMC_SIO/P018_1,0.7,protected_state,2,False,False,False,,,,,,,0,,0,0,,2,0,0.0
LUH_NMC_SIO,LUH_NMC_SIO/P018_1,0.7,fixed_shift,2,False,False,False,,,,,,,0,,0,0,,2,0,0.0
LUH_NMC_SIO,LUH_NMC_SIO/P018_1,0.7,pchp_method,2,False,False,False,,,,,,,0,,0,0,,2,0,0.0
LUH_NMC_SIO,LUH_NMC_SIO/P018_1,0.8,protected_state,2,True,False,False,1.0,,2.0,2.0,,1.0,0,0.0,2,2,1.0,0,0,
LUH_NMC_SIO,LUH_NMC_SIO/P018_1,0.8,fixed_shift,2,True,False,False,1.0,,2.0,2.0,,1.0,0,0.0,2,2,1.0,0,0,
LUH_NMC_SIO,LUH_NMC_SIO/P018_1,0.8,pchp_method,2,True,False,False,1.0,,2.0,2.0,,1.0,0,0.0,2,2,1.0,0,0,
LUH_NMC_SIO,LUH_NMC_SIO/P018_1,0.9,protected_state,2,True,True,True,1.0,1.0,0.0,0.0,0.0,0.0,0,1.0,2,0,0.0,0,0,
LUH_NMC_SIO,LUH_NMC_SIO/P018_1,0.9,fixed_shift,2,True,True,True,1.0,1.0,0.0,0.0,0.0,0.0,0,1.0,2,0,0.0,0,0,
LUH_NMC_SIO,LUH_NMC_SIO/P018_1,0.9,pchp_method,2,True,True,True,1.0,1.0,0.0,0.0,0.0,0.0,0,1.0,2,0,0.0,0,0,
LUH_NMC_SIO,LUH_NMC_SIO/P018_2,0.7,protected_state,2,False,False,False,,,,,,,0,,0,0,,2,0,0.0
LUH_NMC_SIO,LUH_NMC_SIO/P018_2,0.7,fixed_shift,2,False,False,False,,,,,,,0,,0,0,,2,0,0.0
LUH_NMC_SIO,LUH_NMC_SIO/P018_2,0.7,pchp_method,2,False,False,False,,,,,,,0,,0,0,,2,0,0.0
LUH_NMC_SIO,LUH_NMC_SIO/P018_2,0.8,protected_state,2,True,False,False,1.0,,2.0,2.0,,1.0,0,0.0,2,2,1.0,0,0,
LUH_NMC_SIO,LUH_NMC_SIO/P018_2,0.8,fixed_shift,2,True,False,False,1.0,,2.0,2.0,,1.0,0,0.0,2,2,1.0,0,0,
LUH_NMC_SIO,LUH_NMC_SIO/P018_2,0.8,pchp_method,2,True,False,False,1.0,,2.0,2.0,,1.0,0,0.0,2,2,1.0,0,0,
LUH_NMC_SIO,LUH_NMC_SIO/P018_2,0.9,protected_state,2,True,True,True,1.0,1.0,0.0,0.0,0.0,0.0,0,1.0,2,0,0.0,0,0,
LUH_NMC_SIO,LUH_NMC_SIO/P018_2,0.9,fixed_shift,2,True,True,True,1.0,1.0,0.0,0.0,0.0,0.0,0,1.0,2,0,0.0,0,0,
LUH_NMC_SIO,LUH_NMC_SIO/P018_2,0.9,pchp_method,2,True,True,True,1.0,1.0,0.0,0.0,0.0,0.0,0,1.0,2,0,0.0,0,0,
LUH_NMC_SIO,LUH_NMC_SIO/P018_3,0.7,protected_state,1,False,False,False,,,,,,,0,,0,0,,1,0,0.0
LUH_NMC_SIO,LUH_NMC_SIO/P018_3,0.7,fixed_shift,1,False,False,False,,,,,,,0,,0,0,,1,0,0.0
LUH_NMC_SIO,LUH_NMC_SIO/P018_3,0.7,pchp_method,1,False,False,False,,,,,,,0,,0,0,,1,0,0.0
LUH_NMC_SIO,LUH_NMC_SIO/P018_3,0.8,protected_state,1,True,False,False,1.0,,1.0,1.0,,1.0,0,0.0,1,1,1.0,0,0,
LUH_NMC_SIO,LUH_NMC_SIO/P018_3,0.8,fixed_shift,1,True,False,False,1.0,,1.0,1.0,,1.0,0,0.0,1,1,1.0,0,0,
LUH_NMC_SIO,LUH_NMC_SIO/P018_3,0.8,pchp_method,1,True,False,False,1.0,,1.0,1.0,,1.0,0,0.0,1,1,1.0,0,0,
LUH_NMC_SIO,LUH_NMC_SIO/P018_3,0.9,protected_state,1,True,True,True,1.0,1.0,0.0,0.0,0.0,0.0,0,1.0,1,0,0.0,0,0,
LUH_NMC_SIO,LUH_NMC_SIO/P018_3,0.9,fixed_shift,1,True,True,True,1.0,1.0,0.0,0.0,0.0,0.0,0,1.0,1,0,0.0,0,0,
LUH_NMC_SIO,LUH_NMC_SIO/P018_3,0.9,pchp_method,1,True,True,True,1.0,1.0,0.0,0.0,0.0,0.0,0,1.0,1,0,0.0,0,0,
LUH_NMC_SIO,LUH_NMC_SIO/P021_1,0.7,protected_state,11,True,False,False,10.0,,2.0,2.0,,1.0,0,0.0,2,2,1.0,9,0,0.0
LUH_NMC_SIO,LUH_NMC_SIO/P021_1,0.7,fixed_shift,11,True,False,False,10.0,,2.0,2.0,,1.0,0,0.0,2,2,1.0,9,0,0.0
LUH_NMC_SIO,LUH_NMC_SIO/P021_1,0.7,pchp_method,11,True,False,False,10.0,,2.0,2.0,,1.0,0,0.0,2,2,1.0,9,0,0.0
LUH_NMC_SIO,LUH_NMC_SIO/P021_1,0.8,protected_state,11,True,False,False,9.0,,3.0,3.0,,1.0,0,0.0,3,3,1.0,8,0,0.0
LUH_NMC_SIO,LUH_NMC_SIO/P021_1,0.8,fixed_shift,11,True,False,False,9.0,,3.0,3.0,,1.0,0,0.0,3,3,1.0,8,0,0.0
LUH_NMC_SIO,LUH_NMC_SIO/P021_1,0.8,pchp_method,11,True,False,False,9.0,,3.0,3.0,,1.0,0,0.0,3,3,1.0,8,0,0.0
LUH_NMC_SIO,LUH_NMC_SIO/P021_1,0.9,protected_state,11,True,False,False,4.0,,8.0,8.0,,1.0,0,0.0,8,8,1.0,3,0,0.0
LUH_NMC_SIO,LUH_NMC_SIO/P021_1,0.9,fixed_shift,11,True,False,False,4.0,,8.0,8.0,,1.0,0,0.0,8,8,1.0,3,0,0.0
LUH_NMC_SIO,LUH_NMC_SIO/P021_1,0.9,pchp_method,11,True,False,False,4.0,,8.0,8.0,,1.0,0,0.0,8,8,1.0,3,0,0.0
LUH_NMC_SIO,LUH_NMC_SIO/P021_2,0.7,protected_state,10,True,False,False,10.0,,1.0,1.0,,1.0,0,0.0,1,1,1.0,9,0,0.0
LUH_NMC_SIO,LUH_NMC_SIO/P021_2,0.7,fixed_shift,10,True,False,False,10.0,,1.0,1.0,,1.0,0,0.0,1,1,1.0,9,0,0.0
LUH_NMC_SIO,LUH_NMC_SIO/P021_2,0.7,pchp_method,10,True,False,False,10.0,,1.0,1.0,,1.0,0,0.0,1,1,1.0,9,0,0.0
LUH_NMC_SIO,LUH_NMC_SIO/P021_2,0.8,protected_state,10,True,False,False,9.0,,2.0,2.0,,1.0,0,0.0,2,2,1.0,8,0,0.0
LUH_NMC_SIO,LUH_NMC_SIO/P021_2,0.8,fixed_shift,10,True,False,False,9.0,,2.0,2.0,,1.0,0,0.0,2,2,1.0,8,0,0.0
LUH_NMC_SIO,LUH_NMC_SIO/P021_2,0.8,pchp_method,10,True,False,False,9.0,,2.0,2.0,,1.0,0,0.0,2,2,1.0,8,0,0.0
LUH_NMC_SIO,LUH_NMC_SIO/P021_2,0.9,protected_state,10,True,False,False,3.0,,8.0,8.0,,1.0,0,0.0,8,8,1.0,2,0,0.0
LUH_NMC_SIO,LUH_NMC_SIO/P021_2,0.9,fixed_shift,10,True,False,False,3.0,,8.0,8.0,,1.0,0,0.0,8,8,1.0,2,0,0.0
LUH_NMC_SIO,LUH_NMC_SIO/P021_2,0.9,pchp_method,10,True,False,False,3.0,,8.0,8.0,,1.0,0,0.0,8,8,1.0,2,0,0.0
LUH_NMC_SIO,LUH_NMC_SIO/P021_3,0.7,protected_state,10,True,False,False,10.0,,1.0,1.0,,1.0,0,0.0,1,1,1.0,9,0,0.0
LUH_NMC_SIO,LUH_NMC_SIO/P021_3,0.7,fixed_shift,10,True,False,False,10.0,,1.0,1.0,,1.0,0,0.0,1,1,1.0,9,0,0.0
LUH_NMC_SIO,LUH_NMC_SIO/P021_3,0.7,pchp_method,10,True,False,False,10.0,,1.0,1.0,,1.0,0,0.0,1,1,1.0,9,0,0.0
LUH_NMC_SIO,LUH_NMC_SIO/P021_3,0.8,protected_state,10,True,False,False,8.0,,3.0,3.0,,1.0,0,0.0,3,3,1.0,7,0,0.0
LUH_NMC_SIO,LUH_NMC_SIO/P021_3,0.8,fixed_shift,10,True,False,False,8.0,,3.0,3.0,,1.0,0,0.0,3,3,1.0,7,0,0.0
LUH_NMC_SIO,LUH_NMC_SIO/P021_3,0.8,pchp_method,10,True,False,False,8.0,,3.0,3.0,,1.0,0,0.0,3,3,1.0,7,0,0.0
LUH_NMC_SIO,LUH_NMC_SIO/P021_3,0.9,protected_state,10,True,False,False,3.0,,8.0,8.0,,1.0,0,0.0,8,8,1.0,2,0,0.0
LUH_NMC_SIO,LUH_NMC_SIO/P021_3,0.9,fixed_shift,10,True,False,False,3.0,,8.0,8.0,,1.0,0,0.0,8,8,1.0,2,0,0.0
LUH_NMC_SIO,LUH_NMC_SIO/P021_3,0.9,pchp_method,10,True,False,False,3.0,,8.0,8.0,,1.0,0,0.0,8,8,1.0,2,0,0.0
LUH_NMC_SIO,LUH_NMC_SIO/P022_1,0.7,protected_state,3,False,False,False,,,,,,,0,,0,0,,3,0,0.0
LUH_NMC_SIO,LUH_NMC_SIO/P022_1,0.7,fixed_shift,3,False,False,False,,,,,,,0,,0,0,,3,0,0.0
LUH_NMC_SIO,LUH_NMC_SIO/P022_1,0.7,pchp_method,3,False,False,False,,,,,,,0,,0,0,,3,0,0.0
LUH_NMC_SIO,LUH_NMC_SIO/P022_1,0.8,protected_state,3,True,False,False,3.0,,1.0,1.0,,1.0,0,0.0,1,1,1.0,2,0,0.0
LUH_NMC_SIO,LUH_NMC_SIO/P022_1,0.8,fixed_shift,3,True,False,False,3.0,,1.0,1.0,,1.0,0,0.0,1,1,1.0,2,0,0.0
LUH_NMC_SIO,LUH_NMC_SIO/P022_1,0.8,pchp_method,3,True,False,False,3.0,,1.0,1.0,,1.0,0,0.0,1,1,1.0,2,0,0.0
LUH_NMC_SIO,LUH_NMC_SIO/P022_1,0.9,protected_state,3,True,True,True,2.0,1.0,-1.0,1.0,-89.08666666666676,0.0,1,0.0,2,0,0.0,1,1,1.0
LUH_NMC_SIO,LUH_NMC_SIO/P022_1,0.9,fixed_shift,3,True,True,True,2.0,1.0,-1.0,1.0,-89.08666666666676,0.0,1,0.0,2,0,0.0,1,1,1.0
LUH_NMC_SIO,LUH_NMC_SIO/P022_1,0.9,pchp_method,3,True,True,True,2.0,1.0,-1.0,1.0,-89.08666666666676,0.0,1,0.0,2,0,0.0,1,1,1.0
LUH_NMC_SIO,LUH_NMC_SIO/P022_2,0.7,protected_state,3,True,False,False,3.0,,1.0,1.0,,1.0,0,0.0,1,1,1.0,2,0,0.0
LUH_NMC_SIO,LUH_NMC_SIO/P022_2,0.7,fixed_shift,3,True,False,False,3.0,,1.0,1.0,,1.0,0,0.0,1,1,1.0,2,0,0.0
LUH_NMC_SIO,LUH_NMC_SIO/P022_2,0.7,pchp_method,3,True,False,False,3.0,,1.0,1.0,,1.0,0,0.0,1,1,1.0,2,0,0.0
LUH_NMC_SIO,LUH_NMC_SIO/P022_2,0.8,protected_state,3,True,False,False,3.0,,1.0,1.0,,1.0,0,0.0,1,1,1.0,2,0,0.0
LUH_NMC_SIO,LUH_NMC_SIO/P022_2,0.8,fixed_shift,3,True,False,False,3.0,,1.0,1.0,,1.0,0,0.0,1,1,1.0,2,0,0.0
LUH_NMC_SIO,LUH_NMC_SIO/P022_2,0.8,pchp_method,3,True,False,False,3.0,,1.0,1.0,,1.0,0,0.0,1,1,1.0,2,0,0.0
LUH_NMC_SIO,LUH_NMC_SIO/P022_2,0.9,protected_state,3,True,True,True,2.0,1.0,-1.0,1.0,-88.90666666666658,0.0,1,0.0,2,0,0.0,1,1,1.0
LUH_NMC_SIO,LUH_NMC_SIO/P022_2,0.9,fixed_shift,3,True,True,True,2.0,1.0,-1.0,1.0,-88.90666666666658,0.0,1,0.0,2,0,0.0,1,1,1.0
LUH_NMC_SIO,LUH_NMC_SIO/P022_2,0.9,pchp_method,3,True,True,True,2.0,1.0,-1.0,1.0,-88.90666666666658,0.0,1,0.0,2,0,0.0,1,1,1.0
LUH_NMC_SIO,LUH_NMC_SIO/P022_3,0.7,protected_state,2,False,False,False,,,,,,,0,,0,0,,2,0,0.0
LUH_NMC_SIO,LUH_NMC_SIO/P022_3,0.7,fixed_shift,2,False,False,False,,,,,,,0,,0,0,,2,0,0.0
LUH_NMC_SIO,LUH_NMC_SIO/P022_3,0.7,pchp_method,2,False,False,False,,,,,,,0,,0,0,,2,0,0.0
LUH_NMC_SIO,LUH_NMC_SIO/P022_3,0.8,protected_state,2,True,False,False,2.0,,1.0,1.0,,1.0,0,0.0,1,1,1.0,1,0,0.0
LUH_NMC_SIO,LUH_NMC_SIO/P022_3,0.8,fixed_shift,2,True,False,False,2.0,,1.0,1.0,,1.0,0,0.0,1,1,1.0,1,0,0.0
LUH_NMC_SIO,LUH_NMC_SIO/P022_3,0.8,pchp_method,2,True,False,False,2.0,,1.0,1.0,,1.0,0,0.0,1,1,1.0,1,0,0.0
LUH_NMC_SIO,LUH_NMC_SIO/P022_3,0.9,protected_state,2,True,True,True,1.0,1.0,0.0,0.0,0.0,0.0,0,1.0,2,0,0.0,0,0,
LUH_NMC_SIO,LUH_NMC_SIO/P022_3,0.9,fixed_shift,2,True,True,True,1.0,1.0,0.0,0.0,0.0,0.0,0,1.0,2,0,0.0,0,0,
LUH_NMC_SIO,LUH_NMC_SIO/P022_3,0.9,pchp_method,2,True,True,True,1.0,1.0,0.0,0.0,0.0,0.0,0,1.0,2,0,0.0,0,0,
LUH_NMC_SIO,LUH_NMC_SIO/P025_1,0.7,protected_state,18,True,False,False,18.0,,1.0,1.0,,1.0,0,0.0,1,1,1.0,17,0,0.0
LUH_NMC_SIO,LUH_NMC_SIO/P025_1,0.7,fixed_shift,18,True,False,False,18.0,,1.0,1.0,,1.0,0,0.0,1,1,1.0,17,0,0.0
LUH_NMC_SIO,LUH_NMC_SIO/P025_1,0.7,pchp_method,18,True,False,False,18.0,,1.0,1.0,,1.0,0,0.0,1,1,1.0,17,0,0.0
LUH_NMC_SIO,LUH_NMC_SIO/P025_1,0.8,protected_state,18,True,False,False,15.0,,4.0,4.0,,1.0,0,0.0,4,4,1.0,14,0,0.0
LUH_NMC_SIO,LUH_NMC_SIO/P025_1,0.8,fixed_shift,18,True,False,False,15.0,,4.0,4.0,,1.0,0,0.0,4,4,1.0,14,0,0.0
LUH_NMC_SIO,LUH_NMC_SIO/P025_1,0.8,pchp_method,18,True,False,False,15.0,,4.0,4.0,,1.0,0,0.0,4,4,1.0,14,0,0.0
LUH_NMC_SIO,LUH_NMC_SIO/P025_1,0.9,protected_state,18,True,False,False,6.0,,13.0,13.0,,1.0,0,0.0,13,13,1.0,5,0,0.0
LUH_NMC_SIO,LUH_NMC_SIO/P025_1,0.9,fixed_shift,18,True,False,False,6.0,,13.0,13.0,,1.0,0,0.0,13,13,1.0,5,0,0.0
LUH_NMC_SIO,LUH_NMC_SIO/P025_1,0.9,pchp_method,18,True,False,False,6.0,,13.0,13.0,,1.0,0,0.0,13,13,1.0,5,0,0.0
LUH_NMC_SIO,LUH_NMC_SIO/P025_2,0.7,protected_state,17,True,False,False,16.0,,2.0,2.0,,1.0,0,0.0,2,2,1.0,15,0,0.0
LUH_NMC_SIO,LUH_NMC_SIO/P025_2,0.7,fixed_shift,17,True,False,False,16.0,,2.0,2.0,,1.0,0,0.0,2,2,1.0,15,0,0.0
LUH_NMC_SIO,LUH_NMC_SIO/P025_2,0.7,pchp_method,17,True,False,False,16.0,,2.0,2.0,,1.0,0,0.0,2,2,1.0,15,0,0.0
LUH_NMC_SIO,LUH_NMC_SIO/P025_2,0.8,protected_state,17,True,False,False,14.0,,4.0,4.0,,1.0,0,0.0,4,4,1.0,13,0,0.0
LUH_NMC_SIO,LUH_NMC_SIO/P025_2,0.8,fixed_shift,17,True,False,False,14.0,,4.0,4.0,,1.0,0,0.0,4,4,1.0,13,0,0.0
LUH_NMC_SIO,LUH_NMC_SIO/P025_2,0.8,pchp_method,17,True,False,False,14.0,,4.0,4.0,,1.0,0,0.0,4,4,1.0,13,0,0.0
LUH_NMC_SIO,LUH_NMC_SIO/P025_2,0.9,protected_state,17,True,False,False,5.0,,13.0,13.0,,1.0,0,0.0,13,13,1.0,4,0,0.0
LUH_NMC_SIO,LUH_NMC_SIO/P025_2,0.9,fixed_shift,17,True,False,False,5.0,,13.0,13.0,,1.0,0,0.0,13,13,1.0,4,0,0.0
LUH_NMC_SIO,LUH_NMC_SIO/P025_2,0.9,pchp_method,17,True,False,False,5.0,,13.0,13.0,,1.0,0,0.0,13,13,1.0,4,0,0.0
LUH_NMC_SIO,LUH_NMC_SIO/P025_3,0.7,protected_state,18,True,False,False,17.0,,2.0,2.0,,1.0,0,0.0,2,2,1.0,16,0,0.0
LUH_NMC_SIO,LUH_NMC_SIO/P025_3,0.7,fixed_shift,18,True,False,False,17.0,,2.0,2.0,,1.0,0,0.0,2,2,1.0,16,0,0.0
LUH_NMC_SIO,LUH_NMC_SIO/P025_3,0.7,pchp_method,18,True,False,False,17.0,,2.0,2.0,,1.0,0,0.0,2,2,1.0,16,0,0.0
LUH_NMC_SIO,LUH_NMC_SIO/P025_3,0.8,protected_state,18,True,False,False,14.0,,5.0,5.0,,1.0,0,0.0,5,5,1.0,13,0,0.0
LUH_NMC_SIO,LUH_NMC_SIO/P025_3,0.8,fixed_shift,18,True,False,False,14.0,,5.0,5.0,,1.0,0,0.0,5,5,1.0,13,0,0.0
LUH_NMC_SIO,LUH_NMC_SIO/P025_3,0.8,pchp_method,18,True,False,False,14.0,,5.0,5.0,,1.0,0,0.0,5,5,1.0,13,0,0.0
LUH_NMC_SIO,LUH_NMC_SIO/P025_3,0.9,protected_state,18,True,False,False,5.0,,14.0,14.0,,1.0,0,0.0,14,14,1.0,4,0,0.0
LUH_NMC_SIO,LUH_NMC_SIO/P025_3,0.9,fixed_shift,18,True,False,False,5.0,,14.0,14.0,,1.0,0,0.0,14,14,1.0,4,0,0.0
LUH_NMC_SIO,LUH_NMC_SIO/P025_3,0.9,pchp_method,18,True,False,False,5.0,,14.0,14.0,,1.0,0,0.0,14,14,1.0,4,0,0.0
LUH_NMC_SIO,LUH_NMC_SIO/P026_1,0.7,protected_state,7,True,False,False,7.0,,1.0,1.0,,1.0,0,0.0,1,1,1.0,6,0,0.0
LUH_NMC_SIO,LUH_NMC_SIO/P026_1,0.7,fixed_shift,7,True,False,False,7.0,,1.0,1.0,,1.0,0,0.0,1,1,1.0,6,0,0.0
LUH_NMC_SIO,LUH_NMC_SIO/P026_1,0.7,pchp_method,7,True,False,False,7.0,,1.0,1.0,,1.0,0,0.0,1,1,1.0,6,0,0.0
LUH_NMC_SIO,LUH_NMC_SIO/P026_1,0.8,protected_state,7,True,False,False,6.0,,2.0,2.0,,1.0,0,0.0,2,2,1.0,5,0,0.0
LUH_NMC_SIO,LUH_NMC_SIO/P026_1,0.8,fixed_shift,7,True,False,False,6.0,,2.0,2.0,,1.0,0,0.0,2,2,1.0,5,0,0.0
LUH_NMC_SIO,LUH_NMC_SIO/P026_1,0.8,pchp_method,7,True,False,False,6.0,,2.0,2.0,,1.0,0,0.0,2,2,1.0,5,0,0.0
LUH_NMC_SIO,LUH_NMC_SIO/P026_1,0.9,protected_state,7,True,True,True,3.0,7.0,4.0,4.0,321.43333333333317,1.0,0,0.0,5,4,0.8,2,0,0.0
LUH_NMC_SIO,LUH_NMC_SIO/P026_1,0.9,fixed_shift,7,True,False,False,3.0,,5.0,5.0,,1.0,0,0.0,5,5,1.0,2,0,0.0
LUH_NMC_SIO,LUH_NMC_SIO/P026_1,0.9,pchp_method,7,True,True,True,3.0,7.0,4.0,4.0,321.43333333333317,1.0,0,0.0,5,4,0.8,2,0,0.0
LUH_NMC_SIO,LUH_NMC_SIO/P026_2,0.7,protected_state,7,True,False,False,7.0,,1.0,1.0,,1.0,0,0.0,1,1,1.0,6,0,0.0
LUH_NMC_SIO,LUH_NMC_SIO/P026_2,0.7,fixed_shift,7,True,False,False,7.0,,1.0,1.0,,1.0,0,0.0,1,1,1.0,6,0,0.0
LUH_NMC_SIO,LUH_NMC_SIO/P026_2,0.7,pchp_method,7,True,False,False,7.0,,1.0,1.0,,1.0,0,0.0,1,1,1.0,6,0,0.0
LUH_NMC_SIO,LUH_NMC_SIO/P026_2,0.8,protected_state,7,True,False,False,6.0,,2.0,2.0,,1.0,0,0.0,2,2,1.0,5,0,0.0
LUH_NMC_SIO,LUH_NMC_SIO/P026_2,0.8,fixed_shift,7,True,False,False,6.0,,2.0,2.0,,1.0,0,0.0,2,2,1.0,5,0,0.0
LUH_NMC_SIO,LUH_NMC_SIO/P026_2,0.8,pchp_method,7,True,False,False,6.0,,2.0,2.0,,1.0,0,0.0,2,2,1.0,5,0,0.0
LUH_NMC_SIO,LUH_NMC_SIO/P026_2,0.9,protected_state,7,True,True,True,3.0,7.0,4.0,4.0,298.50666666666666,1.0,0,0.0,5,4,0.8,2,0,0.0
LUH_NMC_SIO,LUH_NMC_SIO/P026_2,0.9,fixed_shift,7,True,False,False,3.0,,5.0,5.0,,1.0,0,0.0,5,5,1.0,2,0,0.0
LUH_NMC_SIO,LUH_NMC_SIO/P026_2,0.9,pchp_method,7,True,True,True,3.0,7.0,4.0,4.0,298.50666666666666,1.0,0,0.0,5,4,0.8,2,0,0.0
LUH_NMC_SIO,LUH_NMC_SIO/P026_3,0.7,protected_state,7,True,False,False,6.0,,2.0,2.0,,1.0,0,0.0,2,2,1.0,5,0,0.0
LUH_NMC_SIO,LUH_NMC_SIO/P026_3,0.7,fixed_shift,7,True,False,False,6.0,,2.0,2.0,,1.0,0,0.0,2,2,1.0,5,0,0.0
LUH_NMC_SIO,LUH_NMC_SIO/P026_3,0.7,pchp_method,7,True,False,False,6.0,,2.0,2.0,,1.0,0,0.0,2,2,1.0,5,0,0.0
LUH_NMC_SIO,LUH_NMC_SIO/P026_3,0.8,protected_state,7,True,False,False,6.0,,2.0,2.0,,1.0,0,0.0,2,2,1.0,5,0,0.0
LUH_NMC_SIO,LUH_NMC_SIO/P026_3,0.8,fixed_shift,7,True,False,False,6.0,,2.0,2.0,,1.0,0,0.0,2,2,1.0,5,0,0.0
LUH_NMC_SIO,LUH_NMC_SIO/P026_3,0.8,pchp_method,7,True,False,False,6.0,,2.0,2.0,,1.0,0,0.0,2,2,1.0,5,0,0.0
LUH_NMC_SIO,LUH_NMC_SIO/P026_3,0.9,protected_state,7,True,True,True,3.0,7.0,4.0,4.0,257.33333333333337,1.0,0,0.0,5,4,0.8,2,0,0.0
LUH_NMC_SIO,LUH_NMC_SIO/P026_3,0.9,fixed_shift,7,True,False,False,3.0,,5.0,5.0,,1.0,0,0.0,5,5,1.0,2,0,0.0
LUH_NMC_SIO,LUH_NMC_SIO/P026_3,0.9,pchp_method,7,True,True,True,3.0,7.0,4.0,4.0,257.33333333333337,1.0,0,0.0,5,4,0.8,2,0,0.0
LUH_NMC_SIO,LUH_NMC_SIO/P027_3,0.7,protected_state,1,False,False,False,,,,,,,0,,0,0,,1,0,0.0
LUH_NMC_SIO,LUH_NMC_SIO/P027_3,0.7,fixed_shift,1,False,False,False,,,,,,,0,,0,0,,1,0,0.0
LUH_NMC_SIO,LUH_NMC_SIO/P027_3,0.7,pchp_method,1,False,False,False,,,,,,,0,,0,0,,1,0,0.0
LUH_NMC_SIO,LUH_NMC_SIO/P027_3,0.8,protected_state,1,True,False,False,1.0,,1.0,1.0,,1.0,0,0.0,1,1,1.0,0,0,
LUH_NMC_SIO,LUH_NMC_SIO/P027_3,0.8,fixed_shift,1,True,False,False,1.0,,1.0,1.0,,1.0,0,0.0,1,1,1.0,0,0,
LUH_NMC_SIO,LUH_NMC_SIO/P027_3,0.8,pchp_method,1,True,False,False,1.0,,1.0,1.0,,1.0,0,0.0,1,1,1.0,0,0,
LUH_NMC_SIO,LUH_NMC_SIO/P027_3,0.9,protected_state,1,True,True,True,1.0,1.0,0.0,0.0,0.0,0.0,0,1.0,1,0,0.0,0,0,
LUH_NMC_SIO,LUH_NMC_SIO/P027_3,0.9,fixed_shift,1,True,True,True,1.0,1.0,0.0,0.0,0.0,0.0,0,1.0,1,0,0.0,0,0,
LUH_NMC_SIO,LUH_NMC_SIO/P027_3,0.9,pchp_method,1,True,True,True,1.0,1.0,0.0,0.0,0.0,0.0,0,1.0,1,0,0.0,0,0,
LUH_NMC_SIO,LUH_NMC_SIO/P029_1,0.7,protected_state,9,True,False,False,9.0,,1.0,1.0,,1.0,0,0.0,1,1,1.0,8,0,0.0
LUH_NMC_SIO,LUH_NMC_SIO/P029_1,0.7,fixed_shift,9,True,False,False,9.0,,1.0,1.0,,1.0,0,0.0,1,1,1.0,8,0,0.0
LUH_NMC_SIO,LUH_NMC_SIO/P029_1,0.7,pchp_method,9,True,False,False,9.0,,1.0,1.0,,1.0,0,0.0,1,1,1.0,8,0,0.0
LUH_NMC_SIO,LUH_NMC_SIO/P029_1,0.8,protected_state,9,True,False,False,8.0,,2.0,2.0,,1.0,0,0.0,2,2,1.0,7,0,0.0
LUH_NMC_SIO,LUH_NMC_SIO/P029_1,0.8,fixed_shift,9,True,False,False,8.0,,2.0,2.0,,1.0,0,0.0,2,2,1.0,7,0,0.0
LUH_NMC_SIO,LUH_NMC_SIO/P029_1,0.8,pchp_method,9,True,False,False,8.0,,2.0,2.0,,1.0,0,0.0,2,2,1.0,7,0,0.0
LUH_NMC_SIO,LUH_NMC_SIO/P029_1,0.9,protected_state,9,True,True,True,1.0,1.0,0.0,0.0,0.0,0.0,0,1.0,9,0,0.0,0,0,
LUH_NMC_SIO,LUH_NMC_SIO/P029_1,0.9,fixed_shift,9,True,True,True,1.0,1.0,0.0,0.0,0.0,0.0,0,1.0,9,0,0.0,0,0,
LUH_NMC_SIO,LUH_NMC_SIO/P029_1,0.9,pchp_method,9,True,True,True,1.0,1.0,0.0,0.0,0.0,0.0,0,1.0,9,0,0.0,0,0,
LUH_NMC_SIO,LUH_NMC_SIO/P029_2,0.7,protected_state,9,True,False,False,9.0,,1.0,1.0,,1.0,0,0.0,1,1,1.0,8,0,0.0
LUH_NMC_SIO,LUH_NMC_SIO/P029_2,0.7,fixed_shift,9,True,False,False,9.0,,1.0,1.0,,1.0,0,0.0,1,1,1.0,8,0,0.0
LUH_NMC_SIO,LUH_NMC_SIO/P029_2,0.7,pchp_method,9,True,False,False,9.0,,1.0,1.0,,1.0,0,0.0,1,1,1.0,8,0,0.0
LUH_NMC_SIO,LUH_NMC_SIO/P029_2,0.8,protected_state,9,True,False,False,8.0,,2.0,2.0,,1.0,0,0.0,2,2,1.0,7,0,0.0
LUH_NMC_SIO,LUH_NMC_SIO/P029_2,0.8,fixed_shift,9,True,False,False,8.0,,2.0,2.0,,1.0,0,0.0,2,2,1.0,7,0,0.0
LUH_NMC_SIO,LUH_NMC_SIO/P029_2,0.8,pchp_method,9,True,False,False,8.0,,2.0,2.0,,1.0,0,0.0,2,2,1.0,7,0,0.0
LUH_NMC_SIO,LUH_NMC_SIO/P029_2,0.9,protected_state,9,True,True,True,1.0,1.0,0.0,0.0,0.0,0.0,0,1.0,9,0,0.0,0,0,
LUH_NMC_SIO,LUH_NMC_SIO/P029_2,0.9,fixed_shift,9,True,True,True,1.0,1.0,0.0,0.0,0.0,0.0,0,1.0,9,0,0.0,0,0,
LUH_NMC_SIO,LUH_NMC_SIO/P029_2,0.9,pchp_method,9,True,True,True,1.0,1.0,0.0,0.0,0.0,0.0,0,1.0,9,0,0.0,0,0,
LUH_NMC_SIO,LUH_NMC_SIO/P029_3,0.7,protected_state,10,True,False,False,10.0,,1.0,1.0,,1.0,0,0.0,1,1,1.0,9,0,0.0
LUH_NMC_SIO,LUH_NMC_SIO/P029_3,0.7,fixed_shift,10,True,False,False,10.0,,1.0,1.0,,1.0,0,0.0,1,1,1.0,9,0,0.0
LUH_NMC_SIO,LUH_NMC_SIO/P029_3,0.7,pchp_method,10,True,False,False,10.0,,1.0,1.0,,1.0,0,0.0,1,1,1.0,9,0,0.0
LUH_NMC_SIO,LUH_NMC_SIO/P029_3,0.8,protected_state,10,True,False,False,9.0,,2.0,2.0,,1.0,0,0.0,2,2,1.0,8,0,0.0
LUH_NMC_SIO,LUH_NMC_SIO/P029_3,0.8,fixed_shift,10,True,False,False,9.0,,2.0,2.0,,1.0,0,0.0,2,2,1.0,8,0,0.0
LUH_NMC_SIO,LUH_NMC_SIO/P029_3,0.8,pchp_method,10,True,False,False,9.0,,2.0,2.0,,1.0,0,0.0,2,2,1.0,8,0,0.0
LUH_NMC_SIO,LUH_NMC_SIO/P029_3,0.9,protected_state,10,True,True,True,1.0,1.0,0.0,0.0,0.0,0.0,0,1.0,10,0,0.0,0,0,
LUH_NMC_SIO,LUH_NMC_SIO/P029_3,0.9,fixed_shift,10,True,True,True,1.0,1.0,0.0,0.0,0.0,0.0,0,1.0,10,0,0.0,0,0,
LUH_NMC_SIO,LUH_NMC_SIO/P029_3,0.9,pchp_method,10,True,True,True,1.0,1.0,0.0,0.0,0.0,0.0,0,1.0,10,0,0.0,0,0,
LUH_NMC_SIO,LUH_NMC_SIO/P030_1,0.7,protected_state,4,False,False,False,,,,,,,0,,0,0,,4,0,0.0
LUH_NMC_SIO,LUH_NMC_SIO/P030_1,0.7,fixed_shift,4,False,False,False,,,,,,,0,,0,0,,4,0,0.0
LUH_NMC_SIO,LUH_NMC_SIO/P030_1,0.7,pchp_method,4,False,False,False,,,,,,,0,,0,0,,4,0,0.0
LUH_NMC_SIO,LUH_NMC_SIO/P030_1,0.8,protected_state,4,True,False,False,4.0,,1.0,1.0,,1.0,0,0.0,1,1,1.0,3,0,0.0
LUH_NMC_SIO,LUH_NMC_SIO/P030_1,0.8,fixed_shift,4,True,False,False,4.0,,1.0,1.0,,1.0,0,0.0,1,1,1.0,3,0,0.0
LUH_NMC_SIO,LUH_NMC_SIO/P030_1,0.8,pchp_method,4,True,False,False,4.0,,1.0,1.0,,1.0,0,0.0,1,1,1.0,3,0,0.0
LUH_NMC_SIO,LUH_NMC_SIO/P030_1,0.9,protected_state,4,True,True,True,1.0,1.0,0.0,0.0,0.0,0.0,0,1.0,4,0,0.0,0,0,
LUH_NMC_SIO,LUH_NMC_SIO/P030_1,0.9,fixed_shift,4,True,True,True,1.0,1.0,0.0,0.0,0.0,0.0,0,1.0,4,0,0.0,0,0,
LUH_NMC_SIO,LUH_NMC_SIO/P030_1,0.9,pchp_method,4,True,True,True,1.0,1.0,0.0,0.0,0.0,0.0,0,1.0,4,0,0.0,0,0,
LUH_NMC_SIO,LUH_NMC_SIO/P030_2,0.7,protected_state,4,True,False,False,4.0,,1.0,1.0,,1.0,0,0.0,1,1,1.0,3,0,0.0
LUH_NMC_SIO,LUH_NMC_SIO/P030_2,0.7,fixed_shift,4,True,False,False,4.0,,1.0,1.0,,1.0,0,0.0,1,1,1.0,3,0,0.0
LUH_NMC_SIO,LUH_NMC_SIO/P030_2,0.7,pchp_method,4,True,False,False,4.0,,1.0,1.0,,1.0,0,0.0,1,1,1.0,3,0,0.0
LUH_NMC_SIO,LUH_NMC_SIO/P030_2,0.8,protected_state,4,True,False,False,4.0,,1.0,1.0,,1.0,0,0.0,1,1,1.0,3,0,0.0
LUH_NMC_SIO,LUH_NMC_SIO/P030_2,0.8,fixed_shift,4,True,False,False,4.0,,1.0,1.0,,1.0,0,0.0,1,1,1.0,3,0,0.0
LUH_NMC_SIO,LUH_NMC_SIO/P030_2,0.8,pchp_method,4,True,False,False,4.0,,1.0,1.0,,1.0,0,0.0,1,1,1.0,3,0,0.0
LUH_NMC_SIO,LUH_NMC_SIO/P030_2,0.9,protected_state,4,True,True,True,1.0,1.0,0.0,0.0,0.0,0.0,0,1.0,4,0,0.0,0,0,
LUH_NMC_SIO,LUH_NMC_SIO/P030_2,0.9,fixed_shift,4,True,True,True,1.0,1.0,0.0,0.0,0.0,0.0,0,1.0,4,0,0.0,0,0,
LUH_NMC_SIO,LUH_NMC_SIO/P030_2,0.9,pchp_method,4,True,True,True,1.0,1.0,0.0,0.0,0.0,0.0,0,1.0,4,0,0.0,0,0,
LUH_NMC_SIO,LUH_NMC_SIO/P030_3,0.7,protected_state,4,True,False,False,4.0,,1.0,1.0,,1.0,0,0.0,1,1,1.0,3,0,0.0
LUH_NMC_SIO,LUH_NMC_SIO/P030_3,0.7,fixed_shift,4,True,False,False,4.0,,1.0,1.0,,1.0,0,0.0,1,1,1.0,3,0,0.0
LUH_NMC_SIO,LUH_NMC_SIO/P030_3,0.7,pchp_method,4,True,False,False,4.0,,1.0,1.0,,1.0,0,0.0,1,1,1.0,3,0,0.0
LUH_NMC_SIO,LUH_NMC_SIO/P030_3,0.8,protected_state,4,True,False,False,4.0,,1.0,1.0,,1.0,0,0.0,1,1,1.0,3,0,0.0
LUH_NMC_SIO,LUH_NMC_SIO/P030_3,0.8,fixed_shift,4,True,False,False,4.0,,1.0,1.0,,1.0,0,0.0,1,1,1.0,3,0,0.0
LUH_NMC_SIO,LUH_NMC_SIO/P030_3,0.8,pchp_method,4,True,False,False,4.0,,1.0,1.0,,1.0,0,0.0,1,1,1.0,3,0,0.0
LUH_NMC_SIO,LUH_NMC_SIO/P030_3,0.9,protected_state,4,True,True,True,1.0,1.0,0.0,0.0,0.0,0.0,0,1.0,4,0,0.0,0,0,
LUH_NMC_SIO,LUH_NMC_SIO/P030_3,0.9,fixed_shift,4,True,True,True,1.0,1.0,0.0,0.0,0.0,0.0,0,1.0,4,0,0.0,0,0,
LUH_NMC_SIO,LUH_NMC_SIO/P030_3,0.9,pchp_method,4,True,True,True,1.0,1.0,0.0,0.0,0.0,0.0,0,1.0,4,0,0.0,0,0,
LUH_NMC_SIO,LUH_NMC_SIO/P033_1,0.7,protected_state,18,True,False,False,16.0,,3.0,3.0,,1.0,0,0.0,3,3,1.0,15,0,0.0
LUH_NMC_SIO,LUH_NMC_SIO/P033_1,0.7,fixed_shift,18,True,False,False,16.0,,3.0,3.0,,1.0,0,0.0,3,3,1.0,15,0,0.0
LUH_NMC_SIO,LUH_NMC_SIO/P033_1,0.7,pchp_method,18,True,False,False,16.0,,3.0,3.0,,1.0,0,0.0,3,3,1.0,15,0,0.0
LUH_NMC_SIO,LUH_NMC_SIO/P033_1,0.8,protected_state,18,True,False,False,13.0,,6.0,6.0,,1.0,0,0.0,6,6,1.0,12,0,0.0
LUH_NMC_SIO,LUH_NMC_SIO/P033_1,0.8,fixed_shift,18,True,False,False,13.0,,6.0,6.0,,1.0,0,0.0,6,6,1.0,12,0,0.0
LUH_NMC_SIO,LUH_NMC_SIO/P033_1,0.8,pchp_method,18,True,False,False,13.0,,6.0,6.0,,1.0,0,0.0,6,6,1.0,12,0,0.0
LUH_NMC_SIO,LUH_NMC_SIO/P033_1,0.9,protected_state,18,True,False,False,4.0,,15.0,15.0,,1.0,0,0.0,15,15,1.0,3,0,0.0
LUH_NMC_SIO,LUH_NMC_SIO/P033_1,0.9,fixed_shift,18,True,False,False,4.0,,15.0,15.0,,1.0,0,0.0,15,15,1.0,3,0,0.0
LUH_NMC_SIO,LUH_NMC_SIO/P033_1,0.9,pchp_method,18,True,False,False,4.0,,15.0,15.0,,1.0,0,0.0,15,15,1.0,3,0,0.0
LUH_NMC_SIO,LUH_NMC_SIO/P033_2,0.7,protected_state,18,True,False,False,17.0,,2.0,2.0,,1.0,0,0.0,2,2,1.0,16,0,0.0
LUH_NMC_SIO,LUH_NMC_SIO/P033_2,0.7,fixed_shift,18,True,False,False,17.0,,2.0,2.0,,1.0,0,0.0,2,2,1.0,16,0,0.0
LUH_NMC_SIO,LUH_NMC_SIO/P033_2,0.7,pchp_method,18,True,False,False,17.0,,2.0,2.0,,1.0,0,0.0,2,2,1.0,16,0,0.0
LUH_NMC_SIO,LUH_NMC_SIO/P033_2,0.8,protected_state,18,True,False,False,13.0,,6.0,6.0,,1.0,0,0.0,6,6,1.0,12,0,0.0
LUH_NMC_SIO,LUH_NMC_SIO/P033_2,0.8,fixed_shift,18,True,False,False,13.0,,6.0,6.0,,1.0,0,0.0,6,6,1.0,12,0,0.0
LUH_NMC_SIO,LUH_NMC_SIO/P033_2,0.8,pchp_method,18,True,False,False,13.0,,6.0,6.0,,1.0,0,0.0,6,6,1.0,12,0,0.0
LUH_NMC_SIO,LUH_NMC_SIO/P033_2,0.9,protected_state,18,True,False,False,4.0,,15.0,15.0,,1.0,0,0.0,15,15,1.0,3,0,0.0
LUH_NMC_SIO,LUH_NMC_SIO/P033_2,0.9,fixed_shift,18,True,False,False,4.0,,15.0,15.0,,1.0,0,0.0,15,15,1.0,3,0,0.0
LUH_NMC_SIO,LUH_NMC_SIO/P033_2,0.9,pchp_method,18,True,False,False,4.0,,15.0,15.0,,1.0,0,0.0,15,15,1.0,3,0,0.0
LUH_NMC_SIO,LUH_NMC_SIO/P033_3,0.7,protected_state,17,True,False,False,16.0,,2.0,2.0,,1.0,0,0.0,2,2,1.0,15,0,0.0
LUH_NMC_SIO,LUH_NMC_SIO/P033_3,0.7,fixed_shift,17,True,False,False,16.0,,2.0,2.0,,1.0,0,0.0,2,2,1.0,15,0,0.0
LUH_NMC_SIO,LUH_NMC_SIO/P033_3,0.7,pchp_method,17,True,False,False,16.0,,2.0,2.0,,1.0,0,0.0,2,2,1.0,15,0,0.0
LUH_NMC_SIO,LUH_NMC_SIO/P033_3,0.8,protected_state,17,True,False,False,13.0,,5.0,5.0,,1.0,0,0.0,5,5,1.0,12,0,0.0
LUH_NMC_SIO,LUH_NMC_SIO/P033_3,0.8,fixed_shift,17,True,False,False,13.0,,5.0,5.0,,1.0,0,0.0,5,5,1.0,12,0,0.0
LUH_NMC_SIO,LUH_NMC_SIO/P033_3,0.8,pchp_method,17,True,False,False,13.0,,5.0,5.0,,1.0,0,0.0,5,5,1.0,12,0,0.0
LUH_NMC_SIO,LUH_NMC_SIO/P033_3,0.9,protected_state,17,True,False,False,4.0,,14.0,14.0,,1.0,0,0.0,14,14,1.0,3,0,0.0
LUH_NMC_SIO,LUH_NMC_SIO/P033_3,0.9,fixed_shift,17,True,False,False,4.0,,14.0,14.0,,1.0,0,0.0,14,14,1.0,3,0,0.0
LUH_NMC_SIO,LUH_NMC_SIO/P033_3,0.9,pchp_method,17,True,False,False,4.0,,14.0,14.0,,1.0,0,0.0,14,14,1.0,3,0,0.0
LUH_NMC_SIO,LUH_NMC_SIO/P034_1,0.7,protected_state,11,True,False,False,10.0,,2.0,2.0,,1.0,0,0.0,2,2,1.0,9,0,0.0
LUH_NMC_SIO,LUH_NMC_SIO/P034_1,0.7,fixed_shift,11,True,False,False,10.0,,2.0,2.0,,1.0,0,0.0,2,2,1.0,9,0,0.0
LUH_NMC_SIO,LUH_NMC_SIO/P034_1,0.7,pchp_method,11,True,False,False,10.0,,2.0,2.0,,1.0,0,0.0,2,2,1.0,9,0,0.0
LUH_NMC_SIO,LUH_NMC_SIO/P034_1,0.8,protected_state,11,True,False,False,7.0,,5.0,5.0,,1.0,0,0.0,5,5,1.0,6,0,0.0
LUH_NMC_SIO,LUH_NMC_SIO/P034_1,0.8,fixed_shift,11,True,False,False,7.0,,5.0,5.0,,1.0,0,0.0,5,5,1.0,6,0,0.0
LUH_NMC_SIO,LUH_NMC_SIO/P034_1,0.8,pchp_method,11,True,False,False,7.0,,5.0,5.0,,1.0,0,0.0,5,5,1.0,6,0,0.0
LUH_NMC_SIO,LUH_NMC_SIO/P034_1,0.9,protected_state,11,True,True,True,2.0,1.0,-1.0,1.0,-101.80499999999995,0.0,1,0.0,10,0,0.0,1,1,1.0
LUH_NMC_SIO,LUH_NMC_SIO/P034_1,0.9,fixed_shift,11,True,True,True,2.0,10.0,8.0,8.0,730.2333333333335,1.0,0,0.0,10,8,0.8,1,0,0.0
LUH_NMC_SIO,LUH_NMC_SIO/P034_1,0.9,pchp_method,11,True,True,True,2.0,10.0,8.0,8.0,730.2333333333335,1.0,0,0.0,10,8,0.8,1,0,0.0
LUH_NMC_SIO,LUH_NMC_SIO/P034_2,0.7,protected_state,10,True,False,False,10.0,,1.0,1.0,,1.0,0,0.0,1,1,1.0,9,0,0.0
LUH_NMC_SIO,LUH_NMC_SIO/P034_2,0.7,fixed_shift,10,True,False,False,10.0,,1.0,1.0,,1.0,0,0.0,1,1,1.0,9,0,0.0
LUH_NMC_SIO,LUH_NMC_SIO/P034_2,0.7,pchp_method,10,True,False,False,10.0,,1.0,1.0,,1.0,0,0.0,1,1,1.0,9,0,0.0
LUH_NMC_SIO,LUH_NMC_SIO/P034_2,0.8,protected_state,10,True,False,False,8.0,,3.0,3.0,,1.0,0,0.0,3,3,1.0,7,0,0.0
LUH_NMC_SIO,LUH_NMC_SIO/P034_2,0.8,fixed_shift,10,True,False,False,8.0,,3.0,3.0,,1.0,0,0.0,3,3,1.0,7,0,0.0
LUH_NMC_SIO,LUH_NMC_SIO/P034_2,0.8,pchp_method,10,True,False,False,8.0,,3.0,3.0,,1.0,0,0.0,3,3,1.0,7,0,0.0
LUH_NMC_SIO,LUH_NMC_SIO/P034_2,0.9,protected_state,10,True,True,True,2.0,1.0,-1.0,1.0,-102.56499999999994,0.0,1,0.0,9,0,0.0,1,1,1.0
LUH_NMC_SIO,LUH_NMC_SIO/P034_2,0.9,fixed_shift,10,True,True,True,2.0,1.0,-1.0,1.0,-102.56499999999994,0.0,1,0.0,9,0,0.0,1,1,1.0
LUH_NMC_SIO,LUH_NMC_SIO/P034_2,0.9,pchp_method,10,True,True,True,2.0,1.0,-1.0,1.0,-102.56499999999994,0.0,1,0.0,9,0,0.0,1,1,1.0
LUH_NMC_SIO,LUH_NMC_SIO/P034_3,0.7,protected_state,11,True,False,False,10.0,,2.0,2.0,,1.0,0,0.0,2,2,1.0,9,0,0.0
LUH_NMC_SIO,LUH_NMC_SIO/P034_3,0.7,fixed_shift,11,True,False,False,10.0,,2.0,2.0,,1.0,0,0.0,2,2,1.0,9,0,0.0
LUH_NMC_SIO,LUH_NMC_SIO/P034_3,0.7,pchp_method,11,True,False,False,10.0,,2.0,2.0,,1.0,0,0.0,2,2,1.0,9,0,0.0
LUH_NMC_SIO,LUH_NMC_SIO/P034_3,0.8,protected_state,11,True,False,False,7.0,,5.0,5.0,,1.0,0,0.0,5,5,1.0,6,0,0.0
LUH_NMC_SIO,LUH_NMC_SIO/P034_3,0.8,fixed_shift,11,True,False,False,7.0,,5.0,5.0,,1.0,0,0.0,5,5,1.0,6,0,0.0
LUH_NMC_SIO,LUH_NMC_SIO/P034_3,0.8,pchp_method,11,True,False,False,7.0,,5.0,5.0,,1.0,0,0.0,5,5,1.0,6,0,0.0
LUH_NMC_SIO,LUH_NMC_SIO/P034_3,0.9,protected_state,11,True,True,True,2.0,1.0,-1.0,1.0,-102.51333333333332,0.0,1,0.0,10,0,0.0,1,1,1.0
LUH_NMC_SIO,LUH_NMC_SIO/P034_3,0.9,fixed_shift,11,True,True,True,2.0,3.0,1.0,1.0,100.77166666666665,1.0,0,0.0,10,1,0.1,1,0,0.0
LUH_NMC_SIO,LUH_NMC_SIO/P034_3,0.9,pchp_method,11,True,True,True,2.0,3.0,1.0,1.0,100.77166666666665,1.0,0,0.0,10,1,0.1,1,0,0.0
LUH_NMC_SIO,LUH_NMC_SIO/P037_1,0.7,protected_state,18,False,False,False,,,,,,,0,,0,0,,18,0,0.0
LUH_NMC_SIO,LUH_NMC_SIO/P037_1,0.7,fixed_shift,18,False,False,False,,,,,,,0,,0,0,,18,0,0.0
LUH_NMC_SIO,LUH_NMC_SIO/P037_1,0.7,pchp_method,18,False,False,False,,,,,,,0,,0,0,,18,0,0.0
LUH_NMC_SIO,LUH_NMC_SIO/P037_1,0.8,protected_state,18,True,False,False,18.0,,1.0,1.0,,1.0,0,0.0,1,1,1.0,17,0,0.0
LUH_NMC_SIO,LUH_NMC_SIO/P037_1,0.8,fixed_shift,18,True,False,False,18.0,,1.0,1.0,,1.0,0,0.0,1,1,1.0,17,0,0.0
LUH_NMC_SIO,LUH_NMC_SIO/P037_1,0.8,pchp_method,18,True,False,False,18.0,,1.0,1.0,,1.0,0,0.0,1,1,1.0,17,0,0.0
LUH_NMC_SIO,LUH_NMC_SIO/P037_1,0.9,protected_state,18,True,False,False,6.0,,13.0,13.0,,1.0,0,0.0,13,13,1.0,5,0,0.0
LUH_NMC_SIO,LUH_NMC_SIO/P037_1,0.9,fixed_shift,18,True,False,False,6.0,,13.0,13.0,,1.0,0,0.0,13,13,1.0,5,0,0.0
LUH_NMC_SIO,LUH_NMC_SIO/P037_1,0.9,pchp_method,18,True,False,False,6.0,,13.0,13.0,,1.0,0,0.0,13,13,1.0,5,0,0.0
LUH_NMC_SIO,LUH_NMC_SIO/P037_2,0.7,protected_state,6,False,False,False,,,,,,,0,,0,0,,6,0,0.0
LUH_NMC_SIO,LUH_NMC_SIO/P037_2,0.7,fixed_shift,6,False,False,False,,,,,,,0,,0,0,,6,0,0.0
LUH_NMC_SIO,LUH_NMC_SIO/P037_2,0.7,pchp_method,6,False,False,False,,,,,,,0,,0,0,,6,0,0.0
LUH_NMC_SIO,LUH_NMC_SIO/P037_2,0.8,protected_state,6,False,False,False,,,,,,,0,,0,0,,6,0,0.0
LUH_NMC_SIO,LUH_NMC_SIO/P037_2,0.8,fixed_shift,6,False,False,False,,,,,,,0,,0,0,,6,0,0.0
LUH_NMC_SIO,LUH_NMC_SIO/P037_2,0.8,pchp_method,6,False,False,False,,,,,,,0,,0,0,,6,0,0.0
LUH_NMC_SIO,LUH_NMC_SIO/P037_2,0.9,protected_state,6,True,False,False,6.0,,1.0,1.0,,1.0,0,0.0,1,1,1.0,5,0,0.0
LUH_NMC_SIO,LUH_NMC_SIO/P037_2,0.9,fixed_shift,6,True,False,False,6.0,,1.0,1.0,,1.0,0,0.0,1,1,1.0,5,0,0.0
LUH_NMC_SIO,LUH_NMC_SIO/P037_2,0.9,pchp_method,6,True,False,False,6.0,,1.0,1.0,,1.0,0,0.0,1,1,1.0,5,0,0.0
LUH_NMC_SIO,LUH_NMC_SIO/P037_3,0.7,protected_state,18,False,False,False,,,,,,,0,,0,0,,18,0,0.0
LUH_NMC_SIO,LUH_NMC_SIO/P037_3,0.7,fixed_shift,18,False,False,False,,,,,,,0,,0,0,,18,0,0.0
LUH_NMC_SIO,LUH_NMC_SIO/P037_3,0.7,pchp_method,18,False,False,False,,,,,,,0,,0,0,,18,0,0.0
LUH_NMC_SIO,LUH_NMC_SIO/P037_3,0.8,protected_state,18,True,False,False,18.0,,1.0,1.0,,1.0,0,0.0,1,1,1.0,17,0,0.0
LUH_NMC_SIO,LUH_NMC_SIO/P037_3,0.8,fixed_shift,18,True,False,False,18.0,,1.0,1.0,,1.0,0,0.0,1,1,1.0,17,0,0.0
LUH_NMC_SIO,LUH_NMC_SIO/P037_3,0.8,pchp_method,18,True,False,False,18.0,,1.0,1.0,,1.0,0,0.0,1,1,1.0,17,0,0.0
LUH_NMC_SIO,LUH_NMC_SIO/P037_3,0.9,protected_state,18,True,False,False,6.0,,13.0,13.0,,1.0,0,0.0,13,13,1.0,5,0,0.0
LUH_NMC_SIO,LUH_NMC_SIO/P037_3,0.9,fixed_shift,18,True,False,False,6.0,,13.0,13.0,,1.0,0,0.0,13,13,1.0,5,0,0.0
LUH_NMC_SIO,LUH_NMC_SIO/P037_3,0.9,pchp_method,18,True,False,False,6.0,,13.0,13.0,,1.0,0,0.0,13,13,1.0,5,0,0.0
LUH_NMC_SIO,LUH_NMC_SIO/P038_1,0.7,protected_state,16,True,False,False,15.0,,2.0,2.0,,1.0,0,0.0,2,2,1.0,14,0,0.0
LUH_NMC_SIO,LUH_NMC_SIO/P038_1,0.7,fixed_shift,16,True,False,False,15.0,,2.0,2.0,,1.0,0,0.0,2,2,1.0,14,0,0.0
LUH_NMC_SIO,LUH_NMC_SIO/P038_1,0.7,pchp_method,16,True,False,False,15.0,,2.0,2.0,,1.0,0,0.0,2,2,1.0,14,0,0.0
LUH_NMC_SIO,LUH_NMC_SIO/P038_1,0.8,protected_state,16,True,False,False,11.0,,6.0,6.0,,1.0,0,0.0,6,6,1.0,10,0,0.0
LUH_NMC_SIO,LUH_NMC_SIO/P038_1,0.8,fixed_shift,16,True,False,False,11.0,,6.0,6.0,,1.0,0,0.0,6,6,1.0,10,0,0.0
LUH_NMC_SIO,LUH_NMC_SIO/P038_1,0.8,pchp_method,16,True,False,False,11.0,,6.0,6.0,,1.0,0,0.0,6,6,1.0,10,0,0.0
LUH_NMC_SIO,LUH_NMC_SIO/P038_1,0.9,protected_state,16,True,False,False,4.0,,13.0,13.0,,1.0,0,0.0,13,13,1.0,3,0,0.0
LUH_NMC_SIO,LUH_NMC_SIO/P038_1,0.9,fixed_shift,16,True,False,False,4.0,,13.0,13.0,,1.0,0,0.0,13,13,1.0,3,0,0.0
LUH_NMC_SIO,LUH_NMC_SIO/P038_1,0.9,pchp_method,16,True,False,False,4.0,,13.0,13.0,,1.0,0,0.0,13,13,1.0,3,0,0.0
LUH_NMC_SIO,LUH_NMC_SIO/P038_2,0.7,protected_state,17,True,False,False,16.0,,2.0,2.0,,1.0,0,0.0,2,2,1.0,15,0,0.0
LUH_NMC_SIO,LUH_NMC_SIO/P038_2,0.7,fixed_shift,17,True,False,False,16.0,,2.0,2.0,,1.0,0,0.0,2,2,1.0,15,0,0.0
LUH_NMC_SIO,LUH_NMC_SIO/P038_2,0.7,pchp_method,17,True,False,False,16.0,,2.0,2.0,,1.0,0,0.0,2,2,1.0,15,0,0.0
LUH_NMC_SIO,LUH_NMC_SIO/P038_2,0.8,protected_state,17,True,False,False,12.0,,6.0,6.0,,1.0,0,0.0,6,6,1.0,11,0,0.0
LUH_NMC_SIO,LUH_NMC_SIO/P038_2,0.8,fixed_shift,17,True,False,False,12.0,,6.0,6.0,,1.0,0,0.0,6,6,1.0,11,0,0.0
LUH_NMC_SIO,LUH_NMC_SIO/P038_2,0.8,pchp_method,17,True,False,False,12.0,,6.0,6.0,,1.0,0,0.0,6,6,1.0,11,0,0.0
LUH_NMC_SIO,LUH_NMC_SIO/P038_2,0.9,protected_state,17,True,False,False,4.0,,14.0,14.0,,1.0,0,0.0,14,14,1.0,3,0,0.0
LUH_NMC_SIO,LUH_NMC_SIO/P038_2,0.9,fixed_shift,17,True,False,False,4.0,,14.0,14.0,,1.0,0,0.0,14,14,1.0,3,0,0.0
LUH_NMC_SIO,LUH_NMC_SIO/P038_2,0.9,pchp_method,17,True,False,False,4.0,,14.0,14.0,,1.0,0,0.0,14,14,1.0,3,0,0.0
LUH_NMC_SIO,LUH_NMC_SIO/P038_3,0.7,protected_state,14,True,False,False,14.0,,1.0,1.0,,1.0,0,0.0,1,1,1.0,13,0,0.0
LUH_NMC_SIO,LUH_NMC_SIO/P038_3,0.7,fixed_shift,14,True,False,False,14.0,,1.0,1.0,,1.0,0,0.0,1,1,1.0,13,0,0.0
LUH_NMC_SIO,LUH_NMC_SIO/P038_3,0.7,pchp_method,14,True,False,False,14.0,,1.0,1.0,,1.0,0,0.0,1,1,1.0,13,0,0.0
LUH_NMC_SIO,LUH_NMC_SIO/P038_3,0.8,protected_state,14,True,False,False,11.0,,4.0,4.0,,1.0,0,0.0,4,4,1.0,10,0,0.0
LUH_NMC_SIO,LUH_NMC_SIO/P038_3,0.8,fixed_shift,14,True,False,False,11.0,,4.0,4.0,,1.0,0,0.0,4,4,1.0,10,0,0.0
LUH_NMC_SIO,LUH_NMC_SIO/P038_3,0.8,pchp_method,14,True,False,False,11.0,,4.0,4.0,,1.0,0,0.0,4,4,1.0,10,0,0.0
LUH_NMC_SIO,LUH_NMC_SIO/P038_3,0.9,protected_state,14,True,False,False,4.0,,11.0,11.0,,1.0,0,0.0,11,11,1.0,3,0,0.0
LUH_NMC_SIO,LUH_NMC_SIO/P038_3,0.9,fixed_shift,14,True,False,False,4.0,,11.0,11.0,,1.0,0,0.0,11,11,1.0,3,0,0.0
LUH_NMC_SIO,LUH_NMC_SIO/P038_3,0.9,pchp_method,14,True,False,False,4.0,,11.0,11.0,,1.0,0,0.0,11,11,1.0,3,0,0.0
LUH_NMC_SIO,LUH_NMC_SIO/P039_1,0.7,protected_state,3,True,False,False,3.0,,1.0,1.0,,1.0,0,0.0,1,1,1.0,2,0,0.0
LUH_NMC_SIO,LUH_NMC_SIO/P039_1,0.7,fixed_shift,3,True,False,False,3.0,,1.0,1.0,,1.0,0,0.0,1,1,1.0,2,0,0.0
LUH_NMC_SIO,LUH_NMC_SIO/P039_1,0.7,pchp_method,3,True,False,False,3.0,,1.0,1.0,,1.0,0,0.0,1,1,1.0,2,0,0.0
LUH_NMC_SIO,LUH_NMC_SIO/P039_1,0.8,protected_state,3,True,False,False,2.0,,2.0,2.0,,1.0,0,0.0,2,2,1.0,1,0,0.0
LUH_NMC_SIO,LUH_NMC_SIO/P039_1,0.8,fixed_shift,3,True,False,False,2.0,,2.0,2.0,,1.0,0,0.0,2,2,1.0,1,0,0.0
LUH_NMC_SIO,LUH_NMC_SIO/P039_1,0.8,pchp_method,3,True,False,False,2.0,,2.0,2.0,,1.0,0,0.0,2,2,1.0,1,0,0.0
LUH_NMC_SIO,LUH_NMC_SIO/P039_1,0.9,protected_state,3,True,True,True,1.0,1.0,0.0,0.0,0.0,0.0,0,1.0,3,0,0.0,0,0,
LUH_NMC_SIO,LUH_NMC_SIO/P039_1,0.9,fixed_shift,3,True,True,True,1.0,3.0,2.0,2.0,189.01666666666665,1.0,0,0.0,3,2,0.6666666666666666,0,0,
LUH_NMC_SIO,LUH_NMC_SIO/P039_1,0.9,pchp_method,3,True,True,True,1.0,3.0,2.0,2.0,189.01666666666665,1.0,0,0.0,3,2,0.6666666666666666,0,0,
LUH_NMC_SIO,LUH_NMC_SIO/P039_2,0.7,protected_state,3,True,False,False,3.0,,1.0,1.0,,1.0,0,0.0,1,1,1.0,2,0,0.0
LUH_NMC_SIO,LUH_NMC_SIO/P039_2,0.7,fixed_shift,3,True,False,False,3.0,,1.0,1.0,,1.0,0,0.0,1,1,1.0,2,0,0.0
LUH_NMC_SIO,LUH_NMC_SIO/P039_2,0.7,pchp_method,3,True,False,False,3.0,,1.0,1.0,,1.0,0,0.0,1,1,1.0,2,0,0.0
LUH_NMC_SIO,LUH_NMC_SIO/P039_2,0.8,protected_state,3,True,False,False,2.0,,2.0,2.0,,1.0,0,0.0,2,2,1.0,1,0,0.0
LUH_NMC_SIO,LUH_NMC_SIO/P039_2,0.8,fixed_shift,3,True,False,False,2.0,,2.0,2.0,,1.0,0,0.0,2,2,1.0,1,0,0.0
LUH_NMC_SIO,LUH_NMC_SIO/P039_2,0.8,pchp_method,3,True,False,False,2.0,,2.0,2.0,,1.0,0,0.0,2,2,1.0,1,0,0.0
LUH_NMC_SIO,LUH_NMC_SIO/P039_2,0.9,protected_state,3,True,True,True,1.0,1.0,0.0,0.0,0.0,0.0,0,1.0,3,0,0.0,0,0,
LUH_NMC_SIO,LUH_NMC_SIO/P039_2,0.9,fixed_shift,3,True,True,True,1.0,1.0,0.0,0.0,0.0,0.0,0,1.0,3,0,0.0,0,0,
LUH_NMC_SIO,LUH_NMC_SIO/P039_2,0.9,pchp_method,3,True,True,True,1.0,1.0,0.0,0.0,0.0,0.0,0,1.0,3,0,0.0,0,0,
LUH_NMC_SIO,LUH_NMC_SIO/P039_3,0.7,protected_state,2,False,False,False,,,,,,,0,,0,0,,2,0,0.0
LUH_NMC_SIO,LUH_NMC_SIO/P039_3,0.7,fixed_shift,2,False,False,False,,,,,,,0,,0,0,,2,0,0.0
LUH_NMC_SIO,LUH_NMC_SIO/P039_3,0.7,pchp_method,2,False,False,False,,,,,,,0,,0,0,,2,0,0.0
LUH_NMC_SIO,LUH_NMC_SIO/P039_3,0.8,protected_state,2,True,False,False,2.0,,1.0,1.0,,1.0,0,0.0,1,1,1.0,1,0,0.0
LUH_NMC_SIO,LUH_NMC_SIO/P039_3,0.8,fixed_shift,2,True,False,False,2.0,,1.0,1.0,,1.0,0,0.0,1,1,1.0,1,0,0.0
LUH_NMC_SIO,LUH_NMC_SIO/P039_3,0.8,pchp_method,2,True,False,False,2.0,,1.0,1.0,,1.0,0,0.0,1,1,1.0,1,0,0.0
LUH_NMC_SIO,LUH_NMC_SIO/P039_3,0.9,protected_state,2,True,True,True,1.0,1.0,0.0,0.0,0.0,0.0,0,1.0,2,0,0.0,0,0,
LUH_NMC_SIO,LUH_NMC_SIO/P039_3,0.9,fixed_shift,2,True,True,True,1.0,2.0,1.0,1.0,119.77500000000009,1.0,0,0.0,2,1,0.5,0,0,
LUH_NMC_SIO,LUH_NMC_SIO/P039_3,0.9,pchp_method,2,True,True,True,1.0,2.0,1.0,1.0,119.77500000000009,1.0,0,0.0,2,1,0.5,0,0,
LUH_NMC_SIO,LUH_NMC_SIO/P040_1,0.7,protected_state,1,True,False,False,1.0,,1.0,1.0,,1.0,0,0.0,1,1,1.0,0,0,
LUH_NMC_SIO,LUH_NMC_SIO/P040_1,0.7,fixed_shift,1,True,False,False,1.0,,1.0,1.0,,1.0,0,0.0,1,1,1.0,0,0,
LUH_NMC_SIO,LUH_NMC_SIO/P040_1,0.7,pchp_method,1,True,False,False,1.0,,1.0,1.0,,1.0,0,0.0,1,1,1.0,0,0,
LUH_NMC_SIO,LUH_NMC_SIO/P040_1,0.8,protected_state,1,True,False,False,1.0,,1.0,1.0,,1.0,0,0.0,1,1,1.0,0,0,
LUH_NMC_SIO,LUH_NMC_SIO/P040_1,0.8,fixed_shift,1,True,False,False,1.0,,1.0,1.0,,1.0,0,0.0,1,1,1.0,0,0,
LUH_NMC_SIO,LUH_NMC_SIO/P040_1,0.8,pchp_method,1,True,False,False,1.0,,1.0,1.0,,1.0,0,0.0,1,1,1.0,0,0,
LUH_NMC_SIO,LUH_NMC_SIO/P040_1,0.9,protected_state,1,True,True,True,1.0,1.0,0.0,0.0,0.0,0.0,0,1.0,1,0,0.0,0,0,
LUH_NMC_SIO,LUH_NMC_SIO/P040_1,0.9,fixed_shift,1,True,True,True,1.0,1.0,0.0,0.0,0.0,0.0,0,1.0,1,0,0.0,0,0,
LUH_NMC_SIO,LUH_NMC_SIO/P040_1,0.9,pchp_method,1,True,True,True,1.0,1.0,0.0,0.0,0.0,0.0,0,1.0,1,0,0.0,0,0,
LUH_NMC_SIO,LUH_NMC_SIO/P041_1,0.7,protected_state,16,True,False,False,14.0,,3.0,3.0,,1.0,0,0.0,3,3,1.0,13,0,0.0
LUH_NMC_SIO,LUH_NMC_SIO/P041_1,0.7,fixed_shift,16,True,False,False,14.0,,3.0,3.0,,1.0,0,0.0,3,3,1.0,13,0,0.0
LUH_NMC_SIO,LUH_NMC_SIO/P041_1,0.7,pchp_method,16,True,False,False,14.0,,3.0,3.0,,1.0,0,0.0,3,3,1.0,13,0,0.0
LUH_NMC_SIO,LUH_NMC_SIO/P041_1,0.8,protected_state,16,True,False,False,10.0,,7.0,7.0,,1.0,0,0.0,7,7,1.0,9,0,0.0
LUH_NMC_SIO,LUH_NMC_SIO/P041_1,0.8,fixed_shift,16,True,False,False,10.0,,7.0,7.0,,1.0,0,0.0,7,7,1.0,9,0,0.0
LUH_NMC_SIO,LUH_NMC_SIO/P041_1,0.8,pchp_method,16,True,False,False,10.0,,7.0,7.0,,1.0,0,0.0,7,7,1.0,9,0,0.0
LUH_NMC_SIO,LUH_NMC_SIO/P041_1,0.9,protected_state,16,True,True,True,1.0,1.0,0.0,0.0,0.0,0.0,0,1.0,16,0,0.0,0,0,
LUH_NMC_SIO,LUH_NMC_SIO/P041_1,0.9,fixed_shift,16,True,True,True,1.0,1.0,0.0,0.0,0.0,0.0,0,1.0,16,0,0.0,0,0,
LUH_NMC_SIO,LUH_NMC_SIO/P041_1,0.9,pchp_method,16,True,True,True,1.0,1.0,0.0,0.0,0.0,0.0,0,1.0,16,0,0.0,0,0,
LUH_NMC_SIO,LUH_NMC_SIO/P041_2,0.7,protected_state,11,False,False,False,,,,,,,0,,0,0,,11,0,0.0
LUH_NMC_SIO,LUH_NMC_SIO/P041_2,0.7,fixed_shift,11,False,False,False,,,,,,,0,,0,0,,11,0,0.0
LUH_NMC_SIO,LUH_NMC_SIO/P041_2,0.7,pchp_method,11,False,False,False,,,,,,,0,,0,0,,11,0,0.0
LUH_NMC_SIO,LUH_NMC_SIO/P041_2,0.8,protected_state,11,True,False,False,9.0,,3.0,3.0,,1.0,0,0.0,3,3,1.0,8,0,0.0
LUH_NMC_SIO,LUH_NMC_SIO/P041_2,0.8,fixed_shift,11,True,False,False,9.0,,3.0,3.0,,1.0,0,0.0,3,3,1.0,8,0,0.0
LUH_NMC_SIO,LUH_NMC_SIO/P041_2,0.8,pchp_method,11,True,False,False,9.0,,3.0,3.0,,1.0,0,0.0,3,3,1.0,8,0,0.0
LUH_NMC_SIO,LUH_NMC_SIO/P041_2,0.9,protected_state,11,True,True,True,1.0,1.0,0.0,0.0,0.0,0.0,0,1.0,11,0,0.0,0,0,
LUH_NMC_SIO,LUH_NMC_SIO/P041_2,0.9,fixed_shift,11,True,True,True,1.0,1.0,0.0,0.0,0.0,0.0,0,1.0,11,0,0.0,0,0,
LUH_NMC_SIO,LUH_NMC_SIO/P041_2,0.9,pchp_method,11,True,True,True,1.0,1.0,0.0,0.0,0.0,0.0,0,1.0,11,0,0.0,0,0,
LUH_NMC_SIO,LUH_NMC_SIO/P041_3,0.7,protected_state,15,True,False,False,13.0,,3.0,3.0,,1.0,0,0.0,3,3,1.0,12,0,0.0
LUH_NMC_SIO,LUH_NMC_SIO/P041_3,0.7,fixed_shift,15,True,False,False,13.0,,3.0,3.0,,1.0,0,0.0,3,3,1.0,12,0,0.0
LUH_NMC_SIO,LUH_NMC_SIO/P041_3,0.7,pchp_method,15,True,False,False,13.0,,3.0,3.0,,1.0,0,0.0,3,3,1.0,12,0,0.0
LUH_NMC_SIO,LUH_NMC_SIO/P041_3,0.8,protected_state,15,True,False,False,10.0,,6.0,6.0,,1.0,0,0.0,6,6,1.0,9,0,0.0
LUH_NMC_SIO,LUH_NMC_SIO/P041_3,0.8,fixed_shift,15,True,False,False,10.0,,6.0,6.0,,1.0,0,0.0,6,6,1.0,9,0,0.0
LUH_NMC_SIO,LUH_NMC_SIO/P041_3,0.8,pchp_method,15,True,False,False,10.0,,6.0,6.0,,1.0,0,0.0,6,6,1.0,9,0,0.0
LUH_NMC_SIO,LUH_NMC_SIO/P041_3,0.9,protected_state,15,True,True,True,1.0,1.0,0.0,0.0,0.0,0.0,0,1.0,15,0,0.0,0,0,
LUH_NMC_SIO,LUH_NMC_SIO/P041_3,0.9,fixed_shift,15,True,True,True,1.0,1.0,0.0,0.0,0.0,0.0,0,1.0,15,0,0.0,0,0,
LUH_NMC_SIO,LUH_NMC_SIO/P041_3,0.9,pchp_method,15,True,True,True,1.0,1.0,0.0,0.0,0.0,0.0,0,1.0,15,0,0.0,0,0,
LUH_NMC_SIO,LUH_NMC_SIO/P042_1,0.7,protected_state,17,True,False,False,14.0,,4.0,4.0,,1.0,0,0.0,4,4,1.0,13,0,0.0
LUH_NMC_SIO,LUH_NMC_SIO/P042_1,0.7,fixed_shift,17,True,False,False,14.0,,4.0,4.0,,1.0,0,0.0,4,4,1.0,13,0,0.0
LUH_NMC_SIO,LUH_NMC_SIO/P042_1,0.7,pchp_method,17,True,False,False,14.0,,4.0,4.0,,1.0,0,0.0,4,4,1.0,13,0,0.0
LUH_NMC_SIO,LUH_NMC_SIO/P042_1,0.8,protected_state,17,True,False,False,11.0,,7.0,7.0,,1.0,0,0.0,7,7,1.0,10,0,0.0
LUH_NMC_SIO,LUH_NMC_SIO/P042_1,0.8,fixed_shift,17,True,False,False,11.0,,7.0,7.0,,1.0,0,0.0,7,7,1.0,10,0,0.0
LUH_NMC_SIO,LUH_NMC_SIO/P042_1,0.8,pchp_method,17,True,False,False,11.0,,7.0,7.0,,1.0,0,0.0,7,7,1.0,10,0,0.0
LUH_NMC_SIO,LUH_NMC_SIO/P042_1,0.9,protected_state,17,True,True,True,1.0,1.0,0.0,0.0,0.0,0.0,0,1.0,17,0,0.0,0,0,
LUH_NMC_SIO,LUH_NMC_SIO/P042_1,0.9,fixed_shift,17,True,True,True,1.0,1.0,0.0,0.0,0.0,0.0,0,1.0,17,0,0.0,0,0,
LUH_NMC_SIO,LUH_NMC_SIO/P042_1,0.9,pchp_method,17,True,True,True,1.0,1.0,0.0,0.0,0.0,0.0,0,1.0,17,0,0.0,0,0,
LUH_NMC_SIO,LUH_NMC_SIO/P042_2,0.7,protected_state,7,False,False,False,,,,,,,0,,0,0,,7,0,0.0
LUH_NMC_SIO,LUH_NMC_SIO/P042_2,0.7,fixed_shift,7,False,False,False,,,,,,,0,,0,0,,7,0,0.0
LUH_NMC_SIO,LUH_NMC_SIO/P042_2,0.7,pchp_method,7,False,False,False,,,,,,,0,,0,0,,7,0,0.0
LUH_NMC_SIO,LUH_NMC_SIO/P042_2,0.8,protected_state,7,True,False,False,7.0,,1.0,1.0,,1.0,0,0.0,1,1,1.0,6,0,0.0
LUH_NMC_SIO,LUH_NMC_SIO/P042_2,0.8,fixed_shift,7,True,False,False,7.0,,1.0,1.0,,1.0,0,0.0,1,1,1.0,6,0,0.0
LUH_NMC_SIO,LUH_NMC_SIO/P042_2,0.8,pchp_method,7,True,False,False,7.0,,1.0,1.0,,1.0,0,0.0,1,1,1.0,6,0,0.0
LUH_NMC_SIO,LUH_NMC_SIO/P042_2,0.9,protected_state,7,True,True,True,1.0,1.0,0.0,0.0,0.0,0.0,0,1.0,7,0,0.0,0,0,
LUH_NMC_SIO,LUH_NMC_SIO/P042_2,0.9,fixed_shift,7,True,True,True,1.0,1.0,0.0,0.0,0.0,0.0,0,1.0,7,0,0.0,0,0,
LUH_NMC_SIO,LUH_NMC_SIO/P042_2,0.9,pchp_method,7,True,True,True,1.0,1.0,0.0,0.0,0.0,0.0,0,1.0,7,0,0.0,0,0,
LUH_NMC_SIO,LUH_NMC_SIO/P042_3,0.7,protected_state,11,False,False,False,,,,,,,0,,0,0,,11,0,0.0
LUH_NMC_SIO,LUH_NMC_SIO/P042_3,0.7,fixed_shift,11,False,False,False,,,,,,,0,,0,0,,11,0,0.0
LUH_NMC_SIO,LUH_NMC_SIO/P042_3,0.7,pchp_method,11,False,False,False,,,,,,,0,,0,0,,11,0,0.0
LUH_NMC_SIO,LUH_NMC_SIO/P042_3,0.8,protected_state,11,True,False,False,11.0,,1.0,1.0,,1.0,0,0.0,1,1,1.0,10,0,0.0
LUH_NMC_SIO,LUH_NMC_SIO/P042_3,0.8,fixed_shift,11,True,False,False,11.0,,1.0,1.0,,1.0,0,0.0,1,1,1.0,10,0,0.0
LUH_NMC_SIO,LUH_NMC_SIO/P042_3,0.8,pchp_method,11,True,False,False,11.0,,1.0,1.0,,1.0,0,0.0,1,1,1.0,10,0,0.0
LUH_NMC_SIO,LUH_NMC_SIO/P042_3,0.9,protected_state,11,True,True,True,1.0,1.0,0.0,0.0,0.0,0.0,0,1.0,11,0,0.0,0,0,
LUH_NMC_SIO,LUH_NMC_SIO/P042_3,0.9,fixed_shift,11,True,True,True,1.0,1.0,0.0,0.0,0.0,0.0,0,1.0,11,0,0.0,0,0,
LUH_NMC_SIO,LUH_NMC_SIO/P042_3,0.9,pchp_method,11,True,True,True,1.0,1.0,0.0,0.0,0.0,0.0,0,1.0,11,0,0.0,0,0,
LUH_NMC_SIO,LUH_NMC_SIO/P045_1,0.7,protected_state,18,False,False,False,,,,,,,0,,0,0,,18,0,0.0
LUH_NMC_SIO,LUH_NMC_SIO/P045_1,0.7,fixed_shift,18,False,False,False,,,,,,,0,,0,0,,18,0,0.0
LUH_NMC_SIO,LUH_NMC_SIO/P045_1,0.7,pchp_method,18,False,False,False,,,,,,,0,,0,0,,18,0,0.0
LUH_NMC_SIO,LUH_NMC_SIO/P045_1,0.8,protected_state,18,False,False,False,,,,,,,0,,0,0,,18,0,0.0
LUH_NMC_SIO,LUH_NMC_SIO/P045_1,0.8,fixed_shift,18,False,False,False,,,,,,,0,,0,0,,18,0,0.0
LUH_NMC_SIO,LUH_NMC_SIO/P045_1,0.8,pchp_method,18,False,False,False,,,,,,,0,,0,0,,18,0,0.0
LUH_NMC_SIO,LUH_NMC_SIO/P045_1,0.9,protected_state,18,True,False,False,8.0,,11.0,11.0,,1.0,0,0.0,11,11,1.0,7,0,0.0
LUH_NMC_SIO,LUH_NMC_SIO/P045_1,0.9,fixed_shift,18,True,False,False,8.0,,11.0,11.0,,1.0,0,0.0,11,11,1.0,7,0,0.0
LUH_NMC_SIO,LUH_NMC_SIO/P045_1,0.9,pchp_method,18,True,False,False,8.0,,11.0,11.0,,1.0,0,0.0,11,11,1.0,7,0,0.0
LUH_NMC_SIO,LUH_NMC_SIO/P045_2,0.7,protected_state,18,False,False,False,,,,,,,0,,0,0,,18,0,0.0
LUH_NMC_SIO,LUH_NMC_SIO/P045_2,0.7,fixed_shift,18,False,False,False,,,,,,,0,,0,0,,18,0,0.0
LUH_NMC_SIO,LUH_NMC_SIO/P045_2,0.7,pchp_method,18,False,False,False,,,,,,,0,,0,0,,18,0,0.0
LUH_NMC_SIO,LUH_NMC_SIO/P045_2,0.8,protected_state,18,False,False,False,,,,,,,0,,0,0,,18,0,0.0
LUH_NMC_SIO,LUH_NMC_SIO/P045_2,0.8,fixed_shift,18,False,False,False,,,,,,,0,,0,0,,18,0,0.0
LUH_NMC_SIO,LUH_NMC_SIO/P045_2,0.8,pchp_method,18,False,False,False,,,,,,,0,,0,0,,18,0,0.0
LUH_NMC_SIO,LUH_NMC_SIO/P045_2,0.9,protected_state,18,True,False,False,8.0,,11.0,11.0,,1.0,0,0.0,11,11,1.0,7,0,0.0
LUH_NMC_SIO,LUH_NMC_SIO/P045_2,0.9,fixed_shift,18,True,False,False,8.0,,11.0,11.0,,1.0,0,0.0,11,11,1.0,7,0,0.0
LUH_NMC_SIO,LUH_NMC_SIO/P045_2,0.9,pchp_method,18,True,False,False,8.0,,11.0,11.0,,1.0,0,0.0,11,11,1.0,7,0,0.0
LUH_NMC_SIO,LUH_NMC_SIO/P045_3,0.7,protected_state,18,False,False,False,,,,,,,0,,0,0,,18,0,0.0
LUH_NMC_SIO,LUH_NMC_SIO/P045_3,0.7,fixed_shift,18,False,False,False,,,,,,,0,,0,0,,18,0,0.0
LUH_NMC_SIO,LUH_NMC_SIO/P045_3,0.7,pchp_method,18,False,False,False,,,,,,,0,,0,0,,18,0,0.0
LUH_NMC_SIO,LUH_NMC_SIO/P045_3,0.8,protected_state,18,False,False,False,,,,,,,0,,0,0,,18,0,0.0
LUH_NMC_SIO,LUH_NMC_SIO/P045_3,0.8,fixed_shift,18,False,False,False,,,,,,,0,,0,0,,18,0,0.0
LUH_NMC_SIO,LUH_NMC_SIO/P045_3,0.8,pchp_method,18,False,False,False,,,,,,,0,,0,0,,18,0,0.0
LUH_NMC_SIO,LUH_NMC_SIO/P045_3,0.9,protected_state,18,True,False,False,8.0,,11.0,11.0,,1.0,0,0.0,11,11,1.0,7,0,0.0
LUH_NMC_SIO,LUH_NMC_SIO/P045_3,0.9,fixed_shift,18,True,False,False,8.0,,11.0,11.0,,1.0,0,0.0,11,11,1.0,7,0,0.0
LUH_NMC_SIO,LUH_NMC_SIO/P045_3,0.9,pchp_method,18,True,False,False,8.0,,11.0,11.0,,1.0,0,0.0,11,11,1.0,7,0,0.0
LUH_NMC_SIO,LUH_NMC_SIO/P046_1,0.7,protected_state,18,False,False,False,,,,,,,0,,0,0,,18,0,0.0
LUH_NMC_SIO,LUH_NMC_SIO/P046_1,0.7,fixed_shift,18,False,False,False,,,,,,,0,,0,0,,18,0,0.0
LUH_NMC_SIO,LUH_NMC_SIO/P046_1,0.7,pchp_method,18,False,False,False,,,,,,,0,,0,0,,18,0,0.0
LUH_NMC_SIO,LUH_NMC_SIO/P046_1,0.8,protected_state,18,False,False,False,,,,,,,0,,0,0,,18,0,0.0
LUH_NMC_SIO,LUH_NMC_SIO/P046_1,0.8,fixed_shift,18,False,False,False,,,,,,,0,,0,0,,18,0,0.0
LUH_NMC_SIO,LUH_NMC_SIO/P046_1,0.8,pchp_method,18,False,False,False,,,,,,,0,,0,0,,18,0,0.0
LUH_NMC_SIO,LUH_NMC_SIO/P046_1,0.9,protected_state,18,True,False,False,7.0,,12.0,12.0,,1.0,0,0.0,12,12,1.0,6,0,0.0
LUH_NMC_SIO,LUH_NMC_SIO/P046_1,0.9,fixed_shift,18,True,False,False,7.0,,12.0,12.0,,1.0,0,0.0,12,12,1.0,6,0,0.0
LUH_NMC_SIO,LUH_NMC_SIO/P046_1,0.9,pchp_method,18,True,False,False,7.0,,12.0,12.0,,1.0,0,0.0,12,12,1.0,6,0,0.0
LUH_NMC_SIO,LUH_NMC_SIO/P046_2,0.7,protected_state,18,False,False,False,,,,,,,0,,0,0,,18,0,0.0
LUH_NMC_SIO,LUH_NMC_SIO/P046_2,0.7,fixed_shift,18,False,False,False,,,,,,,0,,0,0,,18,0,0.0
LUH_NMC_SIO,LUH_NMC_SIO/P046_2,0.7,pchp_method,18,False,False,False,,,,,,,0,,0,0,,18,0,0.0
LUH_NMC_SIO,LUH_NMC_SIO/P046_2,0.8,protected_state,18,False,False,False,,,,,,,0,,0,0,,18,0,0.0
LUH_NMC_SIO,LUH_NMC_SIO/P046_2,0.8,fixed_shift,18,False,False,False,,,,,,,0,,0,0,,18,0,0.0
LUH_NMC_SIO,LUH_NMC_SIO/P046_2,0.8,pchp_method,18,False,False,False,,,,,,,0,,0,0,,18,0,0.0
LUH_NMC_SIO,LUH_NMC_SIO/P046_2,0.9,protected_state,18,True,False,False,6.0,,13.0,13.0,,1.0,0,0.0,13,13,1.0,5,0,0.0
LUH_NMC_SIO,LUH_NMC_SIO/P046_2,0.9,fixed_shift,18,True,False,False,6.0,,13.0,13.0,,1.0,0,0.0,13,13,1.0,5,0,0.0
LUH_NMC_SIO,LUH_NMC_SIO/P046_2,0.9,pchp_method,18,True,False,False,6.0,,13.0,13.0,,1.0,0,0.0,13,13,1.0,5,0,0.0
LUH_NMC_SIO,LUH_NMC_SIO/P046_3,0.7,protected_state,18,False,False,False,,,,,,,0,,0,0,,18,0,0.0
LUH_NMC_SIO,LUH_NMC_SIO/P046_3,0.7,fixed_shift,18,False,False,False,,,,,,,0,,0,0,,18,0,0.0
LUH_NMC_SIO,LUH_NMC_SIO/P046_3,0.7,pchp_method,18,False,False,False,,,,,,,0,,0,0,,18,0,0.0
LUH_NMC_SIO,LUH_NMC_SIO/P046_3,0.8,protected_state,18,True,False,False,17.0,,2.0,2.0,,1.0,0,0.0,2,2,1.0,16,0,0.0
LUH_NMC_SIO,LUH_NMC_SIO/P046_3,0.8,fixed_shift,18,True,False,False,17.0,,2.0,2.0,,1.0,0,0.0,2,2,1.0,16,0,0.0
LUH_NMC_SIO,LUH_NMC_SIO/P046_3,0.8,pchp_method,18,True,False,False,17.0,,2.0,2.0,,1.0,0,0.0,2,2,1.0,16,0,0.0
LUH_NMC_SIO,LUH_NMC_SIO/P046_3,0.9,protected_state,18,True,False,False,7.0,,12.0,12.0,,1.0,0,0.0,12,12,1.0,6,0,0.0
LUH_NMC_SIO,LUH_NMC_SIO/P046_3,0.9,fixed_shift,18,True,False,False,7.0,,12.0,12.0,,1.0,0,0.0,12,12,1.0,6,0,0.0
LUH_NMC_SIO,LUH_NMC_SIO/P046_3,0.9,pchp_method,18,True,False,False,7.0,,12.0,12.0,,1.0,0,0.0,12,12,1.0,6,0,0.0
LUH_NMC_SIO,LUH_NMC_SIO/P047_1,0.7,protected_state,6,False,False,False,,,,,,,0,,0,0,,6,0,0.0
LUH_NMC_SIO,LUH_NMC_SIO/P047_1,0.7,fixed_shift,6,False,False,False,,,,,,,0,,0,0,,6,0,0.0
LUH_NMC_SIO,LUH_NMC_SIO/P047_1,0.7,pchp_method,6,False,False,False,,,,,,,0,,0,0,,6,0,0.0
LUH_NMC_SIO,LUH_NMC_SIO/P047_1,0.8,protected_state,6,True,False,False,6.0,,1.0,1.0,,1.0,0,0.0,1,1,1.0,5,0,0.0
LUH_NMC_SIO,LUH_NMC_SIO/P047_1,0.8,fixed_shift,6,True,False,False,6.0,,1.0,1.0,,1.0,0,0.0,1,1,1.0,5,0,0.0
LUH_NMC_SIO,LUH_NMC_SIO/P047_1,0.8,pchp_method,6,True,False,False,6.0,,1.0,1.0,,1.0,0,0.0,1,1,1.0,5,0,0.0
LUH_NMC_SIO,LUH_NMC_SIO/P047_1,0.9,protected_state,6,True,False,False,5.0,,2.0,2.0,,1.0,0,0.0,2,2,1.0,4,0,0.0
LUH_NMC_SIO,LUH_NMC_SIO/P047_1,0.9,fixed_shift,6,True,False,False,5.0,,2.0,2.0,,1.0,0,0.0,2,2,1.0,4,0,0.0
LUH_NMC_SIO,LUH_NMC_SIO/P047_1,0.9,pchp_method,6,True,False,False,5.0,,2.0,2.0,,1.0,0,0.0,2,2,1.0,4,0,0.0
LUH_NMC_SIO,LUH_NMC_SIO/P047_2,0.7,protected_state,6,True,False,False,6.0,,1.0,1.0,,1.0,0,0.0,1,1,1.0,5,0,0.0
LUH_NMC_SIO,LUH_NMC_SIO/P047_2,0.7,fixed_shift,6,True,False,False,6.0,,1.0,1.0,,1.0,0,0.0,1,1,1.0,5,0,0.0
LUH_NMC_SIO,LUH_NMC_SIO/P047_2,0.7,pchp_method,6,True,False,False,6.0,,1.0,1.0,,1.0,0,0.0,1,1,1.0,5,0,0.0
LUH_NMC_SIO,LUH_NMC_SIO/P047_2,0.8,protected_state,6,True,False,False,5.0,,2.0,2.0,,1.0,0,0.0,2,2,1.0,4,0,0.0
LUH_NMC_SIO,LUH_NMC_SIO/P047_2,0.8,fixed_shift,6,True,False,False,5.0,,2.0,2.0,,1.0,0,0.0,2,2,1.0,4,0,0.0
LUH_NMC_SIO,LUH_NMC_SIO/P047_2,0.8,pchp_method,6,True,False,False,5.0,,2.0,2.0,,1.0,0,0.0,2,2,1.0,4,0,0.0
LUH_NMC_SIO,LUH_NMC_SIO/P047_2,0.9,protected_state,6,True,True,True,4.0,6.0,2.0,2.0,305.3166666666666,1.0,0,0.0,3,2,0.6666666666666666,3,0,0.0
LUH_NMC_SIO,LUH_NMC_SIO/P047_2,0.9,fixed_shift,6,True,False,False,4.0,,3.0,3.0,,1.0,0,0.0,3,3,1.0,3,0,0.0
LUH_NMC_SIO,LUH_NMC_SIO/P047_2,0.9,pchp_method,6,True,False,False,4.0,,3.0,3.0,,1.0,0,0.0,3,3,1.0,3,0,0.0
LUH_NMC_SIO,LUH_NMC_SIO/P047_3,0.7,protected_state,7,True,False,False,7.0,,1.0,1.0,,1.0,0,0.0,1,1,1.0,6,0,0.0
LUH_NMC_SIO,LUH_NMC_SIO/P047_3,0.7,fixed_shift,7,True,False,False,7.0,,1.0,1.0,,1.0,0,0.0,1,1,1.0,6,0,0.0
LUH_NMC_SIO,LUH_NMC_SIO/P047_3,0.7,pchp_method,7,True,False,False,7.0,,1.0,1.0,,1.0,0,0.0,1,1,1.0,6,0,0.0
LUH_NMC_SIO,LUH_NMC_SIO/P047_3,0.8,protected_state,7,True,False,False,6.0,,2.0,2.0,,1.0,0,0.0,2,2,1.0,5,0,0.0
LUH_NMC_SIO,LUH_NMC_SIO/P047_3,0.8,fixed_shift,7,True,False,False,6.0,,2.0,2.0,,1.0,0,0.0,2,2,1.0,5,0,0.0
LUH_NMC_SIO,LUH_NMC_SIO/P047_3,0.8,pchp_method,7,True,False,False,6.0,,2.0,2.0,,1.0,0,0.0,2,2,1.0,5,0,0.0
LUH_NMC_SIO,LUH_NMC_SIO/P047_3,0.9,protected_state,7,True,True,True,3.0,7.0,4.0,4.0,641.685,1.0,0,0.0,5,4,0.8,2,0,0.0
LUH_NMC_SIO,LUH_NMC_SIO/P047_3,0.9,fixed_shift,7,True,False,False,3.0,,5.0,5.0,,1.0,0,0.0,5,5,1.0,2,0,0.0
LUH_NMC_SIO,LUH_NMC_SIO/P047_3,0.9,pchp_method,7,True,False,False,3.0,,5.0,5.0,,1.0,0,0.0,5,5,1.0,2,0,0.0
LUH_NMC_SIO,LUH_NMC_SIO/P049_1,0.7,protected_state,18,False,False,False,,,,,,,0,,0,0,,18,0,0.0
LUH_NMC_SIO,LUH_NMC_SIO/P049_1,0.7,fixed_shift,18,False,False,False,,,,,,,0,,0,0,,18,0,0.0
LUH_NMC_SIO,LUH_NMC_SIO/P049_1,0.7,pchp_method,18,False,False,False,,,,,,,0,,0,0,,18,0,0.0
LUH_NMC_SIO,LUH_NMC_SIO/P049_1,0.8,protected_state,18,False,False,False,,,,,,,0,,0,0,,18,0,0.0
LUH_NMC_SIO,LUH_NMC_SIO/P049_1,0.8,fixed_shift,18,False,False,False,,,,,,,0,,0,0,,18,0,0.0
LUH_NMC_SIO,LUH_NMC_SIO/P049_1,0.8,pchp_method,18,False,False,False,,,,,,,0,,0,0,,18,0,0.0
LUH_NMC_SIO,LUH_NMC_SIO/P049_1,0.9,protected_state,18,True,False,False,11.0,,8.0,8.0,,1.0,0,0.0,8,8,1.0,10,0,0.0
LUH_NMC_SIO,LUH_NMC_SIO/P049_1,0.9,fixed_shift,18,True,False,False,11.0,,8.0,8.0,,1.0,0,0.0,8,8,1.0,10,0,0.0
LUH_NMC_SIO,LUH_NMC_SIO/P049_1,0.9,pchp_method,18,True,False,False,11.0,,8.0,8.0,,1.0,0,0.0,8,8,1.0,10,0,0.0
LUH_NMC_SIO,LUH_NMC_SIO/P049_2,0.7,protected_state,18,False,False,False,,,,,,,0,,0,0,,18,0,0.0
LUH_NMC_SIO,LUH_NMC_SIO/P049_2,0.7,fixed_shift,18,False,False,False,,,,,,,0,,0,0,,18,0,0.0
LUH_NMC_SIO,LUH_NMC_SIO/P049_2,0.7,pchp_method,18,False,False,False,,,,,,,0,,0,0,,18,0,0.0
LUH_NMC_SIO,LUH_NMC_SIO/P049_2,0.8,protected_state,18,False,False,False,,,,,,,0,,0,0,,18,0,0.0
LUH_NMC_SIO,LUH_NMC_SIO/P049_2,0.8,fixed_shift,18,False,False,False,,,,,,,0,,0,0,,18,0,0.0
LUH_NMC_SIO,LUH_NMC_SIO/P049_2,0.8,pchp_method,18,False,False,False,,,,,,,0,,0,0,,18,0,0.0
LUH_NMC_SIO,LUH_NMC_SIO/P049_2,0.9,protected_state,18,True,False,False,13.0,,6.0,6.0,,1.0,0,0.0,6,6,1.0,12,0,0.0
LUH_NMC_SIO,LUH_NMC_SIO/P049_2,0.9,fixed_shift,18,True,False,False,13.0,,6.0,6.0,,1.0,0,0.0,6,6,1.0,12,0,0.0
LUH_NMC_SIO,LUH_NMC_SIO/P049_2,0.9,pchp_method,18,True,False,False,13.0,,6.0,6.0,,1.0,0,0.0,6,6,1.0,12,0,0.0
LUH_NMC_SIO,LUH_NMC_SIO/P049_3,0.7,protected_state,18,False,False,False,,,,,,,0,,0,0,,18,0,0.0
LUH_NMC_SIO,LUH_NMC_SIO/P049_3,0.7,fixed_shift,18,False,False,False,,,,,,,0,,0,0,,18,0,0.0
LUH_NMC_SIO,LUH_NMC_SIO/P049_3,0.7,pchp_method,18,False,False,False,,,,,,,0,,0,0,,18,0,0.0
LUH_NMC_SIO,LUH_NMC_SIO/P049_3,0.8,protected_state,18,False,False,False,,,,,,,0,,0,0,,18,0,0.0
LUH_NMC_SIO,LUH_NMC_SIO/P049_3,0.8,fixed_shift,18,False,False,False,,,,,,,0,,0,0,,18,0,0.0
LUH_NMC_SIO,LUH_NMC_SIO/P049_3,0.8,pchp_method,18,False,False,False,,,,,,,0,,0,0,,18,0,0.0
LUH_NMC_SIO,LUH_NMC_SIO/P049_3,0.9,protected_state,18,True,False,False,11.0,,8.0,8.0,,1.0,0,0.0,8,8,1.0,10,0,0.0
LUH_NMC_SIO,LUH_NMC_SIO/P049_3,0.9,fixed_shift,18,True,False,False,11.0,,8.0,8.0,,1.0,0,0.0,8,8,1.0,10,0,0.0
LUH_NMC_SIO,LUH_NMC_SIO/P049_3,0.9,pchp_method,18,True,False,False,11.0,,8.0,8.0,,1.0,0,0.0,8,8,1.0,10,0,0.0
LUH_NMC_SIO,LUH_NMC_SIO/P050_1,0.7,protected_state,18,False,False,False,,,,,,,0,,0,0,,18,0,0.0
LUH_NMC_SIO,LUH_NMC_SIO/P050_1,0.7,fixed_shift,18,False,False,False,,,,,,,0,,0,0,,18,0,0.0
LUH_NMC_SIO,LUH_NMC_SIO/P050_1,0.7,pchp_method,18,False,False,False,,,,,,,0,,0,0,,18,0,0.0
LUH_NMC_SIO,LUH_NMC_SIO/P050_1,0.8,protected_state,18,False,False,False,,,,,,,0,,0,0,,18,0,0.0
LUH_NMC_SIO,LUH_NMC_SIO/P050_1,0.8,fixed_shift,18,False,False,False,,,,,,,0,,0,0,,18,0,0.0
LUH_NMC_SIO,LUH_NMC_SIO/P050_1,0.8,pchp_method,18,False,False,False,,,,,,,0,,0,0,,18,0,0.0
LUH_NMC_SIO,LUH_NMC_SIO/P050_1,0.9,protected_state,18,True,False,False,9.0,,10.0,10.0,,1.0,0,0.0,10,10,1.0,8,0,0.0
LUH_NMC_SIO,LUH_NMC_SIO/P050_1,0.9,fixed_shift,18,True,False,False,9.0,,10.0,10.0,,1.0,0,0.0,10,10,1.0,8,0,0.0
LUH_NMC_SIO,LUH_NMC_SIO/P050_1,0.9,pchp_method,18,True,False,False,9.0,,10.0,10.0,,1.0,0,0.0,10,10,1.0,8,0,0.0
LUH_NMC_SIO,LUH_NMC_SIO/P050_2,0.7,protected_state,18,False,False,False,,,,,,,0,,0,0,,18,0,0.0
LUH_NMC_SIO,LUH_NMC_SIO/P050_2,0.7,fixed_shift,18,False,False,False,,,,,,,0,,0,0,,18,0,0.0
LUH_NMC_SIO,LUH_NMC_SIO/P050_2,0.7,pchp_method,18,False,False,False,,,,,,,0,,0,0,,18,0,0.0
LUH_NMC_SIO,LUH_NMC_SIO/P050_2,0.8,protected_state,18,False,False,False,,,,,,,0,,0,0,,18,0,0.0
LUH_NMC_SIO,LUH_NMC_SIO/P050_2,0.8,fixed_shift,18,False,False,False,,,,,,,0,,0,0,,18,0,0.0
LUH_NMC_SIO,LUH_NMC_SIO/P050_2,0.8,pchp_method,18,False,False,False,,,,,,,0,,0,0,,18,0,0.0
LUH_NMC_SIO,LUH_NMC_SIO/P050_2,0.9,protected_state,18,True,False,False,9.0,,10.0,10.0,,1.0,0,0.0,10,10,1.0,8,0,0.0
LUH_NMC_SIO,LUH_NMC_SIO/P050_2,0.9,fixed_shift,18,True,False,False,9.0,,10.0,10.0,,1.0,0,0.0,10,10,1.0,8,0,0.0
LUH_NMC_SIO,LUH_NMC_SIO/P050_2,0.9,pchp_method,18,True,False,False,9.0,,10.0,10.0,,1.0,0,0.0,10,10,1.0,8,0,0.0
LUH_NMC_SIO,LUH_NMC_SIO/P050_3,0.7,protected_state,18,False,False,False,,,,,,,0,,0,0,,18,0,0.0
LUH_NMC_SIO,LUH_NMC_SIO/P050_3,0.7,fixed_shift,18,False,False,False,,,,,,,0,,0,0,,18,0,0.0
LUH_NMC_SIO,LUH_NMC_SIO/P050_3,0.7,pchp_method,18,False,False,False,,,,,,,0,,0,0,,18,0,0.0
LUH_NMC_SIO,LUH_NMC_SIO/P050_3,0.8,protected_state,18,False,False,False,,,,,,,0,,0,0,,18,0,0.0
LUH_NMC_SIO,LUH_NMC_SIO/P050_3,0.8,fixed_shift,18,False,False,False,,,,,,,0,,0,0,,18,0,0.0
LUH_NMC_SIO,LUH_NMC_SIO/P050_3,0.8,pchp_method,18,False,False,False,,,,,,,0,,0,0,,18,0,0.0
LUH_NMC_SIO,LUH_NMC_SIO/P050_3,0.9,protected_state,18,True,False,False,9.0,,10.0,10.0,,1.0,0,0.0,10,10,1.0,8,0,0.0
LUH_NMC_SIO,LUH_NMC_SIO/P050_3,0.9,fixed_shift,18,True,False,False,9.0,,10.0,10.0,,1.0,0,0.0,10,10,1.0,8,0,0.0
LUH_NMC_SIO,LUH_NMC_SIO/P050_3,0.9,pchp_method,18,True,False,False,9.0,,10.0,10.0,,1.0,0,0.0,10,10,1.0,8,0,0.0
LUH_NMC_SIO,LUH_NMC_SIO/P051_1,0.7,protected_state,11,False,False,False,,,,,,,0,,0,0,,11,0,0.0
LUH_NMC_SIO,LUH_NMC_SIO/P051_1,0.7,fixed_shift,11,False,False,False,,,,,,,0,,0,0,,11,0,0.0
LUH_NMC_SIO,LUH_NMC_SIO/P051_1,0.7,pchp_method,11,False,False,False,,,,,,,0,,0,0,,11,0,0.0
LUH_NMC_SIO,LUH_NMC_SIO/P051_1,0.8,protected_state,11,True,False,False,10.0,,2.0,2.0,,1.0,0,0.0,2,2,1.0,9,0,0.0
LUH_NMC_SIO,LUH_NMC_SIO/P051_1,0.8,fixed_shift,11,True,False,False,10.0,,2.0,2.0,,1.0,0,0.0,2,2,1.0,9,0,0.0
LUH_NMC_SIO,LUH_NMC_SIO/P051_1,0.8,pchp_method,11,True,False,False,10.0,,2.0,2.0,,1.0,0,0.0,2,2,1.0,9,0,0.0
LUH_NMC_SIO,LUH_NMC_SIO/P051_1,0.9,protected_state,11,True,True,True,5.0,10.0,5.0,5.0,810.1166666666663,1.0,0,0.0,7,5,0.7142857142857143,4,0,0.0
LUH_NMC_SIO,LUH_NMC_SIO/P051_1,0.9,fixed_shift,11,True,False,False,5.0,,7.0,7.0,,1.0,0,0.0,7,7,1.0,4,0,0.0
LUH_NMC_SIO,LUH_NMC_SIO/P051_1,0.9,pchp_method,11,True,False,False,5.0,,7.0,7.0,,1.0,0,0.0,7,7,1.0,4,0,0.0
LUH_NMC_SIO,LUH_NMC_SIO/P051_2,0.7,protected_state,18,True,False,False,15.0,,4.0,4.0,,1.0,0,0.0,4,4,1.0,14,0,0.0
LUH_NMC_SIO,LUH_NMC_SIO/P051_2,0.7,fixed_shift,18,True,False,False,15.0,,4.0,4.0,,1.0,0,0.0,4,4,1.0,14,0,0.0
LUH_NMC_SIO,LUH_NMC_SIO/P051_2,0.7,pchp_method,18,True,False,False,15.0,,4.0,4.0,,1.0,0,0.0,4,4,1.0,14,0,0.0
LUH_NMC_SIO,LUH_NMC_SIO/P051_2,0.8,protected_state,18,True,False,False,13.0,,6.0,6.0,,1.0,0,0.0,6,6,1.0,12,0,0.0
LUH_NMC_SIO,LUH_NMC_SIO/P051_2,0.8,fixed_shift,18,True,False,False,13.0,,6.0,6.0,,1.0,0,0.0,6,6,1.0,12,0,0.0
LUH_NMC_SIO,LUH_NMC_SIO/P051_2,0.8,pchp_method,18,True,False,False,13.0,,6.0,6.0,,1.0,0,0.0,6,6,1.0,12,0,0.0
LUH_NMC_SIO,LUH_NMC_SIO/P051_2,0.9,protected_state,18,True,True,True,4.0,14.0,10.0,10.0,1626.4416666666668,1.0,0,0.0,15,10,0.6666666666666666,3,0,0.0
LUH_NMC_SIO,LUH_NMC_SIO/P051_2,0.9,fixed_shift,18,True,False,False,4.0,,15.0,15.0,,1.0,0,0.0,15,15,1.0,3,0,0.0
LUH_NMC_SIO,LUH_NMC_SIO/P051_2,0.9,pchp_method,18,True,False,False,4.0,,15.0,15.0,,1.0,0,0.0,15,15,1.0,3,0,0.0
LUH_NMC_SIO,LUH_NMC_SIO/P051_3,0.7,protected_state,18,True,False,False,17.0,,2.0,2.0,,1.0,0,0.0,2,2,1.0,16,0,0.0
LUH_NMC_SIO,LUH_NMC_SIO/P051_3,0.7,fixed_shift,18,True,False,False,17.0,,2.0,2.0,,1.0,0,0.0,2,2,1.0,16,0,0.0
LUH_NMC_SIO,LUH_NMC_SIO/P051_3,0.7,pchp_method,18,True,False,False,17.0,,2.0,2.0,,1.0,0,0.0,2,2,1.0,16,0,0.0
LUH_NMC_SIO,LUH_NMC_SIO/P051_3,0.8,protected_state,18,True,False,False,13.0,,6.0,6.0,,1.0,0,0.0,6,6,1.0,12,0,0.0
LUH_NMC_SIO,LUH_NMC_SIO/P051_3,0.8,fixed_shift,18,True,False,False,13.0,,6.0,6.0,,1.0,0,0.0,6,6,1.0,12,0,0.0
LUH_NMC_SIO,LUH_NMC_SIO/P051_3,0.8,pchp_method,18,True,False,False,13.0,,6.0,6.0,,1.0,0,0.0,6,6,1.0,12,0,0.0
LUH_NMC_SIO,LUH_NMC_SIO/P051_3,0.9,protected_state,18,True,True,True,4.0,13.0,9.0,9.0,1495.1483333333333,1.0,0,0.0,15,9,0.6,3,0,0.0
LUH_NMC_SIO,LUH_NMC_SIO/P051_3,0.9,fixed_shift,18,True,False,False,4.0,,15.0,15.0,,1.0,0,0.0,15,15,1.0,3,0,0.0
LUH_NMC_SIO,LUH_NMC_SIO/P051_3,0.9,pchp_method,18,True,False,False,4.0,,15.0,15.0,,1.0,0,0.0,15,15,1.0,3,0,0.0
LUH_NMC_SIO,LUH_NMC_SIO/P052_1,0.7,protected_state,9,True,False,False,7.0,,3.0,3.0,,1.0,0,0.0,3,3,1.0,6,0,0.0
LUH_NMC_SIO,LUH_NMC_SIO/P052_1,0.7,fixed_shift,9,True,False,False,7.0,,3.0,3.0,,1.0,0,0.0,3,3,1.0,6,0,0.0
LUH_NMC_SIO,LUH_NMC_SIO/P052_1,0.7,pchp_method,9,True,False,False,7.0,,3.0,3.0,,1.0,0,0.0,3,3,1.0,6,0,0.0
LUH_NMC_SIO,LUH_NMC_SIO/P052_1,0.8,protected_state,9,True,False,False,6.0,,4.0,4.0,,1.0,0,0.0,4,4,1.0,5,0,0.0
LUH_NMC_SIO,LUH_NMC_SIO/P052_1,0.8,fixed_shift,9,True,False,False,6.0,,4.0,4.0,,1.0,0,0.0,4,4,1.0,5,0,0.0
LUH_NMC_SIO,LUH_NMC_SIO/P052_1,0.8,pchp_method,9,True,False,False,6.0,,4.0,4.0,,1.0,0,0.0,4,4,1.0,5,0,0.0
LUH_NMC_SIO,LUH_NMC_SIO/P052_1,0.9,protected_state,9,True,True,True,3.0,9.0,6.0,6.0,885.02,1.0,0,0.0,7,6,0.8571428571428571,2,0,0.0
LUH_NMC_SIO,LUH_NMC_SIO/P052_1,0.9,fixed_shift,9,True,False,False,3.0,,7.0,7.0,,1.0,0,0.0,7,7,1.0,2,0,0.0
LUH_NMC_SIO,LUH_NMC_SIO/P052_1,0.9,pchp_method,9,True,False,False,3.0,,7.0,7.0,,1.0,0,0.0,7,7,1.0,2,0,0.0
LUH_NMC_SIO,LUH_NMC_SIO/P052_2,0.7,protected_state,5,True,False,False,4.0,,2.0,2.0,,1.0,0,0.0,2,2,1.0,3,0,0.0
LUH_NMC_SIO,LUH_NMC_SIO/P052_2,0.7,fixed_shift,5,True,False,False,4.0,,2.0,2.0,,1.0,0,0.0,2,2,1.0,3,0,0.0
LUH_NMC_SIO,LUH_NMC_SIO/P052_2,0.7,pchp_method,5,True,False,False,4.0,,2.0,2.0,,1.0,0,0.0,2,2,1.0,3,0,0.0
LUH_NMC_SIO,LUH_NMC_SIO/P052_2,0.8,protected_state,5,True,False,False,4.0,,2.0,2.0,,1.0,0,0.0,2,2,1.0,3,0,0.0
LUH_NMC_SIO,LUH_NMC_SIO/P052_2,0.8,fixed_shift,5,True,False,False,4.0,,2.0,2.0,,1.0,0,0.0,2,2,1.0,3,0,0.0
LUH_NMC_SIO,LUH_NMC_SIO/P052_2,0.8,pchp_method,5,True,False,False,4.0,,2.0,2.0,,1.0,0,0.0,2,2,1.0,3,0,0.0
LUH_NMC_SIO,LUH_NMC_SIO/P052_2,0.9,protected_state,5,True,True,True,2.0,1.0,-1.0,1.0,-190.04166666666686,0.0,1,0.0,4,0,0.0,1,1,1.0
LUH_NMC_SIO,LUH_NMC_SIO/P052_2,0.9,fixed_shift,5,True,False,False,2.0,,4.0,4.0,,1.0,0,0.0,4,4,1.0,1,0,0.0
LUH_NMC_SIO,LUH_NMC_SIO/P052_2,0.9,pchp_method,5,True,False,False,2.0,,4.0,4.0,,1.0,0,0.0,4,4,1.0,1,0,0.0
LUH_NMC_SIO,LUH_NMC_SIO/P053_1,0.7,protected_state,9,False,False,False,,,,,,,0,,0,0,,9,0,0.0
LUH_NMC_SIO,LUH_NMC_SIO/P053_1,0.7,fixed_shift,9,False,False,False,,,,,,,0,,0,0,,9,0,0.0
LUH_NMC_SIO,LUH_NMC_SIO/P053_1,0.7,pchp_method,9,False,False,False,,,,,,,0,,0,0,,9,0,0.0
LUH_NMC_SIO,LUH_NMC_SIO/P053_1,0.8,protected_state,9,True,False,False,9.0,,1.0,1.0,,1.0,0,0.0,1,1,1.0,8,0,0.0
LUH_NMC_SIO,LUH_NMC_SIO/P053_1,0.8,fixed_shift,9,True,False,False,9.0,,1.0,1.0,,1.0,0,0.0,1,1,1.0,8,0,0.0
LUH_NMC_SIO,LUH_NMC_SIO/P053_1,0.8,pchp_method,9,True,False,False,9.0,,1.0,1.0,,1.0,0,0.0,1,1,1.0,8,0,0.0
LUH_NMC_SIO,LUH_NMC_SIO/P053_1,0.9,protected_state,9,True,False,False,5.0,,5.0,5.0,,1.0,0,0.0,5,5,1.0,4,0,0.0
LUH_NMC_SIO,LUH_NMC_SIO/P053_1,0.9,fixed_shift,9,True,False,False,5.0,,5.0,5.0,,1.0,0,0.0,5,5,1.0,4,0,0.0
LUH_NMC_SIO,LUH_NMC_SIO/P053_1,0.9,pchp_method,9,True,False,False,5.0,,5.0,5.0,,1.0,0,0.0,5,5,1.0,4,0,0.0
LUH_NMC_SIO,LUH_NMC_SIO/P053_2,0.7,protected_state,9,False,False,False,,,,,,,0,,0,0,,9,0,0.0
LUH_NMC_SIO,LUH_NMC_SIO/P053_2,0.7,fixed_shift,9,False,False,False,,,,,,,0,,0,0,,9,0,0.0
LUH_NMC_SIO,LUH_NMC_SIO/P053_2,0.7,pchp_method,9,False,False,False,,,,,,,0,,0,0,,9,0,0.0
LUH_NMC_SIO,LUH_NMC_SIO/P053_2,0.8,protected_state,9,False,False,False,,,,,,,0,,0,0,,9,0,0.0
LUH_NMC_SIO,LUH_NMC_SIO/P053_2,0.8,fixed_shift,9,False,False,False,,,,,,,0,,0,0,,9,0,0.0
LUH_NMC_SIO,LUH_NMC_SIO/P053_2,0.8,pchp_method,9,False,False,False,,,,,,,0,,0,0,,9,0,0.0
LUH_NMC_SIO,LUH_NMC_SIO/P053_2,0.9,protected_state,9,True,False,False,4.0,,6.0,6.0,,1.0,0,0.0,6,6,1.0,3,0,0.0
LUH_NMC_SIO,LUH_NMC_SIO/P053_2,0.9,fixed_shift,9,True,False,False,4.0,,6.0,6.0,,1.0,0,0.0,6,6,1.0,3,0,0.0
LUH_NMC_SIO,LUH_NMC_SIO/P053_2,0.9,pchp_method,9,True,False,False,4.0,,6.0,6.0,,1.0,0,0.0,6,6,1.0,3,0,0.0
LUH_NMC_SIO,LUH_NMC_SIO/P053_3,0.7,protected_state,11,True,False,False,11.0,,1.0,1.0,,1.0,0,0.0,1,1,1.0,10,0,0.0
LUH_NMC_SIO,LUH_NMC_SIO/P053_3,0.7,fixed_shift,11,True,False,False,11.0,,1.0,1.0,,1.0,0,0.0,1,1,1.0,10,0,0.0
LUH_NMC_SIO,LUH_NMC_SIO/P053_3,0.7,pchp_method,11,True,False,False,11.0,,1.0,1.0,,1.0,0,0.0,1,1,1.0,10,0,0.0
LUH_NMC_SIO,LUH_NMC_SIO/P053_3,0.8,protected_state,11,True,False,False,9.0,,3.0,3.0,,1.0,0,0.0,3,3,1.0,8,0,0.0
LUH_NMC_SIO,LUH_NMC_SIO/P053_3,0.8,fixed_shift,11,True,False,False,9.0,,3.0,3.0,,1.0,0,0.0,3,3,1.0,8,0,0.0
LUH_NMC_SIO,LUH_NMC_SIO/P053_3,0.8,pchp_method,11,True,False,False,9.0,,3.0,3.0,,1.0,0,0.0,3,3,1.0,8,0,0.0
LUH_NMC_SIO,LUH_NMC_SIO/P053_3,0.9,protected_state,11,True,False,False,5.0,,7.0,7.0,,1.0,0,0.0,7,7,1.0,4,0,0.0
LUH_NMC_SIO,LUH_NMC_SIO/P053_3,0.9,fixed_shift,11,True,False,False,5.0,,7.0,7.0,,1.0,0,0.0,7,7,1.0,4,0,0.0
LUH_NMC_SIO,LUH_NMC_SIO/P053_3,0.9,pchp_method,11,True,False,False,5.0,,7.0,7.0,,1.0,0,0.0,7,7,1.0,4,0,0.0
LUH_NMC_SIO,LUH_NMC_SIO/P054_1,0.7,protected_state,9,True,False,False,9.0,,1.0,1.0,,1.0,0,0.0,1,1,1.0,8,0,0.0
LUH_NMC_SIO,LUH_NMC_SIO/P054_1,0.7,fixed_shift,9,True,False,False,9.0,,1.0,1.0,,1.0,0,0.0,1,1,1.0,8,0,0.0
LUH_NMC_SIO,LUH_NMC_SIO/P054_1,0.7,pchp_method,9,True,False,False,9.0,,1.0,1.0,,1.0,0,0.0,1,1,1.0,8,0,0.0
LUH_NMC_SIO,LUH_NMC_SIO/P054_1,0.8,protected_state,9,True,False,False,7.0,,3.0,3.0,,1.0,0,0.0,3,3,1.0,6,0,0.0
LUH_NMC_SIO,LUH_NMC_SIO/P054_1,0.8,fixed_shift,9,True,False,False,7.0,,3.0,3.0,,1.0,0,0.0,3,3,1.0,6,0,0.0
LUH_NMC_SIO,LUH_NMC_SIO/P054_1,0.8,pchp_method,9,True,False,False,7.0,,3.0,3.0,,1.0,0,0.0,3,3,1.0,6,0,0.0
LUH_NMC_SIO,LUH_NMC_SIO/P054_1,0.9,protected_state,9,True,True,True,4.0,1.0,-3.0,3.0,-327.9033333333333,0.0,1,0.0,6,0,0.0,3,3,1.0
LUH_NMC_SIO,LUH_NMC_SIO/P054_1,0.9,fixed_shift,9,True,True,True,4.0,1.0,-3.0,3.0,-327.9033333333333,0.0,1,0.0,6,0,0.0,3,3,1.0
LUH_NMC_SIO,LUH_NMC_SIO/P054_1,0.9,pchp_method,9,True,True,True,4.0,1.0,-3.0,3.0,-327.9033333333333,0.0,1,0.0,6,0,0.0,3,3,1.0
LUH_NMC_SIO,LUH_NMC_SIO/P054_2,0.7,protected_state,11,True,False,False,11.0,,1.0,1.0,,1.0,0,0.0,1,1,1.0,10,0,0.0
LUH_NMC_SIO,LUH_NMC_SIO/P054_2,0.7,fixed_shift,11,True,False,False,11.0,,1.0,1.0,,1.0,0,0.0,1,1,1.0,10,0,0.0
LUH_NMC_SIO,LUH_NMC_SIO/P054_2,0.7,pchp_method,11,True,False,False,11.0,,1.0,1.0,,1.0,0,0.0,1,1,1.0,10,0,0.0
LUH_NMC_SIO,LUH_NMC_SIO/P054_2,0.8,protected_state,11,True,False,False,8.0,,4.0,4.0,,1.0,0,0.0,4,4,1.0,7,0,0.0
LUH_NMC_SIO,LUH_NMC_SIO/P054_2,0.8,fixed_shift,11,True,False,False,8.0,,4.0,4.0,,1.0,0,0.0,4,4,1.0,7,0,0.0
LUH_NMC_SIO,LUH_NMC_SIO/P054_2,0.8,pchp_method,11,True,False,False,8.0,,4.0,4.0,,1.0,0,0.0,4,4,1.0,7,0,0.0
LUH_NMC_SIO,LUH_NMC_SIO/P054_2,0.9,protected_state,11,True,True,True,3.0,1.0,-2.0,2.0,-218.80999999999995,0.0,1,0.0,9,0,0.0,2,2,1.0
LUH_NMC_SIO,LUH_NMC_SIO/P054_2,0.9,fixed_shift,11,True,True,True,3.0,7.0,4.0,4.0,429.405,1.0,0,0.0,9,4,0.4444444444444444,2,0,0.0
LUH_NMC_SIO,LUH_NMC_SIO/P054_2,0.9,pchp_method,11,True,True,True,3.0,7.0,4.0,4.0,429.405,1.0,0,0.0,9,4,0.4444444444444444,2,0,0.0
LUH_NMC_SIO,LUH_NMC_SIO/P054_3,0.7,protected_state,11,False,False,False,,,,,,,0,,0,0,,11,0,0.0
LUH_NMC_SIO,LUH_NMC_SIO/P054_3,0.7,fixed_shift,11,False,False,False,,,,,,,0,,0,0,,11,0,0.0
LUH_NMC_SIO,LUH_NMC_SIO/P054_3,0.7,pchp_method,11,False,False,False,,,,,,,0,,0,0,,11,0,0.0
LUH_NMC_SIO,LUH_NMC_SIO/P054_3,0.8,protected_state,11,True,False,False,9.0,,3.0,3.0,,1.0,0,0.0,3,3,1.0,8,0,0.0
LUH_NMC_SIO,LUH_NMC_SIO/P054_3,0.8,fixed_shift,11,True,False,False,9.0,,3.0,3.0,,1.0,0,0.0,3,3,1.0,8,0,0.0
LUH_NMC_SIO,LUH_NMC_SIO/P054_3,0.8,pchp_method,11,True,False,False,9.0,,3.0,3.0,,1.0,0,0.0,3,3,1.0,8,0,0.0
LUH_NMC_SIO,LUH_NMC_SIO/P054_3,0.9,protected_state,11,True,True,True,4.0,1.0,-3.0,3.0,-328.48,0.0,1,0.0,8,0,0.0,3,3,1.0
LUH_NMC_SIO,LUH_NMC_SIO/P054_3,0.9,fixed_shift,11,True,True,True,4.0,8.0,4.0,4.0,425.29166666666674,1.0,0,0.0,8,4,0.5,3,0,0.0
LUH_NMC_SIO,LUH_NMC_SIO/P054_3,0.9,pchp_method,11,True,True,True,4.0,8.0,4.0,4.0,425.29166666666674,1.0,0,0.0,8,4,0.5,3,0,0.0
LUH_NMC_SIO,LUH_NMC_SIO/P055_1,0.7,protected_state,2,False,False,False,,,,,,,0,,0,0,,2,0,0.0
LUH_NMC_SIO,LUH_NMC_SIO/P055_1,0.7,fixed_shift,2,False,False,False,,,,,,,0,,0,0,,2,0,0.0
LUH_NMC_SIO,LUH_NMC_SIO/P055_1,0.7,pchp_method,2,False,False,False,,,,,,,0,,0,0,,2,0,0.0
LUH_NMC_SIO,LUH_NMC_SIO/P055_1,0.8,protected_state,2,False,False,False,,,,,,,0,,0,0,,2,0,0.0
LUH_NMC_SIO,LUH_NMC_SIO/P055_1,0.8,fixed_shift,2,False,False,False,,,,,,,0,,0,0,,2,0,0.0
LUH_NMC_SIO,LUH_NMC_SIO/P055_1,0.8,pchp_method,2,False,False,False,,,,,,,0,,0,0,,2,0,0.0
LUH_NMC_SIO,LUH_NMC_SIO/P055_1,0.9,protected_state,2,True,True,True,1.0,1.0,0.0,0.0,0.0,0.0,0,1.0,2,0,0.0,0,0,
LUH_NMC_SIO,LUH_NMC_SIO/P055_1,0.9,fixed_shift,2,True,True,True,1.0,1.0,0.0,0.0,0.0,0.0,0,1.0,2,0,0.0,0,0,
LUH_NMC_SIO,LUH_NMC_SIO/P055_1,0.9,pchp_method,2,True,True,True,1.0,1.0,0.0,0.0,0.0,0.0,0,1.0,2,0,0.0,0,0,
LUH_NMC_SIO,LUH_NMC_SIO/P055_2,0.7,protected_state,2,False,False,False,,,,,,,0,,0,0,,2,0,0.0
LUH_NMC_SIO,LUH_NMC_SIO/P055_2,0.7,fixed_shift,2,False,False,False,,,,,,,0,,0,0,,2,0,0.0
LUH_NMC_SIO,LUH_NMC_SIO/P055_2,0.7,pchp_method,2,False,False,False,,,,,,,0,,0,0,,2,0,0.0
LUH_NMC_SIO,LUH_NMC_SIO/P055_2,0.8,protected_state,2,False,False,False,,,,,,,0,,0,0,,2,0,0.0
LUH_NMC_SIO,LUH_NMC_SIO/P055_2,0.8,fixed_shift,2,False,False,False,,,,,,,0,,0,0,,2,0,0.0
LUH_NMC_SIO,LUH_NMC_SIO/P055_2,0.8,pchp_method,2,False,False,False,,,,,,,0,,0,0,,2,0,0.0
LUH_NMC_SIO,LUH_NMC_SIO/P055_2,0.9,protected_state,2,True,True,True,2.0,1.0,-1.0,1.0,-182.49166666666667,0.0,1,0.0,1,0,0.0,1,1,1.0
LUH_NMC_SIO,LUH_NMC_SIO/P055_2,0.9,fixed_shift,2,True,True,True,2.0,1.0,-1.0,1.0,-182.49166666666667,0.0,1,0.0,1,0,0.0,1,1,1.0
LUH_NMC_SIO,LUH_NMC_SIO/P055_2,0.9,pchp_method,2,True,True,True,2.0,1.0,-1.0,1.0,-182.49166666666667,0.0,1,0.0,1,0,0.0,1,1,1.0
LUH_NMC_SIO,LUH_NMC_SIO/P055_3,0.7,protected_state,4,True,False,False,4.0,,1.0,1.0,,1.0,0,0.0,1,1,1.0,3,0,0.0
LUH_NMC_SIO,LUH_NMC_SIO/P055_3,0.7,fixed_shift,4,True,False,False,4.0,,1.0,1.0,,1.0,0,0.0,1,1,1.0,3,0,0.0
LUH_NMC_SIO,LUH_NMC_SIO/P055_3,0.7,pchp_method,4,True,False,False,4.0,,1.0,1.0,,1.0,0,0.0,1,1,1.0,3,0,0.0
LUH_NMC_SIO,LUH_NMC_SIO/P055_3,0.8,protected_state,4,True,False,False,3.0,,2.0,2.0,,1.0,0,0.0,2,2,1.0,2,0,0.0
LUH_NMC_SIO,LUH_NMC_SIO/P055_3,0.8,fixed_shift,4,True,False,False,3.0,,2.0,2.0,,1.0,0,0.0,2,2,1.0,2,0,0.0
LUH_NMC_SIO,LUH_NMC_SIO/P055_3,0.8,pchp_method,4,True,False,False,3.0,,2.0,2.0,,1.0,0,0.0,2,2,1.0,2,0,0.0
LUH_NMC_SIO,LUH_NMC_SIO/P055_3,0.9,protected_state,4,True,True,True,2.0,1.0,-1.0,1.0,-181.14666666666687,0.0,1,0.0,3,0,0.0,1,1,1.0
LUH_NMC_SIO,LUH_NMC_SIO/P055_3,0.9,fixed_shift,4,True,True,True,2.0,1.0,-1.0,1.0,-181.14666666666687,0.0,1,0.0,3,0,0.0,1,1,1.0
LUH_NMC_SIO,LUH_NMC_SIO/P055_3,0.9,pchp_method,4,True,True,True,2.0,1.0,-1.0,1.0,-181.14666666666687,0.0,1,0.0,3,0,0.0,1,1,1.0
LUH_NMC_SIO,LUH_NMC_SIO/P057_1,0.7,protected_state,7,False,False,False,,,,,,,0,,0,0,,7,0,0.0
LUH_NMC_SIO,LUH_NMC_SIO/P057_1,0.7,fixed_shift,7,False,False,False,,,,,,,0,,0,0,,7,0,0.0
LUH_NMC_SIO,LUH_NMC_SIO/P057_1,0.7,pchp_method,7,False,False,False,,,,,,,0,,0,0,,7,0,0.0
LUH_NMC_SIO,LUH_NMC_SIO/P057_1,0.8,protected_state,7,True,False,False,7.0,,1.0,1.0,,1.0,0,0.0,1,1,1.0,6,0,0.0
LUH_NMC_SIO,LUH_NMC_SIO/P057_1,0.8,fixed_shift,7,True,False,False,7.0,,1.0,1.0,,1.0,0,0.0,1,1,1.0,6,0,0.0
LUH_NMC_SIO,LUH_NMC_SIO/P057_1,0.8,pchp_method,7,True,False,False,7.0,,1.0,1.0,,1.0,0,0.0,1,1,1.0,6,0,0.0
LUH_NMC_SIO,LUH_NMC_SIO/P057_1,0.9,protected_state,7,True,False,False,5.0,,3.0,3.0,,1.0,0,0.0,3,3,1.0,4,0,0.0
LUH_NMC_SIO,LUH_NMC_SIO/P057_1,0.9,fixed_shift,7,True,False,False,5.0,,3.0,3.0,,1.0,0,0.0,3,3,1.0,4,0,0.0
LUH_NMC_SIO,LUH_NMC_SIO/P057_1,0.9,pchp_method,7,True,False,False,5.0,,3.0,3.0,,1.0,0,0.0,3,3,1.0,4,0,0.0
LUH_NMC_SIO,LUH_NMC_SIO/P057_2,0.7,protected_state,7,False,False,False,,,,,,,0,,0,0,,7,0,0.0
LUH_NMC_SIO,LUH_NMC_SIO/P057_2,0.7,fixed_shift,7,False,False,False,,,,,,,0,,0,0,,7,0,0.0
LUH_NMC_SIO,LUH_NMC_SIO/P057_2,0.7,pchp_method,7,False,False,False,,,,,,,0,,0,0,,7,0,0.0
LUH_NMC_SIO,LUH_NMC_SIO/P057_2,0.8,protected_state,7,True,False,False,7.0,,1.0,1.0,,1.0,0,0.0,1,1,1.0,6,0,0.0
LUH_NMC_SIO,LUH_NMC_SIO/P057_2,0.8,fixed_shift,7,True,False,False,7.0,,1.0,1.0,,1.0,0,0.0,1,1,1.0,6,0,0.0
LUH_NMC_SIO,LUH_NMC_SIO/P057_2,0.8,pchp_method,7,True,False,False,7.0,,1.0,1.0,,1.0,0,0.0,1,1,1.0,6,0,0.0
LUH_NMC_SIO,LUH_NMC_SIO/P057_2,0.9,protected_state,7,True,False,False,5.0,,3.0,3.0,,1.0,0,0.0,3,3,1.0,4,0,0.0
LUH_NMC_SIO,LUH_NMC_SIO/P057_2,0.9,fixed_shift,7,True,False,False,5.0,,3.0,3.0,,1.0,0,0.0,3,3,1.0,4,0,0.0
LUH_NMC_SIO,LUH_NMC_SIO/P057_2,0.9,pchp_method,7,True,False,False,5.0,,3.0,3.0,,1.0,0,0.0,3,3,1.0,4,0,0.0
LUH_NMC_SIO,LUH_NMC_SIO/P057_3,0.7,protected_state,8,True,False,False,8.0,,1.0,1.0,,1.0,0,0.0,1,1,1.0,7,0,0.0
LUH_NMC_SIO,LUH_NMC_SIO/P057_3,0.7,fixed_shift,8,True,False,False,8.0,,1.0,1.0,,1.0,0,0.0,1,1,1.0,7,0,0.0
LUH_NMC_SIO,LUH_NMC_SIO/P057_3,0.7,pchp_method,8,True,False,False,8.0,,1.0,1.0,,1.0,0,0.0,1,1,1.0,7,0,0.0
LUH_NMC_SIO,LUH_NMC_SIO/P057_3,0.8,protected_state,8,True,False,False,8.0,,1.0,1.0,,1.0,0,0.0,1,1,1.0,7,0,0.0
LUH_NMC_SIO,LUH_NMC_SIO/P057_3,0.8,fixed_shift,8,True,False,False,8.0,,1.0,1.0,,1.0,0,0.0,1,1,1.0,7,0,0.0
LUH_NMC_SIO,LUH_NMC_SIO/P057_3,0.8,pchp_method,8,True,False,False,8.0,,1.0,1.0,,1.0,0,0.0,1,1,1.0,7,0,0.0
LUH_NMC_SIO,LUH_NMC_SIO/P057_3,0.9,protected_state,8,True,False,False,4.0,,5.0,5.0,,1.0,0,0.0,5,5,1.0,3,0,0.0
LUH_NMC_SIO,LUH_NMC_SIO/P057_3,0.9,fixed_shift,8,True,False,False,4.0,,5.0,5.0,,1.0,0,0.0,5,5,1.0,3,0,0.0
LUH_NMC_SIO,LUH_NMC_SIO/P057_3,0.9,pchp_method,8,True,False,False,4.0,,5.0,5.0,,1.0,0,0.0,5,5,1.0,3,0,0.0
LUH_NMC_SIO,LUH_NMC_SIO/P058_1,0.7,protected_state,9,True,False,False,9.0,,1.0,1.0,,1.0,0,0.0,1,1,1.0,8,0,0.0
LUH_NMC_SIO,LUH_NMC_SIO/P058_1,0.7,fixed_shift,9,True,False,False,9.0,,1.0,1.0,,1.0,0,0.0,1,1,1.0,8,0,0.0
LUH_NMC_SIO,LUH_NMC_SIO/P058_1,0.7,pchp_method,9,True,False,False,9.0,,1.0,1.0,,1.0,0,0.0,1,1,1.0,8,0,0.0
LUH_NMC_SIO,LUH_NMC_SIO/P058_1,0.8,protected_state,9,True,False,False,9.0,,1.0,1.0,,1.0,0,0.0,1,1,1.0,8,0,0.0
LUH_NMC_SIO,LUH_NMC_SIO/P058_1,0.8,fixed_shift,9,True,False,False,9.0,,1.0,1.0,,1.0,0,0.0,1,1,1.0,8,0,0.0
LUH_NMC_SIO,LUH_NMC_SIO/P058_1,0.8,pchp_method,9,True,False,False,9.0,,1.0,1.0,,1.0,0,0.0,1,1,1.0,8,0,0.0
LUH_NMC_SIO,LUH_NMC_SIO/P058_1,0.9,protected_state,9,True,False,False,4.0,,6.0,6.0,,1.0,0,0.0,6,6,1.0,3,0,0.0
LUH_NMC_SIO,LUH_NMC_SIO/P058_1,0.9,fixed_shift,9,True,False,False,4.0,,6.0,6.0,,1.0,0,0.0,6,6,1.0,3,0,0.0
LUH_NMC_SIO,LUH_NMC_SIO/P058_1,0.9,pchp_method,9,True,False,False,4.0,,6.0,6.0,,1.0,0,0.0,6,6,1.0,3,0,0.0
LUH_NMC_SIO,LUH_NMC_SIO/P058_2,0.7,protected_state,7,False,False,False,,,,,,,0,,0,0,,7,0,0.0
LUH_NMC_SIO,LUH_NMC_SIO/P058_2,0.7,fixed_shift,7,False,False,False,,,,,,,0,,0,0,,7,0,0.0
LUH_NMC_SIO,LUH_NMC_SIO/P058_2,0.7,pchp_method,7,False,False,False,,,,,,,0,,0,0,,7,0,0.0
LUH_NMC_SIO,LUH_NMC_SIO/P058_2,0.8,protected_state,7,True,False,False,6.0,,2.0,2.0,,1.0,0,0.0,2,2,1.0,5,0,0.0
LUH_NMC_SIO,LUH_NMC_SIO/P058_2,0.8,fixed_shift,7,True,False,False,6.0,,2.0,2.0,,1.0,0,0.0,2,2,1.0,5,0,0.0
LUH_NMC_SIO,LUH_NMC_SIO/P058_2,0.8,pchp_method,7,True,False,False,6.0,,2.0,2.0,,1.0,0,0.0,2,2,1.0,5,0,0.0
LUH_NMC_SIO,LUH_NMC_SIO/P058_2,0.9,protected_state,7,True,False,False,4.0,,4.0,4.0,,1.0,0,0.0,4,4,1.0,3,0,0.0
LUH_NMC_SIO,LUH_NMC_SIO/P058_2,0.9,fixed_shift,7,True,False,False,4.0,,4.0,4.0,,1.0,0,0.0,4,4,1.0,3,0,0.0
LUH_NMC_SIO,LUH_NMC_SIO/P058_2,0.9,pchp_method,7,True,False,False,4.0,,4.0,4.0,,1.0,0,0.0,4,4,1.0,3,0,0.0
LUH_NMC_SIO,LUH_NMC_SIO/P058_3,0.7,protected_state,8,True,False,False,8.0,,1.0,1.0,,1.0,0,0.0,1,1,1.0,7,0,0.0
LUH_NMC_SIO,LUH_NMC_SIO/P058_3,0.7,fixed_shift,8,True,False,False,8.0,,1.0,1.0,,1.0,0,0.0,1,1,1.0,7,0,0.0
LUH_NMC_SIO,LUH_NMC_SIO/P058_3,0.7,pchp_method,8,True,False,False,8.0,,1.0,1.0,,1.0,0,0.0,1,1,1.0,7,0,0.0
LUH_NMC_SIO,LUH_NMC_SIO/P058_3,0.8,protected_state,8,True,False,False,7.0,,2.0,2.0,,1.0,0,0.0,2,2,1.0,6,0,0.0
LUH_NMC_SIO,LUH_NMC_SIO/P058_3,0.8,fixed_shift,8,True,False,False,7.0,,2.0,2.0,,1.0,0,0.0,2,2,1.0,6,0,0.0
LUH_NMC_SIO,LUH_NMC_SIO/P058_3,0.8,pchp_method,8,True,False,False,7.0,,2.0,2.0,,1.0,0,0.0,2,2,1.0,6,0,0.0
LUH_NMC_SIO,LUH_NMC_SIO/P058_3,0.9,protected_state,8,True,False,False,4.0,,5.0,5.0,,1.0,0,0.0,5,5,1.0,3,0,0.0
LUH_NMC_SIO,LUH_NMC_SIO/P058_3,0.9,fixed_shift,8,True,False,False,4.0,,5.0,5.0,,1.0,0,0.0,5,5,1.0,3,0,0.0
LUH_NMC_SIO,LUH_NMC_SIO/P058_3,0.9,pchp_method,8,True,False,False,4.0,,5.0,5.0,,1.0,0,0.0,5,5,1.0,3,0,0.0
LUH_NMC_SIO,LUH_NMC_SIO/P059_1,0.7,protected_state,2,True,False,False,2.0,,1.0,1.0,,1.0,0,0.0,1,1,1.0,1,0,0.0
LUH_NMC_SIO,LUH_NMC_SIO/P059_1,0.7,fixed_shift,2,True,False,False,2.0,,1.0,1.0,,1.0,0,0.0,1,1,1.0,1,0,0.0
LUH_NMC_SIO,LUH_NMC_SIO/P059_1,0.7,pchp_method,2,True,False,False,2.0,,1.0,1.0,,1.0,0,0.0,1,1,1.0,1,0,0.0
LUH_NMC_SIO,LUH_NMC_SIO/P059_1,0.8,protected_state,2,True,False,False,2.0,,1.0,1.0,,1.0,0,0.0,1,1,1.0,1,0,0.0
LUH_NMC_SIO,LUH_NMC_SIO/P059_1,0.8,fixed_shift,2,True,False,False,2.0,,1.0,1.0,,1.0,0,0.0,1,1,1.0,1,0,0.0
LUH_NMC_SIO,LUH_NMC_SIO/P059_1,0.8,pchp_method,2,True,False,False,2.0,,1.0,1.0,,1.0,0,0.0,1,1,1.0,1,0,0.0
LUH_NMC_SIO,LUH_NMC_SIO/P059_1,0.9,protected_state,2,True,True,True,1.0,1.0,0.0,0.0,0.0,0.0,0,1.0,2,0,0.0,0,0,
LUH_NMC_SIO,LUH_NMC_SIO/P059_1,0.9,fixed_shift,2,True,True,True,1.0,1.0,0.0,0.0,0.0,0.0,0,1.0,2,0,0.0,0,0,
LUH_NMC_SIO,LUH_NMC_SIO/P059_1,0.9,pchp_method,2,True,True,True,1.0,1.0,0.0,0.0,0.0,0.0,0,1.0,2,0,0.0,0,0,
LUH_NMC_SIO,LUH_NMC_SIO/P059_2,0.7,protected_state,2,False,False,False,,,,,,,0,,0,0,,2,0,0.0
LUH_NMC_SIO,LUH_NMC_SIO/P059_2,0.7,fixed_shift,2,False,False,False,,,,,,,0,,0,0,,2,0,0.0
LUH_NMC_SIO,LUH_NMC_SIO/P059_2,0.7,pchp_method,2,False,False,False,,,,,,,0,,0,0,,2,0,0.0
LUH_NMC_SIO,LUH_NMC_SIO/P059_2,0.8,protected_state,2,True,False,False,2.0,,1.0,1.0,,1.0,0,0.0,1,1,1.0,1,0,0.0
LUH_NMC_SIO,LUH_NMC_SIO/P059_2,0.8,fixed_shift,2,True,False,False,2.0,,1.0,1.0,,1.0,0,0.0,1,1,1.0,1,0,0.0
LUH_NMC_SIO,LUH_NMC_SIO/P059_2,0.8,pchp_method,2,True,False,False,2.0,,1.0,1.0,,1.0,0,0.0,1,1,1.0,1,0,0.0
LUH_NMC_SIO,LUH_NMC_SIO/P059_2,0.9,protected_state,2,True,False,False,1.0,,2.0,2.0,,1.0,0,0.0,2,2,1.0,0,0,
LUH_NMC_SIO,LUH_NMC_SIO/P059_2,0.9,fixed_shift,2,True,False,False,1.0,,2.0,2.0,,1.0,0,0.0,2,2,1.0,0,0,
LUH_NMC_SIO,LUH_NMC_SIO/P059_2,0.9,pchp_method,2,True,False,False,1.0,,2.0,2.0,,1.0,0,0.0,2,2,1.0,0,0,
LUH_NMC_SIO,LUH_NMC_SIO/P059_3,0.7,protected_state,2,True,False,False,2.0,,1.0,1.0,,1.0,0,0.0,1,1,1.0,1,0,0.0
LUH_NMC_SIO,LUH_NMC_SIO/P059_3,0.7,fixed_shift,2,True,False,False,2.0,,1.0,1.0,,1.0,0,0.0,1,1,1.0,1,0,0.0
LUH_NMC_SIO,LUH_NMC_SIO/P059_3,0.7,pchp_method,2,True,False,False,2.0,,1.0,1.0,,1.0,0,0.0,1,1,1.0,1,0,0.0
LUH_NMC_SIO,LUH_NMC_SIO/P059_3,0.8,protected_state,2,True,False,False,2.0,,1.0,1.0,,1.0,0,0.0,1,1,1.0,1,0,0.0
LUH_NMC_SIO,LUH_NMC_SIO/P059_3,0.8,fixed_shift,2,True,False,False,2.0,,1.0,1.0,,1.0,0,0.0,1,1,1.0,1,0,0.0
LUH_NMC_SIO,LUH_NMC_SIO/P059_3,0.8,pchp_method,2,True,False,False,2.0,,1.0,1.0,,1.0,0,0.0,1,1,1.0,1,0,0.0
LUH_NMC_SIO,LUH_NMC_SIO/P059_3,0.9,protected_state,2,True,True,True,1.0,1.0,0.0,0.0,0.0,0.0,0,1.0,2,0,0.0,0,0,
LUH_NMC_SIO,LUH_NMC_SIO/P059_3,0.9,fixed_shift,2,True,False,False,1.0,,2.0,2.0,,1.0,0,0.0,2,2,1.0,0,0,
LUH_NMC_SIO,LUH_NMC_SIO/P059_3,0.9,pchp_method,2,True,False,False,1.0,,2.0,2.0,,1.0,0,0.0,2,2,1.0,0,0,
LUH_NMC_SIO,LUH_NMC_SIO/P060_1,0.7,protected_state,2,True,False,False,1.0,,2.0,2.0,,1.0,0,0.0,2,2,1.0,0,0,
LUH_NMC_SIO,LUH_NMC_SIO/P060_1,0.7,fixed_shift,2,True,False,False,1.0,,2.0,2.0,,1.0,0,0.0,2,2,1.0,0,0,
LUH_NMC_SIO,LUH_NMC_SIO/P060_1,0.7,pchp_method,2,True,False,False,1.0,,2.0,2.0,,1.0,0,0.0,2,2,1.0,0,0,
LUH_NMC_SIO,LUH_NMC_SIO/P060_1,0.8,protected_state,2,True,False,False,1.0,,2.0,2.0,,1.0,0,0.0,2,2,1.0,0,0,
LUH_NMC_SIO,LUH_NMC_SIO/P060_1,0.8,fixed_shift,2,True,False,False,1.0,,2.0,2.0,,1.0,0,0.0,2,2,1.0,0,0,
LUH_NMC_SIO,LUH_NMC_SIO/P060_1,0.8,pchp_method,2,True,False,False,1.0,,2.0,2.0,,1.0,0,0.0,2,2,1.0,0,0,
LUH_NMC_SIO,LUH_NMC_SIO/P060_1,0.9,protected_state,2,True,True,True,1.0,1.0,0.0,0.0,0.0,0.0,0,1.0,2,0,0.0,0,0,
LUH_NMC_SIO,LUH_NMC_SIO/P060_1,0.9,fixed_shift,2,True,True,True,1.0,1.0,0.0,0.0,0.0,0.0,0,1.0,2,0,0.0,0,0,
LUH_NMC_SIO,LUH_NMC_SIO/P060_1,0.9,pchp_method,2,True,True,True,1.0,1.0,0.0,0.0,0.0,0.0,0,1.0,2,0,0.0,0,0,
LUH_NMC_SIO,LUH_NMC_SIO/P060_3,0.7,protected_state,1,False,False,False,,,,,,,0,,0,0,,1,0,0.0
LUH_NMC_SIO,LUH_NMC_SIO/P060_3,0.7,fixed_shift,1,False,False,False,,,,,,,0,,0,0,,1,0,0.0
LUH_NMC_SIO,LUH_NMC_SIO/P060_3,0.7,pchp_method,1,False,False,False,,,,,,,0,,0,0,,1,0,0.0
LUH_NMC_SIO,LUH_NMC_SIO/P060_3,0.8,protected_state,1,False,False,False,,,,,,,0,,0,0,,1,0,0.0
LUH_NMC_SIO,LUH_NMC_SIO/P060_3,0.8,fixed_shift,1,False,False,False,,,,,,,0,,0,0,,1,0,0.0
LUH_NMC_SIO,LUH_NMC_SIO/P060_3,0.8,pchp_method,1,False,False,False,,,,,,,0,,0,0,,1,0,0.0
LUH_NMC_SIO,LUH_NMC_SIO/P060_3,0.9,protected_state,1,True,True,True,1.0,1.0,0.0,0.0,0.0,0.0,0,1.0,1,0,0.0,0,0,
LUH_NMC_SIO,LUH_NMC_SIO/P060_3,0.9,fixed_shift,1,True,False,False,1.0,,1.0,1.0,,1.0,0,0.0,1,1,1.0,0,0,
LUH_NMC_SIO,LUH_NMC_SIO/P060_3,0.9,pchp_method,1,True,False,False,1.0,,1.0,1.0,,1.0,0,0.0,1,1,1.0,0,0,
LUH_NMC_SIO,LUH_NMC_SIO/P061_1,0.7,protected_state,18,False,False,False,,,,,,,0,,0,0,,18,0,0.0
LUH_NMC_SIO,LUH_NMC_SIO/P061_1,0.7,fixed_shift,18,False,False,False,,,,,,,0,,0,0,,18,0,0.0
LUH_NMC_SIO,LUH_NMC_SIO/P061_1,0.7,pchp_method,18,False,False,False,,,,,,,0,,0,0,,18,0,0.0
LUH_NMC_SIO,LUH_NMC_SIO/P061_1,0.8,protected_state,18,False,False,False,,,,,,,0,,0,0,,18,0,0.0
LUH_NMC_SIO,LUH_NMC_SIO/P061_1,0.8,fixed_shift,18,False,False,False,,,,,,,0,,0,0,,18,0,0.0
LUH_NMC_SIO,LUH_NMC_SIO/P061_1,0.8,pchp_method,18,False,False,False,,,,,,,0,,0,0,,18,0,0.0
LUH_NMC_SIO,LUH_NMC_SIO/P061_1,0.9,protected_state,18,True,False,False,8.0,,11.0,11.0,,1.0,0,0.0,11,11,1.0,7,0,0.0
LUH_NMC_SIO,LUH_NMC_SIO/P061_1,0.9,fixed_shift,18,True,False,False,8.0,,11.0,11.0,,1.0,0,0.0,11,11,1.0,7,0,0.0
LUH_NMC_SIO,LUH_NMC_SIO/P061_1,0.9,pchp_method,18,True,False,False,8.0,,11.0,11.0,,1.0,0,0.0,11,11,1.0,7,0,0.0
LUH_NMC_SIO,LUH_NMC_SIO/P061_2,0.7,protected_state,18,False,False,False,,,,,,,0,,0,0,,18,0,0.0
LUH_NMC_SIO,LUH_NMC_SIO/P061_2,0.7,fixed_shift,18,False,False,False,,,,,,,0,,0,0,,18,0,0.0
LUH_NMC_SIO,LUH_NMC_SIO/P061_2,0.7,pchp_method,18,False,False,False,,,,,,,0,,0,0,,18,0,0.0
LUH_NMC_SIO,LUH_NMC_SIO/P061_2,0.8,protected_state,18,False,False,False,,,,,,,0,,0,0,,18,0,0.0
LUH_NMC_SIO,LUH_NMC_SIO/P061_2,0.8,fixed_shift,18,False,False,False,,,,,,,0,,0,0,,18,0,0.0
LUH_NMC_SIO,LUH_NMC_SIO/P061_2,0.8,pchp_method,18,False,False,False,,,,,,,0,,0,0,,18,0,0.0
LUH_NMC_SIO,LUH_NMC_SIO/P061_2,0.9,protected_state,18,True,False,False,8.0,,11.0,11.0,,1.0,0,0.0,11,11,1.0,7,0,0.0
LUH_NMC_SIO,LUH_NMC_SIO/P061_2,0.9,fixed_shift,18,True,False,False,8.0,,11.0,11.0,,1.0,0,0.0,11,11,1.0,7,0,0.0
LUH_NMC_SIO,LUH_NMC_SIO/P061_2,0.9,pchp_method,18,True,False,False,8.0,,11.0,11.0,,1.0,0,0.0,11,11,1.0,7,0,0.0
LUH_NMC_SIO,LUH_NMC_SIO/P061_3,0.7,protected_state,18,False,False,False,,,,,,,0,,0,0,,18,0,0.0
LUH_NMC_SIO,LUH_NMC_SIO/P061_3,0.7,fixed_shift,18,False,False,False,,,,,,,0,,0,0,,18,0,0.0
LUH_NMC_SIO,LUH_NMC_SIO/P061_3,0.7,pchp_method,18,False,False,False,,,,,,,0,,0,0,,18,0,0.0
LUH_NMC_SIO,LUH_NMC_SIO/P061_3,0.8,protected_state,18,False,False,False,,,,,,,0,,0,0,,18,0,0.0
LUH_NMC_SIO,LUH_NMC_SIO/P061_3,0.8,fixed_shift,18,False,False,False,,,,,,,0,,0,0,,18,0,0.0
LUH_NMC_SIO,LUH_NMC_SIO/P061_3,0.8,pchp_method,18,False,False,False,,,,,,,0,,0,0,,18,0,0.0
LUH_NMC_SIO,LUH_NMC_SIO/P061_3,0.9,protected_state,18,True,False,False,9.0,,10.0,10.0,,1.0,0,0.0,10,10,1.0,8,0,0.0
LUH_NMC_SIO,LUH_NMC_SIO/P061_3,0.9,fixed_shift,18,True,False,False,9.0,,10.0,10.0,,1.0,0,0.0,10,10,1.0,8,0,0.0
LUH_NMC_SIO,LUH_NMC_SIO/P061_3,0.9,pchp_method,18,True,False,False,9.0,,10.0,10.0,,1.0,0,0.0,10,10,1.0,8,0,0.0
LUH_NMC_SIO,LUH_NMC_SIO/P062_1,0.7,protected_state,18,False,False,False,,,,,,,0,,0,0,,18,0,0.0
LUH_NMC_SIO,LUH_NMC_SIO/P062_1,0.7,fixed_shift,18,False,False,False,,,,,,,0,,0,0,,18,0,0.0
LUH_NMC_SIO,LUH_NMC_SIO/P062_1,0.7,pchp_method,18,False,False,False,,,,,,,0,,0,0,,18,0,0.0
LUH_NMC_SIO,LUH_NMC_SIO/P062_1,0.8,protected_state,18,False,False,False,,,,,,,0,,0,0,,18,0,0.0
LUH_NMC_SIO,LUH_NMC_SIO/P062_1,0.8,fixed_shift,18,False,False,False,,,,,,,0,,0,0,,18,0,0.0
LUH_NMC_SIO,LUH_NMC_SIO/P062_1,0.8,pchp_method,18,False,False,False,,,,,,,0,,0,0,,18,0,0.0
LUH_NMC_SIO,LUH_NMC_SIO/P062_1,0.9,protected_state,18,True,False,False,7.0,,12.0,12.0,,1.0,0,0.0,12,12,1.0,6,0,0.0
LUH_NMC_SIO,LUH_NMC_SIO/P062_1,0.9,fixed_shift,18,True,False,False,7.0,,12.0,12.0,,1.0,0,0.0,12,12,1.0,6,0,0.0
LUH_NMC_SIO,LUH_NMC_SIO/P062_1,0.9,pchp_method,18,True,False,False,7.0,,12.0,12.0,,1.0,0,0.0,12,12,1.0,6,0,0.0
LUH_NMC_SIO,LUH_NMC_SIO/P062_2,0.7,protected_state,18,False,False,False,,,,,,,0,,0,0,,18,0,0.0
LUH_NMC_SIO,LUH_NMC_SIO/P062_2,0.7,fixed_shift,18,False,False,False,,,,,,,0,,0,0,,18,0,0.0
LUH_NMC_SIO,LUH_NMC_SIO/P062_2,0.7,pchp_method,18,False,False,False,,,,,,,0,,0,0,,18,0,0.0
LUH_NMC_SIO,LUH_NMC_SIO/P062_2,0.8,protected_state,18,False,False,False,,,,,,,0,,0,0,,18,0,0.0
LUH_NMC_SIO,LUH_NMC_SIO/P062_2,0.8,fixed_shift,18,False,False,False,,,,,,,0,,0,0,,18,0,0.0
LUH_NMC_SIO,LUH_NMC_SIO/P062_2,0.8,pchp_method,18,False,False,False,,,,,,,0,,0,0,,18,0,0.0
LUH_NMC_SIO,LUH_NMC_SIO/P062_2,0.9,protected_state,18,True,False,False,7.0,,12.0,12.0,,1.0,0,0.0,12,12,1.0,6,0,0.0
LUH_NMC_SIO,LUH_NMC_SIO/P062_2,0.9,fixed_shift,18,True,False,False,7.0,,12.0,12.0,,1.0,0,0.0,12,12,1.0,6,0,0.0
LUH_NMC_SIO,LUH_NMC_SIO/P062_2,0.9,pchp_method,18,True,False,False,7.0,,12.0,12.0,,1.0,0,0.0,12,12,1.0,6,0,0.0
LUH_NMC_SIO,LUH_NMC_SIO/P062_3,0.7,protected_state,18,False,False,False,,,,,,,0,,0,0,,18,0,0.0
LUH_NMC_SIO,LUH_NMC_SIO/P062_3,0.7,fixed_shift,18,False,False,False,,,,,,,0,,0,0,,18,0,0.0
LUH_NMC_SIO,LUH_NMC_SIO/P062_3,0.7,pchp_method,18,False,False,False,,,,,,,0,,0,0,,18,0,0.0
LUH_NMC_SIO,LUH_NMC_SIO/P062_3,0.8,protected_state,18,False,False,False,,,,,,,0,,0,0,,18,0,0.0
LUH_NMC_SIO,LUH_NMC_SIO/P062_3,0.8,fixed_shift,18,False,False,False,,,,,,,0,,0,0,,18,0,0.0
LUH_NMC_SIO,LUH_NMC_SIO/P062_3,0.8,pchp_method,18,False,False,False,,,,,,,0,,0,0,,18,0,0.0
LUH_NMC_SIO,LUH_NMC_SIO/P062_3,0.9,protected_state,18,True,False,False,7.0,,12.0,12.0,,1.0,0,0.0,12,12,1.0,6,0,0.0
LUH_NMC_SIO,LUH_NMC_SIO/P062_3,0.9,fixed_shift,18,True,False,False,7.0,,12.0,12.0,,1.0,0,0.0,12,12,1.0,6,0,0.0
LUH_NMC_SIO,LUH_NMC_SIO/P062_3,0.9,pchp_method,18,True,False,False,7.0,,12.0,12.0,,1.0,0,0.0,12,12,1.0,6,0,0.0
LUH_NMC_SIO,LUH_NMC_SIO/P063_1,0.7,protected_state,18,True,False,False,18.0,,1.0,1.0,,1.0,0,0.0,1,1,1.0,17,0,0.0
LUH_NMC_SIO,LUH_NMC_SIO/P063_1,0.7,fixed_shift,18,True,False,False,18.0,,1.0,1.0,,1.0,0,0.0,1,1,1.0,17,0,0.0
LUH_NMC_SIO,LUH_NMC_SIO/P063_1,0.7,pchp_method,18,True,False,False,18.0,,1.0,1.0,,1.0,0,0.0,1,1,1.0,17,0,0.0
LUH_NMC_SIO,LUH_NMC_SIO/P063_1,0.8,protected_state,18,True,False,False,11.0,,8.0,8.0,,1.0,0,0.0,7,7,1.0,11,0,0.0
LUH_NMC_SIO,LUH_NMC_SIO/P063_1,0.8,fixed_shift,18,True,False,False,11.0,,8.0,8.0,,1.0,0,0.0,7,7,1.0,11,0,0.0
LUH_NMC_SIO,LUH_NMC_SIO/P063_1,0.8,pchp_method,18,True,False,False,11.0,,8.0,8.0,,1.0,0,0.0,7,7,1.0,11,0,0.0
LUH_NMC_SIO,LUH_NMC_SIO/P063_1,0.9,protected_state,18,True,False,False,3.0,,16.0,16.0,,1.0,0,0.0,16,16,1.0,2,0,0.0
LUH_NMC_SIO,LUH_NMC_SIO/P063_1,0.9,fixed_shift,18,True,False,False,3.0,,16.0,16.0,,1.0,0,0.0,16,16,1.0,2,0,0.0
LUH_NMC_SIO,LUH_NMC_SIO/P063_1,0.9,pchp_method,18,True,False,False,3.0,,16.0,16.0,,1.0,0,0.0,16,16,1.0,2,0,0.0
LUH_NMC_SIO,LUH_NMC_SIO/P063_2,0.7,protected_state,18,False,False,False,,,,,,,0,,0,0,,18,0,0.0
LUH_NMC_SIO,LUH_NMC_SIO/P063_2,0.7,fixed_shift,18,False,False,False,,,,,,,0,,0,0,,18,0,0.0
LUH_NMC_SIO,LUH_NMC_SIO/P063_2,0.7,pchp_method,18,False,False,False,,,,,,,0,,0,0,,18,0,0.0
LUH_NMC_SIO,LUH_NMC_SIO/P063_2,0.8,protected_state,18,True,False,False,13.0,,6.0,6.0,,1.0,0,0.0,6,6,1.0,12,0,0.0
LUH_NMC_SIO,LUH_NMC_SIO/P063_2,0.8,fixed_shift,18,True,False,False,13.0,,6.0,6.0,,1.0,0,0.0,6,6,1.0,12,0,0.0
LUH_NMC_SIO,LUH_NMC_SIO/P063_2,0.8,pchp_method,18,True,False,False,13.0,,6.0,6.0,,1.0,0,0.0,6,6,1.0,12,0,0.0
LUH_NMC_SIO,LUH_NMC_SIO/P063_2,0.9,protected_state,18,True,False,False,4.0,,15.0,15.0,,1.0,0,0.0,15,15,1.0,3,0,0.0
LUH_NMC_SIO,LUH_NMC_SIO/P063_2,0.9,fixed_shift,18,True,False,False,4.0,,15.0,15.0,,1.0,0,0.0,15,15,1.0,3,0,0.0
LUH_NMC_SIO,LUH_NMC_SIO/P063_2,0.9,pchp_method,18,True,False,False,4.0,,15.0,15.0,,1.0,0,0.0,15,15,1.0,3,0,0.0
LUH_NMC_SIO,LUH_NMC_SIO/P063_3,0.7,protected_state,18,False,False,False,,,,,,,0,,0,0,,18,0,0.0
LUH_NMC_SIO,LUH_NMC_SIO/P063_3,0.7,fixed_shift,18,False,False,False,,,,,,,0,,0,0,,18,0,0.0
LUH_NMC_SIO,LUH_NMC_SIO/P063_3,0.7,pchp_method,18,False,False,False,,,,,,,0,,0,0,,18,0,0.0
LUH_NMC_SIO,LUH_NMC_SIO/P063_3,0.8,protected_state,18,True,False,False,17.0,,2.0,2.0,,1.0,0,0.0,2,2,1.0,16,0,0.0
LUH_NMC_SIO,LUH_NMC_SIO/P063_3,0.8,fixed_shift,18,True,False,False,17.0,,2.0,2.0,,1.0,0,0.0,2,2,1.0,16,0,0.0
LUH_NMC_SIO,LUH_NMC_SIO/P063_3,0.8,pchp_method,18,True,False,False,17.0,,2.0,2.0,,1.0,0,0.0,2,2,1.0,16,0,0.0
LUH_NMC_SIO,LUH_NMC_SIO/P063_3,0.9,protected_state,18,True,False,False,5.0,,14.0,14.0,,1.0,0,0.0,14,14,1.0,4,0,0.0
LUH_NMC_SIO,LUH_NMC_SIO/P063_3,0.9,fixed_shift,18,True,False,False,5.0,,14.0,14.0,,1.0,0,0.0,14,14,1.0,4,0,0.0
LUH_NMC_SIO,LUH_NMC_SIO/P063_3,0.9,pchp_method,18,True,False,False,5.0,,14.0,14.0,,1.0,0,0.0,14,14,1.0,4,0,0.0
LUH_NMC_SIO,LUH_NMC_SIO/P064_1,0.7,protected_state,11,True,False,False,10.0,,2.0,2.0,,1.0,0,0.0,2,2,1.0,9,0,0.0
LUH_NMC_SIO,LUH_NMC_SIO/P064_1,0.7,fixed_shift,11,True,False,False,10.0,,2.0,2.0,,1.0,0,0.0,2,2,1.0,9,0,0.0
LUH_NMC_SIO,LUH_NMC_SIO/P064_1,0.7,pchp_method,11,True,False,False,10.0,,2.0,2.0,,1.0,0,0.0,2,2,1.0,9,0,0.0
LUH_NMC_SIO,LUH_NMC_SIO/P064_1,0.8,protected_state,11,True,False,False,8.0,,4.0,4.0,,1.0,0,0.0,4,4,1.0,7,0,0.0
LUH_NMC_SIO,LUH_NMC_SIO/P064_1,0.8,fixed_shift,11,True,False,False,8.0,,4.0,4.0,,1.0,0,0.0,4,4,1.0,7,0,0.0
LUH_NMC_SIO,LUH_NMC_SIO/P064_1,0.8,pchp_method,11,True,False,False,8.0,,4.0,4.0,,1.0,0,0.0,4,4,1.0,7,0,0.0
LUH_NMC_SIO,LUH_NMC_SIO/P064_1,0.9,protected_state,11,True,False,False,3.0,,9.0,9.0,,1.0,0,0.0,9,9,1.0,2,0,0.0
LUH_NMC_SIO,LUH_NMC_SIO/P064_1,0.9,fixed_shift,11,True,False,False,3.0,,9.0,9.0,,1.0,0,0.0,9,9,1.0,2,0,0.0
LUH_NMC_SIO,LUH_NMC_SIO/P064_1,0.9,pchp_method,11,True,False,False,3.0,,9.0,9.0,,1.0,0,0.0,9,9,1.0,2,0,0.0
LUH_NMC_SIO,LUH_NMC_SIO/P064_2,0.7,protected_state,9,False,False,False,,,,,,,0,,0,0,,9,0,0.0
LUH_NMC_SIO,LUH_NMC_SIO/P064_2,0.7,fixed_shift,9,False,False,False,,,,,,,0,,0,0,,9,0,0.0
LUH_NMC_SIO,LUH_NMC_SIO/P064_2,0.7,pchp_method,9,False,False,False,,,,,,,0,,0,0,,9,0,0.0
LUH_NMC_SIO,LUH_NMC_SIO/P064_2,0.8,protected_state,9,True,False,False,7.0,,3.0,3.0,,1.0,0,0.0,3,3,1.0,6,0,0.0
LUH_NMC_SIO,LUH_NMC_SIO/P064_2,0.8,fixed_shift,9,True,False,False,7.0,,3.0,3.0,,1.0,0,0.0,3,3,1.0,6,0,0.0
LUH_NMC_SIO,LUH_NMC_SIO/P064_2,0.8,pchp_method,9,True,False,False,7.0,,3.0,3.0,,1.0,0,0.0,3,3,1.0,6,0,0.0
LUH_NMC_SIO,LUH_NMC_SIO/P064_2,0.9,protected_state,9,True,False,False,3.0,,7.0,7.0,,1.0,0,0.0,7,7,1.0,2,0,0.0
LUH_NMC_SIO,LUH_NMC_SIO/P064_2,0.9,fixed_shift,9,True,False,False,3.0,,7.0,7.0,,1.0,0,0.0,7,7,1.0,2,0,0.0
LUH_NMC_SIO,LUH_NMC_SIO/P064_2,0.9,pchp_method,9,True,False,False,3.0,,7.0,7.0,,1.0,0,0.0,7,7,1.0,2,0,0.0
LUH_NMC_SIO,LUH_NMC_SIO/P064_3,0.7,protected_state,3,False,False,False,,,,,,,0,,0,0,,3,0,0.0
LUH_NMC_SIO,LUH_NMC_SIO/P064_3,0.7,fixed_shift,3,False,False,False,,,,,,,0,,0,0,,3,0,0.0
LUH_NMC_SIO,LUH_NMC_SIO/P064_3,0.7,pchp_method,3,False,False,False,,,,,,,0,,0,0,,3,0,0.0
LUH_NMC_SIO,LUH_NMC_SIO/P064_3,0.8,protected_state,3,False,False,False,,,,,,,0,,0,0,,3,0,0.0
LUH_NMC_SIO,LUH_NMC_SIO/P064_3,0.8,fixed_shift,3,False,False,False,,,,,,,0,,0,0,,3,0,0.0
LUH_NMC_SIO,LUH_NMC_SIO/P064_3,0.8,pchp_method,3,False,False,False,,,,,,,0,,0,0,,3,0,0.0
LUH_NMC_SIO,LUH_NMC_SIO/P064_3,0.9,protected_state,3,True,True,True,1.0,1.0,0.0,0.0,0.0,0.0,0,1.0,3,0,0.0,0,0,
LUH_NMC_SIO,LUH_NMC_SIO/P064_3,0.9,fixed_shift,3,True,False,False,1.0,,3.0,3.0,,1.0,0,0.0,3,3,1.0,0,0,
LUH_NMC_SIO,LUH_NMC_SIO/P064_3,0.9,pchp_method,3,True,False,False,1.0,,3.0,3.0,,1.0,0,0.0,3,3,1.0,0,0,
LUH_NMC_SIO,LUH_NMC_SIO/P065_1,0.7,protected_state,13,False,False,False,,,,,,,0,,0,0,,13,0,0.0
LUH_NMC_SIO,LUH_NMC_SIO/P065_1,0.7,fixed_shift,13,False,False,False,,,,,,,0,,0,0,,13,0,0.0
LUH_NMC_SIO,LUH_NMC_SIO/P065_1,0.7,pchp_method,13,False,False,False,,,,,,,0,,0,0,,13,0,0.0
LUH_NMC_SIO,LUH_NMC_SIO/P065_1,0.8,protected_state,13,True,False,False,12.0,,2.0,2.0,,1.0,0,0.0,2,2,1.0,11,0,0.0
LUH_NMC_SIO,LUH_NMC_SIO/P065_1,0.8,fixed_shift,13,True,False,False,12.0,,2.0,2.0,,1.0,0,0.0,2,2,1.0,11,0,0.0
LUH_NMC_SIO,LUH_NMC_SIO/P065_1,0.8,pchp_method,13,True,False,False,12.0,,2.0,2.0,,1.0,0,0.0,2,2,1.0,11,0,0.0
LUH_NMC_SIO,LUH_NMC_SIO/P065_1,0.9,protected_state,13,True,False,False,1.0,,13.0,13.0,,1.0,0,0.0,13,13,1.0,0,0,
LUH_NMC_SIO,LUH_NMC_SIO/P065_1,0.9,fixed_shift,13,True,False,False,1.0,,13.0,13.0,,1.0,0,0.0,13,13,1.0,0,0,
LUH_NMC_SIO,LUH_NMC_SIO/P065_1,0.9,pchp_method,13,True,False,False,1.0,,13.0,13.0,,1.0,0,0.0,13,13,1.0,0,0,
LUH_NMC_SIO,LUH_NMC_SIO/P065_2,0.7,protected_state,14,True,False,False,13.0,,2.0,2.0,,1.0,0,0.0,2,2,1.0,12,0,0.0
LUH_NMC_SIO,LUH_NMC_SIO/P065_2,0.7,fixed_shift,14,True,False,False,13.0,,2.0,2.0,,1.0,0,0.0,2,2,1.0,12,0,0.0
LUH_NMC_SIO,LUH_NMC_SIO/P065_2,0.7,pchp_method,14,True,False,False,13.0,,2.0,2.0,,1.0,0,0.0,2,2,1.0,12,0,0.0
LUH_NMC_SIO,LUH_NMC_SIO/P065_2,0.8,protected_state,14,True,False,False,11.0,,4.0,4.0,,1.0,0,0.0,4,4,1.0,10,0,0.0
LUH_NMC_SIO,LUH_NMC_SIO/P065_2,0.8,fixed_shift,14,True,False,False,11.0,,4.0,4.0,,1.0,0,0.0,4,4,1.0,10,0,0.0
LUH_NMC_SIO,LUH_NMC_SIO/P065_2,0.8,pchp_method,14,True,False,False,11.0,,4.0,4.0,,1.0,0,0.0,4,4,1.0,10,0,0.0
LUH_NMC_SIO,LUH_NMC_SIO/P065_2,0.9,protected_state,14,True,False,False,1.0,,14.0,14.0,,1.0,0,0.0,14,14,1.0,0,0,
LUH_NMC_SIO,LUH_NMC_SIO/P065_2,0.9,fixed_shift,14,True,False,False,1.0,,14.0,14.0,,1.0,0,0.0,14,14,1.0,0,0,
LUH_NMC_SIO,LUH_NMC_SIO/P065_2,0.9,pchp_method,14,True,False,False,1.0,,14.0,14.0,,1.0,0,0.0,14,14,1.0,0,0,
LUH_NMC_SIO,LUH_NMC_SIO/P065_3,0.7,protected_state,14,True,False,False,14.0,,1.0,1.0,,1.0,0,0.0,1,1,1.0,13,0,0.0
LUH_NMC_SIO,LUH_NMC_SIO/P065_3,0.7,fixed_shift,14,True,False,False,14.0,,1.0,1.0,,1.0,0,0.0,1,1,1.0,13,0,0.0
LUH_NMC_SIO,LUH_NMC_SIO/P065_3,0.7,pchp_method,14,True,False,False,14.0,,1.0,1.0,,1.0,0,0.0,1,1,1.0,13,0,0.0
LUH_NMC_SIO,LUH_NMC_SIO/P065_3,0.8,protected_state,14,True,False,False,12.0,,3.0,3.0,,1.0,0,0.0,3,3,1.0,11,0,0.0
LUH_NMC_SIO,LUH_NMC_SIO/P065_3,0.8,fixed_shift,14,True,False,False,12.0,,3.0,3.0,,1.0,0,0.0,3,3,1.0,11,0,0.0
LUH_NMC_SIO,LUH_NMC_SIO/P065_3,0.8,pchp_method,14,True,False,False,12.0,,3.0,3.0,,1.0,0,0.0,3,3,1.0,11,0,0.0
LUH_NMC_SIO,LUH_NMC_SIO/P065_3,0.9,protected_state,14,True,False,False,1.0,,14.0,14.0,,1.0,0,0.0,14,14,1.0,0,0,
LUH_NMC_SIO,LUH_NMC_SIO/P065_3,0.9,fixed_shift,14,True,False,False,1.0,,14.0,14.0,,1.0,0,0.0,14,14,1.0,0,0,
LUH_NMC_SIO,LUH_NMC_SIO/P065_3,0.9,pchp_method,14,True,False,False,1.0,,14.0,14.0,,1.0,0,0.0,14,14,1.0,0,0,
LUH_NMC_SIO,LUH_NMC_SIO/P066_1,0.7,protected_state,18,False,False,False,,,,,,,0,,0,0,,18,0,0.0
LUH_NMC_SIO,LUH_NMC_SIO/P066_1,0.7,fixed_shift,18,False,False,False,,,,,,,0,,0,0,,18,0,0.0
LUH_NMC_SIO,LUH_NMC_SIO/P066_1,0.7,pchp_method,18,False,False,False,,,,,,,0,,0,0,,18,0,0.0
LUH_NMC_SIO,LUH_NMC_SIO/P066_1,0.8,protected_state,18,True,False,False,18.0,,1.0,1.0,,1.0,0,0.0,1,1,1.0,17,0,0.0
LUH_NMC_SIO,LUH_NMC_SIO/P066_1,0.8,fixed_shift,18,True,False,False,18.0,,1.0,1.0,,1.0,0,0.0,1,1,1.0,17,0,0.0
LUH_NMC_SIO,LUH_NMC_SIO/P066_1,0.8,pchp_method,18,True,False,False,18.0,,1.0,1.0,,1.0,0,0.0,1,1,1.0,17,0,0.0
LUH_NMC_SIO,LUH_NMC_SIO/P066_1,0.9,protected_state,18,True,False,False,1.0,,18.0,18.0,,1.0,0,0.0,18,18,1.0,0,0,
LUH_NMC_SIO,LUH_NMC_SIO/P066_1,0.9,fixed_shift,18,True,False,False,1.0,,18.0,18.0,,1.0,0,0.0,18,18,1.0,0,0,
LUH_NMC_SIO,LUH_NMC_SIO/P066_1,0.9,pchp_method,18,True,False,False,1.0,,18.0,18.0,,1.0,0,0.0,18,18,1.0,0,0,
LUH_NMC_SIO,LUH_NMC_SIO/P066_2,0.7,protected_state,18,False,False,False,,,,,,,0,,0,0,,18,0,0.0
LUH_NMC_SIO,LUH_NMC_SIO/P066_2,0.7,fixed_shift,18,False,False,False,,,,,,,0,,0,0,,18,0,0.0
LUH_NMC_SIO,LUH_NMC_SIO/P066_2,0.7,pchp_method,18,False,False,False,,,,,,,0,,0,0,,18,0,0.0
LUH_NMC_SIO,LUH_NMC_SIO/P066_2,0.8,protected_state,18,True,False,False,16.0,,3.0,3.0,,1.0,0,0.0,3,3,1.0,15,0,0.0
LUH_NMC_SIO,LUH_NMC_SIO/P066_2,0.8,fixed_shift,18,True,False,False,16.0,,3.0,3.0,,1.0,0,0.0,3,3,1.0,15,0,0.0
LUH_NMC_SIO,LUH_NMC_SIO/P066_2,0.8,pchp_method,18,True,False,False,16.0,,3.0,3.0,,1.0,0,0.0,3,3,1.0,15,0,0.0
LUH_NMC_SIO,LUH_NMC_SIO/P066_2,0.9,protected_state,18,True,False,False,1.0,,18.0,18.0,,1.0,0,0.0,18,18,1.0,0,0,
LUH_NMC_SIO,LUH_NMC_SIO/P066_2,0.9,fixed_shift,18,True,False,False,1.0,,18.0,18.0,,1.0,0,0.0,18,18,1.0,0,0,
LUH_NMC_SIO,LUH_NMC_SIO/P066_2,0.9,pchp_method,18,True,False,False,1.0,,18.0,18.0,,1.0,0,0.0,18,18,1.0,0,0,
LUH_NMC_SIO,LUH_NMC_SIO/P066_3,0.7,protected_state,18,False,False,False,,,,,,,0,,0,0,,18,0,0.0
LUH_NMC_SIO,LUH_NMC_SIO/P066_3,0.7,fixed_shift,18,False,False,False,,,,,,,0,,0,0,,18,0,0.0
LUH_NMC_SIO,LUH_NMC_SIO/P066_3,0.7,pchp_method,18,False,False,False,,,,,,,0,,0,0,,18,0,0.0
LUH_NMC_SIO,LUH_NMC_SIO/P066_3,0.8,protected_state,18,True,False,False,18.0,,1.0,1.0,,1.0,0,0.0,1,1,1.0,17,0,0.0
LUH_NMC_SIO,LUH_NMC_SIO/P066_3,0.8,fixed_shift,18,True,False,False,18.0,,1.0,1.0,,1.0,0,0.0,1,1,1.0,17,0,0.0
LUH_NMC_SIO,LUH_NMC_SIO/P066_3,0.8,pchp_method,18,True,False,False,18.0,,1.0,1.0,,1.0,0,0.0,1,1,1.0,17,0,0.0
LUH_NMC_SIO,LUH_NMC_SIO/P066_3,0.9,protected_state,18,True,False,False,2.0,,17.0,17.0,,1.0,0,0.0,17,17,1.0,1,0,0.0
LUH_NMC_SIO,LUH_NMC_SIO/P066_3,0.9,fixed_shift,18,True,False,False,2.0,,17.0,17.0,,1.0,0,0.0,17,17,1.0,1,0,0.0
LUH_NMC_SIO,LUH_NMC_SIO/P066_3,0.9,pchp_method,18,True,False,False,2.0,,17.0,17.0,,1.0,0,0.0,17,17,1.0,1,0,0.0
LUH_NMC_SIO,LUH_NMC_SIO/P068_1,0.7,protected_state,18,False,False,False,,,,,,,0,,0,0,,18,0,0.0
LUH_NMC_SIO,LUH_NMC_SIO/P068_1,0.7,fixed_shift,18,False,False,False,,,,,,,0,,0,0,,18,0,0.0
LUH_NMC_SIO,LUH_NMC_SIO/P068_1,0.7,pchp_method,18,False,False,False,,,,,,,0,,0,0,,18,0,0.0
LUH_NMC_SIO,LUH_NMC_SIO/P068_1,0.8,protected_state,18,True,False,False,13.0,,6.0,6.0,,1.0,0,0.0,6,6,1.0,12,0,0.0
LUH_NMC_SIO,LUH_NMC_SIO/P068_1,0.8,fixed_shift,18,True,False,False,13.0,,6.0,6.0,,1.0,0,0.0,6,6,1.0,12,0,0.0
LUH_NMC_SIO,LUH_NMC_SIO/P068_1,0.8,pchp_method,18,True,False,False,13.0,,6.0,6.0,,1.0,0,0.0,6,6,1.0,12,0,0.0
LUH_NMC_SIO,LUH_NMC_SIO/P068_1,0.9,protected_state,18,True,False,False,2.0,,17.0,17.0,,1.0,0,0.0,17,17,1.0,1,0,0.0
LUH_NMC_SIO,LUH_NMC_SIO/P068_1,0.9,fixed_shift,18,True,False,False,2.0,,17.0,17.0,,1.0,0,0.0,17,17,1.0,1,0,0.0
LUH_NMC_SIO,LUH_NMC_SIO/P068_1,0.9,pchp_method,18,True,False,False,2.0,,17.0,17.0,,1.0,0,0.0,17,17,1.0,1,0,0.0
LUH_NMC_SIO,LUH_NMC_SIO/P068_2,0.7,protected_state,18,False,False,False,,,,,,,0,,0,0,,18,0,0.0
LUH_NMC_SIO,LUH_NMC_SIO/P068_2,0.7,fixed_shift,18,False,False,False,,,,,,,0,,0,0,,18,0,0.0
LUH_NMC_SIO,LUH_NMC_SIO/P068_2,0.7,pchp_method,18,False,False,False,,,,,,,0,,0,0,,18,0,0.0
LUH_NMC_SIO,LUH_NMC_SIO/P068_2,0.8,protected_state,18,True,False,False,15.0,,4.0,4.0,,1.0,0,0.0,4,4,1.0,14,0,0.0
LUH_NMC_SIO,LUH_NMC_SIO/P068_2,0.8,fixed_shift,18,True,False,False,15.0,,4.0,4.0,,1.0,0,0.0,4,4,1.0,14,0,0.0
LUH_NMC_SIO,LUH_NMC_SIO/P068_2,0.8,pchp_method,18,True,False,False,15.0,,4.0,4.0,,1.0,0,0.0,4,4,1.0,14,0,0.0
LUH_NMC_SIO,LUH_NMC_SIO/P068_2,0.9,protected_state,18,True,False,False,2.0,,17.0,17.0,,1.0,0,0.0,17,17,1.0,1,0,0.0
LUH_NMC_SIO,LUH_NMC_SIO/P068_2,0.9,fixed_shift,18,True,False,False,2.0,,17.0,17.0,,1.0,0,0.0,17,17,1.0,1,0,0.0
LUH_NMC_SIO,LUH_NMC_SIO/P068_2,0.9,pchp_method,18,True,False,False,2.0,,17.0,17.0,,1.0,0,0.0,17,17,1.0,1,0,0.0
LUH_NMC_SIO,LUH_NMC_SIO/P068_3,0.7,protected_state,18,False,False,False,,,,,,,0,,0,0,,18,0,0.0
LUH_NMC_SIO,LUH_NMC_SIO/P068_3,0.7,fixed_shift,18,False,False,False,,,,,,,0,,0,0,,18,0,0.0
LUH_NMC_SIO,LUH_NMC_SIO/P068_3,0.7,pchp_method,18,False,False,False,,,,,,,0,,0,0,,18,0,0.0
LUH_NMC_SIO,LUH_NMC_SIO/P068_3,0.8,protected_state,18,True,False,False,14.0,,5.0,5.0,,1.0,0,0.0,5,5,1.0,13,0,0.0
LUH_NMC_SIO,LUH_NMC_SIO/P068_3,0.8,fixed_shift,18,True,False,False,14.0,,5.0,5.0,,1.0,0,0.0,5,5,1.0,13,0,0.0
LUH_NMC_SIO,LUH_NMC_SIO/P068_3,0.8,pchp_method,18,True,False,False,14.0,,5.0,5.0,,1.0,0,0.0,5,5,1.0,13,0,0.0
LUH_NMC_SIO,LUH_NMC_SIO/P068_3,0.9,protected_state,18,True,False,False,2.0,,17.0,17.0,,1.0,0,0.0,17,17,1.0,1,0,0.0
LUH_NMC_SIO,LUH_NMC_SIO/P068_3,0.9,fixed_shift,18,True,False,False,2.0,,17.0,17.0,,1.0,0,0.0,17,17,1.0,1,0,0.0
LUH_NMC_SIO,LUH_NMC_SIO/P068_3,0.9,pchp_method,18,True,False,False,2.0,,17.0,17.0,,1.0,0,0.0,17,17,1.0,1,0,0.0
LUH_NMC_SIO,LUH_NMC_SIO/P069_1,0.7,protected_state,18,False,False,False,,,,,,,0,,0,0,,18,0,0.0
LUH_NMC_SIO,LUH_NMC_SIO/P069_1,0.7,fixed_shift,18,False,False,False,,,,,,,0,,0,0,,18,0,0.0
LUH_NMC_SIO,LUH_NMC_SIO/P069_1,0.7,pchp_method,18,False,False,False,,,,,,,0,,0,0,,18,0,0.0
LUH_NMC_SIO,LUH_NMC_SIO/P069_1,0.8,protected_state,18,True,False,False,18.0,,1.0,1.0,,1.0,0,0.0,1,1,1.0,17,0,0.0
LUH_NMC_SIO,LUH_NMC_SIO/P069_1,0.8,fixed_shift,18,True,False,False,18.0,,1.0,1.0,,1.0,0,0.0,1,1,1.0,17,0,0.0
LUH_NMC_SIO,LUH_NMC_SIO/P069_1,0.8,pchp_method,18,True,False,False,18.0,,1.0,1.0,,1.0,0,0.0,1,1,1.0,17,0,0.0
LUH_NMC_SIO,LUH_NMC_SIO/P069_1,0.9,protected_state,18,True,False,False,2.0,,17.0,17.0,,1.0,0,0.0,17,17,1.0,1,0,0.0
LUH_NMC_SIO,LUH_NMC_SIO/P069_1,0.9,fixed_shift,18,True,False,False,2.0,,17.0,17.0,,1.0,0,0.0,17,17,1.0,1,0,0.0
LUH_NMC_SIO,LUH_NMC_SIO/P069_1,0.9,pchp_method,18,True,False,False,2.0,,17.0,17.0,,1.0,0,0.0,17,17,1.0,1,0,0.0
LUH_NMC_SIO,LUH_NMC_SIO/P069_2,0.7,protected_state,18,False,False,False,,,,,,,0,,0,0,,18,0,0.0
LUH_NMC_SIO,LUH_NMC_SIO/P069_2,0.7,fixed_shift,18,False,False,False,,,,,,,0,,0,0,,18,0,0.0
LUH_NMC_SIO,LUH_NMC_SIO/P069_2,0.7,pchp_method,18,False,False,False,,,,,,,0,,0,0,,18,0,0.0
LUH_NMC_SIO,LUH_NMC_SIO/P069_2,0.8,protected_state,18,True,False,False,17.0,,2.0,2.0,,1.0,0,0.0,2,2,1.0,16,0,0.0
LUH_NMC_SIO,LUH_NMC_SIO/P069_2,0.8,fixed_shift,18,True,False,False,17.0,,2.0,2.0,,1.0,0,0.0,2,2,1.0,16,0,0.0
LUH_NMC_SIO,LUH_NMC_SIO/P069_2,0.8,pchp_method,18,True,False,False,17.0,,2.0,2.0,,1.0,0,0.0,2,2,1.0,16,0,0.0
LUH_NMC_SIO,LUH_NMC_SIO/P069_2,0.9,protected_state,18,True,False,False,2.0,,17.0,17.0,,1.0,0,0.0,17,17,1.0,1,0,0.0
LUH_NMC_SIO,LUH_NMC_SIO/P069_2,0.9,fixed_shift,18,True,False,False,2.0,,17.0,17.0,,1.0,0,0.0,17,17,1.0,1,0,0.0
LUH_NMC_SIO,LUH_NMC_SIO/P069_2,0.9,pchp_method,18,True,False,False,2.0,,17.0,17.0,,1.0,0,0.0,17,17,1.0,1,0,0.0
LUH_NMC_SIO,LUH_NMC_SIO/P069_3,0.7,protected_state,18,False,False,False,,,,,,,0,,0,0,,18,0,0.0
LUH_NMC_SIO,LUH_NMC_SIO/P069_3,0.7,fixed_shift,18,False,False,False,,,,,,,0,,0,0,,18,0,0.0
LUH_NMC_SIO,LUH_NMC_SIO/P069_3,0.7,pchp_method,18,False,False,False,,,,,,,0,,0,0,,18,0,0.0
LUH_NMC_SIO,LUH_NMC_SIO/P069_3,0.8,protected_state,18,True,False,False,17.0,,2.0,2.0,,1.0,0,0.0,2,2,1.0,16,0,0.0
LUH_NMC_SIO,LUH_NMC_SIO/P069_3,0.8,fixed_shift,18,True,False,False,17.0,,2.0,2.0,,1.0,0,0.0,2,2,1.0,16,0,0.0
LUH_NMC_SIO,LUH_NMC_SIO/P069_3,0.8,pchp_method,18,True,False,False,17.0,,2.0,2.0,,1.0,0,0.0,2,2,1.0,16,0,0.0
LUH_NMC_SIO,LUH_NMC_SIO/P069_3,0.9,protected_state,18,True,False,False,2.0,,17.0,17.0,,1.0,0,0.0,17,17,1.0,1,0,0.0
LUH_NMC_SIO,LUH_NMC_SIO/P069_3,0.9,fixed_shift,18,True,False,False,2.0,,17.0,17.0,,1.0,0,0.0,17,17,1.0,1,0,0.0
LUH_NMC_SIO,LUH_NMC_SIO/P069_3,0.9,pchp_method,18,True,False,False,2.0,,17.0,17.0,,1.0,0,0.0,17,17,1.0,1,0,0.0
LUH_NMC_SIO,LUH_NMC_SIO/P070_1,0.7,protected_state,1,False,False,False,,,,,,,0,,0,0,,1,0,0.0
LUH_NMC_SIO,LUH_NMC_SIO/P070_1,0.7,fixed_shift,1,False,False,False,,,,,,,0,,0,0,,1,0,0.0
LUH_NMC_SIO,LUH_NMC_SIO/P070_1,0.7,pchp_method,1,False,False,False,,,,,,,0,,0,0,,1,0,0.0
LUH_NMC_SIO,LUH_NMC_SIO/P070_1,0.8,protected_state,1,False,False,False,,,,,,,0,,0,0,,1,0,0.0
LUH_NMC_SIO,LUH_NMC_SIO/P070_1,0.8,fixed_shift,1,False,False,False,,,,,,,0,,0,0,,1,0,0.0
LUH_NMC_SIO,LUH_NMC_SIO/P070_1,0.8,pchp_method,1,False,False,False,,,,,,,0,,0,0,,1,0,0.0
LUH_NMC_SIO,LUH_NMC_SIO/P070_1,0.9,protected_state,1,True,True,True,1.0,1.0,0.0,0.0,0.0,0.0,0,1.0,1,0,0.0,0,0,
LUH_NMC_SIO,LUH_NMC_SIO/P070_1,0.9,fixed_shift,1,True,True,True,1.0,1.0,0.0,0.0,0.0,0.0,0,1.0,1,0,0.0,0,0,
LUH_NMC_SIO,LUH_NMC_SIO/P070_1,0.9,pchp_method,1,True,True,True,1.0,1.0,0.0,0.0,0.0,0.0,0,1.0,1,0,0.0,0,0,
LUH_NMC_SIO,LUH_NMC_SIO/P070_2,0.7,protected_state,1,False,False,False,,,,,,,0,,0,0,,1,0,0.0
LUH_NMC_SIO,LUH_NMC_SIO/P070_2,0.7,fixed_shift,1,False,False,False,,,,,,,0,,0,0,,1,0,0.0
LUH_NMC_SIO,LUH_NMC_SIO/P070_2,0.7,pchp_method,1,False,False,False,,,,,,,0,,0,0,,1,0,0.0
LUH_NMC_SIO,LUH_NMC_SIO/P070_2,0.8,protected_state,1,True,False,False,1.0,,1.0,1.0,,1.0,0,0.0,1,1,1.0,0,0,
LUH_NMC_SIO,LUH_NMC_SIO/P070_2,0.8,fixed_shift,1,True,False,False,1.0,,1.0,1.0,,1.0,0,0.0,1,1,1.0,0,0,
LUH_NMC_SIO,LUH_NMC_SIO/P070_2,0.8,pchp_method,1,True,False,False,1.0,,1.0,1.0,,1.0,0,0.0,1,1,1.0,0,0,
LUH_NMC_SIO,LUH_NMC_SIO/P070_2,0.9,protected_state,1,True,True,True,1.0,1.0,0.0,0.0,0.0,0.0,0,1.0,1,0,0.0,0,0,
LUH_NMC_SIO,LUH_NMC_SIO/P070_2,0.9,fixed_shift,1,True,True,True,1.0,1.0,0.0,0.0,0.0,0.0,0,1.0,1,0,0.0,0,0,
LUH_NMC_SIO,LUH_NMC_SIO/P070_2,0.9,pchp_method,1,True,True,True,1.0,1.0,0.0,0.0,0.0,0.0,0,1.0,1,0,0.0,0,0,
LUH_NMC_SIO,LUH_NMC_SIO/P070_3,0.7,protected_state,3,True,False,False,2.0,,2.0,2.0,,1.0,0,0.0,2,2,1.0,1,0,0.0
LUH_NMC_SIO,LUH_NMC_SIO/P070_3,0.7,fixed_shift,3,True,False,False,2.0,,2.0,2.0,,1.0,0,0.0,2,2,1.0,1,0,0.0
LUH_NMC_SIO,LUH_NMC_SIO/P070_3,0.7,pchp_method,3,True,False,False,2.0,,2.0,2.0,,1.0,0,0.0,2,2,1.0,1,0,0.0
LUH_NMC_SIO,LUH_NMC_SIO/P070_3,0.8,protected_state,3,True,False,False,2.0,,2.0,2.0,,1.0,0,0.0,2,2,1.0,1,0,0.0
LUH_NMC_SIO,LUH_NMC_SIO/P070_3,0.8,fixed_shift,3,True,False,False,2.0,,2.0,2.0,,1.0,0,0.0,2,2,1.0,1,0,0.0
LUH_NMC_SIO,LUH_NMC_SIO/P070_3,0.8,pchp_method,3,True,False,False,2.0,,2.0,2.0,,1.0,0,0.0,2,2,1.0,1,0,0.0
LUH_NMC_SIO,LUH_NMC_SIO/P070_3,0.9,protected_state,3,True,True,True,1.0,1.0,0.0,0.0,0.0,0.0,0,1.0,3,0,0.0,0,0,
LUH_NMC_SIO,LUH_NMC_SIO/P070_3,0.9,fixed_shift,3,True,True,True,1.0,1.0,0.0,0.0,0.0,0.0,0,1.0,3,0,0.0,0,0,
LUH_NMC_SIO,LUH_NMC_SIO/P070_3,0.9,pchp_method,3,True,True,True,1.0,1.0,0.0,0.0,0.0,0.0,0,1.0,3,0,0.0,0,0,
LUH_NMC_SIO,LUH_NMC_SIO/P071_1,0.7,protected_state,18,False,False,False,,,,,,,0,,0,0,,18,0,0.0
LUH_NMC_SIO,LUH_NMC_SIO/P071_1,0.7,fixed_shift,18,False,False,False,,,,,,,0,,0,0,,18,0,0.0
LUH_NMC_SIO,LUH_NMC_SIO/P071_1,0.7,pchp_method,18,False,False,False,,,,,,,0,,0,0,,18,0,0.0
LUH_NMC_SIO,LUH_NMC_SIO/P071_1,0.8,protected_state,18,False,False,False,,,,,,,0,,0,0,,18,0,0.0
LUH_NMC_SIO,LUH_NMC_SIO/P071_1,0.8,fixed_shift,18,False,False,False,,,,,,,0,,0,0,,18,0,0.0
LUH_NMC_SIO,LUH_NMC_SIO/P071_1,0.8,pchp_method,18,False,False,False,,,,,,,0,,0,0,,18,0,0.0
LUH_NMC_SIO,LUH_NMC_SIO/P071_1,0.9,protected_state,18,True,False,False,8.0,,11.0,11.0,,1.0,0,0.0,11,11,1.0,7,0,0.0
LUH_NMC_SIO,LUH_NMC_SIO/P071_1,0.9,fixed_shift,18,True,False,False,8.0,,11.0,11.0,,1.0,0,0.0,11,11,1.0,7,0,0.0
LUH_NMC_SIO,LUH_NMC_SIO/P071_1,0.9,pchp_method,18,True,False,False,8.0,,11.0,11.0,,1.0,0,0.0,11,11,1.0,7,0,0.0
LUH_NMC_SIO,LUH_NMC_SIO/P071_2,0.7,protected_state,18,False,False,False,,,,,,,0,,0,0,,18,0,0.0
LUH_NMC_SIO,LUH_NMC_SIO/P071_2,0.7,fixed_shift,18,False,False,False,,,,,,,0,,0,0,,18,0,0.0
LUH_NMC_SIO,LUH_NMC_SIO/P071_2,0.7,pchp_method,18,False,False,False,,,,,,,0,,0,0,,18,0,0.0
LUH_NMC_SIO,LUH_NMC_SIO/P071_2,0.8,protected_state,18,False,False,False,,,,,,,0,,0,0,,18,0,0.0
LUH_NMC_SIO,LUH_NMC_SIO/P071_2,0.8,fixed_shift,18,False,False,False,,,,,,,0,,0,0,,18,0,0.0
LUH_NMC_SIO,LUH_NMC_SIO/P071_2,0.8,pchp_method,18,False,False,False,,,,,,,0,,0,0,,18,0,0.0
LUH_NMC_SIO,LUH_NMC_SIO/P071_2,0.9,protected_state,18,True,False,False,8.0,,11.0,11.0,,1.0,0,0.0,11,11,1.0,7,0,0.0
LUH_NMC_SIO,LUH_NMC_SIO/P071_2,0.9,fixed_shift,18,True,False,False,8.0,,11.0,11.0,,1.0,0,0.0,11,11,1.0,7,0,0.0
LUH_NMC_SIO,LUH_NMC_SIO/P071_2,0.9,pchp_method,18,True,False,False,8.0,,11.0,11.0,,1.0,0,0.0,11,11,1.0,7,0,0.0
LUH_NMC_SIO,LUH_NMC_SIO/P071_3,0.7,protected_state,18,False,False,False,,,,,,,0,,0,0,,18,0,0.0
LUH_NMC_SIO,LUH_NMC_SIO/P071_3,0.7,fixed_shift,18,False,False,False,,,,,,,0,,0,0,,18,0,0.0
LUH_NMC_SIO,LUH_NMC_SIO/P071_3,0.7,pchp_method,18,False,False,False,,,,,,,0,,0,0,,18,0,0.0
LUH_NMC_SIO,LUH_NMC_SIO/P071_3,0.8,protected_state,18,False,False,False,,,,,,,0,,0,0,,18,0,0.0
LUH_NMC_SIO,LUH_NMC_SIO/P071_3,0.8,fixed_shift,18,False,False,False,,,,,,,0,,0,0,,18,0,0.0
LUH_NMC_SIO,LUH_NMC_SIO/P071_3,0.8,pchp_method,18,False,False,False,,,,,,,0,,0,0,,18,0,0.0
LUH_NMC_SIO,LUH_NMC_SIO/P071_3,0.9,protected_state,18,True,False,False,8.0,,11.0,11.0,,1.0,0,0.0,11,11,1.0,7,0,0.0
LUH_NMC_SIO,LUH_NMC_SIO/P071_3,0.9,fixed_shift,18,True,False,False,8.0,,11.0,11.0,,1.0,0,0.0,11,11,1.0,7,0,0.0
LUH_NMC_SIO,LUH_NMC_SIO/P071_3,0.9,pchp_method,18,True,False,False,8.0,,11.0,11.0,,1.0,0,0.0,11,11,1.0,7,0,0.0
LUH_NMC_SIO,LUH_NMC_SIO/P072_1,0.7,protected_state,18,False,False,False,,,,,,,0,,0,0,,18,0,0.0
LUH_NMC_SIO,LUH_NMC_SIO/P072_1,0.7,fixed_shift,18,False,False,False,,,,,,,0,,0,0,,18,0,0.0
LUH_NMC_SIO,LUH_NMC_SIO/P072_1,0.7,pchp_method,18,False,False,False,,,,,,,0,,0,0,,18,0,0.0
LUH_NMC_SIO,LUH_NMC_SIO/P072_1,0.8,protected_state,18,False,False,False,,,,,,,0,,0,0,,18,0,0.0
LUH_NMC_SIO,LUH_NMC_SIO/P072_1,0.8,fixed_shift,18,False,False,False,,,,,,,0,,0,0,,18,0,0.0
LUH_NMC_SIO,LUH_NMC_SIO/P072_1,0.8,pchp_method,18,False,False,False,,,,,,,0,,0,0,,18,0,0.0
LUH_NMC_SIO,LUH_NMC_SIO/P072_1,0.9,protected_state,18,True,False,False,6.0,,13.0,13.0,,1.0,0,0.0,13,13,1.0,5,0,0.0
LUH_NMC_SIO,LUH_NMC_SIO/P072_1,0.9,fixed_shift,18,True,False,False,6.0,,13.0,13.0,,1.0,0,0.0,13,13,1.0,5,0,0.0
LUH_NMC_SIO,LUH_NMC_SIO/P072_1,0.9,pchp_method,18,True,False,False,6.0,,13.0,13.0,,1.0,0,0.0,13,13,1.0,5,0,0.0
LUH_NMC_SIO,LUH_NMC_SIO/P072_2,0.7,protected_state,18,False,False,False,,,,,,,0,,0,0,,18,0,0.0
LUH_NMC_SIO,LUH_NMC_SIO/P072_2,0.7,fixed_shift,18,False,False,False,,,,,,,0,,0,0,,18,0,0.0
LUH_NMC_SIO,LUH_NMC_SIO/P072_2,0.7,pchp_method,18,False,False,False,,,,,,,0,,0,0,,18,0,0.0
LUH_NMC_SIO,LUH_NMC_SIO/P072_2,0.8,protected_state,18,False,False,False,,,,,,,0,,0,0,,18,0,0.0
LUH_NMC_SIO,LUH_NMC_SIO/P072_2,0.8,fixed_shift,18,False,False,False,,,,,,,0,,0,0,,18,0,0.0
LUH_NMC_SIO,LUH_NMC_SIO/P072_2,0.8,pchp_method,18,False,False,False,,,,,,,0,,0,0,,18,0,0.0
LUH_NMC_SIO,LUH_NMC_SIO/P072_2,0.9,protected_state,18,True,False,False,7.0,,12.0,12.0,,1.0,0,0.0,12,12,1.0,6,0,0.0
LUH_NMC_SIO,LUH_NMC_SIO/P072_2,0.9,fixed_shift,18,True,False,False,7.0,,12.0,12.0,,1.0,0,0.0,12,12,1.0,6,0,0.0
LUH_NMC_SIO,LUH_NMC_SIO/P072_2,0.9,pchp_method,18,True,False,False,7.0,,12.0,12.0,,1.0,0,0.0,12,12,1.0,6,0,0.0
LUH_NMC_SIO,LUH_NMC_SIO/P072_3,0.7,protected_state,18,False,False,False,,,,,,,0,,0,0,,18,0,0.0
LUH_NMC_SIO,LUH_NMC_SIO/P072_3,0.7,fixed_shift,18,False,False,False,,,,,,,0,,0,0,,18,0,0.0
LUH_NMC_SIO,LUH_NMC_SIO/P072_3,0.7,pchp_method,18,False,False,False,,,,,,,0,,0,0,,18,0,0.0
LUH_NMC_SIO,LUH_NMC_SIO/P072_3,0.8,protected_state,18,False,False,False,,,,,,,0,,0,0,,18,0,0.0
LUH_NMC_SIO,LUH_NMC_SIO/P072_3,0.8,fixed_shift,18,False,False,False,,,,,,,0,,0,0,,18,0,0.0
LUH_NMC_SIO,LUH_NMC_SIO/P072_3,0.8,pchp_method,18,False,False,False,,,,,,,0,,0,0,,18,0,0.0
LUH_NMC_SIO,LUH_NMC_SIO/P072_3,0.9,protected_state,18,True,False,False,7.0,,12.0,12.0,,1.0,0,0.0,12,12,1.0,6,0,0.0
LUH_NMC_SIO,LUH_NMC_SIO/P072_3,0.9,fixed_shift,18,True,False,False,7.0,,12.0,12.0,,1.0,0,0.0,12,12,1.0,6,0,0.0
LUH_NMC_SIO,LUH_NMC_SIO/P072_3,0.9,pchp_method,18,True,False,False,7.0,,12.0,12.0,,1.0,0,0.0,12,12,1.0,6,0,0.0
LUH_NMC_SIO,LUH_NMC_SIO/P073_1,0.7,protected_state,6,True,False,False,6.0,,1.0,1.0,,1.0,0,0.0,1,1,1.0,5,0,0.0
LUH_NMC_SIO,LUH_NMC_SIO/P073_1,0.7,fixed_shift,6,True,False,False,6.0,,1.0,1.0,,1.0,0,0.0,1,1,1.0,5,0,0.0
LUH_NMC_SIO,LUH_NMC_SIO/P073_1,0.7,pchp_method,6,True,False,False,6.0,,1.0,1.0,,1.0,0,0.0,1,1,1.0,5,0,0.0
LUH_NMC_SIO,LUH_NMC_SIO/P073_1,0.8,protected_state,6,True,False,False,5.0,,2.0,2.0,,1.0,0,0.0,2,2,1.0,4,0,0.0
LUH_NMC_SIO,LUH_NMC_SIO/P073_1,0.8,fixed_shift,6,True,False,False,5.0,,2.0,2.0,,1.0,0,0.0,2,2,1.0,4,0,0.0
LUH_NMC_SIO,LUH_NMC_SIO/P073_1,0.8,pchp_method,6,True,False,False,5.0,,2.0,2.0,,1.0,0,0.0,2,2,1.0,4,0,0.0
LUH_NMC_SIO,LUH_NMC_SIO/P073_1,0.9,protected_state,6,True,False,False,2.0,,5.0,5.0,,1.0,0,0.0,5,5,1.0,1,0,0.0
LUH_NMC_SIO,LUH_NMC_SIO/P073_1,0.9,fixed_shift,6,True,False,False,2.0,,5.0,5.0,,1.0,0,0.0,5,5,1.0,1,0,0.0
LUH_NMC_SIO,LUH_NMC_SIO/P073_1,0.9,pchp_method,6,True,False,False,2.0,,5.0,5.0,,1.0,0,0.0,5,5,1.0,1,0,0.0
LUH_NMC_SIO,LUH_NMC_SIO/P073_2,0.7,protected_state,6,True,False,False,6.0,,1.0,1.0,,1.0,0,0.0,1,1,1.0,5,0,0.0
LUH_NMC_SIO,LUH_NMC_SIO/P073_2,0.7,fixed_shift,6,True,False,False,6.0,,1.0,1.0,,1.0,0,0.0,1,1,1.0,5,0,0.0
LUH_NMC_SIO,LUH_NMC_SIO/P073_2,0.7,pchp_method,6,True,False,False,6.0,,1.0,1.0,,1.0,0,0.0,1,1,1.0,5,0,0.0
LUH_NMC_SIO,LUH_NMC_SIO/P073_2,0.8,protected_state,6,True,False,False,5.0,,2.0,2.0,,1.0,0,0.0,2,2,1.0,4,0,0.0
LUH_NMC_SIO,LUH_NMC_SIO/P073_2,0.8,fixed_shift,6,True,False,False,5.0,,2.0,2.0,,1.0,0,0.0,2,2,1.0,4,0,0.0
LUH_NMC_SIO,LUH_NMC_SIO/P073_2,0.8,pchp_method,6,True,False,False,5.0,,2.0,2.0,,1.0,0,0.0,2,2,1.0,4,0,0.0
LUH_NMC_SIO,LUH_NMC_SIO/P073_2,0.9,protected_state,6,True,False,False,2.0,,5.0,5.0,,1.0,0,0.0,5,5,1.0,1,0,0.0
LUH_NMC_SIO,LUH_NMC_SIO/P073_2,0.9,fixed_shift,6,True,False,False,2.0,,5.0,5.0,,1.0,0,0.0,5,5,1.0,1,0,0.0
LUH_NMC_SIO,LUH_NMC_SIO/P073_2,0.9,pchp_method,6,True,False,False,2.0,,5.0,5.0,,1.0,0,0.0,5,5,1.0,1,0,0.0
LUH_NMC_SIO,LUH_NMC_SIO/P073_3,0.7,protected_state,7,True,False,False,7.0,,1.0,1.0,,1.0,0,0.0,1,1,1.0,6,0,0.0
LUH_NMC_SIO,LUH_NMC_SIO/P073_3,0.7,fixed_shift,7,True,False,False,7.0,,1.0,1.0,,1.0,0,0.0,1,1,1.0,6,0,0.0
LUH_NMC_SIO,LUH_NMC_SIO/P073_3,0.7,pchp_method,7,True,False,False,7.0,,1.0,1.0,,1.0,0,0.0,1,1,1.0,6,0,0.0
LUH_NMC_SIO,LUH_NMC_SIO/P073_3,0.8,protected_state,7,True,False,False,6.0,,2.0,2.0,,1.0,0,0.0,2,2,1.0,5,0,0.0
LUH_NMC_SIO,LUH_NMC_SIO/P073_3,0.8,fixed_shift,7,True,False,False,6.0,,2.0,2.0,,1.0,0,0.0,2,2,1.0,5,0,0.0
LUH_NMC_SIO,LUH_NMC_SIO/P073_3,0.8,pchp_method,7,True,False,False,6.0,,2.0,2.0,,1.0,0,0.0,2,2,1.0,5,0,0.0
LUH_NMC_SIO,LUH_NMC_SIO/P073_3,0.9,protected_state,7,True,True,True,2.0,6.0,4.0,4.0,279.27333333333337,1.0,0,0.0,6,4,0.6666666666666666,1,0,0.0
LUH_NMC_SIO,LUH_NMC_SIO/P073_3,0.9,fixed_shift,7,True,False,False,2.0,,6.0,6.0,,1.0,0,0.0,6,6,1.0,1,0,0.0
LUH_NMC_SIO,LUH_NMC_SIO/P073_3,0.9,pchp_method,7,True,False,False,2.0,,6.0,6.0,,1.0,0,0.0,6,6,1.0,1,0,0.0
LUH_NMC_SIO,LUH_NMC_SIO/P074_1,0.7,protected_state,13,True,False,False,13.0,,1.0,1.0,,1.0,0,0.0,1,1,1.0,12,0,0.0
LUH_NMC_SIO,LUH_NMC_SIO/P074_1,0.7,fixed_shift,13,True,False,False,13.0,,1.0,1.0,,1.0,0,0.0,1,1,1.0,12,0,0.0
LUH_NMC_SIO,LUH_NMC_SIO/P074_1,0.7,pchp_method,13,True,False,False,13.0,,1.0,1.0,,1.0,0,0.0,1,1,1.0,12,0,0.0
LUH_NMC_SIO,LUH_NMC_SIO/P074_1,0.8,protected_state,13,True,False,False,10.0,,4.0,4.0,,1.0,0,0.0,4,4,1.0,9,0,0.0
LUH_NMC_SIO,LUH_NMC_SIO/P074_1,0.8,fixed_shift,13,True,False,False,10.0,,4.0,4.0,,1.0,0,0.0,4,4,1.0,9,0,0.0
LUH_NMC_SIO,LUH_NMC_SIO/P074_1,0.8,pchp_method,13,True,False,False,10.0,,4.0,4.0,,1.0,0,0.0,4,4,1.0,9,0,0.0
LUH_NMC_SIO,LUH_NMC_SIO/P074_1,0.9,protected_state,13,True,False,False,5.0,,9.0,9.0,,1.0,0,0.0,9,9,1.0,4,0,0.0
LUH_NMC_SIO,LUH_NMC_SIO/P074_1,0.9,fixed_shift,13,True,False,False,5.0,,9.0,9.0,,1.0,0,0.0,9,9,1.0,4,0,0.0
LUH_NMC_SIO,LUH_NMC_SIO/P074_1,0.9,pchp_method,13,True,False,False,5.0,,9.0,9.0,,1.0,0,0.0,9,9,1.0,4,0,0.0
LUH_NMC_SIO,LUH_NMC_SIO/P074_2,0.7,protected_state,11,True,False,False,11.0,,1.0,1.0,,1.0,0,0.0,1,1,1.0,10,0,0.0
LUH_NMC_SIO,LUH_NMC_SIO/P074_2,0.7,fixed_shift,11,True,False,False,11.0,,1.0,1.0,,1.0,0,0.0,1,1,1.0,10,0,0.0
LUH_NMC_SIO,LUH_NMC_SIO/P074_2,0.7,pchp_method,11,True,False,False,11.0,,1.0,1.0,,1.0,0,0.0,1,1,1.0,10,0,0.0
LUH_NMC_SIO,LUH_NMC_SIO/P074_2,0.8,protected_state,11,True,False,False,10.0,,2.0,2.0,,1.0,0,0.0,2,2,1.0,9,0,0.0
LUH_NMC_SIO,LUH_NMC_SIO/P074_2,0.8,fixed_shift,11,True,False,False,10.0,,2.0,2.0,,1.0,0,0.0,2,2,1.0,9,0,0.0
LUH_NMC_SIO,LUH_NMC_SIO/P074_2,0.8,pchp_method,11,True,False,False,10.0,,2.0,2.0,,1.0,0,0.0,2,2,1.0,9,0,0.0
LUH_NMC_SIO,LUH_NMC_SIO/P074_2,0.9,protected_state,11,True,False,False,5.0,,7.0,7.0,,1.0,0,0.0,7,7,1.0,4,0,0.0
LUH_NMC_SIO,LUH_NMC_SIO/P074_2,0.9,fixed_shift,11,True,False,False,5.0,,7.0,7.0,,1.0,0,0.0,7,7,1.0,4,0,0.0
LUH_NMC_SIO,LUH_NMC_SIO/P074_2,0.9,pchp_method,11,True,False,False,5.0,,7.0,7.0,,1.0,0,0.0,7,7,1.0,4,0,0.0
LUH_NMC_SIO,LUH_NMC_SIO/P074_3,0.7,protected_state,11,False,False,False,,,,,,,0,,0,0,,11,0,0.0
LUH_NMC_SIO,LUH_NMC_SIO/P074_3,0.7,fixed_shift,11,False,False,False,,,,,,,0,,0,0,,11,0,0.0
LUH_NMC_SIO,LUH_NMC_SIO/P074_3,0.7,pchp_method,11,False,False,False,,,,,,,0,,0,0,,11,0,0.0
LUH_NMC_SIO,LUH_NMC_SIO/P074_3,0.8,protected_state,11,True,False,False,9.0,,3.0,3.0,,1.0,0,0.0,3,3,1.0,8,0,0.0
LUH_NMC_SIO,LUH_NMC_SIO/P074_3,0.8,fixed_shift,11,True,False,False,9.0,,3.0,3.0,,1.0,0,0.0,3,3,1.0,8,0,0.0
LUH_NMC_SIO,LUH_NMC_SIO/P074_3,0.8,pchp_method,11,True,False,False,9.0,,3.0,3.0,,1.0,0,0.0,3,3,1.0,8,0,0.0
LUH_NMC_SIO,LUH_NMC_SIO/P074_3,0.9,protected_state,11,True,False,False,5.0,,7.0,7.0,,1.0,0,0.0,7,7,1.0,4,0,0.0
LUH_NMC_SIO,LUH_NMC_SIO/P074_3,0.9,fixed_shift,11,True,False,False,5.0,,7.0,7.0,,1.0,0,0.0,7,7,1.0,4,0,0.0
LUH_NMC_SIO,LUH_NMC_SIO/P074_3,0.9,pchp_method,11,True,False,False,5.0,,7.0,7.0,,1.0,0,0.0,7,7,1.0,4,0,0.0
LUH_NMC_SIO,LUH_NMC_SIO/P075_1,0.7,protected_state,18,False,False,False,,,,,,,0,,0,0,,18,0,0.0
LUH_NMC_SIO,LUH_NMC_SIO/P075_1,0.7,fixed_shift,18,False,False,False,,,,,,,0,,0,0,,18,0,0.0
LUH_NMC_SIO,LUH_NMC_SIO/P075_1,0.7,pchp_method,18,False,False,False,,,,,,,0,,0,0,,18,0,0.0
LUH_NMC_SIO,LUH_NMC_SIO/P075_1,0.8,protected_state,18,False,False,False,,,,,,,0,,0,0,,18,0,0.0
LUH_NMC_SIO,LUH_NMC_SIO/P075_1,0.8,fixed_shift,18,False,False,False,,,,,,,0,,0,0,,18,0,0.0
LUH_NMC_SIO,LUH_NMC_SIO/P075_1,0.8,pchp_method,18,False,False,False,,,,,,,0,,0,0,,18,0,0.0
LUH_NMC_SIO,LUH_NMC_SIO/P075_1,0.9,protected_state,18,True,False,False,8.0,,11.0,11.0,,1.0,0,0.0,11,11,1.0,7,0,0.0
LUH_NMC_SIO,LUH_NMC_SIO/P075_1,0.9,fixed_shift,18,True,False,False,8.0,,11.0,11.0,,1.0,0,0.0,11,11,1.0,7,0,0.0
LUH_NMC_SIO,LUH_NMC_SIO/P075_1,0.9,pchp_method,18,True,False,False,8.0,,11.0,11.0,,1.0,0,0.0,11,11,1.0,7,0,0.0
LUH_NMC_SIO,LUH_NMC_SIO/P075_2,0.7,protected_state,18,False,False,False,,,,,,,0,,0,0,,18,0,0.0
LUH_NMC_SIO,LUH_NMC_SIO/P075_2,0.7,fixed_shift,18,False,False,False,,,,,,,0,,0,0,,18,0,0.0
LUH_NMC_SIO,LUH_NMC_SIO/P075_2,0.7,pchp_method,18,False,False,False,,,,,,,0,,0,0,,18,0,0.0
LUH_NMC_SIO,LUH_NMC_SIO/P075_2,0.8,protected_state,18,False,False,False,,,,,,,0,,0,0,,18,0,0.0
LUH_NMC_SIO,LUH_NMC_SIO/P075_2,0.8,fixed_shift,18,False,False,False,,,,,,,0,,0,0,,18,0,0.0
LUH_NMC_SIO,LUH_NMC_SIO/P075_2,0.8,pchp_method,18,False,False,False,,,,,,,0,,0,0,,18,0,0.0
LUH_NMC_SIO,LUH_NMC_SIO/P075_2,0.9,protected_state,18,True,False,False,7.0,,12.0,12.0,,1.0,0,0.0,12,12,1.0,6,0,0.0
LUH_NMC_SIO,LUH_NMC_SIO/P075_2,0.9,fixed_shift,18,True,False,False,7.0,,12.0,12.0,,1.0,0,0.0,12,12,1.0,6,0,0.0
LUH_NMC_SIO,LUH_NMC_SIO/P075_2,0.9,pchp_method,18,True,False,False,7.0,,12.0,12.0,,1.0,0,0.0,12,12,1.0,6,0,0.0
LUH_NMC_SIO,LUH_NMC_SIO/P075_3,0.7,protected_state,18,False,False,False,,,,,,,0,,0,0,,18,0,0.0
LUH_NMC_SIO,LUH_NMC_SIO/P075_3,0.7,fixed_shift,18,False,False,False,,,,,,,0,,0,0,,18,0,0.0
LUH_NMC_SIO,LUH_NMC_SIO/P075_3,0.7,pchp_method,18,False,False,False,,,,,,,0,,0,0,,18,0,0.0
LUH_NMC_SIO,LUH_NMC_SIO/P075_3,0.8,protected_state,18,False,False,False,,,,,,,0,,0,0,,18,0,0.0
LUH_NMC_SIO,LUH_NMC_SIO/P075_3,0.8,fixed_shift,18,False,False,False,,,,,,,0,,0,0,,18,0,0.0
LUH_NMC_SIO,LUH_NMC_SIO/P075_3,0.8,pchp_method,18,False,False,False,,,,,,,0,,0,0,,18,0,0.0
LUH_NMC_SIO,LUH_NMC_SIO/P075_3,0.9,protected_state,18,True,False,False,8.0,,11.0,11.0,,1.0,0,0.0,11,11,1.0,7,0,0.0
LUH_NMC_SIO,LUH_NMC_SIO/P075_3,0.9,fixed_shift,18,True,False,False,8.0,,11.0,11.0,,1.0,0,0.0,11,11,1.0,7,0,0.0
LUH_NMC_SIO,LUH_NMC_SIO/P075_3,0.9,pchp_method,18,True,False,False,8.0,,11.0,11.0,,1.0,0,0.0,11,11,1.0,7,0,0.0
LUH_NMC_SIO,LUH_NMC_SIO/P076_1,0.7,protected_state,18,False,False,False,,,,,,,0,,0,0,,18,0,0.0
LUH_NMC_SIO,LUH_NMC_SIO/P076_1,0.7,fixed_shift,18,False,False,False,,,,,,,0,,0,0,,18,0,0.0
LUH_NMC_SIO,LUH_NMC_SIO/P076_1,0.7,pchp_method,18,False,False,False,,,,,,,0,,0,0,,18,0,0.0
LUH_NMC_SIO,LUH_NMC_SIO/P076_1,0.8,protected_state,18,True,False,False,15.0,,4.0,4.0,,1.0,0,0.0,4,4,1.0,14,0,0.0
LUH_NMC_SIO,LUH_NMC_SIO/P076_1,0.8,fixed_shift,18,True,False,False,15.0,,4.0,4.0,,1.0,0,0.0,4,4,1.0,14,0,0.0
LUH_NMC_SIO,LUH_NMC_SIO/P076_1,0.8,pchp_method,18,True,False,False,15.0,,4.0,4.0,,1.0,0,0.0,4,4,1.0,14,0,0.0
LUH_NMC_SIO,LUH_NMC_SIO/P076_1,0.9,protected_state,18,True,False,False,5.0,,14.0,14.0,,1.0,0,0.0,14,14,1.0,4,0,0.0
LUH_NMC_SIO,LUH_NMC_SIO/P076_1,0.9,fixed_shift,18,True,False,False,5.0,,14.0,14.0,,1.0,0,0.0,14,14,1.0,4,0,0.0
LUH_NMC_SIO,LUH_NMC_SIO/P076_1,0.9,pchp_method,18,True,False,False,5.0,,14.0,14.0,,1.0,0,0.0,14,14,1.0,4,0,0.0
LUH_NMC_SIO,LUH_NMC_SIO/P076_2,0.7,protected_state,18,False,False,False,,,,,,,0,,0,0,,18,0,0.0
LUH_NMC_SIO,LUH_NMC_SIO/P076_2,0.7,fixed_shift,18,False,False,False,,,,,,,0,,0,0,,18,0,0.0
LUH_NMC_SIO,LUH_NMC_SIO/P076_2,0.7,pchp_method,18,False,False,False,,,,,,,0,,0,0,,18,0,0.0
LUH_NMC_SIO,LUH_NMC_SIO/P076_2,0.8,protected_state,18,True,False,False,15.0,,4.0,4.0,,1.0,0,0.0,4,4,1.0,14,0,0.0
LUH_NMC_SIO,LUH_NMC_SIO/P076_2,0.8,fixed_shift,18,True,False,False,15.0,,4.0,4.0,,1.0,0,0.0,4,4,1.0,14,0,0.0
LUH_NMC_SIO,LUH_NMC_SIO/P076_2,0.8,pchp_method,18,True,False,False,15.0,,4.0,4.0,,1.0,0,0.0,4,4,1.0,14,0,0.0
LUH_NMC_SIO,LUH_NMC_SIO/P076_2,0.9,protected_state,18,True,False,False,6.0,,13.0,13.0,,1.0,0,0.0,13,13,1.0,5,0,0.0
LUH_NMC_SIO,LUH_NMC_SIO/P076_2,0.9,fixed_shift,18,True,False,False,6.0,,13.0,13.0,,1.0,0,0.0,13,13,1.0,5,0,0.0
LUH_NMC_SIO,LUH_NMC_SIO/P076_2,0.9,pchp_method,18,True,False,False,6.0,,13.0,13.0,,1.0,0,0.0,13,13,1.0,5,0,0.0
LUH_NMC_SIO,LUH_NMC_SIO/P076_3,0.7,protected_state,18,False,False,False,,,,,,,0,,0,0,,18,0,0.0
LUH_NMC_SIO,LUH_NMC_SIO/P076_3,0.7,fixed_shift,18,False,False,False,,,,,,,0,,0,0,,18,0,0.0
LUH_NMC_SIO,LUH_NMC_SIO/P076_3,0.7,pchp_method,18,False,False,False,,,,,,,0,,0,0,,18,0,0.0
LUH_NMC_SIO,LUH_NMC_SIO/P076_3,0.8,protected_state,18,True,False,False,15.0,,4.0,4.0,,1.0,0,0.0,4,4,1.0,14,0,0.0
LUH_NMC_SIO,LUH_NMC_SIO/P076_3,0.8,fixed_shift,18,True,False,False,15.0,,4.0,4.0,,1.0,0,0.0,4,4,1.0,14,0,0.0
LUH_NMC_SIO,LUH_NMC_SIO/P076_3,0.8,pchp_method,18,True,False,False,15.0,,4.0,4.0,,1.0,0,0.0,4,4,1.0,14,0,0.0
LUH_NMC_SIO,LUH_NMC_SIO/P076_3,0.9,protected_state,18,True,False,False,6.0,,13.0,13.0,,1.0,0,0.0,13,13,1.0,5,0,0.0
LUH_NMC_SIO,LUH_NMC_SIO/P076_3,0.9,fixed_shift,18,True,False,False,6.0,,13.0,13.0,,1.0,0,0.0,13,13,1.0,5,0,0.0
LUH_NMC_SIO,LUH_NMC_SIO/P076_3,0.9,pchp_method,18,True,False,False,6.0,,13.0,13.0,,1.0,0,0.0,13,13,1.0,5,0,0.0
MULTISTAGE_50E,MULTISTAGE_50E/S1_TP_z01_C1,0.7,protected_state,12,False,False,False,,,,,,,0,,0,0,,12,0,0.0
MULTISTAGE_50E,MULTISTAGE_50E/S1_TP_z01_C1,0.7,fixed_shift,12,False,False,False,,,,,,,0,,0,0,,12,0,0.0
MULTISTAGE_50E,MULTISTAGE_50E/S1_TP_z01_C1,0.7,pchp_method,12,False,False,False,,,,,,,0,,0,0,,12,0,0.0
MULTISTAGE_50E,MULTISTAGE_50E/S1_TP_z01_C1,0.8,protected_state,12,False,False,False,,,,,,,0,,0,0,,12,0,0.0
MULTISTAGE_50E,MULTISTAGE_50E/S1_TP_z01_C1,0.8,fixed_shift,12,False,False,False,,,,,,,0,,0,0,,12,0,0.0
MULTISTAGE_50E,MULTISTAGE_50E/S1_TP_z01_C1,0.8,pchp_method,12,False,False,False,,,,,,,0,,0,0,,12,0,0.0
MULTISTAGE_50E,MULTISTAGE_50E/S1_TP_z01_C1,0.9,protected_state,12,False,False,False,,,,,,,0,,0,0,,12,0,0.0
MULTISTAGE_50E,MULTISTAGE_50E/S1_TP_z01_C1,0.9,fixed_shift,12,False,False,False,,,,,,,0,,0,0,,12,0,0.0
MULTISTAGE_50E,MULTISTAGE_50E/S1_TP_z01_C1,0.9,pchp_method,12,False,False,False,,,,,,,0,,0,0,,12,0,0.0
MULTISTAGE_50E,MULTISTAGE_50E/S1_TP_z01_C2,0.7,protected_state,12,False,False,False,,,,,,,0,,0,0,,12,0,0.0
MULTISTAGE_50E,MULTISTAGE_50E/S1_TP_z01_C2,0.7,fixed_shift,12,False,False,False,,,,,,,0,,0,0,,12,0,0.0
MULTISTAGE_50E,MULTISTAGE_50E/S1_TP_z01_C2,0.7,pchp_method,12,False,False,False,,,,,,,0,,0,0,,12,0,0.0
MULTISTAGE_50E,MULTISTAGE_50E/S1_TP_z01_C2,0.8,protected_state,12,False,False,False,,,,,,,0,,0,0,,12,0,0.0
MULTISTAGE_50E,MULTISTAGE_50E/S1_TP_z01_C2,0.8,fixed_shift,12,False,False,False,,,,,,,0,,0,0,,12,0,0.0
MULTISTAGE_50E,MULTISTAGE_50E/S1_TP_z01_C2,0.8,pchp_method,12,False,False,False,,,,,,,0,,0,0,,12,0,0.0
MULTISTAGE_50E,MULTISTAGE_50E/S1_TP_z01_C2,0.9,protected_state,12,False,False,False,,,,,,,0,,0,0,,12,0,0.0
MULTISTAGE_50E,MULTISTAGE_50E/S1_TP_z01_C2,0.9,fixed_shift,12,False,False,False,,,,,,,0,,0,0,,12,0,0.0
MULTISTAGE_50E,MULTISTAGE_50E/S1_TP_z01_C2,0.9,pchp_method,12,False,False,False,,,,,,,0,,0,0,,12,0,0.0
MULTISTAGE_50E,MULTISTAGE_50E/S1_TP_z01_C3,0.7,protected_state,12,False,False,False,,,,,,,0,,0,0,,12,0,0.0
MULTISTAGE_50E,MULTISTAGE_50E/S1_TP_z01_C3,0.7,fixed_shift,12,False,False,False,,,,,,,0,,0,0,,12,0,0.0
MULTISTAGE_50E,MULTISTAGE_50E/S1_TP_z01_C3,0.7,pchp_method,12,False,False,False,,,,,,,0,,0,0,,12,0,0.0
MULTISTAGE_50E,MULTISTAGE_50E/S1_TP_z01_C3,0.8,protected_state,12,False,False,False,,,,,,,0,,0,0,,12,0,0.0
MULTISTAGE_50E,MULTISTAGE_50E/S1_TP_z01_C3,0.8,fixed_shift,12,False,False,False,,,,,,,0,,0,0,,12,0,0.0
MULTISTAGE_50E,MULTISTAGE_50E/S1_TP_z01_C3,0.8,pchp_method,12,False,False,False,,,,,,,0,,0,0,,12,0,0.0
MULTISTAGE_50E,MULTISTAGE_50E/S1_TP_z01_C3,0.9,protected_state,12,False,False,False,,,,,,,0,,0,0,,12,0,0.0
MULTISTAGE_50E,MULTISTAGE_50E/S1_TP_z01_C3,0.9,fixed_shift,12,False,False,False,,,,,,,0,,0,0,,12,0,0.0
MULTISTAGE_50E,MULTISTAGE_50E/S1_TP_z01_C3,0.9,pchp_method,12,False,False,False,,,,,,,0,,0,0,,12,0,0.0
MULTISTAGE_50E,MULTISTAGE_50E/S1_TP_z02_C1,0.7,protected_state,12,False,False,False,,,,,,,0,,0,0,,12,0,0.0
MULTISTAGE_50E,MULTISTAGE_50E/S1_TP_z02_C1,0.7,fixed_shift,12,False,False,False,,,,,,,0,,0,0,,12,0,0.0
MULTISTAGE_50E,MULTISTAGE_50E/S1_TP_z02_C1,0.7,pchp_method,12,False,False,False,,,,,,,0,,0,0,,12,0,0.0
MULTISTAGE_50E,MULTISTAGE_50E/S1_TP_z02_C1,0.8,protected_state,12,False,False,False,,,,,,,0,,0,0,,12,0,0.0
MULTISTAGE_50E,MULTISTAGE_50E/S1_TP_z02_C1,0.8,fixed_shift,12,False,False,False,,,,,,,0,,0,0,,12,0,0.0
MULTISTAGE_50E,MULTISTAGE_50E/S1_TP_z02_C1,0.8,pchp_method,12,False,False,False,,,,,,,0,,0,0,,12,0,0.0
MULTISTAGE_50E,MULTISTAGE_50E/S1_TP_z02_C1,0.9,protected_state,12,False,False,False,,,,,,,0,,0,0,,12,0,0.0
MULTISTAGE_50E,MULTISTAGE_50E/S1_TP_z02_C1,0.9,fixed_shift,12,False,False,False,,,,,,,0,,0,0,,12,0,0.0
MULTISTAGE_50E,MULTISTAGE_50E/S1_TP_z02_C1,0.9,pchp_method,12,False,False,False,,,,,,,0,,0,0,,12,0,0.0
MULTISTAGE_50E,MULTISTAGE_50E/S1_TP_z02_C2,0.7,protected_state,12,False,False,False,,,,,,,0,,0,0,,12,0,0.0
MULTISTAGE_50E,MULTISTAGE_50E/S1_TP_z02_C2,0.7,fixed_shift,12,False,False,False,,,,,,,0,,0,0,,12,0,0.0
MULTISTAGE_50E,MULTISTAGE_50E/S1_TP_z02_C2,0.7,pchp_method,12,False,False,False,,,,,,,0,,0,0,,12,0,0.0
MULTISTAGE_50E,MULTISTAGE_50E/S1_TP_z02_C2,0.8,protected_state,12,False,False,False,,,,,,,0,,0,0,,12,0,0.0
MULTISTAGE_50E,MULTISTAGE_50E/S1_TP_z02_C2,0.8,fixed_shift,12,False,False,False,,,,,,,0,,0,0,,12,0,0.0
MULTISTAGE_50E,MULTISTAGE_50E/S1_TP_z02_C2,0.8,pchp_method,12,False,False,False,,,,,,,0,,0,0,,12,0,0.0
MULTISTAGE_50E,MULTISTAGE_50E/S1_TP_z02_C2,0.9,protected_state,12,False,False,False,,,,,,,0,,0,0,,12,0,0.0
MULTISTAGE_50E,MULTISTAGE_50E/S1_TP_z02_C2,0.9,fixed_shift,12,False,False,False,,,,,,,0,,0,0,,12,0,0.0
MULTISTAGE_50E,MULTISTAGE_50E/S1_TP_z02_C2,0.9,pchp_method,12,False,False,False,,,,,,,0,,0,0,,12,0,0.0
MULTISTAGE_50E,MULTISTAGE_50E/S1_TP_z02_C3,0.7,protected_state,12,False,False,False,,,,,,,0,,0,0,,12,0,0.0
MULTISTAGE_50E,MULTISTAGE_50E/S1_TP_z02_C3,0.7,fixed_shift,12,False,False,False,,,,,,,0,,0,0,,12,0,0.0
MULTISTAGE_50E,MULTISTAGE_50E/S1_TP_z02_C3,0.7,pchp_method,12,False,False,False,,,,,,,0,,0,0,,12,0,0.0
MULTISTAGE_50E,MULTISTAGE_50E/S1_TP_z02_C3,0.8,protected_state,12,False,False,False,,,,,,,0,,0,0,,12,0,0.0
MULTISTAGE_50E,MULTISTAGE_50E/S1_TP_z02_C3,0.8,fixed_shift,12,False,False,False,,,,,,,0,,0,0,,12,0,0.0
MULTISTAGE_50E,MULTISTAGE_50E/S1_TP_z02_C3,0.8,pchp_method,12,False,False,False,,,,,,,0,,0,0,,12,0,0.0
MULTISTAGE_50E,MULTISTAGE_50E/S1_TP_z02_C3,0.9,protected_state,12,False,False,False,,,,,,,0,,0,0,,12,0,0.0
MULTISTAGE_50E,MULTISTAGE_50E/S1_TP_z02_C3,0.9,fixed_shift,12,False,False,False,,,,,,,0,,0,0,,12,0,0.0
MULTISTAGE_50E,MULTISTAGE_50E/S1_TP_z02_C3,0.9,pchp_method,12,False,False,False,,,,,,,0,,0,0,,12,0,0.0
MULTISTAGE_50E,MULTISTAGE_50E/S1_TP_z03_C1,0.7,protected_state,12,False,False,False,,,,,,,0,,0,0,,12,0,0.0
MULTISTAGE_50E,MULTISTAGE_50E/S1_TP_z03_C1,0.7,fixed_shift,12,False,False,False,,,,,,,0,,0,0,,12,0,0.0
MULTISTAGE_50E,MULTISTAGE_50E/S1_TP_z03_C1,0.7,pchp_method,12,False,False,False,,,,,,,0,,0,0,,12,0,0.0
MULTISTAGE_50E,MULTISTAGE_50E/S1_TP_z03_C1,0.8,protected_state,12,False,False,False,,,,,,,0,,0,0,,12,0,0.0
MULTISTAGE_50E,MULTISTAGE_50E/S1_TP_z03_C1,0.8,fixed_shift,12,False,False,False,,,,,,,0,,0,0,,12,0,0.0
MULTISTAGE_50E,MULTISTAGE_50E/S1_TP_z03_C1,0.8,pchp_method,12,False,False,False,,,,,,,0,,0,0,,12,0,0.0
MULTISTAGE_50E,MULTISTAGE_50E/S1_TP_z03_C1,0.9,protected_state,12,False,False,False,,,,,,,0,,0,0,,12,0,0.0
MULTISTAGE_50E,MULTISTAGE_50E/S1_TP_z03_C1,0.9,fixed_shift,12,False,False,False,,,,,,,0,,0,0,,12,0,0.0
MULTISTAGE_50E,MULTISTAGE_50E/S1_TP_z03_C1,0.9,pchp_method,12,False,False,False,,,,,,,0,,0,0,,12,0,0.0
MULTISTAGE_50E,MULTISTAGE_50E/S1_TP_z03_C2,0.7,protected_state,12,False,False,False,,,,,,,0,,0,0,,12,0,0.0
MULTISTAGE_50E,MULTISTAGE_50E/S1_TP_z03_C2,0.7,fixed_shift,12,False,False,False,,,,,,,0,,0,0,,12,0,0.0
MULTISTAGE_50E,MULTISTAGE_50E/S1_TP_z03_C2,0.7,pchp_method,12,False,False,False,,,,,,,0,,0,0,,12,0,0.0
MULTISTAGE_50E,MULTISTAGE_50E/S1_TP_z03_C2,0.8,protected_state,12,False,False,False,,,,,,,0,,0,0,,12,0,0.0
MULTISTAGE_50E,MULTISTAGE_50E/S1_TP_z03_C2,0.8,fixed_shift,12,False,False,False,,,,,,,0,,0,0,,12,0,0.0
MULTISTAGE_50E,MULTISTAGE_50E/S1_TP_z03_C2,0.8,pchp_method,12,False,False,False,,,,,,,0,,0,0,,12,0,0.0
MULTISTAGE_50E,MULTISTAGE_50E/S1_TP_z03_C2,0.9,protected_state,12,False,False,False,,,,,,,0,,0,0,,12,0,0.0
MULTISTAGE_50E,MULTISTAGE_50E/S1_TP_z03_C2,0.9,fixed_shift,12,False,False,False,,,,,,,0,,0,0,,12,0,0.0
MULTISTAGE_50E,MULTISTAGE_50E/S1_TP_z03_C2,0.9,pchp_method,12,False,False,False,,,,,,,0,,0,0,,12,0,0.0
MULTISTAGE_50E,MULTISTAGE_50E/S1_TP_z03_C3,0.7,protected_state,12,False,False,False,,,,,,,0,,0,0,,12,0,0.0
MULTISTAGE_50E,MULTISTAGE_50E/S1_TP_z03_C3,0.7,fixed_shift,12,False,False,False,,,,,,,0,,0,0,,12,0,0.0
MULTISTAGE_50E,MULTISTAGE_50E/S1_TP_z03_C3,0.7,pchp_method,12,False,False,False,,,,,,,0,,0,0,,12,0,0.0
MULTISTAGE_50E,MULTISTAGE_50E/S1_TP_z03_C3,0.8,protected_state,12,False,False,False,,,,,,,0,,0,0,,12,0,0.0
MULTISTAGE_50E,MULTISTAGE_50E/S1_TP_z03_C3,0.8,fixed_shift,12,False,False,False,,,,,,,0,,0,0,,12,0,0.0
MULTISTAGE_50E,MULTISTAGE_50E/S1_TP_z03_C3,0.8,pchp_method,12,False,False,False,,,,,,,0,,0,0,,12,0,0.0
MULTISTAGE_50E,MULTISTAGE_50E/S1_TP_z03_C3,0.9,protected_state,12,False,False,False,,,,,,,0,,0,0,,12,0,0.0
MULTISTAGE_50E,MULTISTAGE_50E/S1_TP_z03_C3,0.9,fixed_shift,12,False,False,False,,,,,,,0,,0,0,,12,0,0.0
MULTISTAGE_50E,MULTISTAGE_50E/S1_TP_z03_C3,0.9,pchp_method,12,False,False,False,,,,,,,0,,0,0,,12,0,0.0
MULTISTAGE_50E,MULTISTAGE_50E/S1_TP_z04_C1,0.7,protected_state,2,False,False,False,,,,,,,0,,0,0,,2,0,0.0
MULTISTAGE_50E,MULTISTAGE_50E/S1_TP_z04_C1,0.7,fixed_shift,2,False,False,False,,,,,,,0,,0,0,,2,0,0.0
MULTISTAGE_50E,MULTISTAGE_50E/S1_TP_z04_C1,0.7,pchp_method,2,False,False,False,,,,,,,0,,0,0,,2,0,0.0
MULTISTAGE_50E,MULTISTAGE_50E/S1_TP_z04_C1,0.8,protected_state,2,False,False,False,,,,,,,0,,0,0,,2,0,0.0
MULTISTAGE_50E,MULTISTAGE_50E/S1_TP_z04_C1,0.8,fixed_shift,2,False,False,False,,,,,,,0,,0,0,,2,0,0.0
MULTISTAGE_50E,MULTISTAGE_50E/S1_TP_z04_C1,0.8,pchp_method,2,False,False,False,,,,,,,0,,0,0,,2,0,0.0
MULTISTAGE_50E,MULTISTAGE_50E/S1_TP_z04_C1,0.9,protected_state,2,False,False,False,,,,,,,0,,0,0,,2,0,0.0
MULTISTAGE_50E,MULTISTAGE_50E/S1_TP_z04_C1,0.9,fixed_shift,2,False,False,False,,,,,,,0,,0,0,,2,0,0.0
MULTISTAGE_50E,MULTISTAGE_50E/S1_TP_z04_C1,0.9,pchp_method,2,False,False,False,,,,,,,0,,0,0,,2,0,0.0
MULTISTAGE_50E,MULTISTAGE_50E/S1_TP_z04_C2,0.7,protected_state,3,False,False,False,,,,,,,0,,0,0,,3,0,0.0
MULTISTAGE_50E,MULTISTAGE_50E/S1_TP_z04_C2,0.7,fixed_shift,3,False,False,False,,,,,,,0,,0,0,,3,0,0.0
MULTISTAGE_50E,MULTISTAGE_50E/S1_TP_z04_C2,0.7,pchp_method,3,False,False,False,,,,,,,0,,0,0,,3,0,0.0
MULTISTAGE_50E,MULTISTAGE_50E/S1_TP_z04_C2,0.8,protected_state,3,False,False,False,,,,,,,0,,0,0,,3,0,0.0
MULTISTAGE_50E,MULTISTAGE_50E/S1_TP_z04_C2,0.8,fixed_shift,3,False,False,False,,,,,,,0,,0,0,,3,0,0.0
MULTISTAGE_50E,MULTISTAGE_50E/S1_TP_z04_C2,0.8,pchp_method,3,False,False,False,,,,,,,0,,0,0,,3,0,0.0
MULTISTAGE_50E,MULTISTAGE_50E/S1_TP_z04_C2,0.9,protected_state,3,False,False,False,,,,,,,0,,0,0,,3,0,0.0
MULTISTAGE_50E,MULTISTAGE_50E/S1_TP_z04_C2,0.9,fixed_shift,3,False,False,False,,,,,,,0,,0,0,,3,0,0.0
MULTISTAGE_50E,MULTISTAGE_50E/S1_TP_z04_C2,0.9,pchp_method,3,False,False,False,,,,,,,0,,0,0,,3,0,0.0
MULTISTAGE_50E,MULTISTAGE_50E/S1_TP_z04_C3,0.7,protected_state,2,False,False,False,,,,,,,0,,0,0,,2,0,0.0
MULTISTAGE_50E,MULTISTAGE_50E/S1_TP_z04_C3,0.7,fixed_shift,2,False,False,False,,,,,,,0,,0,0,,2,0,0.0
MULTISTAGE_50E,MULTISTAGE_50E/S1_TP_z04_C3,0.7,pchp_method,2,False,False,False,,,,,,,0,,0,0,,2,0,0.0
MULTISTAGE_50E,MULTISTAGE_50E/S1_TP_z04_C3,0.8,protected_state,2,False,False,False,,,,,,,0,,0,0,,2,0,0.0
MULTISTAGE_50E,MULTISTAGE_50E/S1_TP_z04_C3,0.8,fixed_shift,2,False,False,False,,,,,,,0,,0,0,,2,0,0.0
MULTISTAGE_50E,MULTISTAGE_50E/S1_TP_z04_C3,0.8,pchp_method,2,False,False,False,,,,,,,0,,0,0,,2,0,0.0
MULTISTAGE_50E,MULTISTAGE_50E/S1_TP_z04_C3,0.9,protected_state,2,False,False,False,,,,,,,0,,0,0,,2,0,0.0
MULTISTAGE_50E,MULTISTAGE_50E/S1_TP_z04_C3,0.9,fixed_shift,2,False,False,False,,,,,,,0,,0,0,,2,0,0.0
MULTISTAGE_50E,MULTISTAGE_50E/S1_TP_z04_C3,0.9,pchp_method,2,False,False,False,,,,,,,0,,0,0,,2,0,0.0
MULTISTAGE_50E,MULTISTAGE_50E/S1_TP_z05_C1,0.7,protected_state,8,False,False,False,,,,,,,0,,0,0,,8,0,0.0
MULTISTAGE_50E,MULTISTAGE_50E/S1_TP_z05_C1,0.7,fixed_shift,8,False,False,False,,,,,,,0,,0,0,,8,0,0.0
MULTISTAGE_50E,MULTISTAGE_50E/S1_TP_z05_C1,0.7,pchp_method,8,False,False,False,,,,,,,0,,0,0,,8,0,0.0
MULTISTAGE_50E,MULTISTAGE_50E/S1_TP_z05_C1,0.8,protected_state,8,False,False,False,,,,,,,0,,0,0,,8,0,0.0
MULTISTAGE_50E,MULTISTAGE_50E/S1_TP_z05_C1,0.8,fixed_shift,8,False,False,False,,,,,,,0,,0,0,,8,0,0.0
MULTISTAGE_50E,MULTISTAGE_50E/S1_TP_z05_C1,0.8,pchp_method,8,False,False,False,,,,,,,0,,0,0,,8,0,0.0
MULTISTAGE_50E,MULTISTAGE_50E/S1_TP_z05_C1,0.9,protected_state,8,False,False,False,,,,,,,0,,0,0,,8,0,0.0
MULTISTAGE_50E,MULTISTAGE_50E/S1_TP_z05_C1,0.9,fixed_shift,8,False,False,False,,,,,,,0,,0,0,,8,0,0.0
MULTISTAGE_50E,MULTISTAGE_50E/S1_TP_z05_C1,0.9,pchp_method,8,False,False,False,,,,,,,0,,0,0,,8,0,0.0
MULTISTAGE_50E,MULTISTAGE_50E/S1_TP_z05_C2,0.7,protected_state,8,False,False,False,,,,,,,0,,0,0,,8,0,0.0
MULTISTAGE_50E,MULTISTAGE_50E/S1_TP_z05_C2,0.7,fixed_shift,8,False,False,False,,,,,,,0,,0,0,,8,0,0.0
MULTISTAGE_50E,MULTISTAGE_50E/S1_TP_z05_C2,0.7,pchp_method,8,False,False,False,,,,,,,0,,0,0,,8,0,0.0
MULTISTAGE_50E,MULTISTAGE_50E/S1_TP_z05_C2,0.8,protected_state,8,False,False,False,,,,,,,0,,0,0,,8,0,0.0
MULTISTAGE_50E,MULTISTAGE_50E/S1_TP_z05_C2,0.8,fixed_shift,8,False,False,False,,,,,,,0,,0,0,,8,0,0.0
MULTISTAGE_50E,MULTISTAGE_50E/S1_TP_z05_C2,0.8,pchp_method,8,False,False,False,,,,,,,0,,0,0,,8,0,0.0
MULTISTAGE_50E,MULTISTAGE_50E/S1_TP_z05_C2,0.9,protected_state,8,False,False,False,,,,,,,0,,0,0,,8,0,0.0
MULTISTAGE_50E,MULTISTAGE_50E/S1_TP_z05_C2,0.9,fixed_shift,8,False,False,False,,,,,,,0,,0,0,,8,0,0.0
MULTISTAGE_50E,MULTISTAGE_50E/S1_TP_z05_C2,0.9,pchp_method,8,False,False,False,,,,,,,0,,0,0,,8,0,0.0
MULTISTAGE_50E,MULTISTAGE_50E/S1_TP_z05_C3,0.7,protected_state,8,False,False,False,,,,,,,0,,0,0,,8,0,0.0
MULTISTAGE_50E,MULTISTAGE_50E/S1_TP_z05_C3,0.7,fixed_shift,8,False,False,False,,,,,,,0,,0,0,,8,0,0.0
MULTISTAGE_50E,MULTISTAGE_50E/S1_TP_z05_C3,0.7,pchp_method,8,False,False,False,,,,,,,0,,0,0,,8,0,0.0
MULTISTAGE_50E,MULTISTAGE_50E/S1_TP_z05_C3,0.8,protected_state,8,False,False,False,,,,,,,0,,0,0,,8,0,0.0
MULTISTAGE_50E,MULTISTAGE_50E/S1_TP_z05_C3,0.8,fixed_shift,8,False,False,False,,,,,,,0,,0,0,,8,0,0.0
MULTISTAGE_50E,MULTISTAGE_50E/S1_TP_z05_C3,0.8,pchp_method,8,False,False,False,,,,,,,0,,0,0,,8,0,0.0
MULTISTAGE_50E,MULTISTAGE_50E/S1_TP_z05_C3,0.9,protected_state,8,False,False,False,,,,,,,0,,0,0,,8,0,0.0
MULTISTAGE_50E,MULTISTAGE_50E/S1_TP_z05_C3,0.9,fixed_shift,8,False,False,False,,,,,,,0,,0,0,,8,0,0.0
MULTISTAGE_50E,MULTISTAGE_50E/S1_TP_z05_C3,0.9,pchp_method,8,False,False,False,,,,,,,0,,0,0,,8,0,0.0
MULTISTAGE_50E,MULTISTAGE_50E/S1_TP_z06_C1,0.7,protected_state,8,False,False,False,,,,,,,0,,0,0,,8,0,0.0
MULTISTAGE_50E,MULTISTAGE_50E/S1_TP_z06_C1,0.7,fixed_shift,8,False,False,False,,,,,,,0,,0,0,,8,0,0.0
MULTISTAGE_50E,MULTISTAGE_50E/S1_TP_z06_C1,0.7,pchp_method,8,False,False,False,,,,,,,0,,0,0,,8,0,0.0
MULTISTAGE_50E,MULTISTAGE_50E/S1_TP_z06_C1,0.8,protected_state,8,False,False,False,,,,,,,0,,0,0,,8,0,0.0
MULTISTAGE_50E,MULTISTAGE_50E/S1_TP_z06_C1,0.8,fixed_shift,8,False,False,False,,,,,,,0,,0,0,,8,0,0.0
MULTISTAGE_50E,MULTISTAGE_50E/S1_TP_z06_C1,0.8,pchp_method,8,False,False,False,,,,,,,0,,0,0,,8,0,0.0
MULTISTAGE_50E,MULTISTAGE_50E/S1_TP_z06_C1,0.9,protected_state,8,False,False,False,,,,,,,0,,0,0,,8,0,0.0
MULTISTAGE_50E,MULTISTAGE_50E/S1_TP_z06_C1,0.9,fixed_shift,8,False,False,False,,,,,,,0,,0,0,,8,0,0.0
MULTISTAGE_50E,MULTISTAGE_50E/S1_TP_z06_C1,0.9,pchp_method,8,False,False,False,,,,,,,0,,0,0,,8,0,0.0
MULTISTAGE_50E,MULTISTAGE_50E/S1_TP_z06_C2,0.7,protected_state,8,False,False,False,,,,,,,0,,0,0,,8,0,0.0
MULTISTAGE_50E,MULTISTAGE_50E/S1_TP_z06_C2,0.7,fixed_shift,8,False,False,False,,,,,,,0,,0,0,,8,0,0.0
MULTISTAGE_50E,MULTISTAGE_50E/S1_TP_z06_C2,0.7,pchp_method,8,False,False,False,,,,,,,0,,0,0,,8,0,0.0
MULTISTAGE_50E,MULTISTAGE_50E/S1_TP_z06_C2,0.8,protected_state,8,False,False,False,,,,,,,0,,0,0,,8,0,0.0
MULTISTAGE_50E,MULTISTAGE_50E/S1_TP_z06_C2,0.8,fixed_shift,8,False,False,False,,,,,,,0,,0,0,,8,0,0.0
MULTISTAGE_50E,MULTISTAGE_50E/S1_TP_z06_C2,0.8,pchp_method,8,False,False,False,,,,,,,0,,0,0,,8,0,0.0
MULTISTAGE_50E,MULTISTAGE_50E/S1_TP_z06_C2,0.9,protected_state,8,False,False,False,,,,,,,0,,0,0,,8,0,0.0
MULTISTAGE_50E,MULTISTAGE_50E/S1_TP_z06_C2,0.9,fixed_shift,8,False,False,False,,,,,,,0,,0,0,,8,0,0.0
MULTISTAGE_50E,MULTISTAGE_50E/S1_TP_z06_C2,0.9,pchp_method,8,False,False,False,,,,,,,0,,0,0,,8,0,0.0
MULTISTAGE_50E,MULTISTAGE_50E/S1_TP_z06_C3,0.7,protected_state,8,False,False,False,,,,,,,0,,0,0,,8,0,0.0
MULTISTAGE_50E,MULTISTAGE_50E/S1_TP_z06_C3,0.7,fixed_shift,8,False,False,False,,,,,,,0,,0,0,,8,0,0.0
MULTISTAGE_50E,MULTISTAGE_50E/S1_TP_z06_C3,0.7,pchp_method,8,False,False,False,,,,,,,0,,0,0,,8,0,0.0
MULTISTAGE_50E,MULTISTAGE_50E/S1_TP_z06_C3,0.8,protected_state,8,False,False,False,,,,,,,0,,0,0,,8,0,0.0
MULTISTAGE_50E,MULTISTAGE_50E/S1_TP_z06_C3,0.8,fixed_shift,8,False,False,False,,,,,,,0,,0,0,,8,0,0.0
MULTISTAGE_50E,MULTISTAGE_50E/S1_TP_z06_C3,0.8,pchp_method,8,False,False,False,,,,,,,0,,0,0,,8,0,0.0
MULTISTAGE_50E,MULTISTAGE_50E/S1_TP_z06_C3,0.9,protected_state,8,False,False,False,,,,,,,0,,0,0,,8,0,0.0
MULTISTAGE_50E,MULTISTAGE_50E/S1_TP_z06_C3,0.9,fixed_shift,8,False,False,False,,,,,,,0,,0,0,,8,0,0.0
MULTISTAGE_50E,MULTISTAGE_50E/S1_TP_z06_C3,0.9,pchp_method,8,False,False,False,,,,,,,0,,0,0,,8,0,0.0
MULTISTAGE_50E,MULTISTAGE_50E/S1_TP_z07_C1,0.7,protected_state,8,False,False,False,,,,,,,0,,0,0,,8,0,0.0
MULTISTAGE_50E,MULTISTAGE_50E/S1_TP_z07_C1,0.7,fixed_shift,8,False,False,False,,,,,,,0,,0,0,,8,0,0.0
MULTISTAGE_50E,MULTISTAGE_50E/S1_TP_z07_C1,0.7,pchp_method,8,False,False,False,,,,,,,0,,0,0,,8,0,0.0
MULTISTAGE_50E,MULTISTAGE_50E/S1_TP_z07_C1,0.8,protected_state,8,False,False,False,,,,,,,0,,0,0,,8,0,0.0
MULTISTAGE_50E,MULTISTAGE_50E/S1_TP_z07_C1,0.8,fixed_shift,8,False,False,False,,,,,,,0,,0,0,,8,0,0.0
MULTISTAGE_50E,MULTISTAGE_50E/S1_TP_z07_C1,0.8,pchp_method,8,False,False,False,,,,,,,0,,0,0,,8,0,0.0
MULTISTAGE_50E,MULTISTAGE_50E/S1_TP_z07_C1,0.9,protected_state,8,False,False,False,,,,,,,0,,0,0,,8,0,0.0
MULTISTAGE_50E,MULTISTAGE_50E/S1_TP_z07_C1,0.9,fixed_shift,8,False,False,False,,,,,,,0,,0,0,,8,0,0.0
MULTISTAGE_50E,MULTISTAGE_50E/S1_TP_z07_C1,0.9,pchp_method,8,False,False,False,,,,,,,0,,0,0,,8,0,0.0
MULTISTAGE_50E,MULTISTAGE_50E/S1_TP_z07_C2,0.7,protected_state,8,False,False,False,,,,,,,0,,0,0,,8,0,0.0
MULTISTAGE_50E,MULTISTAGE_50E/S1_TP_z07_C2,0.7,fixed_shift,8,False,False,False,,,,,,,0,,0,0,,8,0,0.0
MULTISTAGE_50E,MULTISTAGE_50E/S1_TP_z07_C2,0.7,pchp_method,8,False,False,False,,,,,,,0,,0,0,,8,0,0.0
MULTISTAGE_50E,MULTISTAGE_50E/S1_TP_z07_C2,0.8,protected_state,8,False,False,False,,,,,,,0,,0,0,,8,0,0.0
MULTISTAGE_50E,MULTISTAGE_50E/S1_TP_z07_C2,0.8,fixed_shift,8,False,False,False,,,,,,,0,,0,0,,8,0,0.0
MULTISTAGE_50E,MULTISTAGE_50E/S1_TP_z07_C2,0.8,pchp_method,8,False,False,False,,,,,,,0,,0,0,,8,0,0.0
MULTISTAGE_50E,MULTISTAGE_50E/S1_TP_z07_C2,0.9,protected_state,8,False,False,False,,,,,,,0,,0,0,,8,0,0.0
MULTISTAGE_50E,MULTISTAGE_50E/S1_TP_z07_C2,0.9,fixed_shift,8,False,False,False,,,,,,,0,,0,0,,8,0,0.0
MULTISTAGE_50E,MULTISTAGE_50E/S1_TP_z07_C2,0.9,pchp_method,8,False,False,False,,,,,,,0,,0,0,,8,0,0.0
MULTISTAGE_50E,MULTISTAGE_50E/S1_TP_z07_C3,0.7,protected_state,8,False,False,False,,,,,,,0,,0,0,,8,0,0.0
MULTISTAGE_50E,MULTISTAGE_50E/S1_TP_z07_C3,0.7,fixed_shift,8,False,False,False,,,,,,,0,,0,0,,8,0,0.0
MULTISTAGE_50E,MULTISTAGE_50E/S1_TP_z07_C3,0.7,pchp_method,8,False,False,False,,,,,,,0,,0,0,,8,0,0.0
MULTISTAGE_50E,MULTISTAGE_50E/S1_TP_z07_C3,0.8,protected_state,8,False,False,False,,,,,,,0,,0,0,,8,0,0.0
MULTISTAGE_50E,MULTISTAGE_50E/S1_TP_z07_C3,0.8,fixed_shift,8,False,False,False,,,,,,,0,,0,0,,8,0,0.0
MULTISTAGE_50E,MULTISTAGE_50E/S1_TP_z07_C3,0.8,pchp_method,8,False,False,False,,,,,,,0,,0,0,,8,0,0.0
MULTISTAGE_50E,MULTISTAGE_50E/S1_TP_z07_C3,0.9,protected_state,8,False,False,False,,,,,,,0,,0,0,,8,0,0.0
MULTISTAGE_50E,MULTISTAGE_50E/S1_TP_z07_C3,0.9,fixed_shift,8,False,False,False,,,,,,,0,,0,0,,8,0,0.0
MULTISTAGE_50E,MULTISTAGE_50E/S1_TP_z07_C3,0.9,pchp_method,8,False,False,False,,,,,,,0,,0,0,,8,0,0.0
MULTISTAGE_50E,MULTISTAGE_50E/S1_TP_z08_C1,0.7,protected_state,8,False,False,False,,,,,,,0,,0,0,,8,0,0.0
MULTISTAGE_50E,MULTISTAGE_50E/S1_TP_z08_C1,0.7,fixed_shift,8,False,False,False,,,,,,,0,,0,0,,8,0,0.0
MULTISTAGE_50E,MULTISTAGE_50E/S1_TP_z08_C1,0.7,pchp_method,8,False,False,False,,,,,,,0,,0,0,,8,0,0.0
MULTISTAGE_50E,MULTISTAGE_50E/S1_TP_z08_C1,0.8,protected_state,8,False,False,False,,,,,,,0,,0,0,,8,0,0.0
MULTISTAGE_50E,MULTISTAGE_50E/S1_TP_z08_C1,0.8,fixed_shift,8,False,False,False,,,,,,,0,,0,0,,8,0,0.0
MULTISTAGE_50E,MULTISTAGE_50E/S1_TP_z08_C1,0.8,pchp_method,8,False,False,False,,,,,,,0,,0,0,,8,0,0.0
MULTISTAGE_50E,MULTISTAGE_50E/S1_TP_z08_C1,0.9,protected_state,8,False,False,False,,,,,,,0,,0,0,,8,0,0.0
MULTISTAGE_50E,MULTISTAGE_50E/S1_TP_z08_C1,0.9,fixed_shift,8,False,False,False,,,,,,,0,,0,0,,8,0,0.0
MULTISTAGE_50E,MULTISTAGE_50E/S1_TP_z08_C1,0.9,pchp_method,8,False,False,False,,,,,,,0,,0,0,,8,0,0.0
MULTISTAGE_50E,MULTISTAGE_50E/S1_TP_z08_C2,0.7,protected_state,8,False,False,False,,,,,,,0,,0,0,,8,0,0.0
MULTISTAGE_50E,MULTISTAGE_50E/S1_TP_z08_C2,0.7,fixed_shift,8,False,False,False,,,,,,,0,,0,0,,8,0,0.0
MULTISTAGE_50E,MULTISTAGE_50E/S1_TP_z08_C2,0.7,pchp_method,8,False,False,False,,,,,,,0,,0,0,,8,0,0.0
MULTISTAGE_50E,MULTISTAGE_50E/S1_TP_z08_C2,0.8,protected_state,8,False,False,False,,,,,,,0,,0,0,,8,0,0.0
MULTISTAGE_50E,MULTISTAGE_50E/S1_TP_z08_C2,0.8,fixed_shift,8,False,False,False,,,,,,,0,,0,0,,8,0,0.0
MULTISTAGE_50E,MULTISTAGE_50E/S1_TP_z08_C2,0.8,pchp_method,8,False,False,False,,,,,,,0,,0,0,,8,0,0.0
MULTISTAGE_50E,MULTISTAGE_50E/S1_TP_z08_C2,0.9,protected_state,8,False,False,False,,,,,,,0,,0,0,,8,0,0.0
MULTISTAGE_50E,MULTISTAGE_50E/S1_TP_z08_C2,0.9,fixed_shift,8,False,False,False,,,,,,,0,,0,0,,8,0,0.0
MULTISTAGE_50E,MULTISTAGE_50E/S1_TP_z08_C2,0.9,pchp_method,8,False,False,False,,,,,,,0,,0,0,,8,0,0.0
MULTISTAGE_50E,MULTISTAGE_50E/S1_TP_z08_C3,0.7,protected_state,8,False,False,False,,,,,,,0,,0,0,,8,0,0.0
MULTISTAGE_50E,MULTISTAGE_50E/S1_TP_z08_C3,0.7,fixed_shift,8,False,False,False,,,,,,,0,,0,0,,8,0,0.0
MULTISTAGE_50E,MULTISTAGE_50E/S1_TP_z08_C3,0.7,pchp_method,8,False,False,False,,,,,,,0,,0,0,,8,0,0.0
MULTISTAGE_50E,MULTISTAGE_50E/S1_TP_z08_C3,0.8,protected_state,8,False,False,False,,,,,,,0,,0,0,,8,0,0.0
MULTISTAGE_50E,MULTISTAGE_50E/S1_TP_z08_C3,0.8,fixed_shift,8,False,False,False,,,,,,,0,,0,0,,8,0,0.0
MULTISTAGE_50E,MULTISTAGE_50E/S1_TP_z08_C3,0.8,pchp_method,8,False,False,False,,,,,,,0,,0,0,,8,0,0.0
MULTISTAGE_50E,MULTISTAGE_50E/S1_TP_z08_C3,0.9,protected_state,8,False,False,False,,,,,,,0,,0,0,,8,0,0.0
MULTISTAGE_50E,MULTISTAGE_50E/S1_TP_z08_C3,0.9,fixed_shift,8,False,False,False,,,,,,,0,,0,0,,8,0,0.0
MULTISTAGE_50E,MULTISTAGE_50E/S1_TP_z08_C3,0.9,pchp_method,8,False,False,False,,,,,,,0,,0,0,,8,0,0.0
MULTISTAGE_50E,MULTISTAGE_50E/S1_TP_z09_C1,0.7,protected_state,8,False,False,False,,,,,,,0,,0,0,,8,0,0.0
MULTISTAGE_50E,MULTISTAGE_50E/S1_TP_z09_C1,0.7,fixed_shift,8,False,False,False,,,,,,,0,,0,0,,8,0,0.0
MULTISTAGE_50E,MULTISTAGE_50E/S1_TP_z09_C1,0.7,pchp_method,8,False,False,False,,,,,,,0,,0,0,,8,0,0.0
MULTISTAGE_50E,MULTISTAGE_50E/S1_TP_z09_C1,0.8,protected_state,8,False,False,False,,,,,,,0,,0,0,,8,0,0.0
MULTISTAGE_50E,MULTISTAGE_50E/S1_TP_z09_C1,0.8,fixed_shift,8,False,False,False,,,,,,,0,,0,0,,8,0,0.0
MULTISTAGE_50E,MULTISTAGE_50E/S1_TP_z09_C1,0.8,pchp_method,8,False,False,False,,,,,,,0,,0,0,,8,0,0.0
MULTISTAGE_50E,MULTISTAGE_50E/S1_TP_z09_C1,0.9,protected_state,8,False,False,False,,,,,,,0,,0,0,,8,0,0.0
MULTISTAGE_50E,MULTISTAGE_50E/S1_TP_z09_C1,0.9,fixed_shift,8,False,False,False,,,,,,,0,,0,0,,8,0,0.0
MULTISTAGE_50E,MULTISTAGE_50E/S1_TP_z09_C1,0.9,pchp_method,8,False,False,False,,,,,,,0,,0,0,,8,0,0.0
MULTISTAGE_50E,MULTISTAGE_50E/S1_TP_z09_C2,0.7,protected_state,8,False,False,False,,,,,,,0,,0,0,,8,0,0.0
MULTISTAGE_50E,MULTISTAGE_50E/S1_TP_z09_C2,0.7,fixed_shift,8,False,False,False,,,,,,,0,,0,0,,8,0,0.0
MULTISTAGE_50E,MULTISTAGE_50E/S1_TP_z09_C2,0.7,pchp_method,8,False,False,False,,,,,,,0,,0,0,,8,0,0.0
MULTISTAGE_50E,MULTISTAGE_50E/S1_TP_z09_C2,0.8,protected_state,8,False,False,False,,,,,,,0,,0,0,,8,0,0.0
MULTISTAGE_50E,MULTISTAGE_50E/S1_TP_z09_C2,0.8,fixed_shift,8,False,False,False,,,,,,,0,,0,0,,8,0,0.0
MULTISTAGE_50E,MULTISTAGE_50E/S1_TP_z09_C2,0.8,pchp_method,8,False,False,False,,,,,,,0,,0,0,,8,0,0.0
MULTISTAGE_50E,MULTISTAGE_50E/S1_TP_z09_C2,0.9,protected_state,8,False,False,False,,,,,,,0,,0,0,,8,0,0.0
MULTISTAGE_50E,MULTISTAGE_50E/S1_TP_z09_C2,0.9,fixed_shift,8,False,False,False,,,,,,,0,,0,0,,8,0,0.0
MULTISTAGE_50E,MULTISTAGE_50E/S1_TP_z09_C2,0.9,pchp_method,8,False,False,False,,,,,,,0,,0,0,,8,0,0.0
MULTISTAGE_50E,MULTISTAGE_50E/S1_TP_z09_C3,0.7,protected_state,8,False,False,False,,,,,,,0,,0,0,,8,0,0.0
MULTISTAGE_50E,MULTISTAGE_50E/S1_TP_z09_C3,0.7,fixed_shift,8,False,False,False,,,,,,,0,,0,0,,8,0,0.0
MULTISTAGE_50E,MULTISTAGE_50E/S1_TP_z09_C3,0.7,pchp_method,8,False,False,False,,,,,,,0,,0,0,,8,0,0.0
MULTISTAGE_50E,MULTISTAGE_50E/S1_TP_z09_C3,0.8,protected_state,8,False,False,False,,,,,,,0,,0,0,,8,0,0.0
MULTISTAGE_50E,MULTISTAGE_50E/S1_TP_z09_C3,0.8,fixed_shift,8,False,False,False,,,,,,,0,,0,0,,8,0,0.0
MULTISTAGE_50E,MULTISTAGE_50E/S1_TP_z09_C3,0.8,pchp_method,8,False,False,False,,,,,,,0,,0,0,,8,0,0.0
MULTISTAGE_50E,MULTISTAGE_50E/S1_TP_z09_C3,0.9,protected_state,8,False,False,False,,,,,,,0,,0,0,,8,0,0.0
MULTISTAGE_50E,MULTISTAGE_50E/S1_TP_z09_C3,0.9,fixed_shift,8,False,False,False,,,,,,,0,,0,0,,8,0,0.0
MULTISTAGE_50E,MULTISTAGE_50E/S1_TP_z09_C3,0.9,pchp_method,8,False,False,False,,,,,,,0,,0,0,,8,0,0.0
MULTISTAGE_50E,MULTISTAGE_50E/S1_TP_z10_C1,0.7,protected_state,8,False,False,False,,,,,,,0,,0,0,,8,0,0.0
MULTISTAGE_50E,MULTISTAGE_50E/S1_TP_z10_C1,0.7,fixed_shift,8,False,False,False,,,,,,,0,,0,0,,8,0,0.0
MULTISTAGE_50E,MULTISTAGE_50E/S1_TP_z10_C1,0.7,pchp_method,8,False,False,False,,,,,,,0,,0,0,,8,0,0.0
MULTISTAGE_50E,MULTISTAGE_50E/S1_TP_z10_C1,0.8,protected_state,8,False,False,False,,,,,,,0,,0,0,,8,0,0.0
MULTISTAGE_50E,MULTISTAGE_50E/S1_TP_z10_C1,0.8,fixed_shift,8,False,False,False,,,,,,,0,,0,0,,8,0,0.0
MULTISTAGE_50E,MULTISTAGE_50E/S1_TP_z10_C1,0.8,pchp_method,8,False,False,False,,,,,,,0,,0,0,,8,0,0.0
MULTISTAGE_50E,MULTISTAGE_50E/S1_TP_z10_C1,0.9,protected_state,8,False,False,False,,,,,,,0,,0,0,,8,0,0.0
MULTISTAGE_50E,MULTISTAGE_50E/S1_TP_z10_C1,0.9,fixed_shift,8,False,False,False,,,,,,,0,,0,0,,8,0,0.0
MULTISTAGE_50E,MULTISTAGE_50E/S1_TP_z10_C1,0.9,pchp_method,8,False,False,False,,,,,,,0,,0,0,,8,0,0.0
MULTISTAGE_50E,MULTISTAGE_50E/S1_TP_z10_C2,0.7,protected_state,8,False,False,False,,,,,,,0,,0,0,,8,0,0.0
MULTISTAGE_50E,MULTISTAGE_50E/S1_TP_z10_C2,0.7,fixed_shift,8,False,False,False,,,,,,,0,,0,0,,8,0,0.0
MULTISTAGE_50E,MULTISTAGE_50E/S1_TP_z10_C2,0.7,pchp_method,8,False,False,False,,,,,,,0,,0,0,,8,0,0.0
MULTISTAGE_50E,MULTISTAGE_50E/S1_TP_z10_C2,0.8,protected_state,8,False,False,False,,,,,,,0,,0,0,,8,0,0.0
MULTISTAGE_50E,MULTISTAGE_50E/S1_TP_z10_C2,0.8,fixed_shift,8,False,False,False,,,,,,,0,,0,0,,8,0,0.0
MULTISTAGE_50E,MULTISTAGE_50E/S1_TP_z10_C2,0.8,pchp_method,8,False,False,False,,,,,,,0,,0,0,,8,0,0.0
MULTISTAGE_50E,MULTISTAGE_50E/S1_TP_z10_C2,0.9,protected_state,8,False,False,False,,,,,,,0,,0,0,,8,0,0.0
MULTISTAGE_50E,MULTISTAGE_50E/S1_TP_z10_C2,0.9,fixed_shift,8,False,False,False,,,,,,,0,,0,0,,8,0,0.0
MULTISTAGE_50E,MULTISTAGE_50E/S1_TP_z10_C2,0.9,pchp_method,8,False,False,False,,,,,,,0,,0,0,,8,0,0.0
MULTISTAGE_50E,MULTISTAGE_50E/S1_TP_z10_C3,0.7,protected_state,8,False,False,False,,,,,,,0,,0,0,,8,0,0.0
MULTISTAGE_50E,MULTISTAGE_50E/S1_TP_z10_C3,0.7,fixed_shift,8,False,False,False,,,,,,,0,,0,0,,8,0,0.0
MULTISTAGE_50E,MULTISTAGE_50E/S1_TP_z10_C3,0.7,pchp_method,8,False,False,False,,,,,,,0,,0,0,,8,0,0.0
MULTISTAGE_50E,MULTISTAGE_50E/S1_TP_z10_C3,0.8,protected_state,8,False,False,False,,,,,,,0,,0,0,,8,0,0.0
MULTISTAGE_50E,MULTISTAGE_50E/S1_TP_z10_C3,0.8,fixed_shift,8,False,False,False,,,,,,,0,,0,0,,8,0,0.0
MULTISTAGE_50E,MULTISTAGE_50E/S1_TP_z10_C3,0.8,pchp_method,8,False,False,False,,,,,,,0,,0,0,,8,0,0.0
MULTISTAGE_50E,MULTISTAGE_50E/S1_TP_z10_C3,0.9,protected_state,8,False,False,False,,,,,,,0,,0,0,,8,0,0.0
MULTISTAGE_50E,MULTISTAGE_50E/S1_TP_z10_C3,0.9,fixed_shift,8,False,False,False,,,,,,,0,,0,0,,8,0,0.0
MULTISTAGE_50E,MULTISTAGE_50E/S1_TP_z10_C3,0.9,pchp_method,8,False,False,False,,,,,,,0,,0,0,,8,0,0.0
MULTISTAGE_50E,MULTISTAGE_50E/S1_TP_z11_C1,0.7,protected_state,8,False,False,False,,,,,,,0,,0,0,,8,0,0.0
MULTISTAGE_50E,MULTISTAGE_50E/S1_TP_z11_C1,0.7,fixed_shift,8,False,False,False,,,,,,,0,,0,0,,8,0,0.0
MULTISTAGE_50E,MULTISTAGE_50E/S1_TP_z11_C1,0.7,pchp_method,8,False,False,False,,,,,,,0,,0,0,,8,0,0.0
MULTISTAGE_50E,MULTISTAGE_50E/S1_TP_z11_C1,0.8,protected_state,8,False,False,False,,,,,,,0,,0,0,,8,0,0.0
MULTISTAGE_50E,MULTISTAGE_50E/S1_TP_z11_C1,0.8,fixed_shift,8,False,False,False,,,,,,,0,,0,0,,8,0,0.0
MULTISTAGE_50E,MULTISTAGE_50E/S1_TP_z11_C1,0.8,pchp_method,8,False,False,False,,,,,,,0,,0,0,,8,0,0.0
MULTISTAGE_50E,MULTISTAGE_50E/S1_TP_z11_C1,0.9,protected_state,8,False,False,False,,,,,,,0,,0,0,,8,0,0.0
MULTISTAGE_50E,MULTISTAGE_50E/S1_TP_z11_C1,0.9,fixed_shift,8,False,False,False,,,,,,,0,,0,0,,8,0,0.0
MULTISTAGE_50E,MULTISTAGE_50E/S1_TP_z11_C1,0.9,pchp_method,8,False,False,False,,,,,,,0,,0,0,,8,0,0.0
MULTISTAGE_50E,MULTISTAGE_50E/S1_TP_z11_C2,0.7,protected_state,8,False,False,False,,,,,,,0,,0,0,,8,0,0.0
MULTISTAGE_50E,MULTISTAGE_50E/S1_TP_z11_C2,0.7,fixed_shift,8,False,False,False,,,,,,,0,,0,0,,8,0,0.0
MULTISTAGE_50E,MULTISTAGE_50E/S1_TP_z11_C2,0.7,pchp_method,8,False,False,False,,,,,,,0,,0,0,,8,0,0.0
MULTISTAGE_50E,MULTISTAGE_50E/S1_TP_z11_C2,0.8,protected_state,8,False,False,False,,,,,,,0,,0,0,,8,0,0.0
MULTISTAGE_50E,MULTISTAGE_50E/S1_TP_z11_C2,0.8,fixed_shift,8,False,False,False,,,,,,,0,,0,0,,8,0,0.0
MULTISTAGE_50E,MULTISTAGE_50E/S1_TP_z11_C2,0.8,pchp_method,8,False,False,False,,,,,,,0,,0,0,,8,0,0.0
MULTISTAGE_50E,MULTISTAGE_50E/S1_TP_z11_C2,0.9,protected_state,8,False,False,False,,,,,,,0,,0,0,,8,0,0.0
MULTISTAGE_50E,MULTISTAGE_50E/S1_TP_z11_C2,0.9,fixed_shift,8,False,False,False,,,,,,,0,,0,0,,8,0,0.0
MULTISTAGE_50E,MULTISTAGE_50E/S1_TP_z11_C2,0.9,pchp_method,8,False,False,False,,,,,,,0,,0,0,,8,0,0.0
MULTISTAGE_50E,MULTISTAGE_50E/S1_TP_z11_C3,0.7,protected_state,8,False,False,False,,,,,,,0,,0,0,,8,0,0.0
MULTISTAGE_50E,MULTISTAGE_50E/S1_TP_z11_C3,0.7,fixed_shift,8,False,False,False,,,,,,,0,,0,0,,8,0,0.0
MULTISTAGE_50E,MULTISTAGE_50E/S1_TP_z11_C3,0.7,pchp_method,8,False,False,False,,,,,,,0,,0,0,,8,0,0.0
MULTISTAGE_50E,MULTISTAGE_50E/S1_TP_z11_C3,0.8,protected_state,8,False,False,False,,,,,,,0,,0,0,,8,0,0.0
MULTISTAGE_50E,MULTISTAGE_50E/S1_TP_z11_C3,0.8,fixed_shift,8,False,False,False,,,,,,,0,,0,0,,8,0,0.0
MULTISTAGE_50E,MULTISTAGE_50E/S1_TP_z11_C3,0.8,pchp_method,8,False,False,False,,,,,,,0,,0,0,,8,0,0.0
MULTISTAGE_50E,MULTISTAGE_50E/S1_TP_z11_C3,0.9,protected_state,8,False,False,False,,,,,,,0,,0,0,,8,0,0.0
MULTISTAGE_50E,MULTISTAGE_50E/S1_TP_z11_C3,0.9,fixed_shift,8,False,False,False,,,,,,,0,,0,0,,8,0,0.0
MULTISTAGE_50E,MULTISTAGE_50E/S1_TP_z11_C3,0.9,pchp_method,8,False,False,False,,,,,,,0,,0,0,,8,0,0.0
MULTISTAGE_50E,MULTISTAGE_50E/S1_TP_z12_C1,0.7,protected_state,8,False,False,False,,,,,,,0,,0,0,,8,0,0.0
MULTISTAGE_50E,MULTISTAGE_50E/S1_TP_z12_C1,0.7,fixed_shift,8,False,False,False,,,,,,,0,,0,0,,8,0,0.0
MULTISTAGE_50E,MULTISTAGE_50E/S1_TP_z12_C1,0.7,pchp_method,8,False,False,False,,,,,,,0,,0,0,,8,0,0.0
MULTISTAGE_50E,MULTISTAGE_50E/S1_TP_z12_C1,0.8,protected_state,8,False,False,False,,,,,,,0,,0,0,,8,0,0.0
MULTISTAGE_50E,MULTISTAGE_50E/S1_TP_z12_C1,0.8,fixed_shift,8,False,False,False,,,,,,,0,,0,0,,8,0,0.0
MULTISTAGE_50E,MULTISTAGE_50E/S1_TP_z12_C1,0.8,pchp_method,8,False,False,False,,,,,,,0,,0,0,,8,0,0.0
MULTISTAGE_50E,MULTISTAGE_50E/S1_TP_z12_C1,0.9,protected_state,8,False,False,False,,,,,,,0,,0,0,,8,0,0.0
MULTISTAGE_50E,MULTISTAGE_50E/S1_TP_z12_C1,0.9,fixed_shift,8,False,False,False,,,,,,,0,,0,0,,8,0,0.0
MULTISTAGE_50E,MULTISTAGE_50E/S1_TP_z12_C1,0.9,pchp_method,8,False,False,False,,,,,,,0,,0,0,,8,0,0.0
MULTISTAGE_50E,MULTISTAGE_50E/S1_TP_z12_C2,0.7,protected_state,8,False,False,False,,,,,,,0,,0,0,,8,0,0.0
MULTISTAGE_50E,MULTISTAGE_50E/S1_TP_z12_C2,0.7,fixed_shift,8,False,False,False,,,,,,,0,,0,0,,8,0,0.0
MULTISTAGE_50E,MULTISTAGE_50E/S1_TP_z12_C2,0.7,pchp_method,8,False,False,False,,,,,,,0,,0,0,,8,0,0.0
MULTISTAGE_50E,MULTISTAGE_50E/S1_TP_z12_C2,0.8,protected_state,8,False,False,False,,,,,,,0,,0,0,,8,0,0.0
MULTISTAGE_50E,MULTISTAGE_50E/S1_TP_z12_C2,0.8,fixed_shift,8,False,False,False,,,,,,,0,,0,0,,8,0,0.0
MULTISTAGE_50E,MULTISTAGE_50E/S1_TP_z12_C2,0.8,pchp_method,8,False,False,False,,,,,,,0,,0,0,,8,0,0.0
MULTISTAGE_50E,MULTISTAGE_50E/S1_TP_z12_C2,0.9,protected_state,8,False,False,False,,,,,,,0,,0,0,,8,0,0.0
MULTISTAGE_50E,MULTISTAGE_50E/S1_TP_z12_C2,0.9,fixed_shift,8,False,False,False,,,,,,,0,,0,0,,8,0,0.0
MULTISTAGE_50E,MULTISTAGE_50E/S1_TP_z12_C2,0.9,pchp_method,8,False,False,False,,,,,,,0,,0,0,,8,0,0.0
MULTISTAGE_50E,MULTISTAGE_50E/S1_TP_z12_C3,0.7,protected_state,8,False,False,False,,,,,,,0,,0,0,,8,0,0.0
MULTISTAGE_50E,MULTISTAGE_50E/S1_TP_z12_C3,0.7,fixed_shift,8,False,False,False,,,,,,,0,,0,0,,8,0,0.0
MULTISTAGE_50E,MULTISTAGE_50E/S1_TP_z12_C3,0.7,pchp_method,8,False,False,False,,,,,,,0,,0,0,,8,0,0.0
MULTISTAGE_50E,MULTISTAGE_50E/S1_TP_z12_C3,0.8,protected_state,8,False,False,False,,,,,,,0,,0,0,,8,0,0.0
MULTISTAGE_50E,MULTISTAGE_50E/S1_TP_z12_C3,0.8,fixed_shift,8,False,False,False,,,,,,,0,,0,0,,8,0,0.0
MULTISTAGE_50E,MULTISTAGE_50E/S1_TP_z12_C3,0.8,pchp_method,8,False,False,False,,,,,,,0,,0,0,,8,0,0.0
MULTISTAGE_50E,MULTISTAGE_50E/S1_TP_z12_C3,0.9,protected_state,8,False,False,False,,,,,,,0,,0,0,,8,0,0.0
MULTISTAGE_50E,MULTISTAGE_50E/S1_TP_z12_C3,0.9,fixed_shift,8,False,False,False,,,,,,,0,,0,0,,8,0,0.0
MULTISTAGE_50E,MULTISTAGE_50E/S1_TP_z12_C3,0.9,pchp_method,8,False,False,False,,,,,,,0,,0,0,,8,0,0.0
MULTISTAGE_50E,MULTISTAGE_50E/S1_TP_z13_C1,0.7,protected_state,8,False,False,False,,,,,,,0,,0,0,,8,0,0.0
MULTISTAGE_50E,MULTISTAGE_50E/S1_TP_z13_C1,0.7,fixed_shift,8,False,False,False,,,,,,,0,,0,0,,8,0,0.0
MULTISTAGE_50E,MULTISTAGE_50E/S1_TP_z13_C1,0.7,pchp_method,8,False,False,False,,,,,,,0,,0,0,,8,0,0.0
MULTISTAGE_50E,MULTISTAGE_50E/S1_TP_z13_C1,0.8,protected_state,8,False,False,False,,,,,,,0,,0,0,,8,0,0.0
MULTISTAGE_50E,MULTISTAGE_50E/S1_TP_z13_C1,0.8,fixed_shift,8,False,False,False,,,,,,,0,,0,0,,8,0,0.0
MULTISTAGE_50E,MULTISTAGE_50E/S1_TP_z13_C1,0.8,pchp_method,8,False,False,False,,,,,,,0,,0,0,,8,0,0.0
MULTISTAGE_50E,MULTISTAGE_50E/S1_TP_z13_C1,0.9,protected_state,8,False,False,False,,,,,,,0,,0,0,,8,0,0.0
MULTISTAGE_50E,MULTISTAGE_50E/S1_TP_z13_C1,0.9,fixed_shift,8,False,False,False,,,,,,,0,,0,0,,8,0,0.0
MULTISTAGE_50E,MULTISTAGE_50E/S1_TP_z13_C1,0.9,pchp_method,8,False,False,False,,,,,,,0,,0,0,,8,0,0.0
MULTISTAGE_50E,MULTISTAGE_50E/S1_TP_z13_C2,0.7,protected_state,8,False,False,False,,,,,,,0,,0,0,,8,0,0.0
MULTISTAGE_50E,MULTISTAGE_50E/S1_TP_z13_C2,0.7,fixed_shift,8,False,False,False,,,,,,,0,,0,0,,8,0,0.0
MULTISTAGE_50E,MULTISTAGE_50E/S1_TP_z13_C2,0.7,pchp_method,8,False,False,False,,,,,,,0,,0,0,,8,0,0.0
MULTISTAGE_50E,MULTISTAGE_50E/S1_TP_z13_C2,0.8,protected_state,8,False,False,False,,,,,,,0,,0,0,,8,0,0.0
MULTISTAGE_50E,MULTISTAGE_50E/S1_TP_z13_C2,0.8,fixed_shift,8,False,False,False,,,,,,,0,,0,0,,8,0,0.0
MULTISTAGE_50E,MULTISTAGE_50E/S1_TP_z13_C2,0.8,pchp_method,8,False,False,False,,,,,,,0,,0,0,,8,0,0.0
MULTISTAGE_50E,MULTISTAGE_50E/S1_TP_z13_C2,0.9,protected_state,8,False,False,False,,,,,,,0,,0,0,,8,0,0.0
MULTISTAGE_50E,MULTISTAGE_50E/S1_TP_z13_C2,0.9,fixed_shift,8,False,False,False,,,,,,,0,,0,0,,8,0,0.0
MULTISTAGE_50E,MULTISTAGE_50E/S1_TP_z13_C2,0.9,pchp_method,8,False,False,False,,,,,,,0,,0,0,,8,0,0.0
MULTISTAGE_50E,MULTISTAGE_50E/S1_TP_z13_C3,0.7,protected_state,8,False,False,False,,,,,,,0,,0,0,,8,0,0.0
MULTISTAGE_50E,MULTISTAGE_50E/S1_TP_z13_C3,0.7,fixed_shift,8,False,False,False,,,,,,,0,,0,0,,8,0,0.0
MULTISTAGE_50E,MULTISTAGE_50E/S1_TP_z13_C3,0.7,pchp_method,8,False,False,False,,,,,,,0,,0,0,,8,0,0.0
MULTISTAGE_50E,MULTISTAGE_50E/S1_TP_z13_C3,0.8,protected_state,8,False,False,False,,,,,,,0,,0,0,,8,0,0.0
MULTISTAGE_50E,MULTISTAGE_50E/S1_TP_z13_C3,0.8,fixed_shift,8,False,False,False,,,,,,,0,,0,0,,8,0,0.0
MULTISTAGE_50E,MULTISTAGE_50E/S1_TP_z13_C3,0.8,pchp_method,8,False,False,False,,,,,,,0,,0,0,,8,0,0.0
MULTISTAGE_50E,MULTISTAGE_50E/S1_TP_z13_C3,0.9,protected_state,8,False,False,False,,,,,,,0,,0,0,,8,0,0.0
MULTISTAGE_50E,MULTISTAGE_50E/S1_TP_z13_C3,0.9,fixed_shift,8,False,False,False,,,,,,,0,,0,0,,8,0,0.0
MULTISTAGE_50E,MULTISTAGE_50E/S1_TP_z13_C3,0.9,pchp_method,8,False,False,False,,,,,,,0,,0,0,,8,0,0.0
MULTISTAGE_50E,MULTISTAGE_50E/S1_TP_z14_C1,0.7,protected_state,8,False,False,False,,,,,,,0,,0,0,,8,0,0.0
MULTISTAGE_50E,MULTISTAGE_50E/S1_TP_z14_C1,0.7,fixed_shift,8,False,False,False,,,,,,,0,,0,0,,8,0,0.0
MULTISTAGE_50E,MULTISTAGE_50E/S1_TP_z14_C1,0.7,pchp_method,8,False,False,False,,,,,,,0,,0,0,,8,0,0.0
MULTISTAGE_50E,MULTISTAGE_50E/S1_TP_z14_C1,0.8,protected_state,8,False,False,False,,,,,,,0,,0,0,,8,0,0.0
MULTISTAGE_50E,MULTISTAGE_50E/S1_TP_z14_C1,0.8,fixed_shift,8,False,False,False,,,,,,,0,,0,0,,8,0,0.0
MULTISTAGE_50E,MULTISTAGE_50E/S1_TP_z14_C1,0.8,pchp_method,8,False,False,False,,,,,,,0,,0,0,,8,0,0.0
MULTISTAGE_50E,MULTISTAGE_50E/S1_TP_z14_C1,0.9,protected_state,8,False,False,False,,,,,,,0,,0,0,,8,0,0.0
MULTISTAGE_50E,MULTISTAGE_50E/S1_TP_z14_C1,0.9,fixed_shift,8,False,False,False,,,,,,,0,,0,0,,8,0,0.0
MULTISTAGE_50E,MULTISTAGE_50E/S1_TP_z14_C1,0.9,pchp_method,8,False,False,False,,,,,,,0,,0,0,,8,0,0.0
MULTISTAGE_50E,MULTISTAGE_50E/S1_TP_z14_C2,0.7,protected_state,8,False,False,False,,,,,,,0,,0,0,,8,0,0.0
MULTISTAGE_50E,MULTISTAGE_50E/S1_TP_z14_C2,0.7,fixed_shift,8,False,False,False,,,,,,,0,,0,0,,8,0,0.0
MULTISTAGE_50E,MULTISTAGE_50E/S1_TP_z14_C2,0.7,pchp_method,8,False,False,False,,,,,,,0,,0,0,,8,0,0.0
MULTISTAGE_50E,MULTISTAGE_50E/S1_TP_z14_C2,0.8,protected_state,8,False,False,False,,,,,,,0,,0,0,,8,0,0.0
MULTISTAGE_50E,MULTISTAGE_50E/S1_TP_z14_C2,0.8,fixed_shift,8,False,False,False,,,,,,,0,,0,0,,8,0,0.0
MULTISTAGE_50E,MULTISTAGE_50E/S1_TP_z14_C2,0.8,pchp_method,8,False,False,False,,,,,,,0,,0,0,,8,0,0.0
MULTISTAGE_50E,MULTISTAGE_50E/S1_TP_z14_C2,0.9,protected_state,8,False,False,False,,,,,,,0,,0,0,,8,0,0.0
MULTISTAGE_50E,MULTISTAGE_50E/S1_TP_z14_C2,0.9,fixed_shift,8,False,False,False,,,,,,,0,,0,0,,8,0,0.0
MULTISTAGE_50E,MULTISTAGE_50E/S1_TP_z14_C2,0.9,pchp_method,8,False,False,False,,,,,,,0,,0,0,,8,0,0.0
MULTISTAGE_50E,MULTISTAGE_50E/S1_TP_z14_C3,0.7,protected_state,8,False,False,False,,,,,,,0,,0,0,,8,0,0.0
MULTISTAGE_50E,MULTISTAGE_50E/S1_TP_z14_C3,0.7,fixed_shift,8,False,False,False,,,,,,,0,,0,0,,8,0,0.0
MULTISTAGE_50E,MULTISTAGE_50E/S1_TP_z14_C3,0.7,pchp_method,8,False,False,False,,,,,,,0,,0,0,,8,0,0.0
MULTISTAGE_50E,MULTISTAGE_50E/S1_TP_z14_C3,0.8,protected_state,8,False,False,False,,,,,,,0,,0,0,,8,0,0.0
MULTISTAGE_50E,MULTISTAGE_50E/S1_TP_z14_C3,0.8,fixed_shift,8,False,False,False,,,,,,,0,,0,0,,8,0,0.0
MULTISTAGE_50E,MULTISTAGE_50E/S1_TP_z14_C3,0.8,pchp_method,8,False,False,False,,,,,,,0,,0,0,,8,0,0.0
MULTISTAGE_50E,MULTISTAGE_50E/S1_TP_z14_C3,0.9,protected_state,8,False,False,False,,,,,,,0,,0,0,,8,0,0.0
MULTISTAGE_50E,MULTISTAGE_50E/S1_TP_z14_C3,0.9,fixed_shift,8,False,False,False,,,,,,,0,,0,0,,8,0,0.0
MULTISTAGE_50E,MULTISTAGE_50E/S1_TP_z14_C3,0.9,pchp_method,8,False,False,False,,,,,,,0,,0,0,,8,0,0.0
MULTISTAGE_50E,MULTISTAGE_50E/S1_TP_z15_C1,0.7,protected_state,8,False,False,False,,,,,,,0,,0,0,,8,0,0.0
MULTISTAGE_50E,MULTISTAGE_50E/S1_TP_z15_C1,0.7,fixed_shift,8,False,False,False,,,,,,,0,,0,0,,8,0,0.0
MULTISTAGE_50E,MULTISTAGE_50E/S1_TP_z15_C1,0.7,pchp_method,8,False,False,False,,,,,,,0,,0,0,,8,0,0.0
MULTISTAGE_50E,MULTISTAGE_50E/S1_TP_z15_C1,0.8,protected_state,8,False,False,False,,,,,,,0,,0,0,,8,0,0.0
MULTISTAGE_50E,MULTISTAGE_50E/S1_TP_z15_C1,0.8,fixed_shift,8,False,False,False,,,,,,,0,,0,0,,8,0,0.0
MULTISTAGE_50E,MULTISTAGE_50E/S1_TP_z15_C1,0.8,pchp_method,8,False,False,False,,,,,,,0,,0,0,,8,0,0.0
MULTISTAGE_50E,MULTISTAGE_50E/S1_TP_z15_C1,0.9,protected_state,8,False,False,False,,,,,,,0,,0,0,,8,0,0.0
MULTISTAGE_50E,MULTISTAGE_50E/S1_TP_z15_C1,0.9,fixed_shift,8,False,False,False,,,,,,,0,,0,0,,8,0,0.0
MULTISTAGE_50E,MULTISTAGE_50E/S1_TP_z15_C1,0.9,pchp_method,8,False,False,False,,,,,,,0,,0,0,,8,0,0.0
MULTISTAGE_50E,MULTISTAGE_50E/S1_TP_z15_C2,0.7,protected_state,8,False,False,False,,,,,,,0,,0,0,,8,0,0.0
MULTISTAGE_50E,MULTISTAGE_50E/S1_TP_z15_C2,0.7,fixed_shift,8,False,False,False,,,,,,,0,,0,0,,8,0,0.0
MULTISTAGE_50E,MULTISTAGE_50E/S1_TP_z15_C2,0.7,pchp_method,8,False,False,False,,,,,,,0,,0,0,,8,0,0.0
MULTISTAGE_50E,MULTISTAGE_50E/S1_TP_z15_C2,0.8,protected_state,8,False,False,False,,,,,,,0,,0,0,,8,0,0.0
MULTISTAGE_50E,MULTISTAGE_50E/S1_TP_z15_C2,0.8,fixed_shift,8,False,False,False,,,,,,,0,,0,0,,8,0,0.0
MULTISTAGE_50E,MULTISTAGE_50E/S1_TP_z15_C2,0.8,pchp_method,8,False,False,False,,,,,,,0,,0,0,,8,0,0.0
MULTISTAGE_50E,MULTISTAGE_50E/S1_TP_z15_C2,0.9,protected_state,8,False,False,False,,,,,,,0,,0,0,,8,0,0.0
MULTISTAGE_50E,MULTISTAGE_50E/S1_TP_z15_C2,0.9,fixed_shift,8,False,False,False,,,,,,,0,,0,0,,8,0,0.0
MULTISTAGE_50E,MULTISTAGE_50E/S1_TP_z15_C2,0.9,pchp_method,8,False,False,False,,,,,,,0,,0,0,,8,0,0.0
MULTISTAGE_50E,MULTISTAGE_50E/S1_TP_z15_C3,0.7,protected_state,8,False,False,False,,,,,,,0,,0,0,,8,0,0.0
MULTISTAGE_50E,MULTISTAGE_50E/S1_TP_z15_C3,0.7,fixed_shift,8,False,False,False,,,,,,,0,,0,0,,8,0,0.0
MULTISTAGE_50E,MULTISTAGE_50E/S1_TP_z15_C3,0.7,pchp_method,8,False,False,False,,,,,,,0,,0,0,,8,0,0.0
MULTISTAGE_50E,MULTISTAGE_50E/S1_TP_z15_C3,0.8,protected_state,8,False,False,False,,,,,,,0,,0,0,,8,0,0.0
MULTISTAGE_50E,MULTISTAGE_50E/S1_TP_z15_C3,0.8,fixed_shift,8,False,False,False,,,,,,,0,,0,0,,8,0,0.0
MULTISTAGE_50E,MULTISTAGE_50E/S1_TP_z15_C3,0.8,pchp_method,8,False,False,False,,,,,,,0,,0,0,,8,0,0.0
MULTISTAGE_50E,MULTISTAGE_50E/S1_TP_z15_C3,0.9,protected_state,8,False,False,False,,,,,,,0,,0,0,,8,0,0.0
MULTISTAGE_50E,MULTISTAGE_50E/S1_TP_z15_C3,0.9,fixed_shift,8,False,False,False,,,,,,,0,,0,0,,8,0,0.0
MULTISTAGE_50E,MULTISTAGE_50E/S1_TP_z15_C3,0.9,pchp_method,8,False,False,False,,,,,,,0,,0,0,,8,0,0.0
MULTISTAGE_50E,MULTISTAGE_50E/S1_TP_z16_C1,0.7,protected_state,10,False,False,False,,,,,,,0,,0,0,,10,0,0.0
MULTISTAGE_50E,MULTISTAGE_50E/S1_TP_z16_C1,0.7,fixed_shift,10,False,False,False,,,,,,,0,,0,0,,10,0,0.0
MULTISTAGE_50E,MULTISTAGE_50E/S1_TP_z16_C1,0.7,pchp_method,10,False,False,False,,,,,,,0,,0,0,,10,0,0.0
MULTISTAGE_50E,MULTISTAGE_50E/S1_TP_z16_C1,0.8,protected_state,10,False,False,False,,,,,,,0,,0,0,,10,0,0.0
MULTISTAGE_50E,MULTISTAGE_50E/S1_TP_z16_C1,0.8,fixed_shift,10,False,False,False,,,,,,,0,,0,0,,10,0,0.0
MULTISTAGE_50E,MULTISTAGE_50E/S1_TP_z16_C1,0.8,pchp_method,10,False,False,False,,,,,,,0,,0,0,,10,0,0.0
MULTISTAGE_50E,MULTISTAGE_50E/S1_TP_z16_C1,0.9,protected_state,10,False,False,False,,,,,,,0,,0,0,,10,0,0.0
MULTISTAGE_50E,MULTISTAGE_50E/S1_TP_z16_C1,0.9,fixed_shift,10,False,False,False,,,,,,,0,,0,0,,10,0,0.0
MULTISTAGE_50E,MULTISTAGE_50E/S1_TP_z16_C1,0.9,pchp_method,10,False,False,False,,,,,,,0,,0,0,,10,0,0.0
MULTISTAGE_50E,MULTISTAGE_50E/S1_TP_z16_C2,0.7,protected_state,11,False,False,False,,,,,,,0,,0,0,,11,0,0.0
MULTISTAGE_50E,MULTISTAGE_50E/S1_TP_z16_C2,0.7,fixed_shift,11,False,False,False,,,,,,,0,,0,0,,11,0,0.0
MULTISTAGE_50E,MULTISTAGE_50E/S1_TP_z16_C2,0.7,pchp_method,11,False,False,False,,,,,,,0,,0,0,,11,0,0.0
MULTISTAGE_50E,MULTISTAGE_50E/S1_TP_z16_C2,0.8,protected_state,11,False,False,False,,,,,,,0,,0,0,,11,0,0.0
MULTISTAGE_50E,MULTISTAGE_50E/S1_TP_z16_C2,0.8,fixed_shift,11,False,False,False,,,,,,,0,,0,0,,11,0,0.0
MULTISTAGE_50E,MULTISTAGE_50E/S1_TP_z16_C2,0.8,pchp_method,11,False,False,False,,,,,,,0,,0,0,,11,0,0.0
MULTISTAGE_50E,MULTISTAGE_50E/S1_TP_z16_C2,0.9,protected_state,11,False,False,False,,,,,,,0,,0,0,,11,0,0.0
MULTISTAGE_50E,MULTISTAGE_50E/S1_TP_z16_C2,0.9,fixed_shift,11,False,False,False,,,,,,,0,,0,0,,11,0,0.0
MULTISTAGE_50E,MULTISTAGE_50E/S1_TP_z16_C2,0.9,pchp_method,11,False,False,False,,,,,,,0,,0,0,,11,0,0.0
MULTISTAGE_50E,MULTISTAGE_50E/S1_TP_z16_C3,0.7,protected_state,11,False,False,False,,,,,,,0,,0,0,,11,0,0.0
MULTISTAGE_50E,MULTISTAGE_50E/S1_TP_z16_C3,0.7,fixed_shift,11,False,False,False,,,,,,,0,,0,0,,11,0,0.0
MULTISTAGE_50E,MULTISTAGE_50E/S1_TP_z16_C3,0.7,pchp_method,11,False,False,False,,,,,,,0,,0,0,,11,0,0.0
MULTISTAGE_50E,MULTISTAGE_50E/S1_TP_z16_C3,0.8,protected_state,11,False,False,False,,,,,,,0,,0,0,,11,0,0.0
MULTISTAGE_50E,MULTISTAGE_50E/S1_TP_z16_C3,0.8,fixed_shift,11,False,False,False,,,,,,,0,,0,0,,11,0,0.0
MULTISTAGE_50E,MULTISTAGE_50E/S1_TP_z16_C3,0.8,pchp_method,11,False,False,False,,,,,,,0,,0,0,,11,0,0.0
MULTISTAGE_50E,MULTISTAGE_50E/S1_TP_z16_C3,0.9,protected_state,11,False,False,False,,,,,,,0,,0,0,,11,0,0.0
MULTISTAGE_50E,MULTISTAGE_50E/S1_TP_z16_C3,0.9,fixed_shift,11,False,False,False,,,,,,,0,,0,0,,11,0,0.0
MULTISTAGE_50E,MULTISTAGE_50E/S1_TP_z16_C3,0.9,pchp_method,11,False,False,False,,,,,,,0,,0,0,,11,0,0.0
MULTISTAGE_50E,MULTISTAGE_50E/S1_TP_z17_C1,0.7,protected_state,11,False,False,False,,,,,,,0,,0,0,,11,0,0.0
MULTISTAGE_50E,MULTISTAGE_50E/S1_TP_z17_C1,0.7,fixed_shift,11,False,False,False,,,,,,,0,,0,0,,11,0,0.0
MULTISTAGE_50E,MULTISTAGE_50E/S1_TP_z17_C1,0.7,pchp_method,11,False,False,False,,,,,,,0,,0,0,,11,0,0.0
MULTISTAGE_50E,MULTISTAGE_50E/S1_TP_z17_C1,0.8,protected_state,11,False,False,False,,,,,,,0,,0,0,,11,0,0.0
MULTISTAGE_50E,MULTISTAGE_50E/S1_TP_z17_C1,0.8,fixed_shift,11,False,False,False,,,,,,,0,,0,0,,11,0,0.0
MULTISTAGE_50E,MULTISTAGE_50E/S1_TP_z17_C1,0.8,pchp_method,11,False,False,False,,,,,,,0,,0,0,,11,0,0.0
MULTISTAGE_50E,MULTISTAGE_50E/S1_TP_z17_C1,0.9,protected_state,11,True,False,False,11.0,,1.0,1.0,,1.0,0,0.0,1,1,1.0,10,0,0.0
MULTISTAGE_50E,MULTISTAGE_50E/S1_TP_z17_C1,0.9,fixed_shift,11,True,False,False,11.0,,1.0,1.0,,1.0,0,0.0,1,1,1.0,10,0,0.0
MULTISTAGE_50E,MULTISTAGE_50E/S1_TP_z17_C1,0.9,pchp_method,11,True,False,False,11.0,,1.0,1.0,,1.0,0,0.0,1,1,1.0,10,0,0.0
MULTISTAGE_50E,MULTISTAGE_50E/S1_TP_z17_C2,0.7,protected_state,11,False,False,False,,,,,,,0,,0,0,,11,0,0.0
MULTISTAGE_50E,MULTISTAGE_50E/S1_TP_z17_C2,0.7,fixed_shift,11,False,False,False,,,,,,,0,,0,0,,11,0,0.0
MULTISTAGE_50E,MULTISTAGE_50E/S1_TP_z17_C2,0.7,pchp_method,11,False,False,False,,,,,,,0,,0,0,,11,0,0.0
MULTISTAGE_50E,MULTISTAGE_50E/S1_TP_z17_C2,0.8,protected_state,11,False,False,False,,,,,,,0,,0,0,,11,0,0.0
MULTISTAGE_50E,MULTISTAGE_50E/S1_TP_z17_C2,0.8,fixed_shift,11,False,False,False,,,,,,,0,,0,0,,11,0,0.0
MULTISTAGE_50E,MULTISTAGE_50E/S1_TP_z17_C2,0.8,pchp_method,11,False,False,False,,,,,,,0,,0,0,,11,0,0.0
MULTISTAGE_50E,MULTISTAGE_50E/S1_TP_z17_C2,0.9,protected_state,11,True,False,False,11.0,,1.0,1.0,,1.0,0,0.0,1,1,1.0,10,0,0.0
MULTISTAGE_50E,MULTISTAGE_50E/S1_TP_z17_C2,0.9,fixed_shift,11,True,False,False,11.0,,1.0,1.0,,1.0,0,0.0,1,1,1.0,10,0,0.0
MULTISTAGE_50E,MULTISTAGE_50E/S1_TP_z17_C2,0.9,pchp_method,11,True,False,False,11.0,,1.0,1.0,,1.0,0,0.0,1,1,1.0,10,0,0.0
MULTISTAGE_50E,MULTISTAGE_50E/S1_TP_z17_C3,0.7,protected_state,11,False,False,False,,,,,,,0,,0,0,,11,0,0.0
MULTISTAGE_50E,MULTISTAGE_50E/S1_TP_z17_C3,0.7,fixed_shift,11,False,False,False,,,,,,,0,,0,0,,11,0,0.0
MULTISTAGE_50E,MULTISTAGE_50E/S1_TP_z17_C3,0.7,pchp_method,11,False,False,False,,,,,,,0,,0,0,,11,0,0.0
MULTISTAGE_50E,MULTISTAGE_50E/S1_TP_z17_C3,0.8,protected_state,11,False,False,False,,,,,,,0,,0,0,,11,0,0.0
MULTISTAGE_50E,MULTISTAGE_50E/S1_TP_z17_C3,0.8,fixed_shift,11,False,False,False,,,,,,,0,,0,0,,11,0,0.0
MULTISTAGE_50E,MULTISTAGE_50E/S1_TP_z17_C3,0.8,pchp_method,11,False,False,False,,,,,,,0,,0,0,,11,0,0.0
MULTISTAGE_50E,MULTISTAGE_50E/S1_TP_z17_C3,0.9,protected_state,11,True,False,False,7.0,,5.0,5.0,,1.0,0,0.0,5,5,1.0,6,0,0.0
MULTISTAGE_50E,MULTISTAGE_50E/S1_TP_z17_C3,0.9,fixed_shift,11,True,False,False,7.0,,5.0,5.0,,1.0,0,0.0,5,5,1.0,6,0,0.0
MULTISTAGE_50E,MULTISTAGE_50E/S1_TP_z17_C3,0.9,pchp_method,11,True,False,False,7.0,,5.0,5.0,,1.0,0,0.0,5,5,1.0,6,0,0.0
MULTISTAGE_50E,MULTISTAGE_50E/S1_TP_z18_C1,0.7,protected_state,11,False,False,False,,,,,,,0,,0,0,,11,0,0.0
MULTISTAGE_50E,MULTISTAGE_50E/S1_TP_z18_C1,0.7,fixed_shift,11,False,False,False,,,,,,,0,,0,0,,11,0,0.0
MULTISTAGE_50E,MULTISTAGE_50E/S1_TP_z18_C1,0.7,pchp_method,11,False,False,False,,,,,,,0,,0,0,,11,0,0.0
MULTISTAGE_50E,MULTISTAGE_50E/S1_TP_z18_C1,0.8,protected_state,11,False,False,False,,,,,,,0,,0,0,,11,0,0.0
MULTISTAGE_50E,MULTISTAGE_50E/S1_TP_z18_C1,0.8,fixed_shift,11,False,False,False,,,,,,,0,,0,0,,11,0,0.0
MULTISTAGE_50E,MULTISTAGE_50E/S1_TP_z18_C1,0.8,pchp_method,11,False,False,False,,,,,,,0,,0,0,,11,0,0.0
MULTISTAGE_50E,MULTISTAGE_50E/S1_TP_z18_C1,0.9,protected_state,11,True,False,False,8.0,,4.0,4.0,,1.0,0,0.0,4,4,1.0,7,0,0.0
MULTISTAGE_50E,MULTISTAGE_50E/S1_TP_z18_C1,0.9,fixed_shift,11,True,False,False,8.0,,4.0,4.0,,1.0,0,0.0,4,4,1.0,7,0,0.0
MULTISTAGE_50E,MULTISTAGE_50E/S1_TP_z18_C1,0.9,pchp_method,11,True,False,False,8.0,,4.0,4.0,,1.0,0,0.0,4,4,1.0,7,0,0.0
MULTISTAGE_50E,MULTISTAGE_50E/S1_TP_z18_C2,0.7,protected_state,11,False,False,False,,,,,,,0,,0,0,,11,0,0.0
MULTISTAGE_50E,MULTISTAGE_50E/S1_TP_z18_C2,0.7,fixed_shift,11,False,False,False,,,,,,,0,,0,0,,11,0,0.0
MULTISTAGE_50E,MULTISTAGE_50E/S1_TP_z18_C2,0.7,pchp_method,11,False,False,False,,,,,,,0,,0,0,,11,0,0.0
MULTISTAGE_50E,MULTISTAGE_50E/S1_TP_z18_C2,0.8,protected_state,11,False,False,False,,,,,,,0,,0,0,,11,0,0.0
MULTISTAGE_50E,MULTISTAGE_50E/S1_TP_z18_C2,0.8,fixed_shift,11,False,False,False,,,,,,,0,,0,0,,11,0,0.0
MULTISTAGE_50E,MULTISTAGE_50E/S1_TP_z18_C2,0.8,pchp_method,11,False,False,False,,,,,,,0,,0,0,,11,0,0.0
MULTISTAGE_50E,MULTISTAGE_50E/S1_TP_z18_C2,0.9,protected_state,11,True,False,False,8.0,,4.0,4.0,,1.0,0,0.0,4,4,1.0,7,0,0.0
MULTISTAGE_50E,MULTISTAGE_50E/S1_TP_z18_C2,0.9,fixed_shift,11,True,False,False,8.0,,4.0,4.0,,1.0,0,0.0,4,4,1.0,7,0,0.0
MULTISTAGE_50E,MULTISTAGE_50E/S1_TP_z18_C2,0.9,pchp_method,11,True,False,False,8.0,,4.0,4.0,,1.0,0,0.0,4,4,1.0,7,0,0.0
MULTISTAGE_50E,MULTISTAGE_50E/S1_TP_z18_C3,0.7,protected_state,11,False,False,False,,,,,,,0,,0,0,,11,0,0.0
MULTISTAGE_50E,MULTISTAGE_50E/S1_TP_z18_C3,0.7,fixed_shift,11,False,False,False,,,,,,,0,,0,0,,11,0,0.0
MULTISTAGE_50E,MULTISTAGE_50E/S1_TP_z18_C3,0.7,pchp_method,11,False,False,False,,,,,,,0,,0,0,,11,0,0.0
MULTISTAGE_50E,MULTISTAGE_50E/S1_TP_z18_C3,0.8,protected_state,11,False,False,False,,,,,,,0,,0,0,,11,0,0.0
MULTISTAGE_50E,MULTISTAGE_50E/S1_TP_z18_C3,0.8,fixed_shift,11,False,False,False,,,,,,,0,,0,0,,11,0,0.0
MULTISTAGE_50E,MULTISTAGE_50E/S1_TP_z18_C3,0.8,pchp_method,11,False,False,False,,,,,,,0,,0,0,,11,0,0.0
MULTISTAGE_50E,MULTISTAGE_50E/S1_TP_z18_C3,0.9,protected_state,11,True,False,False,9.0,,3.0,3.0,,1.0,0,0.0,3,3,1.0,8,0,0.0
MULTISTAGE_50E,MULTISTAGE_50E/S1_TP_z18_C3,0.9,fixed_shift,11,True,False,False,9.0,,3.0,3.0,,1.0,0,0.0,3,3,1.0,8,0,0.0
MULTISTAGE_50E,MULTISTAGE_50E/S1_TP_z18_C3,0.9,pchp_method,11,True,False,False,9.0,,3.0,3.0,,1.0,0,0.0,3,3,1.0,8,0,0.0
MULTISTAGE_50E,MULTISTAGE_50E/S1_TP_z19_C1,0.7,protected_state,11,False,False,False,,,,,,,0,,0,0,,11,0,0.0
MULTISTAGE_50E,MULTISTAGE_50E/S1_TP_z19_C1,0.7,fixed_shift,11,False,False,False,,,,,,,0,,0,0,,11,0,0.0
MULTISTAGE_50E,MULTISTAGE_50E/S1_TP_z19_C1,0.7,pchp_method,11,False,False,False,,,,,,,0,,0,0,,11,0,0.0
MULTISTAGE_50E,MULTISTAGE_50E/S1_TP_z19_C1,0.8,protected_state,11,False,False,False,,,,,,,0,,0,0,,11,0,0.0
MULTISTAGE_50E,MULTISTAGE_50E/S1_TP_z19_C1,0.8,fixed_shift,11,False,False,False,,,,,,,0,,0,0,,11,0,0.0
MULTISTAGE_50E,MULTISTAGE_50E/S1_TP_z19_C1,0.8,pchp_method,11,False,False,False,,,,,,,0,,0,0,,11,0,0.0
MULTISTAGE_50E,MULTISTAGE_50E/S1_TP_z19_C1,0.9,protected_state,11,False,False,False,,,,,,,0,,0,0,,11,0,0.0
MULTISTAGE_50E,MULTISTAGE_50E/S1_TP_z19_C1,0.9,fixed_shift,11,False,False,False,,,,,,,0,,0,0,,11,0,0.0
MULTISTAGE_50E,MULTISTAGE_50E/S1_TP_z19_C1,0.9,pchp_method,11,False,False,False,,,,,,,0,,0,0,,11,0,0.0
MULTISTAGE_50E,MULTISTAGE_50E/S1_TP_z19_C2,0.7,protected_state,11,False,False,False,,,,,,,0,,0,0,,11,0,0.0
MULTISTAGE_50E,MULTISTAGE_50E/S1_TP_z19_C2,0.7,fixed_shift,11,False,False,False,,,,,,,0,,0,0,,11,0,0.0
MULTISTAGE_50E,MULTISTAGE_50E/S1_TP_z19_C2,0.7,pchp_method,11,False,False,False,,,,,,,0,,0,0,,11,0,0.0
MULTISTAGE_50E,MULTISTAGE_50E/S1_TP_z19_C2,0.8,protected_state,11,False,False,False,,,,,,,0,,0,0,,11,0,0.0
MULTISTAGE_50E,MULTISTAGE_50E/S1_TP_z19_C2,0.8,fixed_shift,11,False,False,False,,,,,,,0,,0,0,,11,0,0.0
MULTISTAGE_50E,MULTISTAGE_50E/S1_TP_z19_C2,0.8,pchp_method,11,False,False,False,,,,,,,0,,0,0,,11,0,0.0
MULTISTAGE_50E,MULTISTAGE_50E/S1_TP_z19_C2,0.9,protected_state,11,False,False,False,,,,,,,0,,0,0,,11,0,0.0
MULTISTAGE_50E,MULTISTAGE_50E/S1_TP_z19_C2,0.9,fixed_shift,11,False,False,False,,,,,,,0,,0,0,,11,0,0.0
MULTISTAGE_50E,MULTISTAGE_50E/S1_TP_z19_C2,0.9,pchp_method,11,False,False,False,,,,,,,0,,0,0,,11,0,0.0
MULTISTAGE_50E,MULTISTAGE_50E/S1_TP_z19_C3,0.7,protected_state,11,False,False,False,,,,,,,0,,0,0,,11,0,0.0
MULTISTAGE_50E,MULTISTAGE_50E/S1_TP_z19_C3,0.7,fixed_shift,11,False,False,False,,,,,,,0,,0,0,,11,0,0.0
MULTISTAGE_50E,MULTISTAGE_50E/S1_TP_z19_C3,0.7,pchp_method,11,False,False,False,,,,,,,0,,0,0,,11,0,0.0
MULTISTAGE_50E,MULTISTAGE_50E/S1_TP_z19_C3,0.8,protected_state,11,False,False,False,,,,,,,0,,0,0,,11,0,0.0
MULTISTAGE_50E,MULTISTAGE_50E/S1_TP_z19_C3,0.8,fixed_shift,11,False,False,False,,,,,,,0,,0,0,,11,0,0.0
MULTISTAGE_50E,MULTISTAGE_50E/S1_TP_z19_C3,0.8,pchp_method,11,False,False,False,,,,,,,0,,0,0,,11,0,0.0
MULTISTAGE_50E,MULTISTAGE_50E/S1_TP_z19_C3,0.9,protected_state,11,False,False,False,,,,,,,0,,0,0,,11,0,0.0
MULTISTAGE_50E,MULTISTAGE_50E/S1_TP_z19_C3,0.9,fixed_shift,11,False,False,False,,,,,,,0,,0,0,,11,0,0.0
MULTISTAGE_50E,MULTISTAGE_50E/S1_TP_z19_C3,0.9,pchp_method,11,False,False,False,,,,,,,0,,0,0,,11,0,0.0
MULTISTAGE_50E,MULTISTAGE_50E/S1_TP_z20_C1,0.7,protected_state,11,False,False,False,,,,,,,0,,0,0,,11,0,0.0
MULTISTAGE_50E,MULTISTAGE_50E/S1_TP_z20_C1,0.7,fixed_shift,11,False,False,False,,,,,,,0,,0,0,,11,0,0.0
MULTISTAGE_50E,MULTISTAGE_50E/S1_TP_z20_C1,0.7,pchp_method,11,False,False,False,,,,,,,0,,0,0,,11,0,0.0
MULTISTAGE_50E,MULTISTAGE_50E/S1_TP_z20_C1,0.8,protected_state,11,False,False,False,,,,,,,0,,0,0,,11,0,0.0
MULTISTAGE_50E,MULTISTAGE_50E/S1_TP_z20_C1,0.8,fixed_shift,11,False,False,False,,,,,,,0,,0,0,,11,0,0.0
MULTISTAGE_50E,MULTISTAGE_50E/S1_TP_z20_C1,0.8,pchp_method,11,False,False,False,,,,,,,0,,0,0,,11,0,0.0
MULTISTAGE_50E,MULTISTAGE_50E/S1_TP_z20_C1,0.9,protected_state,11,False,False,False,,,,,,,0,,0,0,,11,0,0.0
MULTISTAGE_50E,MULTISTAGE_50E/S1_TP_z20_C1,0.9,fixed_shift,11,False,False,False,,,,,,,0,,0,0,,11,0,0.0
MULTISTAGE_50E,MULTISTAGE_50E/S1_TP_z20_C1,0.9,pchp_method,11,False,False,False,,,,,,,0,,0,0,,11,0,0.0
MULTISTAGE_50E,MULTISTAGE_50E/S1_TP_z20_C2,0.7,protected_state,11,False,False,False,,,,,,,0,,0,0,,11,0,0.0
MULTISTAGE_50E,MULTISTAGE_50E/S1_TP_z20_C2,0.7,fixed_shift,11,False,False,False,,,,,,,0,,0,0,,11,0,0.0
MULTISTAGE_50E,MULTISTAGE_50E/S1_TP_z20_C2,0.7,pchp_method,11,False,False,False,,,,,,,0,,0,0,,11,0,0.0
MULTISTAGE_50E,MULTISTAGE_50E/S1_TP_z20_C2,0.8,protected_state,11,False,False,False,,,,,,,0,,0,0,,11,0,0.0
MULTISTAGE_50E,MULTISTAGE_50E/S1_TP_z20_C2,0.8,fixed_shift,11,False,False,False,,,,,,,0,,0,0,,11,0,0.0
MULTISTAGE_50E,MULTISTAGE_50E/S1_TP_z20_C2,0.8,pchp_method,11,False,False,False,,,,,,,0,,0,0,,11,0,0.0
MULTISTAGE_50E,MULTISTAGE_50E/S1_TP_z20_C2,0.9,protected_state,11,False,False,False,,,,,,,0,,0,0,,11,0,0.0
MULTISTAGE_50E,MULTISTAGE_50E/S1_TP_z20_C2,0.9,fixed_shift,11,False,False,False,,,,,,,0,,0,0,,11,0,0.0
MULTISTAGE_50E,MULTISTAGE_50E/S1_TP_z20_C2,0.9,pchp_method,11,False,False,False,,,,,,,0,,0,0,,11,0,0.0
MULTISTAGE_50E,MULTISTAGE_50E/S1_TP_z20_C3,0.7,protected_state,11,False,False,False,,,,,,,0,,0,0,,11,0,0.0
MULTISTAGE_50E,MULTISTAGE_50E/S1_TP_z20_C3,0.7,fixed_shift,11,False,False,False,,,,,,,0,,0,0,,11,0,0.0
MULTISTAGE_50E,MULTISTAGE_50E/S1_TP_z20_C3,0.7,pchp_method,11,False,False,False,,,,,,,0,,0,0,,11,0,0.0
MULTISTAGE_50E,MULTISTAGE_50E/S1_TP_z20_C3,0.8,protected_state,11,False,False,False,,,,,,,0,,0,0,,11,0,0.0
MULTISTAGE_50E,MULTISTAGE_50E/S1_TP_z20_C3,0.8,fixed_shift,11,False,False,False,,,,,,,0,,0,0,,11,0,0.0
MULTISTAGE_50E,MULTISTAGE_50E/S1_TP_z20_C3,0.8,pchp_method,11,False,False,False,,,,,,,0,,0,0,,11,0,0.0
MULTISTAGE_50E,MULTISTAGE_50E/S1_TP_z20_C3,0.9,protected_state,11,False,False,False,,,,,,,0,,0,0,,11,0,0.0
MULTISTAGE_50E,MULTISTAGE_50E/S1_TP_z20_C3,0.9,fixed_shift,11,False,False,False,,,,,,,0,,0,0,,11,0,0.0
MULTISTAGE_50E,MULTISTAGE_50E/S1_TP_z20_C3,0.9,pchp_method,11,False,False,False,,,,,,,0,,0,0,,11,0,0.0
MULTISTAGE_50E,MULTISTAGE_50E/S1_TP_z21_C1,0.7,protected_state,11,False,False,False,,,,,,,0,,0,0,,11,0,0.0
MULTISTAGE_50E,MULTISTAGE_50E/S1_TP_z21_C1,0.7,fixed_shift,11,False,False,False,,,,,,,0,,0,0,,11,0,0.0
MULTISTAGE_50E,MULTISTAGE_50E/S1_TP_z21_C1,0.7,pchp_method,11,False,False,False,,,,,,,0,,0,0,,11,0,0.0
MULTISTAGE_50E,MULTISTAGE_50E/S1_TP_z21_C1,0.8,protected_state,11,False,False,False,,,,,,,0,,0,0,,11,0,0.0
MULTISTAGE_50E,MULTISTAGE_50E/S1_TP_z21_C1,0.8,fixed_shift,11,False,False,False,,,,,,,0,,0,0,,11,0,0.0
MULTISTAGE_50E,MULTISTAGE_50E/S1_TP_z21_C1,0.8,pchp_method,11,False,False,False,,,,,,,0,,0,0,,11,0,0.0
MULTISTAGE_50E,MULTISTAGE_50E/S1_TP_z21_C1,0.9,protected_state,11,False,False,False,,,,,,,0,,0,0,,11,0,0.0
MULTISTAGE_50E,MULTISTAGE_50E/S1_TP_z21_C1,0.9,fixed_shift,11,False,False,False,,,,,,,0,,0,0,,11,0,0.0
MULTISTAGE_50E,MULTISTAGE_50E/S1_TP_z21_C1,0.9,pchp_method,11,False,False,False,,,,,,,0,,0,0,,11,0,0.0
MULTISTAGE_50E,MULTISTAGE_50E/S1_TP_z21_C2,0.7,protected_state,11,False,False,False,,,,,,,0,,0,0,,11,0,0.0
MULTISTAGE_50E,MULTISTAGE_50E/S1_TP_z21_C2,0.7,fixed_shift,11,False,False,False,,,,,,,0,,0,0,,11,0,0.0
MULTISTAGE_50E,MULTISTAGE_50E/S1_TP_z21_C2,0.7,pchp_method,11,False,False,False,,,,,,,0,,0,0,,11,0,0.0
MULTISTAGE_50E,MULTISTAGE_50E/S1_TP_z21_C2,0.8,protected_state,11,False,False,False,,,,,,,0,,0,0,,11,0,0.0
MULTISTAGE_50E,MULTISTAGE_50E/S1_TP_z21_C2,0.8,fixed_shift,11,False,False,False,,,,,,,0,,0,0,,11,0,0.0
MULTISTAGE_50E,MULTISTAGE_50E/S1_TP_z21_C2,0.8,pchp_method,11,False,False,False,,,,,,,0,,0,0,,11,0,0.0
MULTISTAGE_50E,MULTISTAGE_50E/S1_TP_z21_C2,0.9,protected_state,11,False,False,False,,,,,,,0,,0,0,,11,0,0.0
MULTISTAGE_50E,MULTISTAGE_50E/S1_TP_z21_C2,0.9,fixed_shift,11,False,False,False,,,,,,,0,,0,0,,11,0,0.0
MULTISTAGE_50E,MULTISTAGE_50E/S1_TP_z21_C2,0.9,pchp_method,11,False,False,False,,,,,,,0,,0,0,,11,0,0.0
MULTISTAGE_50E,MULTISTAGE_50E/S1_TP_z21_C3,0.7,protected_state,11,False,False,False,,,,,,,0,,0,0,,11,0,0.0
MULTISTAGE_50E,MULTISTAGE_50E/S1_TP_z21_C3,0.7,fixed_shift,11,False,False,False,,,,,,,0,,0,0,,11,0,0.0
MULTISTAGE_50E,MULTISTAGE_50E/S1_TP_z21_C3,0.7,pchp_method,11,False,False,False,,,,,,,0,,0,0,,11,0,0.0
MULTISTAGE_50E,MULTISTAGE_50E/S1_TP_z21_C3,0.8,protected_state,11,False,False,False,,,,,,,0,,0,0,,11,0,0.0
MULTISTAGE_50E,MULTISTAGE_50E/S1_TP_z21_C3,0.8,fixed_shift,11,False,False,False,,,,,,,0,,0,0,,11,0,0.0
MULTISTAGE_50E,MULTISTAGE_50E/S1_TP_z21_C3,0.8,pchp_method,11,False,False,False,,,,,,,0,,0,0,,11,0,0.0
MULTISTAGE_50E,MULTISTAGE_50E/S1_TP_z21_C3,0.9,protected_state,11,False,False,False,,,,,,,0,,0,0,,11,0,0.0
MULTISTAGE_50E,MULTISTAGE_50E/S1_TP_z21_C3,0.9,fixed_shift,11,False,False,False,,,,,,,0,,0,0,,11,0,0.0
MULTISTAGE_50E,MULTISTAGE_50E/S1_TP_z21_C3,0.9,pchp_method,11,False,False,False,,,,,,,0,,0,0,,11,0,0.0
MULTISTAGE_50E,MULTISTAGE_50E/S1_TP_z22_C1,0.7,protected_state,11,False,False,False,,,,,,,0,,0,0,,11,0,0.0
MULTISTAGE_50E,MULTISTAGE_50E/S1_TP_z22_C1,0.7,fixed_shift,11,False,False,False,,,,,,,0,,0,0,,11,0,0.0
MULTISTAGE_50E,MULTISTAGE_50E/S1_TP_z22_C1,0.7,pchp_method,11,False,False,False,,,,,,,0,,0,0,,11,0,0.0
MULTISTAGE_50E,MULTISTAGE_50E/S1_TP_z22_C1,0.8,protected_state,11,False,False,False,,,,,,,0,,0,0,,11,0,0.0
MULTISTAGE_50E,MULTISTAGE_50E/S1_TP_z22_C1,0.8,fixed_shift,11,False,False,False,,,,,,,0,,0,0,,11,0,0.0
MULTISTAGE_50E,MULTISTAGE_50E/S1_TP_z22_C1,0.8,pchp_method,11,False,False,False,,,,,,,0,,0,0,,11,0,0.0
MULTISTAGE_50E,MULTISTAGE_50E/S1_TP_z22_C1,0.9,protected_state,11,False,False,False,,,,,,,0,,0,0,,11,0,0.0
MULTISTAGE_50E,MULTISTAGE_50E/S1_TP_z22_C1,0.9,fixed_shift,11,False,False,False,,,,,,,0,,0,0,,11,0,0.0
MULTISTAGE_50E,MULTISTAGE_50E/S1_TP_z22_C1,0.9,pchp_method,11,False,False,False,,,,,,,0,,0,0,,11,0,0.0
MULTISTAGE_50E,MULTISTAGE_50E/S1_TP_z22_C2,0.7,protected_state,11,False,False,False,,,,,,,0,,0,0,,11,0,0.0
MULTISTAGE_50E,MULTISTAGE_50E/S1_TP_z22_C2,0.7,fixed_shift,11,False,False,False,,,,,,,0,,0,0,,11,0,0.0
MULTISTAGE_50E,MULTISTAGE_50E/S1_TP_z22_C2,0.7,pchp_method,11,False,False,False,,,,,,,0,,0,0,,11,0,0.0
MULTISTAGE_50E,MULTISTAGE_50E/S1_TP_z22_C2,0.8,protected_state,11,False,False,False,,,,,,,0,,0,0,,11,0,0.0
MULTISTAGE_50E,MULTISTAGE_50E/S1_TP_z22_C2,0.8,fixed_shift,11,False,False,False,,,,,,,0,,0,0,,11,0,0.0
MULTISTAGE_50E,MULTISTAGE_50E/S1_TP_z22_C2,0.8,pchp_method,11,False,False,False,,,,,,,0,,0,0,,11,0,0.0
MULTISTAGE_50E,MULTISTAGE_50E/S1_TP_z22_C2,0.9,protected_state,11,False,False,False,,,,,,,0,,0,0,,11,0,0.0
MULTISTAGE_50E,MULTISTAGE_50E/S1_TP_z22_C2,0.9,fixed_shift,11,False,False,False,,,,,,,0,,0,0,,11,0,0.0
MULTISTAGE_50E,MULTISTAGE_50E/S1_TP_z22_C2,0.9,pchp_method,11,False,False,False,,,,,,,0,,0,0,,11,0,0.0
MULTISTAGE_50E,MULTISTAGE_50E/S1_TP_z22_C3,0.7,protected_state,11,False,False,False,,,,,,,0,,0,0,,11,0,0.0
MULTISTAGE_50E,MULTISTAGE_50E/S1_TP_z22_C3,0.7,fixed_shift,11,False,False,False,,,,,,,0,,0,0,,11,0,0.0
MULTISTAGE_50E,MULTISTAGE_50E/S1_TP_z22_C3,0.7,pchp_method,11,False,False,False,,,,,,,0,,0,0,,11,0,0.0
MULTISTAGE_50E,MULTISTAGE_50E/S1_TP_z22_C3,0.8,protected_state,11,False,False,False,,,,,,,0,,0,0,,11,0,0.0
MULTISTAGE_50E,MULTISTAGE_50E/S1_TP_z22_C3,0.8,fixed_shift,11,False,False,False,,,,,,,0,,0,0,,11,0,0.0
MULTISTAGE_50E,MULTISTAGE_50E/S1_TP_z22_C3,0.8,pchp_method,11,False,False,False,,,,,,,0,,0,0,,11,0,0.0
MULTISTAGE_50E,MULTISTAGE_50E/S1_TP_z22_C3,0.9,protected_state,11,False,False,False,,,,,,,0,,0,0,,11,0,0.0
MULTISTAGE_50E,MULTISTAGE_50E/S1_TP_z22_C3,0.9,fixed_shift,11,False,False,False,,,,,,,0,,0,0,,11,0,0.0
MULTISTAGE_50E,MULTISTAGE_50E/S1_TP_z22_C3,0.9,pchp_method,11,False,False,False,,,,,,,0,,0,0,,11,0,0.0
MULTISTAGE_50E,MULTISTAGE_50E/S1_TP_z23_C1,0.7,protected_state,11,False,False,False,,,,,,,0,,0,0,,11,0,0.0
MULTISTAGE_50E,MULTISTAGE_50E/S1_TP_z23_C1,0.7,fixed_shift,11,False,False,False,,,,,,,0,,0,0,,11,0,0.0
MULTISTAGE_50E,MULTISTAGE_50E/S1_TP_z23_C1,0.7,pchp_method,11,False,False,False,,,,,,,0,,0,0,,11,0,0.0
MULTISTAGE_50E,MULTISTAGE_50E/S1_TP_z23_C1,0.8,protected_state,11,False,False,False,,,,,,,0,,0,0,,11,0,0.0
MULTISTAGE_50E,MULTISTAGE_50E/S1_TP_z23_C1,0.8,fixed_shift,11,False,False,False,,,,,,,0,,0,0,,11,0,0.0
MULTISTAGE_50E,MULTISTAGE_50E/S1_TP_z23_C1,0.8,pchp_method,11,False,False,False,,,,,,,0,,0,0,,11,0,0.0
MULTISTAGE_50E,MULTISTAGE_50E/S1_TP_z23_C1,0.9,protected_state,11,False,False,False,,,,,,,0,,0,0,,11,0,0.0
MULTISTAGE_50E,MULTISTAGE_50E/S1_TP_z23_C1,0.9,fixed_shift,11,False,False,False,,,,,,,0,,0,0,,11,0,0.0
MULTISTAGE_50E,MULTISTAGE_50E/S1_TP_z23_C1,0.9,pchp_method,11,False,False,False,,,,,,,0,,0,0,,11,0,0.0
MULTISTAGE_50E,MULTISTAGE_50E/S1_TP_z23_C2,0.7,protected_state,11,False,False,False,,,,,,,0,,0,0,,11,0,0.0
MULTISTAGE_50E,MULTISTAGE_50E/S1_TP_z23_C2,0.7,fixed_shift,11,False,False,False,,,,,,,0,,0,0,,11,0,0.0
MULTISTAGE_50E,MULTISTAGE_50E/S1_TP_z23_C2,0.7,pchp_method,11,False,False,False,,,,,,,0,,0,0,,11,0,0.0
MULTISTAGE_50E,MULTISTAGE_50E/S1_TP_z23_C2,0.8,protected_state,11,False,False,False,,,,,,,0,,0,0,,11,0,0.0
MULTISTAGE_50E,MULTISTAGE_50E/S1_TP_z23_C2,0.8,fixed_shift,11,False,False,False,,,,,,,0,,0,0,,11,0,0.0
MULTISTAGE_50E,MULTISTAGE_50E/S1_TP_z23_C2,0.8,pchp_method,11,False,False,False,,,,,,,0,,0,0,,11,0,0.0
MULTISTAGE_50E,MULTISTAGE_50E/S1_TP_z23_C2,0.9,protected_state,11,False,False,False,,,,,,,0,,0,0,,11,0,0.0
MULTISTAGE_50E,MULTISTAGE_50E/S1_TP_z23_C2,0.9,fixed_shift,11,False,False,False,,,,,,,0,,0,0,,11,0,0.0
MULTISTAGE_50E,MULTISTAGE_50E/S1_TP_z23_C2,0.9,pchp_method,11,False,False,False,,,,,,,0,,0,0,,11,0,0.0
MULTISTAGE_50E,MULTISTAGE_50E/S1_TP_z23_C3,0.7,protected_state,11,False,False,False,,,,,,,0,,0,0,,11,0,0.0
MULTISTAGE_50E,MULTISTAGE_50E/S1_TP_z23_C3,0.7,fixed_shift,11,False,False,False,,,,,,,0,,0,0,,11,0,0.0
MULTISTAGE_50E,MULTISTAGE_50E/S1_TP_z23_C3,0.7,pchp_method,11,False,False,False,,,,,,,0,,0,0,,11,0,0.0
MULTISTAGE_50E,MULTISTAGE_50E/S1_TP_z23_C3,0.8,protected_state,11,False,False,False,,,,,,,0,,0,0,,11,0,0.0
MULTISTAGE_50E,MULTISTAGE_50E/S1_TP_z23_C3,0.8,fixed_shift,11,False,False,False,,,,,,,0,,0,0,,11,0,0.0
MULTISTAGE_50E,MULTISTAGE_50E/S1_TP_z23_C3,0.8,pchp_method,11,False,False,False,,,,,,,0,,0,0,,11,0,0.0
MULTISTAGE_50E,MULTISTAGE_50E/S1_TP_z23_C3,0.9,protected_state,11,False,False,False,,,,,,,0,,0,0,,11,0,0.0
MULTISTAGE_50E,MULTISTAGE_50E/S1_TP_z23_C3,0.9,fixed_shift,11,False,False,False,,,,,,,0,,0,0,,11,0,0.0
MULTISTAGE_50E,MULTISTAGE_50E/S1_TP_z23_C3,0.9,pchp_method,11,False,False,False,,,,,,,0,,0,0,,11,0,0.0
MULTISTAGE_50E,MULTISTAGE_50E/S1_TP_z24_C1,0.7,protected_state,11,False,False,False,,,,,,,0,,0,0,,11,0,0.0
MULTISTAGE_50E,MULTISTAGE_50E/S1_TP_z24_C1,0.7,fixed_shift,11,False,False,False,,,,,,,0,,0,0,,11,0,0.0
MULTISTAGE_50E,MULTISTAGE_50E/S1_TP_z24_C1,0.7,pchp_method,11,False,False,False,,,,,,,0,,0,0,,11,0,0.0
MULTISTAGE_50E,MULTISTAGE_50E/S1_TP_z24_C1,0.8,protected_state,11,False,False,False,,,,,,,0,,0,0,,11,0,0.0
MULTISTAGE_50E,MULTISTAGE_50E/S1_TP_z24_C1,0.8,fixed_shift,11,False,False,False,,,,,,,0,,0,0,,11,0,0.0
MULTISTAGE_50E,MULTISTAGE_50E/S1_TP_z24_C1,0.8,pchp_method,11,False,False,False,,,,,,,0,,0,0,,11,0,0.0
MULTISTAGE_50E,MULTISTAGE_50E/S1_TP_z24_C1,0.9,protected_state,11,False,False,False,,,,,,,0,,0,0,,11,0,0.0
MULTISTAGE_50E,MULTISTAGE_50E/S1_TP_z24_C1,0.9,fixed_shift,11,False,False,False,,,,,,,0,,0,0,,11,0,0.0
MULTISTAGE_50E,MULTISTAGE_50E/S1_TP_z24_C1,0.9,pchp_method,11,False,False,False,,,,,,,0,,0,0,,11,0,0.0
MULTISTAGE_50E,MULTISTAGE_50E/S1_TP_z24_C2,0.7,protected_state,11,False,False,False,,,,,,,0,,0,0,,11,0,0.0
MULTISTAGE_50E,MULTISTAGE_50E/S1_TP_z24_C2,0.7,fixed_shift,11,False,False,False,,,,,,,0,,0,0,,11,0,0.0
MULTISTAGE_50E,MULTISTAGE_50E/S1_TP_z24_C2,0.7,pchp_method,11,False,False,False,,,,,,,0,,0,0,,11,0,0.0
MULTISTAGE_50E,MULTISTAGE_50E/S1_TP_z24_C2,0.8,protected_state,11,False,False,False,,,,,,,0,,0,0,,11,0,0.0
MULTISTAGE_50E,MULTISTAGE_50E/S1_TP_z24_C2,0.8,fixed_shift,11,False,False,False,,,,,,,0,,0,0,,11,0,0.0
MULTISTAGE_50E,MULTISTAGE_50E/S1_TP_z24_C2,0.8,pchp_method,11,False,False,False,,,,,,,0,,0,0,,11,0,0.0
MULTISTAGE_50E,MULTISTAGE_50E/S1_TP_z24_C2,0.9,protected_state,11,False,False,False,,,,,,,0,,0,0,,11,0,0.0
MULTISTAGE_50E,MULTISTAGE_50E/S1_TP_z24_C2,0.9,fixed_shift,11,False,False,False,,,,,,,0,,0,0,,11,0,0.0
MULTISTAGE_50E,MULTISTAGE_50E/S1_TP_z24_C2,0.9,pchp_method,11,False,False,False,,,,,,,0,,0,0,,11,0,0.0
MULTISTAGE_50E,MULTISTAGE_50E/S1_TP_z24_C3,0.7,protected_state,11,False,False,False,,,,,,,0,,0,0,,11,0,0.0
MULTISTAGE_50E,MULTISTAGE_50E/S1_TP_z24_C3,0.7,fixed_shift,11,False,False,False,,,,,,,0,,0,0,,11,0,0.0
MULTISTAGE_50E,MULTISTAGE_50E/S1_TP_z24_C3,0.7,pchp_method,11,False,False,False,,,,,,,0,,0,0,,11,0,0.0
MULTISTAGE_50E,MULTISTAGE_50E/S1_TP_z24_C3,0.8,protected_state,11,False,False,False,,,,,,,0,,0,0,,11,0,0.0
MULTISTAGE_50E,MULTISTAGE_50E/S1_TP_z24_C3,0.8,fixed_shift,11,False,False,False,,,,,,,0,,0,0,,11,0,0.0
MULTISTAGE_50E,MULTISTAGE_50E/S1_TP_z24_C3,0.8,pchp_method,11,False,False,False,,,,,,,0,,0,0,,11,0,0.0
MULTISTAGE_50E,MULTISTAGE_50E/S1_TP_z24_C3,0.9,protected_state,11,False,False,False,,,,,,,0,,0,0,,11,0,0.0
MULTISTAGE_50E,MULTISTAGE_50E/S1_TP_z24_C3,0.9,fixed_shift,11,False,False,False,,,,,,,0,,0,0,,11,0,0.0
MULTISTAGE_50E,MULTISTAGE_50E/S1_TP_z24_C3,0.9,pchp_method,11,False,False,False,,,,,,,0,,0,0,,11,0,0.0
MULTISTAGE_50E,MULTISTAGE_50E/S1_TP_z25_C1,0.7,protected_state,11,False,False,False,,,,,,,0,,0,0,,11,0,0.0
MULTISTAGE_50E,MULTISTAGE_50E/S1_TP_z25_C1,0.7,fixed_shift,11,False,False,False,,,,,,,0,,0,0,,11,0,0.0
MULTISTAGE_50E,MULTISTAGE_50E/S1_TP_z25_C1,0.7,pchp_method,11,False,False,False,,,,,,,0,,0,0,,11,0,0.0
MULTISTAGE_50E,MULTISTAGE_50E/S1_TP_z25_C1,0.8,protected_state,11,False,False,False,,,,,,,0,,0,0,,11,0,0.0
MULTISTAGE_50E,MULTISTAGE_50E/S1_TP_z25_C1,0.8,fixed_shift,11,False,False,False,,,,,,,0,,0,0,,11,0,0.0
MULTISTAGE_50E,MULTISTAGE_50E/S1_TP_z25_C1,0.8,pchp_method,11,False,False,False,,,,,,,0,,0,0,,11,0,0.0
MULTISTAGE_50E,MULTISTAGE_50E/S1_TP_z25_C1,0.9,protected_state,11,True,False,False,7.0,,5.0,5.0,,1.0,0,0.0,5,5,1.0,6,0,0.0
MULTISTAGE_50E,MULTISTAGE_50E/S1_TP_z25_C1,0.9,fixed_shift,11,True,False,False,7.0,,5.0,5.0,,1.0,0,0.0,5,5,1.0,6,0,0.0
MULTISTAGE_50E,MULTISTAGE_50E/S1_TP_z25_C1,0.9,pchp_method,11,True,False,False,7.0,,5.0,5.0,,1.0,0,0.0,5,5,1.0,6,0,0.0
MULTISTAGE_50E,MULTISTAGE_50E/S1_TP_z25_C2,0.7,protected_state,11,False,False,False,,,,,,,0,,0,0,,11,0,0.0
MULTISTAGE_50E,MULTISTAGE_50E/S1_TP_z25_C2,0.7,fixed_shift,11,False,False,False,,,,,,,0,,0,0,,11,0,0.0
MULTISTAGE_50E,MULTISTAGE_50E/S1_TP_z25_C2,0.7,pchp_method,11,False,False,False,,,,,,,0,,0,0,,11,0,0.0
MULTISTAGE_50E,MULTISTAGE_50E/S1_TP_z25_C2,0.8,protected_state,11,False,False,False,,,,,,,0,,0,0,,11,0,0.0
MULTISTAGE_50E,MULTISTAGE_50E/S1_TP_z25_C2,0.8,fixed_shift,11,False,False,False,,,,,,,0,,0,0,,11,0,0.0
MULTISTAGE_50E,MULTISTAGE_50E/S1_TP_z25_C2,0.8,pchp_method,11,False,False,False,,,,,,,0,,0,0,,11,0,0.0
MULTISTAGE_50E,MULTISTAGE_50E/S1_TP_z25_C2,0.9,protected_state,11,True,False,False,10.0,,2.0,2.0,,1.0,0,0.0,2,2,1.0,9,0,0.0
MULTISTAGE_50E,MULTISTAGE_50E/S1_TP_z25_C2,0.9,fixed_shift,11,True,False,False,10.0,,2.0,2.0,,1.0,0,0.0,2,2,1.0,9,0,0.0
MULTISTAGE_50E,MULTISTAGE_50E/S1_TP_z25_C2,0.9,pchp_method,11,True,False,False,10.0,,2.0,2.0,,1.0,0,0.0,2,2,1.0,9,0,0.0
MULTISTAGE_50E,MULTISTAGE_50E/S1_TP_z25_C3,0.7,protected_state,11,False,False,False,,,,,,,0,,0,0,,11,0,0.0
MULTISTAGE_50E,MULTISTAGE_50E/S1_TP_z25_C3,0.7,fixed_shift,11,False,False,False,,,,,,,0,,0,0,,11,0,0.0
MULTISTAGE_50E,MULTISTAGE_50E/S1_TP_z25_C3,0.7,pchp_method,11,False,False,False,,,,,,,0,,0,0,,11,0,0.0
MULTISTAGE_50E,MULTISTAGE_50E/S1_TP_z25_C3,0.8,protected_state,11,False,False,False,,,,,,,0,,0,0,,11,0,0.0
MULTISTAGE_50E,MULTISTAGE_50E/S1_TP_z25_C3,0.8,fixed_shift,11,False,False,False,,,,,,,0,,0,0,,11,0,0.0
MULTISTAGE_50E,MULTISTAGE_50E/S1_TP_z25_C3,0.8,pchp_method,11,False,False,False,,,,,,,0,,0,0,,11,0,0.0
MULTISTAGE_50E,MULTISTAGE_50E/S1_TP_z25_C3,0.9,protected_state,11,True,False,False,10.0,,2.0,2.0,,1.0,0,0.0,2,2,1.0,9,0,0.0
MULTISTAGE_50E,MULTISTAGE_50E/S1_TP_z25_C3,0.9,fixed_shift,11,True,False,False,10.0,,2.0,2.0,,1.0,0,0.0,2,2,1.0,9,0,0.0
MULTISTAGE_50E,MULTISTAGE_50E/S1_TP_z25_C3,0.9,pchp_method,11,True,False,False,10.0,,2.0,2.0,,1.0,0,0.0,2,2,1.0,9,0,0.0
MULTISTAGE_50E,MULTISTAGE_50E/S2_TP_z01_C1,0.7,protected_state,12,False,False,False,,,,,,,0,,0,0,,12,0,0.0
MULTISTAGE_50E,MULTISTAGE_50E/S2_TP_z01_C1,0.7,fixed_shift,12,False,False,False,,,,,,,0,,0,0,,12,0,0.0
MULTISTAGE_50E,MULTISTAGE_50E/S2_TP_z01_C1,0.7,pchp_method,12,False,False,False,,,,,,,0,,0,0,,12,0,0.0
MULTISTAGE_50E,MULTISTAGE_50E/S2_TP_z01_C1,0.8,protected_state,12,False,False,False,,,,,,,0,,0,0,,12,0,0.0
MULTISTAGE_50E,MULTISTAGE_50E/S2_TP_z01_C1,0.8,fixed_shift,12,False,False,False,,,,,,,0,,0,0,,12,0,0.0
MULTISTAGE_50E,MULTISTAGE_50E/S2_TP_z01_C1,0.8,pchp_method,12,False,False,False,,,,,,,0,,0,0,,12,0,0.0
MULTISTAGE_50E,MULTISTAGE_50E/S2_TP_z01_C1,0.9,protected_state,12,False,False,False,,,,,,,0,,0,0,,12,0,0.0
MULTISTAGE_50E,MULTISTAGE_50E/S2_TP_z01_C1,0.9,fixed_shift,12,False,False,False,,,,,,,0,,0,0,,12,0,0.0
MULTISTAGE_50E,MULTISTAGE_50E/S2_TP_z01_C1,0.9,pchp_method,12,False,False,False,,,,,,,0,,0,0,,12,0,0.0
MULTISTAGE_50E,MULTISTAGE_50E/S2_TP_z01_C2,0.7,protected_state,12,False,False,False,,,,,,,0,,0,0,,12,0,0.0
MULTISTAGE_50E,MULTISTAGE_50E/S2_TP_z01_C2,0.7,fixed_shift,12,False,False,False,,,,,,,0,,0,0,,12,0,0.0
MULTISTAGE_50E,MULTISTAGE_50E/S2_TP_z01_C2,0.7,pchp_method,12,False,False,False,,,,,,,0,,0,0,,12,0,0.0
MULTISTAGE_50E,MULTISTAGE_50E/S2_TP_z01_C2,0.8,protected_state,12,False,False,False,,,,,,,0,,0,0,,12,0,0.0
MULTISTAGE_50E,MULTISTAGE_50E/S2_TP_z01_C2,0.8,fixed_shift,12,False,False,False,,,,,,,0,,0,0,,12,0,0.0
MULTISTAGE_50E,MULTISTAGE_50E/S2_TP_z01_C2,0.8,pchp_method,12,False,False,False,,,,,,,0,,0,0,,12,0,0.0
MULTISTAGE_50E,MULTISTAGE_50E/S2_TP_z01_C2,0.9,protected_state,12,False,False,False,,,,,,,0,,0,0,,12,0,0.0
MULTISTAGE_50E,MULTISTAGE_50E/S2_TP_z01_C2,0.9,fixed_shift,12,False,False,False,,,,,,,0,,0,0,,12,0,0.0
MULTISTAGE_50E,MULTISTAGE_50E/S2_TP_z01_C2,0.9,pchp_method,12,False,False,False,,,,,,,0,,0,0,,12,0,0.0
MULTISTAGE_50E,MULTISTAGE_50E/S2_TP_z01_C3,0.7,protected_state,12,False,False,False,,,,,,,0,,0,0,,12,0,0.0
MULTISTAGE_50E,MULTISTAGE_50E/S2_TP_z01_C3,0.7,fixed_shift,12,False,False,False,,,,,,,0,,0,0,,12,0,0.0
MULTISTAGE_50E,MULTISTAGE_50E/S2_TP_z01_C3,0.7,pchp_method,12,False,False,False,,,,,,,0,,0,0,,12,0,0.0
MULTISTAGE_50E,MULTISTAGE_50E/S2_TP_z01_C3,0.8,protected_state,12,False,False,False,,,,,,,0,,0,0,,12,0,0.0
MULTISTAGE_50E,MULTISTAGE_50E/S2_TP_z01_C3,0.8,fixed_shift,12,False,False,False,,,,,,,0,,0,0,,12,0,0.0
MULTISTAGE_50E,MULTISTAGE_50E/S2_TP_z01_C3,0.8,pchp_method,12,False,False,False,,,,,,,0,,0,0,,12,0,0.0
MULTISTAGE_50E,MULTISTAGE_50E/S2_TP_z01_C3,0.9,protected_state,12,False,False,False,,,,,,,0,,0,0,,12,0,0.0
MULTISTAGE_50E,MULTISTAGE_50E/S2_TP_z01_C3,0.9,fixed_shift,12,False,False,False,,,,,,,0,,0,0,,12,0,0.0
MULTISTAGE_50E,MULTISTAGE_50E/S2_TP_z01_C3,0.9,pchp_method,12,False,False,False,,,,,,,0,,0,0,,12,0,0.0
MULTISTAGE_50E,MULTISTAGE_50E/S2_TP_z02_C1,0.7,protected_state,4,False,False,False,,,,,,,0,,0,0,,4,0,0.0
MULTISTAGE_50E,MULTISTAGE_50E/S2_TP_z02_C1,0.7,fixed_shift,4,False,False,False,,,,,,,0,,0,0,,4,0,0.0
MULTISTAGE_50E,MULTISTAGE_50E/S2_TP_z02_C1,0.7,pchp_method,4,False,False,False,,,,,,,0,,0,0,,4,0,0.0
MULTISTAGE_50E,MULTISTAGE_50E/S2_TP_z02_C1,0.8,protected_state,4,False,False,False,,,,,,,0,,0,0,,4,0,0.0
MULTISTAGE_50E,MULTISTAGE_50E/S2_TP_z02_C1,0.8,fixed_shift,4,False,False,False,,,,,,,0,,0,0,,4,0,0.0
MULTISTAGE_50E,MULTISTAGE_50E/S2_TP_z02_C1,0.8,pchp_method,4,False,False,False,,,,,,,0,,0,0,,4,0,0.0
MULTISTAGE_50E,MULTISTAGE_50E/S2_TP_z02_C1,0.9,protected_state,4,True,False,False,3.0,,2.0,2.0,,1.0,0,0.0,1,1,1.0,3,0,0.0
MULTISTAGE_50E,MULTISTAGE_50E/S2_TP_z02_C1,0.9,fixed_shift,4,True,False,False,3.0,,2.0,2.0,,1.0,0,0.0,1,1,1.0,3,0,0.0
MULTISTAGE_50E,MULTISTAGE_50E/S2_TP_z02_C1,0.9,pchp_method,4,True,False,False,3.0,,2.0,2.0,,1.0,0,0.0,1,1,1.0,3,0,0.0
MULTISTAGE_50E,MULTISTAGE_50E/S2_TP_z02_C2,0.7,protected_state,4,False,False,False,,,,,,,0,,0,0,,4,0,0.0
MULTISTAGE_50E,MULTISTAGE_50E/S2_TP_z02_C2,0.7,fixed_shift,4,False,False,False,,,,,,,0,,0,0,,4,0,0.0
MULTISTAGE_50E,MULTISTAGE_50E/S2_TP_z02_C2,0.7,pchp_method,4,False,False,False,,,,,,,0,,0,0,,4,0,0.0
MULTISTAGE_50E,MULTISTAGE_50E/S2_TP_z02_C2,0.8,protected_state,4,False,False,False,,,,,,,0,,0,0,,4,0,0.0
MULTISTAGE_50E,MULTISTAGE_50E/S2_TP_z02_C2,0.8,fixed_shift,4,False,False,False,,,,,,,0,,0,0,,4,0,0.0
MULTISTAGE_50E,MULTISTAGE_50E/S2_TP_z02_C2,0.8,pchp_method,4,False,False,False,,,,,,,0,,0,0,,4,0,0.0
MULTISTAGE_50E,MULTISTAGE_50E/S2_TP_z02_C2,0.9,protected_state,4,True,False,False,3.0,,2.0,2.0,,1.0,0,0.0,2,2,1.0,2,0,0.0
MULTISTAGE_50E,MULTISTAGE_50E/S2_TP_z02_C2,0.9,fixed_shift,4,True,False,False,3.0,,2.0,2.0,,1.0,0,0.0,2,2,1.0,2,0,0.0
MULTISTAGE_50E,MULTISTAGE_50E/S2_TP_z02_C2,0.9,pchp_method,4,True,False,False,3.0,,2.0,2.0,,1.0,0,0.0,2,2,1.0,2,0,0.0
MULTISTAGE_50E,MULTISTAGE_50E/S2_TP_z02_C3,0.7,protected_state,2,False,False,False,,,,,,,0,,0,0,,2,0,0.0
MULTISTAGE_50E,MULTISTAGE_50E/S2_TP_z02_C3,0.7,fixed_shift,2,False,False,False,,,,,,,0,,0,0,,2,0,0.0
MULTISTAGE_50E,MULTISTAGE_50E/S2_TP_z02_C3,0.7,pchp_method,2,False,False,False,,,,,,,0,,0,0,,2,0,0.0
MULTISTAGE_50E,MULTISTAGE_50E/S2_TP_z02_C3,0.8,protected_state,2,False,False,False,,,,,,,0,,0,0,,2,0,0.0
MULTISTAGE_50E,MULTISTAGE_50E/S2_TP_z02_C3,0.8,fixed_shift,2,False,False,False,,,,,,,0,,0,0,,2,0,0.0
MULTISTAGE_50E,MULTISTAGE_50E/S2_TP_z02_C3,0.8,pchp_method,2,False,False,False,,,,,,,0,,0,0,,2,0,0.0
MULTISTAGE_50E,MULTISTAGE_50E/S2_TP_z02_C3,0.9,protected_state,2,False,True,False,,1.0,,,,,1,,0,0,,2,2,1.0
MULTISTAGE_50E,MULTISTAGE_50E/S2_TP_z02_C3,0.9,fixed_shift,2,False,False,False,,,,,,,0,,0,0,,2,0,0.0
MULTISTAGE_50E,MULTISTAGE_50E/S2_TP_z02_C3,0.9,pchp_method,2,False,False,False,,,,,,,0,,0,0,,2,0,0.0
MULTISTAGE_50E,MULTISTAGE_50E/S2_TP_z03_C1,0.7,protected_state,12,False,False,False,,,,,,,0,,0,0,,12,0,0.0
MULTISTAGE_50E,MULTISTAGE_50E/S2_TP_z03_C1,0.7,fixed_shift,12,False,False,False,,,,,,,0,,0,0,,12,0,0.0
MULTISTAGE_50E,MULTISTAGE_50E/S2_TP_z03_C1,0.7,pchp_method,12,False,False,False,,,,,,,0,,0,0,,12,0,0.0
MULTISTAGE_50E,MULTISTAGE_50E/S2_TP_z03_C1,0.8,protected_state,12,False,False,False,,,,,,,0,,0,0,,12,0,0.0
MULTISTAGE_50E,MULTISTAGE_50E/S2_TP_z03_C1,0.8,fixed_shift,12,False,False,False,,,,,,,0,,0,0,,12,0,0.0
MULTISTAGE_50E,MULTISTAGE_50E/S2_TP_z03_C1,0.8,pchp_method,12,False,False,False,,,,,,,0,,0,0,,12,0,0.0
MULTISTAGE_50E,MULTISTAGE_50E/S2_TP_z03_C1,0.9,protected_state,12,True,False,False,11.0,,2.0,2.0,,1.0,0,0.0,2,2,1.0,10,0,0.0
MULTISTAGE_50E,MULTISTAGE_50E/S2_TP_z03_C1,0.9,fixed_shift,12,True,False,False,11.0,,2.0,2.0,,1.0,0,0.0,2,2,1.0,10,0,0.0
MULTISTAGE_50E,MULTISTAGE_50E/S2_TP_z03_C1,0.9,pchp_method,12,True,False,False,11.0,,2.0,2.0,,1.0,0,0.0,2,2,1.0,10,0,0.0
MULTISTAGE_50E,MULTISTAGE_50E/S2_TP_z03_C2,0.7,protected_state,12,False,False,False,,,,,,,0,,0,0,,12,0,0.0
MULTISTAGE_50E,MULTISTAGE_50E/S2_TP_z03_C2,0.7,fixed_shift,12,False,False,False,,,,,,,0,,0,0,,12,0,0.0
MULTISTAGE_50E,MULTISTAGE_50E/S2_TP_z03_C2,0.7,pchp_method,12,False,False,False,,,,,,,0,,0,0,,12,0,0.0
MULTISTAGE_50E,MULTISTAGE_50E/S2_TP_z03_C2,0.8,protected_state,12,False,False,False,,,,,,,0,,0,0,,12,0,0.0
MULTISTAGE_50E,MULTISTAGE_50E/S2_TP_z03_C2,0.8,fixed_shift,12,False,False,False,,,,,,,0,,0,0,,12,0,0.0
MULTISTAGE_50E,MULTISTAGE_50E/S2_TP_z03_C2,0.8,pchp_method,12,False,False,False,,,,,,,0,,0,0,,12,0,0.0
MULTISTAGE_50E,MULTISTAGE_50E/S2_TP_z03_C2,0.9,protected_state,12,True,False,False,11.0,,2.0,2.0,,1.0,0,0.0,2,2,1.0,10,0,0.0
MULTISTAGE_50E,MULTISTAGE_50E/S2_TP_z03_C2,0.9,fixed_shift,12,True,False,False,11.0,,2.0,2.0,,1.0,0,0.0,2,2,1.0,10,0,0.0
MULTISTAGE_50E,MULTISTAGE_50E/S2_TP_z03_C2,0.9,pchp_method,12,True,False,False,11.0,,2.0,2.0,,1.0,0,0.0,2,2,1.0,10,0,0.0
MULTISTAGE_50E,MULTISTAGE_50E/S2_TP_z03_C3,0.7,protected_state,12,False,False,False,,,,,,,0,,0,0,,12,0,0.0
MULTISTAGE_50E,MULTISTAGE_50E/S2_TP_z03_C3,0.7,fixed_shift,12,False,False,False,,,,,,,0,,0,0,,12,0,0.0
MULTISTAGE_50E,MULTISTAGE_50E/S2_TP_z03_C3,0.7,pchp_method,12,False,False,False,,,,,,,0,,0,0,,12,0,0.0
MULTISTAGE_50E,MULTISTAGE_50E/S2_TP_z03_C3,0.8,protected_state,12,False,False,False,,,,,,,0,,0,0,,12,0,0.0
MULTISTAGE_50E,MULTISTAGE_50E/S2_TP_z03_C3,0.8,fixed_shift,12,False,False,False,,,,,,,0,,0,0,,12,0,0.0
MULTISTAGE_50E,MULTISTAGE_50E/S2_TP_z03_C3,0.8,pchp_method,12,False,False,False,,,,,,,0,,0,0,,12,0,0.0
MULTISTAGE_50E,MULTISTAGE_50E/S2_TP_z03_C3,0.9,protected_state,12,True,False,False,11.0,,2.0,2.0,,1.0,0,0.0,2,2,1.0,10,0,0.0
MULTISTAGE_50E,MULTISTAGE_50E/S2_TP_z03_C3,0.9,fixed_shift,12,True,False,False,11.0,,2.0,2.0,,1.0,0,0.0,2,2,1.0,10,0,0.0
MULTISTAGE_50E,MULTISTAGE_50E/S2_TP_z03_C3,0.9,pchp_method,12,True,False,False,11.0,,2.0,2.0,,1.0,0,0.0,2,2,1.0,10,0,0.0
MULTISTAGE_50E,MULTISTAGE_50E/S2_TP_z04_C1,0.7,protected_state,8,False,False,False,,,,,,,0,,0,0,,8,0,0.0
MULTISTAGE_50E,MULTISTAGE_50E/S2_TP_z04_C1,0.7,fixed_shift,8,False,False,False,,,,,,,0,,0,0,,8,0,0.0
MULTISTAGE_50E,MULTISTAGE_50E/S2_TP_z04_C1,0.7,pchp_method,8,False,False,False,,,,,,,0,,0,0,,8,0,0.0
MULTISTAGE_50E,MULTISTAGE_50E/S2_TP_z04_C1,0.8,protected_state,8,False,False,False,,,,,,,0,,0,0,,8,0,0.0
MULTISTAGE_50E,MULTISTAGE_50E/S2_TP_z04_C1,0.8,fixed_shift,8,False,False,False,,,,,,,0,,0,0,,8,0,0.0
MULTISTAGE_50E,MULTISTAGE_50E/S2_TP_z04_C1,0.8,pchp_method,8,False,False,False,,,,,,,0,,0,0,,8,0,0.0
MULTISTAGE_50E,MULTISTAGE_50E/S2_TP_z04_C1,0.9,protected_state,8,False,False,False,,,,,,,0,,0,0,,8,0,0.0
MULTISTAGE_50E,MULTISTAGE_50E/S2_TP_z04_C1,0.9,fixed_shift,8,False,False,False,,,,,,,0,,0,0,,8,0,0.0
MULTISTAGE_50E,MULTISTAGE_50E/S2_TP_z04_C1,0.9,pchp_method,8,False,False,False,,,,,,,0,,0,0,,8,0,0.0
MULTISTAGE_50E,MULTISTAGE_50E/S2_TP_z04_C2,0.7,protected_state,8,False,False,False,,,,,,,0,,0,0,,8,0,0.0
MULTISTAGE_50E,MULTISTAGE_50E/S2_TP_z04_C2,0.7,fixed_shift,8,False,False,False,,,,,,,0,,0,0,,8,0,0.0
MULTISTAGE_50E,MULTISTAGE_50E/S2_TP_z04_C2,0.7,pchp_method,8,False,False,False,,,,,,,0,,0,0,,8,0,0.0
MULTISTAGE_50E,MULTISTAGE_50E/S2_TP_z04_C2,0.8,protected_state,8,False,False,False,,,,,,,0,,0,0,,8,0,0.0
MULTISTAGE_50E,MULTISTAGE_50E/S2_TP_z04_C2,0.8,fixed_shift,8,False,False,False,,,,,,,0,,0,0,,8,0,0.0
MULTISTAGE_50E,MULTISTAGE_50E/S2_TP_z04_C2,0.8,pchp_method,8,False,False,False,,,,,,,0,,0,0,,8,0,0.0
MULTISTAGE_50E,MULTISTAGE_50E/S2_TP_z04_C2,0.9,protected_state,8,False,False,False,,,,,,,0,,0,0,,8,0,0.0
MULTISTAGE_50E,MULTISTAGE_50E/S2_TP_z04_C2,0.9,fixed_shift,8,False,False,False,,,,,,,0,,0,0,,8,0,0.0
MULTISTAGE_50E,MULTISTAGE_50E/S2_TP_z04_C2,0.9,pchp_method,8,False,False,False,,,,,,,0,,0,0,,8,0,0.0
MULTISTAGE_50E,MULTISTAGE_50E/S2_TP_z04_C3,0.7,protected_state,8,False,False,False,,,,,,,0,,0,0,,8,0,0.0
MULTISTAGE_50E,MULTISTAGE_50E/S2_TP_z04_C3,0.7,fixed_shift,8,False,False,False,,,,,,,0,,0,0,,8,0,0.0
MULTISTAGE_50E,MULTISTAGE_50E/S2_TP_z04_C3,0.7,pchp_method,8,False,False,False,,,,,,,0,,0,0,,8,0,0.0
MULTISTAGE_50E,MULTISTAGE_50E/S2_TP_z04_C3,0.8,protected_state,8,False,False,False,,,,,,,0,,0,0,,8,0,0.0
MULTISTAGE_50E,MULTISTAGE_50E/S2_TP_z04_C3,0.8,fixed_shift,8,False,False,False,,,,,,,0,,0,0,,8,0,0.0
MULTISTAGE_50E,MULTISTAGE_50E/S2_TP_z04_C3,0.8,pchp_method,8,False,False,False,,,,,,,0,,0,0,,8,0,0.0
MULTISTAGE_50E,MULTISTAGE_50E/S2_TP_z04_C3,0.9,protected_state,8,False,False,False,,,,,,,0,,0,0,,8,0,0.0
MULTISTAGE_50E,MULTISTAGE_50E/S2_TP_z04_C3,0.9,fixed_shift,8,False,False,False,,,,,,,0,,0,0,,8,0,0.0
MULTISTAGE_50E,MULTISTAGE_50E/S2_TP_z04_C3,0.9,pchp_method,8,False,False,False,,,,,,,0,,0,0,,8,0,0.0
MULTISTAGE_50E,MULTISTAGE_50E/S2_TP_z05_C1,0.7,protected_state,8,False,False,False,,,,,,,0,,0,0,,8,0,0.0
MULTISTAGE_50E,MULTISTAGE_50E/S2_TP_z05_C1,0.7,fixed_shift,8,False,False,False,,,,,,,0,,0,0,,8,0,0.0
MULTISTAGE_50E,MULTISTAGE_50E/S2_TP_z05_C1,0.7,pchp_method,8,False,False,False,,,,,,,0,,0,0,,8,0,0.0
MULTISTAGE_50E,MULTISTAGE_50E/S2_TP_z05_C1,0.8,protected_state,8,False,False,False,,,,,,,0,,0,0,,8,0,0.0
MULTISTAGE_50E,MULTISTAGE_50E/S2_TP_z05_C1,0.8,fixed_shift,8,False,False,False,,,,,,,0,,0,0,,8,0,0.0
MULTISTAGE_50E,MULTISTAGE_50E/S2_TP_z05_C1,0.8,pchp_method,8,False,False,False,,,,,,,0,,0,0,,8,0,0.0
MULTISTAGE_50E,MULTISTAGE_50E/S2_TP_z05_C1,0.9,protected_state,8,False,False,False,,,,,,,0,,0,0,,8,0,0.0
MULTISTAGE_50E,MULTISTAGE_50E/S2_TP_z05_C1,0.9,fixed_shift,8,False,False,False,,,,,,,0,,0,0,,8,0,0.0
MULTISTAGE_50E,MULTISTAGE_50E/S2_TP_z05_C1,0.9,pchp_method,8,False,False,False,,,,,,,0,,0,0,,8,0,0.0
MULTISTAGE_50E,MULTISTAGE_50E/S2_TP_z05_C2,0.7,protected_state,8,False,False,False,,,,,,,0,,0,0,,8,0,0.0
MULTISTAGE_50E,MULTISTAGE_50E/S2_TP_z05_C2,0.7,fixed_shift,8,False,False,False,,,,,,,0,,0,0,,8,0,0.0
MULTISTAGE_50E,MULTISTAGE_50E/S2_TP_z05_C2,0.7,pchp_method,8,False,False,False,,,,,,,0,,0,0,,8,0,0.0
MULTISTAGE_50E,MULTISTAGE_50E/S2_TP_z05_C2,0.8,protected_state,8,False,False,False,,,,,,,0,,0,0,,8,0,0.0
MULTISTAGE_50E,MULTISTAGE_50E/S2_TP_z05_C2,0.8,fixed_shift,8,False,False,False,,,,,,,0,,0,0,,8,0,0.0
MULTISTAGE_50E,MULTISTAGE_50E/S2_TP_z05_C2,0.8,pchp_method,8,False,False,False,,,,,,,0,,0,0,,8,0,0.0
MULTISTAGE_50E,MULTISTAGE_50E/S2_TP_z05_C2,0.9,protected_state,8,False,False,False,,,,,,,0,,0,0,,8,0,0.0
MULTISTAGE_50E,MULTISTAGE_50E/S2_TP_z05_C2,0.9,fixed_shift,8,False,False,False,,,,,,,0,,0,0,,8,0,0.0
MULTISTAGE_50E,MULTISTAGE_50E/S2_TP_z05_C2,0.9,pchp_method,8,False,False,False,,,,,,,0,,0,0,,8,0,0.0
MULTISTAGE_50E,MULTISTAGE_50E/S2_TP_z05_C3,0.7,protected_state,8,False,False,False,,,,,,,0,,0,0,,8,0,0.0
MULTISTAGE_50E,MULTISTAGE_50E/S2_TP_z05_C3,0.7,fixed_shift,8,False,False,False,,,,,,,0,,0,0,,8,0,0.0
MULTISTAGE_50E,MULTISTAGE_50E/S2_TP_z05_C3,0.7,pchp_method,8,False,False,False,,,,,,,0,,0,0,,8,0,0.0
MULTISTAGE_50E,MULTISTAGE_50E/S2_TP_z05_C3,0.8,protected_state,8,False,False,False,,,,,,,0,,0,0,,8,0,0.0
MULTISTAGE_50E,MULTISTAGE_50E/S2_TP_z05_C3,0.8,fixed_shift,8,False,False,False,,,,,,,0,,0,0,,8,0,0.0
MULTISTAGE_50E,MULTISTAGE_50E/S2_TP_z05_C3,0.8,pchp_method,8,False,False,False,,,,,,,0,,0,0,,8,0,0.0
MULTISTAGE_50E,MULTISTAGE_50E/S2_TP_z05_C3,0.9,protected_state,8,False,False,False,,,,,,,0,,0,0,,8,0,0.0
MULTISTAGE_50E,MULTISTAGE_50E/S2_TP_z05_C3,0.9,fixed_shift,8,False,False,False,,,,,,,0,,0,0,,8,0,0.0
MULTISTAGE_50E,MULTISTAGE_50E/S2_TP_z05_C3,0.9,pchp_method,8,False,False,False,,,,,,,0,,0,0,,8,0,0.0
MULTISTAGE_50E,MULTISTAGE_50E/S2_TP_z06_C1,0.7,protected_state,8,False,False,False,,,,,,,0,,0,0,,8,0,0.0
MULTISTAGE_50E,MULTISTAGE_50E/S2_TP_z06_C1,0.7,fixed_shift,8,False,False,False,,,,,,,0,,0,0,,8,0,0.0
MULTISTAGE_50E,MULTISTAGE_50E/S2_TP_z06_C1,0.7,pchp_method,8,False,False,False,,,,,,,0,,0,0,,8,0,0.0
MULTISTAGE_50E,MULTISTAGE_50E/S2_TP_z06_C1,0.8,protected_state,8,False,False,False,,,,,,,0,,0,0,,8,0,0.0
MULTISTAGE_50E,MULTISTAGE_50E/S2_TP_z06_C1,0.8,fixed_shift,8,False,False,False,,,,,,,0,,0,0,,8,0,0.0
MULTISTAGE_50E,MULTISTAGE_50E/S2_TP_z06_C1,0.8,pchp_method,8,False,False,False,,,,,,,0,,0,0,,8,0,0.0
MULTISTAGE_50E,MULTISTAGE_50E/S2_TP_z06_C1,0.9,protected_state,8,False,False,False,,,,,,,0,,0,0,,8,0,0.0
MULTISTAGE_50E,MULTISTAGE_50E/S2_TP_z06_C1,0.9,fixed_shift,8,False,False,False,,,,,,,0,,0,0,,8,0,0.0
MULTISTAGE_50E,MULTISTAGE_50E/S2_TP_z06_C1,0.9,pchp_method,8,False,False,False,,,,,,,0,,0,0,,8,0,0.0
MULTISTAGE_50E,MULTISTAGE_50E/S2_TP_z06_C2,0.7,protected_state,8,False,False,False,,,,,,,0,,0,0,,8,0,0.0
MULTISTAGE_50E,MULTISTAGE_50E/S2_TP_z06_C2,0.7,fixed_shift,8,False,False,False,,,,,,,0,,0,0,,8,0,0.0
MULTISTAGE_50E,MULTISTAGE_50E/S2_TP_z06_C2,0.7,pchp_method,8,False,False,False,,,,,,,0,,0,0,,8,0,0.0
MULTISTAGE_50E,MULTISTAGE_50E/S2_TP_z06_C2,0.8,protected_state,8,False,False,False,,,,,,,0,,0,0,,8,0,0.0
MULTISTAGE_50E,MULTISTAGE_50E/S2_TP_z06_C2,0.8,fixed_shift,8,False,False,False,,,,,,,0,,0,0,,8,0,0.0
MULTISTAGE_50E,MULTISTAGE_50E/S2_TP_z06_C2,0.8,pchp_method,8,False,False,False,,,,,,,0,,0,0,,8,0,0.0
MULTISTAGE_50E,MULTISTAGE_50E/S2_TP_z06_C2,0.9,protected_state,8,False,False,False,,,,,,,0,,0,0,,8,0,0.0
MULTISTAGE_50E,MULTISTAGE_50E/S2_TP_z06_C2,0.9,fixed_shift,8,False,False,False,,,,,,,0,,0,0,,8,0,0.0
MULTISTAGE_50E,MULTISTAGE_50E/S2_TP_z06_C2,0.9,pchp_method,8,False,False,False,,,,,,,0,,0,0,,8,0,0.0
MULTISTAGE_50E,MULTISTAGE_50E/S2_TP_z06_C3,0.7,protected_state,8,False,False,False,,,,,,,0,,0,0,,8,0,0.0
MULTISTAGE_50E,MULTISTAGE_50E/S2_TP_z06_C3,0.7,fixed_shift,8,False,False,False,,,,,,,0,,0,0,,8,0,0.0
MULTISTAGE_50E,MULTISTAGE_50E/S2_TP_z06_C3,0.7,pchp_method,8,False,False,False,,,,,,,0,,0,0,,8,0,0.0
MULTISTAGE_50E,MULTISTAGE_50E/S2_TP_z06_C3,0.8,protected_state,8,False,False,False,,,,,,,0,,0,0,,8,0,0.0
MULTISTAGE_50E,MULTISTAGE_50E/S2_TP_z06_C3,0.8,fixed_shift,8,False,False,False,,,,,,,0,,0,0,,8,0,0.0
MULTISTAGE_50E,MULTISTAGE_50E/S2_TP_z06_C3,0.8,pchp_method,8,False,False,False,,,,,,,0,,0,0,,8,0,0.0
MULTISTAGE_50E,MULTISTAGE_50E/S2_TP_z06_C3,0.9,protected_state,8,False,False,False,,,,,,,0,,0,0,,8,0,0.0
MULTISTAGE_50E,MULTISTAGE_50E/S2_TP_z06_C3,0.9,fixed_shift,8,False,False,False,,,,,,,0,,0,0,,8,0,0.0
MULTISTAGE_50E,MULTISTAGE_50E/S2_TP_z06_C3,0.9,pchp_method,8,False,False,False,,,,,,,0,,0,0,,8,0,0.0
MULTISTAGE_50E,MULTISTAGE_50E/S2_TP_z07_C1,0.7,protected_state,8,False,False,False,,,,,,,0,,0,0,,8,0,0.0
MULTISTAGE_50E,MULTISTAGE_50E/S2_TP_z07_C1,0.7,fixed_shift,8,False,False,False,,,,,,,0,,0,0,,8,0,0.0
MULTISTAGE_50E,MULTISTAGE_50E/S2_TP_z07_C1,0.7,pchp_method,8,False,False,False,,,,,,,0,,0,0,,8,0,0.0
MULTISTAGE_50E,MULTISTAGE_50E/S2_TP_z07_C1,0.8,protected_state,8,False,False,False,,,,,,,0,,0,0,,8,0,0.0
MULTISTAGE_50E,MULTISTAGE_50E/S2_TP_z07_C1,0.8,fixed_shift,8,False,False,False,,,,,,,0,,0,0,,8,0,0.0
MULTISTAGE_50E,MULTISTAGE_50E/S2_TP_z07_C1,0.8,pchp_method,8,False,False,False,,,,,,,0,,0,0,,8,0,0.0
MULTISTAGE_50E,MULTISTAGE_50E/S2_TP_z07_C1,0.9,protected_state,8,False,False,False,,,,,,,0,,0,0,,8,0,0.0
MULTISTAGE_50E,MULTISTAGE_50E/S2_TP_z07_C1,0.9,fixed_shift,8,False,False,False,,,,,,,0,,0,0,,8,0,0.0
MULTISTAGE_50E,MULTISTAGE_50E/S2_TP_z07_C1,0.9,pchp_method,8,False,False,False,,,,,,,0,,0,0,,8,0,0.0
MULTISTAGE_50E,MULTISTAGE_50E/S2_TP_z07_C2,0.7,protected_state,8,False,False,False,,,,,,,0,,0,0,,8,0,0.0
MULTISTAGE_50E,MULTISTAGE_50E/S2_TP_z07_C2,0.7,fixed_shift,8,False,False,False,,,,,,,0,,0,0,,8,0,0.0
MULTISTAGE_50E,MULTISTAGE_50E/S2_TP_z07_C2,0.7,pchp_method,8,False,False,False,,,,,,,0,,0,0,,8,0,0.0
MULTISTAGE_50E,MULTISTAGE_50E/S2_TP_z07_C2,0.8,protected_state,8,False,False,False,,,,,,,0,,0,0,,8,0,0.0
MULTISTAGE_50E,MULTISTAGE_50E/S2_TP_z07_C2,0.8,fixed_shift,8,False,False,False,,,,,,,0,,0,0,,8,0,0.0
MULTISTAGE_50E,MULTISTAGE_50E/S2_TP_z07_C2,0.8,pchp_method,8,False,False,False,,,,,,,0,,0,0,,8,0,0.0
MULTISTAGE_50E,MULTISTAGE_50E/S2_TP_z07_C2,0.9,protected_state,8,False,False,False,,,,,,,0,,0,0,,8,0,0.0
MULTISTAGE_50E,MULTISTAGE_50E/S2_TP_z07_C2,0.9,fixed_shift,8,False,False,False,,,,,,,0,,0,0,,8,0,0.0
MULTISTAGE_50E,MULTISTAGE_50E/S2_TP_z07_C2,0.9,pchp_method,8,False,False,False,,,,,,,0,,0,0,,8,0,0.0
MULTISTAGE_50E,MULTISTAGE_50E/S2_TP_z07_C3,0.7,protected_state,8,False,False,False,,,,,,,0,,0,0,,8,0,0.0
MULTISTAGE_50E,MULTISTAGE_50E/S2_TP_z07_C3,0.7,fixed_shift,8,False,False,False,,,,,,,0,,0,0,,8,0,0.0
MULTISTAGE_50E,MULTISTAGE_50E/S2_TP_z07_C3,0.7,pchp_method,8,False,False,False,,,,,,,0,,0,0,,8,0,0.0
MULTISTAGE_50E,MULTISTAGE_50E/S2_TP_z07_C3,0.8,protected_state,8,False,False,False,,,,,,,0,,0,0,,8,0,0.0
MULTISTAGE_50E,MULTISTAGE_50E/S2_TP_z07_C3,0.8,fixed_shift,8,False,False,False,,,,,,,0,,0,0,,8,0,0.0
MULTISTAGE_50E,MULTISTAGE_50E/S2_TP_z07_C3,0.8,pchp_method,8,False,False,False,,,,,,,0,,0,0,,8,0,0.0
MULTISTAGE_50E,MULTISTAGE_50E/S2_TP_z07_C3,0.9,protected_state,8,False,False,False,,,,,,,0,,0,0,,8,0,0.0
MULTISTAGE_50E,MULTISTAGE_50E/S2_TP_z07_C3,0.9,fixed_shift,8,False,False,False,,,,,,,0,,0,0,,8,0,0.0
MULTISTAGE_50E,MULTISTAGE_50E/S2_TP_z07_C3,0.9,pchp_method,8,False,False,False,,,,,,,0,,0,0,,8,0,0.0
MULTISTAGE_50E,MULTISTAGE_50E/S2_TP_z08_C1,0.7,protected_state,8,False,False,False,,,,,,,0,,0,0,,8,0,0.0
MULTISTAGE_50E,MULTISTAGE_50E/S2_TP_z08_C1,0.7,fixed_shift,8,False,False,False,,,,,,,0,,0,0,,8,0,0.0
MULTISTAGE_50E,MULTISTAGE_50E/S2_TP_z08_C1,0.7,pchp_method,8,False,False,False,,,,,,,0,,0,0,,8,0,0.0
MULTISTAGE_50E,MULTISTAGE_50E/S2_TP_z08_C1,0.8,protected_state,8,False,False,False,,,,,,,0,,0,0,,8,0,0.0
MULTISTAGE_50E,MULTISTAGE_50E/S2_TP_z08_C1,0.8,fixed_shift,8,False,False,False,,,,,,,0,,0,0,,8,0,0.0
MULTISTAGE_50E,MULTISTAGE_50E/S2_TP_z08_C1,0.8,pchp_method,8,False,False,False,,,,,,,0,,0,0,,8,0,0.0
MULTISTAGE_50E,MULTISTAGE_50E/S2_TP_z08_C1,0.9,protected_state,8,False,False,False,,,,,,,0,,0,0,,8,0,0.0
MULTISTAGE_50E,MULTISTAGE_50E/S2_TP_z08_C1,0.9,fixed_shift,8,False,False,False,,,,,,,0,,0,0,,8,0,0.0
MULTISTAGE_50E,MULTISTAGE_50E/S2_TP_z08_C1,0.9,pchp_method,8,False,False,False,,,,,,,0,,0,0,,8,0,0.0
MULTISTAGE_50E,MULTISTAGE_50E/S2_TP_z08_C2,0.7,protected_state,8,False,False,False,,,,,,,0,,0,0,,8,0,0.0
MULTISTAGE_50E,MULTISTAGE_50E/S2_TP_z08_C2,0.7,fixed_shift,8,False,False,False,,,,,,,0,,0,0,,8,0,0.0
MULTISTAGE_50E,MULTISTAGE_50E/S2_TP_z08_C2,0.7,pchp_method,8,False,False,False,,,,,,,0,,0,0,,8,0,0.0
MULTISTAGE_50E,MULTISTAGE_50E/S2_TP_z08_C2,0.8,protected_state,8,False,False,False,,,,,,,0,,0,0,,8,0,0.0
MULTISTAGE_50E,MULTISTAGE_50E/S2_TP_z08_C2,0.8,fixed_shift,8,False,False,False,,,,,,,0,,0,0,,8,0,0.0
MULTISTAGE_50E,MULTISTAGE_50E/S2_TP_z08_C2,0.8,pchp_method,8,False,False,False,,,,,,,0,,0,0,,8,0,0.0
MULTISTAGE_50E,MULTISTAGE_50E/S2_TP_z08_C2,0.9,protected_state,8,False,False,False,,,,,,,0,,0,0,,8,0,0.0
MULTISTAGE_50E,MULTISTAGE_50E/S2_TP_z08_C2,0.9,fixed_shift,8,False,False,False,,,,,,,0,,0,0,,8,0,0.0
MULTISTAGE_50E,MULTISTAGE_50E/S2_TP_z08_C2,0.9,pchp_method,8,False,False,False,,,,,,,0,,0,0,,8,0,0.0
MULTISTAGE_50E,MULTISTAGE_50E/S2_TP_z08_C3,0.7,protected_state,8,False,False,False,,,,,,,0,,0,0,,8,0,0.0
MULTISTAGE_50E,MULTISTAGE_50E/S2_TP_z08_C3,0.7,fixed_shift,8,False,False,False,,,,,,,0,,0,0,,8,0,0.0
MULTISTAGE_50E,MULTISTAGE_50E/S2_TP_z08_C3,0.7,pchp_method,8,False,False,False,,,,,,,0,,0,0,,8,0,0.0
MULTISTAGE_50E,MULTISTAGE_50E/S2_TP_z08_C3,0.8,protected_state,8,False,False,False,,,,,,,0,,0,0,,8,0,0.0
MULTISTAGE_50E,MULTISTAGE_50E/S2_TP_z08_C3,0.8,fixed_shift,8,False,False,False,,,,,,,0,,0,0,,8,0,0.0
MULTISTAGE_50E,MULTISTAGE_50E/S2_TP_z08_C3,0.8,pchp_method,8,False,False,False,,,,,,,0,,0,0,,8,0,0.0
MULTISTAGE_50E,MULTISTAGE_50E/S2_TP_z08_C3,0.9,protected_state,8,False,False,False,,,,,,,0,,0,0,,8,0,0.0
MULTISTAGE_50E,MULTISTAGE_50E/S2_TP_z08_C3,0.9,fixed_shift,8,False,False,False,,,,,,,0,,0,0,,8,0,0.0
MULTISTAGE_50E,MULTISTAGE_50E/S2_TP_z08_C3,0.9,pchp_method,8,False,False,False,,,,,,,0,,0,0,,8,0,0.0
MULTISTAGE_50E,MULTISTAGE_50E/S2_TP_z09_C1,0.7,protected_state,8,False,False,False,,,,,,,0,,0,0,,8,0,0.0
MULTISTAGE_50E,MULTISTAGE_50E/S2_TP_z09_C1,0.7,fixed_shift,8,False,False,False,,,,,,,0,,0,0,,8,0,0.0
MULTISTAGE_50E,MULTISTAGE_50E/S2_TP_z09_C1,0.7,pchp_method,8,False,False,False,,,,,,,0,,0,0,,8,0,0.0
MULTISTAGE_50E,MULTISTAGE_50E/S2_TP_z09_C1,0.8,protected_state,8,False,False,False,,,,,,,0,,0,0,,8,0,0.0
MULTISTAGE_50E,MULTISTAGE_50E/S2_TP_z09_C1,0.8,fixed_shift,8,False,False,False,,,,,,,0,,0,0,,8,0,0.0
MULTISTAGE_50E,MULTISTAGE_50E/S2_TP_z09_C1,0.8,pchp_method,8,False,False,False,,,,,,,0,,0,0,,8,0,0.0
MULTISTAGE_50E,MULTISTAGE_50E/S2_TP_z09_C1,0.9,protected_state,8,False,False,False,,,,,,,0,,0,0,,8,0,0.0
MULTISTAGE_50E,MULTISTAGE_50E/S2_TP_z09_C1,0.9,fixed_shift,8,False,False,False,,,,,,,0,,0,0,,8,0,0.0
MULTISTAGE_50E,MULTISTAGE_50E/S2_TP_z09_C1,0.9,pchp_method,8,False,False,False,,,,,,,0,,0,0,,8,0,0.0
MULTISTAGE_50E,MULTISTAGE_50E/S2_TP_z09_C2,0.7,protected_state,8,False,False,False,,,,,,,0,,0,0,,8,0,0.0
MULTISTAGE_50E,MULTISTAGE_50E/S2_TP_z09_C2,0.7,fixed_shift,8,False,False,False,,,,,,,0,,0,0,,8,0,0.0
MULTISTAGE_50E,MULTISTAGE_50E/S2_TP_z09_C2,0.7,pchp_method,8,False,False,False,,,,,,,0,,0,0,,8,0,0.0
MULTISTAGE_50E,MULTISTAGE_50E/S2_TP_z09_C2,0.8,protected_state,8,False,False,False,,,,,,,0,,0,0,,8,0,0.0
MULTISTAGE_50E,MULTISTAGE_50E/S2_TP_z09_C2,0.8,fixed_shift,8,False,False,False,,,,,,,0,,0,0,,8,0,0.0
MULTISTAGE_50E,MULTISTAGE_50E/S2_TP_z09_C2,0.8,pchp_method,8,False,False,False,,,,,,,0,,0,0,,8,0,0.0
MULTISTAGE_50E,MULTISTAGE_50E/S2_TP_z09_C2,0.9,protected_state,8,False,False,False,,,,,,,0,,0,0,,8,0,0.0
MULTISTAGE_50E,MULTISTAGE_50E/S2_TP_z09_C2,0.9,fixed_shift,8,False,False,False,,,,,,,0,,0,0,,8,0,0.0
MULTISTAGE_50E,MULTISTAGE_50E/S2_TP_z09_C2,0.9,pchp_method,8,False,False,False,,,,,,,0,,0,0,,8,0,0.0
MULTISTAGE_50E,MULTISTAGE_50E/S2_TP_z09_C3,0.7,protected_state,8,False,False,False,,,,,,,0,,0,0,,8,0,0.0
MULTISTAGE_50E,MULTISTAGE_50E/S2_TP_z09_C3,0.7,fixed_shift,8,False,False,False,,,,,,,0,,0,0,,8,0,0.0
MULTISTAGE_50E,MULTISTAGE_50E/S2_TP_z09_C3,0.7,pchp_method,8,False,False,False,,,,,,,0,,0,0,,8,0,0.0
MULTISTAGE_50E,MULTISTAGE_50E/S2_TP_z09_C3,0.8,protected_state,8,False,False,False,,,,,,,0,,0,0,,8,0,0.0
MULTISTAGE_50E,MULTISTAGE_50E/S2_TP_z09_C3,0.8,fixed_shift,8,False,False,False,,,,,,,0,,0,0,,8,0,0.0
MULTISTAGE_50E,MULTISTAGE_50E/S2_TP_z09_C3,0.8,pchp_method,8,False,False,False,,,,,,,0,,0,0,,8,0,0.0
MULTISTAGE_50E,MULTISTAGE_50E/S2_TP_z09_C3,0.9,protected_state,8,False,False,False,,,,,,,0,,0,0,,8,0,0.0
MULTISTAGE_50E,MULTISTAGE_50E/S2_TP_z09_C3,0.9,fixed_shift,8,False,False,False,,,,,,,0,,0,0,,8,0,0.0
MULTISTAGE_50E,MULTISTAGE_50E/S2_TP_z09_C3,0.9,pchp_method,8,False,False,False,,,,,,,0,,0,0,,8,0,0.0
MULTISTAGE_50E,MULTISTAGE_50E/S2_TP_z10_C1,0.7,protected_state,1,False,False,False,,,,,,,0,,0,0,,1,0,0.0
MULTISTAGE_50E,MULTISTAGE_50E/S2_TP_z10_C1,0.7,fixed_shift,1,False,False,False,,,,,,,0,,0,0,,1,0,0.0
MULTISTAGE_50E,MULTISTAGE_50E/S2_TP_z10_C1,0.7,pchp_method,1,False,False,False,,,,,,,0,,0,0,,1,0,0.0
MULTISTAGE_50E,MULTISTAGE_50E/S2_TP_z10_C1,0.8,protected_state,1,False,False,False,,,,,,,0,,0,0,,1,0,0.0
MULTISTAGE_50E,MULTISTAGE_50E/S2_TP_z10_C1,0.8,fixed_shift,1,False,False,False,,,,,,,0,,0,0,,1,0,0.0
MULTISTAGE_50E,MULTISTAGE_50E/S2_TP_z10_C1,0.8,pchp_method,1,False,False,False,,,,,,,0,,0,0,,1,0,0.0
MULTISTAGE_50E,MULTISTAGE_50E/S2_TP_z10_C1,0.9,protected_state,1,False,False,False,,,,,,,0,,0,0,,1,0,0.0
MULTISTAGE_50E,MULTISTAGE_50E/S2_TP_z10_C1,0.9,fixed_shift,1,False,False,False,,,,,,,0,,0,0,,1,0,0.0
MULTISTAGE_50E,MULTISTAGE_50E/S2_TP_z10_C1,0.9,pchp_method,1,False,False,False,,,,,,,0,,0,0,,1,0,0.0
MULTISTAGE_50E,MULTISTAGE_50E/S2_TP_z10_C2,0.7,protected_state,3,False,False,False,,,,,,,0,,0,0,,3,0,0.0
MULTISTAGE_50E,MULTISTAGE_50E/S2_TP_z10_C2,0.7,fixed_shift,3,False,False,False,,,,,,,0,,0,0,,3,0,0.0
MULTISTAGE_50E,MULTISTAGE_50E/S2_TP_z10_C2,0.7,pchp_method,3,False,False,False,,,,,,,0,,0,0,,3,0,0.0
MULTISTAGE_50E,MULTISTAGE_50E/S2_TP_z10_C2,0.8,protected_state,3,False,False,False,,,,,,,0,,0,0,,3,0,0.0
MULTISTAGE_50E,MULTISTAGE_50E/S2_TP_z10_C2,0.8,fixed_shift,3,False,False,False,,,,,,,0,,0,0,,3,0,0.0
MULTISTAGE_50E,MULTISTAGE_50E/S2_TP_z10_C2,0.8,pchp_method,3,False,False,False,,,,,,,0,,0,0,,3,0,0.0
MULTISTAGE_50E,MULTISTAGE_50E/S2_TP_z10_C2,0.9,protected_state,3,False,False,False,,,,,,,0,,0,0,,3,0,0.0
MULTISTAGE_50E,MULTISTAGE_50E/S2_TP_z10_C2,0.9,fixed_shift,3,False,False,False,,,,,,,0,,0,0,,3,0,0.0
MULTISTAGE_50E,MULTISTAGE_50E/S2_TP_z10_C2,0.9,pchp_method,3,False,False,False,,,,,,,0,,0,0,,3,0,0.0
MULTISTAGE_50E,MULTISTAGE_50E/S2_TP_z10_C3,0.7,protected_state,4,False,False,False,,,,,,,0,,0,0,,4,0,0.0
MULTISTAGE_50E,MULTISTAGE_50E/S2_TP_z10_C3,0.7,fixed_shift,4,False,False,False,,,,,,,0,,0,0,,4,0,0.0
MULTISTAGE_50E,MULTISTAGE_50E/S2_TP_z10_C3,0.7,pchp_method,4,False,False,False,,,,,,,0,,0,0,,4,0,0.0
MULTISTAGE_50E,MULTISTAGE_50E/S2_TP_z10_C3,0.8,protected_state,4,False,False,False,,,,,,,0,,0,0,,4,0,0.0
MULTISTAGE_50E,MULTISTAGE_50E/S2_TP_z10_C3,0.8,fixed_shift,4,False,False,False,,,,,,,0,,0,0,,4,0,0.0
MULTISTAGE_50E,MULTISTAGE_50E/S2_TP_z10_C3,0.8,pchp_method,4,False,False,False,,,,,,,0,,0,0,,4,0,0.0
MULTISTAGE_50E,MULTISTAGE_50E/S2_TP_z10_C3,0.9,protected_state,4,False,False,False,,,,,,,0,,0,0,,4,0,0.0
MULTISTAGE_50E,MULTISTAGE_50E/S2_TP_z10_C3,0.9,fixed_shift,4,False,False,False,,,,,,,0,,0,0,,4,0,0.0
MULTISTAGE_50E,MULTISTAGE_50E/S2_TP_z10_C3,0.9,pchp_method,4,False,False,False,,,,,,,0,,0,0,,4,0,0.0
MULTISTAGE_50E,MULTISTAGE_50E/S2_TP_z11_C1,0.7,protected_state,8,False,False,False,,,,,,,0,,0,0,,8,0,0.0
MULTISTAGE_50E,MULTISTAGE_50E/S2_TP_z11_C1,0.7,fixed_shift,8,False,False,False,,,,,,,0,,0,0,,8,0,0.0
MULTISTAGE_50E,MULTISTAGE_50E/S2_TP_z11_C1,0.7,pchp_method,8,False,False,False,,,,,,,0,,0,0,,8,0,0.0
MULTISTAGE_50E,MULTISTAGE_50E/S2_TP_z11_C1,0.8,protected_state,8,False,False,False,,,,,,,0,,0,0,,8,0,0.0
MULTISTAGE_50E,MULTISTAGE_50E/S2_TP_z11_C1,0.8,fixed_shift,8,False,False,False,,,,,,,0,,0,0,,8,0,0.0
MULTISTAGE_50E,MULTISTAGE_50E/S2_TP_z11_C1,0.8,pchp_method,8,False,False,False,,,,,,,0,,0,0,,8,0,0.0
MULTISTAGE_50E,MULTISTAGE_50E/S2_TP_z11_C1,0.9,protected_state,8,False,False,False,,,,,,,0,,0,0,,8,0,0.0
MULTISTAGE_50E,MULTISTAGE_50E/S2_TP_z11_C1,0.9,fixed_shift,8,False,False,False,,,,,,,0,,0,0,,8,0,0.0
MULTISTAGE_50E,MULTISTAGE_50E/S2_TP_z11_C1,0.9,pchp_method,8,False,False,False,,,,,,,0,,0,0,,8,0,0.0
MULTISTAGE_50E,MULTISTAGE_50E/S2_TP_z11_C2,0.7,protected_state,8,False,False,False,,,,,,,0,,0,0,,8,0,0.0
MULTISTAGE_50E,MULTISTAGE_50E/S2_TP_z11_C2,0.7,fixed_shift,8,False,False,False,,,,,,,0,,0,0,,8,0,0.0
MULTISTAGE_50E,MULTISTAGE_50E/S2_TP_z11_C2,0.7,pchp_method,8,False,False,False,,,,,,,0,,0,0,,8,0,0.0
MULTISTAGE_50E,MULTISTAGE_50E/S2_TP_z11_C2,0.8,protected_state,8,False,False,False,,,,,,,0,,0,0,,8,0,0.0
MULTISTAGE_50E,MULTISTAGE_50E/S2_TP_z11_C2,0.8,fixed_shift,8,False,False,False,,,,,,,0,,0,0,,8,0,0.0
MULTISTAGE_50E,MULTISTAGE_50E/S2_TP_z11_C2,0.8,pchp_method,8,False,False,False,,,,,,,0,,0,0,,8,0,0.0
MULTISTAGE_50E,MULTISTAGE_50E/S2_TP_z11_C2,0.9,protected_state,8,False,False,False,,,,,,,0,,0,0,,8,0,0.0
MULTISTAGE_50E,MULTISTAGE_50E/S2_TP_z11_C2,0.9,fixed_shift,8,False,False,False,,,,,,,0,,0,0,,8,0,0.0
MULTISTAGE_50E,MULTISTAGE_50E/S2_TP_z11_C2,0.9,pchp_method,8,False,False,False,,,,,,,0,,0,0,,8,0,0.0
MULTISTAGE_50E,MULTISTAGE_50E/S2_TP_z11_C3,0.7,protected_state,8,False,False,False,,,,,,,0,,0,0,,8,0,0.0
MULTISTAGE_50E,MULTISTAGE_50E/S2_TP_z11_C3,0.7,fixed_shift,8,False,False,False,,,,,,,0,,0,0,,8,0,0.0
MULTISTAGE_50E,MULTISTAGE_50E/S2_TP_z11_C3,0.7,pchp_method,8,False,False,False,,,,,,,0,,0,0,,8,0,0.0
MULTISTAGE_50E,MULTISTAGE_50E/S2_TP_z11_C3,0.8,protected_state,8,False,False,False,,,,,,,0,,0,0,,8,0,0.0
MULTISTAGE_50E,MULTISTAGE_50E/S2_TP_z11_C3,0.8,fixed_shift,8,False,False,False,,,,,,,0,,0,0,,8,0,0.0
MULTISTAGE_50E,MULTISTAGE_50E/S2_TP_z11_C3,0.8,pchp_method,8,False,False,False,,,,,,,0,,0,0,,8,0,0.0
MULTISTAGE_50E,MULTISTAGE_50E/S2_TP_z11_C3,0.9,protected_state,8,False,False,False,,,,,,,0,,0,0,,8,0,0.0
MULTISTAGE_50E,MULTISTAGE_50E/S2_TP_z11_C3,0.9,fixed_shift,8,False,False,False,,,,,,,0,,0,0,,8,0,0.0
MULTISTAGE_50E,MULTISTAGE_50E/S2_TP_z11_C3,0.9,pchp_method,8,False,False,False,,,,,,,0,,0,0,,8,0,0.0
MULTISTAGE_50E,MULTISTAGE_50E/S2_TP_z12_C1,0.7,protected_state,12,False,False,False,,,,,,,0,,0,0,,12,0,0.0
MULTISTAGE_50E,MULTISTAGE_50E/S2_TP_z12_C1,0.7,fixed_shift,12,False,False,False,,,,,,,0,,0,0,,12,0,0.0
MULTISTAGE_50E,MULTISTAGE_50E/S2_TP_z12_C1,0.7,pchp_method,12,False,False,False,,,,,,,0,,0,0,,12,0,0.0
MULTISTAGE_50E,MULTISTAGE_50E/S2_TP_z12_C1,0.8,protected_state,12,False,False,False,,,,,,,0,,0,0,,12,0,0.0
MULTISTAGE_50E,MULTISTAGE_50E/S2_TP_z12_C1,0.8,fixed_shift,12,False,False,False,,,,,,,0,,0,0,,12,0,0.0
MULTISTAGE_50E,MULTISTAGE_50E/S2_TP_z12_C1,0.8,pchp_method,12,False,False,False,,,,,,,0,,0,0,,12,0,0.0
MULTISTAGE_50E,MULTISTAGE_50E/S2_TP_z12_C1,0.9,protected_state,12,False,False,False,,,,,,,0,,0,0,,12,0,0.0
MULTISTAGE_50E,MULTISTAGE_50E/S2_TP_z12_C1,0.9,fixed_shift,12,False,False,False,,,,,,,0,,0,0,,12,0,0.0
MULTISTAGE_50E,MULTISTAGE_50E/S2_TP_z12_C1,0.9,pchp_method,12,False,False,False,,,,,,,0,,0,0,,12,0,0.0
MULTISTAGE_50E,MULTISTAGE_50E/S2_TP_z12_C2,0.7,protected_state,12,False,False,False,,,,,,,0,,0,0,,12,0,0.0
MULTISTAGE_50E,MULTISTAGE_50E/S2_TP_z12_C2,0.7,fixed_shift,12,False,False,False,,,,,,,0,,0,0,,12,0,0.0
MULTISTAGE_50E,MULTISTAGE_50E/S2_TP_z12_C2,0.7,pchp_method,12,False,False,False,,,,,,,0,,0,0,,12,0,0.0
MULTISTAGE_50E,MULTISTAGE_50E/S2_TP_z12_C2,0.8,protected_state,12,False,False,False,,,,,,,0,,0,0,,12,0,0.0
MULTISTAGE_50E,MULTISTAGE_50E/S2_TP_z12_C2,0.8,fixed_shift,12,False,False,False,,,,,,,0,,0,0,,12,0,0.0
MULTISTAGE_50E,MULTISTAGE_50E/S2_TP_z12_C2,0.8,pchp_method,12,False,False,False,,,,,,,0,,0,0,,12,0,0.0
MULTISTAGE_50E,MULTISTAGE_50E/S2_TP_z12_C2,0.9,protected_state,12,False,False,False,,,,,,,0,,0,0,,12,0,0.0
MULTISTAGE_50E,MULTISTAGE_50E/S2_TP_z12_C2,0.9,fixed_shift,12,False,False,False,,,,,,,0,,0,0,,12,0,0.0
MULTISTAGE_50E,MULTISTAGE_50E/S2_TP_z12_C2,0.9,pchp_method,12,False,False,False,,,,,,,0,,0,0,,12,0,0.0
MULTISTAGE_50E,MULTISTAGE_50E/S2_TP_z12_C3,0.7,protected_state,12,False,False,False,,,,,,,0,,0,0,,12,0,0.0
MULTISTAGE_50E,MULTISTAGE_50E/S2_TP_z12_C3,0.7,fixed_shift,12,False,False,False,,,,,,,0,,0,0,,12,0,0.0
MULTISTAGE_50E,MULTISTAGE_50E/S2_TP_z12_C3,0.7,pchp_method,12,False,False,False,,,,,,,0,,0,0,,12,0,0.0
MULTISTAGE_50E,MULTISTAGE_50E/S2_TP_z12_C3,0.8,protected_state,12,False,False,False,,,,,,,0,,0,0,,12,0,0.0
MULTISTAGE_50E,MULTISTAGE_50E/S2_TP_z12_C3,0.8,fixed_shift,12,False,False,False,,,,,,,0,,0,0,,12,0,0.0
MULTISTAGE_50E,MULTISTAGE_50E/S2_TP_z12_C3,0.8,pchp_method,12,False,False,False,,,,,,,0,,0,0,,12,0,0.0
MULTISTAGE_50E,MULTISTAGE_50E/S2_TP_z12_C3,0.9,protected_state,12,False,False,False,,,,,,,0,,0,0,,12,0,0.0
MULTISTAGE_50E,MULTISTAGE_50E/S2_TP_z12_C3,0.9,fixed_shift,12,False,False,False,,,,,,,0,,0,0,,12,0,0.0
MULTISTAGE_50E,MULTISTAGE_50E/S2_TP_z12_C3,0.9,pchp_method,12,False,False,False,,,,,,,0,,0,0,,12,0,0.0
MULTISTAGE_50E,MULTISTAGE_50E/S2_TP_z13_C1,0.7,protected_state,12,False,False,False,,,,,,,0,,0,0,,12,0,0.0
MULTISTAGE_50E,MULTISTAGE_50E/S2_TP_z13_C1,0.7,fixed_shift,12,False,False,False,,,,,,,0,,0,0,,12,0,0.0
MULTISTAGE_50E,MULTISTAGE_50E/S2_TP_z13_C1,0.7,pchp_method,12,False,False,False,,,,,,,0,,0,0,,12,0,0.0
MULTISTAGE_50E,MULTISTAGE_50E/S2_TP_z13_C1,0.8,protected_state,12,False,False,False,,,,,,,0,,0,0,,12,0,0.0
MULTISTAGE_50E,MULTISTAGE_50E/S2_TP_z13_C1,0.8,fixed_shift,12,False,False,False,,,,,,,0,,0,0,,12,0,0.0
MULTISTAGE_50E,MULTISTAGE_50E/S2_TP_z13_C1,0.8,pchp_method,12,False,False,False,,,,,,,0,,0,0,,12,0,0.0
MULTISTAGE_50E,MULTISTAGE_50E/S2_TP_z13_C1,0.9,protected_state,12,False,False,False,,,,,,,0,,0,0,,12,0,0.0
MULTISTAGE_50E,MULTISTAGE_50E/S2_TP_z13_C1,0.9,fixed_shift,12,False,False,False,,,,,,,0,,0,0,,12,0,0.0
MULTISTAGE_50E,MULTISTAGE_50E/S2_TP_z13_C1,0.9,pchp_method,12,False,False,False,,,,,,,0,,0,0,,12,0,0.0
MULTISTAGE_50E,MULTISTAGE_50E/S2_TP_z13_C2,0.7,protected_state,12,False,False,False,,,,,,,0,,0,0,,12,0,0.0
MULTISTAGE_50E,MULTISTAGE_50E/S2_TP_z13_C2,0.7,fixed_shift,12,False,False,False,,,,,,,0,,0,0,,12,0,0.0
MULTISTAGE_50E,MULTISTAGE_50E/S2_TP_z13_C2,0.7,pchp_method,12,False,False,False,,,,,,,0,,0,0,,12,0,0.0
MULTISTAGE_50E,MULTISTAGE_50E/S2_TP_z13_C2,0.8,protected_state,12,False,False,False,,,,,,,0,,0,0,,12,0,0.0
MULTISTAGE_50E,MULTISTAGE_50E/S2_TP_z13_C2,0.8,fixed_shift,12,False,False,False,,,,,,,0,,0,0,,12,0,0.0
MULTISTAGE_50E,MULTISTAGE_50E/S2_TP_z13_C2,0.8,pchp_method,12,False,False,False,,,,,,,0,,0,0,,12,0,0.0
MULTISTAGE_50E,MULTISTAGE_50E/S2_TP_z13_C2,0.9,protected_state,12,False,False,False,,,,,,,0,,0,0,,12,0,0.0
MULTISTAGE_50E,MULTISTAGE_50E/S2_TP_z13_C2,0.9,fixed_shift,12,False,False,False,,,,,,,0,,0,0,,12,0,0.0
MULTISTAGE_50E,MULTISTAGE_50E/S2_TP_z13_C2,0.9,pchp_method,12,False,False,False,,,,,,,0,,0,0,,12,0,0.0
MULTISTAGE_50E,MULTISTAGE_50E/S2_TP_z13_C3,0.7,protected_state,12,False,False,False,,,,,,,0,,0,0,,12,0,0.0
MULTISTAGE_50E,MULTISTAGE_50E/S2_TP_z13_C3,0.7,fixed_shift,12,False,False,False,,,,,,,0,,0,0,,12,0,0.0
MULTISTAGE_50E,MULTISTAGE_50E/S2_TP_z13_C3,0.7,pchp_method,12,False,False,False,,,,,,,0,,0,0,,12,0,0.0
MULTISTAGE_50E,MULTISTAGE_50E/S2_TP_z13_C3,0.8,protected_state,12,False,False,False,,,,,,,0,,0,0,,12,0,0.0
MULTISTAGE_50E,MULTISTAGE_50E/S2_TP_z13_C3,0.8,fixed_shift,12,False,False,False,,,,,,,0,,0,0,,12,0,0.0
MULTISTAGE_50E,MULTISTAGE_50E/S2_TP_z13_C3,0.8,pchp_method,12,False,False,False,,,,,,,0,,0,0,,12,0,0.0
MULTISTAGE_50E,MULTISTAGE_50E/S2_TP_z13_C3,0.9,protected_state,12,False,False,False,,,,,,,0,,0,0,,12,0,0.0
MULTISTAGE_50E,MULTISTAGE_50E/S2_TP_z13_C3,0.9,fixed_shift,12,False,False,False,,,,,,,0,,0,0,,12,0,0.0
MULTISTAGE_50E,MULTISTAGE_50E/S2_TP_z13_C3,0.9,pchp_method,12,False,False,False,,,,,,,0,,0,0,,12,0,0.0
MULTISTAGE_50E,MULTISTAGE_50E/S2_TP_z14_C1,0.7,protected_state,12,False,False,False,,,,,,,0,,0,0,,12,0,0.0
MULTISTAGE_50E,MULTISTAGE_50E/S2_TP_z14_C1,0.7,fixed_shift,12,False,False,False,,,,,,,0,,0,0,,12,0,0.0
MULTISTAGE_50E,MULTISTAGE_50E/S2_TP_z14_C1,0.7,pchp_method,12,False,False,False,,,,,,,0,,0,0,,12,0,0.0
MULTISTAGE_50E,MULTISTAGE_50E/S2_TP_z14_C1,0.8,protected_state,12,False,False,False,,,,,,,0,,0,0,,12,0,0.0
MULTISTAGE_50E,MULTISTAGE_50E/S2_TP_z14_C1,0.8,fixed_shift,12,False,False,False,,,,,,,0,,0,0,,12,0,0.0
MULTISTAGE_50E,MULTISTAGE_50E/S2_TP_z14_C1,0.8,pchp_method,12,False,False,False,,,,,,,0,,0,0,,12,0,0.0
MULTISTAGE_50E,MULTISTAGE_50E/S2_TP_z14_C1,0.9,protected_state,12,False,False,False,,,,,,,0,,0,0,,12,0,0.0
MULTISTAGE_50E,MULTISTAGE_50E/S2_TP_z14_C1,0.9,fixed_shift,12,False,False,False,,,,,,,0,,0,0,,12,0,0.0
MULTISTAGE_50E,MULTISTAGE_50E/S2_TP_z14_C1,0.9,pchp_method,12,False,False,False,,,,,,,0,,0,0,,12,0,0.0
MULTISTAGE_50E,MULTISTAGE_50E/S2_TP_z14_C2,0.7,protected_state,12,False,False,False,,,,,,,0,,0,0,,12,0,0.0
MULTISTAGE_50E,MULTISTAGE_50E/S2_TP_z14_C2,0.7,fixed_shift,12,False,False,False,,,,,,,0,,0,0,,12,0,0.0
MULTISTAGE_50E,MULTISTAGE_50E/S2_TP_z14_C2,0.7,pchp_method,12,False,False,False,,,,,,,0,,0,0,,12,0,0.0
MULTISTAGE_50E,MULTISTAGE_50E/S2_TP_z14_C2,0.8,protected_state,12,False,False,False,,,,,,,0,,0,0,,12,0,0.0
MULTISTAGE_50E,MULTISTAGE_50E/S2_TP_z14_C2,0.8,fixed_shift,12,False,False,False,,,,,,,0,,0,0,,12,0,0.0
MULTISTAGE_50E,MULTISTAGE_50E/S2_TP_z14_C2,0.8,pchp_method,12,False,False,False,,,,,,,0,,0,0,,12,0,0.0
MULTISTAGE_50E,MULTISTAGE_50E/S2_TP_z14_C2,0.9,protected_state,12,False,False,False,,,,,,,0,,0,0,,12,0,0.0
MULTISTAGE_50E,MULTISTAGE_50E/S2_TP_z14_C2,0.9,fixed_shift,12,False,False,False,,,,,,,0,,0,0,,12,0,0.0
MULTISTAGE_50E,MULTISTAGE_50E/S2_TP_z14_C2,0.9,pchp_method,12,False,False,False,,,,,,,0,,0,0,,12,0,0.0
MULTISTAGE_50E,MULTISTAGE_50E/S2_TP_z14_C3,0.7,protected_state,12,False,False,False,,,,,,,0,,0,0,,12,0,0.0
MULTISTAGE_50E,MULTISTAGE_50E/S2_TP_z14_C3,0.7,fixed_shift,12,False,False,False,,,,,,,0,,0,0,,12,0,0.0
MULTISTAGE_50E,MULTISTAGE_50E/S2_TP_z14_C3,0.7,pchp_method,12,False,False,False,,,,,,,0,,0,0,,12,0,0.0
MULTISTAGE_50E,MULTISTAGE_50E/S2_TP_z14_C3,0.8,protected_state,12,False,False,False,,,,,,,0,,0,0,,12,0,0.0
MULTISTAGE_50E,MULTISTAGE_50E/S2_TP_z14_C3,0.8,fixed_shift,12,False,False,False,,,,,,,0,,0,0,,12,0,0.0
MULTISTAGE_50E,MULTISTAGE_50E/S2_TP_z14_C3,0.8,pchp_method,12,False,False,False,,,,,,,0,,0,0,,12,0,0.0
MULTISTAGE_50E,MULTISTAGE_50E/S2_TP_z14_C3,0.9,protected_state,12,False,False,False,,,,,,,0,,0,0,,12,0,0.0
MULTISTAGE_50E,MULTISTAGE_50E/S2_TP_z14_C3,0.9,fixed_shift,12,False,False,False,,,,,,,0,,0,0,,12,0,0.0
MULTISTAGE_50E,MULTISTAGE_50E/S2_TP_z14_C3,0.9,pchp_method,12,False,False,False,,,,,,,0,,0,0,,12,0,0.0
MULTISTAGE_50E,MULTISTAGE_50E/S2_TP_z15_C1,0.7,protected_state,7,False,False,False,,,,,,,0,,0,0,,7,0,0.0
MULTISTAGE_50E,MULTISTAGE_50E/S2_TP_z15_C1,0.7,fixed_shift,7,False,False,False,,,,,,,0,,0,0,,7,0,0.0
MULTISTAGE_50E,MULTISTAGE_50E/S2_TP_z15_C1,0.7,pchp_method,7,False,False,False,,,,,,,0,,0,0,,7,0,0.0
MULTISTAGE_50E,MULTISTAGE_50E/S2_TP_z15_C1,0.8,protected_state,7,False,False,False,,,,,,,0,,0,0,,7,0,0.0
MULTISTAGE_50E,MULTISTAGE_50E/S2_TP_z15_C1,0.8,fixed_shift,7,False,False,False,,,,,,,0,,0,0,,7,0,0.0
MULTISTAGE_50E,MULTISTAGE_50E/S2_TP_z15_C1,0.8,pchp_method,7,False,False,False,,,,,,,0,,0,0,,7,0,0.0
MULTISTAGE_50E,MULTISTAGE_50E/S2_TP_z15_C1,0.9,protected_state,7,True,False,False,5.0,,3.0,3.0,,1.0,0,0.0,2,2,1.0,5,0,0.0
MULTISTAGE_50E,MULTISTAGE_50E/S2_TP_z15_C1,0.9,fixed_shift,7,True,False,False,5.0,,3.0,3.0,,1.0,0,0.0,2,2,1.0,5,0,0.0
MULTISTAGE_50E,MULTISTAGE_50E/S2_TP_z15_C1,0.9,pchp_method,7,True,False,False,5.0,,3.0,3.0,,1.0,0,0.0,2,2,1.0,5,0,0.0
MULTISTAGE_50E,MULTISTAGE_50E/S2_TP_z15_C2,0.7,protected_state,8,False,False,False,,,,,,,0,,0,0,,8,0,0.0
MULTISTAGE_50E,MULTISTAGE_50E/S2_TP_z15_C2,0.7,fixed_shift,8,False,False,False,,,,,,,0,,0,0,,8,0,0.0
MULTISTAGE_50E,MULTISTAGE_50E/S2_TP_z15_C2,0.7,pchp_method,8,False,False,False,,,,,,,0,,0,0,,8,0,0.0
MULTISTAGE_50E,MULTISTAGE_50E/S2_TP_z15_C2,0.8,protected_state,8,False,False,False,,,,,,,0,,0,0,,8,0,0.0
MULTISTAGE_50E,MULTISTAGE_50E/S2_TP_z15_C2,0.8,fixed_shift,8,False,False,False,,,,,,,0,,0,0,,8,0,0.0
MULTISTAGE_50E,MULTISTAGE_50E/S2_TP_z15_C2,0.8,pchp_method,8,False,False,False,,,,,,,0,,0,0,,8,0,0.0
MULTISTAGE_50E,MULTISTAGE_50E/S2_TP_z15_C2,0.9,protected_state,8,True,False,False,5.0,,4.0,4.0,,1.0,0,0.0,4,4,1.0,4,0,0.0
MULTISTAGE_50E,MULTISTAGE_50E/S2_TP_z15_C2,0.9,fixed_shift,8,True,False,False,5.0,,4.0,4.0,,1.0,0,0.0,4,4,1.0,4,0,0.0
MULTISTAGE_50E,MULTISTAGE_50E/S2_TP_z15_C2,0.9,pchp_method,8,True,False,False,5.0,,4.0,4.0,,1.0,0,0.0,4,4,1.0,4,0,0.0
MULTISTAGE_50E,MULTISTAGE_50E/S2_TP_z15_C3,0.7,protected_state,8,False,False,False,,,,,,,0,,0,0,,8,0,0.0
MULTISTAGE_50E,MULTISTAGE_50E/S2_TP_z15_C3,0.7,fixed_shift,8,False,False,False,,,,,,,0,,0,0,,8,0,0.0
MULTISTAGE_50E,MULTISTAGE_50E/S2_TP_z15_C3,0.7,pchp_method,8,False,False,False,,,,,,,0,,0,0,,8,0,0.0
MULTISTAGE_50E,MULTISTAGE_50E/S2_TP_z15_C3,0.8,protected_state,8,False,False,False,,,,,,,0,,0,0,,8,0,0.0
MULTISTAGE_50E,MULTISTAGE_50E/S2_TP_z15_C3,0.8,fixed_shift,8,False,False,False,,,,,,,0,,0,0,,8,0,0.0
MULTISTAGE_50E,MULTISTAGE_50E/S2_TP_z15_C3,0.8,pchp_method,8,False,False,False,,,,,,,0,,0,0,,8,0,0.0
MULTISTAGE_50E,MULTISTAGE_50E/S2_TP_z15_C3,0.9,protected_state,8,True,False,False,5.0,,4.0,4.0,,1.0,0,0.0,4,4,1.0,4,0,0.0
MULTISTAGE_50E,MULTISTAGE_50E/S2_TP_z15_C3,0.9,fixed_shift,8,True,False,False,5.0,,4.0,4.0,,1.0,0,0.0,4,4,1.0,4,0,0.0
MULTISTAGE_50E,MULTISTAGE_50E/S2_TP_z15_C3,0.9,pchp_method,8,True,False,False,5.0,,4.0,4.0,,1.0,0,0.0,4,4,1.0,4,0,0.0
MULTISTAGE_50E,MULTISTAGE_50E/S2_TP_z16_C1,0.7,protected_state,12,False,False,False,,,,,,,0,,0,0,,12,0,0.0
MULTISTAGE_50E,MULTISTAGE_50E/S2_TP_z16_C1,0.7,fixed_shift,12,False,False,False,,,,,,,0,,0,0,,12,0,0.0
MULTISTAGE_50E,MULTISTAGE_50E/S2_TP_z16_C1,0.7,pchp_method,12,False,False,False,,,,,,,0,,0,0,,12,0,0.0
MULTISTAGE_50E,MULTISTAGE_50E/S2_TP_z16_C1,0.8,protected_state,12,False,False,False,,,,,,,0,,0,0,,12,0,0.0
MULTISTAGE_50E,MULTISTAGE_50E/S2_TP_z16_C1,0.8,fixed_shift,12,False,False,False,,,,,,,0,,0,0,,12,0,0.0
MULTISTAGE_50E,MULTISTAGE_50E/S2_TP_z16_C1,0.8,pchp_method,12,False,False,False,,,,,,,0,,0,0,,12,0,0.0
MULTISTAGE_50E,MULTISTAGE_50E/S2_TP_z16_C1,0.9,protected_state,12,True,False,False,11.0,,2.0,2.0,,1.0,0,0.0,2,2,1.0,10,0,0.0
MULTISTAGE_50E,MULTISTAGE_50E/S2_TP_z16_C1,0.9,fixed_shift,12,True,False,False,11.0,,2.0,2.0,,1.0,0,0.0,2,2,1.0,10,0,0.0
MULTISTAGE_50E,MULTISTAGE_50E/S2_TP_z16_C1,0.9,pchp_method,12,True,False,False,11.0,,2.0,2.0,,1.0,0,0.0,2,2,1.0,10,0,0.0
MULTISTAGE_50E,MULTISTAGE_50E/S2_TP_z16_C2,0.7,protected_state,12,False,False,False,,,,,,,0,,0,0,,12,0,0.0
MULTISTAGE_50E,MULTISTAGE_50E/S2_TP_z16_C2,0.7,fixed_shift,12,False,False,False,,,,,,,0,,0,0,,12,0,0.0
MULTISTAGE_50E,MULTISTAGE_50E/S2_TP_z16_C2,0.7,pchp_method,12,False,False,False,,,,,,,0,,0,0,,12,0,0.0
MULTISTAGE_50E,MULTISTAGE_50E/S2_TP_z16_C2,0.8,protected_state,12,False,False,False,,,,,,,0,,0,0,,12,0,0.0
MULTISTAGE_50E,MULTISTAGE_50E/S2_TP_z16_C2,0.8,fixed_shift,12,False,False,False,,,,,,,0,,0,0,,12,0,0.0
MULTISTAGE_50E,MULTISTAGE_50E/S2_TP_z16_C2,0.8,pchp_method,12,False,False,False,,,,,,,0,,0,0,,12,0,0.0
MULTISTAGE_50E,MULTISTAGE_50E/S2_TP_z16_C2,0.9,protected_state,12,True,False,False,10.0,,3.0,3.0,,1.0,0,0.0,3,3,1.0,9,0,0.0
MULTISTAGE_50E,MULTISTAGE_50E/S2_TP_z16_C2,0.9,fixed_shift,12,True,False,False,10.0,,3.0,3.0,,1.0,0,0.0,3,3,1.0,9,0,0.0
MULTISTAGE_50E,MULTISTAGE_50E/S2_TP_z16_C2,0.9,pchp_method,12,True,False,False,10.0,,3.0,3.0,,1.0,0,0.0,3,3,1.0,9,0,0.0
MULTISTAGE_50E,MULTISTAGE_50E/S2_TP_z16_C3,0.7,protected_state,12,False,False,False,,,,,,,0,,0,0,,12,0,0.0
MULTISTAGE_50E,MULTISTAGE_50E/S2_TP_z16_C3,0.7,fixed_shift,12,False,False,False,,,,,,,0,,0,0,,12,0,0.0
MULTISTAGE_50E,MULTISTAGE_50E/S2_TP_z16_C3,0.7,pchp_method,12,False,False,False,,,,,,,0,,0,0,,12,0,0.0
MULTISTAGE_50E,MULTISTAGE_50E/S2_TP_z16_C3,0.8,protected_state,12,False,False,False,,,,,,,0,,0,0,,12,0,0.0
MULTISTAGE_50E,MULTISTAGE_50E/S2_TP_z16_C3,0.8,fixed_shift,12,False,False,False,,,,,,,0,,0,0,,12,0,0.0
MULTISTAGE_50E,MULTISTAGE_50E/S2_TP_z16_C3,0.8,pchp_method,12,False,False,False,,,,,,,0,,0,0,,12,0,0.0
MULTISTAGE_50E,MULTISTAGE_50E/S2_TP_z16_C3,0.9,protected_state,12,True,False,False,10.0,,3.0,3.0,,1.0,0,0.0,3,3,1.0,9,0,0.0
MULTISTAGE_50E,MULTISTAGE_50E/S2_TP_z16_C3,0.9,fixed_shift,12,True,False,False,10.0,,3.0,3.0,,1.0,0,0.0,3,3,1.0,9,0,0.0
MULTISTAGE_50E,MULTISTAGE_50E/S2_TP_z16_C3,0.9,pchp_method,12,True,False,False,10.0,,3.0,3.0,,1.0,0,0.0,3,3,1.0,9,0,0.0
MULTISTAGE_50E,MULTISTAGE_50E/S2_TP_z17_C1,0.7,protected_state,8,False,False,False,,,,,,,0,,0,0,,8,0,0.0
MULTISTAGE_50E,MULTISTAGE_50E/S2_TP_z17_C1,0.7,fixed_shift,8,False,False,False,,,,,,,0,,0,0,,8,0,0.0
MULTISTAGE_50E,MULTISTAGE_50E/S2_TP_z17_C1,0.7,pchp_method,8,False,False,False,,,,,,,0,,0,0,,8,0,0.0
MULTISTAGE_50E,MULTISTAGE_50E/S2_TP_z17_C1,0.8,protected_state,8,False,False,False,,,,,,,0,,0,0,,8,0,0.0
MULTISTAGE_50E,MULTISTAGE_50E/S2_TP_z17_C1,0.8,fixed_shift,8,False,False,False,,,,,,,0,,0,0,,8,0,0.0
MULTISTAGE_50E,MULTISTAGE_50E/S2_TP_z17_C1,0.8,pchp_method,8,False,False,False,,,,,,,0,,0,0,,8,0,0.0
MULTISTAGE_50E,MULTISTAGE_50E/S2_TP_z17_C1,0.9,protected_state,8,True,False,False,6.0,,3.0,3.0,,1.0,0,0.0,3,3,1.0,5,0,0.0
MULTISTAGE_50E,MULTISTAGE_50E/S2_TP_z17_C1,0.9,fixed_shift,8,True,False,False,6.0,,3.0,3.0,,1.0,0,0.0,3,3,1.0,5,0,0.0
MULTISTAGE_50E,MULTISTAGE_50E/S2_TP_z17_C1,0.9,pchp_method,8,True,False,False,6.0,,3.0,3.0,,1.0,0,0.0,3,3,1.0,5,0,0.0
MULTISTAGE_50E,MULTISTAGE_50E/S2_TP_z17_C2,0.7,protected_state,8,False,False,False,,,,,,,0,,0,0,,8,0,0.0
MULTISTAGE_50E,MULTISTAGE_50E/S2_TP_z17_C2,0.7,fixed_shift,8,False,False,False,,,,,,,0,,0,0,,8,0,0.0
MULTISTAGE_50E,MULTISTAGE_50E/S2_TP_z17_C2,0.7,pchp_method,8,False,False,False,,,,,,,0,,0,0,,8,0,0.0
MULTISTAGE_50E,MULTISTAGE_50E/S2_TP_z17_C2,0.8,protected_state,8,False,False,False,,,,,,,0,,0,0,,8,0,0.0
MULTISTAGE_50E,MULTISTAGE_50E/S2_TP_z17_C2,0.8,fixed_shift,8,False,False,False,,,,,,,0,,0,0,,8,0,0.0
MULTISTAGE_50E,MULTISTAGE_50E/S2_TP_z17_C2,0.8,pchp_method,8,False,False,False,,,,,,,0,,0,0,,8,0,0.0
MULTISTAGE_50E,MULTISTAGE_50E/S2_TP_z17_C2,0.9,protected_state,8,True,False,False,6.0,,3.0,3.0,,1.0,0,0.0,3,3,1.0,5,0,0.0
MULTISTAGE_50E,MULTISTAGE_50E/S2_TP_z17_C2,0.9,fixed_shift,8,True,False,False,6.0,,3.0,3.0,,1.0,0,0.0,3,3,1.0,5,0,0.0
MULTISTAGE_50E,MULTISTAGE_50E/S2_TP_z17_C2,0.9,pchp_method,8,True,False,False,6.0,,3.0,3.0,,1.0,0,0.0,3,3,1.0,5,0,0.0
MULTISTAGE_50E,MULTISTAGE_50E/S2_TP_z17_C3,0.7,protected_state,8,False,False,False,,,,,,,0,,0,0,,8,0,0.0
MULTISTAGE_50E,MULTISTAGE_50E/S2_TP_z17_C3,0.7,fixed_shift,8,False,False,False,,,,,,,0,,0,0,,8,0,0.0
MULTISTAGE_50E,MULTISTAGE_50E/S2_TP_z17_C3,0.7,pchp_method,8,False,False,False,,,,,,,0,,0,0,,8,0,0.0
MULTISTAGE_50E,MULTISTAGE_50E/S2_TP_z17_C3,0.8,protected_state,8,False,False,False,,,,,,,0,,0,0,,8,0,0.0
MULTISTAGE_50E,MULTISTAGE_50E/S2_TP_z17_C3,0.8,fixed_shift,8,False,False,False,,,,,,,0,,0,0,,8,0,0.0
MULTISTAGE_50E,MULTISTAGE_50E/S2_TP_z17_C3,0.8,pchp_method,8,False,False,False,,,,,,,0,,0,0,,8,0,0.0
MULTISTAGE_50E,MULTISTAGE_50E/S2_TP_z17_C3,0.9,protected_state,8,True,False,False,5.0,,4.0,4.0,,1.0,0,0.0,4,4,1.0,4,0,0.0
MULTISTAGE_50E,MULTISTAGE_50E/S2_TP_z17_C3,0.9,fixed_shift,8,True,False,False,5.0,,4.0,4.0,,1.0,0,0.0,4,4,1.0,4,0,0.0
MULTISTAGE_50E,MULTISTAGE_50E/S2_TP_z17_C3,0.9,pchp_method,8,True,False,False,5.0,,4.0,4.0,,1.0,0,0.0,4,4,1.0,4,0,0.0
MULTISTAGE_50E,MULTISTAGE_50E/S2_TP_z18_C1,0.7,protected_state,12,False,False,False,,,,,,,0,,0,0,,12,0,0.0
MULTISTAGE_50E,MULTISTAGE_50E/S2_TP_z18_C1,0.7,fixed_shift,12,False,False,False,,,,,,,0,,0,0,,12,0,0.0
MULTISTAGE_50E,MULTISTAGE_50E/S2_TP_z18_C1,0.7,pchp_method,12,False,False,False,,,,,,,0,,0,0,,12,0,0.0
MULTISTAGE_50E,MULTISTAGE_50E/S2_TP_z18_C1,0.8,protected_state,12,False,False,False,,,,,,,0,,0,0,,12,0,0.0
MULTISTAGE_50E,MULTISTAGE_50E/S2_TP_z18_C1,0.8,fixed_shift,12,False,False,False,,,,,,,0,,0,0,,12,0,0.0
MULTISTAGE_50E,MULTISTAGE_50E/S2_TP_z18_C1,0.8,pchp_method,12,False,False,False,,,,,,,0,,0,0,,12,0,0.0
MULTISTAGE_50E,MULTISTAGE_50E/S2_TP_z18_C1,0.9,protected_state,12,False,False,False,,,,,,,0,,0,0,,12,0,0.0
MULTISTAGE_50E,MULTISTAGE_50E/S2_TP_z18_C1,0.9,fixed_shift,12,False,False,False,,,,,,,0,,0,0,,12,0,0.0
MULTISTAGE_50E,MULTISTAGE_50E/S2_TP_z18_C1,0.9,pchp_method,12,False,False,False,,,,,,,0,,0,0,,12,0,0.0
MULTISTAGE_50E,MULTISTAGE_50E/S2_TP_z18_C2,0.7,protected_state,12,False,False,False,,,,,,,0,,0,0,,12,0,0.0
MULTISTAGE_50E,MULTISTAGE_50E/S2_TP_z18_C2,0.7,fixed_shift,12,False,False,False,,,,,,,0,,0,0,,12,0,0.0
MULTISTAGE_50E,MULTISTAGE_50E/S2_TP_z18_C2,0.7,pchp_method,12,False,False,False,,,,,,,0,,0,0,,12,0,0.0
MULTISTAGE_50E,MULTISTAGE_50E/S2_TP_z18_C2,0.8,protected_state,12,False,False,False,,,,,,,0,,0,0,,12,0,0.0
MULTISTAGE_50E,MULTISTAGE_50E/S2_TP_z18_C2,0.8,fixed_shift,12,False,False,False,,,,,,,0,,0,0,,12,0,0.0
MULTISTAGE_50E,MULTISTAGE_50E/S2_TP_z18_C2,0.8,pchp_method,12,False,False,False,,,,,,,0,,0,0,,12,0,0.0
MULTISTAGE_50E,MULTISTAGE_50E/S2_TP_z18_C2,0.9,protected_state,12,False,False,False,,,,,,,0,,0,0,,12,0,0.0
MULTISTAGE_50E,MULTISTAGE_50E/S2_TP_z18_C2,0.9,fixed_shift,12,False,False,False,,,,,,,0,,0,0,,12,0,0.0
MULTISTAGE_50E,MULTISTAGE_50E/S2_TP_z18_C2,0.9,pchp_method,12,False,False,False,,,,,,,0,,0,0,,12,0,0.0
MULTISTAGE_50E,MULTISTAGE_50E/S2_TP_z18_C3,0.7,protected_state,12,False,False,False,,,,,,,0,,0,0,,12,0,0.0
MULTISTAGE_50E,MULTISTAGE_50E/S2_TP_z18_C3,0.7,fixed_shift,12,False,False,False,,,,,,,0,,0,0,,12,0,0.0
MULTISTAGE_50E,MULTISTAGE_50E/S2_TP_z18_C3,0.7,pchp_method,12,False,False,False,,,,,,,0,,0,0,,12,0,0.0
MULTISTAGE_50E,MULTISTAGE_50E/S2_TP_z18_C3,0.8,protected_state,12,False,False,False,,,,,,,0,,0,0,,12,0,0.0
MULTISTAGE_50E,MULTISTAGE_50E/S2_TP_z18_C3,0.8,fixed_shift,12,False,False,False,,,,,,,0,,0,0,,12,0,0.0
MULTISTAGE_50E,MULTISTAGE_50E/S2_TP_z18_C3,0.8,pchp_method,12,False,False,False,,,,,,,0,,0,0,,12,0,0.0
MULTISTAGE_50E,MULTISTAGE_50E/S2_TP_z18_C3,0.9,protected_state,12,False,False,False,,,,,,,0,,0,0,,12,0,0.0
MULTISTAGE_50E,MULTISTAGE_50E/S2_TP_z18_C3,0.9,fixed_shift,12,False,False,False,,,,,,,0,,0,0,,12,0,0.0
MULTISTAGE_50E,MULTISTAGE_50E/S2_TP_z18_C3,0.9,pchp_method,12,False,False,False,,,,,,,0,,0,0,,12,0,0.0
MULTISTAGE_50E,MULTISTAGE_50E/S2_TP_z19_C1,0.7,protected_state,12,False,False,False,,,,,,,0,,0,0,,12,0,0.0
MULTISTAGE_50E,MULTISTAGE_50E/S2_TP_z19_C1,0.7,fixed_shift,12,False,False,False,,,,,,,0,,0,0,,12,0,0.0
MULTISTAGE_50E,MULTISTAGE_50E/S2_TP_z19_C1,0.7,pchp_method,12,False,False,False,,,,,,,0,,0,0,,12,0,0.0
MULTISTAGE_50E,MULTISTAGE_50E/S2_TP_z19_C1,0.8,protected_state,12,False,False,False,,,,,,,0,,0,0,,12,0,0.0
MULTISTAGE_50E,MULTISTAGE_50E/S2_TP_z19_C1,0.8,fixed_shift,12,False,False,False,,,,,,,0,,0,0,,12,0,0.0
MULTISTAGE_50E,MULTISTAGE_50E/S2_TP_z19_C1,0.8,pchp_method,12,False,False,False,,,,,,,0,,0,0,,12,0,0.0
MULTISTAGE_50E,MULTISTAGE_50E/S2_TP_z19_C1,0.9,protected_state,12,True,False,False,11.0,,2.0,2.0,,1.0,0,0.0,2,2,1.0,10,0,0.0
MULTISTAGE_50E,MULTISTAGE_50E/S2_TP_z19_C1,0.9,fixed_shift,12,True,False,False,11.0,,2.0,2.0,,1.0,0,0.0,2,2,1.0,10,0,0.0
MULTISTAGE_50E,MULTISTAGE_50E/S2_TP_z19_C1,0.9,pchp_method,12,True,False,False,11.0,,2.0,2.0,,1.0,0,0.0,2,2,1.0,10,0,0.0
MULTISTAGE_50E,MULTISTAGE_50E/S2_TP_z19_C2,0.7,protected_state,12,False,False,False,,,,,,,0,,0,0,,12,0,0.0
MULTISTAGE_50E,MULTISTAGE_50E/S2_TP_z19_C2,0.7,fixed_shift,12,False,False,False,,,,,,,0,,0,0,,12,0,0.0
MULTISTAGE_50E,MULTISTAGE_50E/S2_TP_z19_C2,0.7,pchp_method,12,False,False,False,,,,,,,0,,0,0,,12,0,0.0
MULTISTAGE_50E,MULTISTAGE_50E/S2_TP_z19_C2,0.8,protected_state,12,False,False,False,,,,,,,0,,0,0,,12,0,0.0
MULTISTAGE_50E,MULTISTAGE_50E/S2_TP_z19_C2,0.8,fixed_shift,12,False,False,False,,,,,,,0,,0,0,,12,0,0.0
MULTISTAGE_50E,MULTISTAGE_50E/S2_TP_z19_C2,0.8,pchp_method,12,False,False,False,,,,,,,0,,0,0,,12,0,0.0
MULTISTAGE_50E,MULTISTAGE_50E/S2_TP_z19_C2,0.9,protected_state,12,True,False,False,10.0,,3.0,3.0,,1.0,0,0.0,3,3,1.0,9,0,0.0
MULTISTAGE_50E,MULTISTAGE_50E/S2_TP_z19_C2,0.9,fixed_shift,12,True,False,False,10.0,,3.0,3.0,,1.0,0,0.0,3,3,1.0,9,0,0.0
MULTISTAGE_50E,MULTISTAGE_50E/S2_TP_z19_C2,0.9,pchp_method,12,True,False,False,10.0,,3.0,3.0,,1.0,0,0.0,3,3,1.0,9,0,0.0
MULTISTAGE_50E,MULTISTAGE_50E/S2_TP_z19_C3,0.7,protected_state,12,False,False,False,,,,,,,0,,0,0,,12,0,0.0
MULTISTAGE_50E,MULTISTAGE_50E/S2_TP_z19_C3,0.7,fixed_shift,12,False,False,False,,,,,,,0,,0,0,,12,0,0.0
MULTISTAGE_50E,MULTISTAGE_50E/S2_TP_z19_C3,0.7,pchp_method,12,False,False,False,,,,,,,0,,0,0,,12,0,0.0
MULTISTAGE_50E,MULTISTAGE_50E/S2_TP_z19_C3,0.8,protected_state,12,False,False,False,,,,,,,0,,0,0,,12,0,0.0
MULTISTAGE_50E,MULTISTAGE_50E/S2_TP_z19_C3,0.8,fixed_shift,12,False,False,False,,,,,,,0,,0,0,,12,0,0.0
MULTISTAGE_50E,MULTISTAGE_50E/S2_TP_z19_C3,0.8,pchp_method,12,False,False,False,,,,,,,0,,0,0,,12,0,0.0
MULTISTAGE_50E,MULTISTAGE_50E/S2_TP_z19_C3,0.9,protected_state,12,True,False,False,10.0,,3.0,3.0,,1.0,0,0.0,3,3,1.0,9,0,0.0
MULTISTAGE_50E,MULTISTAGE_50E/S2_TP_z19_C3,0.9,fixed_shift,12,True,False,False,10.0,,3.0,3.0,,1.0,0,0.0,3,3,1.0,9,0,0.0
MULTISTAGE_50E,MULTISTAGE_50E/S2_TP_z19_C3,0.9,pchp_method,12,True,False,False,10.0,,3.0,3.0,,1.0,0,0.0,3,3,1.0,9,0,0.0
MULTISTAGE_50E,MULTISTAGE_50E/S2_TP_z20_C1,0.7,protected_state,3,False,False,False,,,,,,,0,,0,0,,3,0,0.0
MULTISTAGE_50E,MULTISTAGE_50E/S2_TP_z20_C1,0.7,fixed_shift,3,False,False,False,,,,,,,0,,0,0,,3,0,0.0
MULTISTAGE_50E,MULTISTAGE_50E/S2_TP_z20_C1,0.7,pchp_method,3,False,False,False,,,,,,,0,,0,0,,3,0,0.0
MULTISTAGE_50E,MULTISTAGE_50E/S2_TP_z20_C1,0.8,protected_state,3,False,False,False,,,,,,,0,,0,0,,3,0,0.0
MULTISTAGE_50E,MULTISTAGE_50E/S2_TP_z20_C1,0.8,fixed_shift,3,False,False,False,,,,,,,0,,0,0,,3,0,0.0
MULTISTAGE_50E,MULTISTAGE_50E/S2_TP_z20_C1,0.8,pchp_method,3,False,False,False,,,,,,,0,,0,0,,3,0,0.0
MULTISTAGE_50E,MULTISTAGE_50E/S2_TP_z20_C1,0.9,protected_state,3,True,False,False,2.0,,2.0,2.0,,1.0,0,0.0,2,2,1.0,1,0,0.0
MULTISTAGE_50E,MULTISTAGE_50E/S2_TP_z20_C1,0.9,fixed_shift,3,True,False,False,2.0,,2.0,2.0,,1.0,0,0.0,2,2,1.0,1,0,0.0
MULTISTAGE_50E,MULTISTAGE_50E/S2_TP_z20_C1,0.9,pchp_method,3,True,False,False,2.0,,2.0,2.0,,1.0,0,0.0,2,2,1.0,1,0,0.0
MULTISTAGE_50E,MULTISTAGE_50E/S2_TP_z20_C3,0.7,protected_state,3,False,False,False,,,,,,,0,,0,0,,3,0,0.0
MULTISTAGE_50E,MULTISTAGE_50E/S2_TP_z20_C3,0.7,fixed_shift,3,False,False,False,,,,,,,0,,0,0,,3,0,0.0
MULTISTAGE_50E,MULTISTAGE_50E/S2_TP_z20_C3,0.7,pchp_method,3,False,False,False,,,,,,,0,,0,0,,3,0,0.0
MULTISTAGE_50E,MULTISTAGE_50E/S2_TP_z20_C3,0.8,protected_state,3,False,False,False,,,,,,,0,,0,0,,3,0,0.0
MULTISTAGE_50E,MULTISTAGE_50E/S2_TP_z20_C3,0.8,fixed_shift,3,False,False,False,,,,,,,0,,0,0,,3,0,0.0
MULTISTAGE_50E,MULTISTAGE_50E/S2_TP_z20_C3,0.8,pchp_method,3,False,False,False,,,,,,,0,,0,0,,3,0,0.0
MULTISTAGE_50E,MULTISTAGE_50E/S2_TP_z20_C3,0.9,protected_state,3,True,False,False,2.0,,2.0,2.0,,1.0,0,0.0,1,1,1.0,2,0,0.0
MULTISTAGE_50E,MULTISTAGE_50E/S2_TP_z20_C3,0.9,fixed_shift,3,True,False,False,2.0,,2.0,2.0,,1.0,0,0.0,1,1,1.0,2,0,0.0
MULTISTAGE_50E,MULTISTAGE_50E/S2_TP_z20_C3,0.9,pchp_method,3,True,False,False,2.0,,2.0,2.0,,1.0,0,0.0,1,1,1.0,2,0,0.0
MULTISTAGE_50E,MULTISTAGE_50E/S2_TP_z21_C1,0.7,protected_state,12,False,False,False,,,,,,,0,,0,0,,12,0,0.0
MULTISTAGE_50E,MULTISTAGE_50E/S2_TP_z21_C1,0.7,fixed_shift,12,False,False,False,,,,,,,0,,0,0,,12,0,0.0
MULTISTAGE_50E,MULTISTAGE_50E/S2_TP_z21_C1,0.7,pchp_method,12,False,False,False,,,,,,,0,,0,0,,12,0,0.0
MULTISTAGE_50E,MULTISTAGE_50E/S2_TP_z21_C1,0.8,protected_state,12,False,False,False,,,,,,,0,,0,0,,12,0,0.0
MULTISTAGE_50E,MULTISTAGE_50E/S2_TP_z21_C1,0.8,fixed_shift,12,False,False,False,,,,,,,0,,0,0,,12,0,0.0
MULTISTAGE_50E,MULTISTAGE_50E/S2_TP_z21_C1,0.8,pchp_method,12,False,False,False,,,,,,,0,,0,0,,12,0,0.0
MULTISTAGE_50E,MULTISTAGE_50E/S2_TP_z21_C1,0.9,protected_state,12,False,False,False,,,,,,,0,,0,0,,12,0,0.0
MULTISTAGE_50E,MULTISTAGE_50E/S2_TP_z21_C1,0.9,fixed_shift,12,False,False,False,,,,,,,0,,0,0,,12,0,0.0
MULTISTAGE_50E,MULTISTAGE_50E/S2_TP_z21_C1,0.9,pchp_method,12,False,False,False,,,,,,,0,,0,0,,12,0,0.0
MULTISTAGE_50E,MULTISTAGE_50E/S2_TP_z21_C2,0.7,protected_state,12,False,False,False,,,,,,,0,,0,0,,12,0,0.0
MULTISTAGE_50E,MULTISTAGE_50E/S2_TP_z21_C2,0.7,fixed_shift,12,False,False,False,,,,,,,0,,0,0,,12,0,0.0
MULTISTAGE_50E,MULTISTAGE_50E/S2_TP_z21_C2,0.7,pchp_method,12,False,False,False,,,,,,,0,,0,0,,12,0,0.0
MULTISTAGE_50E,MULTISTAGE_50E/S2_TP_z21_C2,0.8,protected_state,12,False,False,False,,,,,,,0,,0,0,,12,0,0.0
MULTISTAGE_50E,MULTISTAGE_50E/S2_TP_z21_C2,0.8,fixed_shift,12,False,False,False,,,,,,,0,,0,0,,12,0,0.0
MULTISTAGE_50E,MULTISTAGE_50E/S2_TP_z21_C2,0.8,pchp_method,12,False,False,False,,,,,,,0,,0,0,,12,0,0.0
MULTISTAGE_50E,MULTISTAGE_50E/S2_TP_z21_C2,0.9,protected_state,12,False,False,False,,,,,,,0,,0,0,,12,0,0.0
MULTISTAGE_50E,MULTISTAGE_50E/S2_TP_z21_C2,0.9,fixed_shift,12,False,False,False,,,,,,,0,,0,0,,12,0,0.0
MULTISTAGE_50E,MULTISTAGE_50E/S2_TP_z21_C2,0.9,pchp_method,12,False,False,False,,,,,,,0,,0,0,,12,0,0.0
MULTISTAGE_50E,MULTISTAGE_50E/S2_TP_z21_C3,0.7,protected_state,12,False,False,False,,,,,,,0,,0,0,,12,0,0.0
MULTISTAGE_50E,MULTISTAGE_50E/S2_TP_z21_C3,0.7,fixed_shift,12,False,False,False,,,,,,,0,,0,0,,12,0,0.0
MULTISTAGE_50E,MULTISTAGE_50E/S2_TP_z21_C3,0.7,pchp_method,12,False,False,False,,,,,,,0,,0,0,,12,0,0.0
MULTISTAGE_50E,MULTISTAGE_50E/S2_TP_z21_C3,0.8,protected_state,12,False,False,False,,,,,,,0,,0,0,,12,0,0.0
MULTISTAGE_50E,MULTISTAGE_50E/S2_TP_z21_C3,0.8,fixed_shift,12,False,False,False,,,,,,,0,,0,0,,12,0,0.0
MULTISTAGE_50E,MULTISTAGE_50E/S2_TP_z21_C3,0.8,pchp_method,12,False,False,False,,,,,,,0,,0,0,,12,0,0.0
MULTISTAGE_50E,MULTISTAGE_50E/S2_TP_z21_C3,0.9,protected_state,12,False,False,False,,,,,,,0,,0,0,,12,0,0.0
MULTISTAGE_50E,MULTISTAGE_50E/S2_TP_z21_C3,0.9,fixed_shift,12,False,False,False,,,,,,,0,,0,0,,12,0,0.0
MULTISTAGE_50E,MULTISTAGE_50E/S2_TP_z21_C3,0.9,pchp_method,12,False,False,False,,,,,,,0,,0,0,,12,0,0.0
MULTISTAGE_50E,MULTISTAGE_50E/S2_TP_z22_C1,0.7,protected_state,12,False,False,False,,,,,,,0,,0,0,,12,0,0.0
MULTISTAGE_50E,MULTISTAGE_50E/S2_TP_z22_C1,0.7,fixed_shift,12,False,False,False,,,,,,,0,,0,0,,12,0,0.0
MULTISTAGE_50E,MULTISTAGE_50E/S2_TP_z22_C1,0.7,pchp_method,12,False,False,False,,,,,,,0,,0,0,,12,0,0.0
MULTISTAGE_50E,MULTISTAGE_50E/S2_TP_z22_C1,0.8,protected_state,12,False,False,False,,,,,,,0,,0,0,,12,0,0.0
MULTISTAGE_50E,MULTISTAGE_50E/S2_TP_z22_C1,0.8,fixed_shift,12,False,False,False,,,,,,,0,,0,0,,12,0,0.0
MULTISTAGE_50E,MULTISTAGE_50E/S2_TP_z22_C1,0.8,pchp_method,12,False,False,False,,,,,,,0,,0,0,,12,0,0.0
MULTISTAGE_50E,MULTISTAGE_50E/S2_TP_z22_C1,0.9,protected_state,12,False,False,False,,,,,,,0,,0,0,,12,0,0.0
MULTISTAGE_50E,MULTISTAGE_50E/S2_TP_z22_C1,0.9,fixed_shift,12,False,False,False,,,,,,,0,,0,0,,12,0,0.0
MULTISTAGE_50E,MULTISTAGE_50E/S2_TP_z22_C1,0.9,pchp_method,12,False,False,False,,,,,,,0,,0,0,,12,0,0.0
MULTISTAGE_50E,MULTISTAGE_50E/S2_TP_z22_C2,0.7,protected_state,12,False,False,False,,,,,,,0,,0,0,,12,0,0.0
MULTISTAGE_50E,MULTISTAGE_50E/S2_TP_z22_C2,0.7,fixed_shift,12,False,False,False,,,,,,,0,,0,0,,12,0,0.0
MULTISTAGE_50E,MULTISTAGE_50E/S2_TP_z22_C2,0.7,pchp_method,12,False,False,False,,,,,,,0,,0,0,,12,0,0.0
MULTISTAGE_50E,MULTISTAGE_50E/S2_TP_z22_C2,0.8,protected_state,12,False,False,False,,,,,,,0,,0,0,,12,0,0.0
MULTISTAGE_50E,MULTISTAGE_50E/S2_TP_z22_C2,0.8,fixed_shift,12,False,False,False,,,,,,,0,,0,0,,12,0,0.0
MULTISTAGE_50E,MULTISTAGE_50E/S2_TP_z22_C2,0.8,pchp_method,12,False,False,False,,,,,,,0,,0,0,,12,0,0.0
MULTISTAGE_50E,MULTISTAGE_50E/S2_TP_z22_C2,0.9,protected_state,12,False,False,False,,,,,,,0,,0,0,,12,0,0.0
MULTISTAGE_50E,MULTISTAGE_50E/S2_TP_z22_C2,0.9,fixed_shift,12,False,False,False,,,,,,,0,,0,0,,12,0,0.0
MULTISTAGE_50E,MULTISTAGE_50E/S2_TP_z22_C2,0.9,pchp_method,12,False,False,False,,,,,,,0,,0,0,,12,0,0.0
MULTISTAGE_50E,MULTISTAGE_50E/S2_TP_z22_C3,0.7,protected_state,12,False,False,False,,,,,,,0,,0,0,,12,0,0.0
MULTISTAGE_50E,MULTISTAGE_50E/S2_TP_z22_C3,0.7,fixed_shift,12,False,False,False,,,,,,,0,,0,0,,12,0,0.0
MULTISTAGE_50E,MULTISTAGE_50E/S2_TP_z22_C3,0.7,pchp_method,12,False,False,False,,,,,,,0,,0,0,,12,0,0.0
MULTISTAGE_50E,MULTISTAGE_50E/S2_TP_z22_C3,0.8,protected_state,12,False,False,False,,,,,,,0,,0,0,,12,0,0.0
MULTISTAGE_50E,MULTISTAGE_50E/S2_TP_z22_C3,0.8,fixed_shift,12,False,False,False,,,,,,,0,,0,0,,12,0,0.0
MULTISTAGE_50E,MULTISTAGE_50E/S2_TP_z22_C3,0.8,pchp_method,12,False,False,False,,,,,,,0,,0,0,,12,0,0.0
MULTISTAGE_50E,MULTISTAGE_50E/S2_TP_z22_C3,0.9,protected_state,12,False,False,False,,,,,,,0,,0,0,,12,0,0.0
MULTISTAGE_50E,MULTISTAGE_50E/S2_TP_z22_C3,0.9,fixed_shift,12,False,False,False,,,,,,,0,,0,0,,12,0,0.0
MULTISTAGE_50E,MULTISTAGE_50E/S2_TP_z22_C3,0.9,pchp_method,12,False,False,False,,,,,,,0,,0,0,,12,0,0.0
MULTISTAGE_50E,MULTISTAGE_50E/S2_TP_z23_C2,0.7,protected_state,1,False,False,False,,,,,,,0,,0,0,,1,0,0.0
MULTISTAGE_50E,MULTISTAGE_50E/S2_TP_z23_C2,0.7,fixed_shift,1,False,False,False,,,,,,,0,,0,0,,1,0,0.0
MULTISTAGE_50E,MULTISTAGE_50E/S2_TP_z23_C2,0.7,pchp_method,1,False,False,False,,,,,,,0,,0,0,,1,0,0.0
MULTISTAGE_50E,MULTISTAGE_50E/S2_TP_z23_C2,0.8,protected_state,1,False,False,False,,,,,,,0,,0,0,,1,0,0.0
MULTISTAGE_50E,MULTISTAGE_50E/S2_TP_z23_C2,0.8,fixed_shift,1,False,False,False,,,,,,,0,,0,0,,1,0,0.0
MULTISTAGE_50E,MULTISTAGE_50E/S2_TP_z23_C2,0.8,pchp_method,1,False,False,False,,,,,,,0,,0,0,,1,0,0.0
MULTISTAGE_50E,MULTISTAGE_50E/S2_TP_z23_C2,0.9,protected_state,1,False,False,False,,,,,,,0,,0,0,,1,0,0.0
MULTISTAGE_50E,MULTISTAGE_50E/S2_TP_z23_C2,0.9,fixed_shift,1,False,False,False,,,,,,,0,,0,0,,1,0,0.0
MULTISTAGE_50E,MULTISTAGE_50E/S2_TP_z23_C2,0.9,pchp_method,1,False,False,False,,,,,,,0,,0,0,,1,0,0.0
MULTISTAGE_50E,MULTISTAGE_50E/S2_TP_z23_C3,0.7,protected_state,3,False,False,False,,,,,,,0,,0,0,,3,0,0.0
MULTISTAGE_50E,MULTISTAGE_50E/S2_TP_z23_C3,0.7,fixed_shift,3,False,False,False,,,,,,,0,,0,0,,3,0,0.0
MULTISTAGE_50E,MULTISTAGE_50E/S2_TP_z23_C3,0.7,pchp_method,3,False,False,False,,,,,,,0,,0,0,,3,0,0.0
MULTISTAGE_50E,MULTISTAGE_50E/S2_TP_z23_C3,0.8,protected_state,3,False,False,False,,,,,,,0,,0,0,,3,0,0.0
MULTISTAGE_50E,MULTISTAGE_50E/S2_TP_z23_C3,0.8,fixed_shift,3,False,False,False,,,,,,,0,,0,0,,3,0,0.0
MULTISTAGE_50E,MULTISTAGE_50E/S2_TP_z23_C3,0.8,pchp_method,3,False,False,False,,,,,,,0,,0,0,,3,0,0.0
MULTISTAGE_50E,MULTISTAGE_50E/S2_TP_z23_C3,0.9,protected_state,3,True,False,False,2.0,,2.0,2.0,,1.0,0,0.0,2,2,1.0,1,0,0.0
MULTISTAGE_50E,MULTISTAGE_50E/S2_TP_z23_C3,0.9,fixed_shift,3,True,False,False,2.0,,2.0,2.0,,1.0,0,0.0,2,2,1.0,1,0,0.0
MULTISTAGE_50E,MULTISTAGE_50E/S2_TP_z23_C3,0.9,pchp_method,3,True,False,False,2.0,,2.0,2.0,,1.0,0,0.0,2,2,1.0,1,0,0.0
MULTISTAGE_50E,MULTISTAGE_50E/S2_TP_z24_C1,0.7,protected_state,12,False,False,False,,,,,,,0,,0,0,,12,0,0.0
MULTISTAGE_50E,MULTISTAGE_50E/S2_TP_z24_C1,0.7,fixed_shift,12,False,False,False,,,,,,,0,,0,0,,12,0,0.0
MULTISTAGE_50E,MULTISTAGE_50E/S2_TP_z24_C1,0.7,pchp_method,12,False,False,False,,,,,,,0,,0,0,,12,0,0.0
MULTISTAGE_50E,MULTISTAGE_50E/S2_TP_z24_C1,0.8,protected_state,12,False,False,False,,,,,,,0,,0,0,,12,0,0.0
MULTISTAGE_50E,MULTISTAGE_50E/S2_TP_z24_C1,0.8,fixed_shift,12,False,False,False,,,,,,,0,,0,0,,12,0,0.0
MULTISTAGE_50E,MULTISTAGE_50E/S2_TP_z24_C1,0.8,pchp_method,12,False,False,False,,,,,,,0,,0,0,,12,0,0.0
MULTISTAGE_50E,MULTISTAGE_50E/S2_TP_z24_C1,0.9,protected_state,12,False,False,False,,,,,,,0,,0,0,,12,0,0.0
MULTISTAGE_50E,MULTISTAGE_50E/S2_TP_z24_C1,0.9,fixed_shift,12,False,False,False,,,,,,,0,,0,0,,12,0,0.0
MULTISTAGE_50E,MULTISTAGE_50E/S2_TP_z24_C1,0.9,pchp_method,12,False,False,False,,,,,,,0,,0,0,,12,0,0.0
MULTISTAGE_50E,MULTISTAGE_50E/S2_TP_z24_C2,0.7,protected_state,12,False,False,False,,,,,,,0,,0,0,,12,0,0.0
MULTISTAGE_50E,MULTISTAGE_50E/S2_TP_z24_C2,0.7,fixed_shift,12,False,False,False,,,,,,,0,,0,0,,12,0,0.0
MULTISTAGE_50E,MULTISTAGE_50E/S2_TP_z24_C2,0.7,pchp_method,12,False,False,False,,,,,,,0,,0,0,,12,0,0.0
MULTISTAGE_50E,MULTISTAGE_50E/S2_TP_z24_C2,0.8,protected_state,12,False,False,False,,,,,,,0,,0,0,,12,0,0.0
MULTISTAGE_50E,MULTISTAGE_50E/S2_TP_z24_C2,0.8,fixed_shift,12,False,False,False,,,,,,,0,,0,0,,12,0,0.0
MULTISTAGE_50E,MULTISTAGE_50E/S2_TP_z24_C2,0.8,pchp_method,12,False,False,False,,,,,,,0,,0,0,,12,0,0.0
MULTISTAGE_50E,MULTISTAGE_50E/S2_TP_z24_C2,0.9,protected_state,12,False,False,False,,,,,,,0,,0,0,,12,0,0.0
MULTISTAGE_50E,MULTISTAGE_50E/S2_TP_z24_C2,0.9,fixed_shift,12,False,False,False,,,,,,,0,,0,0,,12,0,0.0
MULTISTAGE_50E,MULTISTAGE_50E/S2_TP_z24_C2,0.9,pchp_method,12,False,False,False,,,,,,,0,,0,0,,12,0,0.0
MULTISTAGE_50E,MULTISTAGE_50E/S2_TP_z24_C3,0.7,protected_state,12,False,False,False,,,,,,,0,,0,0,,12,0,0.0
MULTISTAGE_50E,MULTISTAGE_50E/S2_TP_z24_C3,0.7,fixed_shift,12,False,False,False,,,,,,,0,,0,0,,12,0,0.0
MULTISTAGE_50E,MULTISTAGE_50E/S2_TP_z24_C3,0.7,pchp_method,12,False,False,False,,,,,,,0,,0,0,,12,0,0.0
MULTISTAGE_50E,MULTISTAGE_50E/S2_TP_z24_C3,0.8,protected_state,12,False,False,False,,,,,,,0,,0,0,,12,0,0.0
MULTISTAGE_50E,MULTISTAGE_50E/S2_TP_z24_C3,0.8,fixed_shift,12,False,False,False,,,,,,,0,,0,0,,12,0,0.0
MULTISTAGE_50E,MULTISTAGE_50E/S2_TP_z24_C3,0.8,pchp_method,12,False,False,False,,,,,,,0,,0,0,,12,0,0.0
MULTISTAGE_50E,MULTISTAGE_50E/S2_TP_z24_C3,0.9,protected_state,12,False,False,False,,,,,,,0,,0,0,,12,0,0.0
MULTISTAGE_50E,MULTISTAGE_50E/S2_TP_z24_C3,0.9,fixed_shift,12,False,False,False,,,,,,,0,,0,0,,12,0,0.0
MULTISTAGE_50E,MULTISTAGE_50E/S2_TP_z24_C3,0.9,pchp_method,12,False,False,False,,,,,,,0,,0,0,,12,0,0.0
STANFORD_CALENDAR,STANFORD_CALENDAR/C00013,0.7,protected_state,5,False,False,False,,,,,,,0,,0,0,,5,0,0.0
STANFORD_CALENDAR,STANFORD_CALENDAR/C00013,0.7,fixed_shift,5,False,False,False,,,,,,,0,,0,0,,5,0,0.0
STANFORD_CALENDAR,STANFORD_CALENDAR/C00013,0.7,pchp_method,5,False,False,False,,,,,,,0,,0,0,,5,0,0.0
STANFORD_CALENDAR,STANFORD_CALENDAR/C00013,0.8,protected_state,5,False,False,False,,,,,,,0,,0,0,,5,0,0.0
STANFORD_CALENDAR,STANFORD_CALENDAR/C00013,0.8,fixed_shift,5,False,False,False,,,,,,,0,,0,0,,5,0,0.0
STANFORD_CALENDAR,STANFORD_CALENDAR/C00013,0.8,pchp_method,5,False,False,False,,,,,,,0,,0,0,,5,0,0.0
STANFORD_CALENDAR,STANFORD_CALENDAR/C00013,0.9,protected_state,5,False,False,False,,,,,,,0,,0,0,,5,0,0.0
STANFORD_CALENDAR,STANFORD_CALENDAR/C00013,0.9,fixed_shift,5,False,False,False,,,,,,,0,,0,0,,5,0,0.0
STANFORD_CALENDAR,STANFORD_CALENDAR/C00013,0.9,pchp_method,5,False,False,False,,,,,,,0,,0,0,,5,0,0.0
STANFORD_CALENDAR,STANFORD_CALENDAR/C00014,0.7,protected_state,11,False,False,False,,,,,,,0,,0,0,,11,0,0.0
STANFORD_CALENDAR,STANFORD_CALENDAR/C00014,0.7,fixed_shift,11,False,False,False,,,,,,,0,,0,0,,11,0,0.0
STANFORD_CALENDAR,STANFORD_CALENDAR/C00014,0.7,pchp_method,11,False,False,False,,,,,,,0,,0,0,,11,0,0.0
STANFORD_CALENDAR,STANFORD_CALENDAR/C00014,0.8,protected_state,11,False,False,False,,,,,,,0,,0,0,,11,0,0.0
STANFORD_CALENDAR,STANFORD_CALENDAR/C00014,0.8,fixed_shift,11,False,False,False,,,,,,,0,,0,0,,11,0,0.0
STANFORD_CALENDAR,STANFORD_CALENDAR/C00014,0.8,pchp_method,11,False,False,False,,,,,,,0,,0,0,,11,0,0.0
STANFORD_CALENDAR,STANFORD_CALENDAR/C00014,0.9,protected_state,11,False,False,False,,,,,,,0,,0,0,,11,0,0.0
STANFORD_CALENDAR,STANFORD_CALENDAR/C00014,0.9,fixed_shift,11,False,False,False,,,,,,,0,,0,0,,11,0,0.0
STANFORD_CALENDAR,STANFORD_CALENDAR/C00014,0.9,pchp_method,11,False,False,False,,,,,,,0,,0,0,,11,0,0.0
STANFORD_CALENDAR,STANFORD_CALENDAR/C00018,0.7,protected_state,8,False,False,False,,,,,,,0,,0,0,,8,0,0.0
STANFORD_CALENDAR,STANFORD_CALENDAR/C00018,0.7,fixed_shift,8,False,False,False,,,,,,,0,,0,0,,8,0,0.0
STANFORD_CALENDAR,STANFORD_CALENDAR/C00018,0.7,pchp_method,8,False,False,False,,,,,,,0,,0,0,,8,0,0.0
STANFORD_CALENDAR,STANFORD_CALENDAR/C00018,0.8,protected_state,8,False,False,False,,,,,,,0,,0,0,,8,0,0.0
STANFORD_CALENDAR,STANFORD_CALENDAR/C00018,0.8,fixed_shift,8,False,False,False,,,,,,,0,,0,0,,8,0,0.0
STANFORD_CALENDAR,STANFORD_CALENDAR/C00018,0.8,pchp_method,8,False,False,False,,,,,,,0,,0,0,,8,0,0.0
STANFORD_CALENDAR,STANFORD_CALENDAR/C00018,0.9,protected_state,8,False,False,False,,,,,,,0,,0,0,,8,0,0.0
STANFORD_CALENDAR,STANFORD_CALENDAR/C00018,0.9,fixed_shift,8,False,False,False,,,,,,,0,,0,0,,8,0,0.0
STANFORD_CALENDAR,STANFORD_CALENDAR/C00018,0.9,pchp_method,8,False,False,False,,,,,,,0,,0,0,,8,0,0.0
STANFORD_CALENDAR,STANFORD_CALENDAR/C00084,0.7,protected_state,90,False,False,False,,,,,,,0,,0,0,,90,0,0.0
STANFORD_CALENDAR,STANFORD_CALENDAR/C00084,0.7,fixed_shift,90,False,False,False,,,,,,,0,,0,0,,90,0,0.0
STANFORD_CALENDAR,STANFORD_CALENDAR/C00084,0.7,pchp_method,90,False,False,False,,,,,,,0,,0,0,,90,0,0.0
STANFORD_CALENDAR,STANFORD_CALENDAR/C00084,0.8,protected_state,90,True,False,False,83.0,,8.0,8.0,,1.0,0,0.0,8,8,1.0,82,0,0.0
STANFORD_CALENDAR,STANFORD_CALENDAR/C00084,0.8,fixed_shift,90,True,False,False,83.0,,8.0,8.0,,1.0,0,0.0,8,8,1.0,82,0,0.0
STANFORD_CALENDAR,STANFORD_CALENDAR/C00084,0.8,pchp_method,90,True,False,False,83.0,,8.0,8.0,,1.0,0,0.0,8,8,1.0,82,0,0.0
STANFORD_CALENDAR,STANFORD_CALENDAR/C00084,0.9,protected_state,90,True,True,True,54.0,1.0,-53.0,53.0,-1932.0,0.0,1,0.0,37,0,0.0,53,53,1.0
STANFORD_CALENDAR,STANFORD_CALENDAR/C00084,0.9,fixed_shift,90,True,True,True,54.0,1.0,-53.0,53.0,-1932.0,0.0,1,0.0,37,0,0.0,53,53,1.0
STANFORD_CALENDAR,STANFORD_CALENDAR/C00084,0.9,pchp_method,90,True,True,True,54.0,1.0,-53.0,53.0,-1932.0,0.0,1,0.0,37,0,0.0,53,53,1.0
STANFORD_CALENDAR,STANFORD_CALENDAR/C00085,0.7,protected_state,118,False,False,False,,,,,,,0,,0,0,,118,0,0.0
STANFORD_CALENDAR,STANFORD_CALENDAR/C00085,0.7,fixed_shift,118,False,False,False,,,,,,,0,,0,0,,118,0,0.0
STANFORD_CALENDAR,STANFORD_CALENDAR/C00085,0.7,pchp_method,118,False,False,False,,,,,,,0,,0,0,,118,0,0.0
STANFORD_CALENDAR,STANFORD_CALENDAR/C00085,0.8,protected_state,118,False,False,False,,,,,,,0,,0,0,,118,0,0.0
STANFORD_CALENDAR,STANFORD_CALENDAR/C00085,0.8,fixed_shift,118,False,False,False,,,,,,,0,,0,0,,118,0,0.0
STANFORD_CALENDAR,STANFORD_CALENDAR/C00085,0.8,pchp_method,118,False,False,False,,,,,,,0,,0,0,,118,0,0.0
STANFORD_CALENDAR,STANFORD_CALENDAR/C00085,0.9,protected_state,118,True,True,True,74.0,1.0,-73.0,73.0,-2639.0,0.0,1,0.0,45,0,0.0,73,73,1.0
STANFORD_CALENDAR,STANFORD_CALENDAR/C00085,0.9,fixed_shift,118,True,True,True,74.0,1.0,-73.0,73.0,-2639.0,0.0,1,0.0,45,0,0.0,73,73,1.0
STANFORD_CALENDAR,STANFORD_CALENDAR/C00085,0.9,pchp_method,118,True,True,True,74.0,1.0,-73.0,73.0,-2639.0,0.0,1,0.0,45,0,0.0,73,73,1.0
STANFORD_CALENDAR,STANFORD_CALENDAR/C00086,0.7,protected_state,118,False,False,False,,,,,,,0,,0,0,,118,0,0.0
STANFORD_CALENDAR,STANFORD_CALENDAR/C00086,0.7,fixed_shift,118,False,False,False,,,,,,,0,,0,0,,118,0,0.0
STANFORD_CALENDAR,STANFORD_CALENDAR/C00086,0.7,pchp_method,118,False,False,False,,,,,,,0,,0,0,,118,0,0.0
STANFORD_CALENDAR,STANFORD_CALENDAR/C00086,0.8,protected_state,118,True,False,False,103.0,,16.0,16.0,,1.0,0,0.0,16,16,1.0,102,0,0.0
STANFORD_CALENDAR,STANFORD_CALENDAR/C00086,0.8,fixed_shift,118,True,False,False,103.0,,16.0,16.0,,1.0,0,0.0,16,16,1.0,102,0,0.0
STANFORD_CALENDAR,STANFORD_CALENDAR/C00086,0.8,pchp_method,118,True,False,False,103.0,,16.0,16.0,,1.0,0,0.0,16,16,1.0,102,0,0.0
STANFORD_CALENDAR,STANFORD_CALENDAR/C00086,0.9,protected_state,118,True,True,True,51.0,1.0,-50.0,50.0,-1812.0,0.0,1,0.0,67,0,0.0,51,51,1.0
STANFORD_CALENDAR,STANFORD_CALENDAR/C00086,0.9,fixed_shift,118,True,True,True,51.0,1.0,-50.0,50.0,-1812.0,0.0,1,0.0,67,0,0.0,51,51,1.0
STANFORD_CALENDAR,STANFORD_CALENDAR/C00086,0.9,pchp_method,118,True,True,True,51.0,1.0,-50.0,50.0,-1812.0,0.0,1,0.0,67,0,0.0,51,51,1.0
STANFORD_CALENDAR,STANFORD_CALENDAR/C00087,0.7,protected_state,118,False,False,False,,,,,,,0,,0,0,,118,0,0.0
STANFORD_CALENDAR,STANFORD_CALENDAR/C00087,0.7,fixed_shift,118,False,False,False,,,,,,,0,,0,0,,118,0,0.0
STANFORD_CALENDAR,STANFORD_CALENDAR/C00087,0.7,pchp_method,118,False,False,False,,,,,,,0,,0,0,,118,0,0.0
STANFORD_CALENDAR,STANFORD_CALENDAR/C00087,0.8,protected_state,118,True,False,False,105.0,,14.0,14.0,,1.0,0,0.0,13,13,1.0,105,0,0.0
STANFORD_CALENDAR,STANFORD_CALENDAR/C00087,0.8,fixed_shift,118,True,False,False,105.0,,14.0,14.0,,1.0,0,0.0,13,13,1.0,105,0,0.0
STANFORD_CALENDAR,STANFORD_CALENDAR/C00087,0.8,pchp_method,118,True,False,False,105.0,,14.0,14.0,,1.0,0,0.0,13,13,1.0,105,0,0.0
STANFORD_CALENDAR,STANFORD_CALENDAR/C00087,0.9,protected_state,118,True,True,True,54.0,1.0,-53.0,53.0,-1932.0,0.0,1,0.0,64,0,0.0,54,54,1.0
STANFORD_CALENDAR,STANFORD_CALENDAR/C00087,0.9,fixed_shift,118,True,True,True,54.0,1.0,-53.0,53.0,-1932.0,0.0,1,0.0,64,0,0.0,54,54,1.0
STANFORD_CALENDAR,STANFORD_CALENDAR/C00087,0.9,pchp_method,118,True,True,True,54.0,1.0,-53.0,53.0,-1932.0,0.0,1,0.0,64,0,0.0,54,54,1.0
STANFORD_CALENDAR,STANFORD_CALENDAR/C00088,0.7,protected_state,18,False,False,False,,,,,,,0,,0,0,,18,0,0.0
STANFORD_CALENDAR,STANFORD_CALENDAR/C00088,0.7,fixed_shift,18,False,False,False,,,,,,,0,,0,0,,18,0,0.0
STANFORD_CALENDAR,STANFORD_CALENDAR/C00088,0.7,pchp_method,18,False,False,False,,,,,,,0,,0,0,,18,0,0.0
STANFORD_CALENDAR,STANFORD_CALENDAR/C00088,0.8,protected_state,18,False,False,False,,,,,,,0,,0,0,,18,0,0.0
STANFORD_CALENDAR,STANFORD_CALENDAR/C00088,0.8,fixed_shift,18,False,False,False,,,,,,,0,,0,0,,18,0,0.0
STANFORD_CALENDAR,STANFORD_CALENDAR/C00088,0.8,pchp_method,18,False,False,False,,,,,,,0,,0,0,,18,0,0.0
STANFORD_CALENDAR,STANFORD_CALENDAR/C00088,0.9,protected_state,18,False,True,False,,1.0,,,,,1,,0,0,,18,18,1.0
STANFORD_CALENDAR,STANFORD_CALENDAR/C00088,0.9,fixed_shift,18,False,True,False,,1.0,,,,,1,,0,0,,18,18,1.0
STANFORD_CALENDAR,STANFORD_CALENDAR/C00088,0.9,pchp_method,18,False,True,False,,1.0,,,,,1,,0,0,,18,18,1.0
STANFORD_CALENDAR,STANFORD_CALENDAR/C00089,0.7,protected_state,18,False,False,False,,,,,,,0,,0,0,,18,0,0.0
STANFORD_CALENDAR,STANFORD_CALENDAR/C00089,0.7,fixed_shift,18,False,False,False,,,,,,,0,,0,0,,18,0,0.0
STANFORD_CALENDAR,STANFORD_CALENDAR/C00089,0.7,pchp_method,18,False,False,False,,,,,,,0,,0,0,,18,0,0.0
STANFORD_CALENDAR,STANFORD_CALENDAR/C00089,0.8,protected_state,18,False,False,False,,,,,,,0,,0,0,,18,0,0.0
STANFORD_CALENDAR,STANFORD_CALENDAR/C00089,0.8,fixed_shift,18,False,False,False,,,,,,,0,,0,0,,18,0,0.0
STANFORD_CALENDAR,STANFORD_CALENDAR/C00089,0.8,pchp_method,18,False,False,False,,,,,,,0,,0,0,,18,0,0.0
STANFORD_CALENDAR,STANFORD_CALENDAR/C00089,0.9,protected_state,18,True,True,True,17.0,1.0,-16.0,16.0,-3028.0,0.0,1,0.0,2,0,0.0,16,16,1.0
STANFORD_CALENDAR,STANFORD_CALENDAR/C00089,0.9,fixed_shift,18,True,True,True,17.0,1.0,-16.0,16.0,-3028.0,0.0,1,0.0,2,0,0.0,16,16,1.0
STANFORD_CALENDAR,STANFORD_CALENDAR/C00089,0.9,pchp_method,18,True,True,True,17.0,1.0,-16.0,16.0,-3028.0,0.0,1,0.0,2,0,0.0,16,16,1.0
STANFORD_CALENDAR,STANFORD_CALENDAR/C00090,0.7,protected_state,18,False,False,False,,,,,,,0,,0,0,,18,0,0.0
STANFORD_CALENDAR,STANFORD_CALENDAR/C00090,0.7,fixed_shift,18,False,False,False,,,,,,,0,,0,0,,18,0,0.0
STANFORD_CALENDAR,STANFORD_CALENDAR/C00090,0.7,pchp_method,18,False,False,False,,,,,,,0,,0,0,,18,0,0.0
STANFORD_CALENDAR,STANFORD_CALENDAR/C00090,0.8,protected_state,18,False,False,False,,,,,,,0,,0,0,,18,0,0.0
STANFORD_CALENDAR,STANFORD_CALENDAR/C00090,0.8,fixed_shift,18,False,False,False,,,,,,,0,,0,0,,18,0,0.0
STANFORD_CALENDAR,STANFORD_CALENDAR/C00090,0.8,pchp_method,18,False,False,False,,,,,,,0,,0,0,,18,0,0.0
STANFORD_CALENDAR,STANFORD_CALENDAR/C00090,0.9,protected_state,18,True,True,True,13.0,1.0,-12.0,12.0,-2274.0,0.0,1,0.0,6,0,0.0,12,12,1.0
STANFORD_CALENDAR,STANFORD_CALENDAR/C00090,0.9,fixed_shift,18,True,True,True,13.0,1.0,-12.0,12.0,-2274.0,0.0,1,0.0,6,0,0.0,12,12,1.0
STANFORD_CALENDAR,STANFORD_CALENDAR/C00090,0.9,pchp_method,18,True,True,True,13.0,1.0,-12.0,12.0,-2274.0,0.0,1,0.0,6,0,0.0,12,12,1.0
STANFORD_CALENDAR,STANFORD_CALENDAR/C00091,0.7,protected_state,18,False,False,False,,,,,,,0,,0,0,,18,0,0.0
STANFORD_CALENDAR,STANFORD_CALENDAR/C00091,0.7,fixed_shift,18,False,False,False,,,,,,,0,,0,0,,18,0,0.0
STANFORD_CALENDAR,STANFORD_CALENDAR/C00091,0.7,pchp_method,18,False,False,False,,,,,,,0,,0,0,,18,0,0.0
STANFORD_CALENDAR,STANFORD_CALENDAR/C00091,0.8,protected_state,18,False,False,False,,,,,,,0,,0,0,,18,0,0.0
STANFORD_CALENDAR,STANFORD_CALENDAR/C00091,0.8,fixed_shift,18,False,False,False,,,,,,,0,,0,0,,18,0,0.0
STANFORD_CALENDAR,STANFORD_CALENDAR/C00091,0.8,pchp_method,18,False,False,False,,,,,,,0,,0,0,,18,0,0.0
STANFORD_CALENDAR,STANFORD_CALENDAR/C00091,0.9,protected_state,18,True,True,True,13.0,1.0,-12.0,12.0,-2274.0,0.0,1,0.0,6,0,0.0,12,12,1.0
STANFORD_CALENDAR,STANFORD_CALENDAR/C00091,0.9,fixed_shift,18,True,True,True,13.0,1.0,-12.0,12.0,-2274.0,0.0,1,0.0,6,0,0.0,12,12,1.0
STANFORD_CALENDAR,STANFORD_CALENDAR/C00091,0.9,pchp_method,18,True,True,True,13.0,1.0,-12.0,12.0,-2274.0,0.0,1,0.0,6,0,0.0,12,12,1.0
STANFORD_CALENDAR,STANFORD_CALENDAR/C00092,0.7,protected_state,16,False,False,False,,,,,,,0,,0,0,,16,0,0.0
STANFORD_CALENDAR,STANFORD_CALENDAR/C00092,0.7,fixed_shift,16,False,False,False,,,,,,,0,,0,0,,16,0,0.0
STANFORD_CALENDAR,STANFORD_CALENDAR/C00092,0.7,pchp_method,16,False,False,False,,,,,,,0,,0,0,,16,0,0.0
STANFORD_CALENDAR,STANFORD_CALENDAR/C00092,0.8,protected_state,16,False,False,False,,,,,,,0,,0,0,,16,0,0.0
STANFORD_CALENDAR,STANFORD_CALENDAR/C00092,0.8,fixed_shift,16,False,False,False,,,,,,,0,,0,0,,16,0,0.0
STANFORD_CALENDAR,STANFORD_CALENDAR/C00092,0.8,pchp_method,16,False,False,False,,,,,,,0,,0,0,,16,0,0.0
STANFORD_CALENDAR,STANFORD_CALENDAR/C00092,0.9,protected_state,16,True,True,True,12.0,1.0,-11.0,11.0,-2087.0,0.0,1,0.0,5,0,0.0,11,11,1.0
STANFORD_CALENDAR,STANFORD_CALENDAR/C00092,0.9,fixed_shift,16,True,True,True,12.0,1.0,-11.0,11.0,-2087.0,0.0,1,0.0,5,0,0.0,11,11,1.0
STANFORD_CALENDAR,STANFORD_CALENDAR/C00092,0.9,pchp_method,16,True,True,True,12.0,1.0,-11.0,11.0,-2087.0,0.0,1,0.0,5,0,0.0,11,11,1.0
STANFORD_CALENDAR,STANFORD_CALENDAR/C00093,0.7,protected_state,15,False,False,False,,,,,,,0,,0,0,,15,0,0.0
STANFORD_CALENDAR,STANFORD_CALENDAR/C00093,0.7,fixed_shift,15,False,False,False,,,,,,,0,,0,0,,15,0,0.0
STANFORD_CALENDAR,STANFORD_CALENDAR/C00093,0.7,pchp_method,15,False,False,False,,,,,,,0,,0,0,,15,0,0.0
STANFORD_CALENDAR,STANFORD_CALENDAR/C00093,0.8,protected_state,15,False,False,False,,,,,,,0,,0,0,,15,0,0.0
STANFORD_CALENDAR,STANFORD_CALENDAR/C00093,0.8,fixed_shift,15,False,False,False,,,,,,,0,,0,0,,15,0,0.0
STANFORD_CALENDAR,STANFORD_CALENDAR/C00093,0.8,pchp_method,15,False,False,False,,,,,,,0,,0,0,,15,0,0.0
STANFORD_CALENDAR,STANFORD_CALENDAR/C00093,0.9,protected_state,15,False,True,False,,1.0,,,,,1,,0,0,,15,15,1.0
STANFORD_CALENDAR,STANFORD_CALENDAR/C00093,0.9,fixed_shift,15,False,True,False,,1.0,,,,,1,,0,0,,15,15,1.0
STANFORD_CALENDAR,STANFORD_CALENDAR/C00093,0.9,pchp_method,15,False,True,False,,1.0,,,,,1,,0,0,,15,15,1.0
STANFORD_CALENDAR,STANFORD_CALENDAR/C00094,0.7,protected_state,16,False,False,False,,,,,,,0,,0,0,,16,0,0.0
STANFORD_CALENDAR,STANFORD_CALENDAR/C00094,0.7,fixed_shift,16,False,False,False,,,,,,,0,,0,0,,16,0,0.0
STANFORD_CALENDAR,STANFORD_CALENDAR/C00094,0.7,pchp_method,16,False,False,False,,,,,,,0,,0,0,,16,0,0.0
STANFORD_CALENDAR,STANFORD_CALENDAR/C00094,0.8,protected_state,16,False,False,False,,,,,,,0,,0,0,,16,0,0.0
STANFORD_CALENDAR,STANFORD_CALENDAR/C00094,0.8,fixed_shift,16,False,False,False,,,,,,,0,,0,0,,16,0,0.0
STANFORD_CALENDAR,STANFORD_CALENDAR/C00094,0.8,pchp_method,16,False,False,False,,,,,,,0,,0,0,,16,0,0.0
STANFORD_CALENDAR,STANFORD_CALENDAR/C00094,0.9,protected_state,16,False,True,False,,1.0,,,,,1,,0,0,,16,16,1.0
STANFORD_CALENDAR,STANFORD_CALENDAR/C00094,0.9,fixed_shift,16,False,True,False,,1.0,,,,,1,,0,0,,16,16,1.0
STANFORD_CALENDAR,STANFORD_CALENDAR/C00094,0.9,pchp_method,16,False,True,False,,1.0,,,,,1,,0,0,,16,16,1.0
STANFORD_CALENDAR,STANFORD_CALENDAR/C00095,0.7,protected_state,16,False,False,False,,,,,,,0,,0,0,,16,0,0.0
STANFORD_CALENDAR,STANFORD_CALENDAR/C00095,0.7,fixed_shift,16,False,False,False,,,,,,,0,,0,0,,16,0,0.0
STANFORD_CALENDAR,STANFORD_CALENDAR/C00095,0.7,pchp_method,16,False,False,False,,,,,,,0,,0,0,,16,0,0.0
STANFORD_CALENDAR,STANFORD_CALENDAR/C00095,0.8,protected_state,16,False,False,False,,,,,,,0,,0,0,,16,0,0.0
STANFORD_CALENDAR,STANFORD_CALENDAR/C00095,0.8,fixed_shift,16,False,False,False,,,,,,,0,,0,0,,16,0,0.0
STANFORD_CALENDAR,STANFORD_CALENDAR/C00095,0.8,pchp_method,16,False,False,False,,,,,,,0,,0,0,,16,0,0.0
STANFORD_CALENDAR,STANFORD_CALENDAR/C00095,0.9,protected_state,16,False,True,False,,1.0,,,,,1,,0,0,,16,16,1.0
STANFORD_CALENDAR,STANFORD_CALENDAR/C00095,0.9,fixed_shift,16,False,True,False,,1.0,,,,,1,,0,0,,16,16,1.0
STANFORD_CALENDAR,STANFORD_CALENDAR/C00095,0.9,pchp_method,16,False,True,False,,1.0,,,,,1,,0,0,,16,16,1.0
STANFORD_CALENDAR,STANFORD_CALENDAR/C00161,0.7,protected_state,2,False,False,False,,,,,,,0,,0,0,,2,0,0.0
STANFORD_CALENDAR,STANFORD_CALENDAR/C00161,0.7,fixed_shift,2,False,False,False,,,,,,,0,,0,0,,2,0,0.0
STANFORD_CALENDAR,STANFORD_CALENDAR/C00161,0.7,pchp_method,2,False,False,False,,,,,,,0,,0,0,,2,0,0.0
STANFORD_CALENDAR,STANFORD_CALENDAR/C00161,0.8,protected_state,2,False,False,False,,,,,,,0,,0,0,,2,0,0.0
STANFORD_CALENDAR,STANFORD_CALENDAR/C00161,0.8,fixed_shift,2,False,False,False,,,,,,,0,,0,0,,2,0,0.0
STANFORD_CALENDAR,STANFORD_CALENDAR/C00161,0.8,pchp_method,2,False,False,False,,,,,,,0,,0,0,,2,0,0.0
STANFORD_CALENDAR,STANFORD_CALENDAR/C00161,0.9,protected_state,2,True,False,False,2.0,,1.0,1.0,,1.0,0,0.0,1,1,1.0,1,0,0.0
STANFORD_CALENDAR,STANFORD_CALENDAR/C00161,0.9,fixed_shift,2,True,False,False,2.0,,1.0,1.0,,1.0,0,0.0,1,1,1.0,1,0,0.0
STANFORD_CALENDAR,STANFORD_CALENDAR/C00161,0.9,pchp_method,2,True,False,False,2.0,,1.0,1.0,,1.0,0,0.0,1,1,1.0,1,0,0.0
STANFORD_CALENDAR,STANFORD_CALENDAR/C00162,0.7,protected_state,28,False,False,False,,,,,,,0,,0,0,,28,0,0.0
STANFORD_CALENDAR,STANFORD_CALENDAR/C00162,0.7,fixed_shift,28,False,False,False,,,,,,,0,,0,0,,28,0,0.0
STANFORD_CALENDAR,STANFORD_CALENDAR/C00162,0.7,pchp_method,28,False,False,False,,,,,,,0,,0,0,,28,0,0.0
STANFORD_CALENDAR,STANFORD_CALENDAR/C00162,0.8,protected_state,28,True,False,False,16.0,,13.0,13.0,,1.0,0,0.0,13,13,1.0,15,0,0.0
STANFORD_CALENDAR,STANFORD_CALENDAR/C00162,0.8,fixed_shift,28,True,False,False,16.0,,13.0,13.0,,1.0,0,0.0,13,13,1.0,15,0,0.0
STANFORD_CALENDAR,STANFORD_CALENDAR/C00162,0.8,pchp_method,28,True,False,False,16.0,,13.0,13.0,,1.0,0,0.0,13,13,1.0,15,0,0.0
STANFORD_CALENDAR,STANFORD_CALENDAR/C00162,0.9,protected_state,28,True,False,False,3.0,,26.0,26.0,,1.0,0,0.0,26,26,1.0,2,0,0.0
STANFORD_CALENDAR,STANFORD_CALENDAR/C00162,0.9,fixed_shift,28,True,False,False,3.0,,26.0,26.0,,1.0,0,0.0,26,26,1.0,2,0,0.0
STANFORD_CALENDAR,STANFORD_CALENDAR/C00162,0.9,pchp_method,28,True,False,False,3.0,,26.0,26.0,,1.0,0,0.0,26,26,1.0,2,0,0.0
STANFORD_CALENDAR,STANFORD_CALENDAR/C00163,0.7,protected_state,8,False,False,False,,,,,,,0,,0,0,,8,0,0.0
STANFORD_CALENDAR,STANFORD_CALENDAR/C00163,0.7,fixed_shift,8,False,False,False,,,,,,,0,,0,0,,8,0,0.0
STANFORD_CALENDAR,STANFORD_CALENDAR/C00163,0.7,pchp_method,8,False,False,False,,,,,,,0,,0,0,,8,0,0.0
STANFORD_CALENDAR,STANFORD_CALENDAR/C00163,0.8,protected_state,8,True,False,False,1.0,,8.0,8.0,,1.0,0,0.0,8,8,1.0,0,0,
STANFORD_CALENDAR,STANFORD_CALENDAR/C00163,0.8,fixed_shift,8,True,False,False,1.0,,8.0,8.0,,1.0,0,0.0,8,8,1.0,0,0,
STANFORD_CALENDAR,STANFORD_CALENDAR/C00163,0.8,pchp_method,8,True,False,False,1.0,,8.0,8.0,,1.0,0,0.0,8,8,1.0,0,0,
STANFORD_CALENDAR,STANFORD_CALENDAR/C00163,0.9,protected_state,8,True,False,False,1.0,,8.0,8.0,,1.0,0,0.0,8,8,1.0,0,0,
STANFORD_CALENDAR,STANFORD_CALENDAR/C00163,0.9,fixed_shift,8,True,False,False,1.0,,8.0,8.0,,1.0,0,0.0,8,8,1.0,0,0,
STANFORD_CALENDAR,STANFORD_CALENDAR/C00163,0.9,pchp_method,8,True,False,False,1.0,,8.0,8.0,,1.0,0,0.0,8,8,1.0,0,0,
STANFORD_CALENDAR,STANFORD_CALENDAR/C00164,0.7,protected_state,6,False,False,False,,,,,,,0,,0,0,,6,0,0.0
STANFORD_CALENDAR,STANFORD_CALENDAR/C00164,0.7,fixed_shift,6,False,False,False,,,,,,,0,,0,0,,6,0,0.0
STANFORD_CALENDAR,STANFORD_CALENDAR/C00164,0.7,pchp_method,6,False,False,False,,,,,,,0,,0,0,,6,0,0.0
STANFORD_CALENDAR,STANFORD_CALENDAR/C00164,0.8,protected_state,6,True,False,False,5.0,,2.0,2.0,,1.0,0,0.0,2,2,1.0,4,0,0.0
STANFORD_CALENDAR,STANFORD_CALENDAR/C00164,0.8,fixed_shift,6,True,False,False,5.0,,2.0,2.0,,1.0,0,0.0,2,2,1.0,4,0,0.0
STANFORD_CALENDAR,STANFORD_CALENDAR/C00164,0.8,pchp_method,6,True,False,False,5.0,,2.0,2.0,,1.0,0,0.0,2,2,1.0,4,0,0.0
STANFORD_CALENDAR,STANFORD_CALENDAR/C00164,0.9,protected_state,6,True,False,False,4.0,,3.0,3.0,,1.0,0,0.0,3,3,1.0,3,0,0.0
STANFORD_CALENDAR,STANFORD_CALENDAR/C00164,0.9,fixed_shift,6,True,False,False,4.0,,3.0,3.0,,1.0,0,0.0,3,3,1.0,3,0,0.0
STANFORD_CALENDAR,STANFORD_CALENDAR/C00164,0.9,pchp_method,6,True,False,False,4.0,,3.0,3.0,,1.0,0,0.0,3,3,1.0,3,0,0.0
STANFORD_CALENDAR,STANFORD_CALENDAR/C00165,0.7,protected_state,15,False,False,False,,,,,,,0,,0,0,,15,0,0.0
STANFORD_CALENDAR,STANFORD_CALENDAR/C00165,0.7,fixed_shift,15,False,False,False,,,,,,,0,,0,0,,15,0,0.0
STANFORD_CALENDAR,STANFORD_CALENDAR/C00165,0.7,pchp_method,15,False,False,False,,,,,,,0,,0,0,,15,0,0.0
STANFORD_CALENDAR,STANFORD_CALENDAR/C00165,0.8,protected_state,15,False,False,False,,,,,,,0,,0,0,,15,0,0.0
STANFORD_CALENDAR,STANFORD_CALENDAR/C00165,0.8,fixed_shift,15,False,False,False,,,,,,,0,,0,0,,15,0,0.0
STANFORD_CALENDAR,STANFORD_CALENDAR/C00165,0.8,pchp_method,15,False,False,False,,,,,,,0,,0,0,,15,0,0.0
STANFORD_CALENDAR,STANFORD_CALENDAR/C00165,0.9,protected_state,15,True,False,False,3.0,,13.0,13.0,,1.0,0,0.0,13,13,1.0,2,0,0.0
STANFORD_CALENDAR,STANFORD_CALENDAR/C00165,0.9,fixed_shift,15,True,False,False,3.0,,13.0,13.0,,1.0,0,0.0,13,13,1.0,2,0,0.0
STANFORD_CALENDAR,STANFORD_CALENDAR/C00165,0.9,pchp_method,15,True,False,False,3.0,,13.0,13.0,,1.0,0,0.0,13,13,1.0,2,0,0.0
STANFORD_CALENDAR,STANFORD_CALENDAR/C00166,0.7,protected_state,2,False,False,False,,,,,,,0,,0,0,,2,0,0.0
STANFORD_CALENDAR,STANFORD_CALENDAR/C00166,0.7,fixed_shift,2,False,False,False,,,,,,,0,,0,0,,2,0,0.0
STANFORD_CALENDAR,STANFORD_CALENDAR/C00166,0.7,pchp_method,2,False,False,False,,,,,,,0,,0,0,,2,0,0.0
STANFORD_CALENDAR,STANFORD_CALENDAR/C00166,0.8,protected_state,2,False,False,False,,,,,,,0,,0,0,,2,0,0.0
STANFORD_CALENDAR,STANFORD_CALENDAR/C00166,0.8,fixed_shift,2,False,False,False,,,,,,,0,,0,0,,2,0,0.0
STANFORD_CALENDAR,STANFORD_CALENDAR/C00166,0.8,pchp_method,2,False,False,False,,,,,,,0,,0,0,,2,0,0.0
STANFORD_CALENDAR,STANFORD_CALENDAR/C00166,0.9,protected_state,2,True,False,False,2.0,,1.0,1.0,,1.0,0,0.0,1,1,1.0,1,0,0.0
STANFORD_CALENDAR,STANFORD_CALENDAR/C00166,0.9,fixed_shift,2,True,False,False,2.0,,1.0,1.0,,1.0,0,0.0,1,1,1.0,1,0,0.0
STANFORD_CALENDAR,STANFORD_CALENDAR/C00166,0.9,pchp_method,2,True,False,False,2.0,,1.0,1.0,,1.0,0,0.0,1,1,1.0,1,0,0.0
STANFORD_CALENDAR,STANFORD_CALENDAR/C00207,0.7,protected_state,15,False,False,False,,,,,,,0,,0,0,,15,0,0.0
STANFORD_CALENDAR,STANFORD_CALENDAR/C00207,0.7,fixed_shift,15,False,False,False,,,,,,,0,,0,0,,15,0,0.0
STANFORD_CALENDAR,STANFORD_CALENDAR/C00207,0.7,pchp_method,15,False,False,False,,,,,,,0,,0,0,,15,0,0.0
STANFORD_CALENDAR,STANFORD_CALENDAR/C00207,0.8,protected_state,15,False,False,False,,,,,,,0,,0,0,,15,0,0.0
STANFORD_CALENDAR,STANFORD_CALENDAR/C00207,0.8,fixed_shift,15,False,False,False,,,,,,,0,,0,0,,15,0,0.0
STANFORD_CALENDAR,STANFORD_CALENDAR/C00207,0.8,pchp_method,15,False,False,False,,,,,,,0,,0,0,,15,0,0.0
STANFORD_CALENDAR,STANFORD_CALENDAR/C00207,0.9,protected_state,15,False,False,False,,,,,,,0,,0,0,,15,0,0.0
STANFORD_CALENDAR,STANFORD_CALENDAR/C00207,0.9,fixed_shift,15,False,False,False,,,,,,,0,,0,0,,15,0,0.0
STANFORD_CALENDAR,STANFORD_CALENDAR/C00207,0.9,pchp_method,15,False,False,False,,,,,,,0,,0,0,,15,0,0.0
STANFORD_CALENDAR,STANFORD_CALENDAR/C00211,0.7,protected_state,7,False,False,False,,,,,,,0,,0,0,,7,0,0.0
STANFORD_CALENDAR,STANFORD_CALENDAR/C00211,0.7,fixed_shift,7,False,False,False,,,,,,,0,,0,0,,7,0,0.0
STANFORD_CALENDAR,STANFORD_CALENDAR/C00211,0.7,pchp_method,7,False,False,False,,,,,,,0,,0,0,,7,0,0.0
STANFORD_CALENDAR,STANFORD_CALENDAR/C00211,0.8,protected_state,7,False,False,False,,,,,,,0,,0,0,,7,0,0.0
STANFORD_CALENDAR,STANFORD_CALENDAR/C00211,0.8,fixed_shift,7,False,False,False,,,,,,,0,,0,0,,7,0,0.0
STANFORD_CALENDAR,STANFORD_CALENDAR/C00211,0.8,pchp_method,7,False,False,False,,,,,,,0,,0,0,,7,0,0.0
STANFORD_CALENDAR,STANFORD_CALENDAR/C00211,0.9,protected_state,7,False,False,False,,,,,,,0,,0,0,,7,0,0.0
STANFORD_CALENDAR,STANFORD_CALENDAR/C00211,0.9,fixed_shift,7,False,False,False,,,,,,,0,,0,0,,7,0,0.0
STANFORD_CALENDAR,STANFORD_CALENDAR/C00211,0.9,pchp_method,7,False,False,False,,,,,,,0,,0,0,,7,0,0.0
STANFORD_CALENDAR,STANFORD_CALENDAR/C00213,0.7,protected_state,20,False,False,False,,,,,,,0,,0,0,,20,0,0.0
STANFORD_CALENDAR,STANFORD_CALENDAR/C00213,0.7,fixed_shift,20,False,False,False,,,,,,,0,,0,0,,20,0,0.0
STANFORD_CALENDAR,STANFORD_CALENDAR/C00213,0.7,pchp_method,20,False,False,False,,,,,,,0,,0,0,,20,0,0.0
STANFORD_CALENDAR,STANFORD_CALENDAR/C00213,0.8,protected_state,20,False,False,False,,,,,,,0,,0,0,,20,0,0.0
STANFORD_CALENDAR,STANFORD_CALENDAR/C00213,0.8,fixed_shift,20,False,False,False,,,,,,,0,,0,0,,20,0,0.0
STANFORD_CALENDAR,STANFORD_CALENDAR/C00213,0.8,pchp_method,20,False,False,False,,,,,,,0,,0,0,,20,0,0.0
STANFORD_CALENDAR,STANFORD_CALENDAR/C00213,0.9,protected_state,20,False,False,False,,,,,,,0,,0,0,,20,0,0.0
STANFORD_CALENDAR,STANFORD_CALENDAR/C00213,0.9,fixed_shift,20,False,False,False,,,,,,,0,,0,0,,20,0,0.0
STANFORD_CALENDAR,STANFORD_CALENDAR/C00213,0.9,pchp_method,20,False,False,False,,,,,,,0,,0,0,,20,0,0.0
STANFORD_CALENDAR,STANFORD_CALENDAR/C00218,0.7,protected_state,25,False,False,False,,,,,,,0,,0,0,,25,0,0.0
STANFORD_CALENDAR,STANFORD_CALENDAR/C00218,0.7,fixed_shift,25,False,False,False,,,,,,,0,,0,0,,25,0,0.0
STANFORD_CALENDAR,STANFORD_CALENDAR/C00218,0.7,pchp_method,25,False,False,False,,,,,,,0,,0,0,,25,0,0.0
STANFORD_CALENDAR,STANFORD_CALENDAR/C00218,0.8,protected_state,25,False,False,False,,,,,,,0,,0,0,,25,0,0.0
STANFORD_CALENDAR,STANFORD_CALENDAR/C00218,0.8,fixed_shift,25,False,False,False,,,,,,,0,,0,0,,25,0,0.0
STANFORD_CALENDAR,STANFORD_CALENDAR/C00218,0.8,pchp_method,25,False,False,False,,,,,,,0,,0,0,,25,0,0.0
STANFORD_CALENDAR,STANFORD_CALENDAR/C00218,0.9,protected_state,25,True,False,False,20.0,,6.0,6.0,,1.0,0,0.0,6,6,1.0,19,0,0.0
STANFORD_CALENDAR,STANFORD_CALENDAR/C00218,0.9,fixed_shift,25,True,False,False,20.0,,6.0,6.0,,1.0,0,0.0,6,6,1.0,19,0,0.0
STANFORD_CALENDAR,STANFORD_CALENDAR/C00218,0.9,pchp_method,25,True,False,False,20.0,,6.0,6.0,,1.0,0,0.0,6,6,1.0,19,0,0.0
STANFORD_CALENDAR,STANFORD_CALENDAR/C00219,0.7,protected_state,6,False,False,False,,,,,,,0,,0,0,,6,0,0.0
STANFORD_CALENDAR,STANFORD_CALENDAR/C00219,0.7,fixed_shift,6,False,False,False,,,,,,,0,,0,0,,6,0,0.0
STANFORD_CALENDAR,STANFORD_CALENDAR/C00219,0.7,pchp_method,6,False,False,False,,,,,,,0,,0,0,,6,0,0.0
STANFORD_CALENDAR,STANFORD_CALENDAR/C00219,0.8,protected_state,6,False,False,False,,,,,,,0,,0,0,,6,0,0.0
STANFORD_CALENDAR,STANFORD_CALENDAR/C00219,0.8,fixed_shift,6,False,False,False,,,,,,,0,,0,0,,6,0,0.0
STANFORD_CALENDAR,STANFORD_CALENDAR/C00219,0.8,pchp_method,6,False,False,False,,,,,,,0,,0,0,,6,0,0.0
STANFORD_CALENDAR,STANFORD_CALENDAR/C00219,0.9,protected_state,6,False,False,False,,,,,,,0,,0,0,,6,0,0.0
STANFORD_CALENDAR,STANFORD_CALENDAR/C00219,0.9,fixed_shift,6,False,False,False,,,,,,,0,,0,0,,6,0,0.0
STANFORD_CALENDAR,STANFORD_CALENDAR/C00219,0.9,pchp_method,6,False,False,False,,,,,,,0,,0,0,,6,0,0.0
STANFORD_CALENDAR,STANFORD_CALENDAR/C00223,0.7,protected_state,1,False,False,False,,,,,,,0,,0,0,,1,0,0.0
STANFORD_CALENDAR,STANFORD_CALENDAR/C00223,0.7,fixed_shift,1,False,False,False,,,,,,,0,,0,0,,1,0,0.0
STANFORD_CALENDAR,STANFORD_CALENDAR/C00223,0.7,pchp_method,1,False,False,False,,,,,,,0,,0,0,,1,0,0.0
STANFORD_CALENDAR,STANFORD_CALENDAR/C00223,0.8,protected_state,1,False,False,False,,,,,,,0,,0,0,,1,0,0.0
STANFORD_CALENDAR,STANFORD_CALENDAR/C00223,0.8,fixed_shift,1,False,False,False,,,,,,,0,,0,0,,1,0,0.0
STANFORD_CALENDAR,STANFORD_CALENDAR/C00223,0.8,pchp_method,1,False,False,False,,,,,,,0,,0,0,,1,0,0.0
STANFORD_CALENDAR,STANFORD_CALENDAR/C00223,0.9,protected_state,1,False,False,False,,,,,,,0,,0,0,,1,0,0.0
STANFORD_CALENDAR,STANFORD_CALENDAR/C00223,0.9,fixed_shift,1,False,False,False,,,,,,,0,,0,0,,1,0,0.0
STANFORD_CALENDAR,STANFORD_CALENDAR/C00223,0.9,pchp_method,1,False,False,False,,,,,,,0,,0,0,,1,0,0.0
STANFORD_CALENDAR,STANFORD_CALENDAR/C00226,0.7,protected_state,7,False,False,False,,,,,,,0,,0,0,,7,0,0.0
STANFORD_CALENDAR,STANFORD_CALENDAR/C00226,0.7,fixed_shift,7,False,False,False,,,,,,,0,,0,0,,7,0,0.0
STANFORD_CALENDAR,STANFORD_CALENDAR/C00226,0.7,pchp_method,7,False,False,False,,,,,,,0,,0,0,,7,0,0.0
STANFORD_CALENDAR,STANFORD_CALENDAR/C00226,0.8,protected_state,7,False,False,False,,,,,,,0,,0,0,,7,0,0.0
STANFORD_CALENDAR,STANFORD_CALENDAR/C00226,0.8,fixed_shift,7,False,False,False,,,,,,,0,,0,0,,7,0,0.0
STANFORD_CALENDAR,STANFORD_CALENDAR/C00226,0.8,pchp_method,7,False,False,False,,,,,,,0,,0,0,,7,0,0.0
STANFORD_CALENDAR,STANFORD_CALENDAR/C00226,0.9,protected_state,7,True,False,False,7.0,,1.0,1.0,,1.0,0,0.0,1,1,1.0,6,0,0.0
STANFORD_CALENDAR,STANFORD_CALENDAR/C00226,0.9,fixed_shift,7,True,False,False,7.0,,1.0,1.0,,1.0,0,0.0,1,1,1.0,6,0,0.0
STANFORD_CALENDAR,STANFORD_CALENDAR/C00226,0.9,pchp_method,7,True,False,False,7.0,,1.0,1.0,,1.0,0,0.0,1,1,1.0,6,0,0.0
STANFORD_CALENDAR,STANFORD_CALENDAR/C00227,0.7,protected_state,6,False,False,False,,,,,,,0,,0,0,,6,0,0.0
STANFORD_CALENDAR,STANFORD_CALENDAR/C00227,0.7,fixed_shift,6,False,False,False,,,,,,,0,,0,0,,6,0,0.0
STANFORD_CALENDAR,STANFORD_CALENDAR/C00227,0.7,pchp_method,6,False,False,False,,,,,,,0,,0,0,,6,0,0.0
STANFORD_CALENDAR,STANFORD_CALENDAR/C00227,0.8,protected_state,6,False,False,False,,,,,,,0,,0,0,,6,0,0.0
STANFORD_CALENDAR,STANFORD_CALENDAR/C00227,0.8,fixed_shift,6,False,False,False,,,,,,,0,,0,0,,6,0,0.0
STANFORD_CALENDAR,STANFORD_CALENDAR/C00227,0.8,pchp_method,6,False,False,False,,,,,,,0,,0,0,,6,0,0.0
STANFORD_CALENDAR,STANFORD_CALENDAR/C00227,0.9,protected_state,6,True,False,False,5.0,,2.0,2.0,,1.0,0,0.0,2,2,1.0,4,0,0.0
STANFORD_CALENDAR,STANFORD_CALENDAR/C00227,0.9,fixed_shift,6,True,False,False,5.0,,2.0,2.0,,1.0,0,0.0,2,2,1.0,4,0,0.0
STANFORD_CALENDAR,STANFORD_CALENDAR/C00227,0.9,pchp_method,6,True,False,False,5.0,,2.0,2.0,,1.0,0,0.0,2,2,1.0,4,0,0.0
STANFORD_CALENDAR,STANFORD_CALENDAR/C00228,0.7,protected_state,14,False,False,False,,,,,,,0,,0,0,,14,0,0.0
STANFORD_CALENDAR,STANFORD_CALENDAR/C00228,0.7,fixed_shift,14,False,False,False,,,,,,,0,,0,0,,14,0,0.0
STANFORD_CALENDAR,STANFORD_CALENDAR/C00228,0.7,pchp_method,14,False,False,False,,,,,,,0,,0,0,,14,0,0.0
STANFORD_CALENDAR,STANFORD_CALENDAR/C00228,0.8,protected_state,14,True,False,False,13.0,,2.0,2.0,,1.0,0,0.0,2,2,1.0,12,0,0.0
STANFORD_CALENDAR,STANFORD_CALENDAR/C00228,0.8,fixed_shift,14,True,False,False,13.0,,2.0,2.0,,1.0,0,0.0,2,2,1.0,12,0,0.0
STANFORD_CALENDAR,STANFORD_CALENDAR/C00228,0.8,pchp_method,14,True,False,False,13.0,,2.0,2.0,,1.0,0,0.0,2,2,1.0,12,0,0.0
STANFORD_CALENDAR,STANFORD_CALENDAR/C00228,0.9,protected_state,14,True,False,False,5.0,,10.0,10.0,,1.0,0,0.0,10,10,1.0,4,0,0.0
STANFORD_CALENDAR,STANFORD_CALENDAR/C00228,0.9,fixed_shift,14,True,False,False,5.0,,10.0,10.0,,1.0,0,0.0,10,10,1.0,4,0,0.0
STANFORD_CALENDAR,STANFORD_CALENDAR/C00228,0.9,pchp_method,14,True,False,False,5.0,,10.0,10.0,,1.0,0,0.0,10,10,1.0,4,0,0.0
