cell_id,cell_mae,backbone,domain,method
CALB/CALB_0_B182,0.005387592055752062,hist_gradient_boosting,CALB,protected_state
CALB/CALB_0_B183,0.007937030341907902,hist_gradient_boosting,CALB,protected_state
CALB/CALB_0_B184,0.0032627878582535993,hist_gradient_boosting,CALB,protected_state
CALB/CALB_0_B185,0.012154006096509245,hist_gradient_boosting,CALB,protected_state
CALB/CALB_0_B187,0.012136035945983741,hist_gradient_boosting,CALB,protected_state
CALB/CALB_0_B188,0.01705950056957397,hist_gradient_boosting,CALB,protected_state
CALB/CALB_0_B189,0.013022978102829439,hist_gradient_boosting,CALB,protected_state
CALB/CALB_0_B190,0.00787794288251219,hist_gradient_boosting,CALB,protected_state
CALB/CALB_25_T25-1,0.020697458699105085,hist_gradient_boosting,CALB,protected_state
CALB/CALB_25_T25-2,0.013611659750207327,hist_gradient_boosting,CALB,protected_state
CALB/CALB_35_B173,0.008341553084711956,hist_gradient_boosting,CALB,protected_state
CALB/CALB_35_B174,0.007587744707641656,hist_gradient_boosting,CALB,protected_state
CALB/CALB_35_B175,0.00681895447865139,hist_gradient_boosting,CALB,protected_state
CALB/CALB_35_B222,0.013520362043641466,hist_gradient_boosting,CALB,protected_state
CALB/CALB_35_B223,0.008348510008665815,hist_gradient_boosting,CALB,protected_state
CALB/CALB_35_B224,0.008803705569099677,hist_gradient_boosting,CALB,protected_state
CALB/CALB_35_B227,0.008845771208397238,hist_gradient_boosting,CALB,protected_state
CALB/CALB_35_B228,0.01067752999390871,hist_gradient_boosting,CALB,protected_state
CALB/CALB_35_B229,0.009517961249017633,hist_gradient_boosting,CALB,protected_state
CALB/CALB_35_B230,0.009927849399202682,hist_gradient_boosting,CALB,protected_state
CALB/CALB_35_B247,0.054069859211557304,hist_gradient_boosting,CALB,protected_state
CALB/CALB_35_B248,0.009952167233999254,hist_gradient_boosting,CALB,protected_state
CALB/CALB_35_B249,0.006096353123774466,hist_gradient_boosting,CALB,protected_state
CALB/CALB_35_B250,0.008428357408355762,hist_gradient_boosting,CALB,protected_state
CALB/CALB_45_B253,0.02046877783600016,hist_gradient_boosting,CALB,protected_state
CALB/CALB_45_B255,0.02109774834514077,hist_gradient_boosting,CALB,protected_state
CALB/CALB_45_B256,0.024066737070540894,hist_gradient_boosting,CALB,protected_state
CALB/CALB_0_B182,0.013646855035267759,hist_gradient_boosting,CALB,pchp_method
CALB/CALB_0_B183,0.008918728823163252,hist_gradient_boosting,CALB,pchp_method
CALB/CALB_0_B184,0.010842806768884921,hist_gradient_boosting,CALB,pchp_method
CALB/CALB_0_B185,0.01595144787573087,hist_gradient_boosting,CALB,pchp_method
CALB/CALB_0_B187,0.015233234795786383,hist_gradient_boosting,CALB,pchp_method
CALB/CALB_0_B188,0.016720522318031533,hist_gradient_boosting,CALB,pchp_method
CALB/CALB_0_B189,0.01700156384041349,hist_gradient_boosting,CALB,pchp_method
CALB/CALB_0_B190,0.012029982110001997,hist_gradient_boosting,CALB,pchp_method
CALB/CALB_25_T25-1,0.021830089186897245,hist_gradient_boosting,CALB,pchp_method
CALB/CALB_25_T25-2,0.014206439326215526,hist_gradient_boosting,CALB,pchp_method
CALB/CALB_35_B173,0.010491759807619924,hist_gradient_boosting,CALB,pchp_method
CALB/CALB_35_B174,0.009913092535142368,hist_gradient_boosting,CALB,pchp_method
CALB/CALB_35_B175,0.0096463499087793,hist_gradient_boosting,CALB,pchp_method
CALB/CALB_35_B222,0.00898168445791334,hist_gradient_boosting,CALB,pchp_method
CALB/CALB_35_B223,0.009308646712873412,hist_gradient_boosting,CALB,pchp_method
CALB/CALB_35_B224,0.007083242740532244,hist_gradient_boosting,CALB,pchp_method
CALB/CALB_35_B227,0.009782993596285781,hist_gradient_boosting,CALB,pchp_method
CALB/CALB_35_B228,0.012009714613239008,hist_gradient_boosting,CALB,pchp_method
CALB/CALB_35_B229,0.011748150807629554,hist_gradient_boosting,CALB,pchp_method
CALB/CALB_35_B230,0.01158481707814767,hist_gradient_boosting,CALB,pchp_method
CALB/CALB_35_B247,0.06359855633379953,hist_gradient_boosting,CALB,pchp_method
CALB/CALB_35_B248,0.008733837369659663,hist_gradient_boosting,CALB,pchp_method
CALB/CALB_35_B249,0.00978104796989257,hist_gradient_boosting,CALB,pchp_method
CALB/CALB_35_B250,0.009269810391669072,hist_gradient_boosting,CALB,pchp_method
CALB/CALB_45_B253,0.01886824100836347,hist_gradient_boosting,CALB,pchp_method
CALB/CALB_45_B255,0.018423112304443625,hist_gradient_boosting,CALB,pchp_method
CALB/CALB_45_B256,0.021789716631637694,hist_gradient_boosting,CALB,pchp_method
CALB/CALB_0_B182,0.018687457664490672,hist_gradient_boosting,CALB,raw_candidate
CALB/CALB_0_B183,0.01186029063568112,hist_gradient_boosting,CALB,raw_candidate
CALB/CALB_0_B184,0.01195336585719156,hist_gradient_boosting,CALB,raw_candidate
CALB/CALB_0_B185,0.014514329251867932,hist_gradient_boosting,CALB,raw_candidate
CALB/CALB_0_B187,0.013295607286854277,hist_gradient_boosting,CALB,raw_candidate
CALB/CALB_0_B188,0.016994170448621084,hist_gradient_boosting,CALB,raw_candidate
CALB/CALB_0_B189,0.015569767490562166,hist_gradient_boosting,CALB,raw_candidate
CALB/CALB_0_B190,0.01625129824951313,hist_gradient_boosting,CALB,raw_candidate
CALB/CALB_25_T25-1,0.01687592161642686,hist_gradient_boosting,CALB,raw_candidate
CALB/CALB_25_T25-2,0.014085460908157675,hist_gradient_boosting,CALB,raw_candidate
CALB/CALB_35_B173,0.008422508073537581,hist_gradient_boosting,CALB,raw_candidate
CALB/CALB_35_B174,0.008896581556002352,hist_gradient_boosting,CALB,raw_candidate
CALB/CALB_35_B175,0.008562450606850848,hist_gradient_boosting,CALB,raw_candidate
CALB/CALB_35_B222,0.007143367473583796,hist_gradient_boosting,CALB,raw_candidate
CALB/CALB_35_B223,0.006798659227104847,hist_gradient_boosting,CALB,raw_candidate
CALB/CALB_35_B224,0.006184659096286481,hist_gradient_boosting,CALB,raw_candidate
CALB/CALB_35_B227,0.007749102328182934,hist_gradient_boosting,CALB,raw_candidate
CALB/CALB_35_B228,0.009720127530498888,hist_gradient_boosting,CALB,raw_candidate
CALB/CALB_35_B229,0.009240075643443372,hist_gradient_boosting,CALB,raw_candidate
CALB/CALB_35_B230,0.008955440608222408,hist_gradient_boosting,CALB,raw_candidate
CALB/CALB_35_B247,0.06940272720555415,hist_gradient_boosting,CALB,raw_candidate
CALB/CALB_35_B248,0.006878400692952982,hist_gradient_boosting,CALB,raw_candidate
CALB/CALB_35_B249,0.008624991791304456,hist_gradient_boosting,CALB,raw_candidate
CALB/CALB_35_B250,0.006809135101160105,hist_gradient_boosting,CALB,raw_candidate
CALB/CALB_45_B253,0.01846758114599222,hist_gradient_boosting,CALB,raw_candidate
CALB/CALB_45_B255,0.018174407061246386,hist_gradient_boosting,CALB,raw_candidate
CALB/CALB_45_B256,0.02128257223135723,hist_gradient_boosting,CALB,raw_candidate
CALCE/CALCE_CS2_33,0.09308832033890085,hist_gradient_boosting,CALCE,protected_state
CALCE/CALCE_CS2_34,0.05421835926164518,hist_gradient_boosting,CALCE,protected_state
CALCE/CALCE_CS2_35,0.08109323187438679,hist_gradient_boosting,CALCE,protected_state
CALCE/CALCE_CS2_36,0.10612625574597073,hist_gradient_boosting,CALCE,protected_state
CALCE/CALCE_CS2_37,0.08994997506597165,hist_gradient_boosting,CALCE,protected_state
CALCE/CALCE_CS2_38,0.08535119802827774,hist_gradient_boosting,CALCE,protected_state
CALCE/CALCE_CX2_16,0.07026807343920555,hist_gradient_boosting,CALCE,protected_state
CALCE/CALCE_CX2_33,0.03428978046261315,hist_gradient_boosting,CALCE,protected_state
CALCE/CALCE_CX2_34,0.049252551149315475,hist_gradient_boosting,CALCE,protected_state
CALCE/CALCE_CX2_35,0.041964173114458686,hist_gradient_boosting,CALCE,protected_state
CALCE/CALCE_CX2_36,0.05660363378674598,hist_gradient_boosting,CALCE,protected_state
CALCE/CALCE_CX2_37,0.039540883162690145,hist_gradient_boosting,CALCE,protected_state
CALCE/CALCE_CX2_38,0.06699505743433383,hist_gradient_boosting,CALCE,protected_state
CALCE/CALCE_CS2_33,0.08346317392327214,hist_gradient_boosting,CALCE,pchp_method
CALCE/CALCE_CS2_34,0.04594907613628644,hist_gradient_boosting,CALCE,pchp_method
CALCE/CALCE_CS2_35,0.07415999079921788,hist_gradient_boosting,CALCE,pchp_method
CALCE/CALCE_CS2_36,0.09844849703418873,hist_gradient_boosting,CALCE,pchp_method
CALCE/CALCE_CS2_37,0.0829004984777949,hist_gradient_boosting,CALCE,pchp_method
CALCE/CALCE_CS2_38,0.07830809817687204,hist_gradient_boosting,CALCE,pchp_method
CALCE/CALCE_CX2_16,0.07196053985914622,hist_gradient_boosting,CALCE,pchp_method
CALCE/CALCE_CX2_33,0.03743365061392424,hist_gradient_boosting,CALCE,pchp_method
CALCE/CALCE_CX2_34,0.04302212832624899,hist_gradient_boosting,CALCE,pchp_method
CALCE/CALCE_CX2_35,0.04491862317297839,hist_gradient_boosting,CALCE,pchp_method
CALCE/CALCE_CX2_36,0.049496385552514094,hist_gradient_boosting,CALCE,pchp_method
CALCE/CALCE_CX2_37,0.0312590312286736,hist_gradient_boosting,CALCE,pchp_method
CALCE/CALCE_CX2_38,0.060399831438637294,hist_gradient_boosting,CALCE,pchp_method
CALCE/CALCE_CS2_33,0.04618949046752176,hist_gradient_boosting,CALCE,raw_candidate
CALCE/CALCE_CS2_34,0.03896676401561717,hist_gradient_boosting,CALCE,raw_candidate
CALCE/CALCE_CS2_35,0.03949696821730021,hist_gradient_boosting,CALCE,raw_candidate
CALCE/CALCE_CS2_36,0.039262979292999114,hist_gradient_boosting,CALCE,raw_candidate
CALCE/CALCE_CS2_37,0.043552009898611105,hist_gradient_boosting,CALCE,raw_candidate
CALCE/CALCE_CS2_38,0.04544476874235343,hist_gradient_boosting,CALCE,raw_candidate
CALCE/CALCE_CX2_16,0.027611102526491845,hist_gradient_boosting,CALCE,raw_candidate
CALCE/CALCE_CX2_33,0.03820469162859353,hist_gradient_boosting,CALCE,raw_candidate
CALCE/CALCE_CX2_34,0.053978286452516545,hist_gradient_boosting,CALCE,raw_candidate
CALCE/CALCE_CX2_35,0.04258067268848092,hist_gradient_boosting,CALCE,raw_candidate
CALCE/CALCE_CX2_36,0.06196701148088744,hist_gradient_boosting,CALCE,raw_candidate
CALCE/CALCE_CX2_37,0.035731435450371676,hist_gradient_boosting,CALCE,raw_candidate
CALCE/CALCE_CX2_38,0.052286712585581104,hist_gradient_boosting,CALCE,raw_candidate
HNEI/HNEI_18650_NMC_LCO_25C_0-100_0.5-1.5C_a,0.0972262416308371,hist_gradient_boosting,HNEI,protected_state
HNEI/HNEI_18650_NMC_LCO_25C_0-100_0.5-1.5C_b,0.07383679949046915,hist_gradient_boosting,HNEI,protected_state
HNEI/HNEI_18650_NMC_LCO_25C_0-100_0.5-1.5C_c,0.09872604777163198,hist_gradient_boosting,HNEI,protected_state
HNEI/HNEI_18650_NMC_LCO_25C_0-100_0.5-1.5C_d,0.08940435286474863,hist_gradient_boosting,HNEI,protected_state
HNEI/HNEI_18650_NMC_LCO_25C_0-100_0.5-1.5C_e,0.07673033982756135,hist_gradient_boosting,HNEI,protected_state
HNEI/HNEI_18650_NMC_LCO_25C_0-100_0.5-1.5C_f,0.10078243296182812,hist_gradient_boosting,HNEI,protected_state
HNEI/HNEI_18650_NMC_LCO_25C_0-100_0.5-1.5C_g,0.09897638284844266,hist_gradient_boosting,HNEI,protected_state
HNEI/HNEI_18650_NMC_LCO_25C_0-100_0.5-1.5C_j,0.08174713469378407,hist_gradient_boosting,HNEI,protected_state
HNEI/HNEI_18650_NMC_LCO_25C_0-100_0.5-1.5C_l,0.1107296590294552,hist_gradient_boosting,HNEI,protected_state
HNEI/HNEI_18650_NMC_LCO_25C_0-100_0.5-1.5C_n,0.08774111098046321,hist_gradient_boosting,HNEI,protected_state
HNEI/HNEI_18650_NMC_LCO_25C_0-100_0.5-1.5C_o,0.07997392933237725,hist_gradient_boosting,HNEI,protected_state
HNEI/HNEI_18650_NMC_LCO_25C_0-100_0.5-1.5C_p,0.07145236978250516,hist_gradient_boosting,HNEI,protected_state
HNEI/HNEI_18650_NMC_LCO_25C_0-100_0.5-1.5C_s,0.09830295650337402,hist_gradient_boosting,HNEI,protected_state
HNEI/HNEI_18650_NMC_LCO_25C_0-100_0.5-1.5C_t,0.08290687143308864,hist_gradient_boosting,HNEI,protected_state
HNEI/HNEI_18650_NMC_LCO_25C_0-100_0.5-1.5C_a,0.09761793996879492,hist_gradient_boosting,HNEI,pchp_method
HNEI/HNEI_18650_NMC_LCO_25C_0-100_0.5-1.5C_b,0.06568165973058389,hist_gradient_boosting,HNEI,pchp_method
HNEI/HNEI_18650_NMC_LCO_25C_0-100_0.5-1.5C_c,0.08930431882426851,hist_gradient_boosting,HNEI,pchp_method
HNEI/HNEI_18650_NMC_LCO_25C_0-100_0.5-1.5C_d,0.07999763438285075,hist_gradient_boosting,HNEI,pchp_method
HNEI/HNEI_18650_NMC_LCO_25C_0-100_0.5-1.5C_e,0.0687495849581483,hist_gradient_boosting,HNEI,pchp_method
HNEI/HNEI_18650_NMC_LCO_25C_0-100_0.5-1.5C_f,0.09168212923510231,hist_gradient_boosting,HNEI,pchp_method
HNEI/HNEI_18650_NMC_LCO_25C_0-100_0.5-1.5C_g,0.08965551554879861,hist_gradient_boosting,HNEI,pchp_method
HNEI/HNEI_18650_NMC_LCO_25C_0-100_0.5-1.5C_j,0.07370708786223096,hist_gradient_boosting,HNEI,pchp_method
HNEI/HNEI_18650_NMC_LCO_25C_0-100_0.5-1.5C_l,0.10114740735715715,hist_gradient_boosting,HNEI,pchp_method
HNEI/HNEI_18650_NMC_LCO_25C_0-100_0.5-1.5C_n,0.07961774963521512,hist_gradient_boosting,HNEI,pchp_method
HNEI/HNEI_18650_NMC_LCO_25C_0-100_0.5-1.5C_o,0.07054374953854223,hist_gradient_boosting,HNEI,pchp_method
HNEI/HNEI_18650_NMC_LCO_25C_0-100_0.5-1.5C_p,0.06248956325555216,hist_gradient_boosting,HNEI,pchp_method
HNEI/HNEI_18650_NMC_LCO_25C_0-100_0.5-1.5C_s,0.08913139894018536,hist_gradient_boosting,HNEI,pchp_method
HNEI/HNEI_18650_NMC_LCO_25C_0-100_0.5-1.5C_t,0.07431730666272879,hist_gradient_boosting,HNEI,pchp_method
HNEI/HNEI_18650_NMC_LCO_25C_0-100_0.5-1.5C_a,0.2807997353431266,hist_gradient_boosting,HNEI,raw_candidate
HNEI/HNEI_18650_NMC_LCO_25C_0-100_0.5-1.5C_b,0.03879314278109353,hist_gradient_boosting,HNEI,raw_candidate
HNEI/HNEI_18650_NMC_LCO_25C_0-100_0.5-1.5C_c,0.037378850460723395,hist_gradient_boosting,HNEI,raw_candidate
HNEI/HNEI_18650_NMC_LCO_25C_0-100_0.5-1.5C_d,0.031655579811031405,hist_gradient_boosting,HNEI,raw_candidate
HNEI/HNEI_18650_NMC_LCO_25C_0-100_0.5-1.5C_e,0.03620456196347019,hist_gradient_boosting,HNEI,raw_candidate
HNEI/HNEI_18650_NMC_LCO_25C_0-100_0.5-1.5C_f,0.04564060486223472,hist_gradient_boosting,HNEI,raw_candidate
HNEI/HNEI_18650_NMC_LCO_25C_0-100_0.5-1.5C_g,0.03992078635769287,hist_gradient_boosting,HNEI,raw_candidate
HNEI/HNEI_18650_NMC_LCO_25C_0-100_0.5-1.5C_j,0.03622109176731388,hist_gradient_boosting,HNEI,raw_candidate
HNEI/HNEI_18650_NMC_LCO_25C_0-100_0.5-1.5C_l,0.045009704282645384,hist_gradient_boosting,HNEI,raw_candidate
HNEI/HNEI_18650_NMC_LCO_25C_0-100_0.5-1.5C_n,0.042967722742210744,hist_gradient_boosting,HNEI,raw_candidate
HNEI/HNEI_18650_NMC_LCO_25C_0-100_0.5-1.5C_o,0.04856981289693308,hist_gradient_boosting,HNEI,raw_candidate
HNEI/HNEI_18650_NMC_LCO_25C_0-100_0.5-1.5C_p,0.0444115100130843,hist_gradient_boosting,HNEI,raw_candidate
HNEI/HNEI_18650_NMC_LCO_25C_0-100_0.5-1.5C_s,0.04257556914667189,hist_gradient_boosting,HNEI,raw_candidate
HNEI/HNEI_18650_NMC_LCO_25C_0-100_0.5-1.5C_t,0.052292304232296444,hist_gradient_boosting,HNEI,raw_candidate
HUST/HUST_1-1,0.01683500367657285,hist_gradient_boosting,HUST,protected_state
HUST/HUST_1-2,0.01963564758497507,hist_gradient_boosting,HUST,protected_state
HUST/HUST_1-3,0.02742242041259882,hist_gradient_boosting,HUST,protected_state
HUST/HUST_1-4,0.028083020754375087,hist_gradient_boosting,HUST,protected_state
HUST/HUST_1-5,0.031012201757206363,hist_gradient_boosting,HUST,protected_state
HUST/HUST_1-6,0.03963144886253543,hist_gradient_boosting,HUST,protected_state
HUST/HUST_1-7,0.02133374814167114,hist_gradient_boosting,HUST,protected_state
HUST/HUST_1-8,0.016742352553758194,hist_gradient_boosting,HUST,protected_state
HUST/HUST_10-1,0.03115909540033539,hist_gradient_boosting,HUST,protected_state
HUST/HUST_10-2,0.03428472224519455,hist_gradient_boosting,HUST,protected_state
HUST/HUST_10-3,0.04056141626839823,hist_gradient_boosting,HUST,protected_state
HUST/HUST_10-4,0.019612733782385015,hist_gradient_boosting,HUST,protected_state
HUST/HUST_10-5,0.020030396055822464,hist_gradient_boosting,HUST,protected_state
HUST/HUST_10-6,0.028975018305994513,hist_gradient_boosting,HUST,protected_state
HUST/HUST_10-7,0.02155049630814235,hist_gradient_boosting,HUST,protected_state
HUST/HUST_10-8,0.03329493189136301,hist_gradient_boosting,HUST,protected_state
HUST/HUST_2-2,0.020861842225520823,hist_gradient_boosting,HUST,protected_state
HUST/HUST_2-3,0.02842062165565645,hist_gradient_boosting,HUST,protected_state
HUST/HUST_2-4,0.025189375027029996,hist_gradient_boosting,HUST,protected_state
HUST/HUST_2-5,0.023421152346826363,hist_gradient_boosting,HUST,protected_state
HUST/HUST_2-6,0.025992600805534543,hist_gradient_boosting,HUST,protected_state
HUST/HUST_2-7,0.026120611329359937,hist_gradient_boosting,HUST,protected_state
HUST/HUST_2-8,0.04025048401604325,hist_gradient_boosting,HUST,protected_state
HUST/HUST_3-1,0.023094939144030765,hist_gradient_boosting,HUST,protected_state
HUST/HUST_3-2,0.023084163936635545,hist_gradient_boosting,HUST,protected_state
HUST/HUST_3-3,0.025012473149472983,hist_gradient_boosting,HUST,protected_state
HUST/HUST_3-4,0.03628405249393716,hist_gradient_boosting,HUST,protected_state
HUST/HUST_3-5,0.03265457438235611,hist_gradient_boosting,HUST,protected_state
HUST/HUST_3-6,0.024476120939005867,hist_gradient_boosting,HUST,protected_state
HUST/HUST_3-7,0.029547350034646324,hist_gradient_boosting,HUST,protected_state
HUST/HUST_3-8,0.021934904547502312,hist_gradient_boosting,HUST,protected_state
HUST/HUST_4-1,0.04533115522132047,hist_gradient_boosting,HUST,protected_state
HUST/HUST_4-2,0.0208424179062272,hist_gradient_boosting,HUST,protected_state
HUST/HUST_4-3,0.03008829958561676,hist_gradient_boosting,HUST,protected_state
HUST/HUST_4-4,0.0278172001589665,hist_gradient_boosting,HUST,protected_state
HUST/HUST_4-5,0.03349388498932133,hist_gradient_boosting,HUST,protected_state
HUST/HUST_4-6,0.03731007301060132,hist_gradient_boosting,HUST,protected_state
HUST/HUST_4-7,0.021653558382571384,hist_gradient_boosting,HUST,protected_state
HUST/HUST_4-8,0.023997570800098077,hist_gradient_boosting,HUST,protected_state
HUST/HUST_5-1,0.023307771078207477,hist_gradient_boosting,HUST,protected_state
HUST/HUST_5-2,0.02655125964392372,hist_gradient_boosting,HUST,protected_state
HUST/HUST_5-3,0.01986998580894722,hist_gradient_boosting,HUST,protected_state
HUST/HUST_5-4,0.01868031318348411,hist_gradient_boosting,HUST,protected_state
HUST/HUST_5-5,0.02831301790228645,hist_gradient_boosting,HUST,protected_state
HUST/HUST_5-6,0.02174806814851881,hist_gradient_boosting,HUST,protected_state
HUST/HUST_5-7,0.02312358878358448,hist_gradient_boosting,HUST,protected_state
HUST/HUST_6-1,0.016926285567120482,hist_gradient_boosting,HUST,protected_state
HUST/HUST_6-2,0.029466106462119755,hist_gradient_boosting,HUST,protected_state
HUST/HUST_6-3,0.025962047965491862,hist_gradient_boosting,HUST,protected_state
HUST/HUST_6-4,0.024146264988768023,hist_gradient_boosting,HUST,protected_state
HUST/HUST_6-5,0.019809386575416532,hist_gradient_boosting,HUST,protected_state
HUST/HUST_6-6,0.042518940050331314,hist_gradient_boosting,HUST,protected_state
HUST/HUST_6-8,0.029397091416225124,hist_gradient_boosting,HUST,protected_state
HUST/HUST_7-1,0.04302545513989815,hist_gradient_boosting,HUST,protected_state
HUST/HUST_7-2,0.037969477671557984,hist_gradient_boosting,HUST,protected_state
HUST/HUST_7-3,0.02422121080799395,hist_gradient_boosting,HUST,protected_state
HUST/HUST_7-4,0.020845491814175606,hist_gradient_boosting,HUST,protected_state
HUST/HUST_7-5,0.021335549981188435,hist_gradient_boosting,HUST,protected_state
HUST/HUST_7-6,0.0268181519032523,hist_gradient_boosting,HUST,protected_state
HUST/HUST_7-7,0.026261137597695043,hist_gradient_boosting,HUST,protected_state
HUST/HUST_7-8,0.019063159400345496,hist_gradient_boosting,HUST,protected_state
HUST/HUST_8-1,0.02447017064510425,hist_gradient_boosting,HUST,protected_state
HUST/HUST_8-2,0.02082065937986044,hist_gradient_boosting,HUST,protected_state
HUST/HUST_8-3,0.02270076401141003,hist_gradient_boosting,HUST,protected_state
HUST/HUST_8-4,0.021684770832492414,hist_gradient_boosting,HUST,protected_state
HUST/HUST_8-5,0.022249808181611937,hist_gradient_boosting,HUST,protected_state
HUST/HUST_8-6,0.019427987272258605,hist_gradient_boosting,HUST,protected_state
HUST/HUST_8-7,0.01467145731160599,hist_gradient_boosting,HUST,protected_state
HUST/HUST_8-8,0.023581651788204736,hist_gradient_boosting,HUST,protected_state
HUST/HUST_9-1,0.030768094569481305,hist_gradient_boosting,HUST,protected_state
HUST/HUST_9-2,0.01816973310837142,hist_gradient_boosting,HUST,protected_state
HUST/HUST_9-3,0.026556343927413226,hist_gradient_boosting,HUST,protected_state
HUST/HUST_9-4,0.028114379475439495,hist_gradient_boosting,HUST,protected_state
HUST/HUST_9-5,0.01937463821349463,hist_gradient_boosting,HUST,protected_state
HUST/HUST_9-6,0.02523119518063339,hist_gradient_boosting,HUST,protected_state
HUST/HUST_9-7,0.02459476473633281,hist_gradient_boosting,HUST,protected_state
HUST/HUST_9-8,0.025310567117372094,hist_gradient_boosting,HUST,protected_state
HUST/HUST_1-1,0.015688818068238276,hist_gradient_boosting,HUST,pchp_method
HUST/HUST_1-2,0.015790995924963643,hist_gradient_boosting,HUST,pchp_method
HUST/HUST_1-3,0.024452238704682386,hist_gradient_boosting,HUST,pchp_method
HUST/HUST_1-4,0.02676116028693643,hist_gradient_boosting,HUST,pchp_method
HUST/HUST_1-5,0.02620848234031758,hist_gradient_boosting,HUST,pchp_method
HUST/HUST_1-6,0.04089129779400323,hist_gradient_boosting,HUST,pchp_method
HUST/HUST_1-7,0.018489230378243512,hist_gradient_boosting,HUST,pchp_method
HUST/HUST_1-8,0.015577618263852488,hist_gradient_boosting,HUST,pchp_method
HUST/HUST_10-1,0.02808783906906923,hist_gradient_boosting,HUST,pchp_method
HUST/HUST_10-2,0.0424254541811999,hist_gradient_boosting,HUST,pchp_method
HUST/HUST_10-3,0.0344058395197706,hist_gradient_boosting,HUST,pchp_method
HUST/HUST_10-4,0.02183146173378352,hist_gradient_boosting,HUST,pchp_method
HUST/HUST_10-5,0.019650489521870932,hist_gradient_boosting,HUST,pchp_method
HUST/HUST_10-6,0.029066285558891163,hist_gradient_boosting,HUST,pchp_method
HUST/HUST_10-7,0.021504566132595673,hist_gradient_boosting,HUST,pchp_method
HUST/HUST_10-8,0.027213738830839825,hist_gradient_boosting,HUST,pchp_method
HUST/HUST_2-2,0.027356089362793167,hist_gradient_boosting,HUST,pchp_method
HUST/HUST_2-3,0.027111486617171936,hist_gradient_boosting,HUST,pchp_method
HUST/HUST_2-4,0.02210083299896076,hist_gradient_boosting,HUST,pchp_method
HUST/HUST_2-5,0.0199444498560157,hist_gradient_boosting,HUST,pchp_method
HUST/HUST_2-6,0.025524246339541406,hist_gradient_boosting,HUST,pchp_method
HUST/HUST_2-7,0.024615632544385622,hist_gradient_boosting,HUST,pchp_method
HUST/HUST_2-8,0.03177805961287405,hist_gradient_boosting,HUST,pchp_method
HUST/HUST_3-1,0.027124416139416792,hist_gradient_boosting,HUST,pchp_method
HUST/HUST_3-2,0.023297588782512313,hist_gradient_boosting,HUST,pchp_method
HUST/HUST_3-3,0.030784322511192147,hist_gradient_boosting,HUST,pchp_method
HUST/HUST_3-4,0.034072047024795056,hist_gradient_boosting,HUST,pchp_method
HUST/HUST_3-5,0.037569031706707987,hist_gradient_boosting,HUST,pchp_method
HUST/HUST_3-6,0.023310903065292442,hist_gradient_boosting,HUST,pchp_method
HUST/HUST_3-7,0.0314878278787282,hist_gradient_boosting,HUST,pchp_method
HUST/HUST_3-8,0.022215016240736123,hist_gradient_boosting,HUST,pchp_method
HUST/HUST_4-1,0.04241697471708406,hist_gradient_boosting,HUST,pchp_method
HUST/HUST_4-2,0.02295635555828164,hist_gradient_boosting,HUST,pchp_method
HUST/HUST_4-3,0.020636687451045913,hist_gradient_boosting,HUST,pchp_method
HUST/HUST_4-4,0.021775726205589683,hist_gradient_boosting,HUST,pchp_method
HUST/HUST_4-5,0.02859845416355446,hist_gradient_boosting,HUST,pchp_method
HUST/HUST_4-6,0.03209712830799029,hist_gradient_boosting,HUST,pchp_method
HUST/HUST_4-7,0.02364855141385662,hist_gradient_boosting,HUST,pchp_method
HUST/HUST_4-8,0.02319063776782189,hist_gradient_boosting,HUST,pchp_method
HUST/HUST_5-1,0.018174412323067494,hist_gradient_boosting,HUST,pchp_method
HUST/HUST_5-2,0.025346280391223608,hist_gradient_boosting,HUST,pchp_method
HUST/HUST_5-3,0.015654461327307186,hist_gradient_boosting,HUST,pchp_method
HUST/HUST_5-4,0.014369749893688388,hist_gradient_boosting,HUST,pchp_method
HUST/HUST_5-5,0.02457454549696562,hist_gradient_boosting,HUST,pchp_method
HUST/HUST_5-6,0.01688107153144737,hist_gradient_boosting,HUST,pchp_method
HUST/HUST_5-7,0.021182911731733815,hist_gradient_boosting,HUST,pchp_method
HUST/HUST_6-1,0.016221785614432518,hist_gradient_boosting,HUST,pchp_method
HUST/HUST_6-2,0.025377296498035544,hist_gradient_boosting,HUST,pchp_method
HUST/HUST_6-3,0.025540358446584192,hist_gradient_boosting,HUST,pchp_method
HUST/HUST_6-4,0.0233086410766767,hist_gradient_boosting,HUST,pchp_method
HUST/HUST_6-5,0.015455404047714028,hist_gradient_boosting,HUST,pchp_method
HUST/HUST_6-6,0.03716663486310137,hist_gradient_boosting,HUST,pchp_method
HUST/HUST_6-8,0.03747876203095529,hist_gradient_boosting,HUST,pchp_method
HUST/HUST_7-1,0.03628357907643568,hist_gradient_boosting,HUST,pchp_method
HUST/HUST_7-2,0.045545327895714804,hist_gradient_boosting,HUST,pchp_method
HUST/HUST_7-3,0.01594714234082419,hist_gradient_boosting,HUST,pchp_method
HUST/HUST_7-4,0.013795500634826503,hist_gradient_boosting,HUST,pchp_method
HUST/HUST_7-5,0.0257372941630897,hist_gradient_boosting,HUST,pchp_method
HUST/HUST_7-6,0.01978430172516291,hist_gradient_boosting,HUST,pchp_method
HUST/HUST_7-7,0.019445832974206812,hist_gradient_boosting,HUST,pchp_method
HUST/HUST_7-8,0.01708074331542182,hist_gradient_boosting,HUST,pchp_method
HUST/HUST_8-1,0.017045098199920082,hist_gradient_boosting,HUST,pchp_method
HUST/HUST_8-2,0.019691096006863536,hist_gradient_boosting,HUST,pchp_method
HUST/HUST_8-3,0.02147877116695397,hist_gradient_boosting,HUST,pchp_method
HUST/HUST_8-4,0.017807527925683186,hist_gradient_boosting,HUST,pchp_method
HUST/HUST_8-5,0.014560668215546123,hist_gradient_boosting,HUST,pchp_method
HUST/HUST_8-6,0.019711754168898716,hist_gradient_boosting,HUST,pchp_method
HUST/HUST_8-7,0.013095467566775904,hist_gradient_boosting,HUST,pchp_method
HUST/HUST_8-8,0.023814624798882897,hist_gradient_boosting,HUST,pchp_method
HUST/HUST_9-1,0.037064005779557485,hist_gradient_boosting,HUST,pchp_method
HUST/HUST_9-2,0.021057492471741424,hist_gradient_boosting,HUST,pchp_method
HUST/HUST_9-3,0.030418577703582913,hist_gradient_boosting,HUST,pchp_method
HUST/HUST_9-4,0.03304840998259517,hist_gradient_boosting,HUST,pchp_method
HUST/HUST_9-5,0.02417068533782299,hist_gradient_boosting,HUST,pchp_method
HUST/HUST_9-6,0.029409455424168982,hist_gradient_boosting,HUST,pchp_method
HUST/HUST_9-7,0.027374454635724733,hist_gradient_boosting,HUST,pchp_method
HUST/HUST_9-8,0.02389371243687704,hist_gradient_boosting,HUST,pchp_method
HUST/HUST_1-1,0.013156587815816627,hist_gradient_boosting,HUST,raw_candidate
HUST/HUST_1-2,0.03146879033871911,hist_gradient_boosting,HUST,raw_candidate
HUST/HUST_1-3,0.04366174611136957,hist_gradient_boosting,HUST,raw_candidate
HUST/HUST_1-4,0.04697418548725555,hist_gradient_boosting,HUST,raw_candidate
HUST/HUST_1-5,0.05571146265780959,hist_gradient_boosting,HUST,raw_candidate
HUST/HUST_1-6,0.03693406850919966,hist_gradient_boosting,HUST,raw_candidate
HUST/HUST_1-7,0.0117261089970076,hist_gradient_boosting,HUST,raw_candidate
HUST/HUST_1-8,0.014894767476086484,hist_gradient_boosting,HUST,raw_candidate
HUST/HUST_10-1,0.025586883122145555,hist_gradient_boosting,HUST,raw_candidate
HUST/HUST_10-2,0.05183234881062632,hist_gradient_boosting,HUST,raw_candidate
HUST/HUST_10-3,0.03009199066610633,hist_gradient_boosting,HUST,raw_candidate
HUST/HUST_10-4,0.03290332496281746,hist_gradient_boosting,HUST,raw_candidate
HUST/HUST_10-5,0.041731136292451995,hist_gradient_boosting,HUST,raw_candidate
HUST/HUST_10-6,0.025696416324280356,hist_gradient_boosting,HUST,raw_candidate
HUST/HUST_10-7,0.04624166315085322,hist_gradient_boosting,HUST,raw_candidate
HUST/HUST_10-8,0.016654519502935273,hist_gradient_boosting,HUST,raw_candidate
HUST/HUST_2-2,0.03900542177111912,hist_gradient_boosting,HUST,raw_candidate
HUST/HUST_2-3,0.039785891740724263,hist_gradient_boosting,HUST,raw_candidate
HUST/HUST_2-4,0.01380944747777563,hist_gradient_boosting,HUST,raw_candidate
HUST/HUST_2-5,0.05396426459439688,hist_gradient_boosting,HUST,raw_candidate
HUST/HUST_2-6,0.04184780419681417,hist_gradient_boosting,HUST,raw_candidate
HUST/HUST_2-7,0.044590324731771436,hist_gradient_boosting,HUST,raw_candidate
HUST/HUST_2-8,0.008655705824414758,hist_gradient_boosting,HUST,raw_candidate
HUST/HUST_3-1,0.04470823982537966,hist_gradient_boosting,HUST,raw_candidate
HUST/HUST_3-2,0.052163987474330126,hist_gradient_boosting,HUST,raw_candidate
HUST/HUST_3-3,0.04754780808190285,hist_gradient_boosting,HUST,raw_candidate
HUST/HUST_3-4,0.03397736987331006,hist_gradient_boosting,HUST,raw_candidate
HUST/HUST_3-5,0.042460756846982355,hist_gradient_boosting,HUST,raw_candidate
HUST/HUST_3-6,0.04636008221014533,hist_gradient_boosting,HUST,raw_candidate
HUST/HUST_3-7,0.03756539556784932,hist_gradient_boosting,HUST,raw_candidate
HUST/HUST_3-8,0.05198561082411291,hist_gradient_boosting,HUST,raw_candidate
HUST/HUST_4-1,0.043471835722935365,hist_gradient_boosting,HUST,raw_candidate
HUST/HUST_4-2,0.029750384351827933,hist_gradient_boosting,HUST,raw_candidate
HUST/HUST_4-3,0.006419506060906876,hist_gradient_boosting,HUST,raw_candidate
HUST/HUST_4-4,0.012531493733208166,hist_gradient_boosting,HUST,raw_candidate
HUST/HUST_4-5,0.019908135609789296,hist_gradient_boosting,HUST,raw_candidate
HUST/HUST_4-6,0.02661740625044182,hist_gradient_boosting,HUST,raw_candidate
HUST/HUST_4-7,0.017251537220929012,hist_gradient_boosting,HUST,raw_candidate
HUST/HUST_4-8,0.04046257582514601,hist_gradient_boosting,HUST,raw_candidate
HUST/HUST_5-1,0.03682192878250146,hist_gradient_boosting,HUST,raw_candidate
HUST/HUST_5-2,0.03946465459372876,hist_gradient_boosting,HUST,raw_candidate
HUST/HUST_5-3,0.04188407068522228,hist_gradient_boosting,HUST,raw_candidate
HUST/HUST_5-4,0.013627996876147061,hist_gradient_boosting,HUST,raw_candidate
HUST/HUST_5-5,0.04917562504354077,hist_gradient_boosting,HUST,raw_candidate
HUST/HUST_5-6,0.03428508845337806,hist_gradient_boosting,HUST,raw_candidate
HUST/HUST_5-7,0.01642192641028076,hist_gradient_boosting,HUST,raw_candidate
HUST/HUST_6-1,0.020483561193740243,hist_gradient_boosting,HUST,raw_candidate
HUST/HUST_6-2,0.047452346274608884,hist_gradient_boosting,HUST,raw_candidate
HUST/HUST_6-3,0.048674611030714,hist_gradient_boosting,HUST,raw_candidate
HUST/HUST_6-4,0.02261223820585814,hist_gradient_boosting,HUST,raw_candidate
HUST/HUST_6-5,0.024960279922591488,hist_gradient_boosting,HUST,raw_candidate
HUST/HUST_6-6,0.04429782907198283,hist_gradient_boosting,HUST,raw_candidate
HUST/HUST_6-8,0.060138595906821184,hist_gradient_boosting,HUST,raw_candidate
HUST/HUST_7-1,0.029626124351650636,hist_gradient_boosting,HUST,raw_candidate
HUST/HUST_7-2,0.05074492034292605,hist_gradient_boosting,HUST,raw_candidate
HUST/HUST_7-3,0.011481882522367247,hist_gradient_boosting,HUST,raw_candidate
HUST/HUST_7-4,0.008967257943767477,hist_gradient_boosting,HUST,raw_candidate
HUST/HUST_7-5,0.037960699654984574,hist_gradient_boosting,HUST,raw_candidate
HUST/HUST_7-6,0.00866310713047807,hist_gradient_boosting,HUST,raw_candidate
HUST/HUST_7-7,0.010429888898907506,hist_gradient_boosting,HUST,raw_candidate
HUST/HUST_7-8,0.030264705797977756,hist_gradient_boosting,HUST,raw_candidate
HUST/HUST_8-1,0.007825481776164168,hist_gradient_boosting,HUST,raw_candidate
HUST/HUST_8-2,0.016992377774830654,hist_gradient_boosting,HUST,raw_candidate
HUST/HUST_8-3,0.04214455894434965,hist_gradient_boosting,HUST,raw_candidate
HUST/HUST_8-4,0.014052548370811163,hist_gradient_boosting,HUST,raw_candidate
HUST/HUST_8-5,0.011051737461821684,hist_gradient_boosting,HUST,raw_candidate
HUST/HUST_8-6,0.016199518250730717,hist_gradient_boosting,HUST,raw_candidate
HUST/HUST_8-7,0.009907227065454143,hist_gradient_boosting,HUST,raw_candidate
HUST/HUST_8-8,0.045887247091870226,hist_gradient_boosting,HUST,raw_candidate
HUST/HUST_9-1,0.051739428073792344,hist_gradient_boosting,HUST,raw_candidate
HUST/HUST_9-2,0.03960076567603669,hist_gradient_boosting,HUST,raw_candidate
HUST/HUST_9-3,0.04061070563147481,hist_gradient_boosting,HUST,raw_candidate
HUST/HUST_9-4,0.045834111992544495,hist_gradient_boosting,HUST,raw_candidate
HUST/HUST_9-5,0.04855428133871921,hist_gradient_boosting,HUST,raw_candidate
HUST/HUST_9-6,0.05987507608061785,hist_gradient_boosting,HUST,raw_candidate
HUST/HUST_9-7,0.03212050616209424,hist_gradient_boosting,HUST,raw_candidate
HUST/HUST_9-8,0.04170004293391944,hist_gradient_boosting,HUST,raw_candidate
MATR/MATR_b1c0,0.09926773042527223,hist_gradient_boosting,MATR,protected_state
MATR/MATR_b1c1,0.11042632058434992,hist_gradient_boosting,MATR,protected_state
MATR/MATR_b1c11,0.07210306283308539,hist_gradient_boosting,MATR,protected_state
MATR/MATR_b1c14,0.07444037559641463,hist_gradient_boosting,MATR,protected_state
MATR/MATR_b1c15,0.06957367770233434,hist_gradient_boosting,MATR,protected_state
MATR/MATR_b1c16,0.07643916726215248,hist_gradient_boosting,MATR,protected_state
MATR/MATR_b1c17,0.07649270663559102,hist_gradient_boosting,MATR,protected_state
MATR/MATR_b1c18,0.04482686586275124,hist_gradient_boosting,MATR,protected_state
MATR/MATR_b1c19,0.055392190435419715,hist_gradient_boosting,MATR,protected_state
MATR/MATR_b1c2,0.10875262731014027,hist_gradient_boosting,MATR,protected_state
MATR/MATR_b1c20,0.009133747928820558,hist_gradient_boosting,MATR,protected_state
MATR/MATR_b1c21,0.017771310110602328,hist_gradient_boosting,MATR,protected_state
MATR/MATR_b1c23,0.07974022930459586,hist_gradient_boosting,MATR,protected_state
MATR/MATR_b1c24,0.0796013526853207,hist_gradient_boosting,MATR,protected_state
MATR/MATR_b1c25,0.0711090969594527,hist_gradient_boosting,MATR,protected_state
MATR/MATR_b1c26,0.06864573465353663,hist_gradient_boosting,MATR,protected_state
MATR/MATR_b1c27,0.07105274184281249,hist_gradient_boosting,MATR,protected_state
MATR/MATR_b1c28,0.06983606709710677,hist_gradient_boosting,MATR,protected_state
MATR/MATR_b1c29,0.07299506984516603,hist_gradient_boosting,MATR,protected_state
MATR/MATR_b1c3,0.08342187531033073,hist_gradient_boosting,MATR,protected_state
MATR/MATR_b1c30,0.062499465060266914,hist_gradient_boosting,MATR,protected_state
MATR/MATR_b1c31,0.06734287095088608,hist_gradient_boosting,MATR,protected_state
MATR/MATR_b1c32,0.06511379452635385,hist_gradient_boosting,MATR,protected_state
MATR/MATR_b1c33,0.06547355478515188,hist_gradient_boosting,MATR,protected_state
MATR/MATR_b1c34,0.07655225713445883,hist_gradient_boosting,MATR,protected_state
MATR/MATR_b1c35,0.07299654304549398,hist_gradient_boosting,MATR,protected_state
MATR/MATR_b1c36,0.06735917881489117,hist_gradient_boosting,MATR,protected_state
MATR/MATR_b1c37,0.06443604045642817,hist_gradient_boosting,MATR,protected_state
MATR/MATR_b1c38,0.061037196906584754,hist_gradient_boosting,MATR,protected_state
MATR/MATR_b1c39,0.0635860990583913,hist_gradient_boosting,MATR,protected_state
MATR/MATR_b1c4,0.09048108718457692,hist_gradient_boosting,MATR,protected_state
MATR/MATR_b1c40,0.0793387039612163,hist_gradient_boosting,MATR,protected_state
MATR/MATR_b1c41,0.08861857587229531,hist_gradient_boosting,MATR,protected_state
MATR/MATR_b1c42,0.06995026207296437,hist_gradient_boosting,MATR,protected_state
MATR/MATR_b1c43,0.06792797487683988,hist_gradient_boosting,MATR,protected_state
MATR/MATR_b1c44,0.06466043984711292,hist_gradient_boosting,MATR,protected_state
MATR/MATR_b1c45,0.06633993725488883,hist_gradient_boosting,MATR,protected_state
MATR/MATR_b1c5,0.07588274828507136,hist_gradient_boosting,MATR,protected_state
MATR/MATR_b1c6,0.052372910934606644,hist_gradient_boosting,MATR,protected_state
MATR/MATR_b1c7,0.05869802882318573,hist_gradient_boosting,MATR,protected_state
MATR/MATR_b1c9,0.08355795629963482,hist_gradient_boosting,MATR,protected_state
MATR/MATR_b2c0,0.03236768869016824,hist_gradient_boosting,MATR,protected_state
MATR/MATR_b2c1,0.05532352064269339,hist_gradient_boosting,MATR,protected_state
MATR/MATR_b2c10,0.04094339450127542,hist_gradient_boosting,MATR,protected_state
MATR/MATR_b2c11,0.03854448156116544,hist_gradient_boosting,MATR,protected_state
MATR/MATR_b2c12,0.028775731480358602,hist_gradient_boosting,MATR,protected_state
MATR/MATR_b2c13,0.03563785821294583,hist_gradient_boosting,MATR,protected_state
MATR/MATR_b2c14,0.04698060223654595,hist_gradient_boosting,MATR,protected_state
MATR/MATR_b2c17,0.04482838844971104,hist_gradient_boosting,MATR,protected_state
MATR/MATR_b2c18,0.037155751018982094,hist_gradient_boosting,MATR,protected_state
MATR/MATR_b2c19,0.024213154693808966,hist_gradient_boosting,MATR,protected_state
MATR/MATR_b2c2,0.042856603565748615,hist_gradient_boosting,MATR,protected_state
MATR/MATR_b2c20,0.04605264287357999,hist_gradient_boosting,MATR,protected_state
MATR/MATR_b2c21,0.03855627390199962,hist_gradient_boosting,MATR,protected_state
MATR/MATR_b2c22,0.0455784808161577,hist_gradient_boosting,MATR,protected_state
MATR/MATR_b2c23,0.04403846642315556,hist_gradient_boosting,MATR,protected_state
MATR/MATR_b2c24,0.043961573620414515,hist_gradient_boosting,MATR,protected_state
MATR/MATR_b2c25,0.036072489311685815,hist_gradient_boosting,MATR,protected_state
MATR/MATR_b2c26,0.04246333217938805,hist_gradient_boosting,MATR,protected_state
MATR/MATR_b2c27,0.04843435940664928,hist_gradient_boosting,MATR,protected_state
MATR/MATR_b2c28,0.050307292795624986,hist_gradient_boosting,MATR,protected_state
MATR/MATR_b2c29,0.05783247713798343,hist_gradient_boosting,MATR,protected_state
MATR/MATR_b2c3,0.030223610258967585,hist_gradient_boosting,MATR,protected_state
MATR/MATR_b2c30,0.05177411450816839,hist_gradient_boosting,MATR,protected_state
MATR/MATR_b2c31,0.05070169746396796,hist_gradient_boosting,MATR,protected_state
MATR/MATR_b2c32,0.055538351269887876,hist_gradient_boosting,MATR,protected_state
MATR/MATR_b2c33,0.059647271910101475,hist_gradient_boosting,MATR,protected_state
MATR/MATR_b2c34,0.059709262526677256,hist_gradient_boosting,MATR,protected_state
MATR/MATR_b2c35,0.0537279166325754,hist_gradient_boosting,MATR,protected_state
MATR/MATR_b2c36,0.059587392948130924,hist_gradient_boosting,MATR,protected_state
MATR/MATR_b2c37,0.055305207284103236,hist_gradient_boosting,MATR,protected_state
MATR/MATR_b2c38,0.053226682901909406,hist_gradient_boosting,MATR,protected_state
MATR/MATR_b2c39,0.0561527603606753,hist_gradient_boosting,MATR,protected_state
MATR/MATR_b2c4,0.03358714699069103,hist_gradient_boosting,MATR,protected_state
MATR/MATR_b2c40,0.044992703912631486,hist_gradient_boosting,MATR,protected_state
MATR/MATR_b2c41,0.05330489661757082,hist_gradient_boosting,MATR,protected_state
MATR/MATR_b2c42,0.050355979055911285,hist_gradient_boosting,MATR,protected_state
MATR/MATR_b2c43,0.05130945157012557,hist_gradient_boosting,MATR,protected_state
MATR/MATR_b2c44,0.05394056881916394,hist_gradient_boosting,MATR,protected_state
MATR/MATR_b2c45,0.05023868669572522,hist_gradient_boosting,MATR,protected_state
MATR/MATR_b2c46,0.0526622952417362,hist_gradient_boosting,MATR,protected_state
MATR/MATR_b2c47,0.06142711857480867,hist_gradient_boosting,MATR,protected_state
MATR/MATR_b2c5,0.046432374342931536,hist_gradient_boosting,MATR,protected_state
MATR/MATR_b2c6,0.020000782264931082,hist_gradient_boosting,MATR,protected_state
MATR/MATR_b3c0,0.07211376557041464,hist_gradient_boosting,MATR,protected_state
MATR/MATR_b3c1,0.07687854652186918,hist_gradient_boosting,MATR,protected_state
MATR/MATR_b3c10,0.07865255004263973,hist_gradient_boosting,MATR,protected_state
MATR/MATR_b3c11,0.0618979461748475,hist_gradient_boosting,MATR,protected_state
MATR/MATR_b3c12,0.07266536463784924,hist_gradient_boosting,MATR,protected_state
MATR/MATR_b3c13,0.06250380926647016,hist_gradient_boosting,MATR,protected_state
MATR/MATR_b3c14,0.06814714933109536,hist_gradient_boosting,MATR,protected_state
MATR/MATR_b3c15,0.0659179214605083,hist_gradient_boosting,MATR,protected_state
MATR/MATR_b3c16,0.0945333492685341,hist_gradient_boosting,MATR,protected_state
MATR/MATR_b3c17,0.08052559589823384,hist_gradient_boosting,MATR,protected_state
MATR/MATR_b3c18,0.07981665384517565,hist_gradient_boosting,MATR,protected_state
MATR/MATR_b3c19,0.0831426886673178,hist_gradient_boosting,MATR,protected_state
MATR/MATR_b3c20,0.0646449582116343,hist_gradient_boosting,MATR,protected_state
MATR/MATR_b3c21,0.03703820398791061,hist_gradient_boosting,MATR,protected_state
MATR/MATR_b3c22,0.08444224532507014,hist_gradient_boosting,MATR,protected_state
MATR/MATR_b3c24,0.06757567696833014,hist_gradient_boosting,MATR,protected_state
MATR/MATR_b3c25,0.07990936203572398,hist_gradient_boosting,MATR,protected_state
MATR/MATR_b3c26,0.07999983641771899,hist_gradient_boosting,MATR,protected_state
MATR/MATR_b3c27,0.07064893583725637,hist_gradient_boosting,MATR,protected_state
MATR/MATR_b3c28,0.019983128437442724,hist_gradient_boosting,MATR,protected_state
MATR/MATR_b3c29,0.06208762081618261,hist_gradient_boosting,MATR,protected_state
MATR/MATR_b3c3,0.08599040919050291,hist_gradient_boosting,MATR,protected_state
MATR/MATR_b3c30,0.07246909445844285,hist_gradient_boosting,MATR,protected_state
MATR/MATR_b3c31,0.06449833301010392,hist_gradient_boosting,MATR,protected_state
MATR/MATR_b3c33,0.08709237405849232,hist_gradient_boosting,MATR,protected_state
MATR/MATR_b3c34,0.07707304724318674,hist_gradient_boosting,MATR,protected_state
MATR/MATR_b3c35,0.07782993316951768,hist_gradient_boosting,MATR,protected_state
MATR/MATR_b3c36,0.07758934061025492,hist_gradient_boosting,MATR,protected_state
MATR/MATR_b3c38,0.09819236170079192,hist_gradient_boosting,MATR,protected_state
MATR/MATR_b3c39,0.08084798658313966,hist_gradient_boosting,MATR,protected_state
MATR/MATR_b3c4,0.07667257393220814,hist_gradient_boosting,MATR,protected_state
MATR/MATR_b3c40,0.06390784520642784,hist_gradient_boosting,MATR,protected_state
MATR/MATR_b3c41,0.06666749361064521,hist_gradient_boosting,MATR,protected_state
MATR/MATR_b3c44,0.08212841546590315,hist_gradient_boosting,MATR,protected_state
MATR/MATR_b3c45,0.10040131398213367,hist_gradient_boosting,MATR,protected_state
MATR/MATR_b3c5,0.06952202483491443,hist_gradient_boosting,MATR,protected_state
MATR/MATR_b3c6,0.018492212285137456,hist_gradient_boosting,MATR,protected_state
MATR/MATR_b3c7,0.10450187451951783,hist_gradient_boosting,MATR,protected_state
MATR/MATR_b3c8,0.06533754143663183,hist_gradient_boosting,MATR,protected_state
MATR/MATR_b3c9,0.08413193457475386,hist_gradient_boosting,MATR,protected_state
MATR/MATR_b4c0,0.06458943569256013,hist_gradient_boosting,MATR,protected_state
MATR/MATR_b4c1,0.06141565064766256,hist_gradient_boosting,MATR,protected_state
MATR/MATR_b4c10,0.09420206442373939,hist_gradient_boosting,MATR,protected_state
MATR/MATR_b4c11,0.07201551869609923,hist_gradient_boosting,MATR,protected_state
MATR/MATR_b4c12,0.07575143087188801,hist_gradient_boosting,MATR,protected_state
MATR/MATR_b4c13,0.07210125555253935,hist_gradient_boosting,MATR,protected_state
MATR/MATR_b4c14,0.08651359155851066,hist_gradient_boosting,MATR,protected_state
MATR/MATR_b4c15,0.09954637758186818,hist_gradient_boosting,MATR,protected_state
MATR/MATR_b4c16,0.07651003717165188,hist_gradient_boosting,MATR,protected_state
MATR/MATR_b4c17,0.0689167230264461,hist_gradient_boosting,MATR,protected_state
MATR/MATR_b4c18,0.07857655938674882,hist_gradient_boosting,MATR,protected_state
MATR/MATR_b4c19,0.08387678345533724,hist_gradient_boosting,MATR,protected_state
MATR/MATR_b4c2,0.06309410433335332,hist_gradient_boosting,MATR,protected_state
MATR/MATR_b4c20,0.05873538632671336,hist_gradient_boosting,MATR,protected_state
MATR/MATR_b4c21,0.07072394773302895,hist_gradient_boosting,MATR,protected_state
MATR/MATR_b4c22,0.07015897908131333,hist_gradient_boosting,MATR,protected_state
MATR/MATR_b4c23,0.08248621952510946,hist_gradient_boosting,MATR,protected_state
MATR/MATR_b4c24,0.07686286461965404,hist_gradient_boosting,MATR,protected_state
MATR/MATR_b4c25,0.06855992258359288,hist_gradient_boosting,MATR,protected_state
MATR/MATR_b4c26,0.07565541963179276,hist_gradient_boosting,MATR,protected_state
MATR/MATR_b4c27,0.05424109147312696,hist_gradient_boosting,MATR,protected_state
MATR/MATR_b4c28,0.0694299852291362,hist_gradient_boosting,MATR,protected_state
MATR/MATR_b4c29,0.06833726671691116,hist_gradient_boosting,MATR,protected_state
MATR/MATR_b4c3,0.08498767525301888,hist_gradient_boosting,MATR,protected_state
MATR/MATR_b4c30,0.055714513736194224,hist_gradient_boosting,MATR,protected_state
MATR/MATR_b4c31,0.1514951297135808,hist_gradient_boosting,MATR,protected_state
MATR/MATR_b4c32,0.06707380879289765,hist_gradient_boosting,MATR,protected_state
MATR/MATR_b4c33,0.05563562290768642,hist_gradient_boosting,MATR,protected_state
MATR/MATR_b4c34,0.0627355646134863,hist_gradient_boosting,MATR,protected_state
MATR/MATR_b4c35,0.0770954261636449,hist_gradient_boosting,MATR,protected_state
MATR/MATR_b4c36,0.07214144567208684,hist_gradient_boosting,MATR,protected_state
MATR/MATR_b4c37,0.07393204390527718,hist_gradient_boosting,MATR,protected_state
MATR/MATR_b4c38,0.07301590232612364,hist_gradient_boosting,MATR,protected_state
MATR/MATR_b4c39,0.06870860072538,hist_gradient_boosting,MATR,protected_state
MATR/MATR_b4c4,0.13930512023457622,hist_gradient_boosting,MATR,protected_state
MATR/MATR_b4c40,0.07629180998434318,hist_gradient_boosting,MATR,protected_state
MATR/MATR_b4c41,0.08981498907406464,hist_gradient_boosting,MATR,protected_state
MATR/MATR_b4c42,0.07916865392499976,hist_gradient_boosting,MATR,protected_state
MATR/MATR_b4c43,0.08752469419225165,hist_gradient_boosting,MATR,protected_state
MATR/MATR_b4c44,0.08369706807661391,hist_gradient_boosting,MATR,protected_state
MATR/MATR_b4c5,0.08491618591530181,hist_gradient_boosting,MATR,protected_state
MATR/MATR_b4c6,0.0721200266164306,hist_gradient_boosting,MATR,protected_state
MATR/MATR_b4c7,0.060604440820700906,hist_gradient_boosting,MATR,protected_state
MATR/MATR_b4c8,0.056907307976297915,hist_gradient_boosting,MATR,protected_state
MATR/MATR_b4c9,0.06279393650245094,hist_gradient_boosting,MATR,protected_state
MATR/MATR_b1c0,0.08926773042527222,hist_gradient_boosting,MATR,pchp_method
MATR/MATR_b1c1,0.10042632058434993,hist_gradient_boosting,MATR,pchp_method
MATR/MATR_b1c11,0.06260644895438806,hist_gradient_boosting,MATR,pchp_method
MATR/MATR_b1c14,0.06493361446567598,hist_gradient_boosting,MATR,pchp_method
MATR/MATR_b1c15,0.05987971651697346,hist_gradient_boosting,MATR,pchp_method
MATR/MATR_b1c16,0.06722038073983498,hist_gradient_boosting,MATR,pchp_method
MATR/MATR_b1c17,0.06706492186295049,hist_gradient_boosting,MATR,pchp_method
MATR/MATR_b1c18,0.04887601059832847,hist_gradient_boosting,MATR,pchp_method
MATR/MATR_b1c19,0.053455390810216885,hist_gradient_boosting,MATR,pchp_method
MATR/MATR_b1c2,0.09875262731014026,hist_gradient_boosting,MATR,pchp_method
MATR/MATR_b1c20,0.013825741463737037,hist_gradient_boosting,MATR,pchp_method
MATR/MATR_b1c21,0.022799933517355674,hist_gradient_boosting,MATR,pchp_method
MATR/MATR_b1c23,0.0704297695826867,hist_gradient_boosting,MATR,pchp_method
MATR/MATR_b1c24,0.07043303585363753,hist_gradient_boosting,MATR,pchp_method
MATR/MATR_b1c25,0.061433061766644266,hist_gradient_boosting,MATR,pchp_method
MATR/MATR_b1c26,0.06130123427517369,hist_gradient_boosting,MATR,pchp_method
MATR/MATR_b1c27,0.06139580008220599,hist_gradient_boosting,MATR,pchp_method
MATR/MATR_b1c28,0.06531244459530847,hist_gradient_boosting,MATR,pchp_method
MATR/MATR_b1c29,0.06618343449521306,hist_gradient_boosting,MATR,pchp_method
MATR/MATR_b1c3,0.0746724521432986,hist_gradient_boosting,MATR,pchp_method
MATR/MATR_b1c30,0.05573757236255021,hist_gradient_boosting,MATR,pchp_method
MATR/MATR_b1c31,0.061041449317779495,hist_gradient_boosting,MATR,pchp_method
MATR/MATR_b1c32,0.05887290106786984,hist_gradient_boosting,MATR,pchp_method
MATR/MATR_b1c33,0.0625973907814531,hist_gradient_boosting,MATR,pchp_method
MATR/MATR_b1c34,0.06870797814759474,hist_gradient_boosting,MATR,pchp_method
MATR/MATR_b1c35,0.06510779658863898,hist_gradient_boosting,MATR,pchp_method
MATR/MATR_b1c36,0.06091658668389916,hist_gradient_boosting,MATR,pchp_method
MATR/MATR_b1c37,0.059956215451407904,hist_gradient_boosting,MATR,pchp_method
MATR/MATR_b1c38,0.05808585605388045,hist_gradient_boosting,MATR,pchp_method
MATR/MATR_b1c39,0.05838805862229445,hist_gradient_boosting,MATR,pchp_method
MATR/MATR_b1c4,0.08063287839711328,hist_gradient_boosting,MATR,pchp_method
MATR/MATR_b1c40,0.07043852622783141,hist_gradient_boosting,MATR,pchp_method
MATR/MATR_b1c41,0.08036172772794214,hist_gradient_boosting,MATR,pchp_method
MATR/MATR_b1c42,0.06559422832685485,hist_gradient_boosting,MATR,pchp_method
MATR/MATR_b1c43,0.060931670513724494,hist_gradient_boosting,MATR,pchp_method
MATR/MATR_b1c44,0.07058276135413402,hist_gradient_boosting,MATR,pchp_method
MATR/MATR_b1c45,0.06914717229995383,hist_gradient_boosting,MATR,pchp_method
MATR/MATR_b1c5,0.06635575316736445,hist_gradient_boosting,MATR,pchp_method
MATR/MATR_b1c6,0.04338047854462914,hist_gradient_boosting,MATR,pchp_method
MATR/MATR_b1c7,0.05825468728545048,hist_gradient_boosting,MATR,pchp_method
MATR/MATR_b1c9,0.07399615628201742,hist_gradient_boosting,MATR,pchp_method
MATR/MATR_b2c0,0.030820044140272895,hist_gradient_boosting,MATR,pchp_method
MATR/MATR_b2c1,0.047832612373987164,hist_gradient_boosting,MATR,pchp_method
MATR/MATR_b2c10,0.038078086275462206,hist_gradient_boosting,MATR,pchp_method
MATR/MATR_b2c11,0.03196509990029669,hist_gradient_boosting,MATR,pchp_method
MATR/MATR_b2c12,0.023105661979266796,hist_gradient_boosting,MATR,pchp_method
MATR/MATR_b2c13,0.028291860329446833,hist_gradient_boosting,MATR,pchp_method
MATR/MATR_b2c14,0.03918654800629003,hist_gradient_boosting,MATR,pchp_method
MATR/MATR_b2c17,0.0421359461207075,hist_gradient_boosting,MATR,pchp_method
MATR/MATR_b2c18,0.03117156821092972,hist_gradient_boosting,MATR,pchp_method
MATR/MATR_b2c19,0.020590289309529494,hist_gradient_boosting,MATR,pchp_method
MATR/MATR_b2c2,0.046869821926221675,hist_gradient_boosting,MATR,pchp_method
MATR/MATR_b2c20,0.04156736489033516,hist_gradient_boosting,MATR,pchp_method
MATR/MATR_b2c21,0.0336475899612866,hist_gradient_boosting,MATR,pchp_method
MATR/MATR_b2c22,0.03710292863580823,hist_gradient_boosting,MATR,pchp_method
MATR/MATR_b2c23,0.04010573505538359,hist_gradient_boosting,MATR,pchp_method
MATR/MATR_b2c24,0.042773193044093584,hist_gradient_boosting,MATR,pchp_method
MATR/MATR_b2c25,0.03228791650394146,hist_gradient_boosting,MATR,pchp_method
MATR/MATR_b2c26,0.03625367674719847,hist_gradient_boosting,MATR,pchp_method
MATR/MATR_b2c27,0.040690809652099806,hist_gradient_boosting,MATR,pchp_method
MATR/MATR_b2c28,0.0480153215854537,hist_gradient_boosting,MATR,pchp_method
MATR/MATR_b2c29,0.05312015600405971,hist_gradient_boosting,MATR,pchp_method
MATR/MATR_b2c3,0.03076552726219432,hist_gradient_boosting,MATR,pchp_method
MATR/MATR_b2c30,0.043911213930323725,hist_gradient_boosting,MATR,pchp_method
MATR/MATR_b2c31,0.04449796365519864,hist_gradient_boosting,MATR,pchp_method
MATR/MATR_b2c32,0.05040197369889283,hist_gradient_boosting,MATR,pchp_method
MATR/MATR_b2c33,0.05327414716014556,hist_gradient_boosting,MATR,pchp_method
MATR/MATR_b2c34,0.05237303310990578,hist_gradient_boosting,MATR,pchp_method
MATR/MATR_b2c35,0.046525978961898154,hist_gradient_boosting,MATR,pchp_method
MATR/MATR_b2c36,0.05241172704336446,hist_gradient_boosting,MATR,pchp_method
MATR/MATR_b2c37,0.050247535662962806,hist_gradient_boosting,MATR,pchp_method
MATR/MATR_b2c38,0.04660711745282802,hist_gradient_boosting,MATR,pchp_method
MATR/MATR_b2c39,0.05162794695728509,hist_gradient_boosting,MATR,pchp_method
MATR/MATR_b2c4,0.029006682921121022,hist_gradient_boosting,MATR,pchp_method
MATR/MATR_b2c40,0.03815669047562342,hist_gradient_boosting,MATR,pchp_method
MATR/MATR_b2c41,0.04683384735081797,hist_gradient_boosting,MATR,pchp_method
MATR/MATR_b2c42,0.04558249583517748,hist_gradient_boosting,MATR,pchp_method
MATR/MATR_b2c43,0.04579652706655361,hist_gradient_boosting,MATR,pchp_method
MATR/MATR_b2c44,0.050033557952251444,hist_gradient_boosting,MATR,pchp_method
MATR/MATR_b2c45,0.04274049537946136,hist_gradient_boosting,MATR,pchp_method
MATR/MATR_b2c46,0.049781623348564806,hist_gradient_boosting,MATR,pchp_method
MATR/MATR_b2c47,0.05266345450871035,hist_gradient_boosting,MATR,pchp_method
MATR/MATR_b2c5,0.04095179002307589,hist_gradient_boosting,MATR,pchp_method
MATR/MATR_b2c6,0.02292411054964571,hist_gradient_boosting,MATR,pchp_method
MATR/MATR_b3c0,0.06290255155613417,hist_gradient_boosting,MATR,pchp_method
MATR/MATR_b3c1,0.06700168510623579,hist_gradient_boosting,MATR,pchp_method
MATR/MATR_b3c10,0.06925460709319237,hist_gradient_boosting,MATR,pchp_method
MATR/MATR_b3c11,0.05770544249909821,hist_gradient_boosting,MATR,pchp_method
MATR/MATR_b3c12,0.06507426568297307,hist_gradient_boosting,MATR,pchp_method
MATR/MATR_b3c13,0.05547259359492184,hist_gradient_boosting,MATR,pchp_method
MATR/MATR_b3c14,0.06113069814728938,hist_gradient_boosting,MATR,pchp_method
MATR/MATR_b3c15,0.05822510462450526,hist_gradient_boosting,MATR,pchp_method
MATR/MATR_b3c16,0.08453334926853409,hist_gradient_boosting,MATR,pchp_method
MATR/MATR_b3c17,0.07092280166427124,hist_gradient_boosting,MATR,pchp_method
MATR/MATR_b3c18,0.07019156333546916,hist_gradient_boosting,MATR,pchp_method
MATR/MATR_b3c19,0.07351343534900091,hist_gradient_boosting,MATR,pchp_method
MATR/MATR_b3c20,0.05663398732431576,hist_gradient_boosting,MATR,pchp_method
MATR/MATR_b3c21,0.04571947530177872,hist_gradient_boosting,MATR,pchp_method
MATR/MATR_b3c22,0.07519277327920769,hist_gradient_boosting,MATR,pchp_method
MATR/MATR_b3c24,0.05798606303811317,hist_gradient_boosting,MATR,pchp_method
MATR/MATR_b3c25,0.0737052738056404,hist_gradient_boosting,MATR,pchp_method
MATR/MATR_b3c26,0.07201235722924078,hist_gradient_boosting,MATR,pchp_method
MATR/MATR_b3c27,0.06186794924885522,hist_gradient_boosting,MATR,pchp_method
MATR/MATR_b3c28,0.027915086489040532,hist_gradient_boosting,MATR,pchp_method
MATR/MATR_b3c29,0.054267915575021766,hist_gradient_boosting,MATR,pchp_method
MATR/MATR_b3c3,0.07652730063013083,hist_gradient_boosting,MATR,pchp_method
MATR/MATR_b3c30,0.06296834734616202,hist_gradient_boosting,MATR,pchp_method
MATR/MATR_b3c31,0.058488552249212525,hist_gradient_boosting,MATR,pchp_method
MATR/MATR_b3c33,0.07775283105467318,hist_gradient_boosting,MATR,pchp_method
MATR/MATR_b3c34,0.06762103213112013,hist_gradient_boosting,MATR,pchp_method
MATR/MATR_b3c35,0.06804273398850685,hist_gradient_boosting,MATR,pchp_method
MATR/MATR_b3c36,0.06849401473235202,hist_gradient_boosting,MATR,pchp_method
MATR/MATR_b3c38,0.08819236170079191,hist_gradient_boosting,MATR,pchp_method
MATR/MATR_b3c39,0.07090117080472051,hist_gradient_boosting,MATR,pchp_method
MATR/MATR_b3c4,0.06772965452776965,hist_gradient_boosting,MATR,pchp_method
MATR/MATR_b3c40,0.05520495808054301,hist_gradient_boosting,MATR,pchp_method
MATR/MATR_b3c41,0.05706362264715705,hist_gradient_boosting,MATR,pchp_method
MATR/MATR_b3c44,0.07229481790650462,hist_gradient_boosting,MATR,pchp_method
MATR/MATR_b3c45,0.09062727021923402,hist_gradient_boosting,MATR,pchp_method
MATR/MATR_b3c5,0.06079337175855169,hist_gradient_boosting,MATR,pchp_method
MATR/MATR_b3c6,0.026344951283702577,hist_gradient_boosting,MATR,pchp_method
MATR/MATR_b3c7,0.0946258195166195,hist_gradient_boosting,MATR,pchp_method
MATR/MATR_b3c8,0.055510664374613744,hist_gradient_boosting,MATR,pchp_method
MATR/MATR_b3c9,0.07466976780184593,hist_gradient_boosting,MATR,pchp_method
MATR/MATR_b4c0,0.05591599963008386,hist_gradient_boosting,MATR,pchp_method
MATR/MATR_b4c1,0.05320971774305378,hist_gradient_boosting,MATR,pchp_method
MATR/MATR_b4c10,0.08483189450049013,hist_gradient_boosting,MATR,pchp_method
MATR/MATR_b4c11,0.06289976191182109,hist_gradient_boosting,MATR,pchp_method
MATR/MATR_b4c12,0.06682803381548884,hist_gradient_boosting,MATR,pchp_method
MATR/MATR_b4c13,0.06526885863632478,hist_gradient_boosting,MATR,pchp_method
MATR/MATR_b4c14,0.0803737144388143,hist_gradient_boosting,MATR,pchp_method
MATR/MATR_b4c15,0.09090110633466435,hist_gradient_boosting,MATR,pchp_method
MATR/MATR_b4c16,0.06724222625842342,hist_gradient_boosting,MATR,pchp_method
MATR/MATR_b4c17,0.060250301665564825,hist_gradient_boosting,MATR,pchp_method
MATR/MATR_b4c18,0.06926215253563345,hist_gradient_boosting,MATR,pchp_method
MATR/MATR_b4c19,0.07452133560643577,hist_gradient_boosting,MATR,pchp_method
MATR/MATR_b4c2,0.053810236365675425,hist_gradient_boosting,MATR,pchp_method
MATR/MATR_b4c20,0.04920030355849471,hist_gradient_boosting,MATR,pchp_method
MATR/MATR_b4c21,0.0620312699934464,hist_gradient_boosting,MATR,pchp_method
MATR/MATR_b4c22,0.06292253774749719,hist_gradient_boosting,MATR,pchp_method
MATR/MATR_b4c23,0.07338929743756024,hist_gradient_boosting,MATR,pchp_method
MATR/MATR_b4c24,0.06726720357021493,hist_gradient_boosting,MATR,pchp_method
MATR/MATR_b4c25,0.06568135765279495,hist_gradient_boosting,MATR,pchp_method
MATR/MATR_b4c26,0.07051994603199384,hist_gradient_boosting,MATR,pchp_method
MATR/MATR_b4c27,0.049902579121136235,hist_gradient_boosting,MATR,pchp_method
MATR/MATR_b4c28,0.060804190002385364,hist_gradient_boosting,MATR,pchp_method
MATR/MATR_b4c29,0.059223204475702985,hist_gradient_boosting,MATR,pchp_method
MATR/MATR_b4c3,0.0755648530429586,hist_gradient_boosting,MATR,pchp_method
MATR/MATR_b4c30,0.04728490566734311,hist_gradient_boosting,MATR,pchp_method
MATR/MATR_b4c31,0.14504967626498752,hist_gradient_boosting,MATR,pchp_method
MATR/MATR_b4c32,0.05822710697762202,hist_gradient_boosting,MATR,pchp_method
MATR/MATR_b4c33,0.05160639489050515,hist_gradient_boosting,MATR,pchp_method
MATR/MATR_b4c34,0.05374656630704345,hist_gradient_boosting,MATR,pchp_method
MATR/MATR_b4c35,0.06772205980332452,hist_gradient_boosting,MATR,pchp_method
MATR/MATR_b4c36,0.06584779300383613,hist_gradient_boosting,MATR,pchp_method
MATR/MATR_b4c37,0.06482374531724666,hist_gradient_boosting,MATR,pchp_method
MATR/MATR_b4c38,0.0646347267744295,hist_gradient_boosting,MATR,pchp_method
MATR/MATR_b4c39,0.06127779698096903,hist_gradient_boosting,MATR,pchp_method
MATR/MATR_b4c4,0.13021257180181153,hist_gradient_boosting,MATR,pchp_method
MATR/MATR_b4c40,0.06724993558199639,hist_gradient_boosting,MATR,pchp_method
MATR/MATR_b4c41,0.08074329034655875,hist_gradient_boosting,MATR,pchp_method
MATR/MATR_b4c42,0.07143338938109915,hist_gradient_boosting,MATR,pchp_method
MATR/MATR_b4c43,0.0781254575998234,hist_gradient_boosting,MATR,pchp_method
MATR/MATR_b4c44,0.07404391110114585,hist_gradient_boosting,MATR,pchp_method
MATR/MATR_b4c5,0.07532284091121601,hist_gradient_boosting,MATR,pchp_method
MATR/MATR_b4c6,0.06279119340473131,hist_gradient_boosting,MATR,pchp_method
MATR/MATR_b4c7,0.05794307443531842,hist_gradient_boosting,MATR,pchp_method
MATR/MATR_b4c8,0.048795888028963647,hist_gradient_boosting,MATR,pchp_method
MATR/MATR_b4c9,0.05928124311434768,hist_gradient_boosting,MATR,pchp_method
MATR/MATR_b1c0,0.02562872366048322,hist_gradient_boosting,MATR,raw_candidate
MATR/MATR_b1c1,0.02571261167483563,hist_gradient_boosting,MATR,raw_candidate
MATR/MATR_b1c11,0.020974652081440656,hist_gradient_boosting,MATR,raw_candidate
MATR/MATR_b1c14,0.030358106532995126,hist_gradient_boosting,MATR,raw_candidate
MATR/MATR_b1c15,0.03464017923059887,hist_gradient_boosting,MATR,raw_candidate
MATR/MATR_b1c16,0.03260906598534983,hist_gradient_boosting,MATR,raw_candidate
MATR/MATR_b1c17,0.039296298933524994,hist_gradient_boosting,MATR,raw_candidate
MATR/MATR_b1c18,0.05305603022385463,hist_gradient_boosting,MATR,raw_candidate
MATR/MATR_b1c19,0.04872017404900403,hist_gradient_boosting,MATR,raw_candidate
MATR/MATR_b1c2,0.0250459695316806,hist_gradient_boosting,MATR,raw_candidate
MATR/MATR_b1c20,0.020146650431926125,hist_gradient_boosting,MATR,raw_candidate
MATR/MATR_b1c21,0.03024139055964874,hist_gradient_boosting,MATR,raw_candidate
MATR/MATR_b1c23,0.026013308629666037,hist_gradient_boosting,MATR,raw_candidate
MATR/MATR_b1c24,0.035879434891309174,hist_gradient_boosting,MATR,raw_candidate
MATR/MATR_b1c25,0.026682444371114195,hist_gradient_boosting,MATR,raw_candidate
MATR/MATR_b1c26,0.036744364846932394,hist_gradient_boosting,MATR,raw_candidate
MATR/MATR_b1c27,0.0351406639835035,hist_gradient_boosting,MATR,raw_candidate
MATR/MATR_b1c28,0.050637433785156484,hist_gradient_boosting,MATR,raw_candidate
MATR/MATR_b1c29,0.042792190302254944,hist_gradient_boosting,MATR,raw_candidate
MATR/MATR_b1c3,0.02615156613239612,hist_gradient_boosting,MATR,raw_candidate
MATR/MATR_b1c30,0.04708308457713386,hist_gradient_boosting,MATR,raw_candidate
MATR/MATR_b1c31,0.038531390998023086,hist_gradient_boosting,MATR,raw_candidate
MATR/MATR_b1c32,0.04976075778941665,hist_gradient_boosting,MATR,raw_candidate
MATR/MATR_b1c33,0.05095030784954746,hist_gradient_boosting,MATR,raw_candidate
MATR/MATR_b1c34,0.04282423453956114,hist_gradient_boosting,MATR,raw_candidate
MATR/MATR_b1c35,0.04679149087243143,hist_gradient_boosting,MATR,raw_candidate
MATR/MATR_b1c36,0.04642947319165361,hist_gradient_boosting,MATR,raw_candidate
MATR/MATR_b1c37,0.046709757036730734,hist_gradient_boosting,MATR,raw_candidate
MATR/MATR_b1c38,0.05739851737342301,hist_gradient_boosting,MATR,raw_candidate
MATR/MATR_b1c39,0.05690471434966213,hist_gradient_boosting,MATR,raw_candidate
MATR/MATR_b1c4,0.02173370402720495,hist_gradient_boosting,MATR,raw_candidate
MATR/MATR_b1c40,0.03182220076378167,hist_gradient_boosting,MATR,raw_candidate
MATR/MATR_b1c41,0.036975512389355335,hist_gradient_boosting,MATR,raw_candidate
MATR/MATR_b1c42,0.06640612458695411,hist_gradient_boosting,MATR,raw_candidate
MATR/MATR_b1c43,0.05183784744996405,hist_gradient_boosting,MATR,raw_candidate
MATR/MATR_b1c44,0.11893287709417419,hist_gradient_boosting,MATR,raw_candidate
MATR/MATR_b1c45,0.10424848967825665,hist_gradient_boosting,MATR,raw_candidate
MATR/MATR_b1c5,0.02542716356051577,hist_gradient_boosting,MATR,raw_candidate
MATR/MATR_b1c6,0.016536965143203616,hist_gradient_boosting,MATR,raw_candidate
MATR/MATR_b1c7,0.04696250939778656,hist_gradient_boosting,MATR,raw_candidate
MATR/MATR_b1c9,0.027862512378739383,hist_gradient_boosting,MATR,raw_candidate
MATR/MATR_b2c0,0.016426256153767978,hist_gradient_boosting,MATR,raw_candidate
MATR/MATR_b2c1,0.03999251096989439,hist_gradient_boosting,MATR,raw_candidate
MATR/MATR_b2c10,0.030223096030002006,hist_gradient_boosting,MATR,raw_candidate
MATR/MATR_b2c11,0.01828756045086695,hist_gradient_boosting,MATR,raw_candidate
MATR/MATR_b2c12,0.010336465010036261,hist_gradient_boosting,MATR,raw_candidate
MATR/MATR_b2c13,0.015406313850933214,hist_gradient_boosting,MATR,raw_candidate
MATR/MATR_b2c14,0.029267416883618905,hist_gradient_boosting,MATR,raw_candidate
MATR/MATR_b2c17,0.03675782863011335,hist_gradient_boosting,MATR,raw_candidate
MATR/MATR_b2c18,0.020131967462372554,hist_gradient_boosting,MATR,raw_candidate
MATR/MATR_b2c19,0.01466009448156444,hist_gradient_boosting,MATR,raw_candidate
MATR/MATR_b2c2,0.04809205720703826,hist_gradient_boosting,MATR,raw_candidate
MATR/MATR_b2c20,0.03269856711603571,hist_gradient_boosting,MATR,raw_candidate
MATR/MATR_b2c21,0.02758917197746293,hist_gradient_boosting,MATR,raw_candidate
MATR/MATR_b2c22,0.023317441041877798,hist_gradient_boosting,MATR,raw_candidate
MATR/MATR_b2c23,0.029443799632212917,hist_gradient_boosting,MATR,raw_candidate
MATR/MATR_b2c24,0.03323482888054376,hist_gradient_boosting,MATR,raw_candidate
MATR/MATR_b2c25,0.027943579755982828,hist_gradient_boosting,MATR,raw_candidate
MATR/MATR_b2c26,0.026221254102197254,hist_gradient_boosting,MATR,raw_candidate
MATR/MATR_b2c27,0.028078951556608132,hist_gradient_boosting,MATR,raw_candidate
MATR/MATR_b2c28,0.04075283645794425,hist_gradient_boosting,MATR,raw_candidate
MATR/MATR_b2c29,0.0470547193290524,hist_gradient_boosting,MATR,raw_candidate
MATR/MATR_b2c3,0.024176301080542428,hist_gradient_boosting,MATR,raw_candidate
MATR/MATR_b2c30,0.028604948714938485,hist_gradient_boosting,MATR,raw_candidate
MATR/MATR_b2c31,0.037947211331128904,hist_gradient_boosting,MATR,raw_candidate
MATR/MATR_b2c32,0.041085323471109624,hist_gradient_boosting,MATR,raw_candidate
MATR/MATR_b2c33,0.04603390602468035,hist_gradient_boosting,MATR,raw_candidate
MATR/MATR_b2c34,0.041261219085616786,hist_gradient_boosting,MATR,raw_candidate
MATR/MATR_b2c35,0.03729377692582835,hist_gradient_boosting,MATR,raw_candidate
MATR/MATR_b2c36,0.04234036332497385,hist_gradient_boosting,MATR,raw_candidate
MATR/MATR_b2c37,0.04762924203590463,hist_gradient_boosting,MATR,raw_candidate
MATR/MATR_b2c38,0.045738518397352206,hist_gradient_boosting,MATR,raw_candidate
MATR/MATR_b2c39,0.049396904544420125,hist_gradient_boosting,MATR,raw_candidate
MATR/MATR_b2c4,0.01853757390874165,hist_gradient_boosting,MATR,raw_candidate
MATR/MATR_b2c40,0.02523344735815501,hist_gradient_boosting,MATR,raw_candidate
MATR/MATR_b2c41,0.038125237337450706,hist_gradient_boosting,MATR,raw_candidate
MATR/MATR_b2c42,0.038588781677192416,hist_gradient_boosting,MATR,raw_candidate
MATR/MATR_b2c43,0.03937428363055168,hist_gradient_boosting,MATR,raw_candidate
MATR/MATR_b2c44,0.0458413979107856,hist_gradient_boosting,MATR,raw_candidate
MATR/MATR_b2c45,0.030085097779052758,hist_gradient_boosting,MATR,raw_candidate
MATR/MATR_b2c46,0.05280726877502385,hist_gradient_boosting,MATR,raw_candidate
MATR/MATR_b2c47,0.028750198153122825,hist_gradient_boosting,MATR,raw_candidate
MATR/MATR_b2c5,0.02867672514273023,hist_gradient_boosting,MATR,raw_candidate
MATR/MATR_b2c6,0.03227418144069212,hist_gradient_boosting,MATR,raw_candidate
MATR/MATR_b3c0,0.024711458097672504,hist_gradient_boosting,MATR,raw_candidate
MATR/MATR_b3c1,0.02903608404159144,hist_gradient_boosting,MATR,raw_candidate
MATR/MATR_b3c10,0.024454649192934705,hist_gradient_boosting,MATR,raw_candidate
MATR/MATR_b3c11,0.032496051200094515,hist_gradient_boosting,MATR,raw_candidate
MATR/MATR_b3c12,0.032238610218101024,hist_gradient_boosting,MATR,raw_candidate
MATR/MATR_b3c13,0.028628672019757943,hist_gradient_boosting,MATR,raw_candidate
MATR/MATR_b3c14,0.03110547813182232,hist_gradient_boosting,MATR,raw_candidate
MATR/MATR_b3c15,0.028128212795776843,hist_gradient_boosting,MATR,raw_candidate
MATR/MATR_b3c16,0.022203086338610716,hist_gradient_boosting,MATR,raw_candidate
MATR/MATR_b3c17,0.029526950151679127,hist_gradient_boosting,MATR,raw_candidate
MATR/MATR_b3c18,0.030860568128893467,hist_gradient_boosting,MATR,raw_candidate
MATR/MATR_b3c19,0.027227085467364246,hist_gradient_boosting,MATR,raw_candidate
MATR/MATR_b3c20,0.029297943834829854,hist_gradient_boosting,MATR,raw_candidate
MATR/MATR_b3c21,0.02806135262177697,hist_gradient_boosting,MATR,raw_candidate
MATR/MATR_b3c22,0.039509625943585314,hist_gradient_boosting,MATR,raw_candidate
MATR/MATR_b3c24,0.026154086970335843,hist_gradient_boosting,MATR,raw_candidate
MATR/MATR_b3c25,0.04525194573586121,hist_gradient_boosting,MATR,raw_candidate
MATR/MATR_b3c26,0.035328951865906705,hist_gradient_boosting,MATR,raw_candidate
MATR/MATR_b3c27,0.03477911218253134,hist_gradient_boosting,MATR,raw_candidate
MATR/MATR_b3c28,0.02453358456848194,hist_gradient_boosting,MATR,raw_candidate
MATR/MATR_b3c29,0.026192995676637257,hist_gradient_boosting,MATR,raw_candidate
MATR/MATR_b3c3,0.0400132365260402,hist_gradient_boosting,MATR,raw_candidate
MATR/MATR_b3c30,0.02739633588247174,hist_gradient_boosting,MATR,raw_candidate
MATR/MATR_b3c31,0.0380403045963132,hist_gradient_boosting,MATR,raw_candidate
MATR/MATR_b3c33,0.023664587274006676,hist_gradient_boosting,MATR,raw_candidate
MATR/MATR_b3c34,0.02754631714112136,hist_gradient_boosting,MATR,raw_candidate
MATR/MATR_b3c35,0.027858947672069354,hist_gradient_boosting,MATR,raw_candidate
MATR/MATR_b3c36,0.03704049405409219,hist_gradient_boosting,MATR,raw_candidate
MATR/MATR_b3c38,0.029226247311814123,hist_gradient_boosting,MATR,raw_candidate
MATR/MATR_b3c39,0.025745561540022097,hist_gradient_boosting,MATR,raw_candidate
MATR/MATR_b3c4,0.027148668184015838,hist_gradient_boosting,MATR,raw_candidate
MATR/MATR_b3c40,0.02998672576268056,hist_gradient_boosting,MATR,raw_candidate
MATR/MATR_b3c41,0.026599730448781216,hist_gradient_boosting,MATR,raw_candidate
MATR/MATR_b3c44,0.03270748596801064,hist_gradient_boosting,MATR,raw_candidate
MATR/MATR_b3c45,0.02453913434963614,hist_gradient_boosting,MATR,raw_candidate
MATR/MATR_b3c5,0.02732147666898732,hist_gradient_boosting,MATR,raw_candidate
MATR/MATR_b3c6,0.028312431188745487,hist_gradient_boosting,MATR,raw_candidate
MATR/MATR_b3c7,0.028241314694663292,hist_gradient_boosting,MATR,raw_candidate
MATR/MATR_b3c8,0.02433305617223212,hist_gradient_boosting,MATR,raw_candidate
MATR/MATR_b3c9,0.03343852032361493,hist_gradient_boosting,MATR,raw_candidate
MATR/MATR_b4c0,0.025211839379170733,hist_gradient_boosting,MATR,raw_candidate
MATR/MATR_b4c1,0.030447644633637017,hist_gradient_boosting,MATR,raw_candidate
MATR/MATR_b4c10,0.03464459954480236,hist_gradient_boosting,MATR,raw_candidate
MATR/MATR_b4c11,0.03014546887022544,hist_gradient_boosting,MATR,raw_candidate
MATR/MATR_b4c12,0.033223045853610154,hist_gradient_boosting,MATR,raw_candidate
MATR/MATR_b4c13,0.035545636690543794,hist_gradient_boosting,MATR,raw_candidate
MATR/MATR_b4c14,0.03535353301564361,hist_gradient_boosting,MATR,raw_candidate
MATR/MATR_b4c15,0.029972938240306213,hist_gradient_boosting,MATR,raw_candidate
MATR/MATR_b4c16,0.0412964872553611,hist_gradient_boosting,MATR,raw_candidate
MATR/MATR_b4c17,0.03212742764767921,hist_gradient_boosting,MATR,raw_candidate
MATR/MATR_b4c18,0.02432874490981152,hist_gradient_boosting,MATR,raw_candidate
MATR/MATR_b4c19,0.03383236437726233,hist_gradient_boosting,MATR,raw_candidate
MATR/MATR_b4c2,0.01753459656864228,hist_gradient_boosting,MATR,raw_candidate
MATR/MATR_b4c20,0.01979902761190041,hist_gradient_boosting,MATR,raw_candidate
MATR/MATR_b4c21,0.030739976790774417,hist_gradient_boosting,MATR,raw_candidate
MATR/MATR_b4c22,0.03533682003622118,hist_gradient_boosting,MATR,raw_candidate
MATR/MATR_b4c23,0.027347693476595533,hist_gradient_boosting,MATR,raw_candidate
MATR/MATR_b4c24,0.02292803319606579,hist_gradient_boosting,MATR,raw_candidate
MATR/MATR_b4c25,0.030637627333069118,hist_gradient_boosting,MATR,raw_candidate
MATR/MATR_b4c26,0.03159590533097639,hist_gradient_boosting,MATR,raw_candidate
MATR/MATR_b4c27,0.03315711909976005,hist_gradient_boosting,MATR,raw_candidate
MATR/MATR_b4c28,0.02947236476448153,hist_gradient_boosting,MATR,raw_candidate
MATR/MATR_b4c29,0.029904637537890893,hist_gradient_boosting,MATR,raw_candidate
MATR/MATR_b4c3,0.021961279178885972,hist_gradient_boosting,MATR,raw_candidate
MATR/MATR_b4c30,0.023604597187554203,hist_gradient_boosting,MATR,raw_candidate
MATR/MATR_b4c31,0.05019560867410537,hist_gradient_boosting,MATR,raw_candidate
MATR/MATR_b4c32,0.02868043335852708,hist_gradient_boosting,MATR,raw_candidate
MATR/MATR_b4c33,0.03651661247899171,hist_gradient_boosting,MATR,raw_candidate
MATR/MATR_b4c34,0.024831399542557562,hist_gradient_boosting,MATR,raw_candidate
MATR/MATR_b4c35,0.023272908339466793,hist_gradient_boosting,MATR,raw_candidate
MATR/MATR_b4c36,0.03388472596446882,hist_gradient_boosting,MATR,raw_candidate
MATR/MATR_b4c37,0.03360090671025066,hist_gradient_boosting,MATR,raw_candidate
MATR/MATR_b4c38,0.030809836696279496,hist_gradient_boosting,MATR,raw_candidate
MATR/MATR_b4c39,0.039521690918313014,hist_gradient_boosting,MATR,raw_candidate
MATR/MATR_b4c4,0.04790783182385973,hist_gradient_boosting,MATR,raw_candidate
MATR/MATR_b4c40,0.030509467132871185,hist_gradient_boosting,MATR,raw_candidate
MATR/MATR_b4c41,0.031104808299145886,hist_gradient_boosting,MATR,raw_candidate
MATR/MATR_b4c42,0.03732849786884141,hist_gradient_boosting,MATR,raw_candidate
MATR/MATR_b4c43,0.02882841677207613,hist_gradient_boosting,MATR,raw_candidate
MATR/MATR_b4c44,0.03129850461404624,hist_gradient_boosting,MATR,raw_candidate
MATR/MATR_b4c5,0.024675793274559717,hist_gradient_boosting,MATR,raw_candidate
MATR/MATR_b4c6,0.03002499550701751,hist_gradient_boosting,MATR,raw_candidate
MATR/MATR_b4c7,0.04762454343302709,hist_gradient_boosting,MATR,raw_candidate
MATR/MATR_b4c8,0.030694102318072063,hist_gradient_boosting,MATR,raw_candidate
MATR/MATR_b4c9,0.0366737285379496,hist_gradient_boosting,MATR,raw_candidate
MICH/MICH_BLForm10_pouch_NMC_25C_0-100_1-1C_j,0.10301694097965662,hist_gradient_boosting,MICH,protected_state
MICH/MICH_BLForm11_pouch_NMC_25C_0-100_1-1C_a,0.07229309745168223,hist_gradient_boosting,MICH,protected_state
MICH/MICH_BLForm12_pouch_NMC_25C_0-100_1-1C_b,0.08856048775726238,hist_gradient_boosting,MICH,protected_state
MICH/MICH_BLForm13_pouch_NMC_25C_0-100_1-1C_c,0.1023381584741064,hist_gradient_boosting,MICH,protected_state
MICH/MICH_BLForm14_pouch_NMC_25C_0-100_1-1C_d,0.07362233120410733,hist_gradient_boosting,MICH,protected_state
MICH/MICH_BLForm15_pouch_NMC_25C_0-100_1-1C_e,0.09960032528203248,hist_gradient_boosting,MICH,protected_state
MICH/MICH_BLForm16_pouch_NMC_25C_0-100_1-1C_f,0.09331010343580783,hist_gradient_boosting,MICH,protected_state
MICH/MICH_BLForm17_pouch_NMC_25C_0-100_1-1C_g,0.13575992023006236,hist_gradient_boosting,MICH,protected_state
MICH/MICH_BLForm18_pouch_NMC_25C_0-100_1-1C_h,0.11268208417526383,hist_gradient_boosting,MICH,protected_state
MICH/MICH_BLForm19_pouch_NMC_25C_0-100_1-1C_i,0.09833028548348406,hist_gradient_boosting,MICH,protected_state
MICH/MICH_BLForm1_pouch_NMC_45C_0-100_1-1C_a,0.14643446829820156,hist_gradient_boosting,MICH,protected_state
MICH/MICH_BLForm20_pouch_NMC_25C_0-100_1-1C_j,0.12966494481852633,hist_gradient_boosting,MICH,protected_state
MICH/MICH_BLForm2_pouch_NMC_45C_0-100_1-1C_b,0.14301966943437713,hist_gradient_boosting,MICH,protected_state
MICH/MICH_BLForm3_pouch_NMC_45C_0-100_1-1C_c,0.06554209438284657,hist_gradient_boosting,MICH,protected_state
MICH/MICH_BLForm4_pouch_NMC_45C_0-100_1-1C_d,0.14767326049817642,hist_gradient_boosting,MICH,protected_state
MICH/MICH_BLForm5_pouch_NMC_45C_0-100_1-1C_e,0.14328702153366604,hist_gradient_boosting,MICH,protected_state
MICH/MICH_BLForm6_pouch_NMC_45C_0-100_1-1C_f,0.09191310472791868,hist_gradient_boosting,MICH,protected_state
MICH/MICH_BLForm7_pouch_NMC_45C_0-100_1-1C_g,0.11441212793437386,hist_gradient_boosting,MICH,protected_state
MICH/MICH_BLForm8_pouch_NMC_45C_0-100_1-1C_h,0.14161134996890226,hist_gradient_boosting,MICH,protected_state
MICH/MICH_BLForm9_pouch_NMC_45C_0-100_1-1C_i,0.28423509850240575,hist_gradient_boosting,MICH,protected_state
MICH/MICH_MCForm21_pouch_NMC_25C_0-100_1-1C_a,0.05821707316114612,hist_gradient_boosting,MICH,protected_state
MICH/MICH_MCForm22_pouch_NMC_25C_0-100_1-1C_b,0.12261292976354009,hist_gradient_boosting,MICH,protected_state
MICH/MICH_MCForm23_pouch_NMC_25C_0-100_1-1C_c,0.06777342166153809,hist_gradient_boosting,MICH,protected_state
MICH/MICH_MCForm24_pouch_NMC_25C_0-100_1-1C_d,0.07580299786313867,hist_gradient_boosting,MICH,protected_state
MICH/MICH_MCForm25_pouch_NMC_25C_0-100_1-1C_e,0.07994458999866465,hist_gradient_boosting,MICH,protected_state
MICH/MICH_MCForm26_pouch_NMC_25C_0-100_1-1C_f,0.07444112379207996,hist_gradient_boosting,MICH,protected_state
MICH/MICH_MCForm27_pouch_NMC_25C_0-100_1-1C_g,0.0672185032180255,hist_gradient_boosting,MICH,protected_state
MICH/MICH_MCForm28_pouch_NMC_25C_0-100_1-1C_h,0.08012318080740582,hist_gradient_boosting,MICH,protected_state
MICH/MICH_MCForm29_pouch_NMC_25C_0-100_1-1C_i,0.09474068828759279,hist_gradient_boosting,MICH,protected_state
MICH/MICH_MCForm30_pouch_NMC_25C_0-100_1-1C_j,0.06641487773356816,hist_gradient_boosting,MICH,protected_state
MICH/MICH_MCForm31_pouch_NMC_45C_0-100_1-1C_a,0.07939663718976163,hist_gradient_boosting,MICH,protected_state
MICH/MICH_MCForm32_pouch_NMC_45C_0-100_1-1C_b,0.05003532589324011,hist_gradient_boosting,MICH,protected_state
MICH/MICH_MCForm33_pouch_NMC_45C_0-100_1-1C_c,0.0666900910478948,hist_gradient_boosting,MICH,protected_state
MICH/MICH_MCForm34_pouch_NMC_45C_0-100_1-1C_d,0.03911450816062113,hist_gradient_boosting,MICH,protected_state
MICH/MICH_MCForm35_pouch_NMC_45C_0-100_1-1C_e,0.04900437059139674,hist_gradient_boosting,MICH,protected_state
MICH/MICH_MCForm36_pouch_NMC_45C_0-100_1-1C_f,0.06876188392879949,hist_gradient_boosting,MICH,protected_state
MICH/MICH_MCForm37_pouch_NMC_45C_0-100_1-1C_g,0.048727728518236146,hist_gradient_boosting,MICH,protected_state
MICH/MICH_MCForm38_pouch_NMC_45C_0-100_1-1C_h,0.08551625681016257,hist_gradient_boosting,MICH,protected_state
MICH/MICH_MCForm39_pouch_NMC_45C_0-100_1-1C_i,0.0640181183006967,hist_gradient_boosting,MICH,protected_state
MICH/MICH_MCForm40_pouch_NMC_45C_0-100_1-1C_j,0.05179364211802172,hist_gradient_boosting,MICH,protected_state
MICH/MICH_BLForm10_pouch_NMC_25C_0-100_1-1C_j,0.09541038458910785,hist_gradient_boosting,MICH,pchp_method
MICH/MICH_BLForm11_pouch_NMC_25C_0-100_1-1C_a,0.06452237936221292,hist_gradient_boosting,MICH,pchp_method
MICH/MICH_BLForm12_pouch_NMC_25C_0-100_1-1C_b,0.08088300042818802,hist_gradient_boosting,MICH,pchp_method
MICH/MICH_BLForm13_pouch_NMC_25C_0-100_1-1C_c,0.09428061090624934,hist_gradient_boosting,MICH,pchp_method
MICH/MICH_BLForm14_pouch_NMC_25C_0-100_1-1C_d,0.06550464789875687,hist_gradient_boosting,MICH,pchp_method
MICH/MICH_BLForm15_pouch_NMC_25C_0-100_1-1C_e,0.09201917291282032,hist_gradient_boosting,MICH,pchp_method
MICH/MICH_BLForm16_pouch_NMC_25C_0-100_1-1C_f,0.08655586048568276,hist_gradient_boosting,MICH,pchp_method
MICH/MICH_BLForm17_pouch_NMC_25C_0-100_1-1C_g,0.12729766924833472,hist_gradient_boosting,MICH,pchp_method
MICH/MICH_BLForm18_pouch_NMC_25C_0-100_1-1C_h,0.10435375463999931,hist_gradient_boosting,MICH,pchp_method
MICH/MICH_BLForm19_pouch_NMC_25C_0-100_1-1C_i,0.09028685548051886,hist_gradient_boosting,MICH,pchp_method
MICH/MICH_BLForm1_pouch_NMC_45C_0-100_1-1C_a,0.13826815603292858,hist_gradient_boosting,MICH,pchp_method
MICH/MICH_BLForm20_pouch_NMC_25C_0-100_1-1C_j,0.12119390252913873,hist_gradient_boosting,MICH,pchp_method
MICH/MICH_BLForm2_pouch_NMC_45C_0-100_1-1C_b,0.13481548055710407,hist_gradient_boosting,MICH,pchp_method
MICH/MICH_BLForm3_pouch_NMC_45C_0-100_1-1C_c,0.060854644508614525,hist_gradient_boosting,MICH,pchp_method
MICH/MICH_BLForm4_pouch_NMC_45C_0-100_1-1C_d,0.13996070963888158,hist_gradient_boosting,MICH,pchp_method
MICH/MICH_BLForm5_pouch_NMC_45C_0-100_1-1C_e,0.13545017082795582,hist_gradient_boosting,MICH,pchp_method
MICH/MICH_BLForm6_pouch_NMC_45C_0-100_1-1C_f,0.08431562717274907,hist_gradient_boosting,MICH,pchp_method
MICH/MICH_BLForm7_pouch_NMC_45C_0-100_1-1C_g,0.10725570712150465,hist_gradient_boosting,MICH,pchp_method
MICH/MICH_BLForm8_pouch_NMC_45C_0-100_1-1C_h,0.13386910280541994,hist_gradient_boosting,MICH,pchp_method
MICH/MICH_BLForm9_pouch_NMC_45C_0-100_1-1C_i,0.27644281074340166,hist_gradient_boosting,MICH,pchp_method
MICH/MICH_MCForm21_pouch_NMC_25C_0-100_1-1C_a,0.05021992892237052,hist_gradient_boosting,MICH,pchp_method
MICH/MICH_MCForm22_pouch_NMC_25C_0-100_1-1C_b,0.11484406216466334,hist_gradient_boosting,MICH,pchp_method
MICH/MICH_MCForm23_pouch_NMC_25C_0-100_1-1C_c,0.059205429971089005,hist_gradient_boosting,MICH,pchp_method
MICH/MICH_MCForm24_pouch_NMC_25C_0-100_1-1C_d,0.0680097634251987,hist_gradient_boosting,MICH,pchp_method
MICH/MICH_MCForm25_pouch_NMC_25C_0-100_1-1C_e,0.07099868376224637,hist_gradient_boosting,MICH,pchp_method
MICH/MICH_MCForm26_pouch_NMC_25C_0-100_1-1C_f,0.06572938036536725,hist_gradient_boosting,MICH,pchp_method
MICH/MICH_MCForm27_pouch_NMC_25C_0-100_1-1C_g,0.05932275236278169,hist_gradient_boosting,MICH,pchp_method
MICH/MICH_MCForm28_pouch_NMC_25C_0-100_1-1C_h,0.07186179050523475,hist_gradient_boosting,MICH,pchp_method
MICH/MICH_MCForm29_pouch_NMC_25C_0-100_1-1C_i,0.08667664551504832,hist_gradient_boosting,MICH,pchp_method
MICH/MICH_MCForm30_pouch_NMC_25C_0-100_1-1C_j,0.058192526644927633,hist_gradient_boosting,MICH,pchp_method
MICH/MICH_MCForm31_pouch_NMC_45C_0-100_1-1C_a,0.07338664847138524,hist_gradient_boosting,MICH,pchp_method
MICH/MICH_MCForm32_pouch_NMC_45C_0-100_1-1C_b,0.04166827387280978,hist_gradient_boosting,MICH,pchp_method
MICH/MICH_MCForm33_pouch_NMC_45C_0-100_1-1C_c,0.0576133102248305,hist_gradient_boosting,MICH,pchp_method
MICH/MICH_MCForm34_pouch_NMC_45C_0-100_1-1C_d,0.030291764378641936,hist_gradient_boosting,MICH,pchp_method
MICH/MICH_MCForm35_pouch_NMC_45C_0-100_1-1C_e,0.04268065446660246,hist_gradient_boosting,MICH,pchp_method
MICH/MICH_MCForm36_pouch_NMC_45C_0-100_1-1C_f,0.061392686036479634,hist_gradient_boosting,MICH,pchp_method
MICH/MICH_MCForm37_pouch_NMC_45C_0-100_1-1C_g,0.04204232959841433,hist_gradient_boosting,MICH,pchp_method
MICH/MICH_MCForm38_pouch_NMC_45C_0-100_1-1C_h,0.07834371688024522,hist_gradient_boosting,MICH,pchp_method
MICH/MICH_MCForm39_pouch_NMC_45C_0-100_1-1C_i,0.05619131473487834,hist_gradient_boosting,MICH,pchp_method
MICH/MICH_MCForm40_pouch_NMC_45C_0-100_1-1C_j,0.042701241405317,hist_gradient_boosting,MICH,pchp_method
MICH/MICH_BLForm10_pouch_NMC_25C_0-100_1-1C_j,0.05299691443405434,hist_gradient_boosting,MICH,raw_candidate
MICH/MICH_BLForm11_pouch_NMC_25C_0-100_1-1C_a,0.03230731427158334,hist_gradient_boosting,MICH,raw_candidate
MICH/MICH_BLForm12_pouch_NMC_25C_0-100_1-1C_b,0.03617677784793289,hist_gradient_boosting,MICH,raw_candidate
MICH/MICH_BLForm13_pouch_NMC_25C_0-100_1-1C_c,0.0444109486653566,hist_gradient_boosting,MICH,raw_candidate
MICH/MICH_BLForm14_pouch_NMC_25C_0-100_1-1C_d,0.037374227290363125,hist_gradient_boosting,MICH,raw_candidate
MICH/MICH_BLForm15_pouch_NMC_25C_0-100_1-1C_e,0.04348124761222833,hist_gradient_boosting,MICH,raw_candidate
MICH/MICH_BLForm16_pouch_NMC_25C_0-100_1-1C_f,0.045285928570190814,hist_gradient_boosting,MICH,raw_candidate
MICH/MICH_BLForm17_pouch_NMC_25C_0-100_1-1C_g,0.062159042206943835,hist_gradient_boosting,MICH,raw_candidate
MICH/MICH_BLForm18_pouch_NMC_25C_0-100_1-1C_h,0.04654612601082395,hist_gradient_boosting,MICH,raw_candidate
MICH/MICH_BLForm19_pouch_NMC_25C_0-100_1-1C_i,0.0370690255587275,hist_gradient_boosting,MICH,raw_candidate
MICH/MICH_BLForm1_pouch_NMC_45C_0-100_1-1C_a,0.0878291851336717,hist_gradient_boosting,MICH,raw_candidate
MICH/MICH_BLForm20_pouch_NMC_25C_0-100_1-1C_j,0.054780023709744656,hist_gradient_boosting,MICH,raw_candidate
MICH/MICH_BLForm2_pouch_NMC_45C_0-100_1-1C_b,0.0737677984639207,hist_gradient_boosting,MICH,raw_candidate
MICH/MICH_BLForm3_pouch_NMC_45C_0-100_1-1C_c,0.03265533593011052,hist_gradient_boosting,MICH,raw_candidate
MICH/MICH_BLForm4_pouch_NMC_45C_0-100_1-1C_d,0.08439284310111339,hist_gradient_boosting,MICH,raw_candidate
MICH/MICH_BLForm5_pouch_NMC_45C_0-100_1-1C_e,0.0873815869274782,hist_gradient_boosting,MICH,raw_candidate
MICH/MICH_BLForm6_pouch_NMC_45C_0-100_1-1C_f,0.05007176428742804,hist_gradient_boosting,MICH,raw_candidate
MICH/MICH_BLForm7_pouch_NMC_45C_0-100_1-1C_g,0.06180282569911098,hist_gradient_boosting,MICH,raw_candidate
MICH/MICH_BLForm8_pouch_NMC_45C_0-100_1-1C_h,0.0832129466024984,hist_gradient_boosting,MICH,raw_candidate
MICH/MICH_BLForm9_pouch_NMC_45C_0-100_1-1C_i,0.20732372550652098,hist_gradient_boosting,MICH,raw_candidate
MICH/MICH_MCForm21_pouch_NMC_25C_0-100_1-1C_a,0.034858665752686924,hist_gradient_boosting,MICH,raw_candidate
MICH/MICH_MCForm22_pouch_NMC_25C_0-100_1-1C_b,0.05416047443069325,hist_gradient_boosting,MICH,raw_candidate
MICH/MICH_MCForm23_pouch_NMC_25C_0-100_1-1C_c,0.03501167545150743,hist_gradient_boosting,MICH,raw_candidate
MICH/MICH_MCForm24_pouch_NMC_25C_0-100_1-1C_d,0.03795794527054182,hist_gradient_boosting,MICH,raw_candidate
MICH/MICH_MCForm25_pouch_NMC_25C_0-100_1-1C_e,0.033295416540936824,hist_gradient_boosting,MICH,raw_candidate
MICH/MICH_MCForm26_pouch_NMC_25C_0-100_1-1C_f,0.03240585489690117,hist_gradient_boosting,MICH,raw_candidate
MICH/MICH_MCForm27_pouch_NMC_25C_0-100_1-1C_g,0.0384534251576933,hist_gradient_boosting,MICH,raw_candidate
MICH/MICH_MCForm28_pouch_NMC_25C_0-100_1-1C_h,0.03725876999014591,hist_gradient_boosting,MICH,raw_candidate
MICH/MICH_MCForm29_pouch_NMC_25C_0-100_1-1C_i,0.03531981627789135,hist_gradient_boosting,MICH,raw_candidate
MICH/MICH_MCForm30_pouch_NMC_25C_0-100_1-1C_j,0.039259697807711276,hist_gradient_boosting,MICH,raw_candidate
MICH/MICH_MCForm31_pouch_NMC_45C_0-100_1-1C_a,0.03758246091918245,hist_gradient_boosting,MICH,raw_candidate
MICH/MICH_MCForm32_pouch_NMC_45C_0-100_1-1C_b,0.03149984471000663,hist_gradient_boosting,MICH,raw_candidate
MICH/MICH_MCForm33_pouch_NMC_45C_0-100_1-1C_c,0.033696197496950624,hist_gradient_boosting,MICH,raw_candidate
MICH/MICH_MCForm34_pouch_NMC_45C_0-100_1-1C_d,0.02517306301618332,hist_gradient_boosting,MICH,raw_candidate
MICH/MICH_MCForm35_pouch_NMC_45C_0-100_1-1C_e,0.035704656247078095,hist_gradient_boosting,MICH,raw_candidate
MICH/MICH_MCForm36_pouch_NMC_45C_0-100_1-1C_f,0.029304680601561585,hist_gradient_boosting,MICH,raw_candidate
MICH/MICH_MCForm37_pouch_NMC_45C_0-100_1-1C_g,0.023674001835161978,hist_gradient_boosting,MICH,raw_candidate
MICH/MICH_MCForm38_pouch_NMC_45C_0-100_1-1C_h,0.0408718852301943,hist_gradient_boosting,MICH,raw_candidate
MICH/MICH_MCForm39_pouch_NMC_45C_0-100_1-1C_i,0.027192645415144136,hist_gradient_boosting,MICH,raw_candidate
MICH/MICH_MCForm40_pouch_NMC_45C_0-100_1-1C_j,0.028638632010061345,hist_gradient_boosting,MICH,raw_candidate
MICH_EXP/MICH_01R_pouch_NMC_25C_0-100_0.2-0.2C,0.05515405169086532,hist_gradient_boosting,MICH_EXP,protected_state
MICH_EXP/MICH_02C_pouch_NMC_-5C_0-100_0.2-0.2C,0.12596958025089766,hist_gradient_boosting,MICH_EXP,protected_state
MICH_EXP/MICH_03H_pouch_NMC_45C_0-100_0.2-0.2C,0.03543408232143551,hist_gradient_boosting,MICH_EXP,protected_state
MICH_EXP/MICH_04R_pouch_NMC_25C_0-100_1.5-1.5C,0.12640017868916845,hist_gradient_boosting,MICH_EXP,protected_state
MICH_EXP/MICH_05C_pouch_NMC_-5C_0-100_1.5-1.5C,0.037246687589437874,hist_gradient_boosting,MICH_EXP,protected_state
MICH_EXP/MICH_06H_pouch_NMC_45C_0-100_1.5-1.5C,0.10604315280466323,hist_gradient_boosting,MICH_EXP,protected_state
MICH_EXP/MICH_07R_pouch_NMC_25C_0-100_2-2C,0.1694499423409696,hist_gradient_boosting,MICH_EXP,protected_state
MICH_EXP/MICH_08C_pouch_NMC_-5C_0-100_2-2C,0.021710548584439198,hist_gradient_boosting,MICH_EXP,protected_state
MICH_EXP/MICH_09H_pouch_NMC_45C_0-100_2-2C,0.1568469505350801,hist_gradient_boosting,MICH_EXP,protected_state
MICH_EXP/MICH_10R_pouch_NMC_25C_0-100_0.2-1.5C,0.07217997121328945,hist_gradient_boosting,MICH_EXP,protected_state
MICH_EXP/MICH_11C_pouch_NMC_-5C_0-100_0.2-1.5C,0.09868957151162668,hist_gradient_boosting,MICH_EXP,protected_state
MICH_EXP/MICH_12H_pouch_NMC_45C_0-100_0.2-1.5C,0.08384179143558745,hist_gradient_boosting,MICH_EXP,protected_state
MICH_EXP/MICH_13R_pouch_NMC_25C_50-100_0.2-0.2C,0.29917261136466794,hist_gradient_boosting,MICH_EXP,protected_state
MICH_EXP/MICH_14C_pouch_NMC_-5C_50-100_0.2-0.2C,0.2724690222234146,hist_gradient_boosting,MICH_EXP,protected_state
MICH_EXP/MICH_15H_pouch_NMC_45C_50-100_0.2-0.2C,0.18254646291782978,hist_gradient_boosting,MICH_EXP,protected_state
MICH_EXP/MICH_16R_pouch_NMC_25C_50-100_0.2-1.5C,0.2989759786640191,hist_gradient_boosting,MICH_EXP,protected_state
MICH_EXP/MICH_17C_pouch_NMC_-5C_50-100_0.2-1.5C,0.2844843554008888,hist_gradient_boosting,MICH_EXP,protected_state
MICH_EXP/MICH_18H_pouch_NMC_45C_50-100_0.2-1.5C,0.2254889031684808,hist_gradient_boosting,MICH_EXP,protected_state
MICH_EXP/MICH_01R_pouch_NMC_25C_0-100_0.2-0.2C,0.04784586382602215,hist_gradient_boosting,MICH_EXP,pchp_method
MICH_EXP/MICH_02C_pouch_NMC_-5C_0-100_0.2-0.2C,0.11596958025089767,hist_gradient_boosting,MICH_EXP,pchp_method
MICH_EXP/MICH_03H_pouch_NMC_45C_0-100_0.2-0.2C,0.029296422100549564,hist_gradient_boosting,MICH_EXP,pchp_method
MICH_EXP/MICH_04R_pouch_NMC_25C_0-100_1.5-1.5C,0.11657618101017461,hist_gradient_boosting,MICH_EXP,pchp_method
MICH_EXP/MICH_05C_pouch_NMC_-5C_0-100_1.5-1.5C,0.030287115825189923,hist_gradient_boosting,MICH_EXP,pchp_method
MICH_EXP/MICH_06H_pouch_NMC_45C_0-100_1.5-1.5C,0.0964879757142253,hist_gradient_boosting,MICH_EXP,pchp_method
MICH_EXP/MICH_07R_pouch_NMC_25C_0-100_2-2C,0.15950880353497388,hist_gradient_boosting,MICH_EXP,pchp_method
MICH_EXP/MICH_08C_pouch_NMC_-5C_0-100_2-2C,0.015209643795672668,hist_gradient_boosting,MICH_EXP,pchp_method
MICH_EXP/MICH_09H_pouch_NMC_45C_0-100_2-2C,0.14690267930156395,hist_gradient_boosting,MICH_EXP,pchp_method
MICH_EXP/MICH_10R_pouch_NMC_25C_0-100_0.2-1.5C,0.0746333205273315,hist_gradient_boosting,MICH_EXP,pchp_method
MICH_EXP/MICH_11C_pouch_NMC_-5C_0-100_0.2-1.5C,0.08868957151162667,hist_gradient_boosting,MICH_EXP,pchp_method
MICH_EXP/MICH_12H_pouch_NMC_45C_0-100_0.2-1.5C,0.07692185470129699,hist_gradient_boosting,MICH_EXP,pchp_method
MICH_EXP/MICH_13R_pouch_NMC_25C_50-100_0.2-0.2C,0.29054551155584496,hist_gradient_boosting,MICH_EXP,pchp_method
MICH_EXP/MICH_14C_pouch_NMC_-5C_50-100_0.2-0.2C,0.26329763061118217,hist_gradient_boosting,MICH_EXP,pchp_method
MICH_EXP/MICH_15H_pouch_NMC_45C_50-100_0.2-0.2C,0.17428139462132244,hist_gradient_boosting,MICH_EXP,pchp_method
MICH_EXP/MICH_16R_pouch_NMC_25C_50-100_0.2-1.5C,0.2895938738090185,hist_gradient_boosting,MICH_EXP,pchp_method
MICH_EXP/MICH_17C_pouch_NMC_-5C_50-100_0.2-1.5C,0.2749914630177076,hist_gradient_boosting,MICH_EXP,pchp_method
MICH_EXP/MICH_18H_pouch_NMC_45C_50-100_0.2-1.5C,0.21548890316848082,hist_gradient_boosting,MICH_EXP,pchp_method
MICH_EXP/MICH_01R_pouch_NMC_25C_0-100_0.2-0.2C,0.04241793069863128,hist_gradient_boosting,MICH_EXP,raw_candidate
MICH_EXP/MICH_02C_pouch_NMC_-5C_0-100_0.2-0.2C,0.032671326793320486,hist_gradient_boosting,MICH_EXP,raw_candidate
MICH_EXP/MICH_03H_pouch_NMC_45C_0-100_0.2-0.2C,0.029365088390202725,hist_gradient_boosting,MICH_EXP,raw_candidate
MICH_EXP/MICH_04R_pouch_NMC_25C_0-100_1.5-1.5C,0.04931582442707701,hist_gradient_boosting,MICH_EXP,raw_candidate
MICH_EXP/MICH_05C_pouch_NMC_-5C_0-100_1.5-1.5C,0.07938257840755782,hist_gradient_boosting,MICH_EXP,raw_candidate
MICH_EXP/MICH_06H_pouch_NMC_45C_0-100_1.5-1.5C,0.020026682822326374,hist_gradient_boosting,MICH_EXP,raw_candidate
MICH_EXP/MICH_07R_pouch_NMC_25C_0-100_2-2C,0.05569569924805458,hist_gradient_boosting,MICH_EXP,raw_candidate
MICH_EXP/MICH_08C_pouch_NMC_-5C_0-100_2-2C,0.023184230397114973,hist_gradient_boosting,MICH_EXP,raw_candidate
MICH_EXP/MICH_09H_pouch_NMC_45C_0-100_2-2C,0.022864311437777812,hist_gradient_boosting,MICH_EXP,raw_candidate
MICH_EXP/MICH_10R_pouch_NMC_25C_0-100_0.2-1.5C,0.03885979645710892,hist_gradient_boosting,MICH_EXP,raw_candidate
MICH_EXP/MICH_11C_pouch_NMC_-5C_0-100_0.2-1.5C,0.017676565003004442,hist_gradient_boosting,MICH_EXP,raw_candidate
MICH_EXP/MICH_12H_pouch_NMC_45C_0-100_0.2-1.5C,0.055503543555874044,hist_gradient_boosting,MICH_EXP,raw_candidate
MICH_EXP/MICH_13R_pouch_NMC_25C_50-100_0.2-0.2C,0.14077165282155185,hist_gradient_boosting,MICH_EXP,raw_candidate
MICH_EXP/MICH_14C_pouch_NMC_-5C_50-100_0.2-0.2C,0.12224050570117513,hist_gradient_boosting,MICH_EXP,raw_candidate
MICH_EXP/MICH_15H_pouch_NMC_45C_50-100_0.2-0.2C,0.08653331140890233,hist_gradient_boosting,MICH_EXP,raw_candidate
MICH_EXP/MICH_16R_pouch_NMC_25C_50-100_0.2-1.5C,0.14159772199029835,hist_gradient_boosting,MICH_EXP,raw_candidate
MICH_EXP/MICH_17C_pouch_NMC_-5C_50-100_0.2-1.5C,0.14293319329024004,hist_gradient_boosting,MICH_EXP,raw_candidate
MICH_EXP/MICH_18H_pouch_NMC_45C_50-100_0.2-1.5C,0.1090006771865544,hist_gradient_boosting,MICH_EXP,raw_candidate
RWTH/RWTH_002,0.15028332632774433,hist_gradient_boosting,RWTH,protected_state
RWTH/RWTH_003,0.14007077302808724,hist_gradient_boosting,RWTH,protected_state
RWTH/RWTH_004,0.14589366841605284,hist_gradient_boosting,RWTH,protected_state
RWTH/RWTH_005,0.1477782854815013,hist_gradient_boosting,RWTH,protected_state
RWTH/RWTH_006,0.15007805593883192,hist_gradient_boosting,RWTH,protected_state
RWTH/RWTH_007,0.15040142509095447,hist_gradient_boosting,RWTH,protected_state
RWTH/RWTH_008,0.14376554272560677,hist_gradient_boosting,RWTH,protected_state
RWTH/RWTH_009,0.1359726872457291,hist_gradient_boosting,RWTH,protected_state
RWTH/RWTH_010,0.14299991500158998,hist_gradient_boosting,RWTH,protected_state
RWTH/RWTH_011,0.14155821114328856,hist_gradient_boosting,RWTH,protected_state
RWTH/RWTH_012,0.14558499628254742,hist_gradient_boosting,RWTH,protected_state
RWTH/RWTH_013,0.14984732179779622,hist_gradient_boosting,RWTH,protected_state
RWTH/RWTH_014,0.1405222006936562,hist_gradient_boosting,RWTH,protected_state
RWTH/RWTH_015,0.1348898390854628,hist_gradient_boosting,RWTH,protected_state
RWTH/RWTH_016,0.13806834534502951,hist_gradient_boosting,RWTH,protected_state
RWTH/RWTH_017,0.1394907097152699,hist_gradient_boosting,RWTH,protected_state
RWTH/RWTH_018,0.1368020781672836,hist_gradient_boosting,RWTH,protected_state
RWTH/RWTH_019,0.13414466692394314,hist_gradient_boosting,RWTH,protected_state
RWTH/RWTH_020,0.14036989025329377,hist_gradient_boosting,RWTH,protected_state
RWTH/RWTH_021,0.1391294819543697,hist_gradient_boosting,RWTH,protected_state
RWTH/RWTH_022,0.12811185060240052,hist_gradient_boosting,RWTH,protected_state
RWTH/RWTH_023,0.13486265203178635,hist_gradient_boosting,RWTH,protected_state
RWTH/RWTH_024,0.14015977987355507,hist_gradient_boosting,RWTH,protected_state
RWTH/RWTH_025,0.1425909028498499,hist_gradient_boosting,RWTH,protected_state
RWTH/RWTH_026,0.11285372038991721,hist_gradient_boosting,RWTH,protected_state
RWTH/RWTH_027,0.11974696236442274,hist_gradient_boosting,RWTH,protected_state
RWTH/RWTH_028,0.12883280997498237,hist_gradient_boosting,RWTH,protected_state
RWTH/RWTH_029,0.12169794862322311,hist_gradient_boosting,RWTH,protected_state
RWTH/RWTH_030,0.08709379430561032,hist_gradient_boosting,RWTH,protected_state
RWTH/RWTH_031,0.13721309148882202,hist_gradient_boosting,RWTH,protected_state
RWTH/RWTH_032,0.1372358700723654,hist_gradient_boosting,RWTH,protected_state
RWTH/RWTH_033,0.15547710541341736,hist_gradient_boosting,RWTH,protected_state
RWTH/RWTH_034,0.10906983961110184,hist_gradient_boosting,RWTH,protected_state
RWTH/RWTH_035,0.11123791034180097,hist_gradient_boosting,RWTH,protected_state
RWTH/RWTH_036,0.12853526073392235,hist_gradient_boosting,RWTH,protected_state
RWTH/RWTH_037,0.1284846062868343,hist_gradient_boosting,RWTH,protected_state
RWTH/RWTH_038,0.09947586362302371,hist_gradient_boosting,RWTH,protected_state
RWTH/RWTH_039,0.0969961444688092,hist_gradient_boosting,RWTH,protected_state
RWTH/RWTH_040,0.10101208976530736,hist_gradient_boosting,RWTH,protected_state
RWTH/RWTH_041,0.10761820996237942,hist_gradient_boosting,RWTH,protected_state
RWTH/RWTH_042,0.1024241599179863,hist_gradient_boosting,RWTH,protected_state
RWTH/RWTH_043,0.1050084583808185,hist_gradient_boosting,RWTH,protected_state
RWTH/RWTH_044,0.10680484340715726,hist_gradient_boosting,RWTH,protected_state
RWTH/RWTH_045,0.10110708892747962,hist_gradient_boosting,RWTH,protected_state
RWTH/RWTH_046,0.12120901979534758,hist_gradient_boosting,RWTH,protected_state
RWTH/RWTH_047,0.12287773988230934,hist_gradient_boosting,RWTH,protected_state
RWTH/RWTH_048,0.11727052810301822,hist_gradient_boosting,RWTH,protected_state
RWTH/RWTH_049,0.12261475814246893,hist_gradient_boosting,RWTH,protected_state
RWTH/RWTH_002,0.14982992559748387,hist_gradient_boosting,RWTH,pchp_method
RWTH/RWTH_003,0.1401632505347435,hist_gradient_boosting,RWTH,pchp_method
RWTH/RWTH_004,0.14536918802821214,hist_gradient_boosting,RWTH,pchp_method
RWTH/RWTH_005,0.1467698677177716,hist_gradient_boosting,RWTH,pchp_method
RWTH/RWTH_006,0.1484500741311762,hist_gradient_boosting,RWTH,pchp_method
RWTH/RWTH_007,0.14919183708856443,hist_gradient_boosting,RWTH,pchp_method
RWTH/RWTH_008,0.14384315099919476,hist_gradient_boosting,RWTH,pchp_method
RWTH/RWTH_009,0.13503833357983974,hist_gradient_boosting,RWTH,pchp_method
RWTH/RWTH_010,0.14282288442928429,hist_gradient_boosting,RWTH,pchp_method
RWTH/RWTH_011,0.14118914836925262,hist_gradient_boosting,RWTH,pchp_method
RWTH/RWTH_012,0.14371329462445925,hist_gradient_boosting,RWTH,pchp_method
RWTH/RWTH_013,0.1484411300324153,hist_gradient_boosting,RWTH,pchp_method
RWTH/RWTH_014,0.14154463757985586,hist_gradient_boosting,RWTH,pchp_method
RWTH/RWTH_015,0.13351835745053547,hist_gradient_boosting,RWTH,pchp_method
RWTH/RWTH_016,0.13634525109644793,hist_gradient_boosting,RWTH,pchp_method
RWTH/RWTH_017,0.1404696130375156,hist_gradient_boosting,RWTH,pchp_method
RWTH/RWTH_018,0.13726519679698057,hist_gradient_boosting,RWTH,pchp_method
RWTH/RWTH_019,0.1350815340944611,hist_gradient_boosting,RWTH,pchp_method
RWTH/RWTH_020,0.14075340342054685,hist_gradient_boosting,RWTH,pchp_method
RWTH/RWTH_021,0.14007131781145774,hist_gradient_boosting,RWTH,pchp_method
RWTH/RWTH_022,0.1290282619702515,hist_gradient_boosting,RWTH,pchp_method
RWTH/RWTH_023,0.13232929823734874,hist_gradient_boosting,RWTH,pchp_method
RWTH/RWTH_024,0.13794058721234237,hist_gradient_boosting,RWTH,pchp_method
RWTH/RWTH_025,0.14155059408511184,hist_gradient_boosting,RWTH,pchp_method
RWTH/RWTH_026,0.11324533255107659,hist_gradient_boosting,RWTH,pchp_method
RWTH/RWTH_027,0.11957741414186991,hist_gradient_boosting,RWTH,pchp_method
RWTH/RWTH_028,0.1285677929457052,hist_gradient_boosting,RWTH,pchp_method
RWTH/RWTH_029,0.12011820107842489,hist_gradient_boosting,RWTH,pchp_method
RWTH/RWTH_030,0.08210164992417417,hist_gradient_boosting,RWTH,pchp_method
RWTH/RWTH_031,0.13533322047183463,hist_gradient_boosting,RWTH,pchp_method
RWTH/RWTH_032,0.13829059404377456,hist_gradient_boosting,RWTH,pchp_method
RWTH/RWTH_033,0.15545495465437376,hist_gradient_boosting,RWTH,pchp_method
RWTH/RWTH_034,0.1066962474370336,hist_gradient_boosting,RWTH,pchp_method
RWTH/RWTH_035,0.10853347230596266,hist_gradient_boosting,RWTH,pchp_method
RWTH/RWTH_036,0.1262379065260304,hist_gradient_boosting,RWTH,pchp_method
RWTH/RWTH_037,0.12916797759527274,hist_gradient_boosting,RWTH,pchp_method
RWTH/RWTH_038,0.09696937569924449,hist_gradient_boosting,RWTH,pchp_method
RWTH/RWTH_039,0.09521126328850708,hist_gradient_boosting,RWTH,pchp_method
RWTH/RWTH_040,0.09962010687725449,hist_gradient_boosting,RWTH,pchp_method
RWTH/RWTH_041,0.10591475549465909,hist_gradient_boosting,RWTH,pchp_method
RWTH/RWTH_042,0.10111850203550689,hist_gradient_boosting,RWTH,pchp_method
RWTH/RWTH_043,0.10131845388145484,hist_gradient_boosting,RWTH,pchp_method
RWTH/RWTH_044,0.10476323940468307,hist_gradient_boosting,RWTH,pchp_method
RWTH/RWTH_045,0.09981123370741381,hist_gradient_boosting,RWTH,pchp_method
RWTH/RWTH_046,0.12108096035488736,hist_gradient_boosting,RWTH,pchp_method
RWTH/RWTH_047,0.12277120929403865,hist_gradient_boosting,RWTH,pchp_method
RWTH/RWTH_048,0.1167617931510379,hist_gradient_boosting,RWTH,pchp_method
RWTH/RWTH_049,0.12089420608284478,hist_gradient_boosting,RWTH,pchp_method
RWTH/RWTH_002,0.16832678602046766,hist_gradient_boosting,RWTH,raw_candidate
RWTH/RWTH_003,0.18695773750784114,hist_gradient_boosting,RWTH,raw_candidate
RWTH/RWTH_004,0.16665706928225404,hist_gradient_boosting,RWTH,raw_candidate
RWTH/RWTH_005,0.15712965981573596,hist_gradient_boosting,RWTH,raw_candidate
RWTH/RWTH_006,0.16802629448784392,hist_gradient_boosting,RWTH,raw_candidate
RWTH/RWTH_007,0.16878412425865802,hist_gradient_boosting,RWTH,raw_candidate
RWTH/RWTH_008,0.1874230452093546,hist_gradient_boosting,RWTH,raw_candidate
RWTH/RWTH_009,0.1619052176411644,hist_gradient_boosting,RWTH,raw_candidate
RWTH/RWTH_010,0.16256387110028017,hist_gradient_boosting,RWTH,raw_candidate
RWTH/RWTH_011,0.17024964025387426,hist_gradient_boosting,RWTH,raw_candidate
RWTH/RWTH_012,0.14426456611655725,hist_gradient_boosting,RWTH,raw_candidate
RWTH/RWTH_013,0.15433055085060973,hist_gradient_boosting,RWTH,raw_candidate
RWTH/RWTH_014,0.1868709556012985,hist_gradient_boosting,RWTH,raw_candidate
RWTH/RWTH_015,0.1397929871897042,hist_gradient_boosting,RWTH,raw_candidate
RWTH/RWTH_016,0.13802108257542603,hist_gradient_boosting,RWTH,raw_candidate
RWTH/RWTH_017,0.16843572014118677,hist_gradient_boosting,RWTH,raw_candidate
RWTH/RWTH_018,0.16653518718835178,hist_gradient_boosting,RWTH,raw_candidate
RWTH/RWTH_019,0.16706083960899087,hist_gradient_boosting,RWTH,raw_candidate
RWTH/RWTH_020,0.1746565444850945,hist_gradient_boosting,RWTH,raw_candidate
RWTH/RWTH_021,0.1714024457985899,hist_gradient_boosting,RWTH,raw_candidate
RWTH/RWTH_022,0.15792332224824226,hist_gradient_boosting,RWTH,raw_candidate
RWTH/RWTH_023,0.13307172256546748,hist_gradient_boosting,RWTH,raw_candidate
RWTH/RWTH_024,0.1410242405824326,hist_gradient_boosting,RWTH,raw_candidate
RWTH/RWTH_025,0.1544327578891534,hist_gradient_boosting,RWTH,raw_candidate
RWTH/RWTH_026,0.14635934750386598,hist_gradient_boosting,RWTH,raw_candidate
RWTH/RWTH_027,0.15164190168532496,hist_gradient_boosting,RWTH,raw_candidate
RWTH/RWTH_028,0.155682389787176,hist_gradient_boosting,RWTH,raw_candidate
RWTH/RWTH_029,0.1315195209124994,hist_gradient_boosting,RWTH,raw_candidate
RWTH/RWTH_030,0.07060299181377518,hist_gradient_boosting,RWTH,raw_candidate
RWTH/RWTH_031,0.14430416292391957,hist_gradient_boosting,RWTH,raw_candidate
RWTH/RWTH_032,0.1682081972883932,hist_gradient_boosting,RWTH,raw_candidate
RWTH/RWTH_033,0.17615994789222578,hist_gradient_boosting,RWTH,raw_candidate
RWTH/RWTH_034,0.11209096346965934,hist_gradient_boosting,RWTH,raw_candidate
RWTH/RWTH_035,0.1084485860281714,hist_gradient_boosting,RWTH,raw_candidate
RWTH/RWTH_036,0.125955296830883,hist_gradient_boosting,RWTH,raw_candidate
RWTH/RWTH_037,0.1507125480823445,hist_gradient_boosting,RWTH,raw_candidate
RWTH/RWTH_038,0.10401470458385258,hist_gradient_boosting,RWTH,raw_candidate
RWTH/RWTH_039,0.11489088286455625,hist_gradient_boosting,RWTH,raw_candidate
RWTH/RWTH_040,0.12320207490949331,hist_gradient_boosting,RWTH,raw_candidate
RWTH/RWTH_041,0.11651906807973166,hist_gradient_boosting,RWTH,raw_candidate
RWTH/RWTH_042,0.12077067852044271,hist_gradient_boosting,RWTH,raw_candidate
RWTH/RWTH_043,0.09160416090267684,hist_gradient_boosting,RWTH,raw_candidate
RWTH/RWTH_044,0.11367453988769985,hist_gradient_boosting,RWTH,raw_candidate
RWTH/RWTH_045,0.11764405246628812,hist_gradient_boosting,RWTH,raw_candidate
RWTH/RWTH_046,0.1508789292485542,hist_gradient_boosting,RWTH,raw_candidate
RWTH/RWTH_047,0.14763480143632818,hist_gradient_boosting,RWTH,raw_candidate
RWTH/RWTH_048,0.14011859594139,hist_gradient_boosting,RWTH,raw_candidate
RWTH/RWTH_049,0.12860937125316554,hist_gradient_boosting,RWTH,raw_candidate
SDU/SDU_Battery_1,0.061454150567388344,hist_gradient_boosting,SDU,protected_state
SDU/SDU_Battery_10,0.03191262012405301,hist_gradient_boosting,SDU,protected_state
SDU/SDU_Battery_11,0.038615026898098995,hist_gradient_boosting,SDU,protected_state
SDU/SDU_Battery_12,0.03240734147800674,hist_gradient_boosting,SDU,protected_state
SDU/SDU_Battery_13,0.029784268987579982,hist_gradient_boosting,SDU,protected_state
SDU/SDU_Battery_14,0.024473140787493977,hist_gradient_boosting,SDU,protected_state
SDU/SDU_Battery_15,0.03701522093121658,hist_gradient_boosting,SDU,protected_state
SDU/SDU_Battery_16,0.035766094155641234,hist_gradient_boosting,SDU,protected_state
SDU/SDU_Battery_17,0.04427460266860845,hist_gradient_boosting,SDU,protected_state
SDU/SDU_Battery_18,0.044128045739033166,hist_gradient_boosting,SDU,protected_state
SDU/SDU_Battery_19,0.03946670002553814,hist_gradient_boosting,SDU,protected_state
SDU/SDU_Battery_2,0.06413575998304688,hist_gradient_boosting,SDU,protected_state
SDU/SDU_Battery_20,0.039054289123933494,hist_gradient_boosting,SDU,protected_state
SDU/SDU_Battery_21,0.027771629415048595,hist_gradient_boosting,SDU,protected_state
SDU/SDU_Battery_22,0.0429719017846765,hist_gradient_boosting,SDU,protected_state
SDU/SDU_Battery_23,0.05351989816187245,hist_gradient_boosting,SDU,protected_state
SDU/SDU_Battery_24,0.031219774508326734,hist_gradient_boosting,SDU,protected_state
SDU/SDU_Battery_25,0.03095300354410736,hist_gradient_boosting,SDU,protected_state
SDU/SDU_Battery_26,0.07568723832526533,hist_gradient_boosting,SDU,protected_state
SDU/SDU_Battery_27,0.04722643422873718,hist_gradient_boosting,SDU,protected_state
SDU/SDU_Battery_28,0.03974652519490587,hist_gradient_boosting,SDU,protected_state
SDU/SDU_Battery_29,0.04843211245720254,hist_gradient_boosting,SDU,protected_state
SDU/SDU_Battery_3,0.029607009582735554,hist_gradient_boosting,SDU,protected_state
SDU/SDU_Battery_30,0.029849784449028954,hist_gradient_boosting,SDU,protected_state
SDU/SDU_Battery_31,0.09590582990662785,hist_gradient_boosting,SDU,protected_state
SDU/SDU_Battery_32,0.104261411313966,hist_gradient_boosting,SDU,protected_state
SDU/SDU_Battery_33,0.09342958795428989,hist_gradient_boosting,SDU,protected_state
SDU/SDU_Battery_34,0.09924318344283935,hist_gradient_boosting,SDU,protected_state
SDU/SDU_Battery_35,0.1108173561536749,hist_gradient_boosting,SDU,protected_state
SDU/SDU_Battery_36,0.1071197045553119,hist_gradient_boosting,SDU,protected_state
SDU/SDU_Battery_37,0.10873496315638996,hist_gradient_boosting,SDU,protected_state
SDU/SDU_Battery_38,0.10391366947954214,hist_gradient_boosting,SDU,protected_state
SDU/SDU_Battery_39,0.12219475722162093,hist_gradient_boosting,SDU,protected_state
SDU/SDU_Battery_4,0.05888531819350025,hist_gradient_boosting,SDU,protected_state
SDU/SDU_Battery_40,0.11312434110579433,hist_gradient_boosting,SDU,protected_state
SDU/SDU_Battery_41,0.1103506125539264,hist_gradient_boosting,SDU,protected_state
SDU/SDU_Battery_42,0.1119290753229466,hist_gradient_boosting,SDU,protected_state
SDU/SDU_Battery_43,0.11493731970644153,hist_gradient_boosting,SDU,protected_state
SDU/SDU_Battery_44,0.12077391788501837,hist_gradient_boosting,SDU,protected_state
SDU/SDU_Battery_45,0.06438929462494641,hist_gradient_boosting,SDU,protected_state
SDU/SDU_Battery_46,0.05541576304672819,hist_gradient_boosting,SDU,protected_state
SDU/SDU_Battery_47,0.06377389475202867,hist_gradient_boosting,SDU,protected_state
SDU/SDU_Battery_48,0.050747700684157036,hist_gradient_boosting,SDU,protected_state
SDU/SDU_Battery_49,0.0694443981280453,hist_gradient_boosting,SDU,protected_state
SDU/SDU_Battery_5,0.053678437712606844,hist_gradient_boosting,SDU,protected_state
SDU/SDU_Battery_50,0.06915367404015635,hist_gradient_boosting,SDU,protected_state
SDU/SDU_Battery_51,0.07004055868872935,hist_gradient_boosting,SDU,protected_state
SDU/SDU_Battery_52,0.0633000437516313,hist_gradient_boosting,SDU,protected_state
SDU/SDU_Battery_53,0.10110978222316501,hist_gradient_boosting,SDU,protected_state
SDU/SDU_Battery_54,0.08213557710020196,hist_gradient_boosting,SDU,protected_state
SDU/SDU_Battery_55,0.08847464194798757,hist_gradient_boosting,SDU,protected_state
SDU/SDU_Battery_56,0.08388013902090054,hist_gradient_boosting,SDU,protected_state
SDU/SDU_Battery_57,0.09035891468749806,hist_gradient_boosting,SDU,protected_state
SDU/SDU_Battery_58,0.10941275300816528,hist_gradient_boosting,SDU,protected_state
SDU/SDU_Battery_59,0.10012129066847103,hist_gradient_boosting,SDU,protected_state
SDU/SDU_Battery_6,0.06675785036479355,hist_gradient_boosting,SDU,protected_state
SDU/SDU_Battery_60,0.0982285297356849,hist_gradient_boosting,SDU,protected_state
SDU/SDU_Battery_61,0.02914493939144275,hist_gradient_boosting,SDU,protected_state
SDU/SDU_Battery_62,0.034202472259434326,hist_gradient_boosting,SDU,protected_state
SDU/SDU_Battery_63,0.009779218541537385,hist_gradient_boosting,SDU,protected_state
SDU/SDU_Battery_64,0.03246166736165935,hist_gradient_boosting,SDU,protected_state
SDU/SDU_Battery_65,0.033186252577678405,hist_gradient_boosting,SDU,protected_state
SDU/SDU_Battery_66,0.02568473512185287,hist_gradient_boosting,SDU,protected_state
SDU/SDU_Battery_67,0.06696970861789561,hist_gradient_boosting,SDU,protected_state
SDU/SDU_Battery_68,0.06450866728894711,hist_gradient_boosting,SDU,protected_state
SDU/SDU_Battery_69,0.12062405472325326,hist_gradient_boosting,SDU,protected_state
SDU/SDU_Battery_7,0.0707815763967214,hist_gradient_boosting,SDU,protected_state
SDU/SDU_Battery_70,0.09656226885273175,hist_gradient_boosting,SDU,protected_state
SDU/SDU_Battery_71,0.1189536647315199,hist_gradient_boosting,SDU,protected_state
SDU/SDU_Battery_72,0.12182811460623516,hist_gradient_boosting,SDU,protected_state
SDU/SDU_Battery_73,0.10239782855190066,hist_gradient_boosting,SDU,protected_state
SDU/SDU_Battery_74,0.10856968766331239,hist_gradient_boosting,SDU,protected_state
SDU/SDU_Battery_75,0.084431653840364,hist_gradient_boosting,SDU,protected_state
SDU/SDU_Battery_76,0.08678328781655625,hist_gradient_boosting,SDU,protected_state
SDU/SDU_Battery_77,0.08422143644076999,hist_gradient_boosting,SDU,protected_state
SDU/SDU_Battery_78,0.07878732518347986,hist_gradient_boosting,SDU,protected_state
SDU/SDU_Battery_79,0.08517237333717931,hist_gradient_boosting,SDU,protected_state
SDU/SDU_Battery_8,0.01765515090737971,hist_gradient_boosting,SDU,protected_state
SDU/SDU_Battery_80,0.08402034486951503,hist_gradient_boosting,SDU,protected_state
SDU/SDU_Battery_81,0.09024990595636465,hist_gradient_boosting,SDU,protected_state
SDU/SDU_Battery_82,0.08965032283029069,hist_gradient_boosting,SDU,protected_state
SDU/SDU_Battery_83,0.07733019858843657,hist_gradient_boosting,SDU,protected_state
SDU/SDU_Battery_84,0.07551509928274547,hist_gradient_boosting,SDU,protected_state
SDU/SDU_Battery_85,0.08585720909714456,hist_gradient_boosting,SDU,protected_state
SDU/SDU_Battery_86,0.07276896278530146,hist_gradient_boosting,SDU,protected_state
SDU/SDU_Battery_9,0.02782257959029994,hist_gradient_boosting,SDU,protected_state
SDU/SDU_Battery_1,0.06347690262741251,hist_gradient_boosting,SDU,pchp_method
SDU/SDU_Battery_10,0.037246554231675964,hist_gradient_boosting,SDU,pchp_method
SDU/SDU_Battery_11,0.04749364113785841,hist_gradient_boosting,SDU,pchp_method
SDU/SDU_Battery_12,0.03958617577144313,hist_gradient_boosting,SDU,pchp_method
SDU/SDU_Battery_13,0.036265245349695045,hist_gradient_boosting,SDU,pchp_method
SDU/SDU_Battery_14,0.03189236235559315,hist_gradient_boosting,SDU,pchp_method
SDU/SDU_Battery_15,0.0448934901653171,hist_gradient_boosting,SDU,pchp_method
SDU/SDU_Battery_16,0.04332737995498265,hist_gradient_boosting,SDU,pchp_method
SDU/SDU_Battery_17,0.044327755131397785,hist_gradient_boosting,SDU,pchp_method
SDU/SDU_Battery_18,0.04471903004701019,hist_gradient_boosting,SDU,pchp_method
SDU/SDU_Battery_19,0.03828792676500909,hist_gradient_boosting,SDU,pchp_method
SDU/SDU_Battery_2,0.06648345719017902,hist_gradient_boosting,SDU,pchp_method
SDU/SDU_Battery_20,0.039655885779829064,hist_gradient_boosting,SDU,pchp_method
SDU/SDU_Battery_21,0.024834234842500507,hist_gradient_boosting,SDU,pchp_method
SDU/SDU_Battery_22,0.04164073104545642,hist_gradient_boosting,SDU,pchp_method
SDU/SDU_Battery_23,0.05896656802343573,hist_gradient_boosting,SDU,pchp_method
SDU/SDU_Battery_24,0.0392127456593305,hist_gradient_boosting,SDU,pchp_method
SDU/SDU_Battery_25,0.03860130136047682,hist_gradient_boosting,SDU,pchp_method
SDU/SDU_Battery_26,0.07948546287416013,hist_gradient_boosting,SDU,pchp_method
SDU/SDU_Battery_27,0.05380137599935285,hist_gradient_boosting,SDU,pchp_method
SDU/SDU_Battery_28,0.04586135945264451,hist_gradient_boosting,SDU,pchp_method
SDU/SDU_Battery_29,0.050370520594176016,hist_gradient_boosting,SDU,pchp_method
SDU/SDU_Battery_3,0.03565452233585904,hist_gradient_boosting,SDU,pchp_method
SDU/SDU_Battery_30,0.03692471671636912,hist_gradient_boosting,SDU,pchp_method
SDU/SDU_Battery_31,0.08701805391247773,hist_gradient_boosting,SDU,pchp_method
SDU/SDU_Battery_32,0.09552360679355354,hist_gradient_boosting,SDU,pchp_method
SDU/SDU_Battery_33,0.08446439157160394,hist_gradient_boosting,SDU,pchp_method
SDU/SDU_Battery_34,0.09059596797630566,hist_gradient_boosting,SDU,pchp_method
SDU/SDU_Battery_35,0.10219848467106363,hist_gradient_boosting,SDU,pchp_method
SDU/SDU_Battery_36,0.09853860429922241,hist_gradient_boosting,SDU,pchp_method
SDU/SDU_Battery_37,0.09994912197914053,hist_gradient_boosting,SDU,pchp_method
SDU/SDU_Battery_38,0.09530924391365951,hist_gradient_boosting,SDU,pchp_method
SDU/SDU_Battery_39,0.11466758382828063,hist_gradient_boosting,SDU,pchp_method
SDU/SDU_Battery_4,0.06212610769074983,hist_gradient_boosting,SDU,pchp_method
SDU/SDU_Battery_40,0.10563133649173273,hist_gradient_boosting,SDU,pchp_method
SDU/SDU_Battery_41,0.10246850307019406,hist_gradient_boosting,SDU,pchp_method
SDU/SDU_Battery_42,0.10417672394658067,hist_gradient_boosting,SDU,pchp_method
SDU/SDU_Battery_43,0.10725956522353129,hist_gradient_boosting,SDU,pchp_method
SDU/SDU_Battery_44,0.11243890175955584,hist_gradient_boosting,SDU,pchp_method
SDU/SDU_Battery_45,0.06734467779692511,hist_gradient_boosting,SDU,pchp_method
SDU/SDU_Battery_46,0.05771771605196132,hist_gradient_boosting,SDU,pchp_method
SDU/SDU_Battery_47,0.06745052939978873,hist_gradient_boosting,SDU,pchp_method
SDU/SDU_Battery_48,0.0556623447823117,hist_gradient_boosting,SDU,pchp_method
SDU/SDU_Battery_49,0.06862197823534903,hist_gradient_boosting,SDU,pchp_method
SDU/SDU_Battery_5,0.054662197898450164,hist_gradient_boosting,SDU,pchp_method
SDU/SDU_Battery_50,0.0700562530968037,hist_gradient_boosting,SDU,pchp_method
SDU/SDU_Battery_51,0.07061608908797914,hist_gradient_boosting,SDU,pchp_method
SDU/SDU_Battery_52,0.06466853473820879,hist_gradient_boosting,SDU,pchp_method
SDU/SDU_Battery_53,0.0920021393687453,hist_gradient_boosting,SDU,pchp_method
SDU/SDU_Battery_54,0.07335520978482475,hist_gradient_boosting,SDU,pchp_method
SDU/SDU_Battery_55,0.08030127529404851,hist_gradient_boosting,SDU,pchp_method
SDU/SDU_Battery_56,0.07611825882161044,hist_gradient_boosting,SDU,pchp_method
SDU/SDU_Battery_57,0.08176399867354814,hist_gradient_boosting,SDU,pchp_method
SDU/SDU_Battery_58,0.1005811314240648,hist_gradient_boosting,SDU,pchp_method
SDU/SDU_Battery_59,0.0911950204533123,hist_gradient_boosting,SDU,pchp_method
SDU/SDU_Battery_6,0.06564595441787882,hist_gradient_boosting,SDU,pchp_method
SDU/SDU_Battery_60,0.08914152105626369,hist_gradient_boosting,SDU,pchp_method
SDU/SDU_Battery_61,0.03767939238290611,hist_gradient_boosting,SDU,pchp_method
SDU/SDU_Battery_62,0.04399645766699333,hist_gradient_boosting,SDU,pchp_method
SDU/SDU_Battery_63,0.014083391851376003,hist_gradient_boosting,SDU,pchp_method
SDU/SDU_Battery_64,0.04098203654724634,hist_gradient_boosting,SDU,pchp_method
SDU/SDU_Battery_65,0.026359920353152034,hist_gradient_boosting,SDU,pchp_method
SDU/SDU_Battery_66,0.01834391314015636,hist_gradient_boosting,SDU,pchp_method
SDU/SDU_Battery_67,0.0588410785222604,hist_gradient_boosting,SDU,pchp_method
SDU/SDU_Battery_68,0.056065288095960446,hist_gradient_boosting,SDU,pchp_method
SDU/SDU_Battery_69,0.1118141616834318,hist_gradient_boosting,SDU,pchp_method
SDU/SDU_Battery_7,0.06888974521093898,hist_gradient_boosting,SDU,pchp_method
SDU/SDU_Battery_70,0.08883207421455833,hist_gradient_boosting,SDU,pchp_method
SDU/SDU_Battery_71,0.11053810196492149,hist_gradient_boosting,SDU,pchp_method
SDU/SDU_Battery_72,0.11350264514622281,hist_gradient_boosting,SDU,pchp_method
SDU/SDU_Battery_73,0.09474676786903166,hist_gradient_boosting,SDU,pchp_method
SDU/SDU_Battery_74,0.1013178326680069,hist_gradient_boosting,SDU,pchp_method
SDU/SDU_Battery_75,0.08004906757818667,hist_gradient_boosting,SDU,pchp_method
SDU/SDU_Battery_76,0.08016225636794778,hist_gradient_boosting,SDU,pchp_method
SDU/SDU_Battery_77,0.07710039569795443,hist_gradient_boosting,SDU,pchp_method
SDU/SDU_Battery_78,0.07345377026014661,hist_gradient_boosting,SDU,pchp_method
SDU/SDU_Battery_79,0.0794306967681785,hist_gradient_boosting,SDU,pchp_method
SDU/SDU_Battery_8,0.01978565221423028,hist_gradient_boosting,SDU,pchp_method
SDU/SDU_Battery_80,0.07712703540237412,hist_gradient_boosting,SDU,pchp_method
SDU/SDU_Battery_81,0.08329242200581086,hist_gradient_boosting,SDU,pchp_method
SDU/SDU_Battery_82,0.08095269666928914,hist_gradient_boosting,SDU,pchp_method
SDU/SDU_Battery_83,0.07302668024203632,hist_gradient_boosting,SDU,pchp_method
SDU/SDU_Battery_84,0.0731882217965074,hist_gradient_boosting,SDU,pchp_method
SDU/SDU_Battery_85,0.08149582121274092,hist_gradient_boosting,SDU,pchp_method
SDU/SDU_Battery_86,0.07235750133093655,hist_gradient_boosting,SDU,pchp_method
SDU/SDU_Battery_9,0.03280518164515355,hist_gradient_boosting,SDU,pchp_method
SDU/SDU_Battery_1,0.056194196323639575,hist_gradient_boosting,SDU,raw_candidate
SDU/SDU_Battery_10,0.03938465015492233,hist_gradient_boosting,SDU,raw_candidate
SDU/SDU_Battery_11,0.05972419983357904,hist_gradient_boosting,SDU,raw_candidate
SDU/SDU_Battery_12,0.053742814739837746,hist_gradient_boosting,SDU,raw_candidate
SDU/SDU_Battery_13,0.046324687828161626,hist_gradient_boosting,SDU,raw_candidate
SDU/SDU_Battery_14,0.044596237609594,hist_gradient_boosting,SDU,raw_candidate
SDU/SDU_Battery_15,0.056424757967268736,hist_gradient_boosting,SDU,raw_candidate
SDU/SDU_Battery_16,0.052659053262743886,hist_gradient_boosting,SDU,raw_candidate
SDU/SDU_Battery_17,0.035246768483525245,hist_gradient_boosting,SDU,raw_candidate
SDU/SDU_Battery_18,0.04178322386455909,hist_gradient_boosting,SDU,raw_candidate
SDU/SDU_Battery_19,0.03171362528416239,hist_gradient_boosting,SDU,raw_candidate
SDU/SDU_Battery_2,0.058348813900402384,hist_gradient_boosting,SDU,raw_candidate
SDU/SDU_Battery_20,0.03636943272250964,hist_gradient_boosting,SDU,raw_candidate
SDU/SDU_Battery_21,0.019239764210259264,hist_gradient_boosting,SDU,raw_candidate
SDU/SDU_Battery_22,0.035413893498177584,hist_gradient_boosting,SDU,raw_candidate
SDU/SDU_Battery_23,0.062974268134196,hist_gradient_boosting,SDU,raw_candidate
SDU/SDU_Battery_24,0.055501789262078584,hist_gradient_boosting,SDU,raw_candidate
SDU/SDU_Battery_25,0.05432421746731932,hist_gradient_boosting,SDU,raw_candidate
SDU/SDU_Battery_26,0.08179044369745138,hist_gradient_boosting,SDU,raw_candidate
SDU/SDU_Battery_27,0.060199506405231355,hist_gradient_boosting,SDU,raw_candidate
SDU/SDU_Battery_28,0.057010355662833745,hist_gradient_boosting,SDU,raw_candidate
SDU/SDU_Battery_29,0.053009616042172095,hist_gradient_boosting,SDU,raw_candidate
SDU/SDU_Battery_3,0.036984043343687205,hist_gradient_boosting,SDU,raw_candidate
SDU/SDU_Battery_30,0.04287977026958164,hist_gradient_boosting,SDU,raw_candidate
SDU/SDU_Battery_31,0.017239951468602986,hist_gradient_boosting,SDU,raw_candidate
SDU/SDU_Battery_32,0.02036440363241293,hist_gradient_boosting,SDU,raw_candidate
SDU/SDU_Battery_33,0.014963774289940762,hist_gradient_boosting,SDU,raw_candidate
SDU/SDU_Battery_34,0.021175257036961572,hist_gradient_boosting,SDU,raw_candidate
SDU/SDU_Battery_35,0.022346415961619542,hist_gradient_boosting,SDU,raw_candidate
SDU/SDU_Battery_36,0.020608937000668046,hist_gradient_boosting,SDU,raw_candidate
SDU/SDU_Battery_37,0.023704699042967823,hist_gradient_boosting,SDU,raw_candidate
SDU/SDU_Battery_38,0.022996863264705274,hist_gradient_boosting,SDU,raw_candidate
SDU/SDU_Battery_39,0.01391628799963948,hist_gradient_boosting,SDU,raw_candidate
SDU/SDU_Battery_4,0.05525366451947137,hist_gradient_boosting,SDU,raw_candidate
SDU/SDU_Battery_40,0.014946152877986545,hist_gradient_boosting,SDU,raw_candidate
SDU/SDU_Battery_41,0.013058951282956607,hist_gradient_boosting,SDU,raw_candidate
SDU/SDU_Battery_42,0.013808612394195067,hist_gradient_boosting,SDU,raw_candidate
SDU/SDU_Battery_43,0.01449357437137665,hist_gradient_boosting,SDU,raw_candidate
SDU/SDU_Battery_44,0.013136921940479376,hist_gradient_boosting,SDU,raw_candidate
SDU/SDU_Battery_45,0.06035212899509582,hist_gradient_boosting,SDU,raw_candidate
SDU/SDU_Battery_46,0.052321650823208374,hist_gradient_boosting,SDU,raw_candidate
SDU/SDU_Battery_47,0.06231745576476187,hist_gradient_boosting,SDU,raw_candidate
SDU/SDU_Battery_48,0.05073731563115102,hist_gradient_boosting,SDU,raw_candidate
SDU/SDU_Battery_49,0.06170060486714536,hist_gradient_boosting,SDU,raw_candidate
SDU/SDU_Battery_5,0.04700300015494788,hist_gradient_boosting,SDU,raw_candidate
SDU/SDU_Battery_50,0.06257389021974713,hist_gradient_boosting,SDU,raw_candidate
SDU/SDU_Battery_51,0.06189574810812246,hist_gradient_boosting,SDU,raw_candidate
SDU/SDU_Battery_52,0.05847031998790637,hist_gradient_boosting,SDU,raw_candidate
SDU/SDU_Battery_53,0.019893734890451854,hist_gradient_boosting,SDU,raw_candidate
SDU/SDU_Battery_54,0.012968673136266689,hist_gradient_boosting,SDU,raw_candidate
SDU/SDU_Battery_55,0.015685232123700276,hist_gradient_boosting,SDU,raw_candidate
SDU/SDU_Battery_56,0.019266188545832664,hist_gradient_boosting,SDU,raw_candidate
SDU/SDU_Battery_57,0.018939674577785674,hist_gradient_boosting,SDU,raw_candidate
SDU/SDU_Battery_58,0.020512136428566127,hist_gradient_boosting,SDU,raw_candidate
SDU/SDU_Battery_59,0.01821641373155274,hist_gradient_boosting,SDU,raw_candidate
SDU/SDU_Battery_6,0.05503814957703659,hist_gradient_boosting,SDU,raw_candidate
SDU/SDU_Battery_60,0.0156974771930572,hist_gradient_boosting,SDU,raw_candidate
SDU/SDU_Battery_61,0.07925921757798554,hist_gradient_boosting,SDU,raw_candidate
SDU/SDU_Battery_62,0.07393339099538704,hist_gradient_boosting,SDU,raw_candidate
SDU/SDU_Battery_63,0.06414880229235236,hist_gradient_boosting,SDU,raw_candidate
SDU/SDU_Battery_64,0.07481701344987182,hist_gradient_boosting,SDU,raw_candidate
SDU/SDU_Battery_65,0.02178280756630665,hist_gradient_boosting,SDU,raw_candidate
SDU/SDU_Battery_66,0.030482308410791876,hist_gradient_boosting,SDU,raw_candidate
SDU/SDU_Battery_67,0.01633555396959905,hist_gradient_boosting,SDU,raw_candidate
SDU/SDU_Battery_68,0.016924362314764876,hist_gradient_boosting,SDU,raw_candidate
SDU/SDU_Battery_69,0.031705052200107525,hist_gradient_boosting,SDU,raw_candidate
SDU/SDU_Battery_7,0.05646342356120618,hist_gradient_boosting,SDU,raw_candidate
SDU/SDU_Battery_70,0.017949875772284844,hist_gradient_boosting,SDU,raw_candidate
SDU/SDU_Battery_71,0.029190716976550856,hist_gradient_boosting,SDU,raw_candidate
SDU/SDU_Battery_72,0.031878260506378396,hist_gradient_boosting,SDU,raw_candidate
SDU/SDU_Battery_73,0.06658500287023081,hist_gradient_boosting,SDU,raw_candidate
SDU/SDU_Battery_74,0.06647727159784353,hist_gradient_boosting,SDU,raw_candidate
SDU/SDU_Battery_75,0.07281945154950434,hist_gradient_boosting,SDU,raw_candidate
SDU/SDU_Battery_76,0.06337056443890272,hist_gradient_boosting,SDU,raw_candidate
SDU/SDU_Battery_77,0.06621884382184683,hist_gradient_boosting,SDU,raw_candidate
SDU/SDU_Battery_78,0.0658200449505758,hist_gradient_boosting,SDU,raw_candidate
SDU/SDU_Battery_79,0.06805292704675688,hist_gradient_boosting,SDU,raw_candidate
SDU/SDU_Battery_8,0.024145898226304665,hist_gradient_boosting,SDU,raw_candidate
SDU/SDU_Battery_80,0.06545976762518989,hist_gradient_boosting,SDU,raw_candidate
SDU/SDU_Battery_81,0.06628885944869996,hist_gradient_boosting,SDU,raw_candidate
SDU/SDU_Battery_82,0.05923302831430933,hist_gradient_boosting,SDU,raw_candidate
SDU/SDU_Battery_83,0.052536870879242775,hist_gradient_boosting,SDU,raw_candidate
SDU/SDU_Battery_84,0.05836167555750057,hist_gradient_boosting,SDU,raw_candidate
SDU/SDU_Battery_85,0.06318928467950939,hist_gradient_boosting,SDU,raw_candidate
SDU/SDU_Battery_86,0.06026072286372709,hist_gradient_boosting,SDU,raw_candidate
SDU/SDU_Battery_9,0.0343461568715011,hist_gradient_boosting,SDU,raw_candidate
SNL/SNL_18650_LFP_15C_0-100_0.5-2C_b,0.10785213655490837,hist_gradient_boosting,SNL,protected_state
SNL/SNL_18650_LFP_25C_0-100_0.5-0.5C_a,0.07587690156786775,hist_gradient_boosting,SNL,protected_state
SNL/SNL_18650_LFP_25C_0-100_0.5-1C_a,0.10057778512435275,hist_gradient_boosting,SNL,protected_state
SNL/SNL_18650_LFP_25C_0-100_0.5-1C_b,0.09936715161785713,hist_gradient_boosting,SNL,protected_state
SNL/SNL_18650_LFP_25C_0-100_0.5-1C_c,0.09211660584715065,hist_gradient_boosting,SNL,protected_state
SNL/SNL_18650_LFP_25C_0-100_0.5-1C_d,0.09553175386768523,hist_gradient_boosting,SNL,protected_state
SNL/SNL_18650_LFP_25C_0-100_0.5-2C_a,0.0942706790374985,hist_gradient_boosting,SNL,protected_state
SNL/SNL_18650_LFP_25C_0-100_0.5-2C_b,0.11208185313376362,hist_gradient_boosting,SNL,protected_state
SNL/SNL_18650_LFP_25C_0-100_0.5-3C_a,0.06384403268013676,hist_gradient_boosting,SNL,protected_state
SNL/SNL_18650_LFP_25C_0-100_0.5-3C_b,0.055387000867498044,hist_gradient_boosting,SNL,protected_state
SNL/SNL_18650_LFP_25C_0-100_0.5-3C_c,0.03231500991550945,hist_gradient_boosting,SNL,protected_state
SNL/SNL_18650_LFP_25C_0-100_0.5-3C_d,0.05458844886937141,hist_gradient_boosting,SNL,protected_state
SNL/SNL_18650_LFP_35C_0-100_0.5-1C_a,0.04591248604171082,hist_gradient_boosting,SNL,protected_state
SNL/SNL_18650_LFP_35C_0-100_0.5-1C_b,0.04595946136121426,hist_gradient_boosting,SNL,protected_state
SNL/SNL_18650_LFP_35C_0-100_0.5-1C_c,0.047281606702277795,hist_gradient_boosting,SNL,protected_state
SNL/SNL_18650_LFP_35C_0-100_0.5-1C_d,0.05559842754036419,hist_gradient_boosting,SNL,protected_state
SNL/SNL_18650_LFP_35C_0-100_0.5-2C_a,0.06020588779337888,hist_gradient_boosting,SNL,protected_state
SNL/SNL_18650_LFP_35C_0-100_0.5-2C_b,0.04390426469913771,hist_gradient_boosting,SNL,protected_state
SNL/SNL_18650_NCA_15C_0-100_0.5-1C_a,0.09948493201985512,hist_gradient_boosting,SNL,protected_state
SNL/SNL_18650_NCA_15C_0-100_0.5-1C_b,0.0500153203246835,hist_gradient_boosting,SNL,protected_state
SNL/SNL_18650_NCA_15C_0-100_0.5-2C_a,0.1245445699964575,hist_gradient_boosting,SNL,protected_state
SNL/SNL_18650_NCA_15C_0-100_0.5-2C_b,0.12314293772386652,hist_gradient_boosting,SNL,protected_state
SNL/SNL_18650_NCA_25C_0-100_0.5-0.5C_a,0.10555805939308517,hist_gradient_boosting,SNL,protected_state
SNL/SNL_18650_NCA_25C_0-100_0.5-0.5C_b,0.20152301335062614,hist_gradient_boosting,SNL,protected_state
SNL/SNL_18650_NCA_25C_0-100_0.5-1C_a,0.06551444402132192,hist_gradient_boosting,SNL,protected_state
SNL/SNL_18650_NCA_25C_0-100_0.5-1C_b,0.09230679741891411,hist_gradient_boosting,SNL,protected_state
SNL/SNL_18650_NCA_25C_0-100_0.5-1C_c,0.10004633564812047,hist_gradient_boosting,SNL,protected_state
SNL/SNL_18650_NCA_25C_0-100_0.5-1C_d,0.08770035832424737,hist_gradient_boosting,SNL,protected_state
SNL/SNL_18650_NCA_25C_0-100_0.5-2C_a,0.10934513118556449,hist_gradient_boosting,SNL,protected_state
SNL/SNL_18650_NCA_25C_0-100_0.5-2C_b,0.08390914022009781,hist_gradient_boosting,SNL,protected_state
SNL/SNL_18650_NCA_25C_20-80_0.5-0.5C_a,0.0723394479056931,hist_gradient_boosting,SNL,protected_state
SNL/SNL_18650_NCA_25C_20-80_0.5-0.5C_b,0.039981097236708625,hist_gradient_boosting,SNL,protected_state
SNL/SNL_18650_NCA_25C_20-80_0.5-0.5C_c,0.05703138874485929,hist_gradient_boosting,SNL,protected_state
SNL/SNL_18650_NCA_25C_20-80_0.5-0.5C_d,0.06174577682453906,hist_gradient_boosting,SNL,protected_state
SNL/SNL_18650_NCA_35C_0-100_0.5-1C_a,0.07628946539672778,hist_gradient_boosting,SNL,protected_state
SNL/SNL_18650_NCA_35C_0-100_0.5-1C_b,0.09130970106943138,hist_gradient_boosting,SNL,protected_state
SNL/SNL_18650_NCA_35C_0-100_0.5-1C_c,0.08071867540878536,hist_gradient_boosting,SNL,protected_state
SNL/SNL_18650_NCA_35C_0-100_0.5-1C_d,0.09392533471448826,hist_gradient_boosting,SNL,protected_state
SNL/SNL_18650_NCA_35C_0-100_0.5-2C_a,0.14087467181818594,hist_gradient_boosting,SNL,protected_state
SNL/SNL_18650_NCA_35C_0-100_0.5-2C_b,0.13026131880648578,hist_gradient_boosting,SNL,protected_state
SNL/SNL_18650_NMC_15C_0-100_0.5-1C_a,0.18351911247961417,hist_gradient_boosting,SNL,protected_state
SNL/SNL_18650_NMC_15C_0-100_0.5-1C_b,0.14269735270750109,hist_gradient_boosting,SNL,protected_state
SNL/SNL_18650_NMC_15C_0-100_0.5-2C_a,0.1668273014650964,hist_gradient_boosting,SNL,protected_state
SNL/SNL_18650_NMC_15C_0-100_0.5-2C_b,0.15744475324255408,hist_gradient_boosting,SNL,protected_state
SNL/SNL_18650_NMC_25C_0-100_0.5-0.5C_b,0.09547416716427312,hist_gradient_boosting,SNL,protected_state
SNL/SNL_18650_NMC_25C_0-100_0.5-1C_a,0.06409069779856351,hist_gradient_boosting,SNL,protected_state
SNL/SNL_18650_NMC_25C_0-100_0.5-1C_b,0.05245997509033969,hist_gradient_boosting,SNL,protected_state
SNL/SNL_18650_NMC_25C_0-100_0.5-1C_c,0.08978352282142303,hist_gradient_boosting,SNL,protected_state
SNL/SNL_18650_NMC_25C_0-100_0.5-1C_d,0.06737787421795799,hist_gradient_boosting,SNL,protected_state
SNL/SNL_18650_NMC_25C_0-100_0.5-2C_a,0.0830150587897139,hist_gradient_boosting,SNL,protected_state
SNL/SNL_18650_NMC_25C_0-100_0.5-2C_b,0.038878852189194596,hist_gradient_boosting,SNL,protected_state
SNL/SNL_18650_NMC_25C_0-100_0.5-3C_a,0.06707443201356171,hist_gradient_boosting,SNL,protected_state
SNL/SNL_18650_NMC_25C_0-100_0.5-3C_b,0.04511314660631814,hist_gradient_boosting,SNL,protected_state
SNL/SNL_18650_NMC_25C_0-100_0.5-3C_c,0.04343983250713052,hist_gradient_boosting,SNL,protected_state
SNL/SNL_18650_NMC_25C_0-100_0.5-3C_d,0.034836334637603376,hist_gradient_boosting,SNL,protected_state
SNL/SNL_18650_NMC_35C_0-100_0.5-1C_a,0.034561814325350645,hist_gradient_boosting,SNL,protected_state
SNL/SNL_18650_NMC_35C_0-100_0.5-1C_b,0.03499305309226891,hist_gradient_boosting,SNL,protected_state
SNL/SNL_18650_NMC_35C_0-100_0.5-1C_c,0.03532327926337807,hist_gradient_boosting,SNL,protected_state
SNL/SNL_18650_NMC_35C_0-100_0.5-1C_d,0.03245861653895618,hist_gradient_boosting,SNL,protected_state
SNL/SNL_18650_NMC_35C_0-100_0.5-2C_a,0.06264944322206116,hist_gradient_boosting,SNL,protected_state
SNL/SNL_18650_NMC_35C_0-100_0.5-2C_b,0.03606321646751898,hist_gradient_boosting,SNL,protected_state
SNL/SNL_18650_LFP_15C_0-100_0.5-2C_b,0.10536190591887389,hist_gradient_boosting,SNL,pchp_method
SNL/SNL_18650_LFP_25C_0-100_0.5-0.5C_a,0.07660848851154438,hist_gradient_boosting,SNL,pchp_method
SNL/SNL_18650_LFP_25C_0-100_0.5-1C_a,0.10036407035673636,hist_gradient_boosting,SNL,pchp_method
SNL/SNL_18650_LFP_25C_0-100_0.5-1C_b,0.10006365755898454,hist_gradient_boosting,SNL,pchp_method
SNL/SNL_18650_LFP_25C_0-100_0.5-1C_c,0.09422227711423516,hist_gradient_boosting,SNL,pchp_method
SNL/SNL_18650_LFP_25C_0-100_0.5-1C_d,0.09772014545620784,hist_gradient_boosting,SNL,pchp_method
SNL/SNL_18650_LFP_25C_0-100_0.5-2C_a,0.09428782117737854,hist_gradient_boosting,SNL,pchp_method
SNL/SNL_18650_LFP_25C_0-100_0.5-2C_b,0.11062182282875994,hist_gradient_boosting,SNL,pchp_method
SNL/SNL_18650_LFP_25C_0-100_0.5-3C_a,0.061324406920449416,hist_gradient_boosting,SNL,pchp_method
SNL/SNL_18650_LFP_25C_0-100_0.5-3C_b,0.054037744425231064,hist_gradient_boosting,SNL,pchp_method
SNL/SNL_18650_LFP_25C_0-100_0.5-3C_c,0.03384157880682282,hist_gradient_boosting,SNL,pchp_method
SNL/SNL_18650_LFP_25C_0-100_0.5-3C_d,0.05265281669045073,hist_gradient_boosting,SNL,pchp_method
SNL/SNL_18650_LFP_35C_0-100_0.5-1C_a,0.04602011072834344,hist_gradient_boosting,SNL,pchp_method
SNL/SNL_18650_LFP_35C_0-100_0.5-1C_b,0.046453174538734605,hist_gradient_boosting,SNL,pchp_method
SNL/SNL_18650_LFP_35C_0-100_0.5-1C_c,0.050007381444347763,hist_gradient_boosting,SNL,pchp_method
SNL/SNL_18650_LFP_35C_0-100_0.5-1C_d,0.05602684634980382,hist_gradient_boosting,SNL,pchp_method
SNL/SNL_18650_LFP_35C_0-100_0.5-2C_a,0.06211218601121723,hist_gradient_boosting,SNL,pchp_method
SNL/SNL_18650_LFP_35C_0-100_0.5-2C_b,0.04292486211047888,hist_gradient_boosting,SNL,pchp_method
SNL/SNL_18650_NCA_15C_0-100_0.5-1C_a,0.09128657312913327,hist_gradient_boosting,SNL,pchp_method
SNL/SNL_18650_NCA_15C_0-100_0.5-1C_b,0.04052040823548834,hist_gradient_boosting,SNL,pchp_method
SNL/SNL_18650_NCA_15C_0-100_0.5-2C_a,0.11965763765898545,hist_gradient_boosting,SNL,pchp_method
SNL/SNL_18650_NCA_15C_0-100_0.5-2C_b,0.11545770293320082,hist_gradient_boosting,SNL,pchp_method
SNL/SNL_18650_NCA_25C_0-100_0.5-0.5C_a,0.09567112538777588,hist_gradient_boosting,SNL,pchp_method
SNL/SNL_18650_NCA_25C_0-100_0.5-0.5C_b,0.19168832141205738,hist_gradient_boosting,SNL,pchp_method
SNL/SNL_18650_NCA_25C_0-100_0.5-1C_a,0.055799919655169165,hist_gradient_boosting,SNL,pchp_method
SNL/SNL_18650_NCA_25C_0-100_0.5-1C_b,0.08280681173042471,hist_gradient_boosting,SNL,pchp_method
SNL/SNL_18650_NCA_25C_0-100_0.5-1C_c,0.09637005846954481,hist_gradient_boosting,SNL,pchp_method
SNL/SNL_18650_NCA_25C_0-100_0.5-1C_d,0.078583743195229,hist_gradient_boosting,SNL,pchp_method
SNL/SNL_18650_NCA_25C_0-100_0.5-2C_a,0.10069442393332104,hist_gradient_boosting,SNL,pchp_method
SNL/SNL_18650_NCA_25C_0-100_0.5-2C_b,0.07497205128788241,hist_gradient_boosting,SNL,pchp_method
SNL/SNL_18650_NCA_25C_20-80_0.5-0.5C_a,0.06415580369664677,hist_gradient_boosting,SNL,pchp_method
SNL/SNL_18650_NCA_25C_20-80_0.5-0.5C_b,0.0351974583824983,hist_gradient_boosting,SNL,pchp_method
SNL/SNL_18650_NCA_25C_20-80_0.5-0.5C_c,0.05078813910604981,hist_gradient_boosting,SNL,pchp_method
SNL/SNL_18650_NCA_25C_20-80_0.5-0.5C_d,0.052570002621779195,hist_gradient_boosting,SNL,pchp_method
SNL/SNL_18650_NCA_35C_0-100_0.5-1C_a,0.06747888410100943,hist_gradient_boosting,SNL,pchp_method
SNL/SNL_18650_NCA_35C_0-100_0.5-1C_b,0.08130970106943136,hist_gradient_boosting,SNL,pchp_method
SNL/SNL_18650_NCA_35C_0-100_0.5-1C_c,0.07071867540878533,hist_gradient_boosting,SNL,pchp_method
SNL/SNL_18650_NCA_35C_0-100_0.5-1C_d,0.08410347236338353,hist_gradient_boosting,SNL,pchp_method
SNL/SNL_18650_NCA_35C_0-100_0.5-2C_a,0.13156027652034208,hist_gradient_boosting,SNL,pchp_method
SNL/SNL_18650_NCA_35C_0-100_0.5-2C_b,0.12070812937075588,hist_gradient_boosting,SNL,pchp_method
SNL/SNL_18650_NMC_15C_0-100_0.5-1C_a,0.17400486699852538,hist_gradient_boosting,SNL,pchp_method
SNL/SNL_18650_NMC_15C_0-100_0.5-1C_b,0.13391235575354313,hist_gradient_boosting,SNL,pchp_method
SNL/SNL_18650_NMC_15C_0-100_0.5-2C_a,0.1571937786864297,hist_gradient_boosting,SNL,pchp_method
SNL/SNL_18650_NMC_15C_0-100_0.5-2C_b,0.14791711562035123,hist_gradient_boosting,SNL,pchp_method
SNL/SNL_18650_NMC_25C_0-100_0.5-0.5C_b,0.08558091187669131,hist_gradient_boosting,SNL,pchp_method
SNL/SNL_18650_NMC_25C_0-100_0.5-1C_a,0.05456762506966701,hist_gradient_boosting,SNL,pchp_method
SNL/SNL_18650_NMC_25C_0-100_0.5-1C_b,0.04282221803710392,hist_gradient_boosting,SNL,pchp_method
SNL/SNL_18650_NMC_25C_0-100_0.5-1C_c,0.0798774273148753,hist_gradient_boosting,SNL,pchp_method
SNL/SNL_18650_NMC_25C_0-100_0.5-1C_d,0.057879590225200984,hist_gradient_boosting,SNL,pchp_method
SNL/SNL_18650_NMC_25C_0-100_0.5-2C_a,0.0730529099510609,hist_gradient_boosting,SNL,pchp_method
SNL/SNL_18650_NMC_25C_0-100_0.5-2C_b,0.03371475520873932,hist_gradient_boosting,SNL,pchp_method
SNL/SNL_18650_NMC_25C_0-100_0.5-3C_a,0.057075259746909544,hist_gradient_boosting,SNL,pchp_method
SNL/SNL_18650_NMC_25C_0-100_0.5-3C_b,0.03570088694933991,hist_gradient_boosting,SNL,pchp_method
SNL/SNL_18650_NMC_25C_0-100_0.5-3C_c,0.03390038190746397,hist_gradient_boosting,SNL,pchp_method
SNL/SNL_18650_NMC_25C_0-100_0.5-3C_d,0.02685450158827361,hist_gradient_boosting,SNL,pchp_method
SNL/SNL_18650_NMC_35C_0-100_0.5-1C_a,0.026658140995731987,hist_gradient_boosting,SNL,pchp_method
SNL/SNL_18650_NMC_35C_0-100_0.5-1C_b,0.026588456114259553,hist_gradient_boosting,SNL,pchp_method
SNL/SNL_18650_NMC_35C_0-100_0.5-1C_c,0.025836266726365145,hist_gradient_boosting,SNL,pchp_method
SNL/SNL_18650_NMC_35C_0-100_0.5-1C_d,0.022670622389869177,hist_gradient_boosting,SNL,pchp_method
SNL/SNL_18650_NMC_35C_0-100_0.5-2C_a,0.052713054313068004,hist_gradient_boosting,SNL,pchp_method
SNL/SNL_18650_NMC_35C_0-100_0.5-2C_b,0.026420619514930993,hist_gradient_boosting,SNL,pchp_method
SNL/SNL_18650_LFP_15C_0-100_0.5-2C_b,0.06524007555941178,hist_gradient_boosting,SNL,raw_candidate
SNL/SNL_18650_LFP_25C_0-100_0.5-0.5C_a,0.05579038146473387,hist_gradient_boosting,SNL,raw_candidate
SNL/SNL_18650_LFP_25C_0-100_0.5-1C_a,0.07936917106648879,hist_gradient_boosting,SNL,raw_candidate
SNL/SNL_18650_LFP_25C_0-100_0.5-1C_b,0.08116858857262818,hist_gradient_boosting,SNL,raw_candidate
SNL/SNL_18650_LFP_25C_0-100_0.5-1C_c,0.08633158484779832,hist_gradient_boosting,SNL,raw_candidate
SNL/SNL_18650_LFP_25C_0-100_0.5-1C_d,0.08982874658304621,hist_gradient_boosting,SNL,raw_candidate
SNL/SNL_18650_LFP_25C_0-100_0.5-2C_a,0.08495136966847817,hist_gradient_boosting,SNL,raw_candidate
SNL/SNL_18650_LFP_25C_0-100_0.5-2C_b,0.10099166330761207,hist_gradient_boosting,SNL,raw_candidate
SNL/SNL_18650_LFP_25C_0-100_0.5-3C_a,0.050231599178686595,hist_gradient_boosting,SNL,raw_candidate
SNL/SNL_18650_LFP_25C_0-100_0.5-3C_b,0.04664904337168609,hist_gradient_boosting,SNL,raw_candidate
SNL/SNL_18650_LFP_25C_0-100_0.5-3C_c,0.04929669623229039,hist_gradient_boosting,SNL,raw_candidate
SNL/SNL_18650_LFP_25C_0-100_0.5-3C_d,0.03941598083235025,hist_gradient_boosting,SNL,raw_candidate
SNL/SNL_18650_LFP_35C_0-100_0.5-1C_a,0.022716232817952844,hist_gradient_boosting,SNL,raw_candidate
SNL/SNL_18650_LFP_35C_0-100_0.5-1C_b,0.023920743545531874,hist_gradient_boosting,SNL,raw_candidate
SNL/SNL_18650_LFP_35C_0-100_0.5-1C_c,0.017875337411168268,hist_gradient_boosting,SNL,raw_candidate
SNL/SNL_18650_LFP_35C_0-100_0.5-1C_d,0.02432564983465474,hist_gradient_boosting,SNL,raw_candidate
SNL/SNL_18650_LFP_35C_0-100_0.5-2C_a,0.028698321084280793,hist_gradient_boosting,SNL,raw_candidate
SNL/SNL_18650_LFP_35C_0-100_0.5-2C_b,0.021657529829542343,hist_gradient_boosting,SNL,raw_candidate
SNL/SNL_18650_NCA_15C_0-100_0.5-1C_a,0.06727354362844461,hist_gradient_boosting,SNL,raw_candidate
SNL/SNL_18650_NCA_15C_0-100_0.5-1C_b,0.01576789242452268,hist_gradient_boosting,SNL,raw_candidate
SNL/SNL_18650_NCA_15C_0-100_0.5-2C_a,0.09836928276893134,hist_gradient_boosting,SNL,raw_candidate
SNL/SNL_18650_NCA_15C_0-100_0.5-2C_b,0.09861414808280602,hist_gradient_boosting,SNL,raw_candidate
SNL/SNL_18650_NCA_25C_0-100_0.5-0.5C_a,0.026084165367024993,hist_gradient_boosting,SNL,raw_candidate
SNL/SNL_18650_NCA_25C_0-100_0.5-0.5C_b,0.04375927542448022,hist_gradient_boosting,SNL,raw_candidate
SNL/SNL_18650_NCA_25C_0-100_0.5-1C_a,0.01903869781842668,hist_gradient_boosting,SNL,raw_candidate
SNL/SNL_18650_NCA_25C_0-100_0.5-1C_b,0.03186999190728521,hist_gradient_boosting,SNL,raw_candidate
SNL/SNL_18650_NCA_25C_0-100_0.5-1C_c,0.07570340797508118,hist_gradient_boosting,SNL,raw_candidate
SNL/SNL_18650_NCA_25C_0-100_0.5-1C_d,0.03572046541011386,hist_gradient_boosting,SNL,raw_candidate
SNL/SNL_18650_NCA_25C_0-100_0.5-2C_a,0.03212972131962465,hist_gradient_boosting,SNL,raw_candidate
SNL/SNL_18650_NCA_25C_0-100_0.5-2C_b,0.012194329392903594,hist_gradient_boosting,SNL,raw_candidate
SNL/SNL_18650_NCA_25C_20-80_0.5-0.5C_a,0.05252640290887875,hist_gradient_boosting,SNL,raw_candidate
SNL/SNL_18650_NCA_25C_20-80_0.5-0.5C_b,0.027739499424899883,hist_gradient_boosting,SNL,raw_candidate
SNL/SNL_18650_NCA_25C_20-80_0.5-0.5C_c,0.04140746023780024,hist_gradient_boosting,SNL,raw_candidate
SNL/SNL_18650_NCA_25C_20-80_0.5-0.5C_d,0.04163892241222758,hist_gradient_boosting,SNL,raw_candidate
SNL/SNL_18650_NCA_35C_0-100_0.5-1C_a,0.04674026397054705,hist_gradient_boosting,SNL,raw_candidate
SNL/SNL_18650_NCA_35C_0-100_0.5-1C_b,0.023900447942019586,hist_gradient_boosting,SNL,raw_candidate
SNL/SNL_18650_NCA_35C_0-100_0.5-1C_c,0.00971975752452146,hist_gradient_boosting,SNL,raw_candidate
SNL/SNL_18650_NCA_35C_0-100_0.5-1C_d,0.01999840631169837,hist_gradient_boosting,SNL,raw_candidate
SNL/SNL_18650_NCA_35C_0-100_0.5-2C_a,0.04755987115705676,hist_gradient_boosting,SNL,raw_candidate
SNL/SNL_18650_NCA_35C_0-100_0.5-2C_b,0.07917114139336863,hist_gradient_boosting,SNL,raw_candidate
SNL/SNL_18650_NMC_15C_0-100_0.5-1C_a,0.11901431599328373,hist_gradient_boosting,SNL,raw_candidate
SNL/SNL_18650_NMC_15C_0-100_0.5-1C_b,0.12164920701713267,hist_gradient_boosting,SNL,raw_candidate
SNL/SNL_18650_NMC_15C_0-100_0.5-2C_a,0.11726312832376833,hist_gradient_boosting,SNL,raw_candidate
SNL/SNL_18650_NMC_15C_0-100_0.5-2C_b,0.09770850584836462,hist_gradient_boosting,SNL,raw_candidate
SNL/SNL_18650_NMC_25C_0-100_0.5-0.5C_b,0.01750474805928118,hist_gradient_boosting,SNL,raw_candidate
SNL/SNL_18650_NMC_25C_0-100_0.5-1C_a,0.007230726412252602,hist_gradient_boosting,SNL,raw_candidate
SNL/SNL_18650_NMC_25C_0-100_0.5-1C_b,0.011812568170146105,hist_gradient_boosting,SNL,raw_candidate
SNL/SNL_18650_NMC_25C_0-100_0.5-1C_c,0.029932357841573408,hist_gradient_boosting,SNL,raw_candidate
SNL/SNL_18650_NMC_25C_0-100_0.5-1C_d,0.015163187583202408,hist_gradient_boosting,SNL,raw_candidate
SNL/SNL_18650_NMC_25C_0-100_0.5-2C_a,0.010588991701889284,hist_gradient_boosting,SNL,raw_candidate
SNL/SNL_18650_NMC_25C_0-100_0.5-2C_b,0.020321408055665634,hist_gradient_boosting,SNL,raw_candidate
SNL/SNL_18650_NMC_25C_0-100_0.5-3C_a,0.024762656955231114,hist_gradient_boosting,SNL,raw_candidate
SNL/SNL_18650_NMC_25C_0-100_0.5-3C_b,0.030522939459672143,hist_gradient_boosting,SNL,raw_candidate
SNL/SNL_18650_NMC_25C_0-100_0.5-3C_c,0.035853248039801416,hist_gradient_boosting,SNL,raw_candidate
SNL/SNL_18650_NMC_25C_0-100_0.5-3C_d,0.04135921138051521,hist_gradient_boosting,SNL,raw_candidate
SNL/SNL_18650_NMC_35C_0-100_0.5-1C_a,0.046050538794133906,hist_gradient_boosting,SNL,raw_candidate
SNL/SNL_18650_NMC_35C_0-100_0.5-1C_b,0.030689556034802393,hist_gradient_boosting,SNL,raw_candidate
SNL/SNL_18650_NMC_35C_0-100_0.5-1C_c,0.03892760837913348,hist_gradient_boosting,SNL,raw_candidate
SNL/SNL_18650_NMC_35C_0-100_0.5-1C_d,0.040209909774787896,hist_gradient_boosting,SNL,raw_candidate
SNL/SNL_18650_NMC_35C_0-100_0.5-2C_a,0.028129323449857788,hist_gradient_boosting,SNL,raw_candidate
SNL/SNL_18650_NMC_35C_0-100_0.5-2C_b,0.030754745033559152,hist_gradient_boosting,SNL,raw_candidate
UL_PUR/UL-PUR_N10-EX9_18650_NCA_23C_0-100_0.5-0.5C_i,0.07505704568265742,hist_gradient_boosting,UL_PUR,protected_state
UL_PUR/UL-PUR_N10-NA7_18650_NCA_23C_0-100_0.5-0.5C_g,0.02787387655623519,hist_gradient_boosting,UL_PUR,protected_state
UL_PUR/UL-PUR_N10-OV8_18650_NCA_23C_0-100_0.5-0.5C_h,0.08234550146953917,hist_gradient_boosting,UL_PUR,protected_state
UL_PUR/UL-PUR_N15-EX4_18650_NCA_23C_0-100_0.5-0.5C_d,0.03911983491977344,hist_gradient_boosting,UL_PUR,protected_state
UL_PUR/UL-PUR_N15-NA10_18650_NCA_23C_0-100_0.5-0.5C_j,0.027470889154968158,hist_gradient_boosting,UL_PUR,protected_state
UL_PUR/UL-PUR_N15-OV3_18650_NCA_23C_0-100_0.5-0.5C_c,0.02185884339268036,hist_gradient_boosting,UL_PUR,protected_state
UL_PUR/UL-PUR_N20-EX2_18650_NCA_23C_0-100_0.5-0.5C_b,0.015787187452642668,hist_gradient_boosting,UL_PUR,protected_state
UL_PUR/UL-PUR_N20-NA5_18650_NCA_23C_0-100_0.5-0.5C_e,0.047056830459311735,hist_gradient_boosting,UL_PUR,protected_state
UL_PUR/UL-PUR_N20-NA6_18650_NCA_23C_0-100_0.5-0.5C_f,0.05533126656803174,hist_gradient_boosting,UL_PUR,protected_state
UL_PUR/UL-PUR_N20-OV1_18650_NCA_23C_0-100_0.5-0.5C_a,0.01707496203768061,hist_gradient_boosting,UL_PUR,protected_state
UL_PUR/UL-PUR_N10-EX9_18650_NCA_23C_0-100_0.5-0.5C_i,0.06713710204129597,hist_gradient_boosting,UL_PUR,pchp_method
UL_PUR/UL-PUR_N10-NA7_18650_NCA_23C_0-100_0.5-0.5C_g,0.020819172506921932,hist_gradient_boosting,UL_PUR,pchp_method
UL_PUR/UL-PUR_N10-OV8_18650_NCA_23C_0-100_0.5-0.5C_h,0.07471136514427101,hist_gradient_boosting,UL_PUR,pchp_method
UL_PUR/UL-PUR_N15-EX4_18650_NCA_23C_0-100_0.5-0.5C_d,0.042233136169797306,hist_gradient_boosting,UL_PUR,pchp_method
UL_PUR/UL-PUR_N15-NA10_18650_NCA_23C_0-100_0.5-0.5C_j,0.02080906938972762,hist_gradient_boosting,UL_PUR,pchp_method
UL_PUR/UL-PUR_N15-OV3_18650_NCA_23C_0-100_0.5-0.5C_c,0.02877953698868521,hist_gradient_boosting,UL_PUR,pchp_method
UL_PUR/UL-PUR_N20-EX2_18650_NCA_23C_0-100_0.5-0.5C_b,0.013786139941857404,hist_gradient_boosting,UL_PUR,pchp_method
UL_PUR/UL-PUR_N20-NA5_18650_NCA_23C_0-100_0.5-0.5C_e,0.046448858032259156,hist_gradient_boosting,UL_PUR,pchp_method
UL_PUR/UL-PUR_N20-NA6_18650_NCA_23C_0-100_0.5-0.5C_f,0.05217078210148737,hist_gradient_boosting,UL_PUR,pchp_method
UL_PUR/UL-PUR_N20-OV1_18650_NCA_23C_0-100_0.5-0.5C_a,0.017151642112371444,hist_gradient_boosting,UL_PUR,pchp_method
UL_PUR/UL-PUR_N10-EX9_18650_NCA_23C_0-100_0.5-0.5C_i,0.0724236415951154,hist_gradient_boosting,UL_PUR,raw_candidate
UL_PUR/UL-PUR_N10-NA7_18650_NCA_23C_0-100_0.5-0.5C_g,0.051365159218469396,hist_gradient_boosting,UL_PUR,raw_candidate
UL_PUR/UL-PUR_N10-OV8_18650_NCA_23C_0-100_0.5-0.5C_h,0.0689975781072755,hist_gradient_boosting,UL_PUR,raw_candidate
UL_PUR/UL-PUR_N15-EX4_18650_NCA_23C_0-100_0.5-0.5C_d,0.04447638820706012,hist_gradient_boosting,UL_PUR,raw_candidate
UL_PUR/UL-PUR_N15-NA10_18650_NCA_23C_0-100_0.5-0.5C_j,0.0472468893062938,hist_gradient_boosting,UL_PUR,raw_candidate
UL_PUR/UL-PUR_N15-OV3_18650_NCA_23C_0-100_0.5-0.5C_c,0.04572785364381624,hist_gradient_boosting,UL_PUR,raw_candidate
UL_PUR/UL-PUR_N20-EX2_18650_NCA_23C_0-100_0.5-0.5C_b,0.07973171873476395,hist_gradient_boosting,UL_PUR,raw_candidate
UL_PUR/UL-PUR_N20-NA5_18650_NCA_23C_0-100_0.5-0.5C_e,0.053214547844361186,hist_gradient_boosting,UL_PUR,raw_candidate
UL_PUR/UL-PUR_N20-NA6_18650_NCA_23C_0-100_0.5-0.5C_f,0.043823107273168585,hist_gradient_boosting,UL_PUR,raw_candidate
UL_PUR/UL-PUR_N20-OV1_18650_NCA_23C_0-100_0.5-0.5C_a,0.08451548936334238,hist_gradient_boosting,UL_PUR,raw_candidate
XJTU/XJTU_2C_battery-1,0.09766724838191138,hist_gradient_boosting,XJTU,protected_state
XJTU/XJTU_2C_battery-2,0.09838488029603033,hist_gradient_boosting,XJTU,protected_state
XJTU/XJTU_2C_battery-3,0.09352345823280031,hist_gradient_boosting,XJTU,protected_state
XJTU/XJTU_2C_battery-4,0.10073987512245074,hist_gradient_boosting,XJTU,protected_state
XJTU/XJTU_2C_battery-5,0.08096127171864957,hist_gradient_boosting,XJTU,protected_state
XJTU/XJTU_2C_battery-6,0.08239946352802233,hist_gradient_boosting,XJTU,protected_state
XJTU/XJTU_2C_battery-7,0.06646576139875296,hist_gradient_boosting,XJTU,protected_state
XJTU/XJTU_2C_battery-8,0.0906191941418921,hist_gradient_boosting,XJTU,protected_state
XJTU/XJTU_3C_battery-1,0.1109182495727494,hist_gradient_boosting,XJTU,protected_state
XJTU/XJTU_3C_battery-10,0.07962052001262716,hist_gradient_boosting,XJTU,protected_state
XJTU/XJTU_3C_battery-11,0.0695167122277757,hist_gradient_boosting,XJTU,protected_state
XJTU/XJTU_3C_battery-12,0.11287737154258858,hist_gradient_boosting,XJTU,protected_state
XJTU/XJTU_3C_battery-13,0.10656643537211856,hist_gradient_boosting,XJTU,protected_state
XJTU/XJTU_3C_battery-14,0.076887775560025,hist_gradient_boosting,XJTU,protected_state
XJTU/XJTU_3C_battery-15,0.08205434349846205,hist_gradient_boosting,XJTU,protected_state
XJTU/XJTU_3C_battery-2,0.10937140897465629,hist_gradient_boosting,XJTU,protected_state
XJTU/XJTU_3C_battery-3,0.09912890677596826,hist_gradient_boosting,XJTU,protected_state
XJTU/XJTU_3C_battery-4,0.10838122127734723,hist_gradient_boosting,XJTU,protected_state
XJTU/XJTU_3C_battery-5,0.10380939201459932,hist_gradient_boosting,XJTU,protected_state
XJTU/XJTU_3C_battery-6,0.12180975074636587,hist_gradient_boosting,XJTU,protected_state
XJTU/XJTU_3C_battery-7,0.10634350009390776,hist_gradient_boosting,XJTU,protected_state
XJTU/XJTU_3C_battery-8,0.10501264129062535,hist_gradient_boosting,XJTU,protected_state
XJTU/XJTU_3C_battery-9,0.13415168781274128,hist_gradient_boosting,XJTU,protected_state
XJTU/XJTU_2C_battery-1,0.08862509590365535,hist_gradient_boosting,XJTU,pchp_method
XJTU/XJTU_2C_battery-2,0.0891808390436009,hist_gradient_boosting,XJTU,pchp_method
XJTU/XJTU_2C_battery-3,0.08437042531845058,hist_gradient_boosting,XJTU,pchp_method
XJTU/XJTU_2C_battery-4,0.09174589217529362,hist_gradient_boosting,XJTU,pchp_method
XJTU/XJTU_2C_battery-5,0.07367076009847293,hist_gradient_boosting,XJTU,pchp_method
XJTU/XJTU_2C_battery-6,0.07341224676769857,hist_gradient_boosting,XJTU,pchp_method
XJTU/XJTU_2C_battery-7,0.06258226034431841,hist_gradient_boosting,XJTU,pchp_method
XJTU/XJTU_2C_battery-8,0.08299117393458447,hist_gradient_boosting,XJTU,pchp_method
XJTU/XJTU_3C_battery-1,0.10091824957274939,hist_gradient_boosting,XJTU,pchp_method
XJTU/XJTU_3C_battery-10,0.08922532169983166,hist_gradient_boosting,XJTU,pchp_method
XJTU/XJTU_3C_battery-11,0.07877322907914999,hist_gradient_boosting,XJTU,pchp_method
XJTU/XJTU_3C_battery-12,0.11717718766686275,hist_gradient_boosting,XJTU,pchp_method
XJTU/XJTU_3C_battery-13,0.11127245992820009,hist_gradient_boosting,XJTU,pchp_method
XJTU/XJTU_3C_battery-14,0.08664365575159944,hist_gradient_boosting,XJTU,pchp_method
XJTU/XJTU_3C_battery-15,0.09141846152003517,hist_gradient_boosting,XJTU,pchp_method
XJTU/XJTU_3C_battery-2,0.09937140897465628,hist_gradient_boosting,XJTU,pchp_method
XJTU/XJTU_3C_battery-3,0.09014932317372498,hist_gradient_boosting,XJTU,pchp_method
XJTU/XJTU_3C_battery-4,0.09839075199052986,hist_gradient_boosting,XJTU,pchp_method
XJTU/XJTU_3C_battery-5,0.09386795441102402,hist_gradient_boosting,XJTU,pchp_method
XJTU/XJTU_3C_battery-6,0.11329480696419245,hist_gradient_boosting,XJTU,pchp_method
XJTU/XJTU_3C_battery-7,0.09681229427513563,hist_gradient_boosting,XJTU,pchp_method
XJTU/XJTU_3C_battery-8,0.09548006854759503,hist_gradient_boosting,XJTU,pchp_method
XJTU/XJTU_3C_battery-9,0.13554139303963567,hist_gradient_boosting,XJTU,pchp_method
XJTU/XJTU_2C_battery-1,0.05452255112559017,hist_gradient_boosting,XJTU,raw_candidate
XJTU/XJTU_2C_battery-2,0.05801158983747149,hist_gradient_boosting,XJTU,raw_candidate
XJTU/XJTU_2C_battery-3,0.05262192941077413,hist_gradient_boosting,XJTU,raw_candidate
XJTU/XJTU_2C_battery-4,0.05892687407449631,hist_gradient_boosting,XJTU,raw_candidate
XJTU/XJTU_2C_battery-5,0.051874646870969564,hist_gradient_boosting,XJTU,raw_candidate
XJTU/XJTU_2C_battery-6,0.05261089958342072,hist_gradient_boosting,XJTU,raw_candidate
XJTU/XJTU_2C_battery-7,0.04523281301351073,hist_gradient_boosting,XJTU,raw_candidate
XJTU/XJTU_2C_battery-8,0.060679771292017765,hist_gradient_boosting,XJTU,raw_candidate
XJTU/XJTU_3C_battery-1,0.05973043689209111,hist_gradient_boosting,XJTU,raw_candidate
XJTU/XJTU_3C_battery-10,0.12373811106668352,hist_gradient_boosting,XJTU,raw_candidate
XJTU/XJTU_3C_battery-11,0.10834175874539809,hist_gradient_boosting,XJTU,raw_candidate
XJTU/XJTU_3C_battery-12,0.11668249879713544,hist_gradient_boosting,XJTU,raw_candidate
XJTU/XJTU_3C_battery-13,0.11442308081033724,hist_gradient_boosting,XJTU,raw_candidate
XJTU/XJTU_3C_battery-14,0.12231267918181184,hist_gradient_boosting,XJTU,raw_candidate
XJTU/XJTU_3C_battery-15,0.12327684033797544,hist_gradient_boosting,XJTU,raw_candidate
XJTU/XJTU_3C_battery-2,0.06315086328812196,hist_gradient_boosting,XJTU,raw_candidate
XJTU/XJTU_3C_battery-3,0.06342687603715487,hist_gradient_boosting,XJTU,raw_candidate
XJTU/XJTU_3C_battery-4,0.06844460147340294,hist_gradient_boosting,XJTU,raw_candidate
XJTU/XJTU_3C_battery-5,0.05936337310044042,hist_gradient_boosting,XJTU,raw_candidate
XJTU/XJTU_3C_battery-6,0.06811523365903796,hist_gradient_boosting,XJTU,raw_candidate
XJTU/XJTU_3C_battery-7,0.062068973608948516,hist_gradient_boosting,XJTU,raw_candidate
XJTU/XJTU_3C_battery-8,0.05950918836225623,hist_gradient_boosting,XJTU,raw_candidate
XJTU/XJTU_3C_battery-9,0.11986387362351215,hist_gradient_boosting,XJTU,raw_candidate
CALB/CALB_0_B182,0.01662892079622872,lightgbm,CALB,protected_state
CALB/CALB_0_B183,0.008985370186049637,lightgbm,CALB,protected_state
CALB/CALB_0_B184,0.004922608365772789,lightgbm,CALB,protected_state
CALB/CALB_0_B185,0.007772126292781354,lightgbm,CALB,protected_state
CALB/CALB_0_B187,0.007816813454104862,lightgbm,CALB,protected_state
CALB/CALB_0_B188,0.016719731506220473,lightgbm,CALB,protected_state
CALB/CALB_0_B189,0.009131141917040234,lightgbm,CALB,protected_state
CALB/CALB_0_B190,0.011205499261631483,lightgbm,CALB,protected_state
CALB/CALB_25_T25-1,0.008546544874373816,lightgbm,CALB,protected_state
CALB/CALB_25_T25-2,0.011356654497631704,lightgbm,CALB,protected_state
CALB/CALB_35_B173,0.01344659693654383,lightgbm,CALB,protected_state
CALB/CALB_35_B174,0.012714559366155075,lightgbm,CALB,protected_state
CALB/CALB_35_B175,0.011731047705254488,lightgbm,CALB,protected_state
CALB/CALB_35_B222,0.01574889300727757,lightgbm,CALB,protected_state
CALB/CALB_35_B223,0.012509376281087085,lightgbm,CALB,protected_state
CALB/CALB_35_B224,0.012863090613851208,lightgbm,CALB,protected_state
CALB/CALB_35_B227,0.013944419033828018,lightgbm,CALB,protected_state
CALB/CALB_35_B228,0.014111954691361466,lightgbm,CALB,protected_state
CALB/CALB_35_B229,0.014612175975034546,lightgbm,CALB,protected_state
CALB/CALB_35_B230,0.013800576691692669,lightgbm,CALB,protected_state
CALB/CALB_35_B247,0.1160307188955616,lightgbm,CALB,protected_state
CALB/CALB_35_B248,0.013563188732453414,lightgbm,CALB,protected_state
CALB/CALB_35_B249,0.015386948369519761,lightgbm,CALB,protected_state
CALB/CALB_35_B250,0.013578767255876522,lightgbm,CALB,protected_state
CALB/CALB_45_B253,0.016989924979528687,lightgbm,CALB,protected_state
CALB/CALB_45_B255,0.017609558959437156,lightgbm,CALB,protected_state
CALB/CALB_45_B256,0.019731198459155525,lightgbm,CALB,protected_state
CALB/CALB_0_B182,0.011092823754229413,lightgbm,CALB,pchp_method
CALB/CALB_0_B183,0.005558254355822562,lightgbm,CALB,pchp_method
CALB/CALB_0_B184,0.006194029281984558,lightgbm,CALB,pchp_method
CALB/CALB_0_B185,0.004966446709557932,lightgbm,CALB,pchp_method
CALB/CALB_0_B187,0.005061170867095194,lightgbm,CALB,pchp_method
CALB/CALB_0_B188,0.012445378612709588,lightgbm,CALB,pchp_method
CALB/CALB_0_B189,0.0033119054125655186,lightgbm,CALB,pchp_method
CALB/CALB_0_B190,0.00764937377293713,lightgbm,CALB,pchp_method
CALB/CALB_25_T25-1,0.017740002500678195,lightgbm,CALB,pchp_method
CALB/CALB_25_T25-2,0.017007724837588976,lightgbm,CALB,pchp_method
CALB/CALB_35_B173,0.008536873165624409,lightgbm,CALB,pchp_method
CALB/CALB_35_B174,0.006607488806130614,lightgbm,CALB,pchp_method
CALB/CALB_35_B175,0.005612160532512376,lightgbm,CALB,pchp_method
CALB/CALB_35_B222,0.008019328221800803,lightgbm,CALB,pchp_method
CALB/CALB_35_B223,0.007010281451452691,lightgbm,CALB,pchp_method
CALB/CALB_35_B224,0.007653076806601781,lightgbm,CALB,pchp_method
CALB/CALB_35_B227,0.008029399746325465,lightgbm,CALB,pchp_method
CALB/CALB_35_B228,0.009703899083881612,lightgbm,CALB,pchp_method
CALB/CALB_35_B229,0.009260627400453221,lightgbm,CALB,pchp_method
CALB/CALB_35_B230,0.009585636759617013,lightgbm,CALB,pchp_method
CALB/CALB_35_B247,0.1060307188955616,lightgbm,CALB,pchp_method
CALB/CALB_35_B248,0.008103450217001045,lightgbm,CALB,pchp_method
CALB/CALB_35_B249,0.005532380856344817,lightgbm,CALB,pchp_method
CALB/CALB_35_B250,0.007762374235069912,lightgbm,CALB,pchp_method
CALB/CALB_45_B253,0.022364698435280904,lightgbm,CALB,pchp_method
CALB/CALB_45_B255,0.022205299909767717,lightgbm,CALB,pchp_method
CALB/CALB_45_B256,0.025159483487665755,lightgbm,CALB,pchp_method
CALB/CALB_0_B182,0.008221366526799275,lightgbm,CALB,raw_candidate
CALB/CALB_0_B183,0.011560432710868597,lightgbm,CALB,raw_candidate
CALB/CALB_0_B184,0.013959539249847237,lightgbm,CALB,raw_candidate
CALB/CALB_0_B185,0.012665890996875385,lightgbm,CALB,raw_candidate
CALB/CALB_0_B187,0.01252559543214123,lightgbm,CALB,raw_candidate
CALB/CALB_0_B188,0.014732135236204662,lightgbm,CALB,raw_candidate
CALB/CALB_0_B189,0.009436970930324537,lightgbm,CALB,raw_candidate
CALB/CALB_0_B190,0.009566453403539798,lightgbm,CALB,raw_candidate
CALB/CALB_25_T25-1,0.020704077768034675,lightgbm,CALB,raw_candidate
CALB/CALB_25_T25-2,0.018366659297229505,lightgbm,CALB,raw_candidate
CALB/CALB_35_B173,0.00832137303270489,lightgbm,CALB,raw_candidate
CALB/CALB_35_B174,0.006436188293628503,lightgbm,CALB,raw_candidate
CALB/CALB_35_B175,0.0054635467895185,lightgbm,CALB,raw_candidate
CALB/CALB_35_B222,0.007654732323952706,lightgbm,CALB,raw_candidate
CALB/CALB_35_B223,0.006437422320550337,lightgbm,CALB,raw_candidate
CALB/CALB_35_B224,0.006806202575426103,lightgbm,CALB,raw_candidate
CALB/CALB_35_B227,0.007645369968273553,lightgbm,CALB,raw_candidate
CALB/CALB_35_B228,0.009216609042979221,lightgbm,CALB,raw_candidate
CALB/CALB_35_B229,0.009084768240711262,lightgbm,CALB,raw_candidate
CALB/CALB_35_B230,0.009351744628571756,lightgbm,CALB,raw_candidate
CALB/CALB_35_B247,0.07448509280685829,lightgbm,CALB,raw_candidate
CALB/CALB_35_B248,0.007666524228273542,lightgbm,CALB,raw_candidate
CALB/CALB_35_B249,0.004265676909713256,lightgbm,CALB,raw_candidate
CALB/CALB_35_B250,0.007225213288839561,lightgbm,CALB,raw_candidate
CALB/CALB_45_B253,0.022504404535431767,lightgbm,CALB,raw_candidate
CALB/CALB_45_B255,0.021936513117554093,lightgbm,CALB,raw_candidate
CALB/CALB_45_B256,0.025429084648147384,lightgbm,CALB,raw_candidate
CALCE/CALCE_CS2_33,0.08523464232146448,lightgbm,CALCE,protected_state
CALCE/CALCE_CS2_34,0.046789426945192766,lightgbm,CALCE,protected_state
CALCE/CALCE_CS2_35,0.07051255064763802,lightgbm,CALCE,protected_state
CALCE/CALCE_CS2_36,0.09376827959984446,lightgbm,CALCE,protected_state
CALCE/CALCE_CS2_37,0.07807994384630779,lightgbm,CALCE,protected_state
CALCE/CALCE_CS2_38,0.07317314958949893,lightgbm,CALCE,protected_state
CALCE/CALCE_CX2_16,0.06457484128085124,lightgbm,CALCE,protected_state
CALCE/CALCE_CX2_33,0.031725978146841145,lightgbm,CALCE,protected_state
CALCE/CALCE_CX2_34,0.041215889846858325,lightgbm,CALCE,protected_state
CALCE/CALCE_CX2_35,0.033927806404497975,lightgbm,CALCE,protected_state
CALCE/CALCE_CX2_36,0.045681830410460485,lightgbm,CALCE,protected_state
CALCE/CALCE_CX2_37,0.03273833357788231,lightgbm,CALCE,protected_state
CALCE/CALCE_CX2_38,0.06034891651719115,lightgbm,CALCE,protected_state
CALCE/CALCE_CS2_33,0.0767264378746448,lightgbm,CALCE,pchp_method
CALCE/CALCE_CS2_34,0.04169572465037844,lightgbm,CALCE,pchp_method
CALCE/CALCE_CS2_35,0.06489399155617928,lightgbm,CALCE,pchp_method
CALCE/CALCE_CS2_36,0.08721574132124142,lightgbm,CALCE,pchp_method
CALCE/CALCE_CS2_37,0.07250589531820281,lightgbm,CALCE,pchp_method
CALCE/CALCE_CS2_38,0.06703523850638192,lightgbm,CALCE,pchp_method
CALCE/CALCE_CX2_16,0.06850371747630277,lightgbm,CALCE,pchp_method
CALCE/CALCE_CX2_33,0.03532565836849328,lightgbm,CALCE,pchp_method
CALCE/CALCE_CX2_34,0.03589593982298727,lightgbm,CALCE,pchp_method
CALCE/CALCE_CX2_35,0.03709701802883542,lightgbm,CALCE,pchp_method
CALCE/CALCE_CX2_36,0.0399349665940493,lightgbm,CALCE,pchp_method
CALCE/CALCE_CX2_37,0.025728239206357643,lightgbm,CALCE,pchp_method
CALCE/CALCE_CX2_38,0.05552618377812566,lightgbm,CALCE,pchp_method
CALCE/CALCE_CS2_33,0.04533116510611651,lightgbm,CALCE,raw_candidate
CALCE/CALCE_CS2_34,0.03347583118258944,lightgbm,CALCE,raw_candidate
CALCE/CALCE_CS2_35,0.03976889209441476,lightgbm,CALCE,raw_candidate
CALCE/CALCE_CS2_36,0.041676134469464214,lightgbm,CALCE,raw_candidate
CALCE/CALCE_CS2_37,0.04593296460818601,lightgbm,CALCE,raw_candidate
CALCE/CALCE_CS2_38,0.04814333713121257,lightgbm,CALCE,raw_candidate
CALCE/CALCE_CX2_16,0.029064383024198514,lightgbm,CALCE,raw_candidate
CALCE/CALCE_CX2_33,0.04052736108297101,lightgbm,CALCE,raw_candidate
CALCE/CALCE_CX2_34,0.05418336952918812,lightgbm,CALCE,raw_candidate
CALCE/CALCE_CX2_35,0.042537058890626506,lightgbm,CALCE,raw_candidate
CALCE/CALCE_CX2_36,0.06460705298459439,lightgbm,CALCE,raw_candidate
CALCE/CALCE_CX2_37,0.03626310311204569,lightgbm,CALCE,raw_candidate
CALCE/CALCE_CX2_38,0.05717346307158108,lightgbm,CALCE,raw_candidate
HNEI/HNEI_18650_NMC_LCO_25C_0-100_0.5-1.5C_a,0.10037731376377432,lightgbm,HNEI,protected_state
HNEI/HNEI_18650_NMC_LCO_25C_0-100_0.5-1.5C_b,0.08981271014950332,lightgbm,HNEI,protected_state
HNEI/HNEI_18650_NMC_LCO_25C_0-100_0.5-1.5C_c,0.10897811936141501,lightgbm,HNEI,protected_state
HNEI/HNEI_18650_NMC_LCO_25C_0-100_0.5-1.5C_d,0.10015935763832051,lightgbm,HNEI,protected_state
HNEI/HNEI_18650_NMC_LCO_25C_0-100_0.5-1.5C_e,0.0892807096528334,lightgbm,HNEI,protected_state
HNEI/HNEI_18650_NMC_LCO_25C_0-100_0.5-1.5C_f,0.11301093810359301,lightgbm,HNEI,protected_state
HNEI/HNEI_18650_NMC_LCO_25C_0-100_0.5-1.5C_g,0.11332953592253257,lightgbm,HNEI,protected_state
HNEI/HNEI_18650_NMC_LCO_25C_0-100_0.5-1.5C_j,0.091908549736699,lightgbm,HNEI,protected_state
HNEI/HNEI_18650_NMC_LCO_25C_0-100_0.5-1.5C_l,0.12222029860843851,lightgbm,HNEI,protected_state
HNEI/HNEI_18650_NMC_LCO_25C_0-100_0.5-1.5C_n,0.09750017460011838,lightgbm,HNEI,protected_state
HNEI/HNEI_18650_NMC_LCO_25C_0-100_0.5-1.5C_o,0.0922970217794764,lightgbm,HNEI,protected_state
HNEI/HNEI_18650_NMC_LCO_25C_0-100_0.5-1.5C_p,0.08339622389387807,lightgbm,HNEI,protected_state
HNEI/HNEI_18650_NMC_LCO_25C_0-100_0.5-1.5C_s,0.11050754660651553,lightgbm,HNEI,protected_state
HNEI/HNEI_18650_NMC_LCO_25C_0-100_0.5-1.5C_t,0.09149212574575134,lightgbm,HNEI,protected_state
HNEI/HNEI_18650_NMC_LCO_25C_0-100_0.5-1.5C_a,0.10258872915986667,lightgbm,HNEI,pchp_method
HNEI/HNEI_18650_NMC_LCO_25C_0-100_0.5-1.5C_b,0.08055263018420428,lightgbm,HNEI,pchp_method
HNEI/HNEI_18650_NMC_LCO_25C_0-100_0.5-1.5C_c,0.09976287794066542,lightgbm,HNEI,pchp_method
HNEI/HNEI_18650_NMC_LCO_25C_0-100_0.5-1.5C_d,0.09094789725710514,lightgbm,HNEI,pchp_method
HNEI/HNEI_18650_NMC_LCO_25C_0-100_0.5-1.5C_e,0.08036159530784345,lightgbm,HNEI,pchp_method
HNEI/HNEI_18650_NMC_LCO_25C_0-100_0.5-1.5C_f,0.10382892475882192,lightgbm,HNEI,pchp_method
HNEI/HNEI_18650_NMC_LCO_25C_0-100_0.5-1.5C_g,0.10413864050417525,lightgbm,HNEI,pchp_method
HNEI/HNEI_18650_NMC_LCO_25C_0-100_0.5-1.5C_j,0.08278997232889901,lightgbm,HNEI,pchp_method
HNEI/HNEI_18650_NMC_LCO_25C_0-100_0.5-1.5C_l,0.11290084548817456,lightgbm,HNEI,pchp_method
HNEI/HNEI_18650_NMC_LCO_25C_0-100_0.5-1.5C_n,0.08851313237302998,lightgbm,HNEI,pchp_method
HNEI/HNEI_18650_NMC_LCO_25C_0-100_0.5-1.5C_o,0.08322940032647173,lightgbm,HNEI,pchp_method
HNEI/HNEI_18650_NMC_LCO_25C_0-100_0.5-1.5C_p,0.07446005525796383,lightgbm,HNEI,pchp_method
HNEI/HNEI_18650_NMC_LCO_25C_0-100_0.5-1.5C_s,0.10136804426934382,lightgbm,HNEI,pchp_method
HNEI/HNEI_18650_NMC_LCO_25C_0-100_0.5-1.5C_t,0.08267477025243779,lightgbm,HNEI,pchp_method
HNEI/HNEI_18650_NMC_LCO_25C_0-100_0.5-1.5C_a,0.2721908686135536,lightgbm,HNEI,raw_candidate
HNEI/HNEI_18650_NMC_LCO_25C_0-100_0.5-1.5C_b,0.04235509354785418,lightgbm,HNEI,raw_candidate
HNEI/HNEI_18650_NMC_LCO_25C_0-100_0.5-1.5C_c,0.03677615172991324,lightgbm,HNEI,raw_candidate
HNEI/HNEI_18650_NMC_LCO_25C_0-100_0.5-1.5C_d,0.03217089046495514,lightgbm,HNEI,raw_candidate
HNEI/HNEI_18650_NMC_LCO_25C_0-100_0.5-1.5C_e,0.03780811741283939,lightgbm,HNEI,raw_candidate
HNEI/HNEI_18650_NMC_LCO_25C_0-100_0.5-1.5C_f,0.04567856698451659,lightgbm,HNEI,raw_candidate
HNEI/HNEI_18650_NMC_LCO_25C_0-100_0.5-1.5C_g,0.041722686774765434,lightgbm,HNEI,raw_candidate
HNEI/HNEI_18650_NMC_LCO_25C_0-100_0.5-1.5C_j,0.03666478138707838,lightgbm,HNEI,raw_candidate
HNEI/HNEI_18650_NMC_LCO_25C_0-100_0.5-1.5C_l,0.04507677819419542,lightgbm,HNEI,raw_candidate
HNEI/HNEI_18650_NMC_LCO_25C_0-100_0.5-1.5C_n,0.04403748167998074,lightgbm,HNEI,raw_candidate
HNEI/HNEI_18650_NMC_LCO_25C_0-100_0.5-1.5C_o,0.04759895227995398,lightgbm,HNEI,raw_candidate
HNEI/HNEI_18650_NMC_LCO_25C_0-100_0.5-1.5C_p,0.04703974907930535,lightgbm,HNEI,raw_candidate
HNEI/HNEI_18650_NMC_LCO_25C_0-100_0.5-1.5C_s,0.044644813863399135,lightgbm,HNEI,raw_candidate
HNEI/HNEI_18650_NMC_LCO_25C_0-100_0.5-1.5C_t,0.05228241630727577,lightgbm,HNEI,raw_candidate
HUST/HUST_1-1,0.014589619310419672,lightgbm,HUST,protected_state
HUST/HUST_1-2,0.02322604556839927,lightgbm,HUST,protected_state
HUST/HUST_1-3,0.03237735883096562,lightgbm,HUST,protected_state
HUST/HUST_1-4,0.03100735761543509,lightgbm,HUST,protected_state
HUST/HUST_1-5,0.033765353723337714,lightgbm,HUST,protected_state
HUST/HUST_1-6,0.036332069173645294,lightgbm,HUST,protected_state
HUST/HUST_1-7,0.016005233934899644,lightgbm,HUST,protected_state
HUST/HUST_1-8,0.015547414029368975,lightgbm,HUST,protected_state
HUST/HUST_10-1,0.023135929322941163,lightgbm,HUST,protected_state
HUST/HUST_10-2,0.03157705362567562,lightgbm,HUST,protected_state
HUST/HUST_10-3,0.02964601491365592,lightgbm,HUST,protected_state
HUST/HUST_10-4,0.022064770815937697,lightgbm,HUST,protected_state
HUST/HUST_10-5,0.024812137471150113,lightgbm,HUST,protected_state
HUST/HUST_10-6,0.024391392603817806,lightgbm,HUST,protected_state
HUST/HUST_10-7,0.024466065110388256,lightgbm,HUST,protected_state
HUST/HUST_10-8,0.025136671972217355,lightgbm,HUST,protected_state
HUST/HUST_2-2,0.01676908572458501,lightgbm,HUST,protected_state
HUST/HUST_2-3,0.032475007067514286,lightgbm,HUST,protected_state
HUST/HUST_2-4,0.01855310961888221,lightgbm,HUST,protected_state
HUST/HUST_2-5,0.02678355501909087,lightgbm,HUST,protected_state
HUST/HUST_2-6,0.028604511095922977,lightgbm,HUST,protected_state
HUST/HUST_2-7,0.030088736054557252,lightgbm,HUST,protected_state
HUST/HUST_2-8,0.030332344105836517,lightgbm,HUST,protected_state
HUST/HUST_3-1,0.024647008849815175,lightgbm,HUST,protected_state
HUST/HUST_3-2,0.026651428260721234,lightgbm,HUST,protected_state
HUST/HUST_3-3,0.025000906856745903,lightgbm,HUST,protected_state
HUST/HUST_3-4,0.026957532458701743,lightgbm,HUST,protected_state
HUST/HUST_3-5,0.027814298523900622,lightgbm,HUST,protected_state
HUST/HUST_3-6,0.0277734492798345,lightgbm,HUST,protected_state
HUST/HUST_3-7,0.023933651224598274,lightgbm,HUST,protected_state
HUST/HUST_3-8,0.025452624079274042,lightgbm,HUST,protected_state
HUST/HUST_4-1,0.033905689690303054,lightgbm,HUST,protected_state
HUST/HUST_4-2,0.022644562467802748,lightgbm,HUST,protected_state
HUST/HUST_4-3,0.023249473233616563,lightgbm,HUST,protected_state
HUST/HUST_4-4,0.019795321197232513,lightgbm,HUST,protected_state
HUST/HUST_4-5,0.025558125752410565,lightgbm,HUST,protected_state
HUST/HUST_4-6,0.028362516446758048,lightgbm,HUST,protected_state
HUST/HUST_4-7,0.021089866188608582,lightgbm,HUST,protected_state
HUST/HUST_4-8,0.027278123923462266,lightgbm,HUST,protected_state
HUST/HUST_5-1,0.025594030606112133,lightgbm,HUST,protected_state
HUST/HUST_5-2,0.030377597039113767,lightgbm,HUST,protected_state
HUST/HUST_5-3,0.02250419098789905,lightgbm,HUST,protected_state
HUST/HUST_5-4,0.02171882151257354,lightgbm,HUST,protected_state
HUST/HUST_5-5,0.031646018764340034,lightgbm,HUST,protected_state
HUST/HUST_5-6,0.024305998264829688,lightgbm,HUST,protected_state
HUST/HUST_5-7,0.01625864810800305,lightgbm,HUST,protected_state
HUST/HUST_6-1,0.01676155444802388,lightgbm,HUST,protected_state
HUST/HUST_6-2,0.03401105990919162,lightgbm,HUST,protected_state
HUST/HUST_6-3,0.028970897243045857,lightgbm,HUST,protected_state
HUST/HUST_6-4,0.017737883265414946,lightgbm,HUST,protected_state
HUST/HUST_6-5,0.022555382094993956,lightgbm,HUST,protected_state
HUST/HUST_6-6,0.04454240078634075,lightgbm,HUST,protected_state
HUST/HUST_6-8,0.024333046131855197,lightgbm,HUST,protected_state
HUST/HUST_7-1,0.03273825283391275,lightgbm,HUST,protected_state
HUST/HUST_7-2,0.03213226953597204,lightgbm,HUST,protected_state
HUST/HUST_7-3,0.01691626662221362,lightgbm,HUST,protected_state
HUST/HUST_7-4,0.015017185053199107,lightgbm,HUST,protected_state
HUST/HUST_7-5,0.021628612269568328,lightgbm,HUST,protected_state
HUST/HUST_7-6,0.018869264654970137,lightgbm,HUST,protected_state
HUST/HUST_7-7,0.019870828899009898,lightgbm,HUST,protected_state
HUST/HUST_7-8,0.023056143108910184,lightgbm,HUST,protected_state
HUST/HUST_8-1,0.017483180638265462,lightgbm,HUST,protected_state
HUST/HUST_8-2,0.01570418440202997,lightgbm,HUST,protected_state
HUST/HUST_8-3,0.026174714526001733,lightgbm,HUST,protected_state
HUST/HUST_8-4,0.017713256156840457,lightgbm,HUST,protected_state
HUST/HUST_8-5,0.016115252800958234,lightgbm,HUST,protected_state
HUST/HUST_8-6,0.018165227963350312,lightgbm,HUST,protected_state
HUST/HUST_8-7,0.017165681629691024,lightgbm,HUST,protected_state
HUST/HUST_8-8,0.026071616399554916,lightgbm,HUST,protected_state
HUST/HUST_9-1,0.029615862227402794,lightgbm,HUST,protected_state
HUST/HUST_9-2,0.02297219512444326,lightgbm,HUST,protected_state
HUST/HUST_9-3,0.027504694654731845,lightgbm,HUST,protected_state
HUST/HUST_9-4,0.02820231751906184,lightgbm,HUST,protected_state
HUST/HUST_9-5,0.022623935640976874,lightgbm,HUST,protected_state
HUST/HUST_9-6,0.026052719734837717,lightgbm,HUST,protected_state
HUST/HUST_9-7,0.02608628467723263,lightgbm,HUST,protected_state
HUST/HUST_9-8,0.028536221884597493,lightgbm,HUST,protected_state
HUST/HUST_1-1,0.0140944818492995,lightgbm,HUST,pchp_method
HUST/HUST_1-2,0.01856836949785705,lightgbm,HUST,pchp_method
HUST/HUST_1-3,0.0279833421906074,lightgbm,HUST,pchp_method
HUST/HUST_1-4,0.028078777638088703,lightgbm,HUST,pchp_method
HUST/HUST_1-5,0.02848053573236648,lightgbm,HUST,pchp_method
HUST/HUST_1-6,0.04005266794831024,lightgbm,HUST,pchp_method
HUST/HUST_1-7,0.013961683124630449,lightgbm,HUST,pchp_method
HUST/HUST_1-8,0.015690763814046802,lightgbm,HUST,pchp_method
HUST/HUST_10-1,0.019599518904952175,lightgbm,HUST,pchp_method
HUST/HUST_10-2,0.03540635355638311,lightgbm,HUST,pchp_method
HUST/HUST_10-3,0.025371126486134515,lightgbm,HUST,pchp_method
HUST/HUST_10-4,0.020895363289384957,lightgbm,HUST,pchp_method
HUST/HUST_10-5,0.022199406108172372,lightgbm,HUST,pchp_method
HUST/HUST_10-6,0.02350262086443684,lightgbm,HUST,pchp_method
HUST/HUST_10-7,0.02250119851810597,lightgbm,HUST,pchp_method
HUST/HUST_10-8,0.022057326490950584,lightgbm,HUST,pchp_method
HUST/HUST_2-2,0.023172363750157025,lightgbm,HUST,pchp_method
HUST/HUST_2-3,0.028846855471246366,lightgbm,HUST,pchp_method
HUST/HUST_2-4,0.016709613346244583,lightgbm,HUST,pchp_method
HUST/HUST_2-5,0.021910030297904677,lightgbm,HUST,pchp_method
HUST/HUST_2-6,0.026504508894409452,lightgbm,HUST,pchp_method
HUST/HUST_2-7,0.027049153718194056,lightgbm,HUST,pchp_method
HUST/HUST_2-8,0.02570817912403431,lightgbm,HUST,pchp_method
HUST/HUST_3-1,0.026243620131605656,lightgbm,HUST,pchp_method
HUST/HUST_3-2,0.025515991379221288,lightgbm,HUST,pchp_method
HUST/HUST_3-3,0.02700420208362121,lightgbm,HUST,pchp_method
HUST/HUST_3-4,0.025487434881341166,lightgbm,HUST,pchp_method
HUST/HUST_3-5,0.032693961525396616,lightgbm,HUST,pchp_method
HUST/HUST_3-6,0.025697148822296696,lightgbm,HUST,pchp_method
HUST/HUST_3-7,0.0234564404852532,lightgbm,HUST,pchp_method
HUST/HUST_3-8,0.02404290783107631,lightgbm,HUST,pchp_method
HUST/HUST_4-1,0.03268977511220793,lightgbm,HUST,pchp_method
HUST/HUST_4-2,0.021772006787792,lightgbm,HUST,pchp_method
HUST/HUST_4-3,0.016985134192756175,lightgbm,HUST,pchp_method
HUST/HUST_4-4,0.016070301846821025,lightgbm,HUST,pchp_method
HUST/HUST_4-5,0.022800844638002648,lightgbm,HUST,pchp_method
HUST/HUST_4-6,0.026010241546333145,lightgbm,HUST,pchp_method
HUST/HUST_4-7,0.019777555821422252,lightgbm,HUST,pchp_method
HUST/HUST_4-8,0.024500770209311667,lightgbm,HUST,pchp_method
HUST/HUST_5-1,0.020933471796255407,lightgbm,HUST,pchp_method
HUST/HUST_5-2,0.027454503576689826,lightgbm,HUST,pchp_method
HUST/HUST_5-3,0.01870229391313949,lightgbm,HUST,pchp_method
HUST/HUST_5-4,0.01717892773652035,lightgbm,HUST,pchp_method
HUST/HUST_5-5,0.025537214797309502,lightgbm,HUST,pchp_method
HUST/HUST_5-6,0.019276394625198333,lightgbm,HUST,pchp_method
HUST/HUST_5-7,0.015977444196951907,lightgbm,HUST,pchp_method
HUST/HUST_6-1,0.013816357253383907,lightgbm,HUST,pchp_method
HUST/HUST_6-2,0.028489801816411534,lightgbm,HUST,pchp_method
HUST/HUST_6-3,0.026794138259968906,lightgbm,HUST,pchp_method
HUST/HUST_6-4,0.01742499795334896,lightgbm,HUST,pchp_method
HUST/HUST_6-5,0.01787864954516815,lightgbm,HUST,pchp_method
HUST/HUST_6-6,0.03717114323980035,lightgbm,HUST,pchp_method
HUST/HUST_6-8,0.033003425153497884,lightgbm,HUST,pchp_method
HUST/HUST_7-1,0.02735894274210255,lightgbm,HUST,pchp_method
HUST/HUST_7-2,0.03681741343833359,lightgbm,HUST,pchp_method
HUST/HUST_7-3,0.014361061227393212,lightgbm,HUST,pchp_method
HUST/HUST_7-4,0.013612290502345116,lightgbm,HUST,pchp_method
HUST/HUST_7-5,0.02249239223216718,lightgbm,HUST,pchp_method
HUST/HUST_7-6,0.015306873491394856,lightgbm,HUST,pchp_method
HUST/HUST_7-7,0.015496896868390833,lightgbm,HUST,pchp_method
HUST/HUST_7-8,0.019126707727327816,lightgbm,HUST,pchp_method
HUST/HUST_8-1,0.014174252542189857,lightgbm,HUST,pchp_method
HUST/HUST_8-2,0.01580224977929092,lightgbm,HUST,pchp_method
HUST/HUST_8-3,0.023575147842350465,lightgbm,HUST,pchp_method
HUST/HUST_8-4,0.01367824456586021,lightgbm,HUST,pchp_method
HUST/HUST_8-5,0.013909042039016316,lightgbm,HUST,pchp_method
HUST/HUST_8-6,0.01736541737817717,lightgbm,HUST,pchp_method
HUST/HUST_8-7,0.01859846173113512,lightgbm,HUST,pchp_method
HUST/HUST_8-8,0.024592431754346417,lightgbm,HUST,pchp_method
HUST/HUST_9-1,0.03226247855786127,lightgbm,HUST,pchp_method
HUST/HUST_9-2,0.021051520066764855,lightgbm,HUST,pchp_method
HUST/HUST_9-3,0.02830426219576474,lightgbm,HUST,pchp_method
HUST/HUST_9-4,0.029839961639340114,lightgbm,HUST,pchp_method
HUST/HUST_9-5,0.023244488021400393,lightgbm,HUST,pchp_method
HUST/HUST_9-6,0.028373471098425185,lightgbm,HUST,pchp_method
HUST/HUST_9-7,0.02587255827395433,lightgbm,HUST,pchp_method
HUST/HUST_9-8,0.025811767431745788,lightgbm,HUST,pchp_method
HUST/HUST_1-1,0.012939077249380223,lightgbm,HUST,raw_candidate
HUST/HUST_1-2,0.021423163466167017,lightgbm,HUST,raw_candidate
HUST/HUST_1-3,0.041107739430210774,lightgbm,HUST,raw_candidate
HUST/HUST_1-4,0.04664710827817762,lightgbm,HUST,raw_candidate
HUST/HUST_1-5,0.05654890469253034,lightgbm,HUST,raw_candidate
HUST/HUST_1-6,0.03372546704819366,lightgbm,HUST,raw_candidate
HUST/HUST_1-7,0.007991186443655745,lightgbm,HUST,raw_candidate
HUST/HUST_1-8,0.010191187184475215,lightgbm,HUST,raw_candidate
HUST/HUST_10-1,0.01679436095044877,lightgbm,HUST,raw_candidate
HUST/HUST_10-2,0.04427466867477501,lightgbm,HUST,raw_candidate
HUST/HUST_10-3,0.019458631173260882,lightgbm,HUST,raw_candidate
HUST/HUST_10-4,0.02795376907741594,lightgbm,HUST,raw_candidate
HUST/HUST_10-5,0.03727724776596282,lightgbm,HUST,raw_candidate
HUST/HUST_10-6,0.01719438109014832,lightgbm,HUST,raw_candidate
HUST/HUST_10-7,0.04127431038982493,lightgbm,HUST,raw_candidate
HUST/HUST_10-8,0.011888574121988363,lightgbm,HUST,raw_candidate
HUST/HUST_2-2,0.030948334375967567,lightgbm,HUST,raw_candidate
HUST/HUST_2-3,0.03686437337577406,lightgbm,HUST,raw_candidate
HUST/HUST_2-4,0.009777103261603061,lightgbm,HUST,raw_candidate
HUST/HUST_2-5,0.04854895557055872,lightgbm,HUST,raw_candidate
HUST/HUST_2-6,0.03814256000167197,lightgbm,HUST,raw_candidate
HUST/HUST_2-7,0.04104947391533023,lightgbm,HUST,raw_candidate
HUST/HUST_2-8,0.0064731475406120875,lightgbm,HUST,raw_candidate
HUST/HUST_3-1,0.039133097117752036,lightgbm,HUST,raw_candidate
HUST/HUST_3-2,0.046846843424944315,lightgbm,HUST,raw_candidate
HUST/HUST_3-3,0.042311826862706216,lightgbm,HUST,raw_candidate
HUST/HUST_3-4,0.024089641793367828,lightgbm,HUST,raw_candidate
HUST/HUST_3-5,0.034294946821129865,lightgbm,HUST,raw_candidate
HUST/HUST_3-6,0.04159656363123694,lightgbm,HUST,raw_candidate
HUST/HUST_3-7,0.025491996475955278,lightgbm,HUST,raw_candidate
HUST/HUST_3-8,0.04767662713136794,lightgbm,HUST,raw_candidate
HUST/HUST_4-1,0.03051352284610507,lightgbm,HUST,raw_candidate
HUST/HUST_4-2,0.024424463605979416,lightgbm,HUST,raw_candidate
HUST/HUST_4-3,0.009235932731974402,lightgbm,HUST,raw_candidate
HUST/HUST_4-4,0.0074361280940482555,lightgbm,HUST,raw_candidate
HUST/HUST_4-5,0.013726094141134078,lightgbm,HUST,raw_candidate
HUST/HUST_4-6,0.02096510987115941,lightgbm,HUST,raw_candidate
HUST/HUST_4-7,0.01310043490808143,lightgbm,HUST,raw_candidate
HUST/HUST_4-8,0.0364348456400016,lightgbm,HUST,raw_candidate
HUST/HUST_5-1,0.025379763609136356,lightgbm,HUST,raw_candidate
HUST/HUST_5-2,0.036898739013499625,lightgbm,HUST,raw_candidate
HUST/HUST_5-3,0.030840209823511877,lightgbm,HUST,raw_candidate
HUST/HUST_5-4,0.01752153722998523,lightgbm,HUST,raw_candidate
HUST/HUST_5-5,0.04268269669574599,lightgbm,HUST,raw_candidate
HUST/HUST_5-6,0.022061165753441078,lightgbm,HUST,raw_candidate
HUST/HUST_5-7,0.012118693969786532,lightgbm,HUST,raw_candidate
HUST/HUST_6-1,0.01700619322686684,lightgbm,HUST,raw_candidate
HUST/HUST_6-2,0.04115419508855112,lightgbm,HUST,raw_candidate
HUST/HUST_6-3,0.045816967848304205,lightgbm,HUST,raw_candidate
HUST/HUST_6-4,0.014725940481306904,lightgbm,HUST,raw_candidate
HUST/HUST_6-5,0.01572810527785848,lightgbm,HUST,raw_candidate
HUST/HUST_6-6,0.03753995950609139,lightgbm,HUST,raw_candidate
HUST/HUST_6-8,0.0491756834709029,lightgbm,HUST,raw_candidate
HUST/HUST_7-1,0.020008617852713347,lightgbm,HUST,raw_candidate
HUST/HUST_7-2,0.042517731089091175,lightgbm,HUST,raw_candidate
HUST/HUST_7-3,0.016476146489930905,lightgbm,HUST,raw_candidate
HUST/HUST_7-4,0.01455261734071679,lightgbm,HUST,raw_candidate
HUST/HUST_7-5,0.030248651731425852,lightgbm,HUST,raw_candidate
HUST/HUST_7-6,0.007274046190247865,lightgbm,HUST,raw_candidate
HUST/HUST_7-7,0.008118540700117366,lightgbm,HUST,raw_candidate
HUST/HUST_7-8,0.025526076142157496,lightgbm,HUST,raw_candidate
HUST/HUST_8-1,0.01079428790054995,lightgbm,HUST,raw_candidate
HUST/HUST_8-2,0.009466264254338963,lightgbm,HUST,raw_candidate
HUST/HUST_8-3,0.03484285827558769,lightgbm,HUST,raw_candidate
HUST/HUST_8-4,0.010924695884827921,lightgbm,HUST,raw_candidate
HUST/HUST_8-5,0.017484518009264823,lightgbm,HUST,raw_candidate
HUST/HUST_8-6,0.008787883271024602,lightgbm,HUST,raw_candidate
HUST/HUST_8-7,0.015746890512957076,lightgbm,HUST,raw_candidate
HUST/HUST_8-8,0.04059070383346506,lightgbm,HUST,raw_candidate
HUST/HUST_9-1,0.043755506878519076,lightgbm,HUST,raw_candidate
HUST/HUST_9-2,0.03208466104279108,lightgbm,HUST,raw_candidate
HUST/HUST_9-3,0.03307722640929972,lightgbm,HUST,raw_candidate
HUST/HUST_9-4,0.038692719521647594,lightgbm,HUST,raw_candidate
HUST/HUST_9-5,0.04121448976920858,lightgbm,HUST,raw_candidate
HUST/HUST_9-6,0.05281663245221281,lightgbm,HUST,raw_candidate
HUST/HUST_9-7,0.025954704687058974,lightgbm,HUST,raw_candidate
HUST/HUST_9-8,0.03521477091905648,lightgbm,HUST,raw_candidate
MATR/MATR_b1c0,0.11052917409900749,lightgbm,MATR,protected_state
MATR/MATR_b1c1,0.1261644648040777,lightgbm,MATR,protected_state
MATR/MATR_b1c11,0.08997914710226107,lightgbm,MATR,protected_state
MATR/MATR_b1c14,0.09406343776137163,lightgbm,MATR,protected_state
MATR/MATR_b1c15,0.08741423256748364,lightgbm,MATR,protected_state
MATR/MATR_b1c16,0.09106248260410686,lightgbm,MATR,protected_state
MATR/MATR_b1c17,0.09108847812428932,lightgbm,MATR,protected_state
MATR/MATR_b1c18,0.06579641738133907,lightgbm,MATR,protected_state
MATR/MATR_b1c19,0.07711718261822613,lightgbm,MATR,protected_state
MATR/MATR_b1c2,0.12484092923902053,lightgbm,MATR,protected_state
MATR/MATR_b1c20,0.02659732712570807,lightgbm,MATR,protected_state
MATR/MATR_b1c21,0.03529384913147432,lightgbm,MATR,protected_state
MATR/MATR_b1c23,0.09613488697486196,lightgbm,MATR,protected_state
MATR/MATR_b1c24,0.0938941982665062,lightgbm,MATR,protected_state
MATR/MATR_b1c25,0.08743150243168245,lightgbm,MATR,protected_state
MATR/MATR_b1c26,0.08053315254465704,lightgbm,MATR,protected_state
MATR/MATR_b1c27,0.08516625121198278,lightgbm,MATR,protected_state
MATR/MATR_b1c28,0.08634363678350916,lightgbm,MATR,protected_state
MATR/MATR_b1c29,0.08996777694556626,lightgbm,MATR,protected_state
MATR/MATR_b1c3,0.1135397312562243,lightgbm,MATR,protected_state
MATR/MATR_b1c30,0.07376972419479134,lightgbm,MATR,protected_state
MATR/MATR_b1c31,0.08576127159906324,lightgbm,MATR,protected_state
MATR/MATR_b1c32,0.0775597243423621,lightgbm,MATR,protected_state
MATR/MATR_b1c33,0.07623492994222404,lightgbm,MATR,protected_state
MATR/MATR_b1c34,0.09075168356931415,lightgbm,MATR,protected_state
MATR/MATR_b1c35,0.08661666863248586,lightgbm,MATR,protected_state
MATR/MATR_b1c36,0.08299097181141744,lightgbm,MATR,protected_state
MATR/MATR_b1c37,0.07994433475846137,lightgbm,MATR,protected_state
MATR/MATR_b1c38,0.07484117016655216,lightgbm,MATR,protected_state
MATR/MATR_b1c39,0.0762817849079547,lightgbm,MATR,protected_state
MATR/MATR_b1c4,0.11640740564466111,lightgbm,MATR,protected_state
MATR/MATR_b1c40,0.09861679855783978,lightgbm,MATR,protected_state
MATR/MATR_b1c41,0.10568596467883577,lightgbm,MATR,protected_state
MATR/MATR_b1c42,0.08281611754718256,lightgbm,MATR,protected_state
MATR/MATR_b1c43,0.08060264083034184,lightgbm,MATR,protected_state
MATR/MATR_b1c44,0.07661042333413394,lightgbm,MATR,protected_state
MATR/MATR_b1c45,0.07705863659548405,lightgbm,MATR,protected_state
MATR/MATR_b1c5,0.10255962376788166,lightgbm,MATR,protected_state
MATR/MATR_b1c6,0.06677048252335412,lightgbm,MATR,protected_state
MATR/MATR_b1c7,0.07380151297610028,lightgbm,MATR,protected_state
MATR/MATR_b1c9,0.09902827400185206,lightgbm,MATR,protected_state
MATR/MATR_b2c0,0.018386856454147504,lightgbm,MATR,protected_state
MATR/MATR_b2c1,0.057037591922499915,lightgbm,MATR,protected_state
MATR/MATR_b2c10,0.05172845193354743,lightgbm,MATR,protected_state
MATR/MATR_b2c11,0.04753320412136412,lightgbm,MATR,protected_state
MATR/MATR_b2c12,0.03309091464679823,lightgbm,MATR,protected_state
MATR/MATR_b2c13,0.04330836097202981,lightgbm,MATR,protected_state
MATR/MATR_b2c14,0.054808532556177396,lightgbm,MATR,protected_state
MATR/MATR_b2c17,0.054662306846716024,lightgbm,MATR,protected_state
MATR/MATR_b2c18,0.04473405340129212,lightgbm,MATR,protected_state
MATR/MATR_b2c19,0.03642815996139153,lightgbm,MATR,protected_state
MATR/MATR_b2c2,0.05627276799590505,lightgbm,MATR,protected_state
MATR/MATR_b2c20,0.05534697226507306,lightgbm,MATR,protected_state
MATR/MATR_b2c21,0.046171954390305144,lightgbm,MATR,protected_state
MATR/MATR_b2c22,0.05484903395403228,lightgbm,MATR,protected_state
MATR/MATR_b2c23,0.05109188227920313,lightgbm,MATR,protected_state
MATR/MATR_b2c24,0.05258848747237159,lightgbm,MATR,protected_state
MATR/MATR_b2c25,0.04283112038467057,lightgbm,MATR,protected_state
MATR/MATR_b2c26,0.044790665967601014,lightgbm,MATR,protected_state
MATR/MATR_b2c27,0.05049291455822404,lightgbm,MATR,protected_state
MATR/MATR_b2c28,0.053867975769034314,lightgbm,MATR,protected_state
MATR/MATR_b2c29,0.060728422000013146,lightgbm,MATR,protected_state
MATR/MATR_b2c3,0.022996675373441806,lightgbm,MATR,protected_state
MATR/MATR_b2c30,0.053584480884023324,lightgbm,MATR,protected_state
MATR/MATR_b2c31,0.05646896463512386,lightgbm,MATR,protected_state
MATR/MATR_b2c32,0.05900606076600408,lightgbm,MATR,protected_state
MATR/MATR_b2c33,0.06494566346648922,lightgbm,MATR,protected_state
MATR/MATR_b2c34,0.06436305940799512,lightgbm,MATR,protected_state
MATR/MATR_b2c35,0.05808474841561318,lightgbm,MATR,protected_state
MATR/MATR_b2c36,0.0634960877213725,lightgbm,MATR,protected_state
MATR/MATR_b2c37,0.061624521904870486,lightgbm,MATR,protected_state
MATR/MATR_b2c38,0.05630031980004701,lightgbm,MATR,protected_state
MATR/MATR_b2c39,0.05822016873015257,lightgbm,MATR,protected_state
MATR/MATR_b2c4,0.04001535374774504,lightgbm,MATR,protected_state
MATR/MATR_b2c40,0.04662774038151925,lightgbm,MATR,protected_state
MATR/MATR_b2c41,0.05523079874493566,lightgbm,MATR,protected_state
MATR/MATR_b2c42,0.05480079022182716,lightgbm,MATR,protected_state
MATR/MATR_b2c43,0.055538063816967555,lightgbm,MATR,protected_state
MATR/MATR_b2c44,0.05811035131966508,lightgbm,MATR,protected_state
MATR/MATR_b2c45,0.05465132495720332,lightgbm,MATR,protected_state
MATR/MATR_b2c46,0.05638532601097276,lightgbm,MATR,protected_state
MATR/MATR_b2c47,0.06976505864628436,lightgbm,MATR,protected_state
MATR/MATR_b2c5,0.05592151741469983,lightgbm,MATR,protected_state
MATR/MATR_b2c6,0.029372171059290457,lightgbm,MATR,protected_state
MATR/MATR_b3c0,0.08795477421447977,lightgbm,MATR,protected_state
MATR/MATR_b3c1,0.09275267318887093,lightgbm,MATR,protected_state
MATR/MATR_b3c10,0.09156646707362147,lightgbm,MATR,protected_state
MATR/MATR_b3c11,0.06869632269995811,lightgbm,MATR,protected_state
MATR/MATR_b3c12,0.0823345737396483,lightgbm,MATR,protected_state
MATR/MATR_b3c13,0.06765851230165346,lightgbm,MATR,protected_state
MATR/MATR_b3c14,0.07740773787118103,lightgbm,MATR,protected_state
MATR/MATR_b3c15,0.07234943845996349,lightgbm,MATR,protected_state
MATR/MATR_b3c16,0.10893440959991879,lightgbm,MATR,protected_state
MATR/MATR_b3c17,0.09984124286138613,lightgbm,MATR,protected_state
MATR/MATR_b3c18,0.08802437473241256,lightgbm,MATR,protected_state
MATR/MATR_b3c19,0.09150650581601114,lightgbm,MATR,protected_state
MATR/MATR_b3c20,0.07597191883144001,lightgbm,MATR,protected_state
MATR/MATR_b3c21,0.05214977872307835,lightgbm,MATR,protected_state
MATR/MATR_b3c22,0.09461413593127367,lightgbm,MATR,protected_state
MATR/MATR_b3c24,0.07907759592965037,lightgbm,MATR,protected_state
MATR/MATR_b3c25,0.09357399280035314,lightgbm,MATR,protected_state
MATR/MATR_b3c26,0.0878151616024712,lightgbm,MATR,protected_state
MATR/MATR_b3c27,0.07835402984012106,lightgbm,MATR,protected_state
MATR/MATR_b3c28,0.03302530063174137,lightgbm,MATR,protected_state
MATR/MATR_b3c29,0.07899439468997727,lightgbm,MATR,protected_state
MATR/MATR_b3c3,0.09612744911832313,lightgbm,MATR,protected_state
MATR/MATR_b3c30,0.08688527576240972,lightgbm,MATR,protected_state
MATR/MATR_b3c31,0.07401192401827339,lightgbm,MATR,protected_state
MATR/MATR_b3c33,0.10448161283354616,lightgbm,MATR,protected_state
MATR/MATR_b3c34,0.09535524710520088,lightgbm,MATR,protected_state
MATR/MATR_b3c35,0.08747632587644719,lightgbm,MATR,protected_state
MATR/MATR_b3c36,0.08592565404497478,lightgbm,MATR,protected_state
MATR/MATR_b3c38,0.1160197722826365,lightgbm,MATR,protected_state
MATR/MATR_b3c39,0.10138305594911387,lightgbm,MATR,protected_state
MATR/MATR_b3c4,0.09079322703336136,lightgbm,MATR,protected_state
MATR/MATR_b3c40,0.06996427861961167,lightgbm,MATR,protected_state
MATR/MATR_b3c41,0.0735525515046205,lightgbm,MATR,protected_state
MATR/MATR_b3c44,0.0911033111937621,lightgbm,MATR,protected_state
MATR/MATR_b3c45,0.11313456632664885,lightgbm,MATR,protected_state
MATR/MATR_b3c5,0.07769496637345857,lightgbm,MATR,protected_state
MATR/MATR_b3c6,0.03372264170483068,lightgbm,MATR,protected_state
MATR/MATR_b3c7,0.11636445344674215,lightgbm,MATR,protected_state
MATR/MATR_b3c8,0.07604293087384631,lightgbm,MATR,protected_state
MATR/MATR_b3c9,0.09384597528238219,lightgbm,MATR,protected_state
MATR/MATR_b4c0,0.0870063698548357,lightgbm,MATR,protected_state
MATR/MATR_b4c1,0.07237581955735993,lightgbm,MATR,protected_state
MATR/MATR_b4c10,0.10752882614047445,lightgbm,MATR,protected_state
MATR/MATR_b4c11,0.08735589151322139,lightgbm,MATR,protected_state
MATR/MATR_b4c12,0.08536613397593648,lightgbm,MATR,protected_state
MATR/MATR_b4c13,0.08545599550741666,lightgbm,MATR,protected_state
MATR/MATR_b4c14,0.09474172576900441,lightgbm,MATR,protected_state
MATR/MATR_b4c15,0.10939323226713907,lightgbm,MATR,protected_state
MATR/MATR_b4c16,0.09443529176816545,lightgbm,MATR,protected_state
MATR/MATR_b4c17,0.082068530962236,lightgbm,MATR,protected_state
MATR/MATR_b4c18,0.09073682183435741,lightgbm,MATR,protected_state
MATR/MATR_b4c19,0.0980519475787067,lightgbm,MATR,protected_state
MATR/MATR_b4c2,0.07588745867652517,lightgbm,MATR,protected_state
MATR/MATR_b4c20,0.07061982084562739,lightgbm,MATR,protected_state
MATR/MATR_b4c21,0.09132132859684437,lightgbm,MATR,protected_state
MATR/MATR_b4c22,0.0811573805599824,lightgbm,MATR,protected_state
MATR/MATR_b4c23,0.10016321667073017,lightgbm,MATR,protected_state
MATR/MATR_b4c24,0.09517436653965286,lightgbm,MATR,protected_state
MATR/MATR_b4c25,0.08173994890604294,lightgbm,MATR,protected_state
MATR/MATR_b4c26,0.08513076925735928,lightgbm,MATR,protected_state
MATR/MATR_b4c27,0.0691258435955664,lightgbm,MATR,protected_state
MATR/MATR_b4c28,0.08759615923066724,lightgbm,MATR,protected_state
MATR/MATR_b4c29,0.08252881542316634,lightgbm,MATR,protected_state
MATR/MATR_b4c3,0.09229692851200114,lightgbm,MATR,protected_state
MATR/MATR_b4c30,0.0695358766912273,lightgbm,MATR,protected_state
MATR/MATR_b4c31,0.16407744071665353,lightgbm,MATR,protected_state
MATR/MATR_b4c32,0.08472032463766228,lightgbm,MATR,protected_state
MATR/MATR_b4c33,0.06542766848382968,lightgbm,MATR,protected_state
MATR/MATR_b4c34,0.08015994650264915,lightgbm,MATR,protected_state
MATR/MATR_b4c35,0.10235309267620164,lightgbm,MATR,protected_state
MATR/MATR_b4c36,0.08692854198289773,lightgbm,MATR,protected_state
MATR/MATR_b4c37,0.09164068281389501,lightgbm,MATR,protected_state
MATR/MATR_b4c38,0.09770959077461874,lightgbm,MATR,protected_state
MATR/MATR_b4c39,0.08061485223074374,lightgbm,MATR,protected_state
MATR/MATR_b4c4,0.15275369841363534,lightgbm,MATR,protected_state
MATR/MATR_b4c40,0.10242960619570032,lightgbm,MATR,protected_state
MATR/MATR_b4c41,0.10074032404573385,lightgbm,MATR,protected_state
MATR/MATR_b4c42,0.09112992501143634,lightgbm,MATR,protected_state
MATR/MATR_b4c43,0.10594483440174042,lightgbm,MATR,protected_state
MATR/MATR_b4c44,0.09462955694979233,lightgbm,MATR,protected_state
MATR/MATR_b4c5,0.0984484342744942,lightgbm,MATR,protected_state
MATR/MATR_b4c6,0.07869791899061022,lightgbm,MATR,protected_state
MATR/MATR_b4c7,0.07251749140684775,lightgbm,MATR,protected_state
MATR/MATR_b4c8,0.0726943257330665,lightgbm,MATR,protected_state
MATR/MATR_b4c9,0.07354700740027516,lightgbm,MATR,protected_state
MATR/MATR_b1c0,0.10059726994926654,lightgbm,MATR,pchp_method
MATR/MATR_b1c1,0.11622288546017105,lightgbm,MATR,pchp_method
MATR/MATR_b1c11,0.08005651213315958,lightgbm,MATR,pchp_method
MATR/MATR_b1c14,0.08440708037305547,lightgbm,MATR,pchp_method
MATR/MATR_b1c15,0.07791985054501173,lightgbm,MATR,pchp_method
MATR/MATR_b1c16,0.081295690527027,lightgbm,MATR,pchp_method
MATR/MATR_b1c17,0.08143940826143388,lightgbm,MATR,pchp_method
MATR/MATR_b1c18,0.06627117334372724,lightgbm,MATR,pchp_method
MATR/MATR_b1c19,0.0690866845003214,lightgbm,MATR,pchp_method
MATR/MATR_b1c2,0.11492011221365785,lightgbm,MATR,pchp_method
MATR/MATR_b1c20,0.02766956861252189,lightgbm,MATR,pchp_method
MATR/MATR_b1c21,0.03579102408935165,lightgbm,MATR,pchp_method
MATR/MATR_b1c23,0.08667856369404604,lightgbm,MATR,pchp_method
MATR/MATR_b1c24,0.08472588143482301,lightgbm,MATR,pchp_method
MATR/MATR_b1c25,0.07801873583436675,lightgbm,MATR,pchp_method
MATR/MATR_b1c26,0.07098727402243424,lightgbm,MATR,pchp_method
MATR/MATR_b1c27,0.07542907533837252,lightgbm,MATR,pchp_method
MATR/MATR_b1c28,0.08227517562205576,lightgbm,MATR,pchp_method
MATR/MATR_b1c29,0.08316558028565588,lightgbm,MATR,pchp_method
MATR/MATR_b1c3,0.1036126391833283,lightgbm,MATR,pchp_method
MATR/MATR_b1c30,0.06612245201429519,lightgbm,MATR,pchp_method
MATR/MATR_b1c31,0.07991950318332115,lightgbm,MATR,pchp_method
MATR/MATR_b1c32,0.0707027304509876,lightgbm,MATR,pchp_method
MATR/MATR_b1c33,0.07215809160298997,lightgbm,MATR,pchp_method
MATR/MATR_b1c34,0.08297794481699083,lightgbm,MATR,pchp_method
MATR/MATR_b1c35,0.07891766860811149,lightgbm,MATR,pchp_method
MATR/MATR_b1c36,0.07681937182538302,lightgbm,MATR,pchp_method
MATR/MATR_b1c37,0.0758533578674016,lightgbm,MATR,pchp_method
MATR/MATR_b1c38,0.06810553064979041,lightgbm,MATR,pchp_method
MATR/MATR_b1c39,0.0700015119959009,lightgbm,MATR,pchp_method
MATR/MATR_b1c4,0.10642891905439289,lightgbm,MATR,pchp_method
MATR/MATR_b1c40,0.08972110072518465,lightgbm,MATR,pchp_method
MATR/MATR_b1c41,0.09742842005466053,lightgbm,MATR,pchp_method
MATR/MATR_b1c42,0.07850072650778797,lightgbm,MATR,pchp_method
MATR/MATR_b1c43,0.0737944962083876,lightgbm,MATR,pchp_method
MATR/MATR_b1c44,0.08266522529910957,lightgbm,MATR,pchp_method
MATR/MATR_b1c45,0.07996909815901884,lightgbm,MATR,pchp_method
MATR/MATR_b1c5,0.09275872737646114,lightgbm,MATR,pchp_method
MATR/MATR_b1c6,0.05755630301333896,lightgbm,MATR,pchp_method
MATR/MATR_b1c7,0.0692410927421032,lightgbm,MATR,pchp_method
MATR/MATR_b1c9,0.08913790742454904,lightgbm,MATR,pchp_method
MATR/MATR_b2c0,0.01799984480605637,lightgbm,MATR,pchp_method
MATR/MATR_b2c1,0.04852553291600154,lightgbm,MATR,pchp_method
MATR/MATR_b2c10,0.04530702890590608,lightgbm,MATR,pchp_method
MATR/MATR_b2c11,0.038270504717462996,lightgbm,MATR,pchp_method
MATR/MATR_b2c12,0.024751393579385817,lightgbm,MATR,pchp_method
MATR/MATR_b2c13,0.03360739435364095,lightgbm,MATR,pchp_method
MATR/MATR_b2c14,0.045244163660050546,lightgbm,MATR,pchp_method
MATR/MATR_b2c17,0.05093366843974512,lightgbm,MATR,pchp_method
MATR/MATR_b2c18,0.035893632240731964,lightgbm,MATR,pchp_method
MATR/MATR_b2c19,0.028911870900215634,lightgbm,MATR,pchp_method
MATR/MATR_b2c2,0.05350912087031455,lightgbm,MATR,pchp_method
MATR/MATR_b2c20,0.0465605392694955,lightgbm,MATR,pchp_method
MATR/MATR_b2c21,0.03854119625081369,lightgbm,MATR,pchp_method
MATR/MATR_b2c22,0.045427675005178365,lightgbm,MATR,pchp_method
MATR/MATR_b2c23,0.04294881184466445,lightgbm,MATR,pchp_method
MATR/MATR_b2c24,0.047226797317242934,lightgbm,MATR,pchp_method
MATR/MATR_b2c25,0.037706887276731084,lightgbm,MATR,pchp_method
MATR/MATR_b2c26,0.03718037919717882,lightgbm,MATR,pchp_method
MATR/MATR_b2c27,0.04173301984444766,lightgbm,MATR,pchp_method
MATR/MATR_b2c28,0.04949419137952327,lightgbm,MATR,pchp_method
MATR/MATR_b2c29,0.05403703395567961,lightgbm,MATR,pchp_method
MATR/MATR_b2c3,0.02396080152754199,lightgbm,MATR,pchp_method
MATR/MATR_b2c30,0.04430855858038368,lightgbm,MATR,pchp_method
MATR/MATR_b2c31,0.04802199261792283,lightgbm,MATR,pchp_method
MATR/MATR_b2c32,0.050224409711581014,lightgbm,MATR,pchp_method
MATR/MATR_b2c33,0.05715721893699665,lightgbm,MATR,pchp_method
MATR/MATR_b2c34,0.05546440284251011,lightgbm,MATR,pchp_method
MATR/MATR_b2c35,0.04964654175783302,lightgbm,MATR,pchp_method
MATR/MATR_b2c36,0.05583169592075865,lightgbm,MATR,pchp_method
MATR/MATR_b2c37,0.054593513588945486,lightgbm,MATR,pchp_method
MATR/MATR_b2c38,0.049813396217252594,lightgbm,MATR,pchp_method
MATR/MATR_b2c39,0.05120933263115225,lightgbm,MATR,pchp_method
MATR/MATR_b2c4,0.031149274142506247,lightgbm,MATR,pchp_method
MATR/MATR_b2c40,0.03873021482018882,lightgbm,MATR,pchp_method
MATR/MATR_b2c41,0.04745083281291272,lightgbm,MATR,pchp_method
MATR/MATR_b2c42,0.048253621153721504,lightgbm,MATR,pchp_method
MATR/MATR_b2c43,0.04973013786472721,lightgbm,MATR,pchp_method
MATR/MATR_b2c44,0.05229802795768922,lightgbm,MATR,pchp_method
MATR/MATR_b2c45,0.04613138385055366,lightgbm,MATR,pchp_method
MATR/MATR_b2c46,0.0515216874075194,lightgbm,MATR,pchp_method
MATR/MATR_b2c47,0.060478767551853385,lightgbm,MATR,pchp_method
MATR/MATR_b2c5,0.046392420974438436,lightgbm,MATR,pchp_method
MATR/MATR_b2c6,0.030720450034839888,lightgbm,MATR,pchp_method
MATR/MATR_b3c0,0.0781313403278935,lightgbm,MATR,pchp_method
MATR/MATR_b3c1,0.08289186747076653,lightgbm,MATR,pchp_method
MATR/MATR_b3c10,0.08157790486331515,lightgbm,MATR,pchp_method
MATR/MATR_b3c11,0.06294088665655283,lightgbm,MATR,pchp_method
MATR/MATR_b3c12,0.07285848655625239,lightgbm,MATR,pchp_method
MATR/MATR_b3c13,0.060967030982682434,lightgbm,MATR,pchp_method
MATR/MATR_b3c14,0.06828286256295592,lightgbm,MATR,pchp_method
MATR/MATR_b3c15,0.06296284556984795,lightgbm,MATR,pchp_method
MATR/MATR_b3c16,0.0989344095999188,lightgbm,MATR,pchp_method
MATR/MATR_b3c17,0.08993567470593518,lightgbm,MATR,pchp_method
MATR/MATR_b3c18,0.07813864696384544,lightgbm,MATR,pchp_method
MATR/MATR_b3c19,0.08166013282582262,lightgbm,MATR,pchp_method
MATR/MATR_b3c20,0.06626750352819478,lightgbm,MATR,pchp_method
MATR/MATR_b3c21,0.06129839222137709,lightgbm,MATR,pchp_method
MATR/MATR_b3c22,0.0851859966944384,lightgbm,MATR,pchp_method
MATR/MATR_b3c24,0.06909855454255139,lightgbm,MATR,pchp_method
MATR/MATR_b3c25,0.08452189775651497,lightgbm,MATR,pchp_method
MATR/MATR_b3c26,0.07835233855457044,lightgbm,MATR,pchp_method
MATR/MATR_b3c27,0.06856721812431898,lightgbm,MATR,pchp_method
MATR/MATR_b3c28,0.04197124962289734,lightgbm,MATR,pchp_method
MATR/MATR_b3c29,0.06904929509762857,lightgbm,MATR,pchp_method
MATR/MATR_b3c3,0.08636119297188834,lightgbm,MATR,pchp_method
MATR/MATR_b3c30,0.07721956182239702,lightgbm,MATR,pchp_method
MATR/MATR_b3c31,0.06505048437273257,lightgbm,MATR,pchp_method
MATR/MATR_b3c33,0.09450252695782099,lightgbm,MATR,pchp_method
MATR/MATR_b3c34,0.08557513729034323,lightgbm,MATR,pchp_method
MATR/MATR_b3c35,0.0775978439236388,lightgbm,MATR,pchp_method
MATR/MATR_b3c36,0.07719266870291258,lightgbm,MATR,pchp_method
MATR/MATR_b3c38,0.10601977228263648,lightgbm,MATR,pchp_method
MATR/MATR_b3c39,0.09152496599780174,lightgbm,MATR,pchp_method
MATR/MATR_b3c4,0.08083093178677962,lightgbm,MATR,pchp_method
MATR/MATR_b3c40,0.060632396365496756,lightgbm,MATR,pchp_method
MATR/MATR_b3c41,0.06383293828088861,lightgbm,MATR,pchp_method
MATR/MATR_b3c44,0.08141614539511663,lightgbm,MATR,pchp_method
MATR/MATR_b3c45,0.10317941787820789,lightgbm,MATR,pchp_method
MATR/MATR_b3c5,0.0680712971960168,lightgbm,MATR,pchp_method
MATR/MATR_b3c6,0.04223546426667118,lightgbm,MATR,pchp_method
MATR/MATR_b3c7,0.10655912810578048,lightgbm,MATR,pchp_method
MATR/MATR_b3c8,0.06640757495420849,lightgbm,MATR,pchp_method
MATR/MATR_b3c9,0.08427711233304798,lightgbm,MATR,pchp_method
MATR/MATR_b4c0,0.07753085286143695,lightgbm,MATR,pchp_method
MATR/MATR_b4c1,0.0629963470038447,lightgbm,MATR,pchp_method
MATR/MATR_b4c10,0.09798723934393844,lightgbm,MATR,pchp_method
MATR/MATR_b4c11,0.07768827651358254,lightgbm,MATR,pchp_method
MATR/MATR_b4c12,0.07567339345969953,lightgbm,MATR,pchp_method
MATR/MATR_b4c13,0.07648144969446988,lightgbm,MATR,pchp_method
MATR/MATR_b4c14,0.0860014947803464,lightgbm,MATR,pchp_method
MATR/MATR_b4c15,0.0997553136904854,lightgbm,MATR,pchp_method
MATR/MATR_b4c16,0.08558079453612027,lightgbm,MATR,pchp_method
MATR/MATR_b4c17,0.07317283279127546,lightgbm,MATR,pchp_method
MATR/MATR_b4c18,0.08182106473295543,lightgbm,MATR,pchp_method
MATR/MATR_b4c19,0.0890300746159631,lightgbm,MATR,pchp_method
MATR/MATR_b4c2,0.06703933686119883,lightgbm,MATR,pchp_method
MATR/MATR_b4c20,0.06179281788316227,lightgbm,MATR,pchp_method
MATR/MATR_b4c21,0.08202493436748765,lightgbm,MATR,pchp_method
MATR/MATR_b4c22,0.07290355455946343,lightgbm,MATR,pchp_method
MATR/MATR_b4c23,0.0909205308991221,lightgbm,MATR,pchp_method
MATR/MATR_b4c24,0.08550997801876135,lightgbm,MATR,pchp_method
MATR/MATR_b4c25,0.076096917699831,lightgbm,MATR,pchp_method
MATR/MATR_b4c26,0.07738531751289815,lightgbm,MATR,pchp_method
MATR/MATR_b4c27,0.06144464328394637,lightgbm,MATR,pchp_method
MATR/MATR_b4c28,0.07777797456682004,lightgbm,MATR,pchp_method
MATR/MATR_b4c29,0.07297939698698148,lightgbm,MATR,pchp_method
MATR/MATR_b4c3,0.08303290382512302,lightgbm,MATR,pchp_method
MATR/MATR_b4c30,0.06173393150887524,lightgbm,MATR,pchp_method
MATR/MATR_b4c31,0.15536346212796887,lightgbm,MATR,pchp_method
MATR/MATR_b4c32,0.07502305402076863,lightgbm,MATR,pchp_method
MATR/MATR_b4c33,0.059094049565404635,lightgbm,MATR,pchp_method
MATR/MATR_b4c34,0.07119247723590018,lightgbm,MATR,pchp_method
MATR/MATR_b4c35,0.09268450711421064,lightgbm,MATR,pchp_method
MATR/MATR_b4c36,0.07787719206430384,lightgbm,MATR,pchp_method
MATR/MATR_b4c37,0.0827137234314878,lightgbm,MATR,pchp_method
MATR/MATR_b4c38,0.08810329560713269,lightgbm,MATR,pchp_method
MATR/MATR_b4c39,0.07226757111974899,lightgbm,MATR,pchp_method
MATR/MATR_b4c4,0.14343675890283153,lightgbm,MATR,pchp_method
MATR/MATR_b4c40,0.09267859945205763,lightgbm,MATR,pchp_method
MATR/MATR_b4c41,0.09101376154947823,lightgbm,MATR,pchp_method
MATR/MATR_b4c42,0.08131739463462591,lightgbm,MATR,pchp_method
MATR/MATR_b4c43,0.09648502924074871,lightgbm,MATR,pchp_method
MATR/MATR_b4c44,0.08536365770164005,lightgbm,MATR,pchp_method
MATR/MATR_b4c5,0.08882080285942255,lightgbm,MATR,pchp_method
MATR/MATR_b4c6,0.06970144802956298,lightgbm,MATR,pchp_method
MATR/MATR_b4c7,0.06538347533429062,lightgbm,MATR,pchp_method
MATR/MATR_b4c8,0.06389335253870126,lightgbm,MATR,pchp_method
MATR/MATR_b4c9,0.0672064374101121,lightgbm,MATR,pchp_method
MATR/MATR_b1c0,0.021354555782387437,lightgbm,MATR,raw_candidate
MATR/MATR_b1c1,0.02303028286124336,lightgbm,MATR,raw_candidate
MATR/MATR_b1c11,0.01772390875909479,lightgbm,MATR,raw_candidate
MATR/MATR_b1c14,0.027522953704357207,lightgbm,MATR,raw_candidate
MATR/MATR_b1c15,0.03160043721511101,lightgbm,MATR,raw_candidate
MATR/MATR_b1c16,0.02862066714571757,lightgbm,MATR,raw_candidate
MATR/MATR_b1c17,0.034138196998633887,lightgbm,MATR,raw_candidate
MATR/MATR_b1c18,0.056098046590216485,lightgbm,MATR,raw_candidate
MATR/MATR_b1c19,0.05308885534623917,lightgbm,MATR,raw_candidate
MATR/MATR_b1c2,0.022376818871207172,lightgbm,MATR,raw_candidate
MATR/MATR_b1c20,0.02667678333421138,lightgbm,MATR,raw_candidate
MATR/MATR_b1c21,0.03498373099426752,lightgbm,MATR,raw_candidate
MATR/MATR_b1c23,0.022841282741198034,lightgbm,MATR,raw_candidate
MATR/MATR_b1c24,0.03159943315892065,lightgbm,MATR,raw_candidate
MATR/MATR_b1c25,0.021133825051724914,lightgbm,MATR,raw_candidate
MATR/MATR_b1c26,0.029621849339618395,lightgbm,MATR,raw_candidate
MATR/MATR_b1c27,0.030831885239488654,lightgbm,MATR,raw_candidate
MATR/MATR_b1c28,0.05136184298545119,lightgbm,MATR,raw_candidate
MATR/MATR_b1c29,0.04376015059560445,lightgbm,MATR,raw_candidate
MATR/MATR_b1c3,0.022622784807569733,lightgbm,MATR,raw_candidate
MATR/MATR_b1c30,0.050981671976839366,lightgbm,MATR,raw_candidate
MATR/MATR_b1c31,0.046614022674505824,lightgbm,MATR,raw_candidate
MATR/MATR_b1c32,0.04938890792556101,lightgbm,MATR,raw_candidate
MATR/MATR_b1c33,0.05112239201275855,lightgbm,MATR,raw_candidate
MATR/MATR_b1c34,0.04171345016668994,lightgbm,MATR,raw_candidate
MATR/MATR_b1c35,0.04777528519844046,lightgbm,MATR,raw_candidate
MATR/MATR_b1c36,0.04720092503849993,lightgbm,MATR,raw_candidate
MATR/MATR_b1c37,0.046979967792898224,lightgbm,MATR,raw_candidate
MATR/MATR_b1c38,0.061470079217508855,lightgbm,MATR,raw_candidate
MATR/MATR_b1c39,0.05608447565333029,lightgbm,MATR,raw_candidate
MATR/MATR_b1c4,0.019495276298433468,lightgbm,MATR,raw_candidate
MATR/MATR_b1c40,0.030728278539032938,lightgbm,MATR,raw_candidate
MATR/MATR_b1c41,0.040839954005414396,lightgbm,MATR,raw_candidate
MATR/MATR_b1c42,0.06947186057140758,lightgbm,MATR,raw_candidate
MATR/MATR_b1c43,0.053641269173998765,lightgbm,MATR,raw_candidate
MATR/MATR_b1c44,0.13935759522295918,lightgbm,MATR,raw_candidate
MATR/MATR_b1c45,0.11700534597389772,lightgbm,MATR,raw_candidate
MATR/MATR_b1c5,0.02210815380427583,lightgbm,MATR,raw_candidate
MATR/MATR_b1c6,0.012953941667939405,lightgbm,MATR,raw_candidate
MATR/MATR_b1c7,0.047992139251277044,lightgbm,MATR,raw_candidate
MATR/MATR_b1c9,0.02477971241973541,lightgbm,MATR,raw_candidate
MATR/MATR_b2c0,0.016235583047174214,lightgbm,MATR,raw_candidate
MATR/MATR_b2c1,0.042367948979462916,lightgbm,MATR,raw_candidate
MATR/MATR_b2c10,0.02964314695486519,lightgbm,MATR,raw_candidate
MATR/MATR_b2c11,0.013722567845919492,lightgbm,MATR,raw_candidate
MATR/MATR_b2c12,0.012529436496485413,lightgbm,MATR,raw_candidate
MATR/MATR_b2c13,0.0105259070912293,lightgbm,MATR,raw_candidate
MATR/MATR_b2c14,0.022939812754289978,lightgbm,MATR,raw_candidate
MATR/MATR_b2c17,0.03326083852971219,lightgbm,MATR,raw_candidate
MATR/MATR_b2c18,0.011304204871854615,lightgbm,MATR,raw_candidate
MATR/MATR_b2c19,0.010409531888826344,lightgbm,MATR,raw_candidate
MATR/MATR_b2c2,0.04600984603146844,lightgbm,MATR,raw_candidate
MATR/MATR_b2c20,0.027036274416491746,lightgbm,MATR,raw_candidate
MATR/MATR_b2c21,0.021511199966072137,lightgbm,MATR,raw_candidate
MATR/MATR_b2c22,0.018232855924376366,lightgbm,MATR,raw_candidate
MATR/MATR_b2c23,0.025163428908598552,lightgbm,MATR,raw_candidate
MATR/MATR_b2c24,0.02813320513884752,lightgbm,MATR,raw_candidate
MATR/MATR_b2c25,0.02352619553568955,lightgbm,MATR,raw_candidate
MATR/MATR_b2c26,0.01998199576229117,lightgbm,MATR,raw_candidate
MATR/MATR_b2c27,0.02066148321473674,lightgbm,MATR,raw_candidate
MATR/MATR_b2c28,0.03929672285997373,lightgbm,MATR,raw_candidate
MATR/MATR_b2c29,0.04215188136761928,lightgbm,MATR,raw_candidate
MATR/MATR_b2c3,0.02129280778289306,lightgbm,MATR,raw_candidate
MATR/MATR_b2c30,0.020204405381021185,lightgbm,MATR,raw_candidate
MATR/MATR_b2c31,0.034143714454036696,lightgbm,MATR,raw_candidate
MATR/MATR_b2c32,0.03527576040011058,lightgbm,MATR,raw_candidate
MATR/MATR_b2c33,0.04073899020240875,lightgbm,MATR,raw_candidate
MATR/MATR_b2c34,0.038275610717420874,lightgbm,MATR,raw_candidate
MATR/MATR_b2c35,0.03323496051049644,lightgbm,MATR,raw_candidate
MATR/MATR_b2c36,0.034549715694994036,lightgbm,MATR,raw_candidate
MATR/MATR_b2c37,0.04161919470962566,lightgbm,MATR,raw_candidate
MATR/MATR_b2c38,0.0368514122463639,lightgbm,MATR,raw_candidate
MATR/MATR_b2c39,0.03959594906175998,lightgbm,MATR,raw_candidate
MATR/MATR_b2c4,0.01413622836629913,lightgbm,MATR,raw_candidate
MATR/MATR_b2c40,0.019543307226960308,lightgbm,MATR,raw_candidate
MATR/MATR_b2c41,0.03324064052650866,lightgbm,MATR,raw_candidate
MATR/MATR_b2c42,0.03389369110070208,lightgbm,MATR,raw_candidate
MATR/MATR_b2c43,0.033036490661068695,lightgbm,MATR,raw_candidate
MATR/MATR_b2c44,0.03687844227830279,lightgbm,MATR,raw_candidate
MATR/MATR_b2c45,0.02424274387251834,lightgbm,MATR,raw_candidate
MATR/MATR_b2c46,0.04565307928771028,lightgbm,MATR,raw_candidate
MATR/MATR_b2c47,0.026803055127264587,lightgbm,MATR,raw_candidate
MATR/MATR_b2c5,0.021400563250275065,lightgbm,MATR,raw_candidate
MATR/MATR_b2c6,0.022928715373514083,lightgbm,MATR,raw_candidate
MATR/MATR_b3c0,0.02332899691376071,lightgbm,MATR,raw_candidate
MATR/MATR_b3c1,0.028971728183304613,lightgbm,MATR,raw_candidate
MATR/MATR_b3c10,0.023568623546385788,lightgbm,MATR,raw_candidate
MATR/MATR_b3c11,0.03128202721013275,lightgbm,MATR,raw_candidate
MATR/MATR_b3c12,0.03210726391927653,lightgbm,MATR,raw_candidate
MATR/MATR_b3c13,0.028347536128995585,lightgbm,MATR,raw_candidate
MATR/MATR_b3c14,0.0313920400389925,lightgbm,MATR,raw_candidate
MATR/MATR_b3c15,0.027865394050527816,lightgbm,MATR,raw_candidate
MATR/MATR_b3c16,0.022097999651051168,lightgbm,MATR,raw_candidate
MATR/MATR_b3c17,0.029365108889125035,lightgbm,MATR,raw_candidate
MATR/MATR_b3c18,0.02999938171848084,lightgbm,MATR,raw_candidate
MATR/MATR_b3c19,0.027961619654939828,lightgbm,MATR,raw_candidate
MATR/MATR_b3c20,0.027516376830771495,lightgbm,MATR,raw_candidate
MATR/MATR_b3c21,0.04048664289656973,lightgbm,MATR,raw_candidate
MATR/MATR_b3c22,0.039753357565332666,lightgbm,MATR,raw_candidate
MATR/MATR_b3c24,0.02440576379419125,lightgbm,MATR,raw_candidate
MATR/MATR_b3c25,0.04497277158405316,lightgbm,MATR,raw_candidate
MATR/MATR_b3c26,0.034903891755031155,lightgbm,MATR,raw_candidate
MATR/MATR_b3c27,0.03137507115654912,lightgbm,MATR,raw_candidate
MATR/MATR_b3c28,0.038687901560608556,lightgbm,MATR,raw_candidate
MATR/MATR_b3c29,0.024706944270817762,lightgbm,MATR,raw_candidate
MATR/MATR_b3c3,0.037468304679593195,lightgbm,MATR,raw_candidate
MATR/MATR_b3c30,0.027421484928789337,lightgbm,MATR,raw_candidate
MATR/MATR_b3c31,0.03492452663618717,lightgbm,MATR,raw_candidate
MATR/MATR_b3c33,0.02515137708239347,lightgbm,MATR,raw_candidate
MATR/MATR_b3c34,0.028043471458879903,lightgbm,MATR,raw_candidate
MATR/MATR_b3c35,0.028575514642897707,lightgbm,MATR,raw_candidate
MATR/MATR_b3c36,0.03539798232127528,lightgbm,MATR,raw_candidate
MATR/MATR_b3c38,0.026900687253912932,lightgbm,MATR,raw_candidate
MATR/MATR_b3c39,0.02596322161540005,lightgbm,MATR,raw_candidate
MATR/MATR_b3c4,0.027126676969687676,lightgbm,MATR,raw_candidate
MATR/MATR_b3c40,0.030377943282045444,lightgbm,MATR,raw_candidate
MATR/MATR_b3c41,0.024480840522087453,lightgbm,MATR,raw_candidate
MATR/MATR_b3c44,0.030552693274699706,lightgbm,MATR,raw_candidate
MATR/MATR_b3c45,0.024903752991017474,lightgbm,MATR,raw_candidate
MATR/MATR_b3c5,0.027815779829819535,lightgbm,MATR,raw_candidate
MATR/MATR_b3c6,0.04276671039985666,lightgbm,MATR,raw_candidate
MATR/MATR_b3c7,0.02835393542822878,lightgbm,MATR,raw_candidate
MATR/MATR_b3c8,0.02269789396117847,lightgbm,MATR,raw_candidate
MATR/MATR_b3c9,0.03445904885037617,lightgbm,MATR,raw_candidate
MATR/MATR_b4c0,0.024944107739309922,lightgbm,MATR,raw_candidate
MATR/MATR_b4c1,0.02506257368523561,lightgbm,MATR,raw_candidate
MATR/MATR_b4c10,0.03363424235477767,lightgbm,MATR,raw_candidate
MATR/MATR_b4c11,0.02932877049831644,lightgbm,MATR,raw_candidate
MATR/MATR_b4c12,0.03462767252934443,lightgbm,MATR,raw_candidate
MATR/MATR_b4c13,0.040125045058393934,lightgbm,MATR,raw_candidate
MATR/MATR_b4c14,0.04127453597646099,lightgbm,MATR,raw_candidate
MATR/MATR_b4c15,0.03277029767803626,lightgbm,MATR,raw_candidate
MATR/MATR_b4c16,0.04116202075818498,lightgbm,MATR,raw_candidate
MATR/MATR_b4c17,0.0313858704340567,lightgbm,MATR,raw_candidate
MATR/MATR_b4c18,0.024576112928081296,lightgbm,MATR,raw_candidate
MATR/MATR_b4c19,0.03302160491021633,lightgbm,MATR,raw_candidate
MATR/MATR_b4c2,0.01745353289916968,lightgbm,MATR,raw_candidate
MATR/MATR_b4c20,0.019430214131003907,lightgbm,MATR,raw_candidate
MATR/MATR_b4c21,0.030425002198428572,lightgbm,MATR,raw_candidate
MATR/MATR_b4c22,0.036536423458483715,lightgbm,MATR,raw_candidate
MATR/MATR_b4c23,0.02822823706550783,lightgbm,MATR,raw_candidate
MATR/MATR_b4c24,0.025152347401523754,lightgbm,MATR,raw_candidate
MATR/MATR_b4c25,0.03162138889246504,lightgbm,MATR,raw_candidate
MATR/MATR_b4c26,0.03445912786803123,lightgbm,MATR,raw_candidate
MATR/MATR_b4c27,0.0362991435246787,lightgbm,MATR,raw_candidate
MATR/MATR_b4c28,0.029032416764067738,lightgbm,MATR,raw_candidate
MATR/MATR_b4c29,0.027567573099099314,lightgbm,MATR,raw_candidate
MATR/MATR_b4c3,0.02224016903134851,lightgbm,MATR,raw_candidate
MATR/MATR_b4c30,0.027988736757737873,lightgbm,MATR,raw_candidate
MATR/MATR_b4c31,0.05100229176139245,lightgbm,MATR,raw_candidate
MATR/MATR_b4c32,0.03205241201406119,lightgbm,MATR,raw_candidate
MATR/MATR_b4c33,0.03655048320011313,lightgbm,MATR,raw_candidate
MATR/MATR_b4c34,0.025980577298466933,lightgbm,MATR,raw_candidate
MATR/MATR_b4c35,0.023204085728840484,lightgbm,MATR,raw_candidate
MATR/MATR_b4c36,0.03311499015362064,lightgbm,MATR,raw_candidate
MATR/MATR_b4c37,0.031339160764728265,lightgbm,MATR,raw_candidate
MATR/MATR_b4c38,0.030579853615620243,lightgbm,MATR,raw_candidate
MATR/MATR_b4c39,0.04087951471720745,lightgbm,MATR,raw_candidate
MATR/MATR_b4c4,0.04880782774381865,lightgbm,MATR,raw_candidate
MATR/MATR_b4c40,0.03056583230080643,lightgbm,MATR,raw_candidate
MATR/MATR_b4c41,0.028944928260723927,lightgbm,MATR,raw_candidate
MATR/MATR_b4c42,0.034088119715068595,lightgbm,MATR,raw_candidate
MATR/MATR_b4c43,0.03124155363759178,lightgbm,MATR,raw_candidate
MATR/MATR_b4c44,0.03564970035361018,lightgbm,MATR,raw_candidate
MATR/MATR_b4c5,0.026322978214236313,lightgbm,MATR,raw_candidate
MATR/MATR_b4c6,0.028007588386468652,lightgbm,MATR,raw_candidate
MATR/MATR_b4c7,0.047146015482743664,lightgbm,MATR,raw_candidate
MATR/MATR_b4c8,0.030526717868785646,lightgbm,MATR,raw_candidate
MATR/MATR_b4c9,0.039146642364259174,lightgbm,MATR,raw_candidate
MICH/MICH_BLForm10_pouch_NMC_25C_0-100_1-1C_j,0.10560747096579076,lightgbm,MICH,protected_state
MICH/MICH_BLForm11_pouch_NMC_25C_0-100_1-1C_a,0.07527149351356872,lightgbm,MICH,protected_state
MICH/MICH_BLForm12_pouch_NMC_25C_0-100_1-1C_b,0.09188555502730825,lightgbm,MICH,protected_state
MICH/MICH_BLForm13_pouch_NMC_25C_0-100_1-1C_c,0.10661231182213335,lightgbm,MICH,protected_state
MICH/MICH_BLForm14_pouch_NMC_25C_0-100_1-1C_d,0.07802934651490187,lightgbm,MICH,protected_state
MICH/MICH_BLForm15_pouch_NMC_25C_0-100_1-1C_e,0.10494045769950919,lightgbm,MICH,protected_state
MICH/MICH_BLForm16_pouch_NMC_25C_0-100_1-1C_f,0.0986951443728314,lightgbm,MICH,protected_state
MICH/MICH_BLForm17_pouch_NMC_25C_0-100_1-1C_g,0.14049239571154173,lightgbm,MICH,protected_state
MICH/MICH_BLForm18_pouch_NMC_25C_0-100_1-1C_h,0.1174398896407507,lightgbm,MICH,protected_state
MICH/MICH_BLForm19_pouch_NMC_25C_0-100_1-1C_i,0.10199563046120397,lightgbm,MICH,protected_state
MICH/MICH_BLForm1_pouch_NMC_45C_0-100_1-1C_a,0.1484738138628238,lightgbm,MICH,protected_state
MICH/MICH_BLForm20_pouch_NMC_25C_0-100_1-1C_j,0.13454626461464947,lightgbm,MICH,protected_state
MICH/MICH_BLForm2_pouch_NMC_45C_0-100_1-1C_b,0.14517403549410474,lightgbm,MICH,protected_state
MICH/MICH_BLForm3_pouch_NMC_45C_0-100_1-1C_c,0.06963699601890297,lightgbm,MICH,protected_state
MICH/MICH_BLForm4_pouch_NMC_45C_0-100_1-1C_d,0.15049086689025443,lightgbm,MICH,protected_state
MICH/MICH_BLForm5_pouch_NMC_45C_0-100_1-1C_e,0.145416744936194,lightgbm,MICH,protected_state
MICH/MICH_BLForm6_pouch_NMC_45C_0-100_1-1C_f,0.09561655144114745,lightgbm,MICH,protected_state
MICH/MICH_BLForm7_pouch_NMC_45C_0-100_1-1C_g,0.11718099407989277,lightgbm,MICH,protected_state
MICH/MICH_BLForm8_pouch_NMC_45C_0-100_1-1C_h,0.1433785830855861,lightgbm,MICH,protected_state
MICH/MICH_BLForm9_pouch_NMC_45C_0-100_1-1C_i,0.2724027323499528,lightgbm,MICH,protected_state
MICH/MICH_MCForm21_pouch_NMC_25C_0-100_1-1C_a,0.06200416684791181,lightgbm,MICH,protected_state
MICH/MICH_MCForm22_pouch_NMC_25C_0-100_1-1C_b,0.12711953558626854,lightgbm,MICH,protected_state
MICH/MICH_MCForm23_pouch_NMC_25C_0-100_1-1C_c,0.07278748603114826,lightgbm,MICH,protected_state
MICH/MICH_MCForm24_pouch_NMC_25C_0-100_1-1C_d,0.08030054936831955,lightgbm,MICH,protected_state
MICH/MICH_MCForm25_pouch_NMC_25C_0-100_1-1C_e,0.08391129308193193,lightgbm,MICH,protected_state
MICH/MICH_MCForm26_pouch_NMC_25C_0-100_1-1C_f,0.07720917723619565,lightgbm,MICH,protected_state
MICH/MICH_MCForm27_pouch_NMC_25C_0-100_1-1C_g,0.07187623645936704,lightgbm,MICH,protected_state
MICH/MICH_MCForm28_pouch_NMC_25C_0-100_1-1C_h,0.08516361082129582,lightgbm,MICH,protected_state
MICH/MICH_MCForm29_pouch_NMC_25C_0-100_1-1C_i,0.09918463386396234,lightgbm,MICH,protected_state
MICH/MICH_MCForm30_pouch_NMC_25C_0-100_1-1C_j,0.07112655341405953,lightgbm,MICH,protected_state
MICH/MICH_MCForm31_pouch_NMC_45C_0-100_1-1C_a,0.08306998953855695,lightgbm,MICH,protected_state
MICH/MICH_MCForm32_pouch_NMC_45C_0-100_1-1C_b,0.05771294254981911,lightgbm,MICH,protected_state
MICH/MICH_MCForm33_pouch_NMC_45C_0-100_1-1C_c,0.07475301833052544,lightgbm,MICH,protected_state
MICH/MICH_MCForm34_pouch_NMC_45C_0-100_1-1C_d,0.04635696008213156,lightgbm,MICH,protected_state
MICH/MICH_MCForm35_pouch_NMC_45C_0-100_1-1C_e,0.052749707929303995,lightgbm,MICH,protected_state
MICH/MICH_MCForm36_pouch_NMC_45C_0-100_1-1C_f,0.07354166149612308,lightgbm,MICH,protected_state
MICH/MICH_MCForm37_pouch_NMC_45C_0-100_1-1C_g,0.05360316804309252,lightgbm,MICH,protected_state
MICH/MICH_MCForm38_pouch_NMC_45C_0-100_1-1C_h,0.0893881234848565,lightgbm,MICH,protected_state
MICH/MICH_MCForm39_pouch_NMC_45C_0-100_1-1C_i,0.06790272257446502,lightgbm,MICH,protected_state
MICH/MICH_MCForm40_pouch_NMC_45C_0-100_1-1C_j,0.05960969285316249,lightgbm,MICH,protected_state
MICH/MICH_BLForm10_pouch_NMC_25C_0-100_1-1C_j,0.0974687328586923,lightgbm,MICH,pchp_method
MICH/MICH_BLForm11_pouch_NMC_25C_0-100_1-1C_a,0.06655273489472628,lightgbm,MICH,pchp_method
MICH/MICH_BLForm12_pouch_NMC_25C_0-100_1-1C_b,0.0830773854726846,lightgbm,MICH,pchp_method
MICH/MICH_BLForm13_pouch_NMC_25C_0-100_1-1C_c,0.09760188688911249,lightgbm,MICH,pchp_method
MICH/MICH_BLForm14_pouch_NMC_25C_0-100_1-1C_d,0.06990049725950485,lightgbm,MICH,pchp_method
MICH/MICH_BLForm15_pouch_NMC_25C_0-100_1-1C_e,0.09625151414420186,lightgbm,MICH,pchp_method
MICH/MICH_BLForm16_pouch_NMC_25C_0-100_1-1C_f,0.09129280157773663,lightgbm,MICH,pchp_method
MICH/MICH_BLForm17_pouch_NMC_25C_0-100_1-1C_g,0.1312773842917079,lightgbm,MICH,pchp_method
MICH/MICH_BLForm18_pouch_NMC_25C_0-100_1-1C_h,0.10836635264956948,lightgbm,MICH,pchp_method
MICH/MICH_BLForm19_pouch_NMC_25C_0-100_1-1C_i,0.09316226220801763,lightgbm,MICH,pchp_method
MICH/MICH_BLForm1_pouch_NMC_45C_0-100_1-1C_a,0.14019032803004824,lightgbm,MICH,pchp_method
MICH/MICH_BLForm20_pouch_NMC_25C_0-100_1-1C_j,0.12532556791367905,lightgbm,MICH,pchp_method
MICH/MICH_BLForm2_pouch_NMC_45C_0-100_1-1C_b,0.13655459420452887,lightgbm,MICH,pchp_method
MICH/MICH_BLForm3_pouch_NMC_45C_0-100_1-1C_c,0.06274852688156908,lightgbm,MICH,pchp_method
MICH/MICH_BLForm4_pouch_NMC_45C_0-100_1-1C_d,0.14226315879221146,lightgbm,MICH,pchp_method
MICH/MICH_BLForm5_pouch_NMC_45C_0-100_1-1C_e,0.13798514009165455,lightgbm,MICH,pchp_method
MICH/MICH_BLForm6_pouch_NMC_45C_0-100_1-1C_f,0.08724264435112407,lightgbm,MICH,pchp_method
MICH/MICH_BLForm7_pouch_NMC_45C_0-100_1-1C_g,0.10916378944398782,lightgbm,MICH,pchp_method
MICH/MICH_BLForm8_pouch_NMC_45C_0-100_1-1C_h,0.1357820474322157,lightgbm,MICH,pchp_method
MICH/MICH_BLForm9_pouch_NMC_45C_0-100_1-1C_i,0.27196557506422264,lightgbm,MICH,pchp_method
MICH/MICH_MCForm21_pouch_NMC_25C_0-100_1-1C_a,0.05358015297522097,lightgbm,MICH,pchp_method
MICH/MICH_MCForm22_pouch_NMC_25C_0-100_1-1C_b,0.11824094287848588,lightgbm,MICH,pchp_method
MICH/MICH_MCForm23_pouch_NMC_25C_0-100_1-1C_c,0.06400932084572163,lightgbm,MICH,pchp_method
MICH/MICH_MCForm24_pouch_NMC_25C_0-100_1-1C_d,0.07197999979625214,lightgbm,MICH,pchp_method
MICH/MICH_MCForm25_pouch_NMC_25C_0-100_1-1C_e,0.07441256306943748,lightgbm,MICH,pchp_method
MICH/MICH_MCForm26_pouch_NMC_25C_0-100_1-1C_f,0.06801552653150215,lightgbm,MICH,pchp_method
MICH/MICH_MCForm27_pouch_NMC_25C_0-100_1-1C_g,0.06358613593354928,lightgbm,MICH,pchp_method
MICH/MICH_MCForm28_pouch_NMC_25C_0-100_1-1C_h,0.07661028944000202,lightgbm,MICH,pchp_method
MICH/MICH_MCForm29_pouch_NMC_25C_0-100_1-1C_i,0.09056960187567357,lightgbm,MICH,pchp_method
MICH/MICH_MCForm30_pouch_NMC_25C_0-100_1-1C_j,0.06281638539599445,lightgbm,MICH,pchp_method
MICH/MICH_MCForm31_pouch_NMC_45C_0-100_1-1C_a,0.07644878540289766,lightgbm,MICH,pchp_method
MICH/MICH_MCForm32_pouch_NMC_45C_0-100_1-1C_b,0.0491421476523742,lightgbm,MICH,pchp_method
MICH/MICH_MCForm33_pouch_NMC_45C_0-100_1-1C_c,0.0654219368798084,lightgbm,MICH,pchp_method
MICH/MICH_MCForm34_pouch_NMC_45C_0-100_1-1C_d,0.03739517692364708,lightgbm,MICH,pchp_method
MICH/MICH_MCForm35_pouch_NMC_45C_0-100_1-1C_e,0.04570526951419022,lightgbm,MICH,pchp_method
MICH/MICH_MCForm36_pouch_NMC_45C_0-100_1-1C_f,0.06641053155867038,lightgbm,MICH,pchp_method
MICH/MICH_MCForm37_pouch_NMC_45C_0-100_1-1C_g,0.04694978102274584,lightgbm,MICH,pchp_method
MICH/MICH_MCForm38_pouch_NMC_45C_0-100_1-1C_h,0.0819887429399715,lightgbm,MICH,pchp_method
MICH/MICH_MCForm39_pouch_NMC_45C_0-100_1-1C_i,0.060820222844701524,lightgbm,MICH,pchp_method
MICH/MICH_MCForm40_pouch_NMC_45C_0-100_1-1C_j,0.05026799286563462,lightgbm,MICH,pchp_method
MICH/MICH_BLForm10_pouch_NMC_25C_0-100_1-1C_j,0.057860586536430954,lightgbm,MICH,raw_candidate
MICH/MICH_BLForm11_pouch_NMC_25C_0-100_1-1C_a,0.03071614453055033,lightgbm,MICH,raw_candidate
MICH/MICH_BLForm12_pouch_NMC_25C_0-100_1-1C_b,0.0365853281488457,lightgbm,MICH,raw_candidate
MICH/MICH_BLForm13_pouch_NMC_25C_0-100_1-1C_c,0.045874694663634634,lightgbm,MICH,raw_candidate
MICH/MICH_BLForm14_pouch_NMC_25C_0-100_1-1C_d,0.03602180373019996,lightgbm,MICH,raw_candidate
MICH/MICH_BLForm15_pouch_NMC_25C_0-100_1-1C_e,0.043772760072352986,lightgbm,MICH,raw_candidate
MICH/MICH_BLForm16_pouch_NMC_25C_0-100_1-1C_f,0.04735061222645389,lightgbm,MICH,raw_candidate
MICH/MICH_BLForm17_pouch_NMC_25C_0-100_1-1C_g,0.06557020110746298,lightgbm,MICH,raw_candidate
MICH/MICH_BLForm18_pouch_NMC_25C_0-100_1-1C_h,0.05058189025966658,lightgbm,MICH,raw_candidate
MICH/MICH_BLForm19_pouch_NMC_25C_0-100_1-1C_i,0.03903656443704782,lightgbm,MICH,raw_candidate
MICH/MICH_BLForm1_pouch_NMC_45C_0-100_1-1C_a,0.10131388360208506,lightgbm,MICH,raw_candidate
MICH/MICH_BLForm20_pouch_NMC_25C_0-100_1-1C_j,0.059028294172352766,lightgbm,MICH,raw_candidate
MICH/MICH_BLForm2_pouch_NMC_45C_0-100_1-1C_b,0.08405364166268445,lightgbm,MICH,raw_candidate
MICH/MICH_BLForm3_pouch_NMC_45C_0-100_1-1C_c,0.029304608318109337,lightgbm,MICH,raw_candidate
MICH/MICH_BLForm4_pouch_NMC_45C_0-100_1-1C_d,0.09697715284609766,lightgbm,MICH,raw_candidate
MICH/MICH_BLForm5_pouch_NMC_45C_0-100_1-1C_e,0.10087065883632025,lightgbm,MICH,raw_candidate
MICH/MICH_BLForm6_pouch_NMC_45C_0-100_1-1C_f,0.05250634686069313,lightgbm,MICH,raw_candidate
MICH/MICH_BLForm7_pouch_NMC_45C_0-100_1-1C_g,0.06865117664708338,lightgbm,MICH,raw_candidate
MICH/MICH_BLForm8_pouch_NMC_45C_0-100_1-1C_h,0.09865583302848799,lightgbm,MICH,raw_candidate
MICH/MICH_BLForm9_pouch_NMC_45C_0-100_1-1C_i,0.27478952118842076,lightgbm,MICH,raw_candidate
MICH/MICH_MCForm21_pouch_NMC_25C_0-100_1-1C_a,0.032929912710372065,lightgbm,MICH,raw_candidate
MICH/MICH_MCForm22_pouch_NMC_25C_0-100_1-1C_b,0.05432725742892125,lightgbm,MICH,raw_candidate
MICH/MICH_MCForm23_pouch_NMC_25C_0-100_1-1C_c,0.033300281191432045,lightgbm,MICH,raw_candidate
MICH/MICH_MCForm24_pouch_NMC_25C_0-100_1-1C_d,0.03639498995246387,lightgbm,MICH,raw_candidate
MICH/MICH_MCForm25_pouch_NMC_25C_0-100_1-1C_e,0.0327260133779028,lightgbm,MICH,raw_candidate
MICH/MICH_MCForm26_pouch_NMC_25C_0-100_1-1C_f,0.032402161632325475,lightgbm,MICH,raw_candidate
MICH/MICH_MCForm27_pouch_NMC_25C_0-100_1-1C_g,0.03867007649868621,lightgbm,MICH,raw_candidate
MICH/MICH_MCForm28_pouch_NMC_25C_0-100_1-1C_h,0.036596601053924926,lightgbm,MICH,raw_candidate
MICH/MICH_MCForm29_pouch_NMC_25C_0-100_1-1C_i,0.033908823940796626,lightgbm,MICH,raw_candidate
MICH/MICH_MCForm30_pouch_NMC_25C_0-100_1-1C_j,0.039116829356844095,lightgbm,MICH,raw_candidate
MICH/MICH_MCForm31_pouch_NMC_45C_0-100_1-1C_a,0.036854602771750726,lightgbm,MICH,raw_candidate
MICH/MICH_MCForm32_pouch_NMC_45C_0-100_1-1C_b,0.028366385256974953,lightgbm,MICH,raw_candidate
MICH/MICH_MCForm33_pouch_NMC_45C_0-100_1-1C_c,0.03167922437353607,lightgbm,MICH,raw_candidate
MICH/MICH_MCForm34_pouch_NMC_45C_0-100_1-1C_d,0.025073909739766944,lightgbm,MICH,raw_candidate
MICH/MICH_MCForm35_pouch_NMC_45C_0-100_1-1C_e,0.03294897484787048,lightgbm,MICH,raw_candidate
MICH/MICH_MCForm36_pouch_NMC_45C_0-100_1-1C_f,0.029684164425286513,lightgbm,MICH,raw_candidate
MICH/MICH_MCForm37_pouch_NMC_45C_0-100_1-1C_g,0.02372291916461944,lightgbm,MICH,raw_candidate
MICH/MICH_MCForm38_pouch_NMC_45C_0-100_1-1C_h,0.04024729592379991,lightgbm,MICH,raw_candidate
MICH/MICH_MCForm39_pouch_NMC_45C_0-100_1-1C_i,0.027285166898105156,lightgbm,MICH,raw_candidate
MICH/MICH_MCForm40_pouch_NMC_45C_0-100_1-1C_j,0.02865482789946869,lightgbm,MICH,raw_candidate
MICH_EXP/MICH_01R_pouch_NMC_25C_0-100_0.2-0.2C,0.020966620956989947,lightgbm,MICH_EXP,protected_state
MICH_EXP/MICH_02C_pouch_NMC_-5C_0-100_0.2-0.2C,0.06807558044833978,lightgbm,MICH_EXP,protected_state
MICH_EXP/MICH_03H_pouch_NMC_45C_0-100_0.2-0.2C,0.03662109396024734,lightgbm,MICH_EXP,protected_state
MICH_EXP/MICH_04R_pouch_NMC_25C_0-100_1.5-1.5C,0.12078766128568319,lightgbm,MICH_EXP,protected_state
MICH_EXP/MICH_05C_pouch_NMC_-5C_0-100_1.5-1.5C,0.02937009294057413,lightgbm,MICH_EXP,protected_state
MICH_EXP/MICH_06H_pouch_NMC_45C_0-100_1.5-1.5C,0.10623104163548652,lightgbm,MICH_EXP,protected_state
MICH_EXP/MICH_07R_pouch_NMC_25C_0-100_2-2C,0.17527530723642942,lightgbm,MICH_EXP,protected_state
MICH_EXP/MICH_08C_pouch_NMC_-5C_0-100_2-2C,0.04896117588076278,lightgbm,MICH_EXP,protected_state
MICH_EXP/MICH_09H_pouch_NMC_45C_0-100_2-2C,0.15762112575757972,lightgbm,MICH_EXP,protected_state
MICH_EXP/MICH_10R_pouch_NMC_25C_0-100_0.2-1.5C,0.05288664031332184,lightgbm,MICH_EXP,protected_state
MICH_EXP/MICH_11C_pouch_NMC_-5C_0-100_0.2-1.5C,0.07722726685404552,lightgbm,MICH_EXP,protected_state
MICH_EXP/MICH_12H_pouch_NMC_45C_0-100_0.2-1.5C,0.07779748724367083,lightgbm,MICH_EXP,protected_state
MICH_EXP/MICH_13R_pouch_NMC_25C_50-100_0.2-0.2C,0.28097813583093795,lightgbm,MICH_EXP,protected_state
MICH_EXP/MICH_14C_pouch_NMC_-5C_50-100_0.2-0.2C,0.2502433063312339,lightgbm,MICH_EXP,protected_state
MICH_EXP/MICH_15H_pouch_NMC_45C_50-100_0.2-0.2C,0.14892272494328804,lightgbm,MICH_EXP,protected_state
MICH_EXP/MICH_16R_pouch_NMC_25C_50-100_0.2-1.5C,0.2802010176179397,lightgbm,MICH_EXP,protected_state
MICH_EXP/MICH_17C_pouch_NMC_-5C_50-100_0.2-1.5C,0.28569817113415386,lightgbm,MICH_EXP,protected_state
MICH_EXP/MICH_18H_pouch_NMC_45C_50-100_0.2-1.5C,0.2017367517188042,lightgbm,MICH_EXP,protected_state
MICH_EXP/MICH_01R_pouch_NMC_25C_0-100_0.2-0.2C,0.02476585179733353,lightgbm,MICH_EXP,pchp_method
MICH_EXP/MICH_02C_pouch_NMC_-5C_0-100_0.2-0.2C,0.068169334850009,lightgbm,MICH_EXP,pchp_method
MICH_EXP/MICH_03H_pouch_NMC_45C_0-100_0.2-0.2C,0.029445711147081294,lightgbm,MICH_EXP,pchp_method
MICH_EXP/MICH_04R_pouch_NMC_25C_0-100_1.5-1.5C,0.11199436490047536,lightgbm,MICH_EXP,pchp_method
MICH_EXP/MICH_05C_pouch_NMC_-5C_0-100_1.5-1.5C,0.024182166874745087,lightgbm,MICH_EXP,pchp_method
MICH_EXP/MICH_06H_pouch_NMC_45C_0-100_1.5-1.5C,0.09660980025276275,lightgbm,MICH_EXP,pchp_method
MICH_EXP/MICH_07R_pouch_NMC_25C_0-100_2-2C,0.16527530723642944,lightgbm,MICH_EXP,pchp_method
MICH_EXP/MICH_08C_pouch_NMC_-5C_0-100_2-2C,0.04493485300147335,lightgbm,MICH_EXP,pchp_method
MICH_EXP/MICH_09H_pouch_NMC_45C_0-100_2-2C,0.14767648292159802,lightgbm,MICH_EXP,pchp_method
MICH_EXP/MICH_10R_pouch_NMC_25C_0-100_0.2-1.5C,0.04614764583732396,lightgbm,MICH_EXP,pchp_method
MICH_EXP/MICH_11C_pouch_NMC_-5C_0-100_0.2-1.5C,0.06744658990587366,lightgbm,MICH_EXP,pchp_method
MICH_EXP/MICH_12H_pouch_NMC_45C_0-100_0.2-1.5C,0.06966429948739779,lightgbm,MICH_EXP,pchp_method
MICH_EXP/MICH_13R_pouch_NMC_25C_50-100_0.2-0.2C,0.27230209496254976,lightgbm,MICH_EXP,pchp_method
MICH_EXP/MICH_14C_pouch_NMC_-5C_50-100_0.2-0.2C,0.24089035878560192,lightgbm,MICH_EXP,pchp_method
MICH_EXP/MICH_15H_pouch_NMC_45C_50-100_0.2-0.2C,0.14054156143097965,lightgbm,MICH_EXP,pchp_method
MICH_EXP/MICH_16R_pouch_NMC_25C_50-100_0.2-1.5C,0.2706588246648884,lightgbm,MICH_EXP,pchp_method
MICH_EXP/MICH_17C_pouch_NMC_-5C_50-100_0.2-1.5C,0.2761416668581668,lightgbm,MICH_EXP,pchp_method
MICH_EXP/MICH_18H_pouch_NMC_45C_50-100_0.2-1.5C,0.1917367517188042,lightgbm,MICH_EXP,pchp_method
MICH_EXP/MICH_01R_pouch_NMC_25C_0-100_0.2-0.2C,0.04596083471127045,lightgbm,MICH_EXP,raw_candidate
MICH_EXP/MICH_02C_pouch_NMC_-5C_0-100_0.2-0.2C,0.0523436237480813,lightgbm,MICH_EXP,raw_candidate
MICH_EXP/MICH_03H_pouch_NMC_45C_0-100_0.2-0.2C,0.026741659837773372,lightgbm,MICH_EXP,raw_candidate
MICH_EXP/MICH_04R_pouch_NMC_25C_0-100_1.5-1.5C,0.050900874460180545,lightgbm,MICH_EXP,raw_candidate
MICH_EXP/MICH_05C_pouch_NMC_-5C_0-100_1.5-1.5C,0.06775877951388071,lightgbm,MICH_EXP,raw_candidate
MICH_EXP/MICH_06H_pouch_NMC_45C_0-100_1.5-1.5C,0.022782388830927706,lightgbm,MICH_EXP,raw_candidate
MICH_EXP/MICH_07R_pouch_NMC_25C_0-100_2-2C,0.05520022912958649,lightgbm,MICH_EXP,raw_candidate
MICH_EXP/MICH_08C_pouch_NMC_-5C_0-100_2-2C,0.03620114590349916,lightgbm,MICH_EXP,raw_candidate
MICH_EXP/MICH_09H_pouch_NMC_45C_0-100_2-2C,0.025833244089452406,lightgbm,MICH_EXP,raw_candidate
MICH_EXP/MICH_10R_pouch_NMC_25C_0-100_0.2-1.5C,0.039105304990554764,lightgbm,MICH_EXP,raw_candidate
MICH_EXP/MICH_11C_pouch_NMC_-5C_0-100_0.2-1.5C,0.0164336499258916,lightgbm,MICH_EXP,raw_candidate
MICH_EXP/MICH_12H_pouch_NMC_45C_0-100_0.2-1.5C,0.05179725799671827,lightgbm,MICH_EXP,raw_candidate
MICH_EXP/MICH_13R_pouch_NMC_25C_50-100_0.2-0.2C,0.1387587680874843,lightgbm,MICH_EXP,raw_candidate
MICH_EXP/MICH_14C_pouch_NMC_-5C_50-100_0.2-0.2C,0.132545155249156,lightgbm,MICH_EXP,raw_candidate
MICH_EXP/MICH_15H_pouch_NMC_45C_50-100_0.2-0.2C,0.09491617692886907,lightgbm,MICH_EXP,raw_candidate
MICH_EXP/MICH_16R_pouch_NMC_25C_50-100_0.2-1.5C,0.13913245736883878,lightgbm,MICH_EXP,raw_candidate
MICH_EXP/MICH_17C_pouch_NMC_-5C_50-100_0.2-1.5C,0.1417764425097093,lightgbm,MICH_EXP,raw_candidate
MICH_EXP/MICH_18H_pouch_NMC_45C_50-100_0.2-1.5C,0.11470205405049788,lightgbm,MICH_EXP,raw_candidate
RWTH/RWTH_002,0.16354241010720547,lightgbm,RWTH,protected_state
RWTH/RWTH_003,0.1538731293954693,lightgbm,RWTH,protected_state
RWTH/RWTH_004,0.1589111619909025,lightgbm,RWTH,protected_state
RWTH/RWTH_005,0.1584804840921867,lightgbm,RWTH,protected_state
RWTH/RWTH_006,0.1599580164599731,lightgbm,RWTH,protected_state
RWTH/RWTH_007,0.15995389415624073,lightgbm,RWTH,protected_state
RWTH/RWTH_008,0.15726816416667241,lightgbm,RWTH,protected_state
RWTH/RWTH_009,0.14782830320203785,lightgbm,RWTH,protected_state
RWTH/RWTH_010,0.15637039143646483,lightgbm,RWTH,protected_state
RWTH/RWTH_011,0.15459203704404043,lightgbm,RWTH,protected_state
RWTH/RWTH_012,0.153212085845501,lightgbm,RWTH,protected_state
RWTH/RWTH_013,0.15897997337506944,lightgbm,RWTH,protected_state
RWTH/RWTH_014,0.1557025282481008,lightgbm,RWTH,protected_state
RWTH/RWTH_015,0.14567800004568776,lightgbm,RWTH,protected_state
RWTH/RWTH_016,0.14832634904736974,lightgbm,RWTH,protected_state
RWTH/RWTH_017,0.15589405878012094,lightgbm,RWTH,protected_state
RWTH/RWTH_018,0.15227395663688392,lightgbm,RWTH,protected_state
RWTH/RWTH_019,0.15049333611710974,lightgbm,RWTH,protected_state
RWTH/RWTH_020,0.15558478517867255,lightgbm,RWTH,protected_state
RWTH/RWTH_021,0.15524696305598318,lightgbm,RWTH,protected_state
RWTH/RWTH_022,0.14451234459243012,lightgbm,RWTH,protected_state
RWTH/RWTH_023,0.14144364237672247,lightgbm,RWTH,protected_state
RWTH/RWTH_024,0.14791843205165042,lightgbm,RWTH,protected_state
RWTH/RWTH_025,0.15465210586544537,lightgbm,RWTH,protected_state
RWTH/RWTH_026,0.1278812435606986,lightgbm,RWTH,protected_state
RWTH/RWTH_027,0.1333977124325545,lightgbm,RWTH,protected_state
RWTH/RWTH_028,0.14186734162740144,lightgbm,RWTH,protected_state
RWTH/RWTH_029,0.13184772323020127,lightgbm,RWTH,protected_state
RWTH/RWTH_030,0.08740380873501223,lightgbm,RWTH,protected_state
RWTH/RWTH_031,0.14611254753140687,lightgbm,RWTH,protected_state
RWTH/RWTH_032,0.15315777575852116,lightgbm,RWTH,protected_state
RWTH/RWTH_033,0.17033839064183046,lightgbm,RWTH,protected_state
RWTH/RWTH_034,0.1161159578128324,lightgbm,RWTH,protected_state
RWTH/RWTH_035,0.11724122404221547,lightgbm,RWTH,protected_state
RWTH/RWTH_036,0.13476187442191234,lightgbm,RWTH,protected_state
RWTH/RWTH_037,0.14398112975582578,lightgbm,RWTH,protected_state
RWTH/RWTH_038,0.1067650770308723,lightgbm,RWTH,protected_state
RWTH/RWTH_039,0.10605643970713773,lightgbm,RWTH,protected_state
RWTH/RWTH_040,0.1105894255079324,lightgbm,RWTH,protected_state
RWTH/RWTH_041,0.11683456892241585,lightgbm,RWTH,protected_state
RWTH/RWTH_042,0.11213402522219039,lightgbm,RWTH,protected_state
RWTH/RWTH_043,0.10952700484029912,lightgbm,RWTH,protected_state
RWTH/RWTH_044,0.1162527468176898,lightgbm,RWTH,protected_state
RWTH/RWTH_045,0.11084892106888879,lightgbm,RWTH,protected_state
RWTH/RWTH_046,0.1345651155437356,lightgbm,RWTH,protected_state
RWTH/RWTH_047,0.13691598966537027,lightgbm,RWTH,protected_state
RWTH/RWTH_048,0.1309829154968299,lightgbm,RWTH,protected_state
RWTH/RWTH_049,0.1315844804809891,lightgbm,RWTH,protected_state
RWTH/RWTH_002,0.16455004538471138,lightgbm,RWTH,pchp_method
RWTH/RWTH_003,0.1555711194027411,lightgbm,RWTH,pchp_method
RWTH/RWTH_004,0.1597170707719983,lightgbm,RWTH,pchp_method
RWTH/RWTH_005,0.1589921354243444,lightgbm,RWTH,pchp_method
RWTH/RWTH_006,0.16006009790819875,lightgbm,RWTH,pchp_method
RWTH/RWTH_007,0.16073388130334618,lightgbm,RWTH,pchp_method
RWTH/RWTH_008,0.15900522531920616,lightgbm,RWTH,pchp_method
RWTH/RWTH_009,0.14875007899018655,lightgbm,RWTH,pchp_method
RWTH/RWTH_010,0.15717429899849825,lightgbm,RWTH,pchp_method
RWTH/RWTH_011,0.15581509058345683,lightgbm,RWTH,pchp_method
RWTH/RWTH_012,0.15283193049806987,lightgbm,RWTH,pchp_method
RWTH/RWTH_013,0.15906554649847057,lightgbm,RWTH,pchp_method
RWTH/RWTH_014,0.157618190789673,lightgbm,RWTH,pchp_method
RWTH/RWTH_015,0.14548078081846336,lightgbm,RWTH,pchp_method
RWTH/RWTH_016,0.14786509858106264,lightgbm,RWTH,pchp_method
RWTH/RWTH_017,0.1572943285293779,lightgbm,RWTH,pchp_method
RWTH/RWTH_018,0.15331260925657025,lightgbm,RWTH,pchp_method
RWTH/RWTH_019,0.15179039322982013,lightgbm,RWTH,pchp_method
RWTH/RWTH_020,0.15654338687625244,lightgbm,RWTH,pchp_method
RWTH/RWTH_021,0.15671783779251078,lightgbm,RWTH,pchp_method
RWTH/RWTH_022,0.1457319758362242,lightgbm,RWTH,pchp_method
RWTH/RWTH_023,0.1403869122172351,lightgbm,RWTH,pchp_method
RWTH/RWTH_024,0.14716550185561608,lightgbm,RWTH,pchp_method
RWTH/RWTH_025,0.15464035566887083,lightgbm,RWTH,pchp_method
RWTH/RWTH_026,0.1292675489848145,lightgbm,RWTH,pchp_method
RWTH/RWTH_027,0.13404962099916987,lightgbm,RWTH,pchp_method
RWTH/RWTH_028,0.14270298538711762,lightgbm,RWTH,pchp_method
RWTH/RWTH_029,0.13165417194397674,lightgbm,RWTH,pchp_method
RWTH/RWTH_030,0.08471803120324445,lightgbm,RWTH,pchp_method
RWTH/RWTH_031,0.14597144134008003,lightgbm,RWTH,pchp_method
RWTH/RWTH_032,0.15471045361093858,lightgbm,RWTH,pchp_method
RWTH/RWTH_033,0.17175550637824658,lightgbm,RWTH,pchp_method
RWTH/RWTH_034,0.11506715345959548,lightgbm,RWTH,pchp_method
RWTH/RWTH_035,0.1155671200793405,lightgbm,RWTH,pchp_method
RWTH/RWTH_036,0.13416761594678492,lightgbm,RWTH,pchp_method
RWTH/RWTH_037,0.1453307887648126,lightgbm,RWTH,pchp_method
RWTH/RWTH_038,0.1055870793066957,lightgbm,RWTH,pchp_method
RWTH/RWTH_039,0.10556599321295529,lightgbm,RWTH,pchp_method
RWTH/RWTH_040,0.11040976132193919,lightgbm,RWTH,pchp_method
RWTH/RWTH_041,0.11636734467049226,lightgbm,RWTH,pchp_method
RWTH/RWTH_042,0.11193742528335204,lightgbm,RWTH,pchp_method
RWTH/RWTH_043,0.10723701332900452,lightgbm,RWTH,pchp_method
RWTH/RWTH_044,0.11545173732813363,lightgbm,RWTH,pchp_method
RWTH/RWTH_045,0.11041260680609145,lightgbm,RWTH,pchp_method
RWTH/RWTH_046,0.13572189165719675,lightgbm,RWTH,pchp_method
RWTH/RWTH_047,0.13791927813463437,lightgbm,RWTH,pchp_method
RWTH/RWTH_048,0.13162165403520154,lightgbm,RWTH,pchp_method
RWTH/RWTH_049,0.13166398120708564,lightgbm,RWTH,pchp_method
RWTH/RWTH_002,0.178493518010694,lightgbm,RWTH,raw_candidate
RWTH/RWTH_003,0.19022868991960262,lightgbm,RWTH,raw_candidate
RWTH/RWTH_004,0.17837926304464172,lightgbm,RWTH,raw_candidate
RWTH/RWTH_005,0.16426604727021263,lightgbm,RWTH,raw_candidate
RWTH/RWTH_006,0.17144721192383078,lightgbm,RWTH,raw_candidate
RWTH/RWTH_007,0.17863963374489972,lightgbm,RWTH,raw_candidate
RWTH/RWTH_008,0.19305015204389114,lightgbm,RWTH,raw_candidate
RWTH/RWTH_009,0.17362551769326598,lightgbm,RWTH,raw_candidate
RWTH/RWTH_010,0.17155022616528415,lightgbm,RWTH,raw_candidate
RWTH/RWTH_011,0.18044032835253057,lightgbm,RWTH,raw_candidate
RWTH/RWTH_012,0.1531631343144714,lightgbm,RWTH,raw_candidate
RWTH/RWTH_013,0.1651032393737489,lightgbm,RWTH,raw_candidate
RWTH/RWTH_014,0.2008631277956787,lightgbm,RWTH,raw_candidate
RWTH/RWTH_015,0.14200216554282152,lightgbm,RWTH,raw_candidate
RWTH/RWTH_016,0.13941876110526374,lightgbm,RWTH,raw_candidate
RWTH/RWTH_017,0.17198664907645747,lightgbm,RWTH,raw_candidate
RWTH/RWTH_018,0.17972855031576715,lightgbm,RWTH,raw_candidate
RWTH/RWTH_019,0.16917046103954014,lightgbm,RWTH,raw_candidate
RWTH/RWTH_020,0.18131711652432897,lightgbm,RWTH,raw_candidate
RWTH/RWTH_021,0.1735345736393792,lightgbm,RWTH,raw_candidate
RWTH/RWTH_022,0.1620206777085339,lightgbm,RWTH,raw_candidate
RWTH/RWTH_023,0.14191056969120613,lightgbm,RWTH,raw_candidate
RWTH/RWTH_024,0.1468520178477838,lightgbm,RWTH,raw_candidate
RWTH/RWTH_025,0.16592120737824215,lightgbm,RWTH,raw_candidate
RWTH/RWTH_026,0.15358626379562906,lightgbm,RWTH,raw_candidate
RWTH/RWTH_027,0.16259435113857004,lightgbm,RWTH,raw_candidate
RWTH/RWTH_028,0.16853025016733725,lightgbm,RWTH,raw_candidate
RWTH/RWTH_029,0.13761923160436698,lightgbm,RWTH,raw_candidate
RWTH/RWTH_030,0.07261425516200472,lightgbm,RWTH,raw_candidate
RWTH/RWTH_031,0.15447651294293,lightgbm,RWTH,raw_candidate
RWTH/RWTH_032,0.1698869567633284,lightgbm,RWTH,raw_candidate
RWTH/RWTH_033,0.17817835555635095,lightgbm,RWTH,raw_candidate
RWTH/RWTH_034,0.12646712663921955,lightgbm,RWTH,raw_candidate
RWTH/RWTH_035,0.11684763957802266,lightgbm,RWTH,raw_candidate
RWTH/RWTH_036,0.13671412103982325,lightgbm,RWTH,raw_candidate
RWTH/RWTH_037,0.1589729111352178,lightgbm,RWTH,raw_candidate
RWTH/RWTH_038,0.10421781422674133,lightgbm,RWTH,raw_candidate
RWTH/RWTH_039,0.11033215872394543,lightgbm,RWTH,raw_candidate
RWTH/RWTH_040,0.1240514432452207,lightgbm,RWTH,raw_candidate
RWTH/RWTH_041,0.11538744692985214,lightgbm,RWTH,raw_candidate
RWTH/RWTH_042,0.1234553362312347,lightgbm,RWTH,raw_candidate
RWTH/RWTH_043,0.09985642462551682,lightgbm,RWTH,raw_candidate
RWTH/RWTH_044,0.11149574355252712,lightgbm,RWTH,raw_candidate
RWTH/RWTH_045,0.12012347628036775,lightgbm,RWTH,raw_candidate
RWTH/RWTH_046,0.15884104576173994,lightgbm,RWTH,raw_candidate
RWTH/RWTH_047,0.14886719580863264,lightgbm,RWTH,raw_candidate
RWTH/RWTH_048,0.1466597133055778,lightgbm,RWTH,raw_candidate
RWTH/RWTH_049,0.12872204330933396,lightgbm,RWTH,raw_candidate
SDU/SDU_Battery_1,0.05761611222676829,lightgbm,SDU,protected_state
SDU/SDU_Battery_10,0.026814662311160038,lightgbm,SDU,protected_state
SDU/SDU_Battery_11,0.031209574722976943,lightgbm,SDU,protected_state
SDU/SDU_Battery_12,0.026263990830793008,lightgbm,SDU,protected_state
SDU/SDU_Battery_13,0.023731840741778806,lightgbm,SDU,protected_state
SDU/SDU_Battery_14,0.019382674443937282,lightgbm,SDU,protected_state
SDU/SDU_Battery_15,0.030477417058870877,lightgbm,SDU,protected_state
SDU/SDU_Battery_16,0.02830209207873661,lightgbm,SDU,protected_state
SDU/SDU_Battery_17,0.03920606915818381,lightgbm,SDU,protected_state
SDU/SDU_Battery_18,0.03873209283447531,lightgbm,SDU,protected_state
SDU/SDU_Battery_19,0.03458378877314291,lightgbm,SDU,protected_state
SDU/SDU_Battery_2,0.05991261571019948,lightgbm,SDU,protected_state
SDU/SDU_Battery_20,0.03396639803170129,lightgbm,SDU,protected_state
SDU/SDU_Battery_21,0.025909709769835074,lightgbm,SDU,protected_state
SDU/SDU_Battery_22,0.03688054920798623,lightgbm,SDU,protected_state
SDU/SDU_Battery_23,0.049823241564126174,lightgbm,SDU,protected_state
SDU/SDU_Battery_24,0.029453596253538113,lightgbm,SDU,protected_state
SDU/SDU_Battery_25,0.029249643865071943,lightgbm,SDU,protected_state
SDU/SDU_Battery_26,0.06966004198063806,lightgbm,SDU,protected_state
SDU/SDU_Battery_27,0.04262628109825857,lightgbm,SDU,protected_state
SDU/SDU_Battery_28,0.036683508760205125,lightgbm,SDU,protected_state
SDU/SDU_Battery_29,0.04424721499112248,lightgbm,SDU,protected_state
SDU/SDU_Battery_3,0.024292866876552917,lightgbm,SDU,protected_state
SDU/SDU_Battery_30,0.02639903061546194,lightgbm,SDU,protected_state
SDU/SDU_Battery_31,0.07741873789856234,lightgbm,SDU,protected_state
SDU/SDU_Battery_32,0.0868866664465871,lightgbm,SDU,protected_state
SDU/SDU_Battery_33,0.07211190981744335,lightgbm,SDU,protected_state
SDU/SDU_Battery_34,0.08032375384661393,lightgbm,SDU,protected_state
SDU/SDU_Battery_35,0.08975739751041488,lightgbm,SDU,protected_state
SDU/SDU_Battery_36,0.08550226928066146,lightgbm,SDU,protected_state
SDU/SDU_Battery_37,0.08716881877436859,lightgbm,SDU,protected_state
SDU/SDU_Battery_38,0.08289626172349476,lightgbm,SDU,protected_state
SDU/SDU_Battery_39,0.11113913712709388,lightgbm,SDU,protected_state
SDU/SDU_Battery_4,0.053933015696724304,lightgbm,SDU,protected_state
SDU/SDU_Battery_40,0.10274664745234922,lightgbm,SDU,protected_state
SDU/SDU_Battery_41,0.09979058912146276,lightgbm,SDU,protected_state
SDU/SDU_Battery_42,0.10137406273192888,lightgbm,SDU,protected_state
SDU/SDU_Battery_43,0.10351068997539507,lightgbm,SDU,protected_state
SDU/SDU_Battery_44,0.10791154683395572,lightgbm,SDU,protected_state
SDU/SDU_Battery_45,0.05484925260982761,lightgbm,SDU,protected_state
SDU/SDU_Battery_46,0.04775786708761249,lightgbm,SDU,protected_state
SDU/SDU_Battery_47,0.05657116716265069,lightgbm,SDU,protected_state
SDU/SDU_Battery_48,0.044060398359252406,lightgbm,SDU,protected_state
SDU/SDU_Battery_49,0.06461334698785055,lightgbm,SDU,protected_state
SDU/SDU_Battery_5,0.050194043101509926,lightgbm,SDU,protected_state
SDU/SDU_Battery_50,0.062445567717055867,lightgbm,SDU,protected_state
SDU/SDU_Battery_51,0.06476315062102764,lightgbm,SDU,protected_state
SDU/SDU_Battery_52,0.05427783583633437,lightgbm,SDU,protected_state
SDU/SDU_Battery_53,0.07617078165947401,lightgbm,SDU,protected_state
SDU/SDU_Battery_54,0.06127987270733463,lightgbm,SDU,protected_state
SDU/SDU_Battery_55,0.06883824303999052,lightgbm,SDU,protected_state
SDU/SDU_Battery_56,0.06670698356771233,lightgbm,SDU,protected_state
SDU/SDU_Battery_57,0.07174278901608518,lightgbm,SDU,protected_state
SDU/SDU_Battery_58,0.09326818751811077,lightgbm,SDU,protected_state
SDU/SDU_Battery_59,0.08173017907129596,lightgbm,SDU,protected_state
SDU/SDU_Battery_6,0.06308140276225291,lightgbm,SDU,protected_state
SDU/SDU_Battery_60,0.0798147715509279,lightgbm,SDU,protected_state
SDU/SDU_Battery_61,0.025162408028511905,lightgbm,SDU,protected_state
SDU/SDU_Battery_62,0.029315237128639628,lightgbm,SDU,protected_state
SDU/SDU_Battery_63,0.011609259422589538,lightgbm,SDU,protected_state
SDU/SDU_Battery_64,0.029833852623593612,lightgbm,SDU,protected_state
SDU/SDU_Battery_65,0.035212580074956146,lightgbm,SDU,protected_state
SDU/SDU_Battery_66,0.028050878448495548,lightgbm,SDU,protected_state
SDU/SDU_Battery_67,0.06398661871676166,lightgbm,SDU,protected_state
SDU/SDU_Battery_68,0.0621481026705055,lightgbm,SDU,protected_state
SDU/SDU_Battery_69,0.10513574642899144,lightgbm,SDU,protected_state
SDU/SDU_Battery_7,0.06788472694084202,lightgbm,SDU,protected_state
SDU/SDU_Battery_70,0.08832084460920639,lightgbm,SDU,protected_state
SDU/SDU_Battery_71,0.11000231842673856,lightgbm,SDU,protected_state
SDU/SDU_Battery_72,0.11215671756789351,lightgbm,SDU,protected_state
SDU/SDU_Battery_73,0.0999490094360052,lightgbm,SDU,protected_state
SDU/SDU_Battery_74,0.10629626141285382,lightgbm,SDU,protected_state
SDU/SDU_Battery_75,0.07843045367814698,lightgbm,SDU,protected_state
SDU/SDU_Battery_76,0.08324906933842682,lightgbm,SDU,protected_state
SDU/SDU_Battery_77,0.07787313339733759,lightgbm,SDU,protected_state
SDU/SDU_Battery_78,0.0735154205638717,lightgbm,SDU,protected_state
SDU/SDU_Battery_79,0.0817737050007696,lightgbm,SDU,protected_state
SDU/SDU_Battery_8,0.011712693623071604,lightgbm,SDU,protected_state
SDU/SDU_Battery_80,0.07910624594900766,lightgbm,SDU,protected_state
SDU/SDU_Battery_81,0.08868128543037995,lightgbm,SDU,protected_state
SDU/SDU_Battery_82,0.08523460241333224,lightgbm,SDU,protected_state
SDU/SDU_Battery_83,0.07505809743238413,lightgbm,SDU,protected_state
SDU/SDU_Battery_84,0.06822216294238789,lightgbm,SDU,protected_state
SDU/SDU_Battery_85,0.08481219273212859,lightgbm,SDU,protected_state
SDU/SDU_Battery_86,0.06907863407560301,lightgbm,SDU,protected_state
SDU/SDU_Battery_9,0.024299560186364276,lightgbm,SDU,protected_state
SDU/SDU_Battery_1,0.05811078333454866,lightgbm,SDU,pchp_method
SDU/SDU_Battery_10,0.03186837034207635,lightgbm,SDU,pchp_method
SDU/SDU_Battery_11,0.039835150586474966,lightgbm,SDU,pchp_method
SDU/SDU_Battery_12,0.03302217607667708,lightgbm,SDU,pchp_method
SDU/SDU_Battery_13,0.029092910263867233,lightgbm,SDU,pchp_method
SDU/SDU_Battery_14,0.024233332058106443,lightgbm,SDU,pchp_method
SDU/SDU_Battery_15,0.0374293742483602,lightgbm,SDU,pchp_method
SDU/SDU_Battery_16,0.03514378417531958,lightgbm,SDU,pchp_method
SDU/SDU_Battery_17,0.04245735086262332,lightgbm,SDU,pchp_method
SDU/SDU_Battery_18,0.04048526474617082,lightgbm,SDU,pchp_method
SDU/SDU_Battery_19,0.036516310423438315,lightgbm,SDU,pchp_method
SDU/SDU_Battery_2,0.06120289102443603,lightgbm,SDU,pchp_method
SDU/SDU_Battery_20,0.037053203998038554,lightgbm,SDU,pchp_method
SDU/SDU_Battery_21,0.02262337560996608,lightgbm,SDU,pchp_method
SDU/SDU_Battery_22,0.03684534809864077,lightgbm,SDU,pchp_method
SDU/SDU_Battery_23,0.05447197634301125,lightgbm,SDU,pchp_method
SDU/SDU_Battery_24,0.03472416296468318,lightgbm,SDU,pchp_method
SDU/SDU_Battery_25,0.0342723284889807,lightgbm,SDU,pchp_method
SDU/SDU_Battery_26,0.07298519453534175,lightgbm,SDU,pchp_method
SDU/SDU_Battery_27,0.04643480665209441,lightgbm,SDU,pchp_method
SDU/SDU_Battery_28,0.038658103006260845,lightgbm,SDU,pchp_method
SDU/SDU_Battery_29,0.04628316912814462,lightgbm,SDU,pchp_method
SDU/SDU_Battery_3,0.03186738692057738,lightgbm,SDU,pchp_method
SDU/SDU_Battery_30,0.03129072889648793,lightgbm,SDU,pchp_method
SDU/SDU_Battery_31,0.06818445955382098,lightgbm,SDU,pchp_method
SDU/SDU_Battery_32,0.07786429732048687,lightgbm,SDU,pchp_method
SDU/SDU_Battery_33,0.06315135370107247,lightgbm,SDU,pchp_method
SDU/SDU_Battery_34,0.07108439238979739,lightgbm,SDU,pchp_method
SDU/SDU_Battery_35,0.08049868313695993,lightgbm,SDU,pchp_method
SDU/SDU_Battery_36,0.07647237106725985,lightgbm,SDU,pchp_method
SDU/SDU_Battery_37,0.07774016505790562,lightgbm,SDU,pchp_method
SDU/SDU_Battery_38,0.07416458781515008,lightgbm,SDU,pchp_method
SDU/SDU_Battery_39,0.10500417284312867,lightgbm,SDU,pchp_method
SDU/SDU_Battery_4,0.05670541938908276,lightgbm,SDU,pchp_method
SDU/SDU_Battery_40,0.09687901820299541,lightgbm,SDU,pchp_method
SDU/SDU_Battery_41,0.09295875548598484,lightgbm,SDU,pchp_method
SDU/SDU_Battery_42,0.09473361578993235,lightgbm,SDU,pchp_method
SDU/SDU_Battery_43,0.09649914114087353,lightgbm,SDU,pchp_method
SDU/SDU_Battery_44,0.10030428845310928,lightgbm,SDU,pchp_method
SDU/SDU_Battery_45,0.057454514292292966,lightgbm,SDU,pchp_method
SDU/SDU_Battery_46,0.05066217540924631,lightgbm,SDU,pchp_method
SDU/SDU_Battery_47,0.06012304601583864,lightgbm,SDU,pchp_method
SDU/SDU_Battery_48,0.048697423578268936,lightgbm,SDU,pchp_method
SDU/SDU_Battery_49,0.06544960118843825,lightgbm,SDU,pchp_method
SDU/SDU_Battery_5,0.050438043315289595,lightgbm,SDU,pchp_method
SDU/SDU_Battery_50,0.06351751390896569,lightgbm,SDU,pchp_method
SDU/SDU_Battery_51,0.06502740811008288,lightgbm,SDU,pchp_method
SDU/SDU_Battery_52,0.05701840021268764,lightgbm,SDU,pchp_method
SDU/SDU_Battery_53,0.0674830279867547,lightgbm,SDU,pchp_method
SDU/SDU_Battery_54,0.05299875253303114,lightgbm,SDU,pchp_method
SDU/SDU_Battery_55,0.06039111259543131,lightgbm,SDU,pchp_method
SDU/SDU_Battery_56,0.05760628329404562,lightgbm,SDU,pchp_method
SDU/SDU_Battery_57,0.06309138535344086,lightgbm,SDU,pchp_method
SDU/SDU_Battery_58,0.08423293760602259,lightgbm,SDU,pchp_method
SDU/SDU_Battery_59,0.07319767854581144,lightgbm,SDU,pchp_method
SDU/SDU_Battery_6,0.06187238020521008,lightgbm,SDU,pchp_method
SDU/SDU_Battery_60,0.07173421235231836,lightgbm,SDU,pchp_method
SDU/SDU_Battery_61,0.0341834200083229,lightgbm,SDU,pchp_method
SDU/SDU_Battery_62,0.03870741571152225,lightgbm,SDU,pchp_method
SDU/SDU_Battery_63,0.015041903523610177,lightgbm,SDU,pchp_method
SDU/SDU_Battery_64,0.03871421298268983,lightgbm,SDU,pchp_method
SDU/SDU_Battery_65,0.028519976343842162,lightgbm,SDU,pchp_method
SDU/SDU_Battery_66,0.021062726696823846,lightgbm,SDU,pchp_method
SDU/SDU_Battery_67,0.05565102843631315,lightgbm,SDU,pchp_method
SDU/SDU_Battery_68,0.05353731984114975,lightgbm,SDU,pchp_method
SDU/SDU_Battery_69,0.09823105928547435,lightgbm,SDU,pchp_method
SDU/SDU_Battery_7,0.06506149928108118,lightgbm,SDU,pchp_method
SDU/SDU_Battery_70,0.08158853587537415,lightgbm,SDU,pchp_method
SDU/SDU_Battery_71,0.10298750250293005,lightgbm,SDU,pchp_method
SDU/SDU_Battery_72,0.10510399460076307,lightgbm,SDU,pchp_method
SDU/SDU_Battery_73,0.09403281541262948,lightgbm,SDU,pchp_method
SDU/SDU_Battery_74,0.10009218314460888,lightgbm,SDU,pchp_method
SDU/SDU_Battery_75,0.07906082634373589,lightgbm,SDU,pchp_method
SDU/SDU_Battery_76,0.07686424344721902,lightgbm,SDU,pchp_method
SDU/SDU_Battery_77,0.0733220555485675,lightgbm,SDU,pchp_method
SDU/SDU_Battery_78,0.07057194963541377,lightgbm,SDU,pchp_method
SDU/SDU_Battery_79,0.07605305090284453,lightgbm,SDU,pchp_method
SDU/SDU_Battery_8,0.018759758250474785,lightgbm,SDU,pchp_method
SDU/SDU_Battery_80,0.07395136411523402,lightgbm,SDU,pchp_method
SDU/SDU_Battery_81,0.08198394164279166,lightgbm,SDU,pchp_method
SDU/SDU_Battery_82,0.0782310466026818,lightgbm,SDU,pchp_method
SDU/SDU_Battery_83,0.07114414503834984,lightgbm,SDU,pchp_method
SDU/SDU_Battery_84,0.06847902502729349,lightgbm,SDU,pchp_method
SDU/SDU_Battery_85,0.08029740598581372,lightgbm,SDU,pchp_method
SDU/SDU_Battery_86,0.0694886919278644,lightgbm,SDU,pchp_method
SDU/SDU_Battery_9,0.02869855699544057,lightgbm,SDU,pchp_method
SDU/SDU_Battery_1,0.05279092883816457,lightgbm,SDU,raw_candidate
SDU/SDU_Battery_10,0.04374431352154146,lightgbm,SDU,raw_candidate
SDU/SDU_Battery_11,0.06077062048198679,lightgbm,SDU,raw_candidate
SDU/SDU_Battery_12,0.056131299892879544,lightgbm,SDU,raw_candidate
SDU/SDU_Battery_13,0.04911942678682226,lightgbm,SDU,raw_candidate
SDU/SDU_Battery_14,0.04790007022962508,lightgbm,SDU,raw_candidate
SDU/SDU_Battery_15,0.058338406722753006,lightgbm,SDU,raw_candidate
SDU/SDU_Battery_16,0.054559788674429184,lightgbm,SDU,raw_candidate
SDU/SDU_Battery_17,0.03511380097260186,lightgbm,SDU,raw_candidate
SDU/SDU_Battery_18,0.03952894917541729,lightgbm,SDU,raw_candidate
SDU/SDU_Battery_19,0.030517312911519396,lightgbm,SDU,raw_candidate
SDU/SDU_Battery_2,0.054157704410993164,lightgbm,SDU,raw_candidate
SDU/SDU_Battery_20,0.03453874163500254,lightgbm,SDU,raw_candidate
SDU/SDU_Battery_21,0.017542141738351003,lightgbm,SDU,raw_candidate
SDU/SDU_Battery_22,0.03258405367136994,lightgbm,SDU,raw_candidate
SDU/SDU_Battery_23,0.0626413084248115,lightgbm,SDU,raw_candidate
SDU/SDU_Battery_24,0.05637944898074434,lightgbm,SDU,raw_candidate
SDU/SDU_Battery_25,0.056305444920136095,lightgbm,SDU,raw_candidate
SDU/SDU_Battery_26,0.08362835623190595,lightgbm,SDU,raw_candidate
SDU/SDU_Battery_27,0.06014266054074967,lightgbm,SDU,raw_candidate
SDU/SDU_Battery_28,0.056696109840759984,lightgbm,SDU,raw_candidate
SDU/SDU_Battery_29,0.05379816035860551,lightgbm,SDU,raw_candidate
SDU/SDU_Battery_3,0.03626737669454336,lightgbm,SDU,raw_candidate
SDU/SDU_Battery_30,0.046061964778666135,lightgbm,SDU,raw_candidate
SDU/SDU_Battery_31,0.010678961629607893,lightgbm,SDU,raw_candidate
SDU/SDU_Battery_32,0.015959338753768305,lightgbm,SDU,raw_candidate
SDU/SDU_Battery_33,0.012146022917443948,lightgbm,SDU,raw_candidate
SDU/SDU_Battery_34,0.015176717426759329,lightgbm,SDU,raw_candidate
SDU/SDU_Battery_35,0.019036867873757357,lightgbm,SDU,raw_candidate
SDU/SDU_Battery_36,0.016386515959977352,lightgbm,SDU,raw_candidate
SDU/SDU_Battery_37,0.021836000745308486,lightgbm,SDU,raw_candidate
SDU/SDU_Battery_38,0.02638118434086609,lightgbm,SDU,raw_candidate
SDU/SDU_Battery_39,0.029583869286434132,lightgbm,SDU,raw_candidate
SDU/SDU_Battery_4,0.05256054363846818,lightgbm,SDU,raw_candidate
SDU/SDU_Battery_40,0.02285788639405795,lightgbm,SDU,raw_candidate
SDU/SDU_Battery_41,0.02751673970263563,lightgbm,SDU,raw_candidate
SDU/SDU_Battery_42,0.026690633315271335,lightgbm,SDU,raw_candidate
SDU/SDU_Battery_43,0.03393348971208451,lightgbm,SDU,raw_candidate
SDU/SDU_Battery_44,0.03182789346009283,lightgbm,SDU,raw_candidate
SDU/SDU_Battery_45,0.059380518487658004,lightgbm,SDU,raw_candidate
SDU/SDU_Battery_46,0.05142763499779563,lightgbm,SDU,raw_candidate
SDU/SDU_Battery_47,0.05991423722268969,lightgbm,SDU,raw_candidate
SDU/SDU_Battery_48,0.05099515167359329,lightgbm,SDU,raw_candidate
SDU/SDU_Battery_49,0.061275456823477535,lightgbm,SDU,raw_candidate
SDU/SDU_Battery_5,0.04382396424105191,lightgbm,SDU,raw_candidate
SDU/SDU_Battery_50,0.061910441992540324,lightgbm,SDU,raw_candidate
SDU/SDU_Battery_51,0.0615791061292024,lightgbm,SDU,raw_candidate
SDU/SDU_Battery_52,0.056650456755804476,lightgbm,SDU,raw_candidate
SDU/SDU_Battery_53,0.017428896529519632,lightgbm,SDU,raw_candidate
SDU/SDU_Battery_54,0.01006788804792163,lightgbm,SDU,raw_candidate
SDU/SDU_Battery_55,0.01065635266111651,lightgbm,SDU,raw_candidate
SDU/SDU_Battery_56,0.00991304963491797,lightgbm,SDU,raw_candidate
SDU/SDU_Battery_57,0.018631958237069736,lightgbm,SDU,raw_candidate
SDU/SDU_Battery_58,0.01948416411386697,lightgbm,SDU,raw_candidate
SDU/SDU_Battery_59,0.018906597299124507,lightgbm,SDU,raw_candidate
SDU/SDU_Battery_6,0.051676767656734304,lightgbm,SDU,raw_candidate
SDU/SDU_Battery_60,0.01537659942777097,lightgbm,SDU,raw_candidate
SDU/SDU_Battery_61,0.08689321461805023,lightgbm,SDU,raw_candidate
SDU/SDU_Battery_62,0.07925059862313788,lightgbm,SDU,raw_candidate
SDU/SDU_Battery_63,0.07312319450766327,lightgbm,SDU,raw_candidate
SDU/SDU_Battery_64,0.08265012766602821,lightgbm,SDU,raw_candidate
SDU/SDU_Battery_65,0.024196041317049867,lightgbm,SDU,raw_candidate
SDU/SDU_Battery_66,0.035341548070111216,lightgbm,SDU,raw_candidate
SDU/SDU_Battery_67,0.019045140725502372,lightgbm,SDU,raw_candidate
SDU/SDU_Battery_68,0.021083691043621827,lightgbm,SDU,raw_candidate
SDU/SDU_Battery_69,0.049730215315841125,lightgbm,SDU,raw_candidate
SDU/SDU_Battery_7,0.052362846404235025,lightgbm,SDU,raw_candidate
SDU/SDU_Battery_70,0.02825158066640084,lightgbm,SDU,raw_candidate
SDU/SDU_Battery_71,0.044586805691297436,lightgbm,SDU,raw_candidate
SDU/SDU_Battery_72,0.0484675378239301,lightgbm,SDU,raw_candidate
SDU/SDU_Battery_73,0.06607079546723424,lightgbm,SDU,raw_candidate
SDU/SDU_Battery_74,0.06663380634660307,lightgbm,SDU,raw_candidate
SDU/SDU_Battery_75,0.07122606220808594,lightgbm,SDU,raw_candidate
SDU/SDU_Battery_76,0.06069025906544212,lightgbm,SDU,raw_candidate
SDU/SDU_Battery_77,0.06368066963222019,lightgbm,SDU,raw_candidate
SDU/SDU_Battery_78,0.06406552095912704,lightgbm,SDU,raw_candidate
SDU/SDU_Battery_79,0.06571117864427159,lightgbm,SDU,raw_candidate
SDU/SDU_Battery_8,0.02606206594506727,lightgbm,SDU,raw_candidate
SDU/SDU_Battery_80,0.06370044151881735,lightgbm,SDU,raw_candidate
SDU/SDU_Battery_81,0.06395037952310814,lightgbm,SDU,raw_candidate
SDU/SDU_Battery_82,0.057508868300375174,lightgbm,SDU,raw_candidate
SDU/SDU_Battery_83,0.051432852675712085,lightgbm,SDU,raw_candidate
SDU/SDU_Battery_84,0.05731091435688377,lightgbm,SDU,raw_candidate
SDU/SDU_Battery_85,0.059164232778634175,lightgbm,SDU,raw_candidate
SDU/SDU_Battery_86,0.058727091591499817,lightgbm,SDU,raw_candidate
SDU/SDU_Battery_9,0.039507719831202125,lightgbm,SDU,raw_candidate
SNL/SNL_18650_LFP_15C_0-100_0.5-2C_b,0.08431293675483184,lightgbm,SNL,protected_state
SNL/SNL_18650_LFP_25C_0-100_0.5-0.5C_a,0.05946514492132881,lightgbm,SNL,protected_state
SNL/SNL_18650_LFP_25C_0-100_0.5-1C_a,0.08288366932253673,lightgbm,SNL,protected_state
SNL/SNL_18650_LFP_25C_0-100_0.5-1C_b,0.08197456017730508,lightgbm,SNL,protected_state
SNL/SNL_18650_LFP_25C_0-100_0.5-1C_c,0.0770909025136703,lightgbm,SNL,protected_state
SNL/SNL_18650_LFP_25C_0-100_0.5-1C_d,0.08003784719399133,lightgbm,SNL,protected_state
SNL/SNL_18650_LFP_25C_0-100_0.5-2C_a,0.07728084015938455,lightgbm,SNL,protected_state
SNL/SNL_18650_LFP_25C_0-100_0.5-2C_b,0.09195978128675057,lightgbm,SNL,protected_state
SNL/SNL_18650_LFP_25C_0-100_0.5-3C_a,0.04497483694287242,lightgbm,SNL,protected_state
SNL/SNL_18650_LFP_25C_0-100_0.5-3C_b,0.035030017735229534,lightgbm,SNL,protected_state
SNL/SNL_18650_LFP_25C_0-100_0.5-3C_c,0.02073891118410255,lightgbm,SNL,protected_state
SNL/SNL_18650_LFP_25C_0-100_0.5-3C_d,0.03500360500526223,lightgbm,SNL,protected_state
SNL/SNL_18650_LFP_35C_0-100_0.5-1C_a,0.030940607832594974,lightgbm,SNL,protected_state
SNL/SNL_18650_LFP_35C_0-100_0.5-1C_b,0.029520628209373775,lightgbm,SNL,protected_state
SNL/SNL_18650_LFP_35C_0-100_0.5-1C_c,0.033205803758438665,lightgbm,SNL,protected_state
SNL/SNL_18650_LFP_35C_0-100_0.5-1C_d,0.03760948814686913,lightgbm,SNL,protected_state
SNL/SNL_18650_LFP_35C_0-100_0.5-2C_a,0.04268941675203896,lightgbm,SNL,protected_state
SNL/SNL_18650_LFP_35C_0-100_0.5-2C_b,0.027555712763018617,lightgbm,SNL,protected_state
SNL/SNL_18650_NCA_15C_0-100_0.5-1C_a,0.10441589782373001,lightgbm,SNL,protected_state
SNL/SNL_18650_NCA_15C_0-100_0.5-1C_b,0.05848458137819746,lightgbm,SNL,protected_state
SNL/SNL_18650_NCA_15C_0-100_0.5-2C_a,0.1473396430485038,lightgbm,SNL,protected_state
SNL/SNL_18650_NCA_15C_0-100_0.5-2C_b,0.13977522343941534,lightgbm,SNL,protected_state
SNL/SNL_18650_NCA_25C_0-100_0.5-0.5C_a,0.11091836140978063,lightgbm,SNL,protected_state
SNL/SNL_18650_NCA_25C_0-100_0.5-0.5C_b,0.2105305780992691,lightgbm,SNL,protected_state
SNL/SNL_18650_NCA_25C_0-100_0.5-1C_a,0.07818521630765893,lightgbm,SNL,protected_state
SNL/SNL_18650_NCA_25C_0-100_0.5-1C_b,0.10729812401823964,lightgbm,SNL,protected_state
SNL/SNL_18650_NCA_25C_0-100_0.5-1C_c,0.11152431287678652,lightgbm,SNL,protected_state
SNL/SNL_18650_NCA_25C_0-100_0.5-1C_d,0.09540715564017728,lightgbm,SNL,protected_state
SNL/SNL_18650_NCA_25C_0-100_0.5-2C_a,0.12953941256855875,lightgbm,SNL,protected_state
SNL/SNL_18650_NCA_25C_0-100_0.5-2C_b,0.0964859007541746,lightgbm,SNL,protected_state
SNL/SNL_18650_NCA_25C_20-80_0.5-0.5C_a,0.0851077833125515,lightgbm,SNL,protected_state
SNL/SNL_18650_NCA_25C_20-80_0.5-0.5C_b,0.056951067170512085,lightgbm,SNL,protected_state
SNL/SNL_18650_NCA_25C_20-80_0.5-0.5C_c,0.07227440261931037,lightgbm,SNL,protected_state
SNL/SNL_18650_NCA_25C_20-80_0.5-0.5C_d,0.07784664702284352,lightgbm,SNL,protected_state
SNL/SNL_18650_NCA_35C_0-100_0.5-1C_a,0.07947298635775585,lightgbm,SNL,protected_state
SNL/SNL_18650_NCA_35C_0-100_0.5-1C_b,0.09287395331273779,lightgbm,SNL,protected_state
SNL/SNL_18650_NCA_35C_0-100_0.5-1C_c,0.07876197935821638,lightgbm,SNL,protected_state
SNL/SNL_18650_NCA_35C_0-100_0.5-1C_d,0.09530420557202104,lightgbm,SNL,protected_state
SNL/SNL_18650_NCA_35C_0-100_0.5-2C_a,0.1419365499246916,lightgbm,SNL,protected_state
SNL/SNL_18650_NCA_35C_0-100_0.5-2C_b,0.12959017462118466,lightgbm,SNL,protected_state
SNL/SNL_18650_NMC_15C_0-100_0.5-1C_a,0.18163982479237847,lightgbm,SNL,protected_state
SNL/SNL_18650_NMC_15C_0-100_0.5-1C_b,0.14124521222989275,lightgbm,SNL,protected_state
SNL/SNL_18650_NMC_15C_0-100_0.5-2C_a,0.16526546472631057,lightgbm,SNL,protected_state
SNL/SNL_18650_NMC_15C_0-100_0.5-2C_b,0.15670421834871648,lightgbm,SNL,protected_state
SNL/SNL_18650_NMC_25C_0-100_0.5-0.5C_b,0.09839545139848496,lightgbm,SNL,protected_state
SNL/SNL_18650_NMC_25C_0-100_0.5-1C_a,0.06299103003106493,lightgbm,SNL,protected_state
SNL/SNL_18650_NMC_25C_0-100_0.5-1C_b,0.05310519361469833,lightgbm,SNL,protected_state
SNL/SNL_18650_NMC_25C_0-100_0.5-1C_c,0.08914947520133644,lightgbm,SNL,protected_state
SNL/SNL_18650_NMC_25C_0-100_0.5-1C_d,0.06536651656082408,lightgbm,SNL,protected_state
SNL/SNL_18650_NMC_25C_0-100_0.5-2C_a,0.09295757128172392,lightgbm,SNL,protected_state
SNL/SNL_18650_NMC_25C_0-100_0.5-2C_b,0.05481331146780079,lightgbm,SNL,protected_state
SNL/SNL_18650_NMC_25C_0-100_0.5-3C_a,0.07316879957668887,lightgbm,SNL,protected_state
SNL/SNL_18650_NMC_25C_0-100_0.5-3C_b,0.04556965161869799,lightgbm,SNL,protected_state
SNL/SNL_18650_NMC_25C_0-100_0.5-3C_c,0.04308689050940584,lightgbm,SNL,protected_state
SNL/SNL_18650_NMC_25C_0-100_0.5-3C_d,0.03635144392772577,lightgbm,SNL,protected_state
SNL/SNL_18650_NMC_35C_0-100_0.5-1C_a,0.048737184383470106,lightgbm,SNL,protected_state
SNL/SNL_18650_NMC_35C_0-100_0.5-1C_b,0.04965797882650748,lightgbm,SNL,protected_state
SNL/SNL_18650_NMC_35C_0-100_0.5-1C_c,0.045880253043012596,lightgbm,SNL,protected_state
SNL/SNL_18650_NMC_35C_0-100_0.5-1C_d,0.04441025761960943,lightgbm,SNL,protected_state
SNL/SNL_18650_NMC_35C_0-100_0.5-2C_a,0.0587074461781369,lightgbm,SNL,protected_state
SNL/SNL_18650_NMC_35C_0-100_0.5-2C_b,0.032635514684435755,lightgbm,SNL,protected_state
SNL/SNL_18650_LFP_15C_0-100_0.5-2C_b,0.08453665406833394,lightgbm,SNL,pchp_method
SNL/SNL_18650_LFP_25C_0-100_0.5-0.5C_a,0.06087874984889024,lightgbm,SNL,pchp_method
SNL/SNL_18650_LFP_25C_0-100_0.5-1C_a,0.08511492033540635,lightgbm,SNL,pchp_method
SNL/SNL_18650_LFP_25C_0-100_0.5-1C_b,0.09007275613958682,lightgbm,SNL,pchp_method
SNL/SNL_18650_LFP_25C_0-100_0.5-1C_c,0.08090311862022483,lightgbm,SNL,pchp_method
SNL/SNL_18650_LFP_25C_0-100_0.5-1C_d,0.0884033231059659,lightgbm,SNL,pchp_method
SNL/SNL_18650_LFP_25C_0-100_0.5-2C_a,0.0825457832975784,lightgbm,SNL,pchp_method
SNL/SNL_18650_LFP_25C_0-100_0.5-2C_b,0.09676775350629317,lightgbm,SNL,pchp_method
SNL/SNL_18650_LFP_25C_0-100_0.5-3C_a,0.05171129627658392,lightgbm,SNL,pchp_method
SNL/SNL_18650_LFP_25C_0-100_0.5-3C_b,0.04238158087259942,lightgbm,SNL,pchp_method
SNL/SNL_18650_LFP_25C_0-100_0.5-3C_c,0.025401472667680957,lightgbm,SNL,pchp_method
SNL/SNL_18650_LFP_25C_0-100_0.5-3C_d,0.0403241064769144,lightgbm,SNL,pchp_method
SNL/SNL_18650_LFP_35C_0-100_0.5-1C_a,0.03631149277874774,lightgbm,SNL,pchp_method
SNL/SNL_18650_LFP_35C_0-100_0.5-1C_b,0.035842187347726144,lightgbm,SNL,pchp_method
SNL/SNL_18650_LFP_35C_0-100_0.5-1C_c,0.035406026282109315,lightgbm,SNL,pchp_method
SNL/SNL_18650_LFP_35C_0-100_0.5-1C_d,0.04492998972665299,lightgbm,SNL,pchp_method
SNL/SNL_18650_LFP_35C_0-100_0.5-2C_a,0.05022617110179357,lightgbm,SNL,pchp_method
SNL/SNL_18650_LFP_35C_0-100_0.5-2C_b,0.034193804960634164,lightgbm,SNL,pchp_method
SNL/SNL_18650_NCA_15C_0-100_0.5-1C_a,0.09607974050504009,lightgbm,SNL,pchp_method
SNL/SNL_18650_NCA_15C_0-100_0.5-1C_b,0.048728390852130994,lightgbm,SNL,pchp_method
SNL/SNL_18650_NCA_15C_0-100_0.5-2C_a,0.13981570100695595,lightgbm,SNL,pchp_method
SNL/SNL_18650_NCA_15C_0-100_0.5-2C_b,0.13143442932578214,lightgbm,SNL,pchp_method
SNL/SNL_18650_NCA_25C_0-100_0.5-0.5C_a,0.10093537848163561,lightgbm,SNL,pchp_method
SNL/SNL_18650_NCA_25C_0-100_0.5-0.5C_b,0.20078594603921976,lightgbm,SNL,pchp_method
SNL/SNL_18650_NCA_25C_0-100_0.5-1C_a,0.06859308133751169,lightgbm,SNL,pchp_method
SNL/SNL_18650_NCA_25C_0-100_0.5-1C_b,0.09754484412578111,lightgbm,SNL,pchp_method
SNL/SNL_18650_NCA_25C_0-100_0.5-1C_c,0.10664390273727577,lightgbm,SNL,pchp_method
SNL/SNL_18650_NCA_25C_0-100_0.5-1C_d,0.08599515780251311,lightgbm,SNL,pchp_method
SNL/SNL_18650_NCA_25C_0-100_0.5-2C_a,0.12097498536814169,lightgbm,SNL,pchp_method
SNL/SNL_18650_NCA_25C_0-100_0.5-2C_b,0.08771999279371769,lightgbm,SNL,pchp_method
SNL/SNL_18650_NCA_25C_20-80_0.5-0.5C_a,0.07583684401785795,lightgbm,SNL,pchp_method
SNL/SNL_18650_NCA_25C_20-80_0.5-0.5C_b,0.04782016073673076,lightgbm,SNL,pchp_method
SNL/SNL_18650_NCA_25C_20-80_0.5-0.5C_c,0.06274503187525163,lightgbm,SNL,pchp_method
SNL/SNL_18650_NCA_25C_20-80_0.5-0.5C_d,0.06844453499305882,lightgbm,SNL,pchp_method
SNL/SNL_18650_NCA_35C_0-100_0.5-1C_a,0.0706099059835189,lightgbm,SNL,pchp_method
SNL/SNL_18650_NCA_35C_0-100_0.5-1C_b,0.08287395331273778,lightgbm,SNL,pchp_method
SNL/SNL_18650_NCA_35C_0-100_0.5-1C_c,0.06876985073242023,lightgbm,SNL,pchp_method
SNL/SNL_18650_NCA_35C_0-100_0.5-1C_d,0.08550274253297498,lightgbm,SNL,pchp_method
SNL/SNL_18650_NCA_35C_0-100_0.5-2C_a,0.13257911452855367,lightgbm,SNL,pchp_method
SNL/SNL_18650_NCA_35C_0-100_0.5-2C_b,0.12017098263278077,lightgbm,SNL,pchp_method
SNL/SNL_18650_NMC_15C_0-100_0.5-1C_a,0.1720103983665252,lightgbm,SNL,pchp_method
SNL/SNL_18650_NMC_15C_0-100_0.5-1C_b,0.1325416438806073,lightgbm,SNL,pchp_method
SNL/SNL_18650_NMC_15C_0-100_0.5-2C_a,0.15560703245279028,lightgbm,SNL,pchp_method
SNL/SNL_18650_NMC_15C_0-100_0.5-2C_b,0.14713510924536638,lightgbm,SNL,pchp_method
SNL/SNL_18650_NMC_25C_0-100_0.5-0.5C_b,0.0885137962416216,lightgbm,SNL,pchp_method
SNL/SNL_18650_NMC_25C_0-100_0.5-1C_a,0.05335828256163811,lightgbm,SNL,pchp_method
SNL/SNL_18650_NMC_25C_0-100_0.5-1C_b,0.04344981770951229,lightgbm,SNL,pchp_method
SNL/SNL_18650_NMC_25C_0-100_0.5-1C_c,0.07944223973898672,lightgbm,SNL,pchp_method
SNL/SNL_18650_NMC_25C_0-100_0.5-1C_d,0.055746283750736314,lightgbm,SNL,pchp_method
SNL/SNL_18650_NMC_25C_0-100_0.5-2C_a,0.0830776000211202,lightgbm,SNL,pchp_method
SNL/SNL_18650_NMC_25C_0-100_0.5-2C_b,0.04557125138816502,lightgbm,SNL,pchp_method
SNL/SNL_18650_NMC_25C_0-100_0.5-3C_a,0.06317487548593125,lightgbm,SNL,pchp_method
SNL/SNL_18650_NMC_25C_0-100_0.5-3C_b,0.03597330339992477,lightgbm,SNL,pchp_method
SNL/SNL_18650_NMC_25C_0-100_0.5-3C_c,0.033426816314942084,lightgbm,SNL,pchp_method
SNL/SNL_18650_NMC_25C_0-100_0.5-3C_d,0.02665516918664553,lightgbm,SNL,pchp_method
SNL/SNL_18650_NMC_35C_0-100_0.5-1C_a,0.03894990494809514,lightgbm,SNL,pchp_method
SNL/SNL_18650_NMC_35C_0-100_0.5-1C_b,0.03991045813414505,lightgbm,SNL,pchp_method
SNL/SNL_18650_NMC_35C_0-100_0.5-1C_c,0.036145318309334644,lightgbm,SNL,pchp_method
SNL/SNL_18650_NMC_35C_0-100_0.5-1C_d,0.0345804701091617,lightgbm,SNL,pchp_method
SNL/SNL_18650_NMC_35C_0-100_0.5-2C_a,0.04901890323971518,lightgbm,SNL,pchp_method
SNL/SNL_18650_NMC_35C_0-100_0.5-2C_b,0.02341646584302817,lightgbm,SNL,pchp_method
SNL/SNL_18650_LFP_15C_0-100_0.5-2C_b,0.07671692776799648,lightgbm,SNL,raw_candidate
SNL/SNL_18650_LFP_25C_0-100_0.5-0.5C_a,0.0664230425237468,lightgbm,SNL,raw_candidate
SNL/SNL_18650_LFP_25C_0-100_0.5-1C_a,0.09109445230698507,lightgbm,SNL,raw_candidate
SNL/SNL_18650_LFP_25C_0-100_0.5-1C_b,0.09384836111596867,lightgbm,SNL,raw_candidate
SNL/SNL_18650_LFP_25C_0-100_0.5-1C_c,0.09793574701298784,lightgbm,SNL,raw_candidate
SNL/SNL_18650_LFP_25C_0-100_0.5-1C_d,0.10076189343603445,lightgbm,SNL,raw_candidate
SNL/SNL_18650_LFP_25C_0-100_0.5-2C_a,0.0927397954347719,lightgbm,SNL,raw_candidate
SNL/SNL_18650_LFP_25C_0-100_0.5-2C_b,0.10964901906388093,lightgbm,SNL,raw_candidate
SNL/SNL_18650_LFP_25C_0-100_0.5-3C_a,0.05861266648954785,lightgbm,SNL,raw_candidate
SNL/SNL_18650_LFP_25C_0-100_0.5-3C_b,0.05954455147522827,lightgbm,SNL,raw_candidate
SNL/SNL_18650_LFP_25C_0-100_0.5-3C_c,0.05908914206384071,lightgbm,SNL,raw_candidate
SNL/SNL_18650_LFP_25C_0-100_0.5-3C_d,0.049646277220964846,lightgbm,SNL,raw_candidate
SNL/SNL_18650_LFP_35C_0-100_0.5-1C_a,0.023573512136178646,lightgbm,SNL,raw_candidate
SNL/SNL_18650_LFP_35C_0-100_0.5-1C_b,0.024816940858952603,lightgbm,SNL,raw_candidate
SNL/SNL_18650_LFP_35C_0-100_0.5-1C_c,0.020083713456317032,lightgbm,SNL,raw_candidate
SNL/SNL_18650_LFP_35C_0-100_0.5-1C_d,0.026252233497048364,lightgbm,SNL,raw_candidate
SNL/SNL_18650_LFP_35C_0-100_0.5-2C_a,0.028668066463571323,lightgbm,SNL,raw_candidate
SNL/SNL_18650_LFP_35C_0-100_0.5-2C_b,0.02271880082699526,lightgbm,SNL,raw_candidate
SNL/SNL_18650_NCA_15C_0-100_0.5-1C_a,0.06453040703239796,lightgbm,SNL,raw_candidate
SNL/SNL_18650_NCA_15C_0-100_0.5-1C_b,0.015030317285471434,lightgbm,SNL,raw_candidate
SNL/SNL_18650_NCA_15C_0-100_0.5-2C_a,0.09356897618503945,lightgbm,SNL,raw_candidate
SNL/SNL_18650_NCA_15C_0-100_0.5-2C_b,0.0966948325768019,lightgbm,SNL,raw_candidate
SNL/SNL_18650_NCA_25C_0-100_0.5-0.5C_a,0.027330537657640788,lightgbm,SNL,raw_candidate
SNL/SNL_18650_NCA_25C_0-100_0.5-0.5C_b,0.050412627055910174,lightgbm,SNL,raw_candidate
SNL/SNL_18650_NCA_25C_0-100_0.5-1C_a,0.024635204079960633,lightgbm,SNL,raw_candidate
SNL/SNL_18650_NCA_25C_0-100_0.5-1C_b,0.036225953940867785,lightgbm,SNL,raw_candidate
SNL/SNL_18650_NCA_25C_0-100_0.5-1C_c,0.0808179730616714,lightgbm,SNL,raw_candidate
SNL/SNL_18650_NCA_25C_0-100_0.5-1C_d,0.03690100177059184,lightgbm,SNL,raw_candidate
SNL/SNL_18650_NCA_25C_0-100_0.5-2C_a,0.0341493524168075,lightgbm,SNL,raw_candidate
SNL/SNL_18650_NCA_25C_0-100_0.5-2C_b,0.014117860087127558,lightgbm,SNL,raw_candidate
SNL/SNL_18650_NCA_25C_20-80_0.5-0.5C_a,0.05019553809811825,lightgbm,SNL,raw_candidate
SNL/SNL_18650_NCA_25C_20-80_0.5-0.5C_b,0.0332471343405415,lightgbm,SNL,raw_candidate
SNL/SNL_18650_NCA_25C_20-80_0.5-0.5C_c,0.046459466929042376,lightgbm,SNL,raw_candidate
SNL/SNL_18650_NCA_25C_20-80_0.5-0.5C_d,0.04339059121676651,lightgbm,SNL,raw_candidate
SNL/SNL_18650_NCA_35C_0-100_0.5-1C_a,0.05120546526190936,lightgbm,SNL,raw_candidate
SNL/SNL_18650_NCA_35C_0-100_0.5-1C_b,0.031091434285736876,lightgbm,SNL,raw_candidate
SNL/SNL_18650_NCA_35C_0-100_0.5-1C_c,0.012621213056377955,lightgbm,SNL,raw_candidate
SNL/SNL_18650_NCA_35C_0-100_0.5-1C_d,0.023304133084264954,lightgbm,SNL,raw_candidate
SNL/SNL_18650_NCA_35C_0-100_0.5-2C_a,0.045085510276802195,lightgbm,SNL,raw_candidate
SNL/SNL_18650_NCA_35C_0-100_0.5-2C_b,0.07393784354037027,lightgbm,SNL,raw_candidate
SNL/SNL_18650_NMC_15C_0-100_0.5-1C_a,0.11424930163624145,lightgbm,SNL,raw_candidate
SNL/SNL_18650_NMC_15C_0-100_0.5-1C_b,0.12102648296965912,lightgbm,SNL,raw_candidate
SNL/SNL_18650_NMC_15C_0-100_0.5-2C_a,0.11260301669662554,lightgbm,SNL,raw_candidate
SNL/SNL_18650_NMC_15C_0-100_0.5-2C_b,0.10101544572761041,lightgbm,SNL,raw_candidate
SNL/SNL_18650_NMC_25C_0-100_0.5-0.5C_b,0.012285087276619089,lightgbm,SNL,raw_candidate
SNL/SNL_18650_NMC_25C_0-100_0.5-1C_a,0.007940072533326363,lightgbm,SNL,raw_candidate
SNL/SNL_18650_NMC_25C_0-100_0.5-1C_b,0.007342488478490844,lightgbm,SNL,raw_candidate
SNL/SNL_18650_NMC_25C_0-100_0.5-1C_c,0.0355968305501474,lightgbm,SNL,raw_candidate
SNL/SNL_18650_NMC_25C_0-100_0.5-1C_d,0.012261000541756035,lightgbm,SNL,raw_candidate
SNL/SNL_18650_NMC_25C_0-100_0.5-2C_a,0.016103717844421456,lightgbm,SNL,raw_candidate
SNL/SNL_18650_NMC_25C_0-100_0.5-2C_b,0.018183428695903784,lightgbm,SNL,raw_candidate
SNL/SNL_18650_NMC_25C_0-100_0.5-3C_a,0.02689957043548536,lightgbm,SNL,raw_candidate
SNL/SNL_18650_NMC_25C_0-100_0.5-3C_b,0.0261305097116506,lightgbm,SNL,raw_candidate
SNL/SNL_18650_NMC_25C_0-100_0.5-3C_c,0.03194411093691101,lightgbm,SNL,raw_candidate
SNL/SNL_18650_NMC_25C_0-100_0.5-3C_d,0.03949629018664092,lightgbm,SNL,raw_candidate
SNL/SNL_18650_NMC_35C_0-100_0.5-1C_a,0.04965280579150341,lightgbm,SNL,raw_candidate
SNL/SNL_18650_NMC_35C_0-100_0.5-1C_b,0.03434661879601314,lightgbm,SNL,raw_candidate
SNL/SNL_18650_NMC_35C_0-100_0.5-1C_c,0.04134643006229357,lightgbm,SNL,raw_candidate
SNL/SNL_18650_NMC_35C_0-100_0.5-1C_d,0.04194761874792077,lightgbm,SNL,raw_candidate
SNL/SNL_18650_NMC_35C_0-100_0.5-2C_a,0.02634159495426058,lightgbm,SNL,raw_candidate
SNL/SNL_18650_NMC_35C_0-100_0.5-2C_b,0.025196022619703766,lightgbm,SNL,raw_candidate
UL_PUR/UL-PUR_N10-EX9_18650_NCA_23C_0-100_0.5-0.5C_i,0.06335411837247579,lightgbm,UL_PUR,protected_state
UL_PUR/UL-PUR_N10-NA7_18650_NCA_23C_0-100_0.5-0.5C_g,0.02304916711279783,lightgbm,UL_PUR,protected_state
UL_PUR/UL-PUR_N10-OV8_18650_NCA_23C_0-100_0.5-0.5C_h,0.06485354223953414,lightgbm,UL_PUR,protected_state
UL_PUR/UL-PUR_N15-EX4_18650_NCA_23C_0-100_0.5-0.5C_d,0.03543017096462909,lightgbm,UL_PUR,protected_state
UL_PUR/UL-PUR_N15-NA10_18650_NCA_23C_0-100_0.5-0.5C_j,0.027826200189241024,lightgbm,UL_PUR,protected_state
UL_PUR/UL-PUR_N15-OV3_18650_NCA_23C_0-100_0.5-0.5C_c,0.01867423044842282,lightgbm,UL_PUR,protected_state
UL_PUR/UL-PUR_N20-EX2_18650_NCA_23C_0-100_0.5-0.5C_b,0.019003847876918084,lightgbm,UL_PUR,protected_state
UL_PUR/UL-PUR_N20-NA5_18650_NCA_23C_0-100_0.5-0.5C_e,0.049911291905964564,lightgbm,UL_PUR,protected_state
UL_PUR/UL-PUR_N20-NA6_18650_NCA_23C_0-100_0.5-0.5C_f,0.05770767712684787,lightgbm,UL_PUR,protected_state
UL_PUR/UL-PUR_N20-OV1_18650_NCA_23C_0-100_0.5-0.5C_a,0.01652924512857967,lightgbm,UL_PUR,protected_state
UL_PUR/UL-PUR_N10-EX9_18650_NCA_23C_0-100_0.5-0.5C_i,0.05430649932485674,lightgbm,UL_PUR,pchp_method
UL_PUR/UL-PUR_N10-NA7_18650_NCA_23C_0-100_0.5-0.5C_g,0.017015002366207874,lightgbm,UL_PUR,pchp_method
UL_PUR/UL-PUR_N10-OV8_18650_NCA_23C_0-100_0.5-0.5C_h,0.05539117664813629,lightgbm,UL_PUR,pchp_method
UL_PUR/UL-PUR_N15-EX4_18650_NCA_23C_0-100_0.5-0.5C_d,0.0391673877239724,lightgbm,UL_PUR,pchp_method
UL_PUR/UL-PUR_N15-NA10_18650_NCA_23C_0-100_0.5-0.5C_j,0.020003934637509217,lightgbm,UL_PUR,pchp_method
UL_PUR/UL-PUR_N15-OV3_18650_NCA_23C_0-100_0.5-0.5C_c,0.026145983793247445,lightgbm,UL_PUR,pchp_method
UL_PUR/UL-PUR_N20-EX2_18650_NCA_23C_0-100_0.5-0.5C_b,0.017883075209120095,lightgbm,UL_PUR,pchp_method
UL_PUR/UL-PUR_N20-NA5_18650_NCA_23C_0-100_0.5-0.5C_e,0.04814438723263436,lightgbm,UL_PUR,pchp_method
UL_PUR/UL-PUR_N20-NA6_18650_NCA_23C_0-100_0.5-0.5C_f,0.054373886860752584,lightgbm,UL_PUR,pchp_method
UL_PUR/UL-PUR_N20-OV1_18650_NCA_23C_0-100_0.5-0.5C_a,0.01922006251415912,lightgbm,UL_PUR,pchp_method
UL_PUR/UL-PUR_N10-EX9_18650_NCA_23C_0-100_0.5-0.5C_i,0.06195383122060397,lightgbm,UL_PUR,raw_candidate
UL_PUR/UL-PUR_N10-NA7_18650_NCA_23C_0-100_0.5-0.5C_g,0.04600882753743963,lightgbm,UL_PUR,raw_candidate
UL_PUR/UL-PUR_N10-OV8_18650_NCA_23C_0-100_0.5-0.5C_h,0.05781257224516286,lightgbm,UL_PUR,raw_candidate
UL_PUR/UL-PUR_N15-EX4_18650_NCA_23C_0-100_0.5-0.5C_d,0.04850801672105374,lightgbm,UL_PUR,raw_candidate
UL_PUR/UL-PUR_N15-NA10_18650_NCA_23C_0-100_0.5-0.5C_j,0.044209140105590405,lightgbm,UL_PUR,raw_candidate
UL_PUR/UL-PUR_N15-OV3_18650_NCA_23C_0-100_0.5-0.5C_c,0.04917726010926611,lightgbm,UL_PUR,raw_candidate
UL_PUR/UL-PUR_N20-EX2_18650_NCA_23C_0-100_0.5-0.5C_b,0.07535668659016363,lightgbm,UL_PUR,raw_candidate
UL_PUR/UL-PUR_N20-NA5_18650_NCA_23C_0-100_0.5-0.5C_e,0.052187581639490076,lightgbm,UL_PUR,raw_candidate
UL_PUR/UL-PUR_N20-NA6_18650_NCA_23C_0-100_0.5-0.5C_f,0.043403386582407756,lightgbm,UL_PUR,raw_candidate
UL_PUR/UL-PUR_N20-OV1_18650_NCA_23C_0-100_0.5-0.5C_a,0.07479177981489198,lightgbm,UL_PUR,raw_candidate
XJTU/XJTU_2C_battery-1,0.09483332285155516,lightgbm,XJTU,protected_state
XJTU/XJTU_2C_battery-2,0.09158832649337434,lightgbm,XJTU,protected_state
XJTU/XJTU_2C_battery-3,0.08902167784954956,lightgbm,XJTU,protected_state
XJTU/XJTU_2C_battery-4,0.09450009436629175,lightgbm,XJTU,protected_state
XJTU/XJTU_2C_battery-5,0.0748515368501549,lightgbm,XJTU,protected_state
XJTU/XJTU_2C_battery-6,0.0804785834697619,lightgbm,XJTU,protected_state
XJTU/XJTU_2C_battery-7,0.052108484161584714,lightgbm,XJTU,protected_state
XJTU/XJTU_2C_battery-8,0.08209505709496377,lightgbm,XJTU,protected_state
XJTU/XJTU_3C_battery-1,0.09641472701775097,lightgbm,XJTU,protected_state
XJTU/XJTU_3C_battery-10,0.08457139149731872,lightgbm,XJTU,protected_state
XJTU/XJTU_3C_battery-11,0.07763912782535944,lightgbm,XJTU,protected_state
XJTU/XJTU_3C_battery-12,0.10389546229305746,lightgbm,XJTU,protected_state
XJTU/XJTU_3C_battery-13,0.10336182776948064,lightgbm,XJTU,protected_state
XJTU/XJTU_3C_battery-14,0.08486169550375348,lightgbm,XJTU,protected_state
XJTU/XJTU_3C_battery-15,0.08294026671762143,lightgbm,XJTU,protected_state
XJTU/XJTU_3C_battery-2,0.09473509250935658,lightgbm,XJTU,protected_state
XJTU/XJTU_3C_battery-3,0.08877042380630258,lightgbm,XJTU,protected_state
XJTU/XJTU_3C_battery-4,0.09147852751030389,lightgbm,XJTU,protected_state
XJTU/XJTU_3C_battery-5,0.08759002337534613,lightgbm,XJTU,protected_state
XJTU/XJTU_3C_battery-6,0.10257599215101572,lightgbm,XJTU,protected_state
XJTU/XJTU_3C_battery-7,0.1015005113456307,lightgbm,XJTU,protected_state
XJTU/XJTU_3C_battery-8,0.09546174617142997,lightgbm,XJTU,protected_state
XJTU/XJTU_3C_battery-9,0.11104376447574535,lightgbm,XJTU,protected_state
XJTU/XJTU_2C_battery-1,0.08696403993705133,lightgbm,XJTU,pchp_method
XJTU/XJTU_2C_battery-2,0.08486631634176277,lightgbm,XJTU,pchp_method
XJTU/XJTU_2C_battery-3,0.08219396529492665,lightgbm,XJTU,pchp_method
XJTU/XJTU_2C_battery-4,0.08751972996676545,lightgbm,XJTU,pchp_method
XJTU/XJTU_2C_battery-5,0.07146794384408303,lightgbm,XJTU,pchp_method
XJTU/XJTU_2C_battery-6,0.07671350664006517,lightgbm,XJTU,pchp_method
XJTU/XJTU_2C_battery-7,0.049906631199159696,lightgbm,XJTU,pchp_method
XJTU/XJTU_2C_battery-8,0.07908842774209955,lightgbm,XJTU,pchp_method
XJTU/XJTU_3C_battery-1,0.08914244517375507,lightgbm,XJTU,pchp_method
XJTU/XJTU_3C_battery-10,0.0936907520873313,lightgbm,XJTU,pchp_method
XJTU/XJTU_3C_battery-11,0.08661070005397759,lightgbm,XJTU,pchp_method
XJTU/XJTU_3C_battery-12,0.11147037659778476,lightgbm,XJTU,pchp_method
XJTU/XJTU_3C_battery-13,0.11053896691598906,lightgbm,XJTU,pchp_method
XJTU/XJTU_3C_battery-14,0.09405904890385383,lightgbm,XJTU,pchp_method
XJTU/XJTU_3C_battery-15,0.09232364465999507,lightgbm,XJTU,pchp_method
XJTU/XJTU_3C_battery-2,0.08793441154986538,lightgbm,XJTU,pchp_method
XJTU/XJTU_3C_battery-3,0.08279509114137376,lightgbm,XJTU,pchp_method
XJTU/XJTU_3C_battery-4,0.0856606709558782,lightgbm,XJTU,pchp_method
XJTU/XJTU_3C_battery-5,0.08133620551286162,lightgbm,XJTU,pchp_method
XJTU/XJTU_3C_battery-6,0.09568649644257819,lightgbm,XJTU,pchp_method
XJTU/XJTU_3C_battery-7,0.09383656523272774,lightgbm,XJTU,pchp_method
XJTU/XJTU_3C_battery-8,0.08776634918769907,lightgbm,XJTU,pchp_method
XJTU/XJTU_3C_battery-9,0.11383067446541892,lightgbm,XJTU,pchp_method
XJTU/XJTU_2C_battery-1,0.05809983875464094,lightgbm,XJTU,raw_candidate
XJTU/XJTU_2C_battery-2,0.060725961808607155,lightgbm,XJTU,raw_candidate
XJTU/XJTU_2C_battery-3,0.05631894274241725,lightgbm,XJTU,raw_candidate
XJTU/XJTU_2C_battery-4,0.06163500554795183,lightgbm,XJTU,raw_candidate
XJTU/XJTU_2C_battery-5,0.054589419945264846,lightgbm,XJTU,raw_candidate
XJTU/XJTU_2C_battery-6,0.05611533128531729,lightgbm,XJTU,raw_candidate
XJTU/XJTU_2C_battery-7,0.04721689479757428,lightgbm,XJTU,raw_candidate
XJTU/XJTU_2C_battery-8,0.06246673064054238,lightgbm,XJTU,raw_candidate
XJTU/XJTU_3C_battery-1,0.06083717197501873,lightgbm,XJTU,raw_candidate
XJTU/XJTU_3C_battery-10,0.11869501719190226,lightgbm,XJTU,raw_candidate
XJTU/XJTU_3C_battery-11,0.11683974956569487,lightgbm,XJTU,raw_candidate
XJTU/XJTU_3C_battery-12,0.12640747503766428,lightgbm,XJTU,raw_candidate
XJTU/XJTU_3C_battery-13,0.11325965244048355,lightgbm,XJTU,raw_candidate
XJTU/XJTU_3C_battery-14,0.12257387645529663,lightgbm,XJTU,raw_candidate
XJTU/XJTU_3C_battery-15,0.1232241565131726,lightgbm,XJTU,raw_candidate
XJTU/XJTU_3C_battery-2,0.06478602523600215,lightgbm,XJTU,raw_candidate
XJTU/XJTU_3C_battery-3,0.06276269122024379,lightgbm,XJTU,raw_candidate
XJTU/XJTU_3C_battery-4,0.06882519740651016,lightgbm,XJTU,raw_candidate
XJTU/XJTU_3C_battery-5,0.059108490895788776,lightgbm,XJTU,raw_candidate
XJTU/XJTU_3C_battery-6,0.0713159711492558,lightgbm,XJTU,raw_candidate
XJTU/XJTU_3C_battery-7,0.061499412488134564,lightgbm,XJTU,raw_candidate
XJTU/XJTU_3C_battery-8,0.06387591844098675,lightgbm,XJTU,raw_candidate
XJTU/XJTU_3C_battery-9,0.12037001843397309,lightgbm,XJTU,raw_candidate
CALB/CALB_0_B182,0.06309507710571656,ridge,CALB,protected_state
CALB/CALB_0_B183,0.07837863097692706,ridge,CALB,protected_state
CALB/CALB_0_B184,0.0816158618094966,ridge,CALB,protected_state
CALB/CALB_0_B185,0.07904074849779377,ridge,CALB,protected_state
CALB/CALB_0_B187,0.08030912896113214,ridge,CALB,protected_state
CALB/CALB_0_B188,0.07360403070896208,ridge,CALB,protected_state
CALB/CALB_0_B189,0.07855818904586169,ridge,CALB,protected_state
CALB/CALB_0_B190,0.07307130498103004,ridge,CALB,protected_state
CALB/CALB_25_T25-1,0.06184707524621546,ridge,CALB,protected_state
CALB/CALB_25_T25-2,0.07431567548606821,ridge,CALB,protected_state
CALB/CALB_35_B173,0.058645811955011874,ridge,CALB,protected_state
CALB/CALB_35_B174,0.05704619242445802,ridge,CALB,protected_state
CALB/CALB_35_B175,0.057365601878874316,ridge,CALB,protected_state
CALB/CALB_35_B222,0.05838681919337743,ridge,CALB,protected_state
CALB/CALB_35_B223,0.05777696804809589,ridge,CALB,protected_state
CALB/CALB_35_B224,0.059197155775758604,ridge,CALB,protected_state
CALB/CALB_35_B227,0.05792941852625346,ridge,CALB,protected_state
CALB/CALB_35_B228,0.05631586899143454,ridge,CALB,protected_state
CALB/CALB_35_B229,0.0568102835642874,ridge,CALB,protected_state
CALB/CALB_35_B230,0.057071791118803665,ridge,CALB,protected_state
CALB/CALB_35_B247,0.08900140227681816,ridge,CALB,protected_state
CALB/CALB_35_B248,0.05720574630293733,ridge,CALB,protected_state
CALB/CALB_35_B249,0.05687677693732514,ridge,CALB,protected_state
CALB/CALB_35_B250,0.05961096691404804,ridge,CALB,protected_state
CALB/CALB_45_B253,0.02861254554992638,ridge,CALB,protected_state
CALB/CALB_45_B255,0.03003590542088039,ridge,CALB,protected_state
CALB/CALB_45_B256,0.02533817908866573,ridge,CALB,protected_state
CALB/CALB_0_B182,0.06382711250209125,ridge,CALB,pchp_method
CALB/CALB_0_B183,0.07831915194026133,ridge,CALB,pchp_method
CALB/CALB_0_B184,0.08854727202283418,ridge,CALB,pchp_method
CALB/CALB_0_B185,0.08609903455775277,ridge,CALB,pchp_method
CALB/CALB_0_B187,0.08723764748292104,ridge,CALB,pchp_method
CALB/CALB_0_B188,0.07089459314131633,ridge,CALB,pchp_method
CALB/CALB_0_B189,0.08279674672855036,ridge,CALB,pchp_method
CALB/CALB_0_B190,0.07232103232057886,ridge,CALB,pchp_method
CALB/CALB_25_T25-1,0.05342843608135799,ridge,CALB,pchp_method
CALB/CALB_25_T25-2,0.06520997841753821,ridge,CALB,pchp_method
CALB/CALB_35_B173,0.04864581195501186,ridge,CALB,pchp_method
CALB/CALB_35_B174,0.04704619242445801,ridge,CALB,pchp_method
CALB/CALB_35_B175,0.0473656018788743,ridge,CALB,pchp_method
CALB/CALB_35_B222,0.04838681919337743,ridge,CALB,pchp_method
CALB/CALB_35_B223,0.047776968048095884,ridge,CALB,pchp_method
CALB/CALB_35_B224,0.049197155775758596,ridge,CALB,pchp_method
CALB/CALB_35_B227,0.047929418526253445,ridge,CALB,pchp_method
CALB/CALB_35_B228,0.04631586899143452,ridge,CALB,pchp_method
CALB/CALB_35_B229,0.046810283564287396,ridge,CALB,pchp_method
CALB/CALB_35_B230,0.047071791118803656,ridge,CALB,pchp_method
CALB/CALB_35_B247,0.07900140227681815,ridge,CALB,pchp_method
CALB/CALB_35_B248,0.04720574630293733,ridge,CALB,pchp_method
CALB/CALB_35_B249,0.04687677693732513,ridge,CALB,pchp_method
CALB/CALB_35_B250,0.04961096691404803,ridge,CALB,pchp_method
CALB/CALB_45_B253,0.022302286531558586,ridge,CALB,pchp_method
CALB/CALB_45_B255,0.0242167318621451,ridge,CALB,pchp_method
CALB/CALB_45_B256,0.021445078328870954,ridge,CALB,pchp_method
CALB/CALB_0_B182,0.06688670971904942,ridge,CALB,raw_candidate
CALB/CALB_0_B183,0.08030919404384564,ridge,CALB,raw_candidate
CALB/CALB_0_B184,0.0905589554947476,ridge,CALB,raw_candidate
CALB/CALB_0_B185,0.08837253170258269,ridge,CALB,raw_candidate
CALB/CALB_0_B187,0.08989314723025224,ridge,CALB,raw_candidate
CALB/CALB_0_B188,0.062209596991031575,ridge,CALB,raw_candidate
CALB/CALB_0_B189,0.08399799556934381,ridge,CALB,raw_candidate
CALB/CALB_0_B190,0.07402954551984894,ridge,CALB,raw_candidate
CALB/CALB_25_T25-1,0.04321644316332031,ridge,CALB,raw_candidate
CALB/CALB_25_T25-2,0.05303507701584565,ridge,CALB,raw_candidate
CALB/CALB_35_B173,0.018289375533219417,ridge,CALB,raw_candidate
CALB/CALB_35_B174,0.017825860794025566,ridge,CALB,raw_candidate
CALB/CALB_35_B175,0.017424886165546244,ridge,CALB,raw_candidate
CALB/CALB_35_B222,0.018687073528063234,ridge,CALB,raw_candidate
CALB/CALB_35_B223,0.01976273372039376,ridge,CALB,raw_candidate
CALB/CALB_35_B224,0.019595239629275948,ridge,CALB,raw_candidate
CALB/CALB_35_B227,0.01818234977133587,ridge,CALB,raw_candidate
CALB/CALB_35_B228,0.018690698202863558,ridge,CALB,raw_candidate
CALB/CALB_35_B229,0.0185438674163529,ridge,CALB,raw_candidate
CALB/CALB_35_B230,0.01803853316452418,ridge,CALB,raw_candidate
CALB/CALB_35_B247,0.023822722821390994,ridge,CALB,raw_candidate
CALB/CALB_35_B248,0.018988362484499956,ridge,CALB,raw_candidate
CALB/CALB_35_B249,0.01819975393414364,ridge,CALB,raw_candidate
CALB/CALB_35_B250,0.01922037479610966,ridge,CALB,raw_candidate
CALB/CALB_45_B253,0.020795716208158472,ridge,CALB,raw_candidate
CALB/CALB_45_B255,0.023131590569305385,ridge,CALB,raw_candidate
CALB/CALB_45_B256,0.021679541135198616,ridge,CALB,raw_candidate
CALCE/CALCE_CS2_33,0.08488621005382514,ridge,CALCE,protected_state
CALCE/CALCE_CS2_34,0.06193922086146897,ridge,CALCE,protected_state
CALCE/CALCE_CS2_35,0.0844988728990675,ridge,CALCE,protected_state
CALCE/CALCE_CS2_36,0.10749680542116306,ridge,CALCE,protected_state
CALCE/CALCE_CS2_37,0.09593998929701911,ridge,CALCE,protected_state
CALCE/CALCE_CS2_38,0.09370823447020606,ridge,CALCE,protected_state
CALCE/CALCE_CX2_16,0.1437228715601363,ridge,CALCE,protected_state
CALCE/CALCE_CX2_33,0.10190905143621821,ridge,CALCE,protected_state
CALCE/CALCE_CX2_34,0.05091544523734739,ridge,CALCE,protected_state
CALCE/CALCE_CX2_35,0.09347525760584469,ridge,CALCE,protected_state
CALCE/CALCE_CX2_36,0.04145291742740176,ridge,CALCE,protected_state
CALCE/CALCE_CX2_37,0.04235667475858924,ridge,CALCE,protected_state
CALCE/CALCE_CX2_38,0.07249276691709934,ridge,CALCE,protected_state
CALCE/CALCE_CS2_33,0.08410123784342609,ridge,CALCE,pchp_method
CALCE/CALCE_CS2_34,0.06419036988792019,ridge,CALCE,pchp_method
CALCE/CALCE_CS2_35,0.08006383432024126,ridge,CALCE,pchp_method
CALCE/CALCE_CS2_36,0.1038261564479683,ridge,CALCE,pchp_method
CALCE/CALCE_CS2_37,0.09053470544530452,ridge,CALCE,pchp_method
CALCE/CALCE_CS2_38,0.08899461033790249,ridge,CALCE,pchp_method
CALCE/CALCE_CX2_16,0.14105192720097562,ridge,CALCE,pchp_method
CALCE/CALCE_CX2_33,0.09849401558542607,ridge,CALCE,pchp_method
CALCE/CALCE_CX2_34,0.04817781370777376,ridge,CALCE,pchp_method
CALCE/CALCE_CX2_35,0.09179736314599785,ridge,CALCE,pchp_method
CALCE/CALCE_CX2_36,0.039225820838996305,ridge,CALCE,pchp_method
CALCE/CALCE_CX2_37,0.03998481107366588,ridge,CALCE,pchp_method
CALCE/CALCE_CX2_38,0.07015862873906852,ridge,CALCE,pchp_method
CALCE/CALCE_CS2_33,0.06770083884931177,ridge,CALCE,raw_candidate
CALCE/CALCE_CS2_34,0.060381291857906486,ridge,CALCE,raw_candidate
CALCE/CALCE_CS2_35,0.05146489276886182,ridge,CALCE,raw_candidate
CALCE/CALCE_CS2_36,0.07709960159728736,ridge,CALCE,raw_candidate
CALCE/CALCE_CS2_37,0.061931829323057956,ridge,CALCE,raw_candidate
CALCE/CALCE_CS2_38,0.061518768742008074,ridge,CALCE,raw_candidate
CALCE/CALCE_CX2_16,0.056519939156365356,ridge,CALCE,raw_candidate
CALCE/CALCE_CX2_33,0.0590170465902561,ridge,CALCE,raw_candidate
CALCE/CALCE_CX2_34,0.07345561217452408,ridge,CALCE,raw_candidate
CALCE/CALCE_CX2_35,0.055509533536363176,ridge,CALCE,raw_candidate
CALCE/CALCE_CX2_36,0.08785698984524502,ridge,CALCE,raw_candidate
CALCE/CALCE_CX2_37,0.04916508546189138,ridge,CALCE,raw_candidate
CALCE/CALCE_CX2_38,0.08742150359666025,ridge,CALCE,raw_candidate
HNEI/HNEI_18650_NMC_LCO_25C_0-100_0.5-1.5C_a,0.0841648667738344,ridge,HNEI,protected_state
HNEI/HNEI_18650_NMC_LCO_25C_0-100_0.5-1.5C_b,0.09439491770569206,ridge,HNEI,protected_state
HNEI/HNEI_18650_NMC_LCO_25C_0-100_0.5-1.5C_c,0.08141499861668008,ridge,HNEI,protected_state
HNEI/HNEI_18650_NMC_LCO_25C_0-100_0.5-1.5C_d,0.08010265112547695,ridge,HNEI,protected_state
HNEI/HNEI_18650_NMC_LCO_25C_0-100_0.5-1.5C_e,0.08595433372096235,ridge,HNEI,protected_state
HNEI/HNEI_18650_NMC_LCO_25C_0-100_0.5-1.5C_f,0.11211956624285585,ridge,HNEI,protected_state
HNEI/HNEI_18650_NMC_LCO_25C_0-100_0.5-1.5C_g,0.11416717265652945,ridge,HNEI,protected_state
HNEI/HNEI_18650_NMC_LCO_25C_0-100_0.5-1.5C_j,0.08093464580940456,ridge,HNEI,protected_state
HNEI/HNEI_18650_NMC_LCO_25C_0-100_0.5-1.5C_l,0.10482847010563237,ridge,HNEI,protected_state
HNEI/HNEI_18650_NMC_LCO_25C_0-100_0.5-1.5C_n,0.0890948720062065,ridge,HNEI,protected_state
HNEI/HNEI_18650_NMC_LCO_25C_0-100_0.5-1.5C_o,0.06679974801031481,ridge,HNEI,protected_state
HNEI/HNEI_18650_NMC_LCO_25C_0-100_0.5-1.5C_p,0.06993976920166056,ridge,HNEI,protected_state
HNEI/HNEI_18650_NMC_LCO_25C_0-100_0.5-1.5C_s,0.09611234106941828,ridge,HNEI,protected_state
HNEI/HNEI_18650_NMC_LCO_25C_0-100_0.5-1.5C_t,0.11149700728538867,ridge,HNEI,protected_state
HNEI/HNEI_18650_NMC_LCO_25C_0-100_0.5-1.5C_a,0.08583056180260479,ridge,HNEI,pchp_method
HNEI/HNEI_18650_NMC_LCO_25C_0-100_0.5-1.5C_b,0.08684447128455638,ridge,HNEI,pchp_method
HNEI/HNEI_18650_NMC_LCO_25C_0-100_0.5-1.5C_c,0.07187823421004305,ridge,HNEI,pchp_method
HNEI/HNEI_18650_NMC_LCO_25C_0-100_0.5-1.5C_d,0.07054431705197504,ridge,HNEI,pchp_method
HNEI/HNEI_18650_NMC_LCO_25C_0-100_0.5-1.5C_e,0.07794300273758015,ridge,HNEI,pchp_method
HNEI/HNEI_18650_NMC_LCO_25C_0-100_0.5-1.5C_f,0.1022971700759414,ridge,HNEI,pchp_method
HNEI/HNEI_18650_NMC_LCO_25C_0-100_0.5-1.5C_g,0.10427611012774624,ridge,HNEI,pchp_method
HNEI/HNEI_18650_NMC_LCO_25C_0-100_0.5-1.5C_j,0.0723031833289768,ridge,HNEI,pchp_method
HNEI/HNEI_18650_NMC_LCO_25C_0-100_0.5-1.5C_l,0.09533302440945125,ridge,HNEI,pchp_method
HNEI/HNEI_18650_NMC_LCO_25C_0-100_0.5-1.5C_n,0.07972483182050112,ridge,HNEI,pchp_method
HNEI/HNEI_18650_NMC_LCO_25C_0-100_0.5-1.5C_o,0.06205552762479265,ridge,HNEI,pchp_method
HNEI/HNEI_18650_NMC_LCO_25C_0-100_0.5-1.5C_p,0.06113853734536672,ridge,HNEI,pchp_method
HNEI/HNEI_18650_NMC_LCO_25C_0-100_0.5-1.5C_s,0.08617120016592392,ridge,HNEI,pchp_method
HNEI/HNEI_18650_NMC_LCO_25C_0-100_0.5-1.5C_t,0.10215898242965714,ridge,HNEI,pchp_method
HNEI/HNEI_18650_NMC_LCO_25C_0-100_0.5-1.5C_a,0.31352939452392936,ridge,HNEI,raw_candidate
HNEI/HNEI_18650_NMC_LCO_25C_0-100_0.5-1.5C_b,0.08082806179688416,ridge,HNEI,raw_candidate
HNEI/HNEI_18650_NMC_LCO_25C_0-100_0.5-1.5C_c,0.07383786704356442,ridge,HNEI,raw_candidate
HNEI/HNEI_18650_NMC_LCO_25C_0-100_0.5-1.5C_d,0.06953932925892364,ridge,HNEI,raw_candidate
HNEI/HNEI_18650_NMC_LCO_25C_0-100_0.5-1.5C_e,0.07606026871440746,ridge,HNEI,raw_candidate
HNEI/HNEI_18650_NMC_LCO_25C_0-100_0.5-1.5C_f,0.08778105548280347,ridge,HNEI,raw_candidate
HNEI/HNEI_18650_NMC_LCO_25C_0-100_0.5-1.5C_g,0.08660704335116194,ridge,HNEI,raw_candidate
HNEI/HNEI_18650_NMC_LCO_25C_0-100_0.5-1.5C_j,0.07361795794884234,ridge,HNEI,raw_candidate
HNEI/HNEI_18650_NMC_LCO_25C_0-100_0.5-1.5C_l,0.0859123793712962,ridge,HNEI,raw_candidate
HNEI/HNEI_18650_NMC_LCO_25C_0-100_0.5-1.5C_n,0.08233931234471928,ridge,HNEI,raw_candidate
HNEI/HNEI_18650_NMC_LCO_25C_0-100_0.5-1.5C_o,0.07985817506222812,ridge,HNEI,raw_candidate
HNEI/HNEI_18650_NMC_LCO_25C_0-100_0.5-1.5C_p,0.06968164695238079,ridge,HNEI,raw_candidate
HNEI/HNEI_18650_NMC_LCO_25C_0-100_0.5-1.5C_s,0.08164268472866602,ridge,HNEI,raw_candidate
HNEI/HNEI_18650_NMC_LCO_25C_0-100_0.5-1.5C_t,0.09235046445744129,ridge,HNEI,raw_candidate
HUST/HUST_1-1,0.07396175706306204,ridge,HUST,protected_state
HUST/HUST_1-2,0.07661252165203214,ridge,HUST,protected_state
HUST/HUST_1-3,0.043942403701362744,ridge,HUST,protected_state
HUST/HUST_1-4,0.0304233212629219,ridge,HUST,protected_state
HUST/HUST_1-5,0.08352975305660305,ridge,HUST,protected_state
HUST/HUST_1-6,0.07970208423399511,ridge,HUST,protected_state
HUST/HUST_1-7,0.06512461796909985,ridge,HUST,protected_state
HUST/HUST_1-8,0.06379509119263246,ridge,HUST,protected_state
HUST/HUST_10-1,0.06066838797281044,ridge,HUST,protected_state
HUST/HUST_10-2,0.052573466505637816,ridge,HUST,protected_state
HUST/HUST_10-3,0.06838473901753694,ridge,HUST,protected_state
HUST/HUST_10-4,0.03507237892870186,ridge,HUST,protected_state
HUST/HUST_10-5,0.03283143677510299,ridge,HUST,protected_state
HUST/HUST_10-6,0.055271870009388116,ridge,HUST,protected_state
HUST/HUST_10-7,0.03446014903788967,ridge,HUST,protected_state
HUST/HUST_10-8,0.07120152689922007,ridge,HUST,protected_state
HUST/HUST_2-2,0.041045283502569696,ridge,HUST,protected_state
HUST/HUST_2-3,0.0403815157071156,ridge,HUST,protected_state
HUST/HUST_2-4,0.06958751056525772,ridge,HUST,protected_state
HUST/HUST_2-5,0.05989397873377216,ridge,HUST,protected_state
HUST/HUST_2-6,0.028403243274309764,ridge,HUST,protected_state
HUST/HUST_2-7,0.03784389171781266,ridge,HUST,protected_state
HUST/HUST_2-8,0.08051951936251574,ridge,HUST,protected_state
HUST/HUST_3-1,0.029728427523387918,ridge,HUST,protected_state
HUST/HUST_3-2,0.030081353605001963,ridge,HUST,protected_state
HUST/HUST_3-3,0.03831813445948532,ridge,HUST,protected_state
HUST/HUST_3-4,0.0598054214432503,ridge,HUST,protected_state
HUST/HUST_3-5,0.04598460647715987,ridge,HUST,protected_state
HUST/HUST_3-6,0.03671507079605109,ridge,HUST,protected_state
HUST/HUST_3-7,0.04255658725467832,ridge,HUST,protected_state
HUST/HUST_3-8,0.027929868180228697,ridge,HUST,protected_state
HUST/HUST_4-1,0.07265633307269381,ridge,HUST,protected_state
HUST/HUST_4-2,0.03672514122370292,ridge,HUST,protected_state
HUST/HUST_4-3,0.07900859894399279,ridge,HUST,protected_state
HUST/HUST_4-4,0.06798707000528866,ridge,HUST,protected_state
HUST/HUST_4-5,0.0652795812837603,ridge,HUST,protected_state
HUST/HUST_4-6,0.0739380941658635,ridge,HUST,protected_state
HUST/HUST_4-7,0.06557982287652887,ridge,HUST,protected_state
HUST/HUST_4-8,0.033544835832399464,ridge,HUST,protected_state
HUST/HUST_5-1,0.08104119511568894,ridge,HUST,protected_state
HUST/HUST_5-2,0.041521449918347934,ridge,HUST,protected_state
HUST/HUST_5-3,0.07407010900288367,ridge,HUST,protected_state
HUST/HUST_5-4,0.08703010953493158,ridge,HUST,protected_state
HUST/HUST_5-5,0.06941225222293532,ridge,HUST,protected_state
HUST/HUST_5-6,0.07785977863336183,ridge,HUST,protected_state
HUST/HUST_5-7,0.06650350743205277,ridge,HUST,protected_state
HUST/HUST_6-1,0.08083279102669613,ridge,HUST,protected_state
HUST/HUST_6-2,0.06147050780241849,ridge,HUST,protected_state
HUST/HUST_6-3,0.033931707886782486,ridge,HUST,protected_state
HUST/HUST_6-4,0.06476266060468362,ridge,HUST,protected_state
HUST/HUST_6-5,0.07783836053744705,ridge,HUST,protected_state
HUST/HUST_6-6,0.10679582095971527,ridge,HUST,protected_state
HUST/HUST_6-8,0.04988361423580269,ridge,HUST,protected_state
HUST/HUST_7-1,0.07104516245649062,ridge,HUST,protected_state
HUST/HUST_7-2,0.054002905697505946,ridge,HUST,protected_state
HUST/HUST_7-3,0.0795844679113357,ridge,HUST,protected_state
HUST/HUST_7-4,0.0740779754216343,ridge,HUST,protected_state
HUST/HUST_7-5,0.03283890168608392,ridge,HUST,protected_state
HUST/HUST_7-6,0.0685668693523845,ridge,HUST,protected_state
HUST/HUST_7-7,0.06118537498415975,ridge,HUST,protected_state
HUST/HUST_7-8,0.047878050363545345,ridge,HUST,protected_state
HUST/HUST_8-1,0.07538034362628183,ridge,HUST,protected_state
HUST/HUST_8-2,0.06218210772762527,ridge,HUST,protected_state
HUST/HUST_8-3,0.04430677421967644,ridge,HUST,protected_state
HUST/HUST_8-4,0.056134734478415764,ridge,HUST,protected_state
HUST/HUST_8-5,0.07701077555719096,ridge,HUST,protected_state
HUST/HUST_8-6,0.06488498996019701,ridge,HUST,protected_state
HUST/HUST_8-7,0.07469163970544189,ridge,HUST,protected_state
HUST/HUST_8-8,0.0313611999302693,ridge,HUST,protected_state
HUST/HUST_9-1,0.03604647052530869,ridge,HUST,protected_state
HUST/HUST_9-2,0.04005518859419545,ridge,HUST,protected_state
HUST/HUST_9-3,0.033012199926778465,ridge,HUST,protected_state
HUST/HUST_9-4,0.0330094734348706,ridge,HUST,protected_state
HUST/HUST_9-5,0.03075812895943992,ridge,HUST,protected_state
HUST/HUST_9-6,0.03578526880123796,ridge,HUST,protected_state
HUST/HUST_9-7,0.03331100348167199,ridge,HUST,protected_state
HUST/HUST_9-8,0.04611971925282054,ridge,HUST,protected_state
HUST/HUST_1-1,0.07588274911195964,ridge,HUST,pchp_method
HUST/HUST_1-2,0.07279448857009307,ridge,HUST,pchp_method
HUST/HUST_1-3,0.03824812339536274,ridge,HUST,pchp_method
HUST/HUST_1-4,0.030292103823507034,ridge,HUST,pchp_method
HUST/HUST_1-5,0.07691382406886779,ridge,HUST,pchp_method
HUST/HUST_1-6,0.0832682776930248,ridge,HUST,pchp_method
HUST/HUST_1-7,0.06821328016184283,ridge,HUST,pchp_method
HUST/HUST_1-8,0.06443667179289883,ridge,HUST,pchp_method
HUST/HUST_10-1,0.06768404029115957,ridge,HUST,pchp_method
HUST/HUST_10-2,0.06257346650563783,ridge,HUST,pchp_method
HUST/HUST_10-3,0.07780997991932234,ridge,HUST,pchp_method
HUST/HUST_10-4,0.0348296377731777,ridge,HUST,pchp_method
HUST/HUST_10-5,0.03131881940455795,ridge,HUST,pchp_method
HUST/HUST_10-6,0.05897372923502407,ridge,HUST,pchp_method
HUST/HUST_10-7,0.034236805542801944,ridge,HUST,pchp_method
HUST/HUST_10-8,0.07652505312196217,ridge,HUST,pchp_method
HUST/HUST_2-2,0.043622633168916465,ridge,HUST,pchp_method
HUST/HUST_2-3,0.03628478764188358,ridge,HUST,pchp_method
HUST/HUST_2-4,0.07287070336425208,ridge,HUST,pchp_method
HUST/HUST_2-5,0.05592157512554326,ridge,HUST,pchp_method
HUST/HUST_2-6,0.03190382509204696,ridge,HUST,pchp_method
HUST/HUST_2-7,0.0332480985417975,ridge,HUST,pchp_method
HUST/HUST_2-8,0.0881330193069832,ridge,HUST,pchp_method
HUST/HUST_3-1,0.033521931583407105,ridge,HUST,pchp_method
HUST/HUST_3-2,0.02963129687007091,ridge,HUST,pchp_method
HUST/HUST_3-3,0.04827023538564981,ridge,HUST,pchp_method
HUST/HUST_3-4,0.0675141942172451,ridge,HUST,pchp_method
HUST/HUST_3-5,0.05097470364249835,ridge,HUST,pchp_method
HUST/HUST_3-6,0.032858723526689684,ridge,HUST,pchp_method
HUST/HUST_3-7,0.04914965077764969,ridge,HUST,pchp_method
HUST/HUST_3-8,0.028770856880621306,ridge,HUST,pchp_method
HUST/HUST_4-1,0.08223613466400964,ridge,HUST,pchp_method
HUST/HUST_4-2,0.03741410937337568,ridge,HUST,pchp_method
HUST/HUST_4-3,0.08424548458017331,ridge,HUST,pchp_method
HUST/HUST_4-4,0.0729219895663858,ridge,HUST,pchp_method
HUST/HUST_4-5,0.07116995537794567,ridge,HUST,pchp_method
HUST/HUST_4-6,0.08070011473140937,ridge,HUST,pchp_method
HUST/HUST_4-7,0.0667136366093913,ridge,HUST,pchp_method
HUST/HUST_4-8,0.03254883558266562,ridge,HUST,pchp_method
HUST/HUST_5-1,0.07822612986834548,ridge,HUST,pchp_method
HUST/HUST_5-2,0.03654933605311945,ridge,HUST,pchp_method
HUST/HUST_5-3,0.07004890445323404,ridge,HUST,pchp_method
HUST/HUST_5-4,0.08596024499328365,ridge,HUST,pchp_method
HUST/HUST_5-5,0.06417431304720375,ridge,HUST,pchp_method
HUST/HUST_5-6,0.07559842664499178,ridge,HUST,pchp_method
HUST/HUST_5-7,0.0707643827136092,ridge,HUST,pchp_method
HUST/HUST_6-1,0.08107409850783424,ridge,HUST,pchp_method
HUST/HUST_6-2,0.05535132517747058,ridge,HUST,pchp_method
HUST/HUST_6-3,0.032825647210456804,ridge,HUST,pchp_method
HUST/HUST_6-4,0.06820455496539493,ridge,HUST,pchp_method
HUST/HUST_6-5,0.07557464085645571,ridge,HUST,pchp_method
HUST/HUST_6-6,0.09937968507161916,ridge,HUST,pchp_method
HUST/HUST_6-8,0.05341320536472199,ridge,HUST,pchp_method
HUST/HUST_7-1,0.0792006873095029,ridge,HUST,pchp_method
HUST/HUST_7-2,0.06370334753648656,ridge,HUST,pchp_method
HUST/HUST_7-3,0.08311349099813267,ridge,HUST,pchp_method
HUST/HUST_7-4,0.07742218316422571,ridge,HUST,pchp_method
HUST/HUST_7-5,0.03550652922988754,ridge,HUST,pchp_method
HUST/HUST_7-6,0.07412268200883892,ridge,HUST,pchp_method
HUST/HUST_7-7,0.06663298284598629,ridge,HUST,pchp_method
HUST/HUST_7-8,0.04316525568521025,ridge,HUST,pchp_method
HUST/HUST_8-1,0.07933524989778525,ridge,HUST,pchp_method
HUST/HUST_8-2,0.06442197145205497,ridge,HUST,pchp_method
HUST/HUST_8-3,0.038861656898485246,ridge,HUST,pchp_method
HUST/HUST_8-4,0.0605541828464443,ridge,HUST,pchp_method
HUST/HUST_8-5,0.08019848024382574,ridge,HUST,pchp_method
HUST/HUST_8-6,0.06593437387553479,ridge,HUST,pchp_method
HUST/HUST_8-7,0.07507218507337109,ridge,HUST,pchp_method
HUST/HUST_8-8,0.033184234495437386,ridge,HUST,pchp_method
HUST/HUST_9-1,0.04532377354403272,ridge,HUST,pchp_method
HUST/HUST_9-2,0.037843880210474766,ridge,HUST,pchp_method
HUST/HUST_9-3,0.037678225148098037,ridge,HUST,pchp_method
HUST/HUST_9-4,0.04031189959510555,ridge,HUST,pchp_method
HUST/HUST_9-5,0.0318676351747221,ridge,HUST,pchp_method
HUST/HUST_9-6,0.045540676401948775,ridge,HUST,pchp_method
HUST/HUST_9-7,0.03646139506212284,ridge,HUST,pchp_method
HUST/HUST_9-8,0.040553079691708425,ridge,HUST,pchp_method
HUST/HUST_1-1,0.15394534958198175,ridge,HUST,raw_candidate
HUST/HUST_1-2,0.15167093713681637,ridge,HUST,raw_candidate
HUST/HUST_1-3,0.1210823810733428,ridge,HUST,raw_candidate
HUST/HUST_1-4,0.13581360933984898,ridge,HUST,raw_candidate
HUST/HUST_1-5,0.10410409180244916,ridge,HUST,raw_candidate
HUST/HUST_1-6,0.15786381366843077,ridge,HUST,raw_candidate
HUST/HUST_1-7,0.16466113853674966,ridge,HUST,raw_candidate
HUST/HUST_1-8,0.15604267076219103,ridge,HUST,raw_candidate
HUST/HUST_10-1,0.18680999075898547,ridge,HUST,raw_candidate
HUST/HUST_10-2,0.13945280720398598,ridge,HUST,raw_candidate
HUST/HUST_10-3,0.19923214150919044,ridge,HUST,raw_candidate
HUST/HUST_10-4,0.1276984112916235,ridge,HUST,raw_candidate
HUST/HUST_10-5,0.12690535792663507,ridge,HUST,raw_candidate
HUST/HUST_10-6,0.16963758913916693,ridge,HUST,raw_candidate
HUST/HUST_10-7,0.12876027740737386,ridge,HUST,raw_candidate
HUST/HUST_10-8,0.17878811555740548,ridge,HUST,raw_candidate
HUST/HUST_2-2,0.18624990652109666,ridge,HUST,raw_candidate
HUST/HUST_2-3,0.12125911223062993,ridge,HUST,raw_candidate
HUST/HUST_2-4,0.16661710450715678,ridge,HUST,raw_candidate
HUST/HUST_2-5,0.10553473937495217,ridge,HUST,raw_candidate
HUST/HUST_2-6,0.12886634460132101,ridge,HUST,raw_candidate
HUST/HUST_2-7,0.12203181399018212,ridge,HUST,raw_candidate
HUST/HUST_2-8,0.1886735112361177,ridge,HUST,raw_candidate
HUST/HUST_3-1,0.13068156897691366,ridge,HUST,raw_candidate
HUST/HUST_3-2,0.12730450575689858,ridge,HUST,raw_candidate
HUST/HUST_3-3,0.13480982880750605,ridge,HUST,raw_candidate
HUST/HUST_3-4,0.19370403132131161,ridge,HUST,raw_candidate
HUST/HUST_3-5,0.187412746954626,ridge,HUST,raw_candidate
HUST/HUST_3-6,0.12126430708690897,ridge,HUST,raw_candidate
HUST/HUST_3-7,0.19518992568020666,ridge,HUST,raw_candidate
HUST/HUST_3-8,0.1307858200728945,ridge,HUST,raw_candidate
HUST/HUST_4-1,0.21117414633753478,ridge,HUST,raw_candidate
HUST/HUST_4-2,0.1276665341190454,ridge,HUST,raw_candidate
HUST/HUST_4-3,0.1670026675293708,ridge,HUST,raw_candidate
HUST/HUST_4-4,0.17705394047473785,ridge,HUST,raw_candidate
HUST/HUST_4-5,0.1844657542944567,ridge,HUST,raw_candidate
HUST/HUST_4-6,0.18873506718371424,ridge,HUST,raw_candidate
HUST/HUST_4-7,0.15112705093403075,ridge,HUST,raw_candidate
HUST/HUST_4-8,0.1289407457288815,ridge,HUST,raw_candidate
HUST/HUST_5-1,0.148369920619708,ridge,HUST,raw_candidate
HUST/HUST_5-2,0.11916691761588985,ridge,HUST,raw_candidate
HUST/HUST_5-3,0.1606460738026578,ridge,HUST,raw_candidate
HUST/HUST_5-4,0.13925371300787157,ridge,HUST,raw_candidate
HUST/HUST_5-5,0.10980440656262208,ridge,HUST,raw_candidate
HUST/HUST_5-6,0.1498918475303922,ridge,HUST,raw_candidate
HUST/HUST_5-7,0.170750845256669,ridge,HUST,raw_candidate
HUST/HUST_6-1,0.1527144329106279,ridge,HUST,raw_candidate
HUST/HUST_6-2,0.11287549981444722,ridge,HUST,raw_candidate
HUST/HUST_6-3,0.12774173155260218,ridge,HUST,raw_candidate
HUST/HUST_6-4,0.17378011039792793,ridge,HUST,raw_candidate
HUST/HUST_6-5,0.15583858929707506,ridge,HUST,raw_candidate
HUST/HUST_6-6,0.0945189853174233,ridge,HUST,raw_candidate
HUST/HUST_6-8,0.19327839475527842,ridge,HUST,raw_candidate
HUST/HUST_7-1,0.19632014389488048,ridge,HUST,raw_candidate
HUST/HUST_7-2,0.13230620754270236,ridge,HUST,raw_candidate
HUST/HUST_7-3,0.1674787050086005,ridge,HUST,raw_candidate
HUST/HUST_7-4,0.1642293028020106,ridge,HUST,raw_candidate
HUST/HUST_7-5,0.13011660936187874,ridge,HUST,raw_candidate
HUST/HUST_7-6,0.17631046763071861,ridge,HUST,raw_candidate
HUST/HUST_7-7,0.17606175935791676,ridge,HUST,raw_candidate
HUST/HUST_7-8,0.12721983593910066,ridge,HUST,raw_candidate
HUST/HUST_8-1,0.16746330864827624,ridge,HUST,raw_candidate
HUST/HUST_8-2,0.1620107378969543,ridge,HUST,raw_candidate
HUST/HUST_8-3,0.12008375559065536,ridge,HUST,raw_candidate
HUST/HUST_8-4,0.17207711323978922,ridge,HUST,raw_candidate
HUST/HUST_8-5,0.1601488489961458,ridge,HUST,raw_candidate
HUST/HUST_8-6,0.14985733157642817,ridge,HUST,raw_candidate
HUST/HUST_8-7,0.14932672689997512,ridge,HUST,raw_candidate
HUST/HUST_8-8,0.13317672706920863,ridge,HUST,raw_candidate
HUST/HUST_9-1,0.13541213645702888,ridge,HUST,raw_candidate
HUST/HUST_9-2,0.12665366922763163,ridge,HUST,raw_candidate
HUST/HUST_9-3,0.12918249720632521,ridge,HUST,raw_candidate
HUST/HUST_9-4,0.1310867284329831,ridge,HUST,raw_candidate
HUST/HUST_9-5,0.12578758171085522,ridge,HUST,raw_candidate
HUST/HUST_9-6,0.14351029998028683,ridge,HUST,raw_candidate
HUST/HUST_9-7,0.12417400588586489,ridge,HUST,raw_candidate
HUST/HUST_9-8,0.11526152130802227,ridge,HUST,raw_candidate
MATR/MATR_b1c0,0.27602972705151363,ridge,MATR,protected_state
MATR/MATR_b1c1,0.2619103901085945,ridge,MATR,protected_state
MATR/MATR_b1c11,0.32069842517138764,ridge,MATR,protected_state
MATR/MATR_b1c14,0.2351456040159178,ridge,MATR,protected_state
MATR/MATR_b1c15,0.24395462334858356,ridge,MATR,protected_state
MATR/MATR_b1c16,0.27462698448229245,ridge,MATR,protected_state
MATR/MATR_b1c17,0.26426684456123356,ridge,MATR,protected_state
MATR/MATR_b1c18,0.04862867033487287,ridge,MATR,protected_state
MATR/MATR_b1c19,0.03461433318207714,ridge,MATR,protected_state
MATR/MATR_b1c2,0.2633509706070651,ridge,MATR,protected_state
MATR/MATR_b1c20,0.07009326219048025,ridge,MATR,protected_state
MATR/MATR_b1c21,0.0569609380806905,ridge,MATR,protected_state
MATR/MATR_b1c23,0.2756078205138524,ridge,MATR,protected_state
MATR/MATR_b1c24,0.7075406423838734,ridge,MATR,protected_state
MATR/MATR_b1c25,0.494589461820515,ridge,MATR,protected_state
MATR/MATR_b1c26,0.464406276351126,ridge,MATR,protected_state
MATR/MATR_b1c27,0.2960944906327293,ridge,MATR,protected_state
MATR/MATR_b1c28,0.3105066996387158,ridge,MATR,protected_state
MATR/MATR_b1c29,0.31689445807545774,ridge,MATR,protected_state
MATR/MATR_b1c3,0.30015642462194125,ridge,MATR,protected_state
MATR/MATR_b1c30,0.2915731354717165,ridge,MATR,protected_state
MATR/MATR_b1c31,0.2828050406618053,ridge,MATR,protected_state
MATR/MATR_b1c32,0.24929022253385522,ridge,MATR,protected_state
MATR/MATR_b1c33,0.257082189037288,ridge,MATR,protected_state
MATR/MATR_b1c34,0.6396694122451102,ridge,MATR,protected_state
MATR/MATR_b1c35,0.6371111093258811,ridge,MATR,protected_state
MATR/MATR_b1c36,0.7955392411392039,ridge,MATR,protected_state
MATR/MATR_b1c37,0.7929532579644232,ridge,MATR,protected_state
MATR/MATR_b1c38,0.8393660501481714,ridge,MATR,protected_state
MATR/MATR_b1c39,0.6000051875211974,ridge,MATR,protected_state
MATR/MATR_b1c4,0.2883345813750597,ridge,MATR,protected_state
MATR/MATR_b1c40,0.7720394894565125,ridge,MATR,protected_state
MATR/MATR_b1c41,0.7873702137745708,ridge,MATR,protected_state
MATR/MATR_b1c42,0.8450513606287016,ridge,MATR,protected_state
MATR/MATR_b1c43,0.8389636893721546,ridge,MATR,protected_state
MATR/MATR_b1c44,0.9126317118690165,ridge,MATR,protected_state
MATR/MATR_b1c45,0.9205544956201811,ridge,MATR,protected_state
MATR/MATR_b1c5,0.29301073794918486,ridge,MATR,protected_state
MATR/MATR_b1c6,0.2803968311559019,ridge,MATR,protected_state
MATR/MATR_b1c7,0.07029966486178221,ridge,MATR,protected_state
MATR/MATR_b1c9,0.1504540917463024,ridge,MATR,protected_state
MATR/MATR_b2c0,0.37867341728972137,ridge,MATR,protected_state
MATR/MATR_b2c1,0.3920834031539675,ridge,MATR,protected_state
MATR/MATR_b2c10,0.35546437341004233,ridge,MATR,protected_state
MATR/MATR_b2c11,0.35328025263950885,ridge,MATR,protected_state
MATR/MATR_b2c12,0.36764684256937735,ridge,MATR,protected_state
MATR/MATR_b2c13,0.12416346237211141,ridge,MATR,protected_state
MATR/MATR_b2c14,0.34093061568450606,ridge,MATR,protected_state
MATR/MATR_b2c17,0.34118557589422466,ridge,MATR,protected_state
MATR/MATR_b2c18,0.2902572934830623,ridge,MATR,protected_state
MATR/MATR_b2c19,0.26504758123436845,ridge,MATR,protected_state
MATR/MATR_b2c2,0.2624908715472255,ridge,MATR,protected_state
MATR/MATR_b2c20,0.34862145226155444,ridge,MATR,protected_state
MATR/MATR_b2c21,0.352087955810097,ridge,MATR,protected_state
MATR/MATR_b2c22,0.32891992593390607,ridge,MATR,protected_state
MATR/MATR_b2c23,0.34567049439138486,ridge,MATR,protected_state
MATR/MATR_b2c24,0.33974767319847426,ridge,MATR,protected_state
MATR/MATR_b2c25,0.3468109590807882,ridge,MATR,protected_state
MATR/MATR_b2c26,0.35032032455345485,ridge,MATR,protected_state
MATR/MATR_b2c27,0.3352726330022443,ridge,MATR,protected_state
MATR/MATR_b2c28,0.3010864449788438,ridge,MATR,protected_state
MATR/MATR_b2c29,0.3240495369836842,ridge,MATR,protected_state
MATR/MATR_b2c3,0.37313000434410676,ridge,MATR,protected_state
MATR/MATR_b2c30,0.30441300104539804,ridge,MATR,protected_state
MATR/MATR_b2c31,0.24667003033939675,ridge,MATR,protected_state
MATR/MATR_b2c32,0.2949190177826645,ridge,MATR,protected_state
MATR/MATR_b2c33,0.3219227895707061,ridge,MATR,protected_state
MATR/MATR_b2c34,0.28815365340307403,ridge,MATR,protected_state
MATR/MATR_b2c35,0.2716882881720753,ridge,MATR,protected_state
MATR/MATR_b2c36,0.13982128395062504,ridge,MATR,protected_state
MATR/MATR_b2c37,0.09450607237747231,ridge,MATR,protected_state
MATR/MATR_b2c38,0.33256980428013583,ridge,MATR,protected_state
MATR/MATR_b2c39,0.3018032184382126,ridge,MATR,protected_state
MATR/MATR_b2c4,0.35967462280219514,ridge,MATR,protected_state
MATR/MATR_b2c40,0.2037455245121373,ridge,MATR,protected_state
MATR/MATR_b2c41,0.2601948758536302,ridge,MATR,protected_state
MATR/MATR_b2c42,0.05521228792465196,ridge,MATR,protected_state
MATR/MATR_b2c43,0.09049002382954614,ridge,MATR,protected_state
MATR/MATR_b2c44,0.18632620349870663,ridge,MATR,protected_state
MATR/MATR_b2c45,0.22120353428339484,ridge,MATR,protected_state
MATR/MATR_b2c46,0.30074557412587954,ridge,MATR,protected_state
MATR/MATR_b2c47,0.1791112576318757,ridge,MATR,protected_state
MATR/MATR_b2c5,0.34204745341362897,ridge,MATR,protected_state
MATR/MATR_b2c6,0.152041389933378,ridge,MATR,protected_state
MATR/MATR_b3c0,0.0847016526162624,ridge,MATR,protected_state
MATR/MATR_b3c1,0.05912958336468966,ridge,MATR,protected_state
MATR/MATR_b3c10,0.2839775302153053,ridge,MATR,protected_state
MATR/MATR_b3c11,0.13203222474145387,ridge,MATR,protected_state
MATR/MATR_b3c12,0.244371846638309,ridge,MATR,protected_state
MATR/MATR_b3c13,0.1183942329414083,ridge,MATR,protected_state
MATR/MATR_b3c14,0.255666357423805,ridge,MATR,protected_state
MATR/MATR_b3c15,0.1915795950500007,ridge,MATR,protected_state
MATR/MATR_b3c16,0.2683294546511221,ridge,MATR,protected_state
MATR/MATR_b3c17,0.06230838464221783,ridge,MATR,protected_state
MATR/MATR_b3c18,0.13797261725038293,ridge,MATR,protected_state
MATR/MATR_b3c19,0.25985577710712215,ridge,MATR,protected_state
MATR/MATR_b3c20,0.10718673747059261,ridge,MATR,protected_state
MATR/MATR_b3c21,0.5666820149365515,ridge,MATR,protected_state
MATR/MATR_b3c22,0.10045780401465751,ridge,MATR,protected_state
MATR/MATR_b3c24,0.09087813972373848,ridge,MATR,protected_state
MATR/MATR_b3c25,0.07049953506363169,ridge,MATR,protected_state
MATR/MATR_b3c26,0.16679018812026558,ridge,MATR,protected_state
MATR/MATR_b3c27,0.20010401969584204,ridge,MATR,protected_state
MATR/MATR_b3c28,0.5932466385830208,ridge,MATR,protected_state
MATR/MATR_b3c29,0.21572414158476413,ridge,MATR,protected_state
MATR/MATR_b3c3,0.30104696799508324,ridge,MATR,protected_state
MATR/MATR_b3c30,0.10795314708400097,ridge,MATR,protected_state
MATR/MATR_b3c31,0.05719148988055672,ridge,MATR,protected_state
MATR/MATR_b3c33,0.08471075616941741,ridge,MATR,protected_state
MATR/MATR_b3c34,0.08982285916690252,ridge,MATR,protected_state
MATR/MATR_b3c35,0.14312986285565332,ridge,MATR,protected_state
MATR/MATR_b3c36,0.23301859159718466,ridge,MATR,protected_state
MATR/MATR_b3c38,0.05054493883302816,ridge,MATR,protected_state
MATR/MATR_b3c39,0.060349269684898676,ridge,MATR,protected_state
MATR/MATR_b3c4,0.08436327850615158,ridge,MATR,protected_state
MATR/MATR_b3c40,0.0997640031953314,ridge,MATR,protected_state
MATR/MATR_b3c41,0.20534605448333798,ridge,MATR,protected_state
MATR/MATR_b3c44,0.08786906875273327,ridge,MATR,protected_state
MATR/MATR_b3c45,0.26946223930215746,ridge,MATR,protected_state
MATR/MATR_b3c5,0.2471282164344289,ridge,MATR,protected_state
MATR/MATR_b3c6,0.4889929340503024,ridge,MATR,protected_state
MATR/MATR_b3c7,0.2682265564711136,ridge,MATR,protected_state
MATR/MATR_b3c8,0.11156825645002563,ridge,MATR,protected_state
MATR/MATR_b3c9,0.06688152998170489,ridge,MATR,protected_state
MATR/MATR_b4c0,0.28281342115544195,ridge,MATR,protected_state
MATR/MATR_b4c1,0.35598075842238047,ridge,MATR,protected_state
MATR/MATR_b4c10,0.2678506214875005,ridge,MATR,protected_state
MATR/MATR_b4c11,0.25216030205374973,ridge,MATR,protected_state
MATR/MATR_b4c12,0.28497696405063144,ridge,MATR,protected_state
MATR/MATR_b4c13,0.2528195730764103,ridge,MATR,protected_state
MATR/MATR_b4c14,0.810542941480736,ridge,MATR,protected_state
MATR/MATR_b4c15,0.8513202529617951,ridge,MATR,protected_state
MATR/MATR_b4c16,0.5221718918013654,ridge,MATR,protected_state
MATR/MATR_b4c17,0.4964551335891687,ridge,MATR,protected_state
MATR/MATR_b4c18,0.35102839538152936,ridge,MATR,protected_state
MATR/MATR_b4c19,0.5316386289593076,ridge,MATR,protected_state
MATR/MATR_b4c2,0.3388072400386338,ridge,MATR,protected_state
MATR/MATR_b4c20,0.3458011365122023,ridge,MATR,protected_state
MATR/MATR_b4c21,0.2882593217495151,ridge,MATR,protected_state
MATR/MATR_b4c22,0.8821483028507213,ridge,MATR,protected_state
MATR/MATR_b4c23,0.31096169428960113,ridge,MATR,protected_state
MATR/MATR_b4c24,0.32476265740560184,ridge,MATR,protected_state
MATR/MATR_b4c25,0.6135457270727462,ridge,MATR,protected_state
MATR/MATR_b4c26,0.7202800746140852,ridge,MATR,protected_state
MATR/MATR_b4c27,0.8562641121725634,ridge,MATR,protected_state
MATR/MATR_b4c28,0.2842570932874781,ridge,MATR,protected_state
MATR/MATR_b4c29,0.07342717074296949,ridge,MATR,protected_state
MATR/MATR_b4c3,0.856146959939652,ridge,MATR,protected_state
MATR/MATR_b4c30,0.3615368273929586,ridge,MATR,protected_state
MATR/MATR_b4c31,0.7273229189223418,ridge,MATR,protected_state
MATR/MATR_b4c32,0.5029618633512686,ridge,MATR,protected_state
MATR/MATR_b4c33,0.7070018141812479,ridge,MATR,protected_state
MATR/MATR_b4c34,0.09154064201520404,ridge,MATR,protected_state
MATR/MATR_b4c35,0.25096639338877014,ridge,MATR,protected_state
MATR/MATR_b4c36,0.703641612263423,ridge,MATR,protected_state
MATR/MATR_b4c37,0.5087996739933748,ridge,MATR,protected_state
MATR/MATR_b4c38,0.07061846227016749,ridge,MATR,protected_state
MATR/MATR_b4c39,0.9217047042467221,ridge,MATR,protected_state
MATR/MATR_b4c4,0.791954527797605,ridge,MATR,protected_state
MATR/MATR_b4c40,0.31935238908863206,ridge,MATR,protected_state
MATR/MATR_b4c41,0.083538546775674,ridge,MATR,protected_state
MATR/MATR_b4c42,0.07845602201400498,ridge,MATR,protected_state
MATR/MATR_b4c43,0.34937316732849527,ridge,MATR,protected_state
MATR/MATR_b4c44,0.28789053956162364,ridge,MATR,protected_state
MATR/MATR_b4c5,0.3205459739706975,ridge,MATR,protected_state
MATR/MATR_b4c6,0.9170037010947446,ridge,MATR,protected_state
MATR/MATR_b4c7,0.8813470004642828,ridge,MATR,protected_state
MATR/MATR_b4c8,0.3196951232664561,ridge,MATR,protected_state
MATR/MATR_b4c9,0.6876429673482933,ridge,MATR,protected_state
MATR/MATR_b1c0,0.2660297270515136,ridge,MATR,pchp_method
MATR/MATR_b1c1,0.2519103901085945,ridge,MATR,pchp_method
MATR/MATR_b1c11,0.3106984251713876,ridge,MATR,pchp_method
MATR/MATR_b1c14,0.2251456040159178,ridge,MATR,pchp_method
MATR/MATR_b1c15,0.23395462334858355,ridge,MATR,pchp_method
MATR/MATR_b1c16,0.26462698448229244,ridge,MATR,pchp_method
MATR/MATR_b1c17,0.2542709912133789,ridge,MATR,pchp_method
MATR/MATR_b1c18,0.05412664912932908,ridge,MATR,pchp_method
MATR/MATR_b1c19,0.03451087257636557,ridge,MATR,pchp_method
MATR/MATR_b1c2,0.2533509706070651,ridge,MATR,pchp_method
MATR/MATR_b1c20,0.06009326219048023,ridge,MATR,pchp_method
MATR/MATR_b1c21,0.05463601133007663,ridge,MATR,pchp_method
MATR/MATR_b1c23,0.2656078205138524,ridge,MATR,pchp_method
MATR/MATR_b1c24,0.6975406423838734,ridge,MATR,pchp_method
MATR/MATR_b1c25,0.48458946182051504,ridge,MATR,pchp_method
MATR/MATR_b1c26,0.45440627635112596,ridge,MATR,pchp_method
MATR/MATR_b1c27,0.28609449063272924,ridge,MATR,pchp_method
MATR/MATR_b1c28,0.30312395122206204,ridge,MATR,pchp_method
MATR/MATR_b1c29,0.30893111585026384,ridge,MATR,pchp_method
MATR/MATR_b1c3,0.29015642462194124,ridge,MATR,pchp_method
MATR/MATR_b1c30,0.28278343649376086,ridge,MATR,pchp_method
MATR/MATR_b1c31,0.27442545730929035,ridge,MATR,pchp_method
MATR/MATR_b1c32,0.24183968860337055,ridge,MATR,pchp_method
MATR/MATR_b1c33,0.2503916283606578,ridge,MATR,pchp_method
MATR/MATR_b1c34,0.6296694122451101,ridge,MATR,pchp_method
MATR/MATR_b1c35,0.6271111093258811,ridge,MATR,pchp_method
MATR/MATR_b1c36,0.785539241139204,ridge,MATR,pchp_method
MATR/MATR_b1c37,0.782953257964423,ridge,MATR,pchp_method
MATR/MATR_b1c38,0.8293660501481714,ridge,MATR,pchp_method
MATR/MATR_b1c39,0.590309029974923,ridge,MATR,pchp_method
MATR/MATR_b1c4,0.2783374201878466,ridge,MATR,pchp_method
MATR/MATR_b1c40,0.7620394894565123,ridge,MATR,pchp_method
MATR/MATR_b1c41,0.7773702137745708,ridge,MATR,pchp_method
MATR/MATR_b1c42,0.8350513606287014,ridge,MATR,pchp_method
MATR/MATR_b1c43,0.8289636893721545,ridge,MATR,pchp_method
MATR/MATR_b1c44,0.9026317118690164,ridge,MATR,pchp_method
MATR/MATR_b1c45,0.9105544956201812,ridge,MATR,pchp_method
MATR/MATR_b1c5,0.2830213552491723,ridge,MATR,pchp_method
MATR/MATR_b1c6,0.27041306144637084,ridge,MATR,pchp_method
MATR/MATR_b1c7,0.06386418070797589,ridge,MATR,pchp_method
MATR/MATR_b1c9,0.14478711231619681,ridge,MATR,pchp_method
MATR/MATR_b2c0,0.36867341728972136,ridge,MATR,pchp_method
MATR/MATR_b2c1,0.38208340315396755,ridge,MATR,pchp_method
MATR/MATR_b2c10,0.3454710310090436,ridge,MATR,pchp_method
MATR/MATR_b2c11,0.3432820402847651,ridge,MATR,pchp_method
MATR/MATR_b2c12,0.35764684256937734,ridge,MATR,pchp_method
MATR/MATR_b2c13,0.12577621444156967,ridge,MATR,pchp_method
MATR/MATR_b2c14,0.3309356146726787,ridge,MATR,pchp_method
MATR/MATR_b2c17,0.33118612057117874,ridge,MATR,pchp_method
MATR/MATR_b2c18,0.2802572934830623,ridge,MATR,pchp_method
MATR/MATR_b2c19,0.2550475812343685,ridge,MATR,pchp_method
MATR/MATR_b2c2,0.2524908715472255,ridge,MATR,pchp_method
MATR/MATR_b2c20,0.33862145226155443,ridge,MATR,pchp_method
MATR/MATR_b2c21,0.34208795581009693,ridge,MATR,pchp_method
MATR/MATR_b2c22,0.3189199259339061,ridge,MATR,pchp_method
MATR/MATR_b2c23,0.33584051412150606,ridge,MATR,pchp_method
MATR/MATR_b2c24,0.32974767319847426,ridge,MATR,pchp_method
MATR/MATR_b2c25,0.3368109590807882,ridge,MATR,pchp_method
MATR/MATR_b2c26,0.3403203245534549,ridge,MATR,pchp_method
MATR/MATR_b2c27,0.32527945950880977,ridge,MATR,pchp_method
MATR/MATR_b2c28,0.29132296806577085,ridge,MATR,pchp_method
MATR/MATR_b2c29,0.3140639131886613,ridge,MATR,pchp_method
MATR/MATR_b2c3,0.3631300043441067,ridge,MATR,pchp_method
MATR/MATR_b2c30,0.29442248139844707,ridge,MATR,pchp_method
MATR/MATR_b2c31,0.23668080107683695,ridge,MATR,pchp_method
MATR/MATR_b2c32,0.28492446057024534,ridge,MATR,pchp_method
MATR/MATR_b2c33,0.31192278957070607,ridge,MATR,pchp_method
MATR/MATR_b2c34,0.278160273175821,ridge,MATR,pchp_method
MATR/MATR_b2c35,0.26168985455664073,ridge,MATR,pchp_method
MATR/MATR_b2c36,0.12995047817203134,ridge,MATR,pchp_method
MATR/MATR_b2c37,0.08457741082185875,ridge,MATR,pchp_method
MATR/MATR_b2c38,0.3225698042801358,ridge,MATR,pchp_method
MATR/MATR_b2c39,0.2918032184382126,ridge,MATR,pchp_method
MATR/MATR_b2c4,0.34967462280219513,ridge,MATR,pchp_method
MATR/MATR_b2c40,0.19986482464026686,ridge,MATR,pchp_method
MATR/MATR_b2c41,0.2502020704370343,ridge,MATR,pchp_method
MATR/MATR_b2c42,0.052311779635663365,ridge,MATR,pchp_method
MATR/MATR_b2c43,0.08270732043362183,ridge,MATR,pchp_method
MATR/MATR_b2c44,0.1763262034987066,ridge,MATR,pchp_method
MATR/MATR_b2c45,0.21145270978351874,ridge,MATR,pchp_method
MATR/MATR_b2c46,0.29074557412587954,ridge,MATR,pchp_method
MATR/MATR_b2c47,0.1691368287651332,ridge,MATR,pchp_method
MATR/MATR_b2c5,0.332047453413629,ridge,MATR,pchp_method
MATR/MATR_b2c6,0.142041389933378,ridge,MATR,pchp_method
MATR/MATR_b3c0,0.07506391937638004,ridge,MATR,pchp_method
MATR/MATR_b3c1,0.05746508264021399,ridge,MATR,pchp_method
MATR/MATR_b3c10,0.2739775302153053,ridge,MATR,pchp_method
MATR/MATR_b3c11,0.14174053129796416,ridge,MATR,pchp_method
MATR/MATR_b3c12,0.23437184663830898,ridge,MATR,pchp_method
MATR/MATR_b3c13,0.12484254623522462,ridge,MATR,pchp_method
MATR/MATR_b3c14,0.24633401312733577,ridge,MATR,pchp_method
MATR/MATR_b3c15,0.182961926953057,ridge,MATR,pchp_method
MATR/MATR_b3c16,0.2583294546511221,ridge,MATR,pchp_method
MATR/MATR_b3c17,0.0605636823180899,ridge,MATR,pchp_method
MATR/MATR_b3c18,0.12872689008709082,ridge,MATR,pchp_method
MATR/MATR_b3c19,0.24985577710712215,ridge,MATR,pchp_method
MATR/MATR_b3c20,0.09760461952328073,ridge,MATR,pchp_method
MATR/MATR_b3c21,0.572765527274672,ridge,MATR,pchp_method
MATR/MATR_b3c22,0.10758546793736183,ridge,MATR,pchp_method
MATR/MATR_b3c24,0.08128483536277668,ridge,MATR,pchp_method
MATR/MATR_b3c25,0.0661922127112394,ridge,MATR,pchp_method
MATR/MATR_b3c26,0.17623470122561155,ridge,MATR,pchp_method
MATR/MATR_b3c27,0.19094735422822864,ridge,MATR,pchp_method
MATR/MATR_b3c28,0.5998961364127201,ridge,MATR,pchp_method
MATR/MATR_b3c29,0.20673505904645836,ridge,MATR,pchp_method
MATR/MATR_b3c3,0.29104696799508323,ridge,MATR,pchp_method
MATR/MATR_b3c30,0.09821378480624018,ridge,MATR,pchp_method
MATR/MATR_b3c31,0.061234471058778835,ridge,MATR,pchp_method
MATR/MATR_b3c33,0.0748806000529992,ridge,MATR,pchp_method
MATR/MATR_b3c34,0.08005666933237385,ridge,MATR,pchp_method
MATR/MATR_b3c35,0.1331298628556533,ridge,MATR,pchp_method
MATR/MATR_b3c36,0.2235301185292879,ridge,MATR,pchp_method
MATR/MATR_b3c38,0.04662662940496481,ridge,MATR,pchp_method
MATR/MATR_b3c39,0.05057837236217789,ridge,MATR,pchp_method
MATR/MATR_b3c4,0.07952037035473117,ridge,MATR,pchp_method
MATR/MATR_b3c40,0.09065624013207424,ridge,MATR,pchp_method
MATR/MATR_b3c41,0.19594088834552942,ridge,MATR,pchp_method
MATR/MATR_b3c44,0.07822764492612282,ridge,MATR,pchp_method
MATR/MATR_b3c45,0.2594622393021574,ridge,MATR,pchp_method
MATR/MATR_b3c5,0.25432637323126844,ridge,MATR,pchp_method
MATR/MATR_b3c6,0.49315707420253146,ridge,MATR,pchp_method
MATR/MATR_b3c7,0.2582265564711136,ridge,MATR,pchp_method
MATR/MATR_b3c8,0.10193009197917736,ridge,MATR,pchp_method
MATR/MATR_b3c9,0.06468760025113499,ridge,MATR,pchp_method
MATR/MATR_b4c0,0.27282742978648306,ridge,MATR,pchp_method
MATR/MATR_b4c1,0.34598075842238046,ridge,MATR,pchp_method
MATR/MATR_b4c10,0.2578732355587389,ridge,MATR,pchp_method
MATR/MATR_b4c11,0.2421935824620057,ridge,MATR,pchp_method
MATR/MATR_b4c12,0.27497696405063143,ridge,MATR,pchp_method
MATR/MATR_b4c13,0.24281957307641033,ridge,MATR,pchp_method
MATR/MATR_b4c14,0.800542941480736,ridge,MATR,pchp_method
MATR/MATR_b4c15,0.8413800519447011,ridge,MATR,pchp_method
MATR/MATR_b4c16,0.5121718918013654,ridge,MATR,pchp_method
MATR/MATR_b4c17,0.48645513358916875,ridge,MATR,pchp_method
MATR/MATR_b4c18,0.3410332393187482,ridge,MATR,pchp_method
MATR/MATR_b4c19,0.5216386289593076,ridge,MATR,pchp_method
MATR/MATR_b4c2,0.3288108298861729,ridge,MATR,pchp_method
MATR/MATR_b4c20,0.3358013210997102,ridge,MATR,pchp_method
MATR/MATR_b4c21,0.2782661971277839,ridge,MATR,pchp_method
MATR/MATR_b4c22,0.8722637243119673,ridge,MATR,pchp_method
MATR/MATR_b4c23,0.3009616942896011,ridge,MATR,pchp_method
MATR/MATR_b4c24,0.31477909538914695,ridge,MATR,pchp_method
MATR/MATR_b4c25,0.6047959433727328,ridge,MATR,pchp_method
MATR/MATR_b4c26,0.7109445246325264,ridge,MATR,pchp_method
MATR/MATR_b4c27,0.8462641121725635,ridge,MATR,pchp_method
MATR/MATR_b4c28,0.2742570932874781,ridge,MATR,pchp_method
MATR/MATR_b4c29,0.06408633666943565,ridge,MATR,pchp_method
MATR/MATR_b4c3,0.8461469599396519,ridge,MATR,pchp_method
MATR/MATR_b4c30,0.3515391796846464,ridge,MATR,pchp_method
MATR/MATR_b4c31,0.7196384081579653,ridge,MATR,pchp_method
MATR/MATR_b4c32,0.4929618633512685,ridge,MATR,pchp_method
MATR/MATR_b4c33,0.6970018141812478,ridge,MATR,pchp_method
MATR/MATR_b4c34,0.08161213086608887,ridge,MATR,pchp_method
MATR/MATR_b4c35,0.2410222270147706,ridge,MATR,pchp_method
MATR/MATR_b4c36,0.6946875454028496,ridge,MATR,pchp_method
MATR/MATR_b4c37,0.49887027224704905,ridge,MATR,pchp_method
MATR/MATR_b4c38,0.06100730368849702,ridge,MATR,pchp_method
MATR/MATR_b4c39,0.9117047042467222,ridge,MATR,pchp_method
MATR/MATR_b4c4,0.7836450842290963,ridge,MATR,pchp_method
MATR/MATR_b4c40,0.30935503149820953,ridge,MATR,pchp_method
MATR/MATR_b4c41,0.07699224512844495,ridge,MATR,pchp_method
MATR/MATR_b4c42,0.07261713762762621,ridge,MATR,pchp_method
MATR/MATR_b4c43,0.33937316732849526,ridge,MATR,pchp_method
MATR/MATR_b4c44,0.27789053956162363,ridge,MATR,pchp_method
MATR/MATR_b4c5,0.3105923787235816,ridge,MATR,pchp_method
MATR/MATR_b4c6,0.9070037010947446,ridge,MATR,pchp_method
MATR/MATR_b4c7,0.8713470004642829,ridge,MATR,pchp_method
MATR/MATR_b4c8,0.3097107865520987,ridge,MATR,pchp_method
MATR/MATR_b4c9,0.6776429673482932,ridge,MATR,pchp_method
MATR/MATR_b1c0,0.04794156389308071,ridge,MATR,raw_candidate
MATR/MATR_b1c1,0.06981396397357299,ridge,MATR,raw_candidate
MATR/MATR_b1c11,0.13007771692231898,ridge,MATR,raw_candidate
MATR/MATR_b1c14,0.17173948851867402,ridge,MATR,raw_candidate
MATR/MATR_b1c15,0.17671154218102458,ridge,MATR,raw_candidate
MATR/MATR_b1c16,0.1529568015193888,ridge,MATR,raw_candidate
MATR/MATR_b1c17,0.15222064740908403,ridge,MATR,raw_candidate
MATR/MATR_b1c18,0.6070322246794251,ridge,MATR,raw_candidate
MATR/MATR_b1c19,0.6393514775673472,ridge,MATR,raw_candidate
MATR/MATR_b1c2,0.0680793989140113,ridge,MATR,raw_candidate
MATR/MATR_b1c20,0.23205420606865673,ridge,MATR,raw_candidate
MATR/MATR_b1c21,0.22901034505936121,ridge,MATR,raw_candidate
MATR/MATR_b1c23,0.15057404529655255,ridge,MATR,raw_candidate
MATR/MATR_b1c24,0.10086953524519117,ridge,MATR,raw_candidate
MATR/MATR_b1c25,0.13549052350618906,ridge,MATR,raw_candidate
MATR/MATR_b1c26,0.09358283245737868,ridge,MATR,raw_candidate
MATR/MATR_b1c27,0.12579414456564364,ridge,MATR,raw_candidate
MATR/MATR_b1c28,0.23779650467100266,ridge,MATR,raw_candidate
MATR/MATR_b1c29,0.21939203915542774,ridge,MATR,raw_candidate
MATR/MATR_b1c3,0.07166634520396685,ridge,MATR,raw_candidate
MATR/MATR_b1c30,0.20626164720956242,ridge,MATR,raw_candidate
MATR/MATR_b1c31,0.21851695114689706,ridge,MATR,raw_candidate
MATR/MATR_b1c32,0.2804120189795934,ridge,MATR,raw_candidate
MATR/MATR_b1c33,0.2880680993792728,ridge,MATR,raw_candidate
MATR/MATR_b1c34,0.2561008932982866,ridge,MATR,raw_candidate
MATR/MATR_b1c35,0.24601906160183057,ridge,MATR,raw_candidate
MATR/MATR_b1c36,0.22406273349221204,ridge,MATR,raw_candidate
MATR/MATR_b1c37,0.2161216647557293,ridge,MATR,raw_candidate
MATR/MATR_b1c38,0.17233929693817343,ridge,MATR,raw_candidate
MATR/MATR_b1c39,0.21906494383155245,ridge,MATR,raw_candidate
MATR/MATR_b1c4,0.07660694855115777,ridge,MATR,raw_candidate
MATR/MATR_b1c40,0.33246185030213193,ridge,MATR,raw_candidate
MATR/MATR_b1c41,0.3434022750251084,ridge,MATR,raw_candidate
MATR/MATR_b1c42,0.34640457708670475,ridge,MATR,raw_candidate
MATR/MATR_b1c43,0.3395641486968482,ridge,MATR,raw_candidate
MATR/MATR_b1c44,0.384587478097922,ridge,MATR,raw_candidate
MATR/MATR_b1c45,0.37223300676496124,ridge,MATR,raw_candidate
MATR/MATR_b1c5,0.09093095111672594,ridge,MATR,raw_candidate
MATR/MATR_b1c6,0.05778032830350522,ridge,MATR,raw_candidate
MATR/MATR_b1c7,0.25121445947725646,ridge,MATR,raw_candidate
MATR/MATR_b1c9,0.12031396536080041,ridge,MATR,raw_candidate
MATR/MATR_b2c0,0.23922585253583678,ridge,MATR,raw_candidate
MATR/MATR_b2c1,0.13665830983829605,ridge,MATR,raw_candidate
MATR/MATR_b2c10,0.09584596199208675,ridge,MATR,raw_candidate
MATR/MATR_b2c11,0.16809916599745187,ridge,MATR,raw_candidate
MATR/MATR_b2c12,0.16451564844664812,ridge,MATR,raw_candidate
MATR/MATR_b2c13,0.1513637834655501,ridge,MATR,raw_candidate
MATR/MATR_b2c14,0.12807851204588586,ridge,MATR,raw_candidate
MATR/MATR_b2c17,0.11212447984776322,ridge,MATR,raw_candidate
MATR/MATR_b2c18,0.16433201629125976,ridge,MATR,raw_candidate
MATR/MATR_b2c19,0.14858693916041743,ridge,MATR,raw_candidate
MATR/MATR_b2c2,0.4474929677765234,ridge,MATR,raw_candidate
MATR/MATR_b2c20,0.1426830112735453,ridge,MATR,raw_candidate
MATR/MATR_b2c21,0.1655402520898439,ridge,MATR,raw_candidate
MATR/MATR_b2c22,0.1336110246286744,ridge,MATR,raw_candidate
MATR/MATR_b2c23,0.1832393060768642,ridge,MATR,raw_candidate
MATR/MATR_b2c24,0.13199680125820062,ridge,MATR,raw_candidate
MATR/MATR_b2c25,0.16346829228718165,ridge,MATR,raw_candidate
MATR/MATR_b2c26,0.15456850946708972,ridge,MATR,raw_candidate
MATR/MATR_b2c27,0.12176571042686891,ridge,MATR,raw_candidate
MATR/MATR_b2c28,0.12858454436890715,ridge,MATR,raw_candidate
MATR/MATR_b2c29,0.09788163931893687,ridge,MATR,raw_candidate
MATR/MATR_b2c3,0.07648082265291138,ridge,MATR,raw_candidate
MATR/MATR_b2c30,0.11977105078200935,ridge,MATR,raw_candidate
MATR/MATR_b2c31,0.11771846298908549,ridge,MATR,raw_candidate
MATR/MATR_b2c32,0.0950394108898154,ridge,MATR,raw_candidate
MATR/MATR_b2c33,0.08735552469988352,ridge,MATR,raw_candidate
MATR/MATR_b2c34,0.09009790007010439,ridge,MATR,raw_candidate
MATR/MATR_b2c35,0.11539911011249296,ridge,MATR,raw_candidate
MATR/MATR_b2c36,0.11359118924686676,ridge,MATR,raw_candidate
MATR/MATR_b2c37,0.11222228858844543,ridge,MATR,raw_candidate
MATR/MATR_b2c38,0.06228541636606394,ridge,MATR,raw_candidate
MATR/MATR_b2c39,0.0755230159289451,ridge,MATR,raw_candidate
MATR/MATR_b2c4,0.1709672948895738,ridge,MATR,raw_candidate
MATR/MATR_b2c40,0.16595894306102477,ridge,MATR,raw_candidate
MATR/MATR_b2c41,0.044034176841442806,ridge,MATR,raw_candidate
MATR/MATR_b2c42,0.11548451504974497,ridge,MATR,raw_candidate
MATR/MATR_b2c43,0.11401913129196714,ridge,MATR,raw_candidate
MATR/MATR_b2c44,0.09780442295755144,ridge,MATR,raw_candidate
MATR/MATR_b2c45,0.12070814001764404,ridge,MATR,raw_candidate
MATR/MATR_b2c46,0.04478169296620233,ridge,MATR,raw_candidate
MATR/MATR_b2c47,0.0370541746230495,ridge,MATR,raw_candidate
MATR/MATR_b2c5,0.12622297139069671,ridge,MATR,raw_candidate
MATR/MATR_b2c6,0.27034377336397364,ridge,MATR,raw_candidate
MATR/MATR_b3c0,0.09689550209137116,ridge,MATR,raw_candidate
MATR/MATR_b3c1,0.11986010822224982,ridge,MATR,raw_candidate
MATR/MATR_b3c10,0.06275846490513019,ridge,MATR,raw_candidate
MATR/MATR_b3c11,0.2288506416453377,ridge,MATR,raw_candidate
MATR/MATR_b3c12,0.08463653800326022,ridge,MATR,raw_candidate
MATR/MATR_b3c13,0.16033876651894677,ridge,MATR,raw_candidate
MATR/MATR_b3c14,0.11768498319937867,ridge,MATR,raw_candidate
MATR/MATR_b3c15,0.09791966079490654,ridge,MATR,raw_candidate
MATR/MATR_b3c16,0.05702054812814634,ridge,MATR,raw_candidate
MATR/MATR_b3c17,0.12059621162338408,ridge,MATR,raw_candidate
MATR/MATR_b3c18,0.1052289566796299,ridge,MATR,raw_candidate
MATR/MATR_b3c19,0.09980190664393737,ridge,MATR,raw_candidate
MATR/MATR_b3c20,0.08621413476444091,ridge,MATR,raw_candidate
MATR/MATR_b3c21,0.3194870582764891,ridge,MATR,raw_candidate
MATR/MATR_b3c22,0.08718667422244096,ridge,MATR,raw_candidate
MATR/MATR_b3c24,0.08506419677553684,ridge,MATR,raw_candidate
MATR/MATR_b3c25,0.22799398093018386,ridge,MATR,raw_candidate
MATR/MATR_b3c26,0.1636605942512779,ridge,MATR,raw_candidate
MATR/MATR_b3c27,0.07148570836429433,ridge,MATR,raw_candidate
MATR/MATR_b3c28,0.3228339079205929,ridge,MATR,raw_candidate
MATR/MATR_b3c29,0.11126814151630963,ridge,MATR,raw_candidate
MATR/MATR_b3c3,0.1146026223125527,ridge,MATR,raw_candidate
MATR/MATR_b3c30,0.07830223015688514,ridge,MATR,raw_candidate
MATR/MATR_b3c31,0.061042021985597716,ridge,MATR,raw_candidate
MATR/MATR_b3c33,0.09443779774745809,ridge,MATR,raw_candidate
MATR/MATR_b3c34,0.09383825725924443,ridge,MATR,raw_candidate
MATR/MATR_b3c35,0.11072175723081294,ridge,MATR,raw_candidate
MATR/MATR_b3c36,0.10725975872465433,ridge,MATR,raw_candidate
MATR/MATR_b3c38,0.09477020879901515,ridge,MATR,raw_candidate
MATR/MATR_b3c39,0.08800229923002903,ridge,MATR,raw_candidate
MATR/MATR_b3c4,0.07890124129138168,ridge,MATR,raw_candidate
MATR/MATR_b3c40,0.07835877740455761,ridge,MATR,raw_candidate
MATR/MATR_b3c41,0.08572073328656601,ridge,MATR,raw_candidate
MATR/MATR_b3c44,0.08304755210968047,ridge,MATR,raw_candidate
MATR/MATR_b3c45,0.05537087815425153,ridge,MATR,raw_candidate
MATR/MATR_b3c5,0.18870341524399303,ridge,MATR,raw_candidate
MATR/MATR_b3c6,0.2799635762356942,ridge,MATR,raw_candidate
MATR/MATR_b3c7,0.05341718736825781,ridge,MATR,raw_candidate
MATR/MATR_b3c8,0.082888890318249,ridge,MATR,raw_candidate
MATR/MATR_b3c9,0.104201358454821,ridge,MATR,raw_candidate
MATR/MATR_b4c0,0.09607723422058663,ridge,MATR,raw_candidate
MATR/MATR_b4c1,0.08739100161170452,ridge,MATR,raw_candidate
MATR/MATR_b4c10,0.08439647555631377,ridge,MATR,raw_candidate
MATR/MATR_b4c11,0.06899456128586197,ridge,MATR,raw_candidate
MATR/MATR_b4c12,0.08676753942974424,ridge,MATR,raw_candidate
MATR/MATR_b4c13,0.08703987630212334,ridge,MATR,raw_candidate
MATR/MATR_b4c14,0.13951478812564666,ridge,MATR,raw_candidate
MATR/MATR_b4c15,0.1428844959416673,ridge,MATR,raw_candidate
MATR/MATR_b4c16,0.11026435985900988,ridge,MATR,raw_candidate
MATR/MATR_b4c17,0.1467315854968011,ridge,MATR,raw_candidate
MATR/MATR_b4c18,0.08531370147824273,ridge,MATR,raw_candidate
MATR/MATR_b4c19,0.14218384877441848,ridge,MATR,raw_candidate
MATR/MATR_b4c2,0.07495135740826608,ridge,MATR,raw_candidate
MATR/MATR_b4c20,0.10656189068185902,ridge,MATR,raw_candidate
MATR/MATR_b4c21,0.07504939294742004,ridge,MATR,raw_candidate
MATR/MATR_b4c22,0.12799800362237618,ridge,MATR,raw_candidate
MATR/MATR_b4c23,0.08826294284609544,ridge,MATR,raw_candidate
MATR/MATR_b4c24,0.10014180405810039,ridge,MATR,raw_candidate
MATR/MATR_b4c25,0.16669480184553417,ridge,MATR,raw_candidate
MATR/MATR_b4c26,0.15783951553012382,ridge,MATR,raw_candidate
MATR/MATR_b4c27,0.12997471400581853,ridge,MATR,raw_candidate
MATR/MATR_b4c28,0.0863701776826926,ridge,MATR,raw_candidate
MATR/MATR_b4c29,0.07515777969544028,ridge,MATR,raw_candidate
MATR/MATR_b4c3,0.1806488882507466,ridge,MATR,raw_candidate
MATR/MATR_b4c30,0.08389509535714848,ridge,MATR,raw_candidate
MATR/MATR_b4c31,0.1731865209434911,ridge,MATR,raw_candidate
MATR/MATR_b4c32,0.14287615856584138,ridge,MATR,raw_candidate
MATR/MATR_b4c33,0.10730829023114846,ridge,MATR,raw_candidate
MATR/MATR_b4c34,0.11112520263310924,ridge,MATR,raw_candidate
MATR/MATR_b4c35,0.07823671038309882,ridge,MATR,raw_candidate
MATR/MATR_b4c36,0.17408242922446493,ridge,MATR,raw_candidate
MATR/MATR_b4c37,0.12966222861914828,ridge,MATR,raw_candidate
MATR/MATR_b4c38,0.09185599526511007,ridge,MATR,raw_candidate
MATR/MATR_b4c39,0.1364858274639292,ridge,MATR,raw_candidate
MATR/MATR_b4c4,0.2004867188887182,ridge,MATR,raw_candidate
MATR/MATR_b4c40,0.07767509426823856,ridge,MATR,raw_candidate
MATR/MATR_b4c41,0.08638706760603736,ridge,MATR,raw_candidate
MATR/MATR_b4c42,0.09328954366526182,ridge,MATR,raw_candidate
MATR/MATR_b4c43,0.08840784656236127,ridge,MATR,raw_candidate
MATR/MATR_b4c44,0.10522036437979944,ridge,MATR,raw_candidate
MATR/MATR_b4c5,0.10504165384000796,ridge,MATR,raw_candidate
MATR/MATR_b4c6,0.1478788987021874,ridge,MATR,raw_candidate
MATR/MATR_b4c7,0.1789261218772324,ridge,MATR,raw_candidate
MATR/MATR_b4c8,0.07480690293819427,ridge,MATR,raw_candidate
MATR/MATR_b4c9,0.14203791168795055,ridge,MATR,raw_candidate
MICH/MICH_BLForm10_pouch_NMC_25C_0-100_1-1C_j,0.15314276478072966,ridge,MICH,protected_state
MICH/MICH_BLForm11_pouch_NMC_25C_0-100_1-1C_a,0.07332534933140769,ridge,MICH,protected_state
MICH/MICH_BLForm12_pouch_NMC_25C_0-100_1-1C_b,0.09142639290822104,ridge,MICH,protected_state
MICH/MICH_BLForm13_pouch_NMC_25C_0-100_1-1C_c,0.1080476410542482,ridge,MICH,protected_state
MICH/MICH_BLForm14_pouch_NMC_25C_0-100_1-1C_d,0.0796862595386882,ridge,MICH,protected_state
MICH/MICH_BLForm15_pouch_NMC_25C_0-100_1-1C_e,0.1094780320043421,ridge,MICH,protected_state
MICH/MICH_BLForm16_pouch_NMC_25C_0-100_1-1C_f,0.1026146938587665,ridge,MICH,protected_state
MICH/MICH_BLForm17_pouch_NMC_25C_0-100_1-1C_g,0.14959890507154647,ridge,MICH,protected_state
MICH/MICH_BLForm18_pouch_NMC_25C_0-100_1-1C_h,0.12144357195133794,ridge,MICH,protected_state
MICH/MICH_BLForm19_pouch_NMC_25C_0-100_1-1C_i,0.10068396187823257,ridge,MICH,protected_state
MICH/MICH_BLForm1_pouch_NMC_45C_0-100_1-1C_a,0.21032152021450365,ridge,MICH,protected_state
MICH/MICH_BLForm20_pouch_NMC_25C_0-100_1-1C_j,0.13998778704231296,ridge,MICH,protected_state
MICH/MICH_BLForm2_pouch_NMC_45C_0-100_1-1C_b,0.19434344854252983,ridge,MICH,protected_state
MICH/MICH_BLForm3_pouch_NMC_45C_0-100_1-1C_c,0.11994527548083132,ridge,MICH,protected_state
MICH/MICH_BLForm4_pouch_NMC_45C_0-100_1-1C_d,0.21659537535287648,ridge,MICH,protected_state
MICH/MICH_BLForm5_pouch_NMC_45C_0-100_1-1C_e,0.206657818187303,ridge,MICH,protected_state
MICH/MICH_BLForm6_pouch_NMC_45C_0-100_1-1C_f,0.14513467158329676,ridge,MICH,protected_state
MICH/MICH_BLForm7_pouch_NMC_45C_0-100_1-1C_g,0.16822445031188507,ridge,MICH,protected_state
MICH/MICH_BLForm8_pouch_NMC_45C_0-100_1-1C_h,0.2019350367619819,ridge,MICH,protected_state
MICH/MICH_BLForm9_pouch_NMC_45C_0-100_1-1C_i,0.36322715273894224,ridge,MICH,protected_state
MICH/MICH_MCForm21_pouch_NMC_25C_0-100_1-1C_a,0.06380189684710469,ridge,MICH,protected_state
MICH/MICH_MCForm22_pouch_NMC_25C_0-100_1-1C_b,0.14009146809503553,ridge,MICH,protected_state
MICH/MICH_MCForm23_pouch_NMC_25C_0-100_1-1C_c,0.07210404640742048,ridge,MICH,protected_state
MICH/MICH_MCForm24_pouch_NMC_25C_0-100_1-1C_d,0.08173315053589833,ridge,MICH,protected_state
MICH/MICH_MCForm25_pouch_NMC_25C_0-100_1-1C_e,0.08077531974697849,ridge,MICH,protected_state
MICH/MICH_MCForm26_pouch_NMC_25C_0-100_1-1C_f,0.07213798729944455,ridge,MICH,protected_state
MICH/MICH_MCForm27_pouch_NMC_25C_0-100_1-1C_g,0.07055122243988267,ridge,MICH,protected_state
MICH/MICH_MCForm28_pouch_NMC_25C_0-100_1-1C_h,0.0866802526378101,ridge,MICH,protected_state
MICH/MICH_MCForm29_pouch_NMC_25C_0-100_1-1C_i,0.10743698084021085,ridge,MICH,protected_state
MICH/MICH_MCForm30_pouch_NMC_25C_0-100_1-1C_j,0.07083736056775065,ridge,MICH,protected_state
MICH/MICH_MCForm31_pouch_NMC_45C_0-100_1-1C_a,0.13332311184136253,ridge,MICH,protected_state
MICH/MICH_MCForm32_pouch_NMC_45C_0-100_1-1C_b,0.0964873675314631,ridge,MICH,protected_state
MICH/MICH_MCForm33_pouch_NMC_45C_0-100_1-1C_c,0.10913287208411034,ridge,MICH,protected_state
MICH/MICH_MCForm34_pouch_NMC_45C_0-100_1-1C_d,0.07784141963881572,ridge,MICH,protected_state
MICH/MICH_MCForm35_pouch_NMC_45C_0-100_1-1C_e,0.10120803977679367,ridge,MICH,protected_state
MICH/MICH_MCForm36_pouch_NMC_45C_0-100_1-1C_f,0.1173493390366701,ridge,MICH,protected_state
MICH/MICH_MCForm37_pouch_NMC_45C_0-100_1-1C_g,0.09931821254585353,ridge,MICH,protected_state
MICH/MICH_MCForm38_pouch_NMC_45C_0-100_1-1C_h,0.1323791388797523,ridge,MICH,protected_state
MICH/MICH_MCForm39_pouch_NMC_45C_0-100_1-1C_i,0.11213777333698285,ridge,MICH,protected_state
MICH/MICH_MCForm40_pouch_NMC_45C_0-100_1-1C_j,0.09445090488167847,ridge,MICH,protected_state
MICH/MICH_BLForm10_pouch_NMC_25C_0-100_1-1C_j,0.14314375215195796,ridge,MICH,pchp_method
MICH/MICH_BLForm11_pouch_NMC_25C_0-100_1-1C_a,0.06971943786100436,ridge,MICH,pchp_method
MICH/MICH_BLForm12_pouch_NMC_25C_0-100_1-1C_b,0.0872770894219069,ridge,MICH,pchp_method
MICH/MICH_BLForm13_pouch_NMC_25C_0-100_1-1C_c,0.10331890449931354,ridge,MICH,pchp_method
MICH/MICH_BLForm14_pouch_NMC_25C_0-100_1-1C_d,0.07540067896089685,ridge,MICH,pchp_method
MICH/MICH_BLForm15_pouch_NMC_25C_0-100_1-1C_e,0.1049203139640098,ridge,MICH,pchp_method
MICH/MICH_BLForm16_pouch_NMC_25C_0-100_1-1C_f,0.09833677596034042,ridge,MICH,pchp_method
MICH/MICH_BLForm17_pouch_NMC_25C_0-100_1-1C_g,0.1440192013674957,ridge,MICH,pchp_method
MICH/MICH_BLForm18_pouch_NMC_25C_0-100_1-1C_h,0.1165844072753718,ridge,MICH,pchp_method
MICH/MICH_BLForm19_pouch_NMC_25C_0-100_1-1C_i,0.09660314599765123,ridge,MICH,pchp_method
MICH/MICH_BLForm1_pouch_NMC_45C_0-100_1-1C_a,0.20032152021450364,ridge,MICH,pchp_method
MICH/MICH_BLForm20_pouch_NMC_25C_0-100_1-1C_j,0.13479296402165344,ridge,MICH,pchp_method
MICH/MICH_BLForm2_pouch_NMC_45C_0-100_1-1C_b,0.18434439633734126,ridge,MICH,pchp_method
MICH/MICH_BLForm3_pouch_NMC_45C_0-100_1-1C_c,0.10994609811883242,ridge,MICH,pchp_method
MICH/MICH_BLForm4_pouch_NMC_45C_0-100_1-1C_d,0.2065953753528765,ridge,MICH,pchp_method
MICH/MICH_BLForm5_pouch_NMC_45C_0-100_1-1C_e,0.19666037934900057,ridge,MICH,pchp_method
MICH/MICH_BLForm6_pouch_NMC_45C_0-100_1-1C_f,0.1351347810683366,ridge,MICH,pchp_method
MICH/MICH_BLForm7_pouch_NMC_45C_0-100_1-1C_g,0.1582252538048664,ridge,MICH,pchp_method
MICH/MICH_BLForm8_pouch_NMC_45C_0-100_1-1C_h,0.1919359097425855,ridge,MICH,pchp_method
MICH/MICH_BLForm9_pouch_NMC_45C_0-100_1-1C_i,0.3532271527389423,ridge,MICH,pchp_method
MICH/MICH_MCForm21_pouch_NMC_25C_0-100_1-1C_a,0.05957885464166295,ridge,MICH,pchp_method
MICH/MICH_MCForm22_pouch_NMC_25C_0-100_1-1C_b,0.1351854678940607,ridge,MICH,pchp_method
MICH/MICH_MCForm23_pouch_NMC_25C_0-100_1-1C_c,0.06900855710162045,ridge,MICH,pchp_method
MICH/MICH_MCForm24_pouch_NMC_25C_0-100_1-1C_d,0.07777147933316456,ridge,MICH,pchp_method
MICH/MICH_MCForm25_pouch_NMC_25C_0-100_1-1C_e,0.0773731645095669,ridge,MICH,pchp_method
MICH/MICH_MCForm26_pouch_NMC_25C_0-100_1-1C_f,0.06904281529819688,ridge,MICH,pchp_method
MICH/MICH_MCForm27_pouch_NMC_25C_0-100_1-1C_g,0.06778633662797594,ridge,MICH,pchp_method
MICH/MICH_MCForm28_pouch_NMC_25C_0-100_1-1C_h,0.08291058560436834,ridge,MICH,pchp_method
MICH/MICH_MCForm29_pouch_NMC_25C_0-100_1-1C_i,0.10357382530667854,ridge,MICH,pchp_method
MICH/MICH_MCForm30_pouch_NMC_25C_0-100_1-1C_j,0.06765141944885482,ridge,MICH,pchp_method
MICH/MICH_MCForm31_pouch_NMC_45C_0-100_1-1C_a,0.12332311184136249,ridge,MICH,pchp_method
MICH/MICH_MCForm32_pouch_NMC_45C_0-100_1-1C_b,0.08649250999142113,ridge,MICH,pchp_method
MICH/MICH_MCForm33_pouch_NMC_45C_0-100_1-1C_c,0.09915324979858925,ridge,MICH,pchp_method
MICH/MICH_MCForm34_pouch_NMC_45C_0-100_1-1C_d,0.06795722601812963,ridge,MICH,pchp_method
MICH/MICH_MCForm35_pouch_NMC_45C_0-100_1-1C_e,0.09120803977679366,ridge,MICH,pchp_method
MICH/MICH_MCForm36_pouch_NMC_45C_0-100_1-1C_f,0.10735168444236788,ridge,MICH,pchp_method
MICH/MICH_MCForm37_pouch_NMC_45C_0-100_1-1C_g,0.08931821254585352,ridge,MICH,pchp_method
MICH/MICH_MCForm38_pouch_NMC_45C_0-100_1-1C_h,0.12237998912923646,ridge,MICH,pchp_method
MICH/MICH_MCForm39_pouch_NMC_45C_0-100_1-1C_i,0.10213777333698285,ridge,MICH,pchp_method
MICH/MICH_MCForm40_pouch_NMC_45C_0-100_1-1C_j,0.08445328091695217,ridge,MICH,pchp_method
MICH/MICH_BLForm10_pouch_NMC_25C_0-100_1-1C_j,0.034114434793223354,ridge,MICH,raw_candidate
MICH/MICH_BLForm11_pouch_NMC_25C_0-100_1-1C_a,0.033873274354070136,ridge,MICH,raw_candidate
MICH/MICH_BLForm12_pouch_NMC_25C_0-100_1-1C_b,0.03780137288501135,ridge,MICH,raw_candidate
MICH/MICH_BLForm13_pouch_NMC_25C_0-100_1-1C_c,0.03877347343766136,ridge,MICH,raw_candidate
MICH/MICH_BLForm14_pouch_NMC_25C_0-100_1-1C_d,0.030833636253020286,ridge,MICH,raw_candidate
MICH/MICH_BLForm15_pouch_NMC_25C_0-100_1-1C_e,0.034909283282366886,ridge,MICH,raw_candidate
MICH/MICH_BLForm16_pouch_NMC_25C_0-100_1-1C_f,0.038417368135325924,ridge,MICH,raw_candidate
MICH/MICH_BLForm17_pouch_NMC_25C_0-100_1-1C_g,0.043903502308792135,ridge,MICH,raw_candidate
MICH/MICH_BLForm18_pouch_NMC_25C_0-100_1-1C_h,0.04062822261888284,ridge,MICH,raw_candidate
MICH/MICH_BLForm19_pouch_NMC_25C_0-100_1-1C_i,0.03729588081044798,ridge,MICH,raw_candidate
MICH/MICH_BLForm1_pouch_NMC_45C_0-100_1-1C_a,0.04635870445108916,ridge,MICH,raw_candidate
MICH/MICH_BLForm20_pouch_NMC_25C_0-100_1-1C_j,0.04427952905830224,ridge,MICH,raw_candidate
MICH/MICH_BLForm2_pouch_NMC_45C_0-100_1-1C_b,0.03754917634362677,ridge,MICH,raw_candidate
MICH/MICH_BLForm3_pouch_NMC_45C_0-100_1-1C_c,0.02917278085044445,ridge,MICH,raw_candidate
MICH/MICH_BLForm4_pouch_NMC_45C_0-100_1-1C_d,0.05270414072748035,ridge,MICH,raw_candidate
MICH/MICH_BLForm5_pouch_NMC_45C_0-100_1-1C_e,0.04297625986016543,ridge,MICH,raw_candidate
MICH/MICH_BLForm6_pouch_NMC_45C_0-100_1-1C_f,0.031106450575208975,ridge,MICH,raw_candidate
MICH/MICH_BLForm7_pouch_NMC_45C_0-100_1-1C_g,0.035413333148317974,ridge,MICH,raw_candidate
MICH/MICH_BLForm8_pouch_NMC_45C_0-100_1-1C_h,0.04112491751542289,ridge,MICH,raw_candidate
MICH/MICH_BLForm9_pouch_NMC_45C_0-100_1-1C_i,0.05240975542183319,ridge,MICH,raw_candidate
MICH/MICH_MCForm21_pouch_NMC_25C_0-100_1-1C_a,0.028235286854855164,ridge,MICH,raw_candidate
MICH/MICH_MCForm22_pouch_NMC_25C_0-100_1-1C_b,0.041582597460082665,ridge,MICH,raw_candidate
MICH/MICH_MCForm23_pouch_NMC_25C_0-100_1-1C_c,0.034114866174427674,ridge,MICH,raw_candidate
MICH/MICH_MCForm24_pouch_NMC_25C_0-100_1-1C_d,0.03455138942940613,ridge,MICH,raw_candidate
MICH/MICH_MCForm25_pouch_NMC_25C_0-100_1-1C_e,0.03586247451366647,ridge,MICH,raw_candidate
MICH/MICH_MCForm26_pouch_NMC_25C_0-100_1-1C_f,0.038227126730430855,ridge,MICH,raw_candidate
MICH/MICH_MCForm27_pouch_NMC_25C_0-100_1-1C_g,0.03884477324374254,ridge,MICH,raw_candidate
MICH/MICH_MCForm28_pouch_NMC_25C_0-100_1-1C_h,0.03710445670215343,ridge,MICH,raw_candidate
MICH/MICH_MCForm29_pouch_NMC_25C_0-100_1-1C_i,0.039891268665934024,ridge,MICH,raw_candidate
MICH/MICH_MCForm30_pouch_NMC_25C_0-100_1-1C_j,0.03923082274432547,ridge,MICH,raw_candidate
MICH/MICH_MCForm31_pouch_NMC_45C_0-100_1-1C_a,0.028218999945652808,ridge,MICH,raw_candidate
MICH/MICH_MCForm32_pouch_NMC_45C_0-100_1-1C_b,0.022007680828404923,ridge,MICH,raw_candidate
MICH/MICH_MCForm33_pouch_NMC_45C_0-100_1-1C_c,0.025835366320135073,ridge,MICH,raw_candidate
MICH/MICH_MCForm34_pouch_NMC_45C_0-100_1-1C_d,0.019386440997941713,ridge,MICH,raw_candidate
MICH/MICH_MCForm35_pouch_NMC_45C_0-100_1-1C_e,0.0234632677664862,ridge,MICH,raw_candidate
MICH/MICH_MCForm36_pouch_NMC_45C_0-100_1-1C_f,0.026350430322149152,ridge,MICH,raw_candidate
MICH/MICH_MCForm37_pouch_NMC_45C_0-100_1-1C_g,0.021136441228716947,ridge,MICH,raw_candidate
MICH/MICH_MCForm38_pouch_NMC_45C_0-100_1-1C_h,0.03218086681366734,ridge,MICH,raw_candidate
MICH/MICH_MCForm39_pouch_NMC_45C_0-100_1-1C_i,0.02400641299765269,ridge,MICH,raw_candidate
MICH/MICH_MCForm40_pouch_NMC_45C_0-100_1-1C_j,0.021724332221305893,ridge,MICH,raw_candidate
MICH_EXP/MICH_01R_pouch_NMC_25C_0-100_0.2-0.2C,0.20264571800302766,ridge,MICH_EXP,protected_state
MICH_EXP/MICH_02C_pouch_NMC_-5C_0-100_0.2-0.2C,0.06325554103993435,ridge,MICH_EXP,protected_state
MICH_EXP/MICH_03H_pouch_NMC_45C_0-100_0.2-0.2C,0.25713102463627985,ridge,MICH_EXP,protected_state
MICH_EXP/MICH_04R_pouch_NMC_25C_0-100_1.5-1.5C,0.06830353824862892,ridge,MICH_EXP,protected_state
MICH_EXP/MICH_05C_pouch_NMC_-5C_0-100_1.5-1.5C,0.08409953140157939,ridge,MICH_EXP,protected_state
MICH_EXP/MICH_06H_pouch_NMC_45C_0-100_1.5-1.5C,0.12570194765404372,ridge,MICH_EXP,protected_state
MICH_EXP/MICH_07R_pouch_NMC_25C_0-100_2-2C,0.12550420627071276,ridge,MICH_EXP,protected_state
MICH_EXP/MICH_08C_pouch_NMC_-5C_0-100_2-2C,0.06123861274290065,ridge,MICH_EXP,protected_state
MICH_EXP/MICH_09H_pouch_NMC_45C_0-100_2-2C,0.15998331013494224,ridge,MICH_EXP,protected_state
MICH_EXP/MICH_10R_pouch_NMC_25C_0-100_0.2-1.5C,0.08091233094850578,ridge,MICH_EXP,protected_state
MICH_EXP/MICH_11C_pouch_NMC_-5C_0-100_0.2-1.5C,0.03608896594871776,ridge,MICH_EXP,protected_state
MICH_EXP/MICH_12H_pouch_NMC_45C_0-100_0.2-1.5C,0.26111564456284514,ridge,MICH_EXP,protected_state
MICH_EXP/MICH_13R_pouch_NMC_25C_50-100_0.2-0.2C,0.16275728064020153,ridge,MICH_EXP,protected_state
MICH_EXP/MICH_14C_pouch_NMC_-5C_50-100_0.2-0.2C,0.1648542857398627,ridge,MICH_EXP,protected_state
MICH_EXP/MICH_15H_pouch_NMC_45C_50-100_0.2-0.2C,0.06824227651737337,ridge,MICH_EXP,protected_state
MICH_EXP/MICH_16R_pouch_NMC_25C_50-100_0.2-1.5C,0.16310542002308695,ridge,MICH_EXP,protected_state
MICH_EXP/MICH_17C_pouch_NMC_-5C_50-100_0.2-1.5C,0.16236778991105374,ridge,MICH_EXP,protected_state
MICH_EXP/MICH_18H_pouch_NMC_45C_50-100_0.2-1.5C,0.11186501184778919,ridge,MICH_EXP,protected_state
MICH_EXP/MICH_01R_pouch_NMC_25C_0-100_0.2-0.2C,0.19264571800302768,ridge,MICH_EXP,pchp_method
MICH_EXP/MICH_02C_pouch_NMC_-5C_0-100_0.2-0.2C,0.05416262284479085,ridge,MICH_EXP,pchp_method
MICH_EXP/MICH_03H_pouch_NMC_45C_0-100_0.2-0.2C,0.24713102463627987,ridge,MICH_EXP,pchp_method
MICH_EXP/MICH_04R_pouch_NMC_25C_0-100_1.5-1.5C,0.05853458776362391,ridge,MICH_EXP,pchp_method
MICH_EXP/MICH_05C_pouch_NMC_-5C_0-100_1.5-1.5C,0.08002013999456196,ridge,MICH_EXP,pchp_method
MICH_EXP/MICH_06H_pouch_NMC_45C_0-100_1.5-1.5C,0.11570194765404372,ridge,MICH_EXP,pchp_method
MICH_EXP/MICH_07R_pouch_NMC_25C_0-100_2-2C,0.11581874114716922,ridge,MICH_EXP,pchp_method
MICH_EXP/MICH_08C_pouch_NMC_-5C_0-100_2-2C,0.06052863965741621,ridge,MICH_EXP,pchp_method
MICH_EXP/MICH_09H_pouch_NMC_45C_0-100_2-2C,0.14998331013494223,ridge,MICH_EXP,pchp_method
MICH_EXP/MICH_10R_pouch_NMC_25C_0-100_0.2-1.5C,0.07091233094850577,ridge,MICH_EXP,pchp_method
MICH_EXP/MICH_11C_pouch_NMC_-5C_0-100_0.2-1.5C,0.026088965948717745,ridge,MICH_EXP,pchp_method
MICH_EXP/MICH_12H_pouch_NMC_45C_0-100_0.2-1.5C,0.25111564456284513,ridge,MICH_EXP,pchp_method
MICH_EXP/MICH_13R_pouch_NMC_25C_50-100_0.2-0.2C,0.15837868739620925,ridge,MICH_EXP,pchp_method
MICH_EXP/MICH_14C_pouch_NMC_-5C_50-100_0.2-0.2C,0.15940150680146364,ridge,MICH_EXP,pchp_method
MICH_EXP/MICH_15H_pouch_NMC_45C_50-100_0.2-0.2C,0.07211506555259502,ridge,MICH_EXP,pchp_method
MICH_EXP/MICH_16R_pouch_NMC_25C_50-100_0.2-1.5C,0.1602600591072415,ridge,MICH_EXP,pchp_method
MICH_EXP/MICH_17C_pouch_NMC_-5C_50-100_0.2-1.5C,0.15758189358199853,ridge,MICH_EXP,pchp_method
MICH_EXP/MICH_18H_pouch_NMC_45C_50-100_0.2-1.5C,0.11072741102416936,ridge,MICH_EXP,pchp_method
MICH_EXP/MICH_01R_pouch_NMC_25C_0-100_0.2-0.2C,0.03116502430102585,ridge,MICH_EXP,raw_candidate
MICH_EXP/MICH_02C_pouch_NMC_-5C_0-100_0.2-0.2C,0.04589046086575973,ridge,MICH_EXP,raw_candidate
MICH_EXP/MICH_03H_pouch_NMC_45C_0-100_0.2-0.2C,0.025105585242257717,ridge,MICH_EXP,raw_candidate
MICH_EXP/MICH_04R_pouch_NMC_25C_0-100_1.5-1.5C,0.024475974246185892,ridge,MICH_EXP,raw_candidate
MICH_EXP/MICH_05C_pouch_NMC_-5C_0-100_1.5-1.5C,0.06756772117099942,ridge,MICH_EXP,raw_candidate
MICH_EXP/MICH_06H_pouch_NMC_45C_0-100_1.5-1.5C,0.02987374617551318,ridge,MICH_EXP,raw_candidate
MICH_EXP/MICH_07R_pouch_NMC_25C_0-100_2-2C,0.026939753464176427,ridge,MICH_EXP,raw_candidate
MICH_EXP/MICH_08C_pouch_NMC_-5C_0-100_2-2C,0.06426501325150656,ridge,MICH_EXP,raw_candidate
MICH_EXP/MICH_09H_pouch_NMC_45C_0-100_2-2C,0.03023680008190161,ridge,MICH_EXP,raw_candidate
MICH_EXP/MICH_10R_pouch_NMC_25C_0-100_0.2-1.5C,0.024270933359782077,ridge,MICH_EXP,raw_candidate
MICH_EXP/MICH_11C_pouch_NMC_-5C_0-100_0.2-1.5C,0.01358534180668065,ridge,MICH_EXP,raw_candidate
MICH_EXP/MICH_12H_pouch_NMC_45C_0-100_0.2-1.5C,0.04838719269489311,ridge,MICH_EXP,raw_candidate
MICH_EXP/MICH_13R_pouch_NMC_25C_50-100_0.2-0.2C,0.11390256620191316,ridge,MICH_EXP,raw_candidate
MICH_EXP/MICH_14C_pouch_NMC_-5C_50-100_0.2-0.2C,0.11957543119426595,ridge,MICH_EXP,raw_candidate
MICH_EXP/MICH_15H_pouch_NMC_45C_50-100_0.2-0.2C,0.0910982662836874,ridge,MICH_EXP,raw_candidate
MICH_EXP/MICH_16R_pouch_NMC_25C_50-100_0.2-1.5C,0.11220112677909766,ridge,MICH_EXP,raw_candidate
MICH_EXP/MICH_17C_pouch_NMC_-5C_50-100_0.2-1.5C,0.13093453938740213,ridge,MICH_EXP,raw_candidate
MICH_EXP/MICH_18H_pouch_NMC_45C_50-100_0.2-1.5C,0.09803989343701454,ridge,MICH_EXP,raw_candidate
RWTH/RWTH_002,0.18032969019159253,ridge,RWTH,protected_state
RWTH/RWTH_003,0.1721627447418308,ridge,RWTH,protected_state
RWTH/RWTH_004,0.17318209778557653,ridge,RWTH,protected_state
RWTH/RWTH_005,0.17158656919620796,ridge,RWTH,protected_state
RWTH/RWTH_006,0.1661509228434551,ridge,RWTH,protected_state
RWTH/RWTH_007,0.17112001266736074,ridge,RWTH,protected_state
RWTH/RWTH_008,0.1758568759253558,ridge,RWTH,protected_state
RWTH/RWTH_009,0.15957161931715705,ridge,RWTH,protected_state
RWTH/RWTH_010,0.1708013603766754,ridge,RWTH,protected_state
RWTH/RWTH_011,0.16723538086910095,ridge,RWTH,protected_state
RWTH/RWTH_012,0.1590218154143028,ridge,RWTH,protected_state
RWTH/RWTH_013,0.16788947255046782,ridge,RWTH,protected_state
RWTH/RWTH_014,0.17536782028978617,ridge,RWTH,protected_state
RWTH/RWTH_015,0.16057707694043682,ridge,RWTH,protected_state
RWTH/RWTH_016,0.1598171324013176,ridge,RWTH,protected_state
RWTH/RWTH_017,0.17695142226501895,ridge,RWTH,protected_state
RWTH/RWTH_018,0.167144583327014,ridge,RWTH,protected_state
RWTH/RWTH_019,0.17140373680107296,ridge,RWTH,protected_state
RWTH/RWTH_020,0.172367982417861,ridge,RWTH,protected_state
RWTH/RWTH_021,0.1769669192703719,ridge,RWTH,protected_state
RWTH/RWTH_022,0.16448410250057835,ridge,RWTH,protected_state
RWTH/RWTH_023,0.14483898433284392,ridge,RWTH,protected_state
RWTH/RWTH_024,0.15335405069614205,ridge,RWTH,protected_state
RWTH/RWTH_025,0.16828424157568098,ridge,RWTH,protected_state
RWTH/RWTH_026,0.150806075584941,ridge,RWTH,protected_state
RWTH/RWTH_027,0.15347386550570646,ridge,RWTH,protected_state
RWTH/RWTH_028,0.16424815012015612,ridge,RWTH,protected_state
RWTH/RWTH_029,0.14778652340567514,ridge,RWTH,protected_state
RWTH/RWTH_030,0.08234041405465255,ridge,RWTH,protected_state
RWTH/RWTH_031,0.1561966957827454,ridge,RWTH,protected_state
RWTH/RWTH_032,0.1757326572235731,ridge,RWTH,protected_state
RWTH/RWTH_033,0.19077387036412888,ridge,RWTH,protected_state
RWTH/RWTH_034,0.12331028172403588,ridge,RWTH,protected_state
RWTH/RWTH_035,0.12057542737813678,ridge,RWTH,protected_state
RWTH/RWTH_036,0.14419523757958552,ridge,RWTH,protected_state
RWTH/RWTH_037,0.16070711047570269,ridge,RWTH,protected_state
RWTH/RWTH_038,0.11657189992864196,ridge,RWTH,protected_state
RWTH/RWTH_039,0.1224249158585571,ridge,RWTH,protected_state
RWTH/RWTH_040,0.12961782559731894,ridge,RWTH,protected_state
RWTH/RWTH_041,0.136658204253448,ridge,RWTH,protected_state
RWTH/RWTH_042,0.1281929301187818,ridge,RWTH,protected_state
RWTH/RWTH_043,0.11328639800398822,ridge,RWTH,protected_state
RWTH/RWTH_044,0.12814790494178063,ridge,RWTH,protected_state
RWTH/RWTH_045,0.12609377151680962,ridge,RWTH,protected_state
RWTH/RWTH_046,0.15588391151809722,ridge,RWTH,protected_state
RWTH/RWTH_047,0.1585607284577622,ridge,RWTH,protected_state
RWTH/RWTH_048,0.15109403143794592,ridge,RWTH,protected_state
RWTH/RWTH_049,0.14834594258109313,ridge,RWTH,protected_state
RWTH/RWTH_002,0.17774959082863168,ridge,RWTH,pchp_method
RWTH/RWTH_003,0.1721758578768282,ridge,RWTH,pchp_method
RWTH/RWTH_004,0.17185118566838709,ridge,RWTH,pchp_method
RWTH/RWTH_005,0.1688387575506096,ridge,RWTH,pchp_method
RWTH/RWTH_006,0.1637613528033657,ridge,RWTH,pchp_method
RWTH/RWTH_007,0.168537041616935,ridge,RWTH,pchp_method
RWTH/RWTH_008,0.17578281578171615,ridge,RWTH,pchp_method
RWTH/RWTH_009,0.15870741528444895,ridge,RWTH,pchp_method
RWTH/RWTH_010,0.17011827786119707,ridge,RWTH,pchp_method
RWTH/RWTH_011,0.16675421623121114,ridge,RWTH,pchp_method
RWTH/RWTH_012,0.15653606547141538,ridge,RWTH,pchp_method
RWTH/RWTH_013,0.16536093155305884,ridge,RWTH,pchp_method
RWTH/RWTH_014,0.17608566462022682,ridge,RWTH,pchp_method
RWTH/RWTH_015,0.15863185065751206,ridge,RWTH,pchp_method
RWTH/RWTH_016,0.15744397469685817,ridge,RWTH,pchp_method
RWTH/RWTH_017,0.17594497821415878,ridge,RWTH,pchp_method
RWTH/RWTH_018,0.1664449561934404,ridge,RWTH,pchp_method
RWTH/RWTH_019,0.17106298162778016,ridge,RWTH,pchp_method
RWTH/RWTH_020,0.17201696197545538,ridge,RWTH,pchp_method
RWTH/RWTH_021,0.1762469336387131,ridge,RWTH,pchp_method
RWTH/RWTH_022,0.16512452597687527,ridge,RWTH,pchp_method
RWTH/RWTH_023,0.14300322062869072,ridge,RWTH,pchp_method
RWTH/RWTH_024,0.15146549866363315,ridge,RWTH,pchp_method
RWTH/RWTH_025,0.16621232341433878,ridge,RWTH,pchp_method
RWTH/RWTH_026,0.1513310600483343,ridge,RWTH,pchp_method
RWTH/RWTH_027,0.15428081285932407,ridge,RWTH,pchp_method
RWTH/RWTH_028,0.16290645343728305,ridge,RWTH,pchp_method
RWTH/RWTH_029,0.14708327984381656,ridge,RWTH,pchp_method
RWTH/RWTH_030,0.08116107325051174,ridge,RWTH,pchp_method
RWTH/RWTH_031,0.15444503354189004,ridge,RWTH,pchp_method
RWTH/RWTH_032,0.17555143243285026,ridge,RWTH,pchp_method
RWTH/RWTH_033,0.18752355464387635,ridge,RWTH,pchp_method
RWTH/RWTH_034,0.12487975605866847,ridge,RWTH,pchp_method
RWTH/RWTH_035,0.12105072837594485,ridge,RWTH,pchp_method
RWTH/RWTH_036,0.14313820104708733,ridge,RWTH,pchp_method
RWTH/RWTH_037,0.16021811720105605,ridge,RWTH,pchp_method
RWTH/RWTH_038,0.11755986114483893,ridge,RWTH,pchp_method
RWTH/RWTH_039,0.12436873284281039,ridge,RWTH,pchp_method
RWTH/RWTH_040,0.13178488386105372,ridge,RWTH,pchp_method
RWTH/RWTH_041,0.13610539542569064,ridge,RWTH,pchp_method
RWTH/RWTH_042,0.12993440727900737,ridge,RWTH,pchp_method
RWTH/RWTH_043,0.11320837410442279,ridge,RWTH,pchp_method
RWTH/RWTH_044,0.12815633720058414,ridge,RWTH,pchp_method
RWTH/RWTH_045,0.12807609609781379,ridge,RWTH,pchp_method
RWTH/RWTH_046,0.15609376340019218,ridge,RWTH,pchp_method
RWTH/RWTH_047,0.15829673035818678,ridge,RWTH,pchp_method
RWTH/RWTH_048,0.15194772415730842,ridge,RWTH,pchp_method
RWTH/RWTH_049,0.14764174394169916,ridge,RWTH,pchp_method
RWTH/RWTH_002,0.17064471277295182,ridge,RWTH,raw_candidate
RWTH/RWTH_003,0.17214442191212428,ridge,RWTH,raw_candidate
RWTH/RWTH_004,0.16911529510287662,ridge,RWTH,raw_candidate
RWTH/RWTH_005,0.1619661484941778,ridge,RWTH,raw_candidate
RWTH/RWTH_006,0.15838605187001165,ridge,RWTH,raw_candidate
RWTH/RWTH_007,0.16087689819649015,ridge,RWTH,raw_candidate
RWTH/RWTH_008,0.17235155065781813,ridge,RWTH,raw_candidate
RWTH/RWTH_009,0.1558335424146143,ridge,RWTH,raw_candidate
RWTH/RWTH_010,0.16516688148702874,ridge,RWTH,raw_candidate
RWTH/RWTH_011,0.16277336549546945,ridge,RWTH,raw_candidate
RWTH/RWTH_012,0.14664616234391126,ridge,RWTH,raw_candidate
RWTH/RWTH_013,0.15738631300575004,ridge,RWTH,raw_candidate
RWTH/RWTH_014,0.18091089630758306,ridge,RWTH,raw_candidate
RWTH/RWTH_015,0.1543218972584452,ridge,RWTH,raw_candidate
RWTH/RWTH_016,0.15207108412921191,ridge,RWTH,raw_candidate
RWTH/RWTH_017,0.17526515076386737,ridge,RWTH,raw_candidate
RWTH/RWTH_018,0.16649865216357662,ridge,RWTH,raw_candidate
RWTH/RWTH_019,0.17314475017999434,ridge,RWTH,raw_candidate
RWTH/RWTH_020,0.171167702839056,ridge,RWTH,raw_candidate
RWTH/RWTH_021,0.17576338398379746,ridge,RWTH,raw_candidate
RWTH/RWTH_022,0.16604959075043632,ridge,RWTH,raw_candidate
RWTH/RWTH_023,0.13478763731138682,ridge,RWTH,raw_candidate
RWTH/RWTH_024,0.13900112652673063,ridge,RWTH,raw_candidate
RWTH/RWTH_025,0.16279133892950318,ridge,RWTH,raw_candidate
RWTH/RWTH_026,0.15450602438214722,ridge,RWTH,raw_candidate
RWTH/RWTH_027,0.15421191337888615,ridge,RWTH,raw_candidate
RWTH/RWTH_028,0.15701102274330528,ridge,RWTH,raw_candidate
RWTH/RWTH_029,0.14293534673443511,ridge,RWTH,raw_candidate
RWTH/RWTH_030,0.07811713363252792,ridge,RWTH,raw_candidate
RWTH/RWTH_031,0.15327554788264425,ridge,RWTH,raw_candidate
RWTH/RWTH_032,0.17596280092074365,ridge,RWTH,raw_candidate
RWTH/RWTH_033,0.18075021884591072,ridge,RWTH,raw_candidate
RWTH/RWTH_034,0.13109974861133056,ridge,RWTH,raw_candidate
RWTH/RWTH_035,0.12351372194162857,ridge,RWTH,raw_candidate
RWTH/RWTH_036,0.1351717751668475,ridge,RWTH,raw_candidate
RWTH/RWTH_037,0.15927304654120777,ridge,RWTH,raw_candidate
RWTH/RWTH_038,0.12632098747309997,ridge,RWTH,raw_candidate
RWTH/RWTH_039,0.13365239729279713,ridge,RWTH,raw_candidate
RWTH/RWTH_040,0.1395882454569961,ridge,RWTH,raw_candidate
RWTH/RWTH_041,0.13817798710946302,ridge,RWTH,raw_candidate
RWTH/RWTH_042,0.1343070326595979,ridge,RWTH,raw_candidate
RWTH/RWTH_043,0.1159736052032758,ridge,RWTH,raw_candidate
RWTH/RWTH_044,0.12944218464885007,ridge,RWTH,raw_candidate
RWTH/RWTH_045,0.1343745336010895,ridge,RWTH,raw_candidate
RWTH/RWTH_046,0.16274622147546458,ridge,RWTH,raw_candidate
RWTH/RWTH_047,0.15990296814220953,ridge,RWTH,raw_candidate
RWTH/RWTH_048,0.15578729320288223,ridge,RWTH,raw_candidate
RWTH/RWTH_049,0.1470028960750245,ridge,RWTH,raw_candidate
SDU/SDU_Battery_1,0.055963211966711224,ridge,SDU,protected_state
SDU/SDU_Battery_10,0.0362402986438,ridge,SDU,protected_state
SDU/SDU_Battery_11,0.045390702754127946,ridge,SDU,protected_state
SDU/SDU_Battery_12,0.036863411045613914,ridge,SDU,protected_state
SDU/SDU_Battery_13,0.03377219838803171,ridge,SDU,protected_state
SDU/SDU_Battery_14,0.030487123085426344,ridge,SDU,protected_state
SDU/SDU_Battery_15,0.04127406692727012,ridge,SDU,protected_state
SDU/SDU_Battery_16,0.03978755809648395,ridge,SDU,protected_state
SDU/SDU_Battery_17,0.042714317732335694,ridge,SDU,protected_state
SDU/SDU_Battery_18,0.046095729901999956,ridge,SDU,protected_state
SDU/SDU_Battery_19,0.042543091323561974,ridge,SDU,protected_state
SDU/SDU_Battery_2,0.05973923489777253,ridge,SDU,protected_state
SDU/SDU_Battery_20,0.04111748834908693,ridge,SDU,protected_state
SDU/SDU_Battery_21,0.03233316675385217,ridge,SDU,protected_state
SDU/SDU_Battery_22,0.046464486872282044,ridge,SDU,protected_state
SDU/SDU_Battery_23,0.05141668877415083,ridge,SDU,protected_state
SDU/SDU_Battery_24,0.03723353453406668,ridge,SDU,protected_state
SDU/SDU_Battery_25,0.03395619382982659,ridge,SDU,protected_state
SDU/SDU_Battery_26,0.06658253285448532,ridge,SDU,protected_state
SDU/SDU_Battery_27,0.051925459818852354,ridge,SDU,protected_state
SDU/SDU_Battery_28,0.04320154024081521,ridge,SDU,protected_state
SDU/SDU_Battery_29,0.03820630816860825,ridge,SDU,protected_state
SDU/SDU_Battery_3,0.03191579729411255,ridge,SDU,protected_state
SDU/SDU_Battery_30,0.03618265565217096,ridge,SDU,protected_state
SDU/SDU_Battery_31,0.026980356064841195,ridge,SDU,protected_state
SDU/SDU_Battery_32,0.04929754408577632,ridge,SDU,protected_state
SDU/SDU_Battery_33,0.01979504974810655,ridge,SDU,protected_state
SDU/SDU_Battery_34,0.03477721885806674,ridge,SDU,protected_state
SDU/SDU_Battery_35,0.04381236628636043,ridge,SDU,protected_state
SDU/SDU_Battery_36,0.0457051449249037,ridge,SDU,protected_state
SDU/SDU_Battery_37,0.04481989482710126,ridge,SDU,protected_state
SDU/SDU_Battery_38,0.05237051017368014,ridge,SDU,protected_state
SDU/SDU_Battery_39,0.08455653493362623,ridge,SDU,protected_state
SDU/SDU_Battery_4,0.05394339620600202,ridge,SDU,protected_state
SDU/SDU_Battery_40,0.07842964301005594,ridge,SDU,protected_state
SDU/SDU_Battery_41,0.06251518846008444,ridge,SDU,protected_state
SDU/SDU_Battery_42,0.0680500968436511,ridge,SDU,protected_state
SDU/SDU_Battery_43,0.07652433036284387,ridge,SDU,protected_state
SDU/SDU_Battery_44,0.08221512765628519,ridge,SDU,protected_state
SDU/SDU_Battery_45,0.05829870214394234,ridge,SDU,protected_state
SDU/SDU_Battery_46,0.051877687839294924,ridge,SDU,protected_state
SDU/SDU_Battery_47,0.06259376367334432,ridge,SDU,protected_state
SDU/SDU_Battery_48,0.05302480940791297,ridge,SDU,protected_state
SDU/SDU_Battery_49,0.07744230949795465,ridge,SDU,protected_state
SDU/SDU_Battery_5,0.0486067353520229,ridge,SDU,protected_state
SDU/SDU_Battery_50,0.07821548621833149,ridge,SDU,protected_state
SDU/SDU_Battery_51,0.07480563531474041,ridge,SDU,protected_state
SDU/SDU_Battery_52,0.06972792472660723,ridge,SDU,protected_state
SDU/SDU_Battery_53,0.04466967256106449,ridge,SDU,protected_state
SDU/SDU_Battery_54,0.013674253494942449,ridge,SDU,protected_state
SDU/SDU_Battery_55,0.033651720289654324,ridge,SDU,protected_state
SDU/SDU_Battery_56,0.02802305463899509,ridge,SDU,protected_state
SDU/SDU_Battery_57,0.04823929724930328,ridge,SDU,protected_state
SDU/SDU_Battery_58,0.06931845707109884,ridge,SDU,protected_state
SDU/SDU_Battery_59,0.05572376137156128,ridge,SDU,protected_state
SDU/SDU_Battery_6,0.059262422759784085,ridge,SDU,protected_state
SDU/SDU_Battery_60,0.05824179178621423,ridge,SDU,protected_state
SDU/SDU_Battery_61,0.05038017852158914,ridge,SDU,protected_state
SDU/SDU_Battery_62,0.05583974704543781,ridge,SDU,protected_state
SDU/SDU_Battery_63,0.025652382734978312,ridge,SDU,protected_state
SDU/SDU_Battery_64,0.0437306829203792,ridge,SDU,protected_state
SDU/SDU_Battery_65,0.018449834726610888,ridge,SDU,protected_state
SDU/SDU_Battery_66,0.01675584377796526,ridge,SDU,protected_state
SDU/SDU_Battery_67,0.056733667836725746,ridge,SDU,protected_state
SDU/SDU_Battery_68,0.05336030096960688,ridge,SDU,protected_state
SDU/SDU_Battery_69,0.10020707048745384,ridge,SDU,protected_state
SDU/SDU_Battery_7,0.06398854423082113,ridge,SDU,protected_state
SDU/SDU_Battery_70,0.06164483908545455,ridge,SDU,protected_state
SDU/SDU_Battery_71,0.101207928240298,ridge,SDU,protected_state
SDU/SDU_Battery_72,0.10341100037131032,ridge,SDU,protected_state
SDU/SDU_Battery_73,0.09643242997014081,ridge,SDU,protected_state
SDU/SDU_Battery_74,0.10134286362449575,ridge,SDU,protected_state
SDU/SDU_Battery_75,0.08500045364791191,ridge,SDU,protected_state
SDU/SDU_Battery_76,0.08188089427796581,ridge,SDU,protected_state
SDU/SDU_Battery_77,0.07845636750308961,ridge,SDU,protected_state
SDU/SDU_Battery_78,0.07511607236863567,ridge,SDU,protected_state
SDU/SDU_Battery_79,0.08118669432608062,ridge,SDU,protected_state
SDU/SDU_Battery_8,0.023789226553868215,ridge,SDU,protected_state
SDU/SDU_Battery_80,0.0782805105323498,ridge,SDU,protected_state
SDU/SDU_Battery_81,0.08544599146829825,ridge,SDU,protected_state
SDU/SDU_Battery_82,0.08155788635819924,ridge,SDU,protected_state
SDU/SDU_Battery_83,0.0665923902328542,ridge,SDU,protected_state
SDU/SDU_Battery_84,0.060601078144563926,ridge,SDU,protected_state
SDU/SDU_Battery_85,0.0779697666269663,ridge,SDU,protected_state
SDU/SDU_Battery_86,0.06497524349329761,ridge,SDU,protected_state
SDU/SDU_Battery_9,0.03552419783172949,ridge,SDU,protected_state
SDU/SDU_Battery_1,0.05745914580667259,ridge,SDU,pchp_method
SDU/SDU_Battery_10,0.035369785417744014,ridge,SDU,pchp_method
SDU/SDU_Battery_11,0.05059999029713791,ridge,SDU,pchp_method
SDU/SDU_Battery_12,0.03923120139168715,ridge,SDU,pchp_method
SDU/SDU_Battery_13,0.036458669988901474,ridge,SDU,pchp_method
SDU/SDU_Battery_14,0.032215276684244724,ridge,SDU,pchp_method
SDU/SDU_Battery_15,0.04597260496841983,ridge,SDU,pchp_method
SDU/SDU_Battery_16,0.0444426778525553,ridge,SDU,pchp_method
SDU/SDU_Battery_17,0.04438194023868119,ridge,SDU,pchp_method
SDU/SDU_Battery_18,0.0459700809800337,ridge,SDU,pchp_method
SDU/SDU_Battery_19,0.042229961562778924,ridge,SDU,pchp_method
SDU/SDU_Battery_2,0.0593071743169612,ridge,SDU,pchp_method
SDU/SDU_Battery_20,0.041264010579816886,ridge,SDU,pchp_method
SDU/SDU_Battery_21,0.02957770725147148,ridge,SDU,pchp_method
SDU/SDU_Battery_22,0.0471155974637365,ridge,SDU,pchp_method
SDU/SDU_Battery_23,0.05918384312873822,ridge,SDU,pchp_method
SDU/SDU_Battery_24,0.04458636614194854,ridge,SDU,pchp_method
SDU/SDU_Battery_25,0.04118602751006137,ridge,SDU,pchp_method
SDU/SDU_Battery_26,0.07339493883194799,ridge,SDU,pchp_method
SDU/SDU_Battery_27,0.05587406461385354,ridge,SDU,pchp_method
SDU/SDU_Battery_28,0.050436474839999995,ridge,SDU,pchp_method
SDU/SDU_Battery_29,0.045280971130273615,ridge,SDU,pchp_method
SDU/SDU_Battery_3,0.03722523054023499,ridge,SDU,pchp_method
SDU/SDU_Battery_30,0.04355970913469752,ridge,SDU,pchp_method
SDU/SDU_Battery_31,0.022509011135725718,ridge,SDU,pchp_method
SDU/SDU_Battery_32,0.042073061855435634,ridge,SDU,pchp_method
SDU/SDU_Battery_33,0.01700398817196339,ridge,SDU,pchp_method
SDU/SDU_Battery_34,0.03003829556562996,ridge,SDU,pchp_method
SDU/SDU_Battery_35,0.036048499232387454,ridge,SDU,pchp_method
SDU/SDU_Battery_36,0.038370808931260825,ridge,SDU,pchp_method
SDU/SDU_Battery_37,0.036445467045260214,ridge,SDU,pchp_method
SDU/SDU_Battery_38,0.04577873549685234,ridge,SDU,pchp_method
SDU/SDU_Battery_39,0.07562968945452862,ridge,SDU,pchp_method
SDU/SDU_Battery_4,0.05505883025953743,ridge,SDU,pchp_method
SDU/SDU_Battery_40,0.06983512371249104,ridge,SDU,pchp_method
SDU/SDU_Battery_41,0.05373606169952605,ridge,SDU,pchp_method
SDU/SDU_Battery_42,0.059578176896441966,ridge,SDU,pchp_method
SDU/SDU_Battery_43,0.06812122211041244,ridge,SDU,pchp_method
SDU/SDU_Battery_44,0.07451191677484816,ridge,SDU,pchp_method
SDU/SDU_Battery_45,0.06498345285653195,ridge,SDU,pchp_method
SDU/SDU_Battery_46,0.05872136491233247,ridge,SDU,pchp_method
SDU/SDU_Battery_47,0.06964328040653497,ridge,SDU,pchp_method
SDU/SDU_Battery_48,0.06033963270559363,ridge,SDU,pchp_method
SDU/SDU_Battery_49,0.08081188756244181,ridge,SDU,pchp_method
SDU/SDU_Battery_5,0.049300532274224616,ridge,SDU,pchp_method
SDU/SDU_Battery_50,0.08426907055489462,ridge,SDU,pchp_method
SDU/SDU_Battery_51,0.08245148429299973,ridge,SDU,pchp_method
SDU/SDU_Battery_52,0.07635003313350068,ridge,SDU,pchp_method
SDU/SDU_Battery_53,0.03600291784068685,ridge,SDU,pchp_method
SDU/SDU_Battery_54,0.013063008782570112,ridge,SDU,pchp_method
SDU/SDU_Battery_55,0.02664143658627068,ridge,SDU,pchp_method
SDU/SDU_Battery_56,0.022027990868885725,ridge,SDU,pchp_method
SDU/SDU_Battery_57,0.03995490487993869,ridge,SDU,pchp_method
SDU/SDU_Battery_58,0.06086489174003318,ridge,SDU,pchp_method
SDU/SDU_Battery_59,0.04693451216910567,ridge,SDU,pchp_method
SDU/SDU_Battery_6,0.05962642738933681,ridge,SDU,pchp_method
SDU/SDU_Battery_60,0.0494095513451594,ridge,SDU,pchp_method
SDU/SDU_Battery_61,0.05706686774372745,ridge,SDU,pchp_method
SDU/SDU_Battery_62,0.06323673684103621,ridge,SDU,pchp_method
SDU/SDU_Battery_63,0.030680172168565854,ridge,SDU,pchp_method
SDU/SDU_Battery_64,0.0501219540535713,ridge,SDU,pchp_method
SDU/SDU_Battery_65,0.020428570943548458,ridge,SDU,pchp_method
SDU/SDU_Battery_66,0.01747199132795378,ridge,SDU,pchp_method
SDU/SDU_Battery_67,0.04673366783672573,ridge,SDU,pchp_method
SDU/SDU_Battery_68,0.04336030096960688,ridge,SDU,pchp_method
SDU/SDU_Battery_69,0.09387750572378842,ridge,SDU,pchp_method
SDU/SDU_Battery_7,0.0626179459818676,ridge,SDU,pchp_method
SDU/SDU_Battery_70,0.054014200127146285,ridge,SDU,pchp_method
SDU/SDU_Battery_71,0.09458803242035657,ridge,SDU,pchp_method
SDU/SDU_Battery_72,0.09666691172543246,ridge,SDU,pchp_method
SDU/SDU_Battery_73,0.09003365373680737,ridge,SDU,pchp_method
SDU/SDU_Battery_74,0.09433495991838804,ridge,SDU,pchp_method
SDU/SDU_Battery_75,0.08241912618586356,ridge,SDU,pchp_method
SDU/SDU_Battery_76,0.07766588569112105,ridge,SDU,pchp_method
SDU/SDU_Battery_77,0.07448998216300932,ridge,SDU,pchp_method
SDU/SDU_Battery_78,0.07246644162338363,ridge,SDU,pchp_method
SDU/SDU_Battery_79,0.07692368014931784,ridge,SDU,pchp_method
SDU/SDU_Battery_8,0.028823941580118004,ridge,SDU,pchp_method
SDU/SDU_Battery_80,0.07434102300101654,ridge,SDU,pchp_method
SDU/SDU_Battery_81,0.08119447214725599,ridge,SDU,pchp_method
SDU/SDU_Battery_82,0.07704870565336824,ridge,SDU,pchp_method
SDU/SDU_Battery_83,0.06915678992425113,ridge,SDU,pchp_method
SDU/SDU_Battery_84,0.0673560900363576,ridge,SDU,pchp_method
SDU/SDU_Battery_85,0.07859011821800843,ridge,SDU,pchp_method
SDU/SDU_Battery_86,0.0705322467346616,ridge,SDU,pchp_method
SDU/SDU_Battery_9,0.03324619438640537,ridge,SDU,pchp_method
SDU/SDU_Battery_1,0.06059282472055287,ridge,SDU,raw_candidate
SDU/SDU_Battery_10,0.0604646008361306,ridge,SDU,raw_candidate
SDU/SDU_Battery_11,0.06977648382871579,ridge,SDU,raw_candidate
SDU/SDU_Battery_12,0.06697251201024475,ridge,SDU,raw_candidate
SDU/SDU_Battery_13,0.059195780366436364,ridge,SDU,raw_candidate
SDU/SDU_Battery_14,0.06032965414718617,ridge,SDU,raw_candidate
SDU/SDU_Battery_15,0.06791168737250079,ridge,SDU,raw_candidate
SDU/SDU_Battery_16,0.06311792210753651,ridge,SDU,raw_candidate
SDU/SDU_Battery_17,0.043520656287874784,ridge,SDU,raw_candidate
SDU/SDU_Battery_18,0.04363315612904224,ridge,SDU,raw_candidate
SDU/SDU_Battery_19,0.03540941756496849,ridge,SDU,raw_candidate
SDU/SDU_Battery_2,0.05955792432623153,ridge,SDU,raw_candidate
SDU/SDU_Battery_20,0.03657809524417095,ridge,SDU,raw_candidate
SDU/SDU_Battery_21,0.02465083943864535,ridge,SDU,raw_candidate
SDU/SDU_Battery_22,0.04197281535954264,ridge,SDU,raw_candidate
SDU/SDU_Battery_23,0.06521986891691132,ridge,SDU,raw_candidate
SDU/SDU_Battery_24,0.06107859228583207,ridge,SDU,raw_candidate
SDU/SDU_Battery_25,0.061226958513928106,ridge,SDU,raw_candidate
SDU/SDU_Battery_26,0.07703136523957704,ridge,SDU,raw_candidate
SDU/SDU_Battery_27,0.05900474449222605,ridge,SDU,raw_candidate
SDU/SDU_Battery_28,0.05757798025791143,ridge,SDU,raw_candidate
SDU/SDU_Battery_29,0.059369763432937254,ridge,SDU,raw_candidate
SDU/SDU_Battery_3,0.047318479836957354,ridge,SDU,raw_candidate
SDU/SDU_Battery_30,0.057188279022836463,ridge,SDU,raw_candidate
SDU/SDU_Battery_31,0.02141185526172166,ridge,SDU,raw_candidate
SDU/SDU_Battery_32,0.019871966639082406,ridge,SDU,raw_candidate
SDU/SDU_Battery_33,0.01796265828565928,ridge,SDU,raw_candidate
SDU/SDU_Battery_34,0.01593696560345089,ridge,SDU,raw_candidate
SDU/SDU_Battery_35,0.013289308595791954,ridge,SDU,raw_candidate
SDU/SDU_Battery_36,0.014164931505833245,ridge,SDU,raw_candidate
SDU/SDU_Battery_37,0.011043308919294777,ridge,SDU,raw_candidate
SDU/SDU_Battery_38,0.016667313953083917,ridge,SDU,raw_candidate
SDU/SDU_Battery_39,0.03432782311748387,ridge,SDU,raw_candidate
SDU/SDU_Battery_4,0.058208653452208735,ridge,SDU,raw_candidate
SDU/SDU_Battery_40,0.03335988952363041,ridge,SDU,raw_candidate
SDU/SDU_Battery_41,0.02891598477221437,ridge,SDU,raw_candidate
SDU/SDU_Battery_42,0.029105919193350573,ridge,SDU,raw_candidate
SDU/SDU_Battery_43,0.03140772319749107,ridge,SDU,raw_candidate
SDU/SDU_Battery_44,0.03276144621684627,ridge,SDU,raw_candidate
SDU/SDU_Battery_45,0.07735122781480877,ridge,SDU,raw_candidate
SDU/SDU_Battery_46,0.07585228840244737,ridge,SDU,raw_candidate
SDU/SDU_Battery_47,0.0786310203035797,ridge,SDU,raw_candidate
SDU/SDU_Battery_48,0.07559553742345558,ridge,SDU,raw_candidate
SDU/SDU_Battery_49,0.07947111188146541,ridge,SDU,raw_candidate
SDU/SDU_Battery_5,0.05419716261740483,ridge,SDU,raw_candidate
SDU/SDU_Battery_50,0.08461806375216809,ridge,SDU,raw_candidate
SDU/SDU_Battery_51,0.08187438790555772,ridge,SDU,raw_candidate
SDU/SDU_Battery_52,0.08024094576745375,ridge,SDU,raw_candidate
SDU/SDU_Battery_53,0.014685875730778538,ridge,SDU,raw_candidate
SDU/SDU_Battery_54,0.02519315488573214,ridge,SDU,raw_candidate
SDU/SDU_Battery_55,0.02224162097550218,ridge,SDU,raw_candidate
SDU/SDU_Battery_56,0.01882540602618925,ridge,SDU,raw_candidate
SDU/SDU_Battery_57,0.014531531655441124,ridge,SDU,raw_candidate
SDU/SDU_Battery_58,0.01586809745002154,ridge,SDU,raw_candidate
SDU/SDU_Battery_59,0.013566698187382811,ridge,SDU,raw_candidate
SDU/SDU_Battery_6,0.06191011920185544,ridge,SDU,raw_candidate
SDU/SDU_Battery_60,0.016089147781252908,ridge,SDU,raw_candidate
SDU/SDU_Battery_61,0.09439653469791798,ridge,SDU,raw_candidate
SDU/SDU_Battery_62,0.08258570193943374,ridge,SDU,raw_candidate
SDU/SDU_Battery_63,0.08545554406543816,ridge,SDU,raw_candidate
SDU/SDU_Battery_64,0.09043118511351397,ridge,SDU,raw_candidate
SDU/SDU_Battery_65,0.048702240071323274,ridge,SDU,raw_candidate
SDU/SDU_Battery_66,0.05695997219514194,ridge,SDU,raw_candidate
SDU/SDU_Battery_67,0.043678154652815965,ridge,SDU,raw_candidate
SDU/SDU_Battery_68,0.04330559864344481,ridge,SDU,raw_candidate
SDU/SDU_Battery_69,0.028942521510128386,ridge,SDU,raw_candidate
SDU/SDU_Battery_7,0.06053232001558978,ridge,SDU,raw_candidate
SDU/SDU_Battery_70,0.026006441634152798,ridge,SDU,raw_candidate
SDU/SDU_Battery_71,0.027913364712891412,ridge,SDU,raw_candidate
SDU/SDU_Battery_72,0.02725148746641055,ridge,SDU,raw_candidate
SDU/SDU_Battery_73,0.07247319895057276,ridge,SDU,raw_candidate
SDU/SDU_Battery_74,0.07367081234353491,ridge,SDU,raw_candidate
SDU/SDU_Battery_75,0.07907514066517814,ridge,SDU,raw_candidate
SDU/SDU_Battery_76,0.06405322736859094,ridge,SDU,raw_candidate
SDU/SDU_Battery_77,0.06313419339289371,ridge,SDU,raw_candidate
SDU/SDU_Battery_78,0.06494559623441118,ridge,SDU,raw_candidate
SDU/SDU_Battery_79,0.06424569033285715,ridge,SDU,raw_candidate
SDU/SDU_Battery_8,0.03771209785979459,ridge,SDU,raw_candidate
SDU/SDU_Battery_80,0.06236752935650341,ridge,SDU,raw_candidate
SDU/SDU_Battery_81,0.06832825855152798,ridge,SDU,raw_candidate
SDU/SDU_Battery_82,0.0623965426463322,ridge,SDU,raw_candidate
SDU/SDU_Battery_83,0.06954067064224272,ridge,SDU,raw_candidate
SDU/SDU_Battery_84,0.07495756596048134,ridge,SDU,raw_candidate
SDU/SDU_Battery_85,0.074332788405494,ridge,SDU,raw_candidate
SDU/SDU_Battery_86,0.07528297225423759,ridge,SDU,raw_candidate
SDU/SDU_Battery_9,0.05706110365103198,ridge,SDU,raw_candidate
SNL/SNL_18650_LFP_15C_0-100_0.5-2C_b,0.05698864654078048,ridge,SNL,protected_state
SNL/SNL_18650_LFP_25C_0-100_0.5-0.5C_a,0.11140243030827394,ridge,SNL,protected_state
SNL/SNL_18650_LFP_25C_0-100_0.5-1C_a,0.08603930911704485,ridge,SNL,protected_state
SNL/SNL_18650_LFP_25C_0-100_0.5-1C_b,0.07793708366882424,ridge,SNL,protected_state
SNL/SNL_18650_LFP_25C_0-100_0.5-1C_c,0.09009517742708452,ridge,SNL,protected_state
SNL/SNL_18650_LFP_25C_0-100_0.5-1C_d,0.08257979447446633,ridge,SNL,protected_state
SNL/SNL_18650_LFP_25C_0-100_0.5-2C_a,0.0821735516241787,ridge,SNL,protected_state
SNL/SNL_18650_LFP_25C_0-100_0.5-2C_b,0.0607112755499286,ridge,SNL,protected_state
SNL/SNL_18650_LFP_25C_0-100_0.5-3C_a,0.07627109869489246,ridge,SNL,protected_state
SNL/SNL_18650_LFP_25C_0-100_0.5-3C_b,0.06947942356047157,ridge,SNL,protected_state
SNL/SNL_18650_LFP_25C_0-100_0.5-3C_c,0.07529550526689506,ridge,SNL,protected_state
SNL/SNL_18650_LFP_25C_0-100_0.5-3C_d,0.07416605065234676,ridge,SNL,protected_state
SNL/SNL_18650_LFP_35C_0-100_0.5-1C_a,0.15927228542009994,ridge,SNL,protected_state
SNL/SNL_18650_LFP_35C_0-100_0.5-1C_b,0.1525632393120834,ridge,SNL,protected_state
SNL/SNL_18650_LFP_35C_0-100_0.5-1C_c,0.16219234697222748,ridge,SNL,protected_state
SNL/SNL_18650_LFP_35C_0-100_0.5-1C_d,0.15568608163000813,ridge,SNL,protected_state
SNL/SNL_18650_LFP_35C_0-100_0.5-2C_a,0.12166916237511728,ridge,SNL,protected_state
SNL/SNL_18650_LFP_35C_0-100_0.5-2C_b,0.1386137050231088,ridge,SNL,protected_state
SNL/SNL_18650_NCA_15C_0-100_0.5-1C_a,0.04627557181045471,ridge,SNL,protected_state
SNL/SNL_18650_NCA_15C_0-100_0.5-1C_b,0.06916492267649435,ridge,SNL,protected_state
SNL/SNL_18650_NCA_15C_0-100_0.5-2C_a,0.09812603132232404,ridge,SNL,protected_state
SNL/SNL_18650_NCA_15C_0-100_0.5-2C_b,0.07297519395836184,ridge,SNL,protected_state
SNL/SNL_18650_NCA_25C_0-100_0.5-0.5C_a,0.10176202614673004,ridge,SNL,protected_state
SNL/SNL_18650_NCA_25C_0-100_0.5-0.5C_b,0.27583182174111776,ridge,SNL,protected_state
SNL/SNL_18650_NCA_25C_0-100_0.5-1C_a,0.030188230014497077,ridge,SNL,protected_state
SNL/SNL_18650_NCA_25C_0-100_0.5-1C_b,0.06587941468995623,ridge,SNL,protected_state
SNL/SNL_18650_NCA_25C_0-100_0.5-1C_c,0.04961567779293054,ridge,SNL,protected_state
SNL/SNL_18650_NCA_25C_0-100_0.5-1C_d,0.05376261156613523,ridge,SNL,protected_state
SNL/SNL_18650_NCA_25C_0-100_0.5-2C_a,0.04853883869352662,ridge,SNL,protected_state
SNL/SNL_18650_NCA_25C_0-100_0.5-2C_b,0.03917822555643436,ridge,SNL,protected_state
SNL/SNL_18650_NCA_25C_20-80_0.5-0.5C_a,0.08427981955833222,ridge,SNL,protected_state
SNL/SNL_18650_NCA_25C_20-80_0.5-0.5C_b,0.043640546020862835,ridge,SNL,protected_state
SNL/SNL_18650_NCA_25C_20-80_0.5-0.5C_c,0.0633424703963364,ridge,SNL,protected_state
SNL/SNL_18650_NCA_25C_20-80_0.5-0.5C_d,0.06555619348122749,ridge,SNL,protected_state
SNL/SNL_18650_NCA_35C_0-100_0.5-1C_a,0.06230756980639562,ridge,SNL,protected_state
SNL/SNL_18650_NCA_35C_0-100_0.5-1C_b,0.0767706251299291,ridge,SNL,protected_state
SNL/SNL_18650_NCA_35C_0-100_0.5-1C_c,0.09846829192211935,ridge,SNL,protected_state
SNL/SNL_18650_NCA_35C_0-100_0.5-1C_d,0.08689207609503126,ridge,SNL,protected_state
SNL/SNL_18650_NCA_35C_0-100_0.5-2C_a,0.10269957586983754,ridge,SNL,protected_state
SNL/SNL_18650_NCA_35C_0-100_0.5-2C_b,0.08537586208227212,ridge,SNL,protected_state
SNL/SNL_18650_NMC_15C_0-100_0.5-1C_a,0.20578058306549843,ridge,SNL,protected_state
SNL/SNL_18650_NMC_15C_0-100_0.5-1C_b,0.1437795840549011,ridge,SNL,protected_state
SNL/SNL_18650_NMC_15C_0-100_0.5-2C_a,0.11987176974190311,ridge,SNL,protected_state
SNL/SNL_18650_NMC_15C_0-100_0.5-2C_b,0.06378512037341798,ridge,SNL,protected_state
SNL/SNL_18650_NMC_25C_0-100_0.5-0.5C_b,0.1603267854063991,ridge,SNL,protected_state
SNL/SNL_18650_NMC_25C_0-100_0.5-1C_a,0.10402250594637669,ridge,SNL,protected_state
SNL/SNL_18650_NMC_25C_0-100_0.5-1C_b,0.08507824166510501,ridge,SNL,protected_state
SNL/SNL_18650_NMC_25C_0-100_0.5-1C_c,0.16317500621740022,ridge,SNL,protected_state
SNL/SNL_18650_NMC_25C_0-100_0.5-1C_d,0.12013037816162464,ridge,SNL,protected_state
SNL/SNL_18650_NMC_25C_0-100_0.5-2C_a,0.042767192255325825,ridge,SNL,protected_state
SNL/SNL_18650_NMC_25C_0-100_0.5-2C_b,0.04699177758585686,ridge,SNL,protected_state
SNL/SNL_18650_NMC_25C_0-100_0.5-3C_a,0.06368536608105206,ridge,SNL,protected_state
SNL/SNL_18650_NMC_25C_0-100_0.5-3C_b,0.07243716364718124,ridge,SNL,protected_state
SNL/SNL_18650_NMC_25C_0-100_0.5-3C_c,0.06796170826382751,ridge,SNL,protected_state
SNL/SNL_18650_NMC_25C_0-100_0.5-3C_d,0.0931431281567612,ridge,SNL,protected_state
SNL/SNL_18650_NMC_35C_0-100_0.5-1C_a,0.1034611811048735,ridge,SNL,protected_state
SNL/SNL_18650_NMC_35C_0-100_0.5-1C_b,0.09563283480557419,ridge,SNL,protected_state
SNL/SNL_18650_NMC_35C_0-100_0.5-1C_c,0.10440446218266944,ridge,SNL,protected_state
SNL/SNL_18650_NMC_35C_0-100_0.5-1C_d,0.10051669846489864,ridge,SNL,protected_state
SNL/SNL_18650_NMC_35C_0-100_0.5-2C_a,0.03473026700630155,ridge,SNL,protected_state
SNL/SNL_18650_NMC_35C_0-100_0.5-2C_b,0.06366972549796207,ridge,SNL,protected_state
SNL/SNL_18650_LFP_15C_0-100_0.5-2C_b,0.04879369930521834,ridge,SNL,pchp_method
SNL/SNL_18650_LFP_25C_0-100_0.5-0.5C_a,0.10140243030827394,ridge,SNL,pchp_method
SNL/SNL_18650_LFP_25C_0-100_0.5-1C_a,0.07603930911704485,ridge,SNL,pchp_method
SNL/SNL_18650_LFP_25C_0-100_0.5-1C_b,0.06793708366882424,ridge,SNL,pchp_method
SNL/SNL_18650_LFP_25C_0-100_0.5-1C_c,0.08009517742708451,ridge,SNL,pchp_method
SNL/SNL_18650_LFP_25C_0-100_0.5-1C_d,0.07257979447446633,ridge,SNL,pchp_method
SNL/SNL_18650_LFP_25C_0-100_0.5-2C_a,0.07217355826003638,ridge,SNL,pchp_method
SNL/SNL_18650_LFP_25C_0-100_0.5-2C_b,0.05071127554992859,ridge,SNL,pchp_method
SNL/SNL_18650_LFP_25C_0-100_0.5-3C_a,0.0794803523895418,ridge,SNL,pchp_method
SNL/SNL_18650_LFP_25C_0-100_0.5-3C_b,0.07398313205582305,ridge,SNL,pchp_method
SNL/SNL_18650_LFP_25C_0-100_0.5-3C_c,0.0795536694172726,ridge,SNL,pchp_method
SNL/SNL_18650_LFP_25C_0-100_0.5-3C_d,0.0782161194505202,ridge,SNL,pchp_method
SNL/SNL_18650_LFP_35C_0-100_0.5-1C_a,0.1492722854200999,ridge,SNL,pchp_method
SNL/SNL_18650_LFP_35C_0-100_0.5-1C_b,0.1425632393120834,ridge,SNL,pchp_method
SNL/SNL_18650_LFP_35C_0-100_0.5-1C_c,0.15219234697222747,ridge,SNL,pchp_method
SNL/SNL_18650_LFP_35C_0-100_0.5-1C_d,0.14568608163000815,ridge,SNL,pchp_method
SNL/SNL_18650_LFP_35C_0-100_0.5-2C_a,0.11166916237511727,ridge,SNL,pchp_method
SNL/SNL_18650_LFP_35C_0-100_0.5-2C_b,0.12861370502310876,ridge,SNL,pchp_method
SNL/SNL_18650_NCA_15C_0-100_0.5-1C_a,0.04775149968286554,ridge,SNL,pchp_method
SNL/SNL_18650_NCA_15C_0-100_0.5-1C_b,0.061298502402307296,ridge,SNL,pchp_method
SNL/SNL_18650_NCA_15C_0-100_0.5-2C_a,0.08984719662129616,ridge,SNL,pchp_method
SNL/SNL_18650_NCA_15C_0-100_0.5-2C_b,0.06628534358634623,ridge,SNL,pchp_method
SNL/SNL_18650_NCA_25C_0-100_0.5-0.5C_a,0.09176202614673003,ridge,SNL,pchp_method
SNL/SNL_18650_NCA_25C_0-100_0.5-0.5C_b,0.265867742241766,ridge,SNL,pchp_method
SNL/SNL_18650_NCA_25C_0-100_0.5-1C_a,0.024272302627990006,ridge,SNL,pchp_method
SNL/SNL_18650_NCA_25C_0-100_0.5-1C_b,0.057683446899695255,ridge,SNL,pchp_method
SNL/SNL_18650_NCA_25C_0-100_0.5-1C_c,0.05910390730761707,ridge,SNL,pchp_method
SNL/SNL_18650_NCA_25C_0-100_0.5-1C_d,0.04779588558405865,ridge,SNL,pchp_method
SNL/SNL_18650_NCA_25C_0-100_0.5-2C_a,0.04514836934020952,ridge,SNL,pchp_method
SNL/SNL_18650_NCA_25C_0-100_0.5-2C_b,0.03472455228682582,ridge,SNL,pchp_method
SNL/SNL_18650_NCA_25C_20-80_0.5-0.5C_a,0.0742890360542256,ridge,SNL,pchp_method
SNL/SNL_18650_NCA_25C_20-80_0.5-0.5C_b,0.034445645405981246,ridge,SNL,pchp_method
SNL/SNL_18650_NCA_25C_20-80_0.5-0.5C_c,0.05366074050435538,ridge,SNL,pchp_method
SNL/SNL_18650_NCA_25C_20-80_0.5-0.5C_d,0.055987632306968196,ridge,SNL,pchp_method
SNL/SNL_18650_NCA_35C_0-100_0.5-1C_a,0.062205369364298914,ridge,SNL,pchp_method
SNL/SNL_18650_NCA_35C_0-100_0.5-1C_b,0.06680914571945515,ridge,SNL,pchp_method
SNL/SNL_18650_NCA_35C_0-100_0.5-1C_c,0.08847328920849686,ridge,SNL,pchp_method
SNL/SNL_18650_NCA_35C_0-100_0.5-1C_d,0.07689401099565793,ridge,SNL,pchp_method
SNL/SNL_18650_NCA_35C_0-100_0.5-2C_a,0.09398480049181701,ridge,SNL,pchp_method
SNL/SNL_18650_NCA_35C_0-100_0.5-2C_b,0.07954447776949179,ridge,SNL,pchp_method
SNL/SNL_18650_NMC_15C_0-100_0.5-1C_a,0.19578058306549845,ridge,SNL,pchp_method
SNL/SNL_18650_NMC_15C_0-100_0.5-1C_b,0.13698656780544965,ridge,SNL,pchp_method
SNL/SNL_18650_NMC_15C_0-100_0.5-2C_a,0.1157816049666015,ridge,SNL,pchp_method
SNL/SNL_18650_NMC_15C_0-100_0.5-2C_b,0.06532140029707009,ridge,SNL,pchp_method
SNL/SNL_18650_NMC_25C_0-100_0.5-0.5C_b,0.15032678540639907,ridge,SNL,pchp_method
SNL/SNL_18650_NMC_25C_0-100_0.5-1C_a,0.09402250594637668,ridge,SNL,pchp_method
SNL/SNL_18650_NMC_25C_0-100_0.5-1C_b,0.07507824166510499,ridge,SNL,pchp_method
SNL/SNL_18650_NMC_25C_0-100_0.5-1C_c,0.1531750062174002,ridge,SNL,pchp_method
SNL/SNL_18650_NMC_25C_0-100_0.5-1C_d,0.11013037816162465,ridge,SNL,pchp_method
SNL/SNL_18650_NMC_25C_0-100_0.5-2C_a,0.03835400574584094,ridge,SNL,pchp_method
SNL/SNL_18650_NMC_25C_0-100_0.5-2C_b,0.03975449491803293,ridge,SNL,pchp_method
SNL/SNL_18650_NMC_25C_0-100_0.5-3C_a,0.05719631241718617,ridge,SNL,pchp_method
SNL/SNL_18650_NMC_25C_0-100_0.5-3C_b,0.06744148127634482,ridge,SNL,pchp_method
SNL/SNL_18650_NMC_25C_0-100_0.5-3C_c,0.06039893272457615,ridge,SNL,pchp_method
SNL/SNL_18650_NMC_25C_0-100_0.5-3C_d,0.08587423571955628,ridge,SNL,pchp_method
SNL/SNL_18650_NMC_35C_0-100_0.5-1C_a,0.09346118110487348,ridge,SNL,pchp_method
SNL/SNL_18650_NMC_35C_0-100_0.5-1C_b,0.08563283480557417,ridge,SNL,pchp_method
SNL/SNL_18650_NMC_35C_0-100_0.5-1C_c,0.09440446218266943,ridge,SNL,pchp_method
SNL/SNL_18650_NMC_35C_0-100_0.5-1C_d,0.09051759930187737,ridge,SNL,pchp_method
SNL/SNL_18650_NMC_35C_0-100_0.5-2C_a,0.0348230339928565,ridge,SNL,pchp_method
SNL/SNL_18650_NMC_35C_0-100_0.5-2C_b,0.06547160593717671,ridge,SNL,pchp_method
SNL/SNL_18650_LFP_15C_0-100_0.5-2C_b,0.0485645920313234,ridge,SNL,raw_candidate
SNL/SNL_18650_LFP_25C_0-100_0.5-0.5C_a,0.028080771453640598,ridge,SNL,raw_candidate
SNL/SNL_18650_LFP_25C_0-100_0.5-1C_a,0.011255478115005891,ridge,SNL,raw_candidate
SNL/SNL_18650_LFP_25C_0-100_0.5-1C_b,0.01400218386311014,ridge,SNL,raw_candidate
SNL/SNL_18650_LFP_25C_0-100_0.5-1C_c,0.014008515994847343,ridge,SNL,raw_candidate
SNL/SNL_18650_LFP_25C_0-100_0.5-1C_d,0.013712049102658976,ridge,SNL,raw_candidate
SNL/SNL_18650_LFP_25C_0-100_0.5-2C_a,0.023087827091400493,ridge,SNL,raw_candidate
SNL/SNL_18650_LFP_25C_0-100_0.5-2C_b,0.00885290086917748,ridge,SNL,raw_candidate
SNL/SNL_18650_LFP_25C_0-100_0.5-3C_a,0.10104765749363623,ridge,SNL,raw_candidate
SNL/SNL_18650_LFP_25C_0-100_0.5-3C_b,0.10922276773404085,ridge,SNL,raw_candidate
SNL/SNL_18650_LFP_25C_0-100_0.5-3C_c,0.12160564989811434,ridge,SNL,raw_candidate
SNL/SNL_18650_LFP_25C_0-100_0.5-3C_d,0.11323006145958177,ridge,SNL,raw_candidate
SNL/SNL_18650_LFP_35C_0-100_0.5-1C_a,0.01783216242570547,ridge,SNL,raw_candidate
SNL/SNL_18650_LFP_35C_0-100_0.5-1C_b,0.017876287872786875,ridge,SNL,raw_candidate
SNL/SNL_18650_LFP_35C_0-100_0.5-1C_c,0.023701234154035335,ridge,SNL,raw_candidate
SNL/SNL_18650_LFP_35C_0-100_0.5-1C_d,0.018625618974078724,ridge,SNL,raw_candidate
SNL/SNL_18650_LFP_35C_0-100_0.5-2C_a,0.029549360612000305,ridge,SNL,raw_candidate
SNL/SNL_18650_LFP_35C_0-100_0.5-2C_b,0.034484526391581304,ridge,SNL,raw_candidate
SNL/SNL_18650_NCA_15C_0-100_0.5-1C_a,0.05767636494341544,ridge,SNL,raw_candidate
SNL/SNL_18650_NCA_15C_0-100_0.5-1C_b,0.01858568161989785,ridge,SNL,raw_candidate
SNL/SNL_18650_NCA_15C_0-100_0.5-2C_a,0.12708785163514216,ridge,SNL,raw_candidate
SNL/SNL_18650_NCA_15C_0-100_0.5-2C_b,0.1181452748704679,ridge,SNL,raw_candidate
SNL/SNL_18650_NCA_25C_0-100_0.5-0.5C_a,0.02515191894829802,ridge,SNL,raw_candidate
SNL/SNL_18650_NCA_25C_0-100_0.5-0.5C_b,0.04928878389734972,ridge,SNL,raw_candidate
SNL/SNL_18650_NCA_25C_0-100_0.5-1C_a,0.01738967218329502,ridge,SNL,raw_candidate
SNL/SNL_18650_NCA_25C_0-100_0.5-1C_b,0.03863526515440904,ridge,SNL,raw_candidate
SNL/SNL_18650_NCA_25C_0-100_0.5-1C_c,0.09104456400930105,ridge,SNL,raw_candidate
SNL/SNL_18650_NCA_25C_0-100_0.5-1C_d,0.022740573343371914,ridge,SNL,raw_candidate
SNL/SNL_18650_NCA_25C_0-100_0.5-2C_a,0.052036005714719835,ridge,SNL,raw_candidate
SNL/SNL_18650_NCA_25C_0-100_0.5-2C_b,0.03965951604062918,ridge,SNL,raw_candidate
SNL/SNL_18650_NCA_25C_20-80_0.5-0.5C_a,0.044401390354722355,ridge,SNL,raw_candidate
SNL/SNL_18650_NCA_25C_20-80_0.5-0.5C_b,0.027835321112978532,ridge,SNL,raw_candidate
SNL/SNL_18650_NCA_25C_20-80_0.5-0.5C_c,0.03584283835473073,ridge,SNL,raw_candidate
SNL/SNL_18650_NCA_25C_20-80_0.5-0.5C_d,0.03704723644907975,ridge,SNL,raw_candidate
SNL/SNL_18650_NCA_35C_0-100_0.5-1C_a,0.06435172895790352,ridge,SNL,raw_candidate
SNL/SNL_18650_NCA_35C_0-100_0.5-1C_b,0.019311062010859418,ridge,SNL,raw_candidate
SNL/SNL_18650_NCA_35C_0-100_0.5-1C_c,0.033081952674495804,ridge,SNL,raw_candidate
SNL/SNL_18650_NCA_35C_0-100_0.5-1C_d,0.018343327546737693,ridge,SNL,raw_candidate
SNL/SNL_18650_NCA_35C_0-100_0.5-2C_a,0.06317297302549355,ridge,SNL,raw_candidate
SNL/SNL_18650_NCA_35C_0-100_0.5-2C_b,0.07445329842120732,ridge,SNL,raw_candidate
SNL/SNL_18650_NMC_15C_0-100_0.5-1C_a,0.07666264065498676,ridge,SNL,raw_candidate
SNL/SNL_18650_NMC_15C_0-100_0.5-1C_b,0.10577048758004463,ridge,SNL,raw_candidate
SNL/SNL_18650_NMC_15C_0-100_0.5-2C_a,0.10043635316643242,ridge,SNL,raw_candidate
SNL/SNL_18650_NMC_15C_0-100_0.5-2C_b,0.08528805393500966,ridge,SNL,raw_candidate
SNL/SNL_18650_NMC_25C_0-100_0.5-0.5C_b,0.016969216104465647,ridge,SNL,raw_candidate
SNL/SNL_18650_NMC_25C_0-100_0.5-1C_a,0.011407492193066778,ridge,SNL,raw_candidate
SNL/SNL_18650_NMC_25C_0-100_0.5-1C_b,0.0069194789892777706,ridge,SNL,raw_candidate
SNL/SNL_18650_NMC_25C_0-100_0.5-1C_c,0.037720400769369396,ridge,SNL,raw_candidate
SNL/SNL_18650_NMC_25C_0-100_0.5-1C_d,0.01362672194991547,ridge,SNL,raw_candidate
SNL/SNL_18650_NMC_25C_0-100_0.5-2C_a,0.039734059895916794,ridge,SNL,raw_candidate
SNL/SNL_18650_NMC_25C_0-100_0.5-2C_b,0.057289661576960665,ridge,SNL,raw_candidate
SNL/SNL_18650_NMC_25C_0-100_0.5-3C_a,0.036931113035067346,ridge,SNL,raw_candidate
SNL/SNL_18650_NMC_25C_0-100_0.5-3C_b,0.04444712136627453,ridge,SNL,raw_candidate
SNL/SNL_18650_NMC_25C_0-100_0.5-3C_c,0.02768971147712676,ridge,SNL,raw_candidate
SNL/SNL_18650_NMC_25C_0-100_0.5-3C_d,0.030851300134588186,ridge,SNL,raw_candidate
SNL/SNL_18650_NMC_35C_0-100_0.5-1C_a,0.1125840986882823,ridge,SNL,raw_candidate
SNL/SNL_18650_NMC_35C_0-100_0.5-1C_b,0.09658853653618212,ridge,SNL,raw_candidate
SNL/SNL_18650_NMC_35C_0-100_0.5-1C_c,0.1003715207359433,ridge,SNL,raw_candidate
SNL/SNL_18650_NMC_35C_0-100_0.5-1C_d,0.10012391710122923,ridge,SNL,raw_candidate
SNL/SNL_18650_NMC_35C_0-100_0.5-2C_a,0.08550773735786181,ridge,SNL,raw_candidate
SNL/SNL_18650_NMC_35C_0-100_0.5-2C_b,0.08682045174677704,ridge,SNL,raw_candidate
UL_PUR/UL-PUR_N10-EX9_18650_NCA_23C_0-100_0.5-0.5C_i,0.16049092975273013,ridge,UL_PUR,protected_state
UL_PUR/UL-PUR_N10-NA7_18650_NCA_23C_0-100_0.5-0.5C_g,0.10242658952060589,ridge,UL_PUR,protected_state
UL_PUR/UL-PUR_N10-OV8_18650_NCA_23C_0-100_0.5-0.5C_h,0.16298050619315307,ridge,UL_PUR,protected_state
UL_PUR/UL-PUR_N15-EX4_18650_NCA_23C_0-100_0.5-0.5C_d,0.08169968854397369,ridge,UL_PUR,protected_state
UL_PUR/UL-PUR_N15-NA10_18650_NCA_23C_0-100_0.5-0.5C_j,0.09066962665763202,ridge,UL_PUR,protected_state
UL_PUR/UL-PUR_N15-OV3_18650_NCA_23C_0-100_0.5-0.5C_c,0.07780789842953235,ridge,UL_PUR,protected_state
UL_PUR/UL-PUR_N20-EX2_18650_NCA_23C_0-100_0.5-0.5C_b,0.05274545038655724,ridge,UL_PUR,protected_state
UL_PUR/UL-PUR_N20-NA5_18650_NCA_23C_0-100_0.5-0.5C_e,0.10859351765119085,ridge,UL_PUR,protected_state
UL_PUR/UL-PUR_N20-NA6_18650_NCA_23C_0-100_0.5-0.5C_f,0.10672129197194659,ridge,UL_PUR,protected_state
UL_PUR/UL-PUR_N20-OV1_18650_NCA_23C_0-100_0.5-0.5C_a,0.059939005776329074,ridge,UL_PUR,protected_state
UL_PUR/UL-PUR_N10-EX9_18650_NCA_23C_0-100_0.5-0.5C_i,0.15049092975273012,ridge,UL_PUR,pchp_method
UL_PUR/UL-PUR_N10-NA7_18650_NCA_23C_0-100_0.5-0.5C_g,0.0924265895206059,ridge,UL_PUR,pchp_method
UL_PUR/UL-PUR_N10-OV8_18650_NCA_23C_0-100_0.5-0.5C_h,0.15298050619315307,ridge,UL_PUR,pchp_method
UL_PUR/UL-PUR_N15-EX4_18650_NCA_23C_0-100_0.5-0.5C_d,0.07169968854397368,ridge,UL_PUR,pchp_method
UL_PUR/UL-PUR_N15-NA10_18650_NCA_23C_0-100_0.5-0.5C_j,0.08066962665763201,ridge,UL_PUR,pchp_method
UL_PUR/UL-PUR_N15-OV3_18650_NCA_23C_0-100_0.5-0.5C_c,0.06783792373159367,ridge,UL_PUR,pchp_method
UL_PUR/UL-PUR_N20-EX2_18650_NCA_23C_0-100_0.5-0.5C_b,0.048823164820996044,ridge,UL_PUR,pchp_method
UL_PUR/UL-PUR_N20-NA5_18650_NCA_23C_0-100_0.5-0.5C_e,0.09859351765119084,ridge,UL_PUR,pchp_method
UL_PUR/UL-PUR_N20-NA6_18650_NCA_23C_0-100_0.5-0.5C_f,0.0967212919719466,ridge,UL_PUR,pchp_method
UL_PUR/UL-PUR_N20-OV1_18650_NCA_23C_0-100_0.5-0.5C_a,0.053868831369537934,ridge,UL_PUR,pchp_method
UL_PUR/UL-PUR_N10-EX9_18650_NCA_23C_0-100_0.5-0.5C_i,0.023604039372257572,ridge,UL_PUR,raw_candidate
UL_PUR/UL-PUR_N10-NA7_18650_NCA_23C_0-100_0.5-0.5C_g,0.034074291156782496,ridge,UL_PUR,raw_candidate
UL_PUR/UL-PUR_N10-OV8_18650_NCA_23C_0-100_0.5-0.5C_h,0.026435902111497458,ridge,UL_PUR,raw_candidate
UL_PUR/UL-PUR_N15-EX4_18650_NCA_23C_0-100_0.5-0.5C_d,0.05505527822829751,ridge,UL_PUR,raw_candidate
UL_PUR/UL-PUR_N15-NA10_18650_NCA_23C_0-100_0.5-0.5C_j,0.03977067885597724,ridge,UL_PUR,raw_candidate
UL_PUR/UL-PUR_N15-OV3_18650_NCA_23C_0-100_0.5-0.5C_c,0.06021589971017599,ridge,UL_PUR,raw_candidate
UL_PUR/UL-PUR_N20-EX2_18650_NCA_23C_0-100_0.5-0.5C_b,0.08429528580263551,ridge,UL_PUR,raw_candidate
UL_PUR/UL-PUR_N20-NA5_18650_NCA_23C_0-100_0.5-0.5C_e,0.05041759225742658,ridge,UL_PUR,raw_candidate
UL_PUR/UL-PUR_N20-NA6_18650_NCA_23C_0-100_0.5-0.5C_f,0.04862114798310501,ridge,UL_PUR,raw_candidate
UL_PUR/UL-PUR_N20-OV1_18650_NCA_23C_0-100_0.5-0.5C_a,0.07115359509304514,ridge,UL_PUR,raw_candidate
XJTU/XJTU_2C_battery-1,0.07146369182035088,ridge,XJTU,protected_state
XJTU/XJTU_2C_battery-2,0.07258118530079116,ridge,XJTU,protected_state
XJTU/XJTU_2C_battery-3,0.06631520039572227,ridge,XJTU,protected_state
XJTU/XJTU_2C_battery-4,0.07409035596769746,ridge,XJTU,protected_state
XJTU/XJTU_2C_battery-5,0.057738567984257826,ridge,XJTU,protected_state
XJTU/XJTU_2C_battery-6,0.05513653265571305,ridge,XJTU,protected_state
XJTU/XJTU_2C_battery-7,0.04581915136628907,ridge,XJTU,protected_state
XJTU/XJTU_2C_battery-8,0.07016303926430403,ridge,XJTU,protected_state
XJTU/XJTU_3C_battery-1,0.05325338979406216,ridge,XJTU,protected_state
XJTU/XJTU_3C_battery-10,0.033894402307894984,ridge,XJTU,protected_state
XJTU/XJTU_3C_battery-11,0.02401661232942593,ridge,XJTU,protected_state
XJTU/XJTU_3C_battery-12,0.055622617556379435,ridge,XJTU,protected_state
XJTU/XJTU_3C_battery-13,0.05712745300647109,ridge,XJTU,protected_state
XJTU/XJTU_3C_battery-14,0.03007315500985756,ridge,XJTU,protected_state
XJTU/XJTU_3C_battery-15,0.03621437622662604,ridge,XJTU,protected_state
XJTU/XJTU_3C_battery-2,0.05300762557083318,ridge,XJTU,protected_state
XJTU/XJTU_3C_battery-3,0.04450893409822095,ridge,XJTU,protected_state
XJTU/XJTU_3C_battery-4,0.05053964201702353,ridge,XJTU,protected_state
XJTU/XJTU_3C_battery-5,0.048773902646821216,ridge,XJTU,protected_state
XJTU/XJTU_3C_battery-6,0.0628759865188281,ridge,XJTU,protected_state
XJTU/XJTU_3C_battery-7,0.046292755801767387,ridge,XJTU,protected_state
XJTU/XJTU_3C_battery-8,0.053091868655210005,ridge,XJTU,protected_state
XJTU/XJTU_3C_battery-9,0.072247804420653,ridge,XJTU,protected_state
XJTU/XJTU_2C_battery-1,0.06877570698840495,ridge,XJTU,pchp_method
XJTU/XJTU_2C_battery-2,0.06974528442506821,ridge,XJTU,pchp_method
XJTU/XJTU_2C_battery-3,0.06513803001689868,ridge,XJTU,pchp_method
XJTU/XJTU_2C_battery-4,0.07149561157272619,ridge,XJTU,pchp_method
XJTU/XJTU_2C_battery-5,0.05802888791927522,ridge,XJTU,pchp_method
XJTU/XJTU_2C_battery-6,0.0582467852387123,ridge,XJTU,pchp_method
XJTU/XJTU_2C_battery-7,0.04768891645383627,ridge,XJTU,pchp_method
XJTU/XJTU_2C_battery-8,0.06850922380226672,ridge,XJTU,pchp_method
XJTU/XJTU_3C_battery-1,0.05661364879845972,ridge,XJTU,pchp_method
XJTU/XJTU_3C_battery-10,0.041254726130833336,ridge,XJTU,pchp_method
XJTU/XJTU_3C_battery-11,0.030091896666010896,ridge,XJTU,pchp_method
XJTU/XJTU_3C_battery-12,0.05862594172647178,ridge,XJTU,pchp_method
XJTU/XJTU_3C_battery-13,0.06072118168461008,ridge,XJTU,pchp_method
XJTU/XJTU_3C_battery-14,0.036875490842925254,ridge,XJTU,pchp_method
XJTU/XJTU_3C_battery-15,0.04427113131624658,ridge,XJTU,pchp_method
XJTU/XJTU_3C_battery-2,0.05860480917394006,ridge,XJTU,pchp_method
XJTU/XJTU_3C_battery-3,0.05067584483155412,ridge,XJTU,pchp_method
XJTU/XJTU_3C_battery-4,0.05782272074370159,ridge,XJTU,pchp_method
XJTU/XJTU_3C_battery-5,0.053762465953130285,ridge,XJTU,pchp_method
XJTU/XJTU_3C_battery-6,0.06599257800013186,ridge,XJTU,pchp_method
XJTU/XJTU_3C_battery-7,0.05336394287945039,ridge,XJTU,pchp_method
XJTU/XJTU_3C_battery-8,0.05674537294599028,ridge,XJTU,pchp_method
XJTU/XJTU_3C_battery-9,0.07352064323967586,ridge,XJTU,pchp_method
XJTU/XJTU_2C_battery-1,0.06588129847982879,ridge,XJTU,raw_candidate
XJTU/XJTU_2C_battery-2,0.0668537183052848,ridge,XJTU,raw_candidate
XJTU/XJTU_2C_battery-3,0.0657134592816188,ridge,XJTU,raw_candidate
XJTU/XJTU_2C_battery-4,0.0676445973207043,ridge,XJTU,raw_candidate
XJTU/XJTU_2C_battery-5,0.06235098369530137,ridge,XJTU,raw_candidate
XJTU/XJTU_2C_battery-6,0.06791988847410603,ridge,XJTU,raw_candidate
XJTU/XJTU_2C_battery-7,0.05388711815710186,ridge,XJTU,raw_candidate
XJTU/XJTU_2C_battery-8,0.07059891604642693,ridge,XJTU,raw_candidate
XJTU/XJTU_3C_battery-1,0.07953925819430166,ridge,XJTU,raw_candidate
XJTU/XJTU_3C_battery-10,0.06484304960489012,ridge,XJTU,raw_candidate
XJTU/XJTU_3C_battery-11,0.05360093995977552,ridge,XJTU,raw_candidate
XJTU/XJTU_3C_battery-12,0.07594583609076938,ridge,XJTU,raw_candidate
XJTU/XJTU_3C_battery-13,0.07917592169015858,ridge,XJTU,raw_candidate
XJTU/XJTU_3C_battery-14,0.06541114247578966,ridge,XJTU,raw_candidate
XJTU/XJTU_3C_battery-15,0.06939097517502983,ridge,XJTU,raw_candidate
XJTU/XJTU_3C_battery-2,0.08329174777327558,ridge,XJTU,raw_candidate
XJTU/XJTU_3C_battery-3,0.0860056196985793,ridge,XJTU,raw_candidate
XJTU/XJTU_3C_battery-4,0.09813684309504773,ridge,XJTU,raw_candidate
XJTU/XJTU_3C_battery-5,0.08050246126731533,ridge,XJTU,raw_candidate
XJTU/XJTU_3C_battery-6,0.08884772160933624,ridge,XJTU,raw_candidate
XJTU/XJTU_3C_battery-7,0.1008366823225567,ridge,XJTU,raw_candidate
XJTU/XJTU_3C_battery-8,0.07525746102659638,ridge,XJTU,raw_candidate
XJTU/XJTU_3C_battery-9,0.08663548730247292,ridge,XJTU,raw_candidate
